<?xml version="1.0" encoding="UTF-8"?>
<gpx creator="StravaGPX" version="1.1" xmlns="http://www.topografix.com/GPX/1/1" xmlns:xsi="http://www.w3.org/2001/XMLSchema-instance" xsi:schemaLocation="http://www.topografix.com/GPX/1/1 http://www.topografix.com/GPX/1/1/gpx.xsd">
 <metadata>
  <time>2026-08-02T05:50:28Z</time>
 </metadata>
 <trk>
  <name>Afternoon Run</name>
  <type>running</type>
  <trkseg>
   <trkpt lat="22.7371370" lon="120.3303950">
    <ele>19.9</ele>
    <time>2026-08-02T05:50:28Z</time>
   </trkpt>
   <trkpt lat="22.7371410" lon="120.3303990">
    <ele>19.9</ele>
    <time>2026-08-02T05:50:29Z</time>
   </trkpt>
   <trkpt lat="22.7371440" lon="120.3303990">
    <ele>19.9</ele>
    <time>2026-08-02T05:50:31Z</time>
   </trkpt>
   <trkpt lat="22.7371440" lon="120.3303980">
    <ele>19.9</ele>
    <time>2026-08-02T05:50:33Z</time>
   </trkpt>
   <trkpt lat="22.7371450" lon="120.3303980">
    <ele>19.9</ele>
    <time>2026-08-02T05:50:35Z</time>
   </trkpt>
   <trkpt lat="22.7371490" lon="120.3303920">
    <ele>19.9</ele>
    <time>2026-08-02T05:50:36Z</time>
   </trkpt>
   <trkpt lat="22.7371520" lon="120.3303860">
    <ele>19.9</ele>
    <time>2026-08-02T05:50:38Z</time>
   </trkpt>
   <trkpt lat="22.7371540" lon="120.3303820">
    <ele>19.9</ele>
    <time>2026-08-02T05:50:39Z</time>
   </trkpt>
   <trkpt lat="22.7371580" lon="120.3303790">
    <ele>19.9</ele>
    <time>2026-08-02T05:50:40Z</time>
   </trkpt>
   <trkpt lat="22.7371620" lon="120.3303740">
    <ele>19.9</ele>
    <time>2026-08-02T05:50:41Z</time>
   </trkpt>
   <trkpt lat="22.7371790" lon="120.3303590">
    <ele>19.9</ele>
    <time>2026-08-02T05:50:42Z</time>
   </trkpt>
   <trkpt lat="22.7372020" lon="120.3303750">
    <ele>19.8</ele>
    <time>2026-08-02T05:50:44Z</time>
   </trkpt>
   <trkpt lat="22.7372140" lon="120.3303850">
    <ele>19.8</ele>
    <time>2026-08-02T05:50:45Z</time>
   </trkpt>
   <trkpt lat="22.7372220" lon="120.3303910">
    <ele>19.8</ele>
    <time>2026-08-02T05:50:46Z</time>
   </trkpt>
   <trkpt lat="22.7372240" lon="120.3303950">
    <ele>19.8</ele>
    <time>2026-08-02T05:50:47Z</time>
   </trkpt>
   <trkpt lat="22.7372230" lon="120.3303980">
    <ele>19.8</ele>
    <time>2026-08-02T05:50:48Z</time>
   </trkpt>
   <trkpt lat="22.7372220" lon="120.3303970">
    <ele>19.8</ele>
    <time>2026-08-02T05:50:49Z</time>
   </trkpt>
   <trkpt lat="22.7372180" lon="120.3303900">
    <ele>19.8</ele>
    <time>2026-08-02T05:50:50Z</time>
   </trkpt>
   <trkpt lat="22.7372160" lon="120.3303880">
    <ele>19.8</ele>
    <time>2026-08-02T05:50:51Z</time>
   </trkpt>
   <trkpt lat="22.7372170" lon="120.3303890">
    <ele>19.8</ele>
    <time>2026-08-02T05:50:52Z</time>
   </trkpt>
   <trkpt lat="22.7372190" lon="120.3303920">
    <ele>19.8</ele>
    <time>2026-08-02T05:50:53Z</time>
   </trkpt>
   <trkpt lat="22.7372210" lon="120.3303930">
    <ele>19.8</ele>
    <time>2026-08-02T05:50:54Z</time>
   </trkpt>
   <trkpt lat="22.7372240" lon="120.3303940">
    <ele>19.8</ele>
    <time>2026-08-02T05:50:55Z</time>
   </trkpt>
   <trkpt lat="22.7372230" lon="120.3303970">
    <ele>19.8</ele>
    <time>2026-08-02T05:50:56Z</time>
   </trkpt>
   <trkpt lat="22.7372200" lon="120.3303950">
    <ele>19.8</ele>
    <time>2026-08-02T05:50:58Z</time>
   </trkpt>
   <trkpt lat="22.7372150" lon="120.3303880">
    <ele>19.8</ele>
    <time>2026-08-02T05:51:00Z</time>
   </trkpt>
   <trkpt lat="22.7372110" lon="120.3303740">
    <ele>19.8</ele>
    <time>2026-08-02T05:51:01Z</time>
   </trkpt>
   <trkpt lat="22.7372190" lon="120.3303690">
    <ele>19.8</ele>
    <time>2026-08-02T05:51:02Z</time>
   </trkpt>
   <trkpt lat="22.7372330" lon="120.3303530">
    <ele>19.8</ele>
    <time>2026-08-02T05:51:03Z</time>
   </trkpt>
   <trkpt lat="22.7372420" lon="120.3303280">
    <ele>19.8</ele>
    <time>2026-08-02T05:51:05Z</time>
   </trkpt>
   <trkpt lat="22.7372400" lon="120.3303160">
    <ele>19.8</ele>
    <time>2026-08-02T05:51:07Z</time>
   </trkpt>
   <trkpt lat="22.7372370" lon="120.3303050">
    <ele>19.8</ele>
    <time>2026-08-02T05:51:08Z</time>
   </trkpt>
   <trkpt lat="22.7372250" lon="120.3303060">
    <ele>19.8</ele>
    <time>2026-08-02T05:51:09Z</time>
   </trkpt>
   <trkpt lat="22.7372180" lon="120.3303030">
    <ele>19.8</ele>
    <time>2026-08-02T05:51:10Z</time>
   </trkpt>
   <trkpt lat="22.7372370" lon="120.3302860">
    <ele>19.8</ele>
    <time>2026-08-02T05:51:11Z</time>
   </trkpt>
   <trkpt lat="22.7372500" lon="120.3302760">
    <ele>19.8</ele>
    <time>2026-08-02T05:51:12Z</time>
   </trkpt>
   <trkpt lat="22.7372550" lon="120.3302720">
    <ele>19.8</ele>
    <time>2026-08-02T05:51:13Z</time>
   </trkpt>
   <trkpt lat="22.7372660" lon="120.3302650">
    <ele>19.8</ele>
    <time>2026-08-02T05:51:14Z</time>
   </trkpt>
   <trkpt lat="22.7372590" lon="120.3302730">
    <ele>19.8</ele>
    <time>2026-08-02T05:51:15Z</time>
   </trkpt>
   <trkpt lat="22.7372870" lon="120.3302560">
    <ele>19.8</ele>
    <time>2026-08-02T05:51:16Z</time>
   </trkpt>
   <trkpt lat="22.7373170" lon="120.3302450">
    <ele>19.8</ele>
    <time>2026-08-02T05:51:18Z</time>
   </trkpt>
   <trkpt lat="22.7373330" lon="120.3302420">
    <ele>19.8</ele>
    <time>2026-08-02T05:51:19Z</time>
   </trkpt>
   <trkpt lat="22.7373480" lon="120.3302400">
    <ele>19.8</ele>
    <time>2026-08-02T05:51:20Z</time>
   </trkpt>
   <trkpt lat="22.7373720" lon="120.3302400">
    <ele>19.8</ele>
    <time>2026-08-02T05:51:21Z</time>
   </trkpt>
   <trkpt lat="22.7374140" lon="120.3302410">
    <ele>19.8</ele>
    <time>2026-08-02T05:51:23Z</time>
   </trkpt>
   <trkpt lat="22.7374280" lon="120.3302480">
    <ele>19.8</ele>
    <time>2026-08-02T05:51:25Z</time>
   </trkpt>
   <trkpt lat="22.7374370" lon="120.3302560">
    <ele>19.8</ele>
    <time>2026-08-02T05:51:26Z</time>
   </trkpt>
   <trkpt lat="22.7374500" lon="120.3302710">
    <ele>19.8</ele>
    <time>2026-08-02T05:51:27Z</time>
   </trkpt>
   <trkpt lat="22.7374660" lon="120.3302720">
    <ele>19.8</ele>
    <time>2026-08-02T05:51:29Z</time>
   </trkpt>
   <trkpt lat="22.7374740" lon="120.3302720">
    <ele>19.8</ele>
    <time>2026-08-02T05:51:30Z</time>
   </trkpt>
   <trkpt lat="22.7374820" lon="120.3302720">
    <ele>19.8</ele>
    <time>2026-08-02T05:51:31Z</time>
   </trkpt>
   <trkpt lat="22.7374900" lon="120.3302720">
    <ele>19.9</ele>
    <time>2026-08-02T05:51:32Z</time>
   </trkpt>
   <trkpt lat="22.7374970" lon="120.3302730">
    <ele>19.9</ele>
    <time>2026-08-02T05:51:33Z</time>
   </trkpt>
   <trkpt lat="22.7375130" lon="120.3302730">
    <ele>19.9</ele>
    <time>2026-08-02T05:51:35Z</time>
   </trkpt>
   <trkpt lat="22.7375290" lon="120.3302740">
    <ele>19.9</ele>
    <time>2026-08-02T05:51:37Z</time>
   </trkpt>
   <trkpt lat="22.7375370" lon="120.3302740">
    <ele>19.9</ele>
    <time>2026-08-02T05:51:38Z</time>
   </trkpt>
   <trkpt lat="22.7375700" lon="120.3302950">
    <ele>19.9</ele>
    <time>2026-08-02T05:51:40Z</time>
   </trkpt>
   <trkpt lat="22.7375810" lon="120.3302990">
    <ele>19.9</ele>
    <time>2026-08-02T05:51:42Z</time>
   </trkpt>
   <trkpt lat="22.7375870" lon="120.3303140">
    <ele>19.9</ele>
    <time>2026-08-02T05:51:43Z</time>
   </trkpt>
   <trkpt lat="22.7375990" lon="120.3303410">
    <ele>19.9</ele>
    <time>2026-08-02T05:51:44Z</time>
   </trkpt>
   <trkpt lat="22.7376080" lon="120.3303570">
    <ele>20.0</ele>
    <time>2026-08-02T05:51:46Z</time>
   </trkpt>
   <trkpt lat="22.7376150" lon="120.3303720">
    <ele>20.0</ele>
    <time>2026-08-02T05:51:47Z</time>
   </trkpt>
   <trkpt lat="22.7376170" lon="120.3303870">
    <ele>20.0</ele>
    <time>2026-08-02T05:51:48Z</time>
   </trkpt>
   <trkpt lat="22.7376220" lon="120.3303970">
    <ele>20.0</ele>
    <time>2026-08-02T05:51:49Z</time>
   </trkpt>
   <trkpt lat="22.7376300" lon="120.3304070">
    <ele>20.0</ele>
    <time>2026-08-02T05:51:50Z</time>
   </trkpt>
   <trkpt lat="22.7376430" lon="120.3304280">
    <ele>20.0</ele>
    <time>2026-08-02T05:51:51Z</time>
   </trkpt>
   <trkpt lat="22.7376490" lon="120.3304560">
    <ele>20.0</ele>
    <time>2026-08-02T05:51:53Z</time>
   </trkpt>
   <trkpt lat="22.7376490" lon="120.3304560">
    <ele>20.0</ele>
    <time>2026-08-02T05:51:55Z</time>
   </trkpt>
   <trkpt lat="22.7376490" lon="120.3304560">
    <ele>20.0</ele>
    <time>2026-08-02T05:51:56Z</time>
   </trkpt>
   <trkpt lat="22.7376490" lon="120.3304560">
    <ele>20.0</ele>
    <time>2026-08-02T05:51:57Z</time>
   </trkpt>
   <trkpt lat="22.7376490" lon="120.3304560">
    <ele>20.0</ele>
    <time>2026-08-02T05:51:59Z</time>
   </trkpt>
   <trkpt lat="22.7376490" lon="120.3304560">
    <ele>20.0</ele>
    <time>2026-08-02T05:52:00Z</time>
   </trkpt>
   <trkpt lat="22.7376490" lon="120.3304560">
    <ele>20.0</ele>
    <time>2026-08-02T05:52:01Z</time>
   </trkpt>
   <trkpt lat="22.7376490" lon="120.3304560">
    <ele>20.0</ele>
    <time>2026-08-02T05:52:02Z</time>
   </trkpt>
   <trkpt lat="22.7376490" lon="120.3304560">
    <ele>20.0</ele>
    <time>2026-08-02T05:52:03Z</time>
   </trkpt>
   <trkpt lat="22.7376490" lon="120.3304560">
    <ele>20.0</ele>
    <time>2026-08-02T05:52:04Z</time>
   </trkpt>
   <trkpt lat="22.7376490" lon="120.3304560">
    <ele>20.0</ele>
    <time>2026-08-02T05:52:05Z</time>
   </trkpt>
   <trkpt lat="22.7376490" lon="120.3304560">
    <ele>20.0</ele>
    <time>2026-08-02T05:52:06Z</time>
   </trkpt>
   <trkpt lat="22.7376490" lon="120.3304560">
    <ele>20.0</ele>
    <time>2026-08-02T05:52:07Z</time>
   </trkpt>
   <trkpt lat="22.7376490" lon="120.3304560">
    <ele>20.0</ele>
    <time>2026-08-02T05:52:08Z</time>
   </trkpt>
   <trkpt lat="22.7376490" lon="120.3304560">
    <ele>20.0</ele>
    <time>2026-08-02T05:52:09Z</time>
   </trkpt>
   <trkpt lat="22.7376490" lon="120.3304560">
    <ele>20.0</ele>
    <time>2026-08-02T05:52:10Z</time>
   </trkpt>
   <trkpt lat="22.7376490" lon="120.3304560">
    <ele>20.0</ele>
    <time>2026-08-02T05:52:11Z</time>
   </trkpt>
   <trkpt lat="22.7376490" lon="120.3304560">
    <ele>20.0</ele>
    <time>2026-08-02T05:52:12Z</time>
   </trkpt>
   <trkpt lat="22.7376490" lon="120.3304560">
    <ele>20.0</ele>
    <time>2026-08-02T05:52:14Z</time>
   </trkpt>
   <trkpt lat="22.7376490" lon="120.3304560">
    <ele>20.0</ele>
    <time>2026-08-02T05:52:15Z</time>
   </trkpt>
   <trkpt lat="22.7376490" lon="120.3304560">
    <ele>20.0</ele>
    <time>2026-08-02T05:52:16Z</time>
   </trkpt>
   <trkpt lat="22.7376490" lon="120.3304560">
    <ele>20.0</ele>
    <time>2026-08-02T05:52:17Z</time>
   </trkpt>
   <trkpt lat="22.7376490" lon="120.3304560">
    <ele>20.0</ele>
    <time>2026-08-02T05:52:18Z</time>
   </trkpt>
   <trkpt lat="22.7376490" lon="120.3304560">
    <ele>20.0</ele>
    <time>2026-08-02T05:52:19Z</time>
   </trkpt>
   <trkpt lat="22.7376490" lon="120.3304560">
    <ele>20.0</ele>
    <time>2026-08-02T05:52:20Z</time>
   </trkpt>
   <trkpt lat="22.7376490" lon="120.3304560">
    <ele>20.0</ele>
    <time>2026-08-02T05:52:22Z</time>
   </trkpt>
   <trkpt lat="22.7376490" lon="120.3304560">
    <ele>20.0</ele>
    <time>2026-08-02T05:52:23Z</time>
   </trkpt>
   <trkpt lat="22.7376550" lon="120.3304860">
    <ele>20.0</ele>
    <time>2026-08-02T05:52:24Z</time>
   </trkpt>
   <trkpt lat="22.7376550" lon="120.3304860">
    <ele>20.0</ele>
    <time>2026-08-02T05:52:25Z</time>
   </trkpt>
   <trkpt lat="22.7376550" lon="120.3304860">
    <ele>20.0</ele>
    <time>2026-08-02T05:52:26Z</time>
   </trkpt>
   <trkpt lat="22.7376620" lon="120.3305230">
    <ele>20.0</ele>
    <time>2026-08-02T05:52:27Z</time>
   </trkpt>
   <trkpt lat="22.7376690" lon="120.3305550">
    <ele>20.0</ele>
    <time>2026-08-02T05:52:29Z</time>
   </trkpt>
   <trkpt lat="22.7376720" lon="120.3305710">
    <ele>20.0</ele>
    <time>2026-08-02T05:52:30Z</time>
   </trkpt>
   <trkpt lat="22.7376650" lon="120.3305820">
    <ele>20.0</ele>
    <time>2026-08-02T05:52:31Z</time>
   </trkpt>
   <trkpt lat="22.7376510" lon="120.3305900">
    <ele>19.9</ele>
    <time>2026-08-02T05:52:33Z</time>
   </trkpt>
   <trkpt lat="22.7376450" lon="120.3305980">
    <ele>19.9</ele>
    <time>2026-08-02T05:52:35Z</time>
   </trkpt>
   <trkpt lat="22.7376410" lon="120.3306050">
    <ele>19.9</ele>
    <time>2026-08-02T05:52:36Z</time>
   </trkpt>
   <trkpt lat="22.7376420" lon="120.3306130">
    <ele>19.9</ele>
    <time>2026-08-02T05:52:37Z</time>
   </trkpt>
   <trkpt lat="22.7376470" lon="120.3306170">
    <ele>19.9</ele>
    <time>2026-08-02T05:52:38Z</time>
   </trkpt>
   <trkpt lat="22.7376520" lon="120.3306160">
    <ele>19.9</ele>
    <time>2026-08-02T05:52:39Z</time>
   </trkpt>
   <trkpt lat="22.7376620" lon="120.3306090">
    <ele>19.9</ele>
    <time>2026-08-02T05:52:40Z</time>
   </trkpt>
   <trkpt lat="22.7376640" lon="120.3306060">
    <ele>19.9</ele>
    <time>2026-08-02T05:52:42Z</time>
   </trkpt>
   <trkpt lat="22.7376650" lon="120.3306100">
    <ele>19.9</ele>
    <time>2026-08-02T05:52:43Z</time>
   </trkpt>
   <trkpt lat="22.7376700" lon="120.3306180">
    <ele>19.8</ele>
    <time>2026-08-02T05:52:45Z</time>
   </trkpt>
   <trkpt lat="22.7376760" lon="120.3306200">
    <ele>19.8</ele>
    <time>2026-08-02T05:52:46Z</time>
   </trkpt>
   <trkpt lat="22.7376770" lon="120.3306200">
    <ele>19.8</ele>
    <time>2026-08-02T05:52:48Z</time>
   </trkpt>
   <trkpt lat="22.7376780" lon="120.3306220">
    <ele>19.8</ele>
    <time>2026-08-02T05:52:49Z</time>
   </trkpt>
   <trkpt lat="22.7376780" lon="120.3306240">
    <ele>19.8</ele>
    <time>2026-08-02T05:52:51Z</time>
   </trkpt>
   <trkpt lat="22.7376780" lon="120.3306260">
    <ele>19.8</ele>
    <time>2026-08-02T05:52:52Z</time>
   </trkpt>
   <trkpt lat="22.7376850" lon="120.3306320">
    <ele>19.8</ele>
    <time>2026-08-02T05:52:53Z</time>
   </trkpt>
   <trkpt lat="22.7376880" lon="120.3306370">
    <ele>19.8</ele>
    <time>2026-08-02T05:52:54Z</time>
   </trkpt>
   <trkpt lat="22.7376920" lon="120.3306410">
    <ele>19.8</ele>
    <time>2026-08-02T05:52:55Z</time>
   </trkpt>
   <trkpt lat="22.7376950" lon="120.3306430">
    <ele>19.8</ele>
    <time>2026-08-02T05:52:56Z</time>
   </trkpt>
   <trkpt lat="22.7376970" lon="120.3306440">
    <ele>19.8</ele>
    <time>2026-08-02T05:52:57Z</time>
   </trkpt>
   <trkpt lat="22.7376980" lon="120.3306450">
    <ele>19.8</ele>
    <time>2026-08-02T05:52:58Z</time>
   </trkpt>
   <trkpt lat="22.7376990" lon="120.3306440">
    <ele>19.8</ele>
    <time>2026-08-02T05:52:59Z</time>
   </trkpt>
   <trkpt lat="22.7377030" lon="120.3306480">
    <ele>19.8</ele>
    <time>2026-08-02T05:53:00Z</time>
   </trkpt>
   <trkpt lat="22.7377040" lon="120.3306500">
    <ele>19.8</ele>
    <time>2026-08-02T05:53:01Z</time>
   </trkpt>
   <trkpt lat="22.7377050" lon="120.3306550">
    <ele>19.8</ele>
    <time>2026-08-02T05:53:02Z</time>
   </trkpt>
   <trkpt lat="22.7377060" lon="120.3306600">
    <ele>19.8</ele>
    <time>2026-08-02T05:53:03Z</time>
   </trkpt>
   <trkpt lat="22.7377090" lon="120.3306640">
    <ele>19.7</ele>
    <time>2026-08-02T05:53:04Z</time>
   </trkpt>
   <trkpt lat="22.7377100" lon="120.3306680">
    <ele>19.7</ele>
    <time>2026-08-02T05:53:05Z</time>
   </trkpt>
   <trkpt lat="22.7377140" lon="120.3306660">
    <ele>19.7</ele>
    <time>2026-08-02T05:53:07Z</time>
   </trkpt>
   <trkpt lat="22.7377160" lon="120.3306700">
    <ele>19.7</ele>
    <time>2026-08-02T05:53:08Z</time>
   </trkpt>
   <trkpt lat="22.7377150" lon="120.3306720">
    <ele>19.7</ele>
    <time>2026-08-02T05:53:10Z</time>
   </trkpt>
   <trkpt lat="22.7377160" lon="120.3306750">
    <ele>19.7</ele>
    <time>2026-08-02T05:53:11Z</time>
   </trkpt>
   <trkpt lat="22.7377170" lon="120.3306810">
    <ele>19.7</ele>
    <time>2026-08-02T05:53:12Z</time>
   </trkpt>
   <trkpt lat="22.7377250" lon="120.3306940">
    <ele>19.7</ele>
    <time>2026-08-02T05:53:13Z</time>
   </trkpt>
   <trkpt lat="22.7377290" lon="120.3307020">
    <ele>19.7</ele>
    <time>2026-08-02T05:53:14Z</time>
   </trkpt>
   <trkpt lat="22.7377370" lon="120.3307140">
    <ele>19.7</ele>
    <time>2026-08-02T05:53:15Z</time>
   </trkpt>
   <trkpt lat="22.7377410" lon="120.3307190">
    <ele>19.7</ele>
    <time>2026-08-02T05:53:16Z</time>
   </trkpt>
   <trkpt lat="22.7377430" lon="120.3307210">
    <ele>19.7</ele>
    <time>2026-08-02T05:53:17Z</time>
   </trkpt>
   <trkpt lat="22.7377430" lon="120.3307220">
    <ele>19.6</ele>
    <time>2026-08-02T05:53:18Z</time>
   </trkpt>
   <trkpt lat="22.7377420" lon="120.3307240">
    <ele>19.6</ele>
    <time>2026-08-02T05:53:19Z</time>
   </trkpt>
   <trkpt lat="22.7377480" lon="120.3307330">
    <ele>19.6</ele>
    <time>2026-08-02T05:53:20Z</time>
   </trkpt>
   <trkpt lat="22.7377470" lon="120.3307390">
    <ele>19.6</ele>
    <time>2026-08-02T05:53:21Z</time>
   </trkpt>
   <trkpt lat="22.7377460" lon="120.3307440">
    <ele>19.6</ele>
    <time>2026-08-02T05:53:22Z</time>
   </trkpt>
   <trkpt lat="22.7377500" lon="120.3307460">
    <ele>19.6</ele>
    <time>2026-08-02T05:53:23Z</time>
   </trkpt>
   <trkpt lat="22.7377520" lon="120.3307450">
    <ele>19.6</ele>
    <time>2026-08-02T05:53:24Z</time>
   </trkpt>
   <trkpt lat="22.7377530" lon="120.3307440">
    <ele>19.6</ele>
    <time>2026-08-02T05:53:25Z</time>
   </trkpt>
   <trkpt lat="22.7377600" lon="120.3307510">
    <ele>19.6</ele>
    <time>2026-08-02T05:53:26Z</time>
   </trkpt>
   <trkpt lat="22.7377610" lon="120.3307550">
    <ele>19.6</ele>
    <time>2026-08-02T05:53:28Z</time>
   </trkpt>
   <trkpt lat="22.7377650" lon="120.3307590">
    <ele>19.6</ele>
    <time>2026-08-02T05:53:29Z</time>
   </trkpt>
   <trkpt lat="22.7377690" lon="120.3307630">
    <ele>19.6</ele>
    <time>2026-08-02T05:53:30Z</time>
   </trkpt>
   <trkpt lat="22.7377750" lon="120.3307650">
    <ele>19.6</ele>
    <time>2026-08-02T05:53:31Z</time>
   </trkpt>
   <trkpt lat="22.7377780" lon="120.3307640">
    <ele>19.6</ele>
    <time>2026-08-02T05:53:32Z</time>
   </trkpt>
   <trkpt lat="22.7377840" lon="120.3307640">
    <ele>19.6</ele>
    <time>2026-08-02T05:53:33Z</time>
   </trkpt>
   <trkpt lat="22.7377860" lon="120.3307630">
    <ele>19.6</ele>
    <time>2026-08-02T05:53:34Z</time>
   </trkpt>
   <trkpt lat="22.7377890" lon="120.3307650">
    <ele>19.6</ele>
    <time>2026-08-02T05:53:35Z</time>
   </trkpt>
   <trkpt lat="22.7377910" lon="120.3307660">
    <ele>19.6</ele>
    <time>2026-08-02T05:53:36Z</time>
   </trkpt>
   <trkpt lat="22.7378030" lon="120.3307730">
    <ele>19.6</ele>
    <time>2026-08-02T05:53:37Z</time>
   </trkpt>
   <trkpt lat="22.7378170" lon="120.3307830">
    <ele>19.6</ele>
    <time>2026-08-02T05:53:39Z</time>
   </trkpt>
   <trkpt lat="22.7378210" lon="120.3307850">
    <ele>19.6</ele>
    <time>2026-08-02T05:53:40Z</time>
   </trkpt>
   <trkpt lat="22.7378210" lon="120.3307840">
    <ele>19.6</ele>
    <time>2026-08-02T05:53:42Z</time>
   </trkpt>
   <trkpt lat="22.7378370" lon="120.3307920">
    <ele>19.6</ele>
    <time>2026-08-02T05:53:43Z</time>
   </trkpt>
   <trkpt lat="22.7378500" lon="120.3308180">
    <ele>19.6</ele>
    <time>2026-08-02T05:53:44Z</time>
   </trkpt>
   <trkpt lat="22.7378540" lon="120.3308260">
    <ele>19.5</ele>
    <time>2026-08-02T05:53:45Z</time>
   </trkpt>
   <trkpt lat="22.7378570" lon="120.3308330">
    <ele>19.5</ele>
    <time>2026-08-02T05:53:46Z</time>
   </trkpt>
   <trkpt lat="22.7378630" lon="120.3308350">
    <ele>19.5</ele>
    <time>2026-08-02T05:53:48Z</time>
   </trkpt>
   <trkpt lat="22.7378660" lon="120.3308340">
    <ele>19.5</ele>
    <time>2026-08-02T05:53:49Z</time>
   </trkpt>
   <trkpt lat="22.7378670" lon="120.3308350">
    <ele>19.5</ele>
    <time>2026-08-02T05:53:50Z</time>
   </trkpt>
   <trkpt lat="22.7378660" lon="120.3308360">
    <ele>19.5</ele>
    <time>2026-08-02T05:53:52Z</time>
   </trkpt>
   <trkpt lat="22.7378620" lon="120.3308410">
    <ele>19.5</ele>
    <time>2026-08-02T05:53:53Z</time>
   </trkpt>
   <trkpt lat="22.7378590" lon="120.3308480">
    <ele>19.5</ele>
    <time>2026-08-02T05:53:54Z</time>
   </trkpt>
   <trkpt lat="22.7378560" lon="120.3308550">
    <ele>19.5</ele>
    <time>2026-08-02T05:53:55Z</time>
   </trkpt>
   <trkpt lat="22.7378550" lon="120.3308570">
    <ele>19.5</ele>
    <time>2026-08-02T05:53:57Z</time>
   </trkpt>
   <trkpt lat="22.7378540" lon="120.3308610">
    <ele>19.5</ele>
    <time>2026-08-02T05:53:58Z</time>
   </trkpt>
   <trkpt lat="22.7378520" lon="120.3308650">
    <ele>19.5</ele>
    <time>2026-08-02T05:53:59Z</time>
   </trkpt>
   <trkpt lat="22.7378540" lon="120.3308710">
    <ele>19.5</ele>
    <time>2026-08-02T05:54:00Z</time>
   </trkpt>
   <trkpt lat="22.7378540" lon="120.3308730">
    <ele>19.5</ele>
    <time>2026-08-02T05:54:01Z</time>
   </trkpt>
   <trkpt lat="22.7378540" lon="120.3308750">
    <ele>19.5</ele>
    <time>2026-08-02T05:54:02Z</time>
   </trkpt>
   <trkpt lat="22.7378520" lon="120.3308800">
    <ele>19.5</ele>
    <time>2026-08-02T05:54:03Z</time>
   </trkpt>
   <trkpt lat="22.7378520" lon="120.3308850">
    <ele>19.5</ele>
    <time>2026-08-02T05:54:04Z</time>
   </trkpt>
   <trkpt lat="22.7378520" lon="120.3308940">
    <ele>19.4</ele>
    <time>2026-08-02T05:54:05Z</time>
   </trkpt>
   <trkpt lat="22.7378600" lon="120.3309080">
    <ele>19.4</ele>
    <time>2026-08-02T05:54:06Z</time>
   </trkpt>
   <trkpt lat="22.7378680" lon="120.3309150">
    <ele>19.4</ele>
    <time>2026-08-02T05:54:07Z</time>
   </trkpt>
   <trkpt lat="22.7378620" lon="120.3309090">
    <ele>19.4</ele>
    <time>2026-08-02T05:54:08Z</time>
   </trkpt>
   <trkpt lat="22.7378550" lon="120.3309070">
    <ele>19.4</ele>
    <time>2026-08-02T05:54:10Z</time>
   </trkpt>
   <trkpt lat="22.7378470" lon="120.3309030">
    <ele>19.4</ele>
    <time>2026-08-02T05:54:12Z</time>
   </trkpt>
   <trkpt lat="22.7378410" lon="120.3308990">
    <ele>19.4</ele>
    <time>2026-08-02T05:54:13Z</time>
   </trkpt>
   <trkpt lat="22.7378340" lon="120.3308960">
    <ele>19.5</ele>
    <time>2026-08-02T05:54:14Z</time>
   </trkpt>
   <trkpt lat="22.7378270" lon="120.3308860">
    <ele>19.5</ele>
    <time>2026-08-02T05:54:15Z</time>
   </trkpt>
   <trkpt lat="22.7378320" lon="120.3308660">
    <ele>19.5</ele>
    <time>2026-08-02T05:54:17Z</time>
   </trkpt>
   <trkpt lat="22.7378370" lon="120.3308580">
    <ele>19.5</ele>
    <time>2026-08-02T05:54:19Z</time>
   </trkpt>
   <trkpt lat="22.7378350" lon="120.3308520">
    <ele>19.5</ele>
    <time>2026-08-02T05:54:20Z</time>
   </trkpt>
   <trkpt lat="22.7378450" lon="120.3308450">
    <ele>19.5</ele>
    <time>2026-08-02T05:54:21Z</time>
   </trkpt>
   <trkpt lat="22.7378490" lon="120.3308350">
    <ele>19.6</ele>
    <time>2026-08-02T05:54:22Z</time>
   </trkpt>
   <trkpt lat="22.7378640" lon="120.3308080">
    <ele>19.6</ele>
    <time>2026-08-02T05:54:23Z</time>
   </trkpt>
   <trkpt lat="22.7378630" lon="120.3307910">
    <ele>19.6</ele>
    <time>2026-08-02T05:54:25Z</time>
   </trkpt>
   <trkpt lat="22.7378550" lon="120.3307780">
    <ele>19.6</ele>
    <time>2026-08-02T05:54:26Z</time>
   </trkpt>
   <trkpt lat="22.7378490" lon="120.3307690">
    <ele>19.6</ele>
    <time>2026-08-02T05:54:27Z</time>
   </trkpt>
   <trkpt lat="22.7378470" lon="120.3307670">
    <ele>19.6</ele>
    <time>2026-08-02T05:54:29Z</time>
   </trkpt>
   <trkpt lat="22.7378480" lon="120.3307670">
    <ele>19.6</ele>
    <time>2026-08-02T05:54:30Z</time>
   </trkpt>
   <trkpt lat="22.7378500" lon="120.3307670">
    <ele>19.6</ele>
    <time>2026-08-02T05:54:31Z</time>
   </trkpt>
   <trkpt lat="22.7378500" lon="120.3307630">
    <ele>19.6</ele>
    <time>2026-08-02T05:54:32Z</time>
   </trkpt>
   <trkpt lat="22.7378510" lon="120.3307580">
    <ele>19.6</ele>
    <time>2026-08-02T05:54:33Z</time>
   </trkpt>
   <trkpt lat="22.7378560" lon="120.3307540">
    <ele>19.6</ele>
    <time>2026-08-02T05:54:34Z</time>
   </trkpt>
   <trkpt lat="22.7378590" lon="120.3307470">
    <ele>19.6</ele>
    <time>2026-08-02T05:54:35Z</time>
   </trkpt>
   <trkpt lat="22.7378620" lon="120.3307260">
    <ele>19.6</ele>
    <time>2026-08-02T05:54:36Z</time>
   </trkpt>
   <trkpt lat="22.7378630" lon="120.3307220">
    <ele>19.6</ele>
    <time>2026-08-02T05:54:38Z</time>
   </trkpt>
   <trkpt lat="22.7378590" lon="120.3307220">
    <ele>19.6</ele>
    <time>2026-08-02T05:54:39Z</time>
   </trkpt>
   <trkpt lat="22.7378530" lon="120.3307260">
    <ele>19.6</ele>
    <time>2026-08-02T05:54:40Z</time>
   </trkpt>
   <trkpt lat="22.7378530" lon="120.3307360">
    <ele>19.6</ele>
    <time>2026-08-02T05:54:41Z</time>
   </trkpt>
   <trkpt lat="22.7378590" lon="120.3307380">
    <ele>19.6</ele>
    <time>2026-08-02T05:54:42Z</time>
   </trkpt>
   <trkpt lat="22.7378640" lon="120.3307340">
    <ele>19.6</ele>
    <time>2026-08-02T05:54:43Z</time>
   </trkpt>
   <trkpt lat="22.7378570" lon="120.3307180">
    <ele>19.7</ele>
    <time>2026-08-02T05:54:44Z</time>
   </trkpt>
   <trkpt lat="22.7378420" lon="120.3307110">
    <ele>19.7</ele>
    <time>2026-08-02T05:54:46Z</time>
   </trkpt>
   <trkpt lat="22.7378330" lon="120.3307100">
    <ele>19.7</ele>
    <time>2026-08-02T05:54:47Z</time>
   </trkpt>
   <trkpt lat="22.7378290" lon="120.3307060">
    <ele>19.7</ele>
    <time>2026-08-02T05:54:48Z</time>
   </trkpt>
   <trkpt lat="22.7378270" lon="120.3307010">
    <ele>19.7</ele>
    <time>2026-08-02T05:54:49Z</time>
   </trkpt>
   <trkpt lat="22.7378240" lon="120.3306920">
    <ele>19.7</ele>
    <time>2026-08-02T05:54:50Z</time>
   </trkpt>
   <trkpt lat="22.7378190" lon="120.3306840">
    <ele>19.7</ele>
    <time>2026-08-02T05:54:51Z</time>
   </trkpt>
   <trkpt lat="22.7377970" lon="120.3306850">
    <ele>19.8</ele>
    <time>2026-08-02T05:54:52Z</time>
   </trkpt>
   <trkpt lat="22.7377840" lon="120.3306870">
    <ele>19.8</ele>
    <time>2026-08-02T05:54:53Z</time>
   </trkpt>
   <trkpt lat="22.7377750" lon="120.3306910">
    <ele>19.8</ele>
    <time>2026-08-02T05:54:54Z</time>
   </trkpt>
   <trkpt lat="22.7377720" lon="120.3306890">
    <ele>19.8</ele>
    <time>2026-08-02T05:54:55Z</time>
   </trkpt>
   <trkpt lat="22.7377760" lon="120.3306810">
    <ele>19.8</ele>
    <time>2026-08-02T05:54:56Z</time>
   </trkpt>
   <trkpt lat="22.7377790" lon="120.3306710">
    <ele>19.8</ele>
    <time>2026-08-02T05:54:57Z</time>
   </trkpt>
   <trkpt lat="22.7377770" lon="120.3306580">
    <ele>19.9</ele>
    <time>2026-08-02T05:54:58Z</time>
   </trkpt>
   <trkpt lat="22.7377730" lon="120.3306450">
    <ele>19.9</ele>
    <time>2026-08-02T05:54:59Z</time>
   </trkpt>
   <trkpt lat="22.7377730" lon="120.3306410">
    <ele>19.9</ele>
    <time>2026-08-02T05:55:00Z</time>
   </trkpt>
   <trkpt lat="22.7377760" lon="120.3306430">
    <ele>19.9</ele>
    <time>2026-08-02T05:55:01Z</time>
   </trkpt>
   <trkpt lat="22.7377760" lon="120.3306410">
    <ele>19.9</ele>
    <time>2026-08-02T05:55:02Z</time>
   </trkpt>
   <trkpt lat="22.7377730" lon="120.3306320">
    <ele>19.9</ele>
    <time>2026-08-02T05:55:03Z</time>
   </trkpt>
   <trkpt lat="22.7377690" lon="120.3306230">
    <ele>19.9</ele>
    <time>2026-08-02T05:55:04Z</time>
   </trkpt>
   <trkpt lat="22.7377630" lon="120.3306150">
    <ele>19.9</ele>
    <time>2026-08-02T05:55:05Z</time>
   </trkpt>
   <trkpt lat="22.7377610" lon="120.3306140">
    <ele>19.9</ele>
    <time>2026-08-02T05:55:06Z</time>
   </trkpt>
   <trkpt lat="22.7377630" lon="120.3306160">
    <ele>19.9</ele>
    <time>2026-08-02T05:55:07Z</time>
   </trkpt>
   <trkpt lat="22.7377670" lon="120.3306010">
    <ele>20.0</ele>
    <time>2026-08-02T05:55:08Z</time>
   </trkpt>
   <trkpt lat="22.7377660" lon="120.3305880">
    <ele>20.0</ele>
    <time>2026-08-02T05:55:10Z</time>
   </trkpt>
   <trkpt lat="22.7377610" lon="120.3305790">
    <ele>20.0</ele>
    <time>2026-08-02T05:55:11Z</time>
   </trkpt>
   <trkpt lat="22.7377570" lon="120.3305790">
    <ele>20.0</ele>
    <time>2026-08-02T05:55:12Z</time>
   </trkpt>
   <trkpt lat="22.7377580" lon="120.3305790">
    <ele>20.0</ele>
    <time>2026-08-02T05:55:13Z</time>
   </trkpt>
   <trkpt lat="22.7377550" lon="120.3305770">
    <ele>20.0</ele>
    <time>2026-08-02T05:55:15Z</time>
   </trkpt>
   <trkpt lat="22.7377460" lon="120.3305660">
    <ele>20.0</ele>
    <time>2026-08-02T05:55:16Z</time>
   </trkpt>
   <trkpt lat="22.7377400" lon="120.3305570">
    <ele>20.0</ele>
    <time>2026-08-02T05:55:17Z</time>
   </trkpt>
   <trkpt lat="22.7377350" lon="120.3305510">
    <ele>20.0</ele>
    <time>2026-08-02T05:55:18Z</time>
   </trkpt>
   <trkpt lat="22.7377320" lon="120.3305490">
    <ele>20.0</ele>
    <time>2026-08-02T05:55:19Z</time>
   </trkpt>
   <trkpt lat="22.7377320" lon="120.3305460">
    <ele>20.0</ele>
    <time>2026-08-02T05:55:20Z</time>
   </trkpt>
   <trkpt lat="22.7377330" lon="120.3305330">
    <ele>20.0</ele>
    <time>2026-08-02T05:55:21Z</time>
   </trkpt>
   <trkpt lat="22.7377300" lon="120.3305200">
    <ele>20.0</ele>
    <time>2026-08-02T05:55:22Z</time>
   </trkpt>
   <trkpt lat="22.7377260" lon="120.3305080">
    <ele>20.0</ele>
    <time>2026-08-02T05:55:23Z</time>
   </trkpt>
   <trkpt lat="22.7377230" lon="120.3305030">
    <ele>20.0</ele>
    <time>2026-08-02T05:55:24Z</time>
   </trkpt>
   <trkpt lat="22.7377230" lon="120.3305040">
    <ele>20.0</ele>
    <time>2026-08-02T05:55:25Z</time>
   </trkpt>
   <trkpt lat="22.7377230" lon="120.3305040">
    <ele>20.0</ele>
    <time>2026-08-02T05:55:26Z</time>
   </trkpt>
   <trkpt lat="22.7377210" lon="120.3304990">
    <ele>20.0</ele>
    <time>2026-08-02T05:55:27Z</time>
   </trkpt>
   <trkpt lat="22.7377160" lon="120.3304860">
    <ele>20.0</ele>
    <time>2026-08-02T05:55:29Z</time>
   </trkpt>
   <trkpt lat="22.7377100" lon="120.3304770">
    <ele>20.0</ele>
    <time>2026-08-02T05:55:30Z</time>
   </trkpt>
   <trkpt lat="22.7377030" lon="120.3304710">
    <ele>20.0</ele>
    <time>2026-08-02T05:55:31Z</time>
   </trkpt>
   <trkpt lat="22.7377000" lon="120.3304690">
    <ele>20.0</ele>
    <time>2026-08-02T05:55:32Z</time>
   </trkpt>
   <trkpt lat="22.7377050" lon="120.3304590">
    <ele>20.0</ele>
    <time>2026-08-02T05:55:33Z</time>
   </trkpt>
   <trkpt lat="22.7377010" lon="120.3304490">
    <ele>20.0</ele>
    <time>2026-08-02T05:55:35Z</time>
   </trkpt>
   <trkpt lat="22.7376930" lon="120.3304400">
    <ele>20.0</ele>
    <time>2026-08-02T05:55:36Z</time>
   </trkpt>
   <trkpt lat="22.7376900" lon="120.3304360">
    <ele>20.0</ele>
    <time>2026-08-02T05:55:37Z</time>
   </trkpt>
   <trkpt lat="22.7376890" lon="120.3304330">
    <ele>20.0</ele>
    <time>2026-08-02T05:55:38Z</time>
   </trkpt>
   <trkpt lat="22.7376930" lon="120.3304250">
    <ele>20.0</ele>
    <time>2026-08-02T05:55:39Z</time>
   </trkpt>
   <trkpt lat="22.7376900" lon="120.3304140">
    <ele>20.0</ele>
    <time>2026-08-02T05:55:41Z</time>
   </trkpt>
   <trkpt lat="22.7376790" lon="120.3304080">
    <ele>20.0</ele>
    <time>2026-08-02T05:55:42Z</time>
   </trkpt>
   <trkpt lat="22.7376720" lon="120.3304070">
    <ele>20.0</ele>
    <time>2026-08-02T05:55:43Z</time>
   </trkpt>
   <trkpt lat="22.7376720" lon="120.3304080">
    <ele>20.0</ele>
    <time>2026-08-02T05:55:44Z</time>
   </trkpt>
   <trkpt lat="22.7376740" lon="120.3304000">
    <ele>19.9</ele>
    <time>2026-08-02T05:55:45Z</time>
   </trkpt>
   <trkpt lat="22.7376730" lon="120.3303880">
    <ele>19.9</ele>
    <time>2026-08-02T05:55:46Z</time>
   </trkpt>
   <trkpt lat="22.7376760" lon="120.3303680">
    <ele>19.9</ele>
    <time>2026-08-02T05:55:47Z</time>
   </trkpt>
   <trkpt lat="22.7376800" lon="120.3303560">
    <ele>19.9</ele>
    <time>2026-08-02T05:55:49Z</time>
   </trkpt>
   <trkpt lat="22.7376800" lon="120.3303430">
    <ele>19.9</ele>
    <time>2026-08-02T05:55:50Z</time>
   </trkpt>
   <trkpt lat="22.7376770" lon="120.3303280">
    <ele>19.9</ele>
    <time>2026-08-02T05:55:51Z</time>
   </trkpt>
   <trkpt lat="22.7376740" lon="120.3303190">
    <ele>19.9</ele>
    <time>2026-08-02T05:55:52Z</time>
   </trkpt>
   <trkpt lat="22.7376640" lon="120.3303090">
    <ele>19.9</ele>
    <time>2026-08-02T05:55:53Z</time>
   </trkpt>
   <trkpt lat="22.7376530" lon="120.3302990">
    <ele>19.9</ele>
    <time>2026-08-02T05:55:54Z</time>
   </trkpt>
   <trkpt lat="22.7376430" lon="120.3302920">
    <ele>19.9</ele>
    <time>2026-08-02T05:55:55Z</time>
   </trkpt>
   <trkpt lat="22.7376340" lon="120.3302840">
    <ele>19.9</ele>
    <time>2026-08-02T05:55:56Z</time>
   </trkpt>
   <trkpt lat="22.7376220" lon="120.3302760">
    <ele>19.9</ele>
    <time>2026-08-02T05:55:57Z</time>
   </trkpt>
   <trkpt lat="22.7376100" lon="120.3302690">
    <ele>19.8</ele>
    <time>2026-08-02T05:55:58Z</time>
   </trkpt>
   <trkpt lat="22.7376000" lon="120.3302630">
    <ele>19.8</ele>
    <time>2026-08-02T05:55:59Z</time>
   </trkpt>
   <trkpt lat="22.7375910" lon="120.3302560">
    <ele>19.8</ele>
    <time>2026-08-02T05:56:00Z</time>
   </trkpt>
   <trkpt lat="22.7375830" lon="120.3302510">
    <ele>19.8</ele>
    <time>2026-08-02T05:56:01Z</time>
   </trkpt>
   <trkpt lat="22.7375750" lon="120.3302520">
    <ele>19.8</ele>
    <time>2026-08-02T05:56:02Z</time>
   </trkpt>
   <trkpt lat="22.7375660" lon="120.3302580">
    <ele>19.8</ele>
    <time>2026-08-02T05:56:03Z</time>
   </trkpt>
   <trkpt lat="22.7375600" lon="120.3302630">
    <ele>19.8</ele>
    <time>2026-08-02T05:56:04Z</time>
   </trkpt>
   <trkpt lat="22.7375520" lon="120.3302700">
    <ele>19.8</ele>
    <time>2026-08-02T05:56:05Z</time>
   </trkpt>
   <trkpt lat="22.7375460" lon="120.3302760">
    <ele>19.8</ele>
    <time>2026-08-02T05:56:06Z</time>
   </trkpt>
   <trkpt lat="22.7375400" lon="120.3302810">
    <ele>19.8</ele>
    <time>2026-08-02T05:56:07Z</time>
   </trkpt>
   <trkpt lat="22.7375350" lon="120.3302840">
    <ele>19.8</ele>
    <time>2026-08-02T05:56:08Z</time>
   </trkpt>
   <trkpt lat="22.7375340" lon="120.3302790">
    <ele>19.8</ele>
    <time>2026-08-02T05:56:09Z</time>
   </trkpt>
   <trkpt lat="22.7375390" lon="120.3302760">
    <ele>19.8</ele>
    <time>2026-08-02T05:56:10Z</time>
   </trkpt>
   <trkpt lat="22.7375430" lon="120.3302730">
    <ele>19.8</ele>
    <time>2026-08-02T05:56:11Z</time>
   </trkpt>
   <trkpt lat="22.7375470" lon="120.3302690">
    <ele>19.8</ele>
    <time>2026-08-02T05:56:12Z</time>
   </trkpt>
   <trkpt lat="22.7375500" lon="120.3302630">
    <ele>19.8</ele>
    <time>2026-08-02T05:56:13Z</time>
   </trkpt>
   <trkpt lat="22.7375530" lon="120.3302530">
    <ele>19.8</ele>
    <time>2026-08-02T05:56:14Z</time>
   </trkpt>
   <trkpt lat="22.7375530" lon="120.3302450">
    <ele>19.8</ele>
    <time>2026-08-02T05:56:15Z</time>
   </trkpt>
   <trkpt lat="22.7375530" lon="120.3302370">
    <ele>19.8</ele>
    <time>2026-08-02T05:56:16Z</time>
   </trkpt>
   <trkpt lat="22.7375540" lon="120.3302290">
    <ele>19.8</ele>
    <time>2026-08-02T05:56:17Z</time>
   </trkpt>
   <trkpt lat="22.7375530" lon="120.3302200">
    <ele>19.8</ele>
    <time>2026-08-02T05:56:18Z</time>
   </trkpt>
   <trkpt lat="22.7375520" lon="120.3302190">
    <ele>19.8</ele>
    <time>2026-08-02T05:56:19Z</time>
   </trkpt>
   <trkpt lat="22.7375520" lon="120.3302140">
    <ele>19.8</ele>
    <time>2026-08-02T05:56:20Z</time>
   </trkpt>
   <trkpt lat="22.7375600" lon="120.3302020">
    <ele>19.8</ele>
    <time>2026-08-02T05:56:21Z</time>
   </trkpt>
   <trkpt lat="22.7375890" lon="120.3301860">
    <ele>19.8</ele>
    <time>2026-08-02T05:56:22Z</time>
   </trkpt>
   <trkpt lat="22.7376020" lon="120.3301750">
    <ele>19.8</ele>
    <time>2026-08-02T05:56:24Z</time>
   </trkpt>
   <trkpt lat="22.7376130" lon="120.3301650">
    <ele>19.8</ele>
    <time>2026-08-02T05:56:25Z</time>
   </trkpt>
   <trkpt lat="22.7376210" lon="120.3301590">
    <ele>19.8</ele>
    <time>2026-08-02T05:56:26Z</time>
   </trkpt>
   <trkpt lat="22.7376320" lon="120.3301580">
    <ele>19.8</ele>
    <time>2026-08-02T05:56:27Z</time>
   </trkpt>
   <trkpt lat="22.7376380" lon="120.3301560">
    <ele>19.8</ele>
    <time>2026-08-02T05:56:28Z</time>
   </trkpt>
   <trkpt lat="22.7376460" lon="120.3301500">
    <ele>19.8</ele>
    <time>2026-08-02T05:56:29Z</time>
   </trkpt>
   <trkpt lat="22.7376520" lon="120.3301180">
    <ele>19.8</ele>
    <time>2026-08-02T05:56:30Z</time>
   </trkpt>
   <trkpt lat="22.7376570" lon="120.3301100">
    <ele>19.8</ele>
    <time>2026-08-02T05:56:32Z</time>
   </trkpt>
   <trkpt lat="22.7376620" lon="120.3301160">
    <ele>19.8</ele>
    <time>2026-08-02T05:56:33Z</time>
   </trkpt>
   <trkpt lat="22.7376600" lon="120.3301250">
    <ele>19.8</ele>
    <time>2026-08-02T05:56:34Z</time>
   </trkpt>
   <trkpt lat="22.7376600" lon="120.3301350">
    <ele>19.8</ele>
    <time>2026-08-02T05:56:35Z</time>
   </trkpt>
   <trkpt lat="22.7376640" lon="120.3301390">
    <ele>19.8</ele>
    <time>2026-08-02T05:56:36Z</time>
   </trkpt>
   <trkpt lat="22.7376630" lon="120.3301290">
    <ele>19.8</ele>
    <time>2026-08-02T05:56:37Z</time>
   </trkpt>
   <trkpt lat="22.7376590" lon="120.3301170">
    <ele>19.8</ele>
    <time>2026-08-02T05:56:38Z</time>
   </trkpt>
   <trkpt lat="22.7376600" lon="120.3301100">
    <ele>19.8</ele>
    <time>2026-08-02T05:56:39Z</time>
   </trkpt>
   <trkpt lat="22.7376780" lon="120.3301030">
    <ele>19.8</ele>
    <time>2026-08-02T05:56:40Z</time>
   </trkpt>
   <trkpt lat="22.7376950" lon="120.3301060">
    <ele>19.8</ele>
    <time>2026-08-02T05:56:41Z</time>
   </trkpt>
   <trkpt lat="22.7377040" lon="120.3301090">
    <ele>19.8</ele>
    <time>2026-08-02T05:56:42Z</time>
   </trkpt>
   <trkpt lat="22.7376950" lon="120.3301150">
    <ele>19.8</ele>
    <time>2026-08-02T05:56:43Z</time>
   </trkpt>
   <trkpt lat="22.7376790" lon="120.3301120">
    <ele>19.8</ele>
    <time>2026-08-02T05:56:44Z</time>
   </trkpt>
   <trkpt lat="22.7376700" lon="120.3301100">
    <ele>19.8</ele>
    <time>2026-08-02T05:56:45Z</time>
   </trkpt>
   <trkpt lat="22.7376620" lon="120.3301110">
    <ele>19.8</ele>
    <time>2026-08-02T05:56:46Z</time>
   </trkpt>
   <trkpt lat="22.7376550" lon="120.3301140">
    <ele>19.8</ele>
    <time>2026-08-02T05:56:47Z</time>
   </trkpt>
   <trkpt lat="22.7376480" lon="120.3301220">
    <ele>19.8</ele>
    <time>2026-08-02T05:56:48Z</time>
   </trkpt>
   <trkpt lat="22.7376410" lon="120.3301330">
    <ele>19.8</ele>
    <time>2026-08-02T05:56:49Z</time>
   </trkpt>
   <trkpt lat="22.7376430" lon="120.3301370">
    <ele>19.8</ele>
    <time>2026-08-02T05:56:50Z</time>
   </trkpt>
   <trkpt lat="22.7376420" lon="120.3301390">
    <ele>19.8</ele>
    <time>2026-08-02T05:56:51Z</time>
   </trkpt>
   <trkpt lat="22.7376190" lon="120.3301380">
    <ele>19.8</ele>
    <time>2026-08-02T05:56:52Z</time>
   </trkpt>
   <trkpt lat="22.7376060" lon="120.3301330">
    <ele>19.8</ele>
    <time>2026-08-02T05:56:53Z</time>
   </trkpt>
   <trkpt lat="22.7376010" lon="120.3301300">
    <ele>19.8</ele>
    <time>2026-08-02T05:56:54Z</time>
   </trkpt>
   <trkpt lat="22.7376000" lon="120.3301270">
    <ele>19.8</ele>
    <time>2026-08-02T05:56:55Z</time>
   </trkpt>
   <trkpt lat="22.7375970" lon="120.3301250">
    <ele>19.8</ele>
    <time>2026-08-02T05:56:56Z</time>
   </trkpt>
   <trkpt lat="22.7375960" lon="120.3301230">
    <ele>19.8</ele>
    <time>2026-08-02T05:56:57Z</time>
   </trkpt>
   <trkpt lat="22.7375940" lon="120.3301230">
    <ele>19.8</ele>
    <time>2026-08-02T05:56:58Z</time>
   </trkpt>
   <trkpt lat="22.7375920" lon="120.3301220">
    <ele>19.8</ele>
    <time>2026-08-02T05:56:59Z</time>
   </trkpt>
   <trkpt lat="22.7375920" lon="120.3301160">
    <ele>19.8</ele>
    <time>2026-08-02T05:57:00Z</time>
   </trkpt>
   <trkpt lat="22.7375880" lon="120.3301020">
    <ele>19.8</ele>
    <time>2026-08-02T05:57:01Z</time>
   </trkpt>
   <trkpt lat="22.7375870" lon="120.3300800">
    <ele>19.8</ele>
    <time>2026-08-02T05:57:02Z</time>
   </trkpt>
   <trkpt lat="22.7375890" lon="120.3300590">
    <ele>19.8</ele>
    <time>2026-08-02T05:57:03Z</time>
   </trkpt>
   <trkpt lat="22.7375850" lon="120.3300350">
    <ele>19.8</ele>
    <time>2026-08-02T05:57:04Z</time>
   </trkpt>
   <trkpt lat="22.7375880" lon="120.3300260">
    <ele>19.8</ele>
    <time>2026-08-02T05:57:05Z</time>
   </trkpt>
   <trkpt lat="22.7375880" lon="120.3300240">
    <ele>19.8</ele>
    <time>2026-08-02T05:57:06Z</time>
   </trkpt>
   <trkpt lat="22.7375810" lon="120.3300130">
    <ele>19.8</ele>
    <time>2026-08-02T05:57:07Z</time>
   </trkpt>
   <trkpt lat="22.7375730" lon="120.3299820">
    <ele>19.7</ele>
    <time>2026-08-02T05:57:08Z</time>
   </trkpt>
   <trkpt lat="22.7375750" lon="120.3299730">
    <ele>19.7</ele>
    <time>2026-08-02T05:57:09Z</time>
   </trkpt>
   <trkpt lat="22.7375750" lon="120.3299530">
    <ele>19.7</ele>
    <time>2026-08-02T05:57:10Z</time>
   </trkpt>
   <trkpt lat="22.7375920" lon="120.3299310">
    <ele>19.7</ele>
    <time>2026-08-02T05:57:12Z</time>
   </trkpt>
   <trkpt lat="22.7376170" lon="120.3299150">
    <ele>19.7</ele>
    <time>2026-08-02T05:57:13Z</time>
   </trkpt>
   <trkpt lat="22.7376330" lon="120.3299130">
    <ele>19.7</ele>
    <time>2026-08-02T05:57:14Z</time>
   </trkpt>
   <trkpt lat="22.7376430" lon="120.3299210">
    <ele>19.7</ele>
    <time>2026-08-02T05:57:15Z</time>
   </trkpt>
   <trkpt lat="22.7376490" lon="120.3299290">
    <ele>19.7</ele>
    <time>2026-08-02T05:57:16Z</time>
   </trkpt>
   <trkpt lat="22.7376550" lon="120.3299380">
    <ele>19.7</ele>
    <time>2026-08-02T05:57:17Z</time>
   </trkpt>
   <trkpt lat="22.7376550" lon="120.3299480">
    <ele>19.7</ele>
    <time>2026-08-02T05:57:18Z</time>
   </trkpt>
   <trkpt lat="22.7376460" lon="120.3299480">
    <ele>19.7</ele>
    <time>2026-08-02T05:57:19Z</time>
   </trkpt>
   <trkpt lat="22.7376430" lon="120.3299530">
    <ele>19.7</ele>
    <time>2026-08-02T05:57:20Z</time>
   </trkpt>
   <trkpt lat="22.7376410" lon="120.3299730">
    <ele>19.7</ele>
    <time>2026-08-02T05:57:21Z</time>
   </trkpt>
   <trkpt lat="22.7376410" lon="120.3299780">
    <ele>19.7</ele>
    <time>2026-08-02T05:57:23Z</time>
   </trkpt>
   <trkpt lat="22.7376410" lon="120.3299790">
    <ele>19.7</ele>
    <time>2026-08-02T05:57:24Z</time>
   </trkpt>
   <trkpt lat="22.7376400" lon="120.3299750">
    <ele>19.7</ele>
    <time>2026-08-02T05:57:25Z</time>
   </trkpt>
   <trkpt lat="22.7376400" lon="120.3299740">
    <ele>19.7</ele>
    <time>2026-08-02T05:57:26Z</time>
   </trkpt>
   <trkpt lat="22.7376400" lon="120.3299720">
    <ele>19.7</ele>
    <time>2026-08-02T05:57:27Z</time>
   </trkpt>
   <trkpt lat="22.7376390" lon="120.3299710">
    <ele>19.7</ele>
    <time>2026-08-02T05:57:28Z</time>
   </trkpt>
   <trkpt lat="22.7376400" lon="120.3299710">
    <ele>19.7</ele>
    <time>2026-08-02T05:57:29Z</time>
   </trkpt>
   <trkpt lat="22.7376380" lon="120.3299720">
    <ele>19.7</ele>
    <time>2026-08-02T05:57:30Z</time>
   </trkpt>
   <trkpt lat="22.7376390" lon="120.3299720">
    <ele>19.7</ele>
    <time>2026-08-02T05:57:31Z</time>
   </trkpt>
   <trkpt lat="22.7376400" lon="120.3299720">
    <ele>19.7</ele>
    <time>2026-08-02T05:57:32Z</time>
   </trkpt>
   <trkpt lat="22.7376410" lon="120.3299720">
    <ele>19.7</ele>
    <time>2026-08-02T05:57:33Z</time>
   </trkpt>
   <trkpt lat="22.7376410" lon="120.3299700">
    <ele>19.7</ele>
    <time>2026-08-02T05:57:34Z</time>
   </trkpt>
   <trkpt lat="22.7376400" lon="120.3299690">
    <ele>19.7</ele>
    <time>2026-08-02T05:57:35Z</time>
   </trkpt>
   <trkpt lat="22.7376380" lon="120.3299670">
    <ele>19.7</ele>
    <time>2026-08-02T05:57:36Z</time>
   </trkpt>
   <trkpt lat="22.7376370" lon="120.3299670">
    <ele>19.7</ele>
    <time>2026-08-02T05:57:38Z</time>
   </trkpt>
   <trkpt lat="22.7376370" lon="120.3299650">
    <ele>19.7</ele>
    <time>2026-08-02T05:57:39Z</time>
   </trkpt>
   <trkpt lat="22.7376460" lon="120.3299540">
    <ele>19.7</ele>
    <time>2026-08-02T05:57:40Z</time>
   </trkpt>
   <trkpt lat="22.7376590" lon="120.3299450">
    <ele>19.7</ele>
    <time>2026-08-02T05:57:42Z</time>
   </trkpt>
   <trkpt lat="22.7376890" lon="120.3299340">
    <ele>19.7</ele>
    <time>2026-08-02T05:57:43Z</time>
   </trkpt>
   <trkpt lat="22.7377020" lon="120.3299340">
    <ele>19.7</ele>
    <time>2026-08-02T05:57:44Z</time>
   </trkpt>
   <trkpt lat="22.7377170" lon="120.3299330">
    <ele>19.7</ele>
    <time>2026-08-02T05:57:46Z</time>
   </trkpt>
   <trkpt lat="22.7377450" lon="120.3299300">
    <ele>19.7</ele>
    <time>2026-08-02T05:57:47Z</time>
   </trkpt>
   <trkpt lat="22.7377540" lon="120.3299290">
    <ele>19.7</ele>
    <time>2026-08-02T05:57:49Z</time>
   </trkpt>
   <trkpt lat="22.7377640" lon="120.3299290">
    <ele>19.7</ele>
    <time>2026-08-02T05:57:50Z</time>
   </trkpt>
   <trkpt lat="22.7377830" lon="120.3299350">
    <ele>19.7</ele>
    <time>2026-08-02T05:57:51Z</time>
   </trkpt>
   <trkpt lat="22.7377960" lon="120.3299350">
    <ele>19.7</ele>
    <time>2026-08-02T05:57:52Z</time>
   </trkpt>
   <trkpt lat="22.7378080" lon="120.3299330">
    <ele>19.7</ele>
    <time>2026-08-02T05:57:54Z</time>
   </trkpt>
   <trkpt lat="22.7378210" lon="120.3299310">
    <ele>19.7</ele>
    <time>2026-08-02T05:57:55Z</time>
   </trkpt>
   <trkpt lat="22.7378340" lon="120.3299310">
    <ele>19.7</ele>
    <time>2026-08-02T05:57:56Z</time>
   </trkpt>
   <trkpt lat="22.7378420" lon="120.3299360">
    <ele>19.7</ele>
    <time>2026-08-02T05:57:57Z</time>
   </trkpt>
   <trkpt lat="22.7378440" lon="120.3299440">
    <ele>19.7</ele>
    <time>2026-08-02T05:57:58Z</time>
   </trkpt>
   <trkpt lat="22.7378450" lon="120.3299540">
    <ele>19.7</ele>
    <time>2026-08-02T05:57:59Z</time>
   </trkpt>
   <trkpt lat="22.7378470" lon="120.3299810">
    <ele>19.7</ele>
    <time>2026-08-02T05:58:00Z</time>
   </trkpt>
   <trkpt lat="22.7378500" lon="120.3299970">
    <ele>19.7</ele>
    <time>2026-08-02T05:58:02Z</time>
   </trkpt>
   <trkpt lat="22.7378530" lon="120.3300130">
    <ele>19.7</ele>
    <time>2026-08-02T05:58:03Z</time>
   </trkpt>
   <trkpt lat="22.7378580" lon="120.3300230">
    <ele>19.7</ele>
    <time>2026-08-02T05:58:04Z</time>
   </trkpt>
   <trkpt lat="22.7378660" lon="120.3300430">
    <ele>19.7</ele>
    <time>2026-08-02T05:58:05Z</time>
   </trkpt>
   <trkpt lat="22.7378710" lon="120.3300550">
    <ele>19.7</ele>
    <time>2026-08-02T05:58:07Z</time>
   </trkpt>
   <trkpt lat="22.7378840" lon="120.3300780">
    <ele>19.7</ele>
    <time>2026-08-02T05:58:08Z</time>
   </trkpt>
   <trkpt lat="22.7378920" lon="120.3300850">
    <ele>19.7</ele>
    <time>2026-08-02T05:58:09Z</time>
   </trkpt>
   <trkpt lat="22.7379030" lon="120.3300920">
    <ele>19.7</ele>
    <time>2026-08-02T05:58:11Z</time>
   </trkpt>
   <trkpt lat="22.7379260" lon="120.3301090">
    <ele>19.7</ele>
    <time>2026-08-02T05:58:12Z</time>
   </trkpt>
   <trkpt lat="22.7379370" lon="120.3301150">
    <ele>19.7</ele>
    <time>2026-08-02T05:58:14Z</time>
   </trkpt>
   <trkpt lat="22.7379520" lon="120.3301240">
    <ele>19.7</ele>
    <time>2026-08-02T05:58:15Z</time>
   </trkpt>
   <trkpt lat="22.7379660" lon="120.3301230">
    <ele>19.7</ele>
    <time>2026-08-02T05:58:16Z</time>
   </trkpt>
   <trkpt lat="22.7379720" lon="120.3301080">
    <ele>19.7</ele>
    <time>2026-08-02T05:58:17Z</time>
   </trkpt>
   <trkpt lat="22.7379740" lon="120.3301110">
    <ele>19.7</ele>
    <time>2026-08-02T05:58:19Z</time>
   </trkpt>
   <trkpt lat="22.7379720" lon="120.3301170">
    <ele>19.7</ele>
    <time>2026-08-02T05:58:20Z</time>
   </trkpt>
   <trkpt lat="22.7379790" lon="120.3301410">
    <ele>19.7</ele>
    <time>2026-08-02T05:58:21Z</time>
   </trkpt>
   <trkpt lat="22.7379840" lon="120.3301420">
    <ele>19.7</ele>
    <time>2026-08-02T05:58:23Z</time>
   </trkpt>
   <trkpt lat="22.7379850" lon="120.3301340">
    <ele>19.7</ele>
    <time>2026-08-02T05:58:24Z</time>
   </trkpt>
   <trkpt lat="22.7379820" lon="120.3301290">
    <ele>19.7</ele>
    <time>2026-08-02T05:58:25Z</time>
   </trkpt>
   <trkpt lat="22.7379820" lon="120.3301320">
    <ele>19.7</ele>
    <time>2026-08-02T05:58:26Z</time>
   </trkpt>
   <trkpt lat="22.7379820" lon="120.3301350">
    <ele>19.7</ele>
    <time>2026-08-02T05:58:27Z</time>
   </trkpt>
   <trkpt lat="22.7379840" lon="120.3301400">
    <ele>19.7</ele>
    <time>2026-08-02T05:58:28Z</time>
   </trkpt>
   <trkpt lat="22.7379880" lon="120.3301460">
    <ele>19.7</ele>
    <time>2026-08-02T05:58:29Z</time>
   </trkpt>
   <trkpt lat="22.7379850" lon="120.3301470">
    <ele>19.7</ele>
    <time>2026-08-02T05:58:30Z</time>
   </trkpt>
   <trkpt lat="22.7379800" lon="120.3301610">
    <ele>19.7</ele>
    <time>2026-08-02T05:58:32Z</time>
   </trkpt>
   <trkpt lat="22.7379760" lon="120.3301690">
    <ele>19.7</ele>
    <time>2026-08-02T05:58:34Z</time>
   </trkpt>
   <trkpt lat="22.7379730" lon="120.3301750">
    <ele>19.7</ele>
    <time>2026-08-02T05:58:35Z</time>
   </trkpt>
   <trkpt lat="22.7379810" lon="120.3301930">
    <ele>19.7</ele>
    <time>2026-08-02T05:58:36Z</time>
   </trkpt>
   <trkpt lat="22.7379900" lon="120.3301900">
    <ele>19.7</ele>
    <time>2026-08-02T05:58:37Z</time>
   </trkpt>
   <trkpt lat="22.7379940" lon="120.3301850">
    <ele>19.7</ele>
    <time>2026-08-02T05:58:38Z</time>
   </trkpt>
   <trkpt lat="22.7379960" lon="120.3301890">
    <ele>19.7</ele>
    <time>2026-08-02T05:58:39Z</time>
   </trkpt>
   <trkpt lat="22.7379930" lon="120.3301970">
    <ele>19.6</ele>
    <time>2026-08-02T05:58:40Z</time>
   </trkpt>
   <trkpt lat="22.7379910" lon="120.3302130">
    <ele>19.6</ele>
    <time>2026-08-02T05:58:41Z</time>
   </trkpt>
   <trkpt lat="22.7379940" lon="120.3302210">
    <ele>19.6</ele>
    <time>2026-08-02T05:58:43Z</time>
   </trkpt>
   <trkpt lat="22.7379980" lon="120.3302220">
    <ele>19.6</ele>
    <time>2026-08-02T05:58:44Z</time>
   </trkpt>
   <trkpt lat="22.7380000" lon="120.3302250">
    <ele>19.6</ele>
    <time>2026-08-02T05:58:45Z</time>
   </trkpt>
   <trkpt lat="22.7380000" lon="120.3302310">
    <ele>19.6</ele>
    <time>2026-08-02T05:58:46Z</time>
   </trkpt>
   <trkpt lat="22.7380010" lon="120.3302400">
    <ele>19.6</ele>
    <time>2026-08-02T05:58:47Z</time>
   </trkpt>
   <trkpt lat="22.7380030" lon="120.3302540">
    <ele>19.6</ele>
    <time>2026-08-02T05:58:48Z</time>
   </trkpt>
   <trkpt lat="22.7380040" lon="120.3302660">
    <ele>19.6</ele>
    <time>2026-08-02T05:58:49Z</time>
   </trkpt>
   <trkpt lat="22.7380090" lon="120.3302750">
    <ele>19.6</ele>
    <time>2026-08-02T05:58:50Z</time>
   </trkpt>
   <trkpt lat="22.7380100" lon="120.3302780">
    <ele>19.6</ele>
    <time>2026-08-02T05:58:51Z</time>
   </trkpt>
   <trkpt lat="22.7380100" lon="120.3302860">
    <ele>19.6</ele>
    <time>2026-08-02T05:58:52Z</time>
   </trkpt>
   <trkpt lat="22.7380080" lon="120.3303000">
    <ele>19.6</ele>
    <time>2026-08-02T05:58:53Z</time>
   </trkpt>
   <trkpt lat="22.7380120" lon="120.3303120">
    <ele>19.6</ele>
    <time>2026-08-02T05:58:55Z</time>
   </trkpt>
   <trkpt lat="22.7380170" lon="120.3303120">
    <ele>19.6</ele>
    <time>2026-08-02T05:58:57Z</time>
   </trkpt>
   <trkpt lat="22.7380190" lon="120.3303120">
    <ele>19.6</ele>
    <time>2026-08-02T05:58:58Z</time>
   </trkpt>
   <trkpt lat="22.7380190" lon="120.3303180">
    <ele>19.5</ele>
    <time>2026-08-02T05:58:59Z</time>
   </trkpt>
   <trkpt lat="22.7380160" lon="120.3303230">
    <ele>19.5</ele>
    <time>2026-08-02T05:59:00Z</time>
   </trkpt>
   <trkpt lat="22.7380160" lon="120.3303250">
    <ele>19.5</ele>
    <time>2026-08-02T05:59:01Z</time>
   </trkpt>
   <trkpt lat="22.7380160" lon="120.3303360">
    <ele>19.5</ele>
    <time>2026-08-02T05:59:02Z</time>
   </trkpt>
   <trkpt lat="22.7380300" lon="120.3303540">
    <ele>19.5</ele>
    <time>2026-08-02T05:59:03Z</time>
   </trkpt>
   <trkpt lat="22.7380390" lon="120.3303500">
    <ele>19.5</ele>
    <time>2026-08-02T05:59:05Z</time>
   </trkpt>
   <trkpt lat="22.7380490" lon="120.3303650">
    <ele>19.5</ele>
    <time>2026-08-02T05:59:06Z</time>
   </trkpt>
   <trkpt lat="22.7380430" lon="120.3303780">
    <ele>19.5</ele>
    <time>2026-08-02T05:59:07Z</time>
   </trkpt>
   <trkpt lat="22.7380420" lon="120.3303900">
    <ele>19.5</ele>
    <time>2026-08-02T05:59:09Z</time>
   </trkpt>
   <trkpt lat="22.7380450" lon="120.3304030">
    <ele>19.5</ele>
    <time>2026-08-02T05:59:10Z</time>
   </trkpt>
   <trkpt lat="22.7380520" lon="120.3304110">
    <ele>19.5</ele>
    <time>2026-08-02T05:59:11Z</time>
   </trkpt>
   <trkpt lat="22.7380560" lon="120.3304060">
    <ele>19.5</ele>
    <time>2026-08-02T05:59:12Z</time>
   </trkpt>
   <trkpt lat="22.7380560" lon="120.3304100">
    <ele>19.5</ele>
    <time>2026-08-02T05:59:14Z</time>
   </trkpt>
   <trkpt lat="22.7380550" lon="120.3304150">
    <ele>19.5</ele>
    <time>2026-08-02T05:59:15Z</time>
   </trkpt>
   <trkpt lat="22.7380550" lon="120.3304280">
    <ele>19.5</ele>
    <time>2026-08-02T05:59:16Z</time>
   </trkpt>
   <trkpt lat="22.7380600" lon="120.3304410">
    <ele>19.5</ele>
    <time>2026-08-02T05:59:17Z</time>
   </trkpt>
   <trkpt lat="22.7380710" lon="120.3304420">
    <ele>19.4</ele>
    <time>2026-08-02T05:59:18Z</time>
   </trkpt>
   <trkpt lat="22.7380890" lon="120.3304480">
    <ele>19.4</ele>
    <time>2026-08-02T05:59:19Z</time>
   </trkpt>
   <trkpt lat="22.7380990" lon="120.3304700">
    <ele>19.4</ele>
    <time>2026-08-02T05:59:21Z</time>
   </trkpt>
   <trkpt lat="22.7381050" lon="120.3304790">
    <ele>19.4</ele>
    <time>2026-08-02T05:59:22Z</time>
   </trkpt>
   <trkpt lat="22.7381190" lon="120.3304880">
    <ele>19.4</ele>
    <time>2026-08-02T05:59:24Z</time>
   </trkpt>
   <trkpt lat="22.7381250" lon="120.3304820">
    <ele>19.4</ele>
    <time>2026-08-02T05:59:26Z</time>
   </trkpt>
   <trkpt lat="22.7381240" lon="120.3304690">
    <ele>19.4</ele>
    <time>2026-08-02T05:59:27Z</time>
   </trkpt>
   <trkpt lat="22.7381300" lon="120.3304650">
    <ele>19.4</ele>
    <time>2026-08-02T05:59:28Z</time>
   </trkpt>
   <trkpt lat="22.7381230" lon="120.3304840">
    <ele>19.4</ele>
    <time>2026-08-02T05:59:29Z</time>
   </trkpt>
   <trkpt lat="22.7381110" lon="120.3304970">
    <ele>19.4</ele>
    <time>2026-08-02T05:59:30Z</time>
   </trkpt>
   <trkpt lat="22.7381050" lon="120.3305070">
    <ele>19.4</ele>
    <time>2026-08-02T05:59:31Z</time>
   </trkpt>
   <trkpt lat="22.7380980" lon="120.3305190">
    <ele>19.4</ele>
    <time>2026-08-02T05:59:32Z</time>
   </trkpt>
   <trkpt lat="22.7380960" lon="120.3305320">
    <ele>19.4</ele>
    <time>2026-08-02T05:59:33Z</time>
   </trkpt>
   <trkpt lat="22.7381010" lon="120.3305450">
    <ele>19.4</ele>
    <time>2026-08-02T05:59:34Z</time>
   </trkpt>
   <trkpt lat="22.7381050" lon="120.3305610">
    <ele>19.4</ele>
    <time>2026-08-02T05:59:35Z</time>
   </trkpt>
   <trkpt lat="22.7381140" lon="120.3305680">
    <ele>19.4</ele>
    <time>2026-08-02T05:59:36Z</time>
   </trkpt>
   <trkpt lat="22.7381250" lon="120.3305640">
    <ele>19.4</ele>
    <time>2026-08-02T05:59:37Z</time>
   </trkpt>
   <trkpt lat="22.7381310" lon="120.3305640">
    <ele>19.4</ele>
    <time>2026-08-02T05:59:38Z</time>
   </trkpt>
   <trkpt lat="22.7381300" lon="120.3305800">
    <ele>19.3</ele>
    <time>2026-08-02T05:59:39Z</time>
   </trkpt>
   <trkpt lat="22.7381350" lon="120.3305880">
    <ele>19.3</ele>
    <time>2026-08-02T05:59:41Z</time>
   </trkpt>
   <trkpt lat="22.7381390" lon="120.3305910">
    <ele>19.3</ele>
    <time>2026-08-02T05:59:42Z</time>
   </trkpt>
   <trkpt lat="22.7381430" lon="120.3305880">
    <ele>19.3</ele>
    <time>2026-08-02T05:59:43Z</time>
   </trkpt>
   <trkpt lat="22.7381430" lon="120.3305780">
    <ele>19.3</ele>
    <time>2026-08-02T05:59:44Z</time>
   </trkpt>
   <trkpt lat="22.7381460" lon="120.3305740">
    <ele>19.3</ele>
    <time>2026-08-02T05:59:45Z</time>
   </trkpt>
   <trkpt lat="22.7381530" lon="120.3305810">
    <ele>19.3</ele>
    <time>2026-08-02T05:59:46Z</time>
   </trkpt>
   <trkpt lat="22.7381510" lon="120.3306060">
    <ele>19.3</ele>
    <time>2026-08-02T05:59:47Z</time>
   </trkpt>
   <trkpt lat="22.7381520" lon="120.3306180">
    <ele>19.3</ele>
    <time>2026-08-02T05:59:49Z</time>
   </trkpt>
   <trkpt lat="22.7381600" lon="120.3306250">
    <ele>19.3</ele>
    <time>2026-08-02T05:59:50Z</time>
   </trkpt>
   <trkpt lat="22.7381640" lon="120.3306200">
    <ele>19.3</ele>
    <time>2026-08-02T05:59:51Z</time>
   </trkpt>
   <trkpt lat="22.7381650" lon="120.3306150">
    <ele>19.3</ele>
    <time>2026-08-02T05:59:52Z</time>
   </trkpt>
   <trkpt lat="22.7381720" lon="120.3306130">
    <ele>19.3</ele>
    <time>2026-08-02T05:59:53Z</time>
   </trkpt>
   <trkpt lat="22.7381770" lon="120.3306170">
    <ele>19.3</ele>
    <time>2026-08-02T05:59:54Z</time>
   </trkpt>
   <trkpt lat="22.7381780" lon="120.3306270">
    <ele>19.3</ele>
    <time>2026-08-02T05:59:55Z</time>
   </trkpt>
   <trkpt lat="22.7381800" lon="120.3306360">
    <ele>19.3</ele>
    <time>2026-08-02T05:59:56Z</time>
   </trkpt>
   <trkpt lat="22.7381860" lon="120.3306450">
    <ele>19.3</ele>
    <time>2026-08-02T05:59:57Z</time>
   </trkpt>
   <trkpt lat="22.7382040" lon="120.3306450">
    <ele>19.3</ele>
    <time>2026-08-02T05:59:58Z</time>
   </trkpt>
   <trkpt lat="22.7382070" lon="120.3306520">
    <ele>19.3</ele>
    <time>2026-08-02T06:00:00Z</time>
   </trkpt>
   <trkpt lat="22.7382090" lon="120.3306610">
    <ele>19.3</ele>
    <time>2026-08-02T06:00:01Z</time>
   </trkpt>
   <trkpt lat="22.7382120" lon="120.3306780">
    <ele>19.2</ele>
    <time>2026-08-02T06:00:02Z</time>
   </trkpt>
   <trkpt lat="22.7382190" lon="120.3306910">
    <ele>19.2</ele>
    <time>2026-08-02T06:00:03Z</time>
   </trkpt>
   <trkpt lat="22.7382260" lon="120.3306930">
    <ele>19.2</ele>
    <time>2026-08-02T06:00:04Z</time>
   </trkpt>
   <trkpt lat="22.7382310" lon="120.3306950">
    <ele>19.2</ele>
    <time>2026-08-02T06:00:05Z</time>
   </trkpt>
   <trkpt lat="22.7382370" lon="120.3307040">
    <ele>19.2</ele>
    <time>2026-08-02T06:00:06Z</time>
   </trkpt>
   <trkpt lat="22.7382370" lon="120.3307120">
    <ele>19.2</ele>
    <time>2026-08-02T06:00:07Z</time>
   </trkpt>
   <trkpt lat="22.7382410" lon="120.3307200">
    <ele>19.2</ele>
    <time>2026-08-02T06:00:08Z</time>
   </trkpt>
   <trkpt lat="22.7382450" lon="120.3307230">
    <ele>19.2</ele>
    <time>2026-08-02T06:00:09Z</time>
   </trkpt>
   <trkpt lat="22.7382540" lon="120.3307240">
    <ele>19.2</ele>
    <time>2026-08-02T06:00:10Z</time>
   </trkpt>
   <trkpt lat="22.7382550" lon="120.3307170">
    <ele>19.2</ele>
    <time>2026-08-02T06:00:11Z</time>
   </trkpt>
   <trkpt lat="22.7382480" lon="120.3307090">
    <ele>19.2</ele>
    <time>2026-08-02T06:00:12Z</time>
   </trkpt>
   <trkpt lat="22.7382360" lon="120.3306990">
    <ele>19.2</ele>
    <time>2026-08-02T06:00:13Z</time>
   </trkpt>
   <trkpt lat="22.7382230" lon="120.3306930">
    <ele>19.2</ele>
    <time>2026-08-02T06:00:14Z</time>
   </trkpt>
   <trkpt lat="22.7382020" lon="120.3306870">
    <ele>19.2</ele>
    <time>2026-08-02T06:00:15Z</time>
   </trkpt>
   <trkpt lat="22.7381960" lon="120.3306830">
    <ele>19.2</ele>
    <time>2026-08-02T06:00:17Z</time>
   </trkpt>
   <trkpt lat="22.7382060" lon="120.3306790">
    <ele>19.3</ele>
    <time>2026-08-02T06:00:18Z</time>
   </trkpt>
   <trkpt lat="22.7382100" lon="120.3306800">
    <ele>19.3</ele>
    <time>2026-08-02T06:00:19Z</time>
   </trkpt>
   <trkpt lat="22.7382280" lon="120.3306640">
    <ele>19.3</ele>
    <time>2026-08-02T06:00:20Z</time>
   </trkpt>
   <trkpt lat="22.7382340" lon="120.3306520">
    <ele>19.3</ele>
    <time>2026-08-02T06:00:21Z</time>
   </trkpt>
   <trkpt lat="22.7382390" lon="120.3306640">
    <ele>19.3</ele>
    <time>2026-08-02T06:00:23Z</time>
   </trkpt>
   <trkpt lat="22.7382410" lon="120.3306730">
    <ele>19.3</ele>
    <time>2026-08-02T06:00:24Z</time>
   </trkpt>
   <trkpt lat="22.7382560" lon="120.3306640">
    <ele>19.3</ele>
    <time>2026-08-02T06:00:25Z</time>
   </trkpt>
   <trkpt lat="22.7382610" lon="120.3306320">
    <ele>19.3</ele>
    <time>2026-08-02T06:00:27Z</time>
   </trkpt>
   <trkpt lat="22.7382680" lon="120.3306270">
    <ele>19.3</ele>
    <time>2026-08-02T06:00:28Z</time>
   </trkpt>
   <trkpt lat="22.7382790" lon="120.3306210">
    <ele>19.3</ele>
    <time>2026-08-02T06:00:29Z</time>
   </trkpt>
   <trkpt lat="22.7382880" lon="120.3306130">
    <ele>19.3</ele>
    <time>2026-08-02T06:00:30Z</time>
   </trkpt>
   <trkpt lat="22.7382940" lon="120.3306020">
    <ele>19.3</ele>
    <time>2026-08-02T06:00:31Z</time>
   </trkpt>
   <trkpt lat="22.7382970" lon="120.3305910">
    <ele>19.3</ele>
    <time>2026-08-02T06:00:32Z</time>
   </trkpt>
   <trkpt lat="22.7382940" lon="120.3305810">
    <ele>19.3</ele>
    <time>2026-08-02T06:00:33Z</time>
   </trkpt>
   <trkpt lat="22.7382980" lon="120.3305830">
    <ele>19.3</ele>
    <time>2026-08-02T06:00:34Z</time>
   </trkpt>
   <trkpt lat="22.7383040" lon="120.3305840">
    <ele>19.3</ele>
    <time>2026-08-02T06:00:35Z</time>
   </trkpt>
   <trkpt lat="22.7383110" lon="120.3305810">
    <ele>19.3</ele>
    <time>2026-08-02T06:00:36Z</time>
   </trkpt>
   <trkpt lat="22.7383130" lon="120.3305790">
    <ele>19.3</ele>
    <time>2026-08-02T06:00:37Z</time>
   </trkpt>
   <trkpt lat="22.7383150" lon="120.3305730">
    <ele>19.3</ele>
    <time>2026-08-02T06:00:38Z</time>
   </trkpt>
   <trkpt lat="22.7383130" lon="120.3305610">
    <ele>19.4</ele>
    <time>2026-08-02T06:00:39Z</time>
   </trkpt>
   <trkpt lat="22.7383100" lon="120.3305570">
    <ele>19.4</ele>
    <time>2026-08-02T06:00:40Z</time>
   </trkpt>
   <trkpt lat="22.7383160" lon="120.3305600">
    <ele>19.4</ele>
    <time>2026-08-02T06:00:41Z</time>
   </trkpt>
   <trkpt lat="22.7383200" lon="120.3305590">
    <ele>19.4</ele>
    <time>2026-08-02T06:00:43Z</time>
   </trkpt>
   <trkpt lat="22.7383200" lon="120.3305420">
    <ele>19.4</ele>
    <time>2026-08-02T06:00:44Z</time>
   </trkpt>
   <trkpt lat="22.7382980" lon="120.3305170">
    <ele>19.4</ele>
    <time>2026-08-02T06:00:45Z</time>
   </trkpt>
   <trkpt lat="22.7382980" lon="120.3305150">
    <ele>19.4</ele>
    <time>2026-08-02T06:00:47Z</time>
   </trkpt>
   <trkpt lat="22.7383020" lon="120.3305070">
    <ele>19.4</ele>
    <time>2026-08-02T06:00:48Z</time>
   </trkpt>
   <trkpt lat="22.7383080" lon="120.3304890">
    <ele>19.4</ele>
    <time>2026-08-02T06:00:49Z</time>
   </trkpt>
   <trkpt lat="22.7382790" lon="120.3304790">
    <ele>19.4</ele>
    <time>2026-08-02T06:00:51Z</time>
   </trkpt>
   <trkpt lat="22.7382710" lon="120.3304690">
    <ele>19.4</ele>
    <time>2026-08-02T06:00:53Z</time>
   </trkpt>
   <trkpt lat="22.7382770" lon="120.3304660">
    <ele>19.4</ele>
    <time>2026-08-02T06:00:55Z</time>
   </trkpt>
   <trkpt lat="22.7382820" lon="120.3304590">
    <ele>19.4</ele>
    <time>2026-08-02T06:00:56Z</time>
   </trkpt>
   <trkpt lat="22.7382840" lon="120.3304510">
    <ele>19.4</ele>
    <time>2026-08-02T06:00:57Z</time>
   </trkpt>
   <trkpt lat="22.7382870" lon="120.3304420">
    <ele>19.4</ele>
    <time>2026-08-02T06:00:58Z</time>
   </trkpt>
   <trkpt lat="22.7382910" lon="120.3304340">
    <ele>19.4</ele>
    <time>2026-08-02T06:00:59Z</time>
   </trkpt>
   <trkpt lat="22.7382880" lon="120.3304150">
    <ele>19.4</ele>
    <time>2026-08-02T06:01:00Z</time>
   </trkpt>
   <trkpt lat="22.7382780" lon="120.3304040">
    <ele>19.4</ele>
    <time>2026-08-02T06:01:01Z</time>
   </trkpt>
   <trkpt lat="22.7382700" lon="120.3303980">
    <ele>19.4</ele>
    <time>2026-08-02T06:01:02Z</time>
   </trkpt>
   <trkpt lat="22.7382680" lon="120.3303930">
    <ele>19.4</ele>
    <time>2026-08-02T06:01:03Z</time>
   </trkpt>
   <trkpt lat="22.7382740" lon="120.3303930">
    <ele>19.4</ele>
    <time>2026-08-02T06:01:04Z</time>
   </trkpt>
   <trkpt lat="22.7382770" lon="120.3303880">
    <ele>19.4</ele>
    <time>2026-08-02T06:01:06Z</time>
   </trkpt>
   <trkpt lat="22.7382640" lon="120.3303800">
    <ele>19.4</ele>
    <time>2026-08-02T06:01:07Z</time>
   </trkpt>
   <trkpt lat="22.7382550" lon="120.3303770">
    <ele>19.4</ele>
    <time>2026-08-02T06:01:08Z</time>
   </trkpt>
   <trkpt lat="22.7382490" lon="120.3303730">
    <ele>19.5</ele>
    <time>2026-08-02T06:01:09Z</time>
   </trkpt>
   <trkpt lat="22.7382470" lon="120.3303680">
    <ele>19.5</ele>
    <time>2026-08-02T06:01:10Z</time>
   </trkpt>
   <trkpt lat="22.7382540" lon="120.3303620">
    <ele>19.5</ele>
    <time>2026-08-02T06:01:11Z</time>
   </trkpt>
   <trkpt lat="22.7382600" lon="120.3303520">
    <ele>19.5</ele>
    <time>2026-08-02T06:01:12Z</time>
   </trkpt>
   <trkpt lat="22.7382600" lon="120.3303400">
    <ele>19.5</ele>
    <time>2026-08-02T06:01:13Z</time>
   </trkpt>
   <trkpt lat="22.7382580" lon="120.3303300">
    <ele>19.5</ele>
    <time>2026-08-02T06:01:14Z</time>
   </trkpt>
   <trkpt lat="22.7382480" lon="120.3303230">
    <ele>19.5</ele>
    <time>2026-08-02T06:01:15Z</time>
   </trkpt>
   <trkpt lat="22.7382400" lon="120.3303190">
    <ele>19.5</ele>
    <time>2026-08-02T06:01:16Z</time>
   </trkpt>
   <trkpt lat="22.7382380" lon="120.3303150">
    <ele>19.5</ele>
    <time>2026-08-02T06:01:17Z</time>
   </trkpt>
   <trkpt lat="22.7382250" lon="120.3303100">
    <ele>19.5</ele>
    <time>2026-08-02T06:01:18Z</time>
   </trkpt>
   <trkpt lat="22.7382050" lon="120.3303010">
    <ele>19.5</ele>
    <time>2026-08-02T06:01:19Z</time>
   </trkpt>
   <trkpt lat="22.7381840" lon="120.3302950">
    <ele>19.5</ele>
    <time>2026-08-02T06:01:20Z</time>
   </trkpt>
   <trkpt lat="22.7381740" lon="120.3302970">
    <ele>19.5</ele>
    <time>2026-08-02T06:01:21Z</time>
   </trkpt>
   <trkpt lat="22.7381620" lon="120.3303000">
    <ele>19.5</ele>
    <time>2026-08-02T06:01:22Z</time>
   </trkpt>
   <trkpt lat="22.7381540" lon="120.3302980">
    <ele>19.5</ele>
    <time>2026-08-02T06:01:24Z</time>
   </trkpt>
   <trkpt lat="22.7381360" lon="120.3302780">
    <ele>19.6</ele>
    <time>2026-08-02T06:01:25Z</time>
   </trkpt>
   <trkpt lat="22.7381220" lon="120.3302600">
    <ele>19.6</ele>
    <time>2026-08-02T06:01:26Z</time>
   </trkpt>
   <trkpt lat="22.7381100" lon="120.3302510">
    <ele>19.6</ele>
    <time>2026-08-02T06:01:27Z</time>
   </trkpt>
   <trkpt lat="22.7381060" lon="120.3302540">
    <ele>19.6</ele>
    <time>2026-08-02T06:01:28Z</time>
   </trkpt>
   <trkpt lat="22.7380890" lon="120.3302470">
    <ele>19.6</ele>
    <time>2026-08-02T06:01:29Z</time>
   </trkpt>
   <trkpt lat="22.7380770" lon="120.3302400">
    <ele>19.6</ele>
    <time>2026-08-02T06:01:31Z</time>
   </trkpt>
   <trkpt lat="22.7380670" lon="120.3302400">
    <ele>19.6</ele>
    <time>2026-08-02T06:01:32Z</time>
   </trkpt>
   <trkpt lat="22.7380590" lon="120.3302390">
    <ele>19.6</ele>
    <time>2026-08-02T06:01:33Z</time>
   </trkpt>
   <trkpt lat="22.7380590" lon="120.3302410">
    <ele>19.6</ele>
    <time>2026-08-02T06:01:34Z</time>
   </trkpt>
   <trkpt lat="22.7380560" lon="120.3302400">
    <ele>19.6</ele>
    <time>2026-08-02T06:01:35Z</time>
   </trkpt>
   <trkpt lat="22.7380520" lon="120.3302320">
    <ele>19.6</ele>
    <time>2026-08-02T06:01:36Z</time>
   </trkpt>
   <trkpt lat="22.7380490" lon="120.3302210">
    <ele>19.6</ele>
    <time>2026-08-02T06:01:37Z</time>
   </trkpt>
   <trkpt lat="22.7380440" lon="120.3302090">
    <ele>19.6</ele>
    <time>2026-08-02T06:01:38Z</time>
   </trkpt>
   <trkpt lat="22.7380270" lon="120.3301990">
    <ele>19.7</ele>
    <time>2026-08-02T06:01:39Z</time>
   </trkpt>
   <trkpt lat="22.7380180" lon="120.3302000">
    <ele>19.7</ele>
    <time>2026-08-02T06:01:41Z</time>
   </trkpt>
   <trkpt lat="22.7380190" lon="120.3301970">
    <ele>19.7</ele>
    <time>2026-08-02T06:01:42Z</time>
   </trkpt>
   <trkpt lat="22.7380210" lon="120.3301920">
    <ele>19.7</ele>
    <time>2026-08-02T06:01:43Z</time>
   </trkpt>
   <trkpt lat="22.7380260" lon="120.3301620">
    <ele>19.7</ele>
    <time>2026-08-02T06:01:44Z</time>
   </trkpt>
   <trkpt lat="22.7380220" lon="120.3301490">
    <ele>19.7</ele>
    <time>2026-08-02T06:01:46Z</time>
   </trkpt>
   <trkpt lat="22.7380160" lon="120.3301450">
    <ele>19.7</ele>
    <time>2026-08-02T06:01:47Z</time>
   </trkpt>
   <trkpt lat="22.7380350" lon="120.3301480">
    <ele>19.7</ele>
    <time>2026-08-02T06:01:48Z</time>
   </trkpt>
   <trkpt lat="22.7380420" lon="120.3301320">
    <ele>19.7</ele>
    <time>2026-08-02T06:01:50Z</time>
   </trkpt>
   <trkpt lat="22.7380470" lon="120.3301140">
    <ele>19.7</ele>
    <time>2026-08-02T06:01:51Z</time>
   </trkpt>
   <trkpt lat="22.7380550" lon="120.3300800">
    <ele>19.7</ele>
    <time>2026-08-02T06:01:52Z</time>
   </trkpt>
   <trkpt lat="22.7380540" lon="120.3300660">
    <ele>19.7</ele>
    <time>2026-08-02T06:01:54Z</time>
   </trkpt>
   <trkpt lat="22.7380410" lon="120.3300330">
    <ele>19.7</ele>
    <time>2026-08-02T06:01:55Z</time>
   </trkpt>
   <trkpt lat="22.7380350" lon="120.3300220">
    <ele>19.7</ele>
    <time>2026-08-02T06:01:57Z</time>
   </trkpt>
   <trkpt lat="22.7380280" lon="120.3300130">
    <ele>19.7</ele>
    <time>2026-08-02T06:01:58Z</time>
   </trkpt>
   <trkpt lat="22.7380150" lon="120.3300050">
    <ele>19.7</ele>
    <time>2026-08-02T06:01:59Z</time>
   </trkpt>
   <trkpt lat="22.7380010" lon="120.3299970">
    <ele>19.7</ele>
    <time>2026-08-02T06:02:00Z</time>
   </trkpt>
   <trkpt lat="22.7379760" lon="120.3299830">
    <ele>19.7</ele>
    <time>2026-08-02T06:02:01Z</time>
   </trkpt>
   <trkpt lat="22.7379630" lon="120.3299780">
    <ele>19.7</ele>
    <time>2026-08-02T06:02:03Z</time>
   </trkpt>
   <trkpt lat="22.7379510" lon="120.3299720">
    <ele>19.7</ele>
    <time>2026-08-02T06:02:04Z</time>
   </trkpt>
   <trkpt lat="22.7379390" lon="120.3299720">
    <ele>19.7</ele>
    <time>2026-08-02T06:02:05Z</time>
   </trkpt>
   <trkpt lat="22.7379280" lon="120.3299810">
    <ele>19.7</ele>
    <time>2026-08-02T06:02:06Z</time>
   </trkpt>
   <trkpt lat="22.7379140" lon="120.3299860">
    <ele>19.7</ele>
    <time>2026-08-02T06:02:07Z</time>
   </trkpt>
   <trkpt lat="22.7379020" lon="120.3299880">
    <ele>19.7</ele>
    <time>2026-08-02T06:02:08Z</time>
   </trkpt>
   <trkpt lat="22.7378940" lon="120.3299880">
    <ele>19.7</ele>
    <time>2026-08-02T06:02:09Z</time>
   </trkpt>
   <trkpt lat="22.7378870" lon="120.3299880">
    <ele>19.7</ele>
    <time>2026-08-02T06:02:10Z</time>
   </trkpt>
   <trkpt lat="22.7378810" lon="120.3299880">
    <ele>19.7</ele>
    <time>2026-08-02T06:02:11Z</time>
   </trkpt>
   <trkpt lat="22.7378610" lon="120.3299840">
    <ele>19.7</ele>
    <time>2026-08-02T06:02:12Z</time>
   </trkpt>
   <trkpt lat="22.7378580" lon="120.3299630">
    <ele>19.7</ele>
    <time>2026-08-02T06:02:14Z</time>
   </trkpt>
   <trkpt lat="22.7378580" lon="120.3299630">
    <ele>19.7</ele>
    <time>2026-08-02T06:02:15Z</time>
   </trkpt>
   <trkpt lat="22.7378580" lon="120.3299630">
    <ele>19.7</ele>
    <time>2026-08-02T06:02:16Z</time>
   </trkpt>
   <trkpt lat="22.7378550" lon="120.3299440">
    <ele>19.7</ele>
    <time>2026-08-02T06:02:17Z</time>
   </trkpt>
   <trkpt lat="22.7378550" lon="120.3299440">
    <ele>19.7</ele>
    <time>2026-08-02T06:02:18Z</time>
   </trkpt>
   <trkpt lat="22.7378550" lon="120.3299440">
    <ele>19.7</ele>
    <time>2026-08-02T06:02:19Z</time>
   </trkpt>
   <trkpt lat="22.7378520" lon="120.3299220">
    <ele>19.7</ele>
    <time>2026-08-02T06:02:20Z</time>
   </trkpt>
   <trkpt lat="22.7378520" lon="120.3299220">
    <ele>19.7</ele>
    <time>2026-08-02T06:02:21Z</time>
   </trkpt>
   <trkpt lat="22.7378520" lon="120.3299220">
    <ele>19.7</ele>
    <time>2026-08-02T06:02:22Z</time>
   </trkpt>
   <trkpt lat="22.7378490" lon="120.3298990">
    <ele>19.7</ele>
    <time>2026-08-02T06:02:23Z</time>
   </trkpt>
   <trkpt lat="22.7378450" lon="120.3298700">
    <ele>19.7</ele>
    <time>2026-08-02T06:02:24Z</time>
   </trkpt>
   <trkpt lat="22.7378410" lon="120.3298410">
    <ele>19.7</ele>
    <time>2026-08-02T06:02:25Z</time>
   </trkpt>
   <trkpt lat="22.7378650" lon="120.3298350">
    <ele>19.7</ele>
    <time>2026-08-02T06:02:27Z</time>
   </trkpt>
   <trkpt lat="22.7379030" lon="120.3298410">
    <ele>19.6</ele>
    <time>2026-08-02T06:02:28Z</time>
   </trkpt>
   <trkpt lat="22.7379190" lon="120.3298440">
    <ele>19.6</ele>
    <time>2026-08-02T06:02:30Z</time>
   </trkpt>
   <trkpt lat="22.7379320" lon="120.3298450">
    <ele>19.6</ele>
    <time>2026-08-02T06:02:31Z</time>
   </trkpt>
   <trkpt lat="22.7379440" lon="120.3298470">
    <ele>19.6</ele>
    <time>2026-08-02T06:02:32Z</time>
   </trkpt>
   <trkpt lat="22.7379440" lon="120.3298520">
    <ele>19.6</ele>
    <time>2026-08-02T06:02:33Z</time>
   </trkpt>
   <trkpt lat="22.7379370" lon="120.3298580">
    <ele>19.6</ele>
    <time>2026-08-02T06:02:34Z</time>
   </trkpt>
   <trkpt lat="22.7379340" lon="120.3298700">
    <ele>19.6</ele>
    <time>2026-08-02T06:02:35Z</time>
   </trkpt>
   <trkpt lat="22.7379330" lon="120.3298890">
    <ele>19.6</ele>
    <time>2026-08-02T06:02:36Z</time>
   </trkpt>
   <trkpt lat="22.7379370" lon="120.3299030">
    <ele>19.6</ele>
    <time>2026-08-02T06:02:37Z</time>
   </trkpt>
   <trkpt lat="22.7379380" lon="120.3299160">
    <ele>19.6</ele>
    <time>2026-08-02T06:02:38Z</time>
   </trkpt>
   <trkpt lat="22.7379320" lon="120.3299160">
    <ele>19.6</ele>
    <time>2026-08-02T06:02:39Z</time>
   </trkpt>
   <trkpt lat="22.7379250" lon="120.3299150">
    <ele>19.6</ele>
    <time>2026-08-02T06:02:40Z</time>
   </trkpt>
   <trkpt lat="22.7379270" lon="120.3299190">
    <ele>19.6</ele>
    <time>2026-08-02T06:02:41Z</time>
   </trkpt>
   <trkpt lat="22.7379390" lon="120.3299140">
    <ele>19.6</ele>
    <time>2026-08-02T06:02:42Z</time>
   </trkpt>
   <trkpt lat="22.7379430" lon="120.3299100">
    <ele>19.6</ele>
    <time>2026-08-02T06:02:43Z</time>
   </trkpt>
   <trkpt lat="22.7379480" lon="120.3299050">
    <ele>19.6</ele>
    <time>2026-08-02T06:02:44Z</time>
   </trkpt>
   <trkpt lat="22.7379510" lon="120.3299030">
    <ele>19.6</ele>
    <time>2026-08-02T06:02:45Z</time>
   </trkpt>
   <trkpt lat="22.7379510" lon="120.3299020">
    <ele>19.6</ele>
    <time>2026-08-02T06:02:46Z</time>
   </trkpt>
   <trkpt lat="22.7379520" lon="120.3298990">
    <ele>19.6</ele>
    <time>2026-08-02T06:02:47Z</time>
   </trkpt>
   <trkpt lat="22.7379520" lon="120.3298990">
    <ele>19.6</ele>
    <time>2026-08-02T06:02:48Z</time>
   </trkpt>
   <trkpt lat="22.7379530" lon="120.3298980">
    <ele>19.6</ele>
    <time>2026-08-02T06:02:49Z</time>
   </trkpt>
   <trkpt lat="22.7379540" lon="120.3298980">
    <ele>19.6</ele>
    <time>2026-08-02T06:02:50Z</time>
   </trkpt>
   <trkpt lat="22.7379530" lon="120.3298980">
    <ele>19.6</ele>
    <time>2026-08-02T06:02:51Z</time>
   </trkpt>
   <trkpt lat="22.7379540" lon="120.3298980">
    <ele>19.6</ele>
    <time>2026-08-02T06:02:52Z</time>
   </trkpt>
   <trkpt lat="22.7379570" lon="120.3298920">
    <ele>19.6</ele>
    <time>2026-08-02T06:02:53Z</time>
   </trkpt>
   <trkpt lat="22.7379570" lon="120.3298910">
    <ele>19.6</ele>
    <time>2026-08-02T06:02:54Z</time>
   </trkpt>
   <trkpt lat="22.7379580" lon="120.3298900">
    <ele>19.6</ele>
    <time>2026-08-02T06:02:55Z</time>
   </trkpt>
   <trkpt lat="22.7379580" lon="120.3298880">
    <ele>19.6</ele>
    <time>2026-08-02T06:02:56Z</time>
   </trkpt>
   <trkpt lat="22.7379560" lon="120.3298860">
    <ele>19.6</ele>
    <time>2026-08-02T06:02:57Z</time>
   </trkpt>
   <trkpt lat="22.7379540" lon="120.3298820">
    <ele>19.6</ele>
    <time>2026-08-02T06:02:58Z</time>
   </trkpt>
   <trkpt lat="22.7379570" lon="120.3298620">
    <ele>19.6</ele>
    <time>2026-08-02T06:02:59Z</time>
   </trkpt>
   <trkpt lat="22.7379540" lon="120.3298230">
    <ele>19.6</ele>
    <time>2026-08-02T06:03:00Z</time>
   </trkpt>
   <trkpt lat="22.7379610" lon="120.3297990">
    <ele>19.6</ele>
    <time>2026-08-02T06:03:01Z</time>
   </trkpt>
   <trkpt lat="22.7379750" lon="120.3297850">
    <ele>19.6</ele>
    <time>2026-08-02T06:03:02Z</time>
   </trkpt>
   <trkpt lat="22.7379870" lon="120.3297880">
    <ele>19.5</ele>
    <time>2026-08-02T06:03:03Z</time>
   </trkpt>
   <trkpt lat="22.7379890" lon="120.3297910">
    <ele>19.5</ele>
    <time>2026-08-02T06:03:04Z</time>
   </trkpt>
   <trkpt lat="22.7379900" lon="120.3297910">
    <ele>19.5</ele>
    <time>2026-08-02T06:03:05Z</time>
   </trkpt>
   <trkpt lat="22.7379900" lon="120.3297940">
    <ele>19.5</ele>
    <time>2026-08-02T06:03:06Z</time>
   </trkpt>
   <trkpt lat="22.7379900" lon="120.3298020">
    <ele>19.5</ele>
    <time>2026-08-02T06:03:07Z</time>
   </trkpt>
   <trkpt lat="22.7379900" lon="120.3298080">
    <ele>19.5</ele>
    <time>2026-08-02T06:03:08Z</time>
   </trkpt>
   <trkpt lat="22.7379930" lon="120.3298140">
    <ele>19.5</ele>
    <time>2026-08-02T06:03:09Z</time>
   </trkpt>
   <trkpt lat="22.7379940" lon="120.3298130">
    <ele>19.5</ele>
    <time>2026-08-02T06:03:10Z</time>
   </trkpt>
   <trkpt lat="22.7379940" lon="120.3298080">
    <ele>19.5</ele>
    <time>2026-08-02T06:03:11Z</time>
   </trkpt>
   <trkpt lat="22.7380060" lon="120.3298050">
    <ele>19.5</ele>
    <time>2026-08-02T06:03:12Z</time>
   </trkpt>
   <trkpt lat="22.7380140" lon="120.3298070">
    <ele>19.5</ele>
    <time>2026-08-02T06:03:13Z</time>
   </trkpt>
   <trkpt lat="22.7380370" lon="120.3298060">
    <ele>19.5</ele>
    <time>2026-08-02T06:03:14Z</time>
   </trkpt>
   <trkpt lat="22.7380530" lon="120.3298020">
    <ele>19.5</ele>
    <time>2026-08-02T06:03:15Z</time>
   </trkpt>
   <trkpt lat="22.7380650" lon="120.3298010">
    <ele>19.5</ele>
    <time>2026-08-02T06:03:16Z</time>
   </trkpt>
   <trkpt lat="22.7380730" lon="120.3297970">
    <ele>19.5</ele>
    <time>2026-08-02T06:03:17Z</time>
   </trkpt>
   <trkpt lat="22.7380790" lon="120.3297950">
    <ele>19.5</ele>
    <time>2026-08-02T06:03:18Z</time>
   </trkpt>
   <trkpt lat="22.7380760" lon="120.3297930">
    <ele>19.5</ele>
    <time>2026-08-02T06:03:19Z</time>
   </trkpt>
   <trkpt lat="22.7380730" lon="120.3297890">
    <ele>19.5</ele>
    <time>2026-08-02T06:03:20Z</time>
   </trkpt>
   <trkpt lat="22.7380710" lon="120.3297870">
    <ele>19.5</ele>
    <time>2026-08-02T06:03:21Z</time>
   </trkpt>
   <trkpt lat="22.7380690" lon="120.3297870">
    <ele>19.5</ele>
    <time>2026-08-02T06:03:22Z</time>
   </trkpt>
   <trkpt lat="22.7380670" lon="120.3297870">
    <ele>19.5</ele>
    <time>2026-08-02T06:03:23Z</time>
   </trkpt>
   <trkpt lat="22.7380640" lon="120.3297860">
    <ele>19.5</ele>
    <time>2026-08-02T06:03:24Z</time>
   </trkpt>
   <trkpt lat="22.7380620" lon="120.3297860">
    <ele>19.5</ele>
    <time>2026-08-02T06:03:25Z</time>
   </trkpt>
   <trkpt lat="22.7380530" lon="120.3297840">
    <ele>19.5</ele>
    <time>2026-08-02T06:03:26Z</time>
   </trkpt>
   <trkpt lat="22.7380510" lon="120.3297830">
    <ele>19.5</ele>
    <time>2026-08-02T06:03:28Z</time>
   </trkpt>
   <trkpt lat="22.7380510" lon="120.3297800">
    <ele>19.5</ele>
    <time>2026-08-02T06:03:29Z</time>
   </trkpt>
   <trkpt lat="22.7380520" lon="120.3297760">
    <ele>19.5</ele>
    <time>2026-08-02T06:03:30Z</time>
   </trkpt>
   <trkpt lat="22.7380560" lon="120.3297710">
    <ele>19.5</ele>
    <time>2026-08-02T06:03:31Z</time>
   </trkpt>
   <trkpt lat="22.7380680" lon="120.3297470">
    <ele>19.5</ele>
    <time>2026-08-02T06:03:33Z</time>
   </trkpt>
   <trkpt lat="22.7380740" lon="120.3297260">
    <ele>19.5</ele>
    <time>2026-08-02T06:03:35Z</time>
   </trkpt>
   <trkpt lat="22.7380810" lon="120.3297120">
    <ele>19.5</ele>
    <time>2026-08-02T06:03:36Z</time>
   </trkpt>
   <trkpt lat="22.7380820" lon="120.3296910">
    <ele>19.5</ele>
    <time>2026-08-02T06:03:37Z</time>
   </trkpt>
   <trkpt lat="22.7380840" lon="120.3296700">
    <ele>19.4</ele>
    <time>2026-08-02T06:03:38Z</time>
   </trkpt>
   <trkpt lat="22.7380860" lon="120.3296500">
    <ele>19.4</ele>
    <time>2026-08-02T06:03:39Z</time>
   </trkpt>
   <trkpt lat="22.7380910" lon="120.3296410">
    <ele>19.4</ele>
    <time>2026-08-02T06:03:40Z</time>
   </trkpt>
   <trkpt lat="22.7381020" lon="120.3296370">
    <ele>19.4</ele>
    <time>2026-08-02T06:03:41Z</time>
   </trkpt>
   <trkpt lat="22.7381120" lon="120.3296300">
    <ele>19.4</ele>
    <time>2026-08-02T06:03:42Z</time>
   </trkpt>
   <trkpt lat="22.7381190" lon="120.3296210">
    <ele>19.4</ele>
    <time>2026-08-02T06:03:43Z</time>
   </trkpt>
   <trkpt lat="22.7381290" lon="120.3296090">
    <ele>19.4</ele>
    <time>2026-08-02T06:03:44Z</time>
   </trkpt>
   <trkpt lat="22.7381310" lon="120.3296040">
    <ele>19.4</ele>
    <time>2026-08-02T06:03:45Z</time>
   </trkpt>
   <trkpt lat="22.7381370" lon="120.3295990">
    <ele>19.4</ele>
    <time>2026-08-02T06:03:46Z</time>
   </trkpt>
   <trkpt lat="22.7381490" lon="120.3295970">
    <ele>19.4</ele>
    <time>2026-08-02T06:03:47Z</time>
   </trkpt>
   <trkpt lat="22.7381620" lon="120.3295960">
    <ele>19.4</ele>
    <time>2026-08-02T06:03:48Z</time>
   </trkpt>
   <trkpt lat="22.7381700" lon="120.3296020">
    <ele>19.4</ele>
    <time>2026-08-02T06:03:49Z</time>
   </trkpt>
   <trkpt lat="22.7381730" lon="120.3296080">
    <ele>19.4</ele>
    <time>2026-08-02T06:03:50Z</time>
   </trkpt>
   <trkpt lat="22.7381790" lon="120.3296170">
    <ele>19.4</ele>
    <time>2026-08-02T06:03:51Z</time>
   </trkpt>
   <trkpt lat="22.7381910" lon="120.3296230">
    <ele>19.4</ele>
    <time>2026-08-02T06:03:52Z</time>
   </trkpt>
   <trkpt lat="22.7382030" lon="120.3296260">
    <ele>19.4</ele>
    <time>2026-08-02T06:03:53Z</time>
   </trkpt>
   <trkpt lat="22.7382110" lon="120.3296300">
    <ele>19.4</ele>
    <time>2026-08-02T06:03:54Z</time>
   </trkpt>
   <trkpt lat="22.7382170" lon="120.3296400">
    <ele>19.4</ele>
    <time>2026-08-02T06:03:55Z</time>
   </trkpt>
   <trkpt lat="22.7382210" lon="120.3296510">
    <ele>19.4</ele>
    <time>2026-08-02T06:03:56Z</time>
   </trkpt>
   <trkpt lat="22.7382280" lon="120.3296650">
    <ele>19.4</ele>
    <time>2026-08-02T06:03:57Z</time>
   </trkpt>
   <trkpt lat="22.7382330" lon="120.3296760">
    <ele>19.4</ele>
    <time>2026-08-02T06:03:58Z</time>
   </trkpt>
   <trkpt lat="22.7382370" lon="120.3296870">
    <ele>19.4</ele>
    <time>2026-08-02T06:03:59Z</time>
   </trkpt>
   <trkpt lat="22.7382410" lon="120.3296980">
    <ele>19.4</ele>
    <time>2026-08-02T06:04:00Z</time>
   </trkpt>
   <trkpt lat="22.7382460" lon="120.3297080">
    <ele>19.4</ele>
    <time>2026-08-02T06:04:01Z</time>
   </trkpt>
   <trkpt lat="22.7382570" lon="120.3297250">
    <ele>19.3</ele>
    <time>2026-08-02T06:04:02Z</time>
   </trkpt>
   <trkpt lat="22.7382710" lon="120.3297380">
    <ele>19.3</ele>
    <time>2026-08-02T06:04:04Z</time>
   </trkpt>
   <trkpt lat="22.7382800" lon="120.3297440">
    <ele>19.3</ele>
    <time>2026-08-02T06:04:06Z</time>
   </trkpt>
   <trkpt lat="22.7383000" lon="120.3297480">
    <ele>19.3</ele>
    <time>2026-08-02T06:04:07Z</time>
   </trkpt>
   <trkpt lat="22.7383110" lon="120.3297400">
    <ele>19.3</ele>
    <time>2026-08-02T06:04:09Z</time>
   </trkpt>
   <trkpt lat="22.7383140" lon="120.3297320">
    <ele>19.3</ele>
    <time>2026-08-02T06:04:10Z</time>
   </trkpt>
   <trkpt lat="22.7383160" lon="120.3297260">
    <ele>19.3</ele>
    <time>2026-08-02T06:04:11Z</time>
   </trkpt>
   <trkpt lat="22.7383190" lon="120.3297240">
    <ele>19.3</ele>
    <time>2026-08-02T06:04:12Z</time>
   </trkpt>
   <trkpt lat="22.7383220" lon="120.3297250">
    <ele>19.3</ele>
    <time>2026-08-02T06:04:13Z</time>
   </trkpt>
   <trkpt lat="22.7383270" lon="120.3297300">
    <ele>19.3</ele>
    <time>2026-08-02T06:04:14Z</time>
   </trkpt>
   <trkpt lat="22.7383300" lon="120.3297360">
    <ele>19.3</ele>
    <time>2026-08-02T06:04:15Z</time>
   </trkpt>
   <trkpt lat="22.7383350" lon="120.3297430">
    <ele>19.3</ele>
    <time>2026-08-02T06:04:16Z</time>
   </trkpt>
   <trkpt lat="22.7383470" lon="120.3297470">
    <ele>19.3</ele>
    <time>2026-08-02T06:04:17Z</time>
   </trkpt>
   <trkpt lat="22.7383540" lon="120.3297470">
    <ele>19.3</ele>
    <time>2026-08-02T06:04:19Z</time>
   </trkpt>
   <trkpt lat="22.7383560" lon="120.3297480">
    <ele>19.3</ele>
    <time>2026-08-02T06:04:20Z</time>
   </trkpt>
   <trkpt lat="22.7383610" lon="120.3297460">
    <ele>19.3</ele>
    <time>2026-08-02T06:04:21Z</time>
   </trkpt>
   <trkpt lat="22.7383570" lon="120.3297620">
    <ele>19.3</ele>
    <time>2026-08-02T06:04:22Z</time>
   </trkpt>
   <trkpt lat="22.7383520" lon="120.3297700">
    <ele>19.3</ele>
    <time>2026-08-02T06:04:23Z</time>
   </trkpt>
   <trkpt lat="22.7383490" lon="120.3297810">
    <ele>19.3</ele>
    <time>2026-08-02T06:04:25Z</time>
   </trkpt>
   <trkpt lat="22.7383520" lon="120.3297910">
    <ele>19.3</ele>
    <time>2026-08-02T06:04:26Z</time>
   </trkpt>
   <trkpt lat="22.7383660" lon="120.3298030">
    <ele>19.3</ele>
    <time>2026-08-02T06:04:27Z</time>
   </trkpt>
   <trkpt lat="22.7383610" lon="120.3298130">
    <ele>19.3</ele>
    <time>2026-08-02T06:04:29Z</time>
   </trkpt>
   <trkpt lat="22.7383520" lon="120.3298190">
    <ele>19.3</ele>
    <time>2026-08-02T06:04:30Z</time>
   </trkpt>
   <trkpt lat="22.7383440" lon="120.3298450">
    <ele>19.3</ele>
    <time>2026-08-02T06:04:31Z</time>
   </trkpt>
   <trkpt lat="22.7383480" lon="120.3298540">
    <ele>19.3</ele>
    <time>2026-08-02T06:04:33Z</time>
   </trkpt>
   <trkpt lat="22.7383570" lon="120.3298580">
    <ele>19.3</ele>
    <time>2026-08-02T06:04:34Z</time>
   </trkpt>
   <trkpt lat="22.7383660" lon="120.3298580">
    <ele>19.3</ele>
    <time>2026-08-02T06:04:35Z</time>
   </trkpt>
   <trkpt lat="22.7383620" lon="120.3298670">
    <ele>19.3</ele>
    <time>2026-08-02T06:04:36Z</time>
   </trkpt>
   <trkpt lat="22.7383540" lon="120.3298760">
    <ele>19.3</ele>
    <time>2026-08-02T06:04:37Z</time>
   </trkpt>
   <trkpt lat="22.7383470" lon="120.3298930">
    <ele>19.2</ele>
    <time>2026-08-02T06:04:38Z</time>
   </trkpt>
   <trkpt lat="22.7383460" lon="120.3299070">
    <ele>19.2</ele>
    <time>2026-08-02T06:04:39Z</time>
   </trkpt>
   <trkpt lat="22.7383500" lon="120.3299150">
    <ele>19.2</ele>
    <time>2026-08-02T06:04:40Z</time>
   </trkpt>
   <trkpt lat="22.7383560" lon="120.3299240">
    <ele>19.2</ele>
    <time>2026-08-02T06:04:41Z</time>
   </trkpt>
   <trkpt lat="22.7383580" lon="120.3299280">
    <ele>19.2</ele>
    <time>2026-08-02T06:04:42Z</time>
   </trkpt>
   <trkpt lat="22.7383570" lon="120.3299330">
    <ele>19.2</ele>
    <time>2026-08-02T06:04:43Z</time>
   </trkpt>
   <trkpt lat="22.7383560" lon="120.3299370">
    <ele>19.2</ele>
    <time>2026-08-02T06:04:44Z</time>
   </trkpt>
   <trkpt lat="22.7383550" lon="120.3299400">
    <ele>19.2</ele>
    <time>2026-08-02T06:04:45Z</time>
   </trkpt>
   <trkpt lat="22.7383540" lon="120.3299470">
    <ele>19.2</ele>
    <time>2026-08-02T06:04:46Z</time>
   </trkpt>
   <trkpt lat="22.7383520" lon="120.3299600">
    <ele>19.2</ele>
    <time>2026-08-02T06:04:47Z</time>
   </trkpt>
   <trkpt lat="22.7383540" lon="120.3299670">
    <ele>19.2</ele>
    <time>2026-08-02T06:04:48Z</time>
   </trkpt>
   <trkpt lat="22.7383570" lon="120.3299680">
    <ele>19.2</ele>
    <time>2026-08-02T06:04:49Z</time>
   </trkpt>
   <trkpt lat="22.7383590" lon="120.3299680">
    <ele>19.2</ele>
    <time>2026-08-02T06:04:50Z</time>
   </trkpt>
   <trkpt lat="22.7383600" lon="120.3299680">
    <ele>19.2</ele>
    <time>2026-08-02T06:04:51Z</time>
   </trkpt>
   <trkpt lat="22.7383590" lon="120.3299690">
    <ele>19.2</ele>
    <time>2026-08-02T06:04:52Z</time>
   </trkpt>
   <trkpt lat="22.7383560" lon="120.3299750">
    <ele>19.2</ele>
    <time>2026-08-02T06:04:53Z</time>
   </trkpt>
   <trkpt lat="22.7383470" lon="120.3299930">
    <ele>19.2</ele>
    <time>2026-08-02T06:04:55Z</time>
   </trkpt>
   <trkpt lat="22.7383500" lon="120.3300040">
    <ele>19.2</ele>
    <time>2026-08-02T06:04:56Z</time>
   </trkpt>
   <trkpt lat="22.7383600" lon="120.3300040">
    <ele>19.2</ele>
    <time>2026-08-02T06:04:57Z</time>
   </trkpt>
   <trkpt lat="22.7383670" lon="120.3300030">
    <ele>19.2</ele>
    <time>2026-08-02T06:04:58Z</time>
   </trkpt>
   <trkpt lat="22.7383660" lon="120.3300070">
    <ele>19.2</ele>
    <time>2026-08-02T06:04:59Z</time>
   </trkpt>
   <trkpt lat="22.7383630" lon="120.3300110">
    <ele>19.2</ele>
    <time>2026-08-02T06:05:00Z</time>
   </trkpt>
   <trkpt lat="22.7383630" lon="120.3300170">
    <ele>19.2</ele>
    <time>2026-08-02T06:05:01Z</time>
   </trkpt>
   <trkpt lat="22.7383630" lon="120.3300270">
    <ele>19.2</ele>
    <time>2026-08-02T06:05:02Z</time>
   </trkpt>
   <trkpt lat="22.7383650" lon="120.3300360">
    <ele>19.2</ele>
    <time>2026-08-02T06:05:03Z</time>
   </trkpt>
   <trkpt lat="22.7383670" lon="120.3300390">
    <ele>19.2</ele>
    <time>2026-08-02T06:05:04Z</time>
   </trkpt>
   <trkpt lat="22.7383700" lon="120.3300430">
    <ele>19.2</ele>
    <time>2026-08-02T06:05:05Z</time>
   </trkpt>
   <trkpt lat="22.7383830" lon="120.3300410">
    <ele>19.2</ele>
    <time>2026-08-02T06:05:06Z</time>
   </trkpt>
   <trkpt lat="22.7383900" lon="120.3300400">
    <ele>19.2</ele>
    <time>2026-08-02T06:05:08Z</time>
   </trkpt>
   <trkpt lat="22.7383960" lon="120.3300430">
    <ele>19.2</ele>
    <time>2026-08-02T06:05:09Z</time>
   </trkpt>
   <trkpt lat="22.7384030" lon="120.3300500">
    <ele>19.2</ele>
    <time>2026-08-02T06:05:10Z</time>
   </trkpt>
   <trkpt lat="22.7384020" lon="120.3300530">
    <ele>19.2</ele>
    <time>2026-08-02T06:05:12Z</time>
   </trkpt>
   <trkpt lat="22.7383990" lon="120.3300600">
    <ele>19.2</ele>
    <time>2026-08-02T06:05:13Z</time>
   </trkpt>
   <trkpt lat="22.7384000" lon="120.3300680">
    <ele>19.2</ele>
    <time>2026-08-02T06:05:14Z</time>
   </trkpt>
   <trkpt lat="22.7383990" lon="120.3300720">
    <ele>19.2</ele>
    <time>2026-08-02T06:05:15Z</time>
   </trkpt>
   <trkpt lat="22.7384000" lon="120.3300770">
    <ele>19.2</ele>
    <time>2026-08-02T06:05:16Z</time>
   </trkpt>
   <trkpt lat="22.7384020" lon="120.3300810">
    <ele>19.2</ele>
    <time>2026-08-02T06:05:17Z</time>
   </trkpt>
   <trkpt lat="22.7384030" lon="120.3300910">
    <ele>19.2</ele>
    <time>2026-08-02T06:05:19Z</time>
   </trkpt>
   <trkpt lat="22.7384120" lon="120.3301130">
    <ele>19.2</ele>
    <time>2026-08-02T06:05:20Z</time>
   </trkpt>
   <trkpt lat="22.7384250" lon="120.3301270">
    <ele>19.2</ele>
    <time>2026-08-02T06:05:21Z</time>
   </trkpt>
   <trkpt lat="22.7384370" lon="120.3301350">
    <ele>19.1</ele>
    <time>2026-08-02T06:05:22Z</time>
   </trkpt>
   <trkpt lat="22.7384430" lon="120.3301370">
    <ele>19.1</ele>
    <time>2026-08-02T06:05:23Z</time>
   </trkpt>
   <trkpt lat="22.7384440" lon="120.3301380">
    <ele>19.1</ele>
    <time>2026-08-02T06:05:24Z</time>
   </trkpt>
   <trkpt lat="22.7384440" lon="120.3301430">
    <ele>19.1</ele>
    <time>2026-08-02T06:05:25Z</time>
   </trkpt>
   <trkpt lat="22.7384510" lon="120.3301570">
    <ele>19.1</ele>
    <time>2026-08-02T06:05:26Z</time>
   </trkpt>
   <trkpt lat="22.7384610" lon="120.3301660">
    <ele>19.1</ele>
    <time>2026-08-02T06:05:27Z</time>
   </trkpt>
   <trkpt lat="22.7384690" lon="120.3301760">
    <ele>19.1</ele>
    <time>2026-08-02T06:05:28Z</time>
   </trkpt>
   <trkpt lat="22.7384760" lon="120.3301800">
    <ele>19.1</ele>
    <time>2026-08-02T06:05:29Z</time>
   </trkpt>
   <trkpt lat="22.7384800" lon="120.3301800">
    <ele>19.1</ele>
    <time>2026-08-02T06:05:30Z</time>
   </trkpt>
   <trkpt lat="22.7384820" lon="120.3301790">
    <ele>19.1</ele>
    <time>2026-08-02T06:05:31Z</time>
   </trkpt>
   <trkpt lat="22.7384850" lon="120.3301860">
    <ele>19.1</ele>
    <time>2026-08-02T06:05:32Z</time>
   </trkpt>
   <trkpt lat="22.7384890" lon="120.3301880">
    <ele>19.1</ele>
    <time>2026-08-02T06:05:33Z</time>
   </trkpt>
   <trkpt lat="22.7384930" lon="120.3301860">
    <ele>19.1</ele>
    <time>2026-08-02T06:05:34Z</time>
   </trkpt>
   <trkpt lat="22.7384960" lon="120.3301880">
    <ele>19.1</ele>
    <time>2026-08-02T06:05:35Z</time>
   </trkpt>
   <trkpt lat="22.7384970" lon="120.3301920">
    <ele>19.1</ele>
    <time>2026-08-02T06:05:36Z</time>
   </trkpt>
   <trkpt lat="22.7384970" lon="120.3301950">
    <ele>19.1</ele>
    <time>2026-08-02T06:05:37Z</time>
   </trkpt>
   <trkpt lat="22.7384960" lon="120.3301980">
    <ele>19.1</ele>
    <time>2026-08-02T06:05:38Z</time>
   </trkpt>
   <trkpt lat="22.7384980" lon="120.3302010">
    <ele>19.1</ele>
    <time>2026-08-02T06:05:39Z</time>
   </trkpt>
   <trkpt lat="22.7384970" lon="120.3302040">
    <ele>19.1</ele>
    <time>2026-08-02T06:05:40Z</time>
   </trkpt>
   <trkpt lat="22.7384990" lon="120.3302100">
    <ele>19.1</ele>
    <time>2026-08-02T06:05:41Z</time>
   </trkpt>
   <trkpt lat="22.7385030" lon="120.3302140">
    <ele>19.1</ele>
    <time>2026-08-02T06:05:42Z</time>
   </trkpt>
   <trkpt lat="22.7385050" lon="120.3302220">
    <ele>19.1</ele>
    <time>2026-08-02T06:05:43Z</time>
   </trkpt>
   <trkpt lat="22.7385020" lon="120.3302530">
    <ele>19.1</ele>
    <time>2026-08-02T06:05:44Z</time>
   </trkpt>
   <trkpt lat="22.7385050" lon="120.3302690">
    <ele>19.1</ele>
    <time>2026-08-02T06:05:46Z</time>
   </trkpt>
   <trkpt lat="22.7385040" lon="120.3302870">
    <ele>19.1</ele>
    <time>2026-08-02T06:05:47Z</time>
   </trkpt>
   <trkpt lat="22.7385080" lon="120.3302930">
    <ele>19.1</ele>
    <time>2026-08-02T06:05:48Z</time>
   </trkpt>
   <trkpt lat="22.7384980" lon="120.3303010">
    <ele>19.1</ele>
    <time>2026-08-02T06:05:49Z</time>
   </trkpt>
   <trkpt lat="22.7384900" lon="120.3302990">
    <ele>19.1</ele>
    <time>2026-08-02T06:05:50Z</time>
   </trkpt>
   <trkpt lat="22.7384960" lon="120.3303030">
    <ele>19.1</ele>
    <time>2026-08-02T06:05:52Z</time>
   </trkpt>
   <trkpt lat="22.7385010" lon="120.3303100">
    <ele>19.1</ele>
    <time>2026-08-02T06:05:53Z</time>
   </trkpt>
   <trkpt lat="22.7385110" lon="120.3303200">
    <ele>19.1</ele>
    <time>2026-08-02T06:05:54Z</time>
   </trkpt>
   <trkpt lat="22.7385170" lon="120.3303290">
    <ele>19.1</ele>
    <time>2026-08-02T06:05:55Z</time>
   </trkpt>
   <trkpt lat="22.7385160" lon="120.3303380">
    <ele>19.1</ele>
    <time>2026-08-02T06:05:56Z</time>
   </trkpt>
   <trkpt lat="22.7385180" lon="120.3303480">
    <ele>19.1</ele>
    <time>2026-08-02T06:05:57Z</time>
   </trkpt>
   <trkpt lat="22.7385250" lon="120.3303590">
    <ele>19.1</ele>
    <time>2026-08-02T06:05:58Z</time>
   </trkpt>
   <trkpt lat="22.7385350" lon="120.3303660">
    <ele>19.1</ele>
    <time>2026-08-02T06:05:59Z</time>
   </trkpt>
   <trkpt lat="22.7385450" lon="120.3303700">
    <ele>19.1</ele>
    <time>2026-08-02T06:06:00Z</time>
   </trkpt>
   <trkpt lat="22.7385630" lon="120.3303560">
    <ele>19.0</ele>
    <time>2026-08-02T06:06:01Z</time>
   </trkpt>
   <trkpt lat="22.7385730" lon="120.3303490">
    <ele>19.0</ele>
    <time>2026-08-02T06:06:02Z</time>
   </trkpt>
   <trkpt lat="22.7385840" lon="120.3303540">
    <ele>19.0</ele>
    <time>2026-08-02T06:06:03Z</time>
   </trkpt>
   <trkpt lat="22.7385940" lon="120.3303600">
    <ele>19.0</ele>
    <time>2026-08-02T06:06:04Z</time>
   </trkpt>
   <trkpt lat="22.7386120" lon="120.3303670">
    <ele>19.0</ele>
    <time>2026-08-02T06:06:05Z</time>
   </trkpt>
   <trkpt lat="22.7386210" lon="120.3303650">
    <ele>19.0</ele>
    <time>2026-08-02T06:06:07Z</time>
   </trkpt>
   <trkpt lat="22.7386230" lon="120.3303640">
    <ele>19.0</ele>
    <time>2026-08-02T06:06:08Z</time>
   </trkpt>
   <trkpt lat="22.7386300" lon="120.3303780">
    <ele>19.0</ele>
    <time>2026-08-02T06:06:09Z</time>
   </trkpt>
   <trkpt lat="22.7386350" lon="120.3303880">
    <ele>19.0</ele>
    <time>2026-08-02T06:06:11Z</time>
   </trkpt>
   <trkpt lat="22.7386360" lon="120.3303940">
    <ele>19.0</ele>
    <time>2026-08-02T06:06:12Z</time>
   </trkpt>
   <trkpt lat="22.7386370" lon="120.3304010">
    <ele>19.0</ele>
    <time>2026-08-02T06:06:13Z</time>
   </trkpt>
   <trkpt lat="22.7386390" lon="120.3304050">
    <ele>19.0</ele>
    <time>2026-08-02T06:06:14Z</time>
   </trkpt>
   <trkpt lat="22.7386400" lon="120.3304120">
    <ele>19.0</ele>
    <time>2026-08-02T06:06:15Z</time>
   </trkpt>
   <trkpt lat="22.7386340" lon="120.3304120">
    <ele>19.0</ele>
    <time>2026-08-02T06:06:16Z</time>
   </trkpt>
   <trkpt lat="22.7386240" lon="120.3304190">
    <ele>19.0</ele>
    <time>2026-08-02T06:06:17Z</time>
   </trkpt>
   <trkpt lat="22.7386100" lon="120.3304320">
    <ele>19.0</ele>
    <time>2026-08-02T06:06:18Z</time>
   </trkpt>
   <trkpt lat="22.7386070" lon="120.3304440">
    <ele>19.0</ele>
    <time>2026-08-02T06:06:19Z</time>
   </trkpt>
   <trkpt lat="22.7386320" lon="120.3304490">
    <ele>19.0</ele>
    <time>2026-08-02T06:06:20Z</time>
   </trkpt>
   <trkpt lat="22.7386250" lon="120.3304430">
    <ele>19.0</ele>
    <time>2026-08-02T06:06:21Z</time>
   </trkpt>
   <trkpt lat="22.7386200" lon="120.3304480">
    <ele>19.0</ele>
    <time>2026-08-02T06:06:23Z</time>
   </trkpt>
   <trkpt lat="22.7386250" lon="120.3304570">
    <ele>19.0</ele>
    <time>2026-08-02T06:06:24Z</time>
   </trkpt>
   <trkpt lat="22.7386340" lon="120.3304680">
    <ele>19.0</ele>
    <time>2026-08-02T06:06:25Z</time>
   </trkpt>
   <trkpt lat="22.7386480" lon="120.3304720">
    <ele>19.0</ele>
    <time>2026-08-02T06:06:26Z</time>
   </trkpt>
   <trkpt lat="22.7386560" lon="120.3304650">
    <ele>19.0</ele>
    <time>2026-08-02T06:06:27Z</time>
   </trkpt>
   <trkpt lat="22.7386580" lon="120.3304550">
    <ele>19.0</ele>
    <time>2026-08-02T06:06:28Z</time>
   </trkpt>
   <trkpt lat="22.7386500" lon="120.3304420">
    <ele>19.0</ele>
    <time>2026-08-02T06:06:29Z</time>
   </trkpt>
   <trkpt lat="22.7386410" lon="120.3304350">
    <ele>19.0</ele>
    <time>2026-08-02T06:06:30Z</time>
   </trkpt>
   <trkpt lat="22.7386340" lon="120.3304300">
    <ele>19.0</ele>
    <time>2026-08-02T06:06:31Z</time>
   </trkpt>
   <trkpt lat="22.7386260" lon="120.3304270">
    <ele>19.0</ele>
    <time>2026-08-02T06:06:32Z</time>
   </trkpt>
   <trkpt lat="22.7386180" lon="120.3304240">
    <ele>19.0</ele>
    <time>2026-08-02T06:06:33Z</time>
   </trkpt>
   <trkpt lat="22.7386190" lon="120.3304330">
    <ele>19.0</ele>
    <time>2026-08-02T06:06:34Z</time>
   </trkpt>
   <trkpt lat="22.7386160" lon="120.3304360">
    <ele>19.0</ele>
    <time>2026-08-02T06:06:36Z</time>
   </trkpt>
   <trkpt lat="22.7386160" lon="120.3304230">
    <ele>19.0</ele>
    <time>2026-08-02T06:06:37Z</time>
   </trkpt>
   <trkpt lat="22.7386310" lon="120.3304250">
    <ele>19.0</ele>
    <time>2026-08-02T06:06:38Z</time>
   </trkpt>
   <trkpt lat="22.7386400" lon="120.3304050">
    <ele>19.0</ele>
    <time>2026-08-02T06:06:39Z</time>
   </trkpt>
   <trkpt lat="22.7386370" lon="120.3303940">
    <ele>19.0</ele>
    <time>2026-08-02T06:06:41Z</time>
   </trkpt>
   <trkpt lat="22.7386280" lon="120.3303910">
    <ele>19.0</ele>
    <time>2026-08-02T06:06:42Z</time>
   </trkpt>
   <trkpt lat="22.7386280" lon="120.3303830">
    <ele>19.0</ele>
    <time>2026-08-02T06:06:43Z</time>
   </trkpt>
   <trkpt lat="22.7386490" lon="120.3303610">
    <ele>19.0</ele>
    <time>2026-08-02T06:06:44Z</time>
   </trkpt>
   <trkpt lat="22.7386490" lon="120.3303480">
    <ele>19.0</ele>
    <time>2026-08-02T06:06:45Z</time>
   </trkpt>
   <trkpt lat="22.7386410" lon="120.3303390">
    <ele>19.0</ele>
    <time>2026-08-02T06:06:47Z</time>
   </trkpt>
   <trkpt lat="22.7386320" lon="120.3303430">
    <ele>19.0</ele>
    <time>2026-08-02T06:06:48Z</time>
   </trkpt>
   <trkpt lat="22.7386220" lon="120.3303500">
    <ele>19.0</ele>
    <time>2026-08-02T06:06:49Z</time>
   </trkpt>
   <trkpt lat="22.7386170" lon="120.3303480">
    <ele>19.0</ele>
    <time>2026-08-02T06:06:50Z</time>
   </trkpt>
   <trkpt lat="22.7386200" lon="120.3303380">
    <ele>19.0</ele>
    <time>2026-08-02T06:06:51Z</time>
   </trkpt>
   <trkpt lat="22.7386240" lon="120.3303280">
    <ele>19.0</ele>
    <time>2026-08-02T06:06:52Z</time>
   </trkpt>
   <trkpt lat="22.7386290" lon="120.3303120">
    <ele>19.1</ele>
    <time>2026-08-02T06:06:53Z</time>
   </trkpt>
   <trkpt lat="22.7386280" lon="120.3303030">
    <ele>19.1</ele>
    <time>2026-08-02T06:06:54Z</time>
   </trkpt>
   <trkpt lat="22.7386180" lon="120.3302990">
    <ele>19.1</ele>
    <time>2026-08-02T06:06:55Z</time>
   </trkpt>
   <trkpt lat="22.7386110" lon="120.3303030">
    <ele>19.1</ele>
    <time>2026-08-02T06:06:56Z</time>
   </trkpt>
   <trkpt lat="22.7386120" lon="120.3302960">
    <ele>19.1</ele>
    <time>2026-08-02T06:06:57Z</time>
   </trkpt>
   <trkpt lat="22.7386150" lon="120.3302860">
    <ele>19.1</ele>
    <time>2026-08-02T06:06:59Z</time>
   </trkpt>
   <trkpt lat="22.7386150" lon="120.3302730">
    <ele>19.1</ele>
    <time>2026-08-02T06:07:00Z</time>
   </trkpt>
   <trkpt lat="22.7386090" lon="120.3302650">
    <ele>19.1</ele>
    <time>2026-08-02T06:07:01Z</time>
   </trkpt>
   <trkpt lat="22.7385960" lon="120.3302670">
    <ele>19.1</ele>
    <time>2026-08-02T06:07:02Z</time>
   </trkpt>
   <trkpt lat="22.7385900" lon="120.3302640">
    <ele>19.1</ele>
    <time>2026-08-02T06:07:03Z</time>
   </trkpt>
   <trkpt lat="22.7386060" lon="120.3302520">
    <ele>19.1</ele>
    <time>2026-08-02T06:07:04Z</time>
   </trkpt>
   <trkpt lat="22.7386060" lon="120.3302390">
    <ele>19.1</ele>
    <time>2026-08-02T06:07:06Z</time>
   </trkpt>
   <trkpt lat="22.7386000" lon="120.3302300">
    <ele>19.1</ele>
    <time>2026-08-02T06:07:07Z</time>
   </trkpt>
   <trkpt lat="22.7385870" lon="120.3302230">
    <ele>19.1</ele>
    <time>2026-08-02T06:07:08Z</time>
   </trkpt>
   <trkpt lat="22.7385800" lon="120.3302230">
    <ele>19.1</ele>
    <time>2026-08-02T06:07:09Z</time>
   </trkpt>
   <trkpt lat="22.7385820" lon="120.3301980">
    <ele>19.1</ele>
    <time>2026-08-02T06:07:10Z</time>
   </trkpt>
   <trkpt lat="22.7385820" lon="120.3301860">
    <ele>19.1</ele>
    <time>2026-08-02T06:07:12Z</time>
   </trkpt>
   <trkpt lat="22.7385780" lon="120.3301800">
    <ele>19.1</ele>
    <time>2026-08-02T06:07:13Z</time>
   </trkpt>
   <trkpt lat="22.7385710" lon="120.3301820">
    <ele>19.1</ele>
    <time>2026-08-02T06:07:14Z</time>
   </trkpt>
   <trkpt lat="22.7385660" lon="120.3301840">
    <ele>19.1</ele>
    <time>2026-08-02T06:07:15Z</time>
   </trkpt>
   <trkpt lat="22.7385750" lon="120.3301640">
    <ele>19.1</ele>
    <time>2026-08-02T06:07:16Z</time>
   </trkpt>
   <trkpt lat="22.7385690" lon="120.3301490">
    <ele>19.1</ele>
    <time>2026-08-02T06:07:18Z</time>
   </trkpt>
   <trkpt lat="22.7385560" lon="120.3301440">
    <ele>19.1</ele>
    <time>2026-08-02T06:07:19Z</time>
   </trkpt>
   <trkpt lat="22.7385460" lon="120.3301500">
    <ele>19.1</ele>
    <time>2026-08-02T06:07:20Z</time>
   </trkpt>
   <trkpt lat="22.7385420" lon="120.3301480">
    <ele>19.1</ele>
    <time>2026-08-02T06:07:21Z</time>
   </trkpt>
   <trkpt lat="22.7385410" lon="120.3301340">
    <ele>19.1</ele>
    <time>2026-08-02T06:07:22Z</time>
   </trkpt>
   <trkpt lat="22.7385410" lon="120.3301200">
    <ele>19.1</ele>
    <time>2026-08-02T06:07:23Z</time>
   </trkpt>
   <trkpt lat="22.7385350" lon="120.3301130">
    <ele>19.1</ele>
    <time>2026-08-02T06:07:24Z</time>
   </trkpt>
   <trkpt lat="22.7385250" lon="120.3301160">
    <ele>19.1</ele>
    <time>2026-08-02T06:07:25Z</time>
   </trkpt>
   <trkpt lat="22.7385120" lon="120.3301200">
    <ele>19.2</ele>
    <time>2026-08-02T06:07:26Z</time>
   </trkpt>
   <trkpt lat="22.7385130" lon="120.3301170">
    <ele>19.2</ele>
    <time>2026-08-02T06:07:28Z</time>
   </trkpt>
   <trkpt lat="22.7385000" lon="120.3301170">
    <ele>19.2</ele>
    <time>2026-08-02T06:07:29Z</time>
   </trkpt>
   <trkpt lat="22.7384910" lon="120.3301200">
    <ele>19.2</ele>
    <time>2026-08-02T06:07:31Z</time>
   </trkpt>
   <trkpt lat="22.7384870" lon="120.3301250">
    <ele>19.2</ele>
    <time>2026-08-02T06:07:32Z</time>
   </trkpt>
   <trkpt lat="22.7384870" lon="120.3301200">
    <ele>19.2</ele>
    <time>2026-08-02T06:07:33Z</time>
   </trkpt>
   <trkpt lat="22.7384860" lon="120.3301110">
    <ele>19.2</ele>
    <time>2026-08-02T06:07:34Z</time>
   </trkpt>
   <trkpt lat="22.7384770" lon="120.3300990">
    <ele>19.2</ele>
    <time>2026-08-02T06:07:35Z</time>
   </trkpt>
   <trkpt lat="22.7384670" lon="120.3300940">
    <ele>19.2</ele>
    <time>2026-08-02T06:07:36Z</time>
   </trkpt>
   <trkpt lat="22.7384620" lon="120.3300950">
    <ele>19.2</ele>
    <time>2026-08-02T06:07:37Z</time>
   </trkpt>
   <trkpt lat="22.7384640" lon="120.3300970">
    <ele>19.2</ele>
    <time>2026-08-02T06:07:38Z</time>
   </trkpt>
   <trkpt lat="22.7384670" lon="120.3300930">
    <ele>19.2</ele>
    <time>2026-08-02T06:07:39Z</time>
   </trkpt>
   <trkpt lat="22.7384650" lon="120.3300840">
    <ele>19.2</ele>
    <time>2026-08-02T06:07:40Z</time>
   </trkpt>
   <trkpt lat="22.7384580" lon="120.3300710">
    <ele>19.2</ele>
    <time>2026-08-02T06:07:41Z</time>
   </trkpt>
   <trkpt lat="22.7384520" lon="120.3300630">
    <ele>19.2</ele>
    <time>2026-08-02T06:07:42Z</time>
   </trkpt>
   <trkpt lat="22.7384440" lon="120.3300560">
    <ele>19.2</ele>
    <time>2026-08-02T06:07:43Z</time>
   </trkpt>
   <trkpt lat="22.7384290" lon="120.3300530">
    <ele>19.2</ele>
    <time>2026-08-02T06:07:44Z</time>
   </trkpt>
   <trkpt lat="22.7384170" lon="120.3300640">
    <ele>19.2</ele>
    <time>2026-08-02T06:07:45Z</time>
   </trkpt>
   <trkpt lat="22.7384050" lon="120.3300780">
    <ele>19.2</ele>
    <time>2026-08-02T06:07:46Z</time>
   </trkpt>
   <trkpt lat="22.7384010" lon="120.3300710">
    <ele>19.2</ele>
    <time>2026-08-02T06:07:47Z</time>
   </trkpt>
   <trkpt lat="22.7384020" lon="120.3300580">
    <ele>19.2</ele>
    <time>2026-08-02T06:07:48Z</time>
   </trkpt>
   <trkpt lat="22.7384030" lon="120.3300300">
    <ele>19.2</ele>
    <time>2026-08-02T06:07:49Z</time>
   </trkpt>
   <trkpt lat="22.7384000" lon="120.3300210">
    <ele>19.2</ele>
    <time>2026-08-02T06:07:51Z</time>
   </trkpt>
   <trkpt lat="22.7383940" lon="120.3300270">
    <ele>19.2</ele>
    <time>2026-08-02T06:07:52Z</time>
   </trkpt>
   <trkpt lat="22.7384010" lon="120.3300240">
    <ele>19.2</ele>
    <time>2026-08-02T06:07:54Z</time>
   </trkpt>
   <trkpt lat="22.7383990" lon="120.3300090">
    <ele>19.2</ele>
    <time>2026-08-02T06:07:55Z</time>
   </trkpt>
   <trkpt lat="22.7384000" lon="120.3299930">
    <ele>19.2</ele>
    <time>2026-08-02T06:07:56Z</time>
   </trkpt>
   <trkpt lat="22.7384010" lon="120.3299830">
    <ele>19.2</ele>
    <time>2026-08-02T06:07:57Z</time>
   </trkpt>
   <trkpt lat="22.7383970" lon="120.3299740">
    <ele>19.2</ele>
    <time>2026-08-02T06:07:58Z</time>
   </trkpt>
   <trkpt lat="22.7383910" lon="120.3299740">
    <ele>19.2</ele>
    <time>2026-08-02T06:07:59Z</time>
   </trkpt>
   <trkpt lat="22.7383880" lon="120.3299740">
    <ele>19.2</ele>
    <time>2026-08-02T06:08:00Z</time>
   </trkpt>
   <trkpt lat="22.7383930" lon="120.3299630">
    <ele>19.2</ele>
    <time>2026-08-02T06:08:01Z</time>
   </trkpt>
   <trkpt lat="22.7383990" lon="120.3299420">
    <ele>19.3</ele>
    <time>2026-08-02T06:08:02Z</time>
   </trkpt>
   <trkpt lat="22.7383940" lon="120.3299320">
    <ele>19.3</ele>
    <time>2026-08-02T06:08:04Z</time>
   </trkpt>
   <trkpt lat="22.7383840" lon="120.3299330">
    <ele>19.3</ele>
    <time>2026-08-02T06:08:05Z</time>
   </trkpt>
   <trkpt lat="22.7383810" lon="120.3299340">
    <ele>19.3</ele>
    <time>2026-08-02T06:08:06Z</time>
   </trkpt>
   <trkpt lat="22.7383820" lon="120.3299250">
    <ele>19.3</ele>
    <time>2026-08-02T06:08:07Z</time>
   </trkpt>
   <trkpt lat="22.7383850" lon="120.3299010">
    <ele>19.3</ele>
    <time>2026-08-02T06:08:08Z</time>
   </trkpt>
   <trkpt lat="22.7383840" lon="120.3298940">
    <ele>19.3</ele>
    <time>2026-08-02T06:08:10Z</time>
   </trkpt>
   <trkpt lat="22.7383770" lon="120.3298960">
    <ele>19.3</ele>
    <time>2026-08-02T06:08:11Z</time>
   </trkpt>
   <trkpt lat="22.7383720" lon="120.3299030">
    <ele>19.3</ele>
    <time>2026-08-02T06:08:12Z</time>
   </trkpt>
   <trkpt lat="22.7383740" lon="120.3298960">
    <ele>19.3</ele>
    <time>2026-08-02T06:08:13Z</time>
   </trkpt>
   <trkpt lat="22.7383770" lon="120.3298690">
    <ele>19.3</ele>
    <time>2026-08-02T06:08:15Z</time>
   </trkpt>
   <trkpt lat="22.7383670" lon="120.3298580">
    <ele>19.3</ele>
    <time>2026-08-02T06:08:17Z</time>
   </trkpt>
   <trkpt lat="22.7383580" lon="120.3298630">
    <ele>19.3</ele>
    <time>2026-08-02T06:08:18Z</time>
   </trkpt>
   <trkpt lat="22.7383670" lon="120.3298670">
    <ele>19.3</ele>
    <time>2026-08-02T06:08:19Z</time>
   </trkpt>
   <trkpt lat="22.7383680" lon="120.3298650">
    <ele>19.3</ele>
    <time>2026-08-02T06:08:21Z</time>
   </trkpt>
   <trkpt lat="22.7383650" lon="120.3298640">
    <ele>19.3</ele>
    <time>2026-08-02T06:08:22Z</time>
   </trkpt>
   <trkpt lat="22.7383560" lon="120.3298560">
    <ele>19.3</ele>
    <time>2026-08-02T06:08:23Z</time>
   </trkpt>
   <trkpt lat="22.7383480" lon="120.3298530">
    <ele>19.3</ele>
    <time>2026-08-02T06:08:24Z</time>
   </trkpt>
   <trkpt lat="22.7383410" lon="120.3298520">
    <ele>19.3</ele>
    <time>2026-08-02T06:08:25Z</time>
   </trkpt>
   <trkpt lat="22.7383370" lon="120.3298500">
    <ele>19.3</ele>
    <time>2026-08-02T06:08:26Z</time>
   </trkpt>
   <trkpt lat="22.7383330" lon="120.3298440">
    <ele>19.3</ele>
    <time>2026-08-02T06:08:27Z</time>
   </trkpt>
   <trkpt lat="22.7383270" lon="120.3298360">
    <ele>19.3</ele>
    <time>2026-08-02T06:08:28Z</time>
   </trkpt>
   <trkpt lat="22.7383190" lon="120.3298270">
    <ele>19.3</ele>
    <time>2026-08-02T06:08:29Z</time>
   </trkpt>
   <trkpt lat="22.7383070" lon="120.3298210">
    <ele>19.3</ele>
    <time>2026-08-02T06:08:30Z</time>
   </trkpt>
   <trkpt lat="22.7383000" lon="120.3298060">
    <ele>19.3</ele>
    <time>2026-08-02T06:08:31Z</time>
   </trkpt>
   <trkpt lat="22.7382980" lon="120.3297910">
    <ele>19.3</ele>
    <time>2026-08-02T06:08:32Z</time>
   </trkpt>
   <trkpt lat="22.7383040" lon="120.3297820">
    <ele>19.3</ele>
    <time>2026-08-02T06:08:33Z</time>
   </trkpt>
   <trkpt lat="22.7383040" lon="120.3297670">
    <ele>19.3</ele>
    <time>2026-08-02T06:08:34Z</time>
   </trkpt>
   <trkpt lat="22.7382980" lon="120.3297480">
    <ele>19.3</ele>
    <time>2026-08-02T06:08:35Z</time>
   </trkpt>
   <trkpt lat="22.7382990" lon="120.3297350">
    <ele>19.3</ele>
    <time>2026-08-02T06:08:36Z</time>
   </trkpt>
   <trkpt lat="22.7382970" lon="120.3297220">
    <ele>19.3</ele>
    <time>2026-08-02T06:08:37Z</time>
   </trkpt>
   <trkpt lat="22.7382980" lon="120.3297110">
    <ele>19.4</ele>
    <time>2026-08-02T06:08:38Z</time>
   </trkpt>
   <trkpt lat="22.7382900" lon="120.3297000">
    <ele>19.4</ele>
    <time>2026-08-02T06:08:39Z</time>
   </trkpt>
   <trkpt lat="22.7382720" lon="120.3296920">
    <ele>19.4</ele>
    <time>2026-08-02T06:08:40Z</time>
   </trkpt>
   <trkpt lat="22.7382600" lon="120.3296860">
    <ele>19.4</ele>
    <time>2026-08-02T06:08:41Z</time>
   </trkpt>
   <trkpt lat="22.7382540" lon="120.3296770">
    <ele>19.4</ele>
    <time>2026-08-02T06:08:42Z</time>
   </trkpt>
   <trkpt lat="22.7382460" lon="120.3296650">
    <ele>19.4</ele>
    <time>2026-08-02T06:08:43Z</time>
   </trkpt>
   <trkpt lat="22.7382300" lon="120.3296470">
    <ele>19.4</ele>
    <time>2026-08-02T06:08:44Z</time>
   </trkpt>
   <trkpt lat="22.7382210" lon="120.3296390">
    <ele>19.4</ele>
    <time>2026-08-02T06:08:46Z</time>
   </trkpt>
   <trkpt lat="22.7382130" lon="120.3296320">
    <ele>19.4</ele>
    <time>2026-08-02T06:08:47Z</time>
   </trkpt>
   <trkpt lat="22.7382080" lon="120.3296280">
    <ele>19.4</ele>
    <time>2026-08-02T06:08:48Z</time>
   </trkpt>
   <trkpt lat="22.7382010" lon="120.3296210">
    <ele>19.4</ele>
    <time>2026-08-02T06:08:49Z</time>
   </trkpt>
   <trkpt lat="22.7381940" lon="120.3296030">
    <ele>19.4</ele>
    <time>2026-08-02T06:08:50Z</time>
   </trkpt>
   <trkpt lat="22.7381940" lon="120.3295930">
    <ele>19.4</ele>
    <time>2026-08-02T06:08:52Z</time>
   </trkpt>
   <trkpt lat="22.7381770" lon="120.3295770">
    <ele>19.4</ele>
    <time>2026-08-02T06:08:53Z</time>
   </trkpt>
   <trkpt lat="22.7381710" lon="120.3295710">
    <ele>19.4</ele>
    <time>2026-08-02T06:08:55Z</time>
   </trkpt>
   <trkpt lat="22.7381710" lon="120.3295620">
    <ele>19.4</ele>
    <time>2026-08-02T06:08:56Z</time>
   </trkpt>
   <trkpt lat="22.7381780" lon="120.3295570">
    <ele>19.4</ele>
    <time>2026-08-02T06:08:57Z</time>
   </trkpt>
   <trkpt lat="22.7381860" lon="120.3295580">
    <ele>19.4</ele>
    <time>2026-08-02T06:08:58Z</time>
   </trkpt>
   <trkpt lat="22.7381910" lon="120.3295620">
    <ele>19.4</ele>
    <time>2026-08-02T06:08:59Z</time>
   </trkpt>
   <trkpt lat="22.7381920" lon="120.3295660">
    <ele>19.4</ele>
    <time>2026-08-02T06:09:00Z</time>
   </trkpt>
   <trkpt lat="22.7381940" lon="120.3295700">
    <ele>19.4</ele>
    <time>2026-08-02T06:09:01Z</time>
   </trkpt>
   <trkpt lat="22.7381970" lon="120.3295680">
    <ele>19.4</ele>
    <time>2026-08-02T06:09:02Z</time>
   </trkpt>
   <trkpt lat="22.7381970" lon="120.3295650">
    <ele>19.4</ele>
    <time>2026-08-02T06:09:03Z</time>
   </trkpt>
   <trkpt lat="22.7382000" lon="120.3295510">
    <ele>19.3</ele>
    <time>2026-08-02T06:09:04Z</time>
   </trkpt>
   <trkpt lat="22.7382060" lon="120.3295470">
    <ele>19.3</ele>
    <time>2026-08-02T06:09:06Z</time>
   </trkpt>
   <trkpt lat="22.7382110" lon="120.3295450">
    <ele>19.3</ele>
    <time>2026-08-02T06:09:07Z</time>
   </trkpt>
   <trkpt lat="22.7382120" lon="120.3295420">
    <ele>19.3</ele>
    <time>2026-08-02T06:09:08Z</time>
   </trkpt>
   <trkpt lat="22.7382090" lon="120.3295330">
    <ele>19.3</ele>
    <time>2026-08-02T06:09:09Z</time>
   </trkpt>
   <trkpt lat="22.7382110" lon="120.3295240">
    <ele>19.3</ele>
    <time>2026-08-02T06:09:10Z</time>
   </trkpt>
   <trkpt lat="22.7382200" lon="120.3295160">
    <ele>19.3</ele>
    <time>2026-08-02T06:09:11Z</time>
   </trkpt>
   <trkpt lat="22.7382330" lon="120.3295160">
    <ele>19.3</ele>
    <time>2026-08-02T06:09:13Z</time>
   </trkpt>
   <trkpt lat="22.7382440" lon="120.3295250">
    <ele>19.3</ele>
    <time>2026-08-02T06:09:14Z</time>
   </trkpt>
   <trkpt lat="22.7382570" lon="120.3295270">
    <ele>19.3</ele>
    <time>2026-08-02T06:09:15Z</time>
   </trkpt>
   <trkpt lat="22.7382610" lon="120.3295200">
    <ele>19.3</ele>
    <time>2026-08-02T06:09:16Z</time>
   </trkpt>
   <trkpt lat="22.7382590" lon="120.3295150">
    <ele>19.3</ele>
    <time>2026-08-02T06:09:17Z</time>
   </trkpt>
   <trkpt lat="22.7382630" lon="120.3295080">
    <ele>19.3</ele>
    <time>2026-08-02T06:09:18Z</time>
   </trkpt>
   <trkpt lat="22.7382660" lon="120.3294990">
    <ele>19.3</ele>
    <time>2026-08-02T06:09:19Z</time>
   </trkpt>
   <trkpt lat="22.7382730" lon="120.3294960">
    <ele>19.3</ele>
    <time>2026-08-02T06:09:20Z</time>
   </trkpt>
   <trkpt lat="22.7382820" lon="120.3294970">
    <ele>19.3</ele>
    <time>2026-08-02T06:09:21Z</time>
   </trkpt>
   <trkpt lat="22.7382860" lon="120.3294970">
    <ele>19.3</ele>
    <time>2026-08-02T06:09:22Z</time>
   </trkpt>
   <trkpt lat="22.7382890" lon="120.3294980">
    <ele>19.3</ele>
    <time>2026-08-02T06:09:23Z</time>
   </trkpt>
   <trkpt lat="22.7382950" lon="120.3294940">
    <ele>19.3</ele>
    <time>2026-08-02T06:09:24Z</time>
   </trkpt>
   <trkpt lat="22.7383010" lon="120.3294880">
    <ele>19.3</ele>
    <time>2026-08-02T06:09:25Z</time>
   </trkpt>
   <trkpt lat="22.7383050" lon="120.3294840">
    <ele>19.3</ele>
    <time>2026-08-02T06:09:26Z</time>
   </trkpt>
   <trkpt lat="22.7383100" lon="120.3294840">
    <ele>19.3</ele>
    <time>2026-08-02T06:09:27Z</time>
   </trkpt>
   <trkpt lat="22.7383100" lon="120.3294860">
    <ele>19.3</ele>
    <time>2026-08-02T06:09:28Z</time>
   </trkpt>
   <trkpt lat="22.7383120" lon="120.3294850">
    <ele>19.3</ele>
    <time>2026-08-02T06:09:29Z</time>
   </trkpt>
   <trkpt lat="22.7383140" lon="120.3294780">
    <ele>19.3</ele>
    <time>2026-08-02T06:09:30Z</time>
   </trkpt>
   <trkpt lat="22.7383180" lon="120.3294710">
    <ele>19.3</ele>
    <time>2026-08-02T06:09:31Z</time>
   </trkpt>
   <trkpt lat="22.7383230" lon="120.3294630">
    <ele>19.3</ele>
    <time>2026-08-02T06:09:32Z</time>
   </trkpt>
   <trkpt lat="22.7383260" lon="120.3294560">
    <ele>19.3</ele>
    <time>2026-08-02T06:09:33Z</time>
   </trkpt>
   <trkpt lat="22.7383310" lon="120.3294440">
    <ele>19.2</ele>
    <time>2026-08-02T06:09:34Z</time>
   </trkpt>
   <trkpt lat="22.7383340" lon="120.3294310">
    <ele>19.2</ele>
    <time>2026-08-02T06:09:35Z</time>
   </trkpt>
   <trkpt lat="22.7383380" lon="120.3294220">
    <ele>19.2</ele>
    <time>2026-08-02T06:09:36Z</time>
   </trkpt>
   <trkpt lat="22.7383400" lon="120.3294160">
    <ele>19.2</ele>
    <time>2026-08-02T06:09:37Z</time>
   </trkpt>
   <trkpt lat="22.7383370" lon="120.3293990">
    <ele>19.2</ele>
    <time>2026-08-02T06:09:38Z</time>
   </trkpt>
   <trkpt lat="22.7383440" lon="120.3293820">
    <ele>19.2</ele>
    <time>2026-08-02T06:09:40Z</time>
   </trkpt>
   <trkpt lat="22.7383520" lon="120.3293690">
    <ele>19.2</ele>
    <time>2026-08-02T06:09:41Z</time>
   </trkpt>
   <trkpt lat="22.7383580" lon="120.3293620">
    <ele>19.2</ele>
    <time>2026-08-02T06:09:42Z</time>
   </trkpt>
   <trkpt lat="22.7383620" lon="120.3293560">
    <ele>19.2</ele>
    <time>2026-08-02T06:09:43Z</time>
   </trkpt>
   <trkpt lat="22.7383680" lon="120.3293470">
    <ele>19.2</ele>
    <time>2026-08-02T06:09:44Z</time>
   </trkpt>
   <trkpt lat="22.7383760" lon="120.3293410">
    <ele>19.2</ele>
    <time>2026-08-02T06:09:45Z</time>
   </trkpt>
   <trkpt lat="22.7383840" lon="120.3293400">
    <ele>19.2</ele>
    <time>2026-08-02T06:09:46Z</time>
   </trkpt>
   <trkpt lat="22.7383900" lon="120.3293340">
    <ele>19.2</ele>
    <time>2026-08-02T06:09:47Z</time>
   </trkpt>
   <trkpt lat="22.7383920" lon="120.3293340">
    <ele>19.2</ele>
    <time>2026-08-02T06:09:49Z</time>
   </trkpt>
   <trkpt lat="22.7384090" lon="120.3293370">
    <ele>19.2</ele>
    <time>2026-08-02T06:09:50Z</time>
   </trkpt>
   <trkpt lat="22.7384190" lon="120.3293400">
    <ele>19.2</ele>
    <time>2026-08-02T06:09:51Z</time>
   </trkpt>
   <trkpt lat="22.7384300" lon="120.3293420">
    <ele>19.2</ele>
    <time>2026-08-02T06:09:53Z</time>
   </trkpt>
   <trkpt lat="22.7384340" lon="120.3293400">
    <ele>19.2</ele>
    <time>2026-08-02T06:09:54Z</time>
   </trkpt>
   <trkpt lat="22.7384410" lon="120.3293370">
    <ele>19.2</ele>
    <time>2026-08-02T06:09:55Z</time>
   </trkpt>
   <trkpt lat="22.7384470" lon="120.3293340">
    <ele>19.2</ele>
    <time>2026-08-02T06:09:57Z</time>
   </trkpt>
   <trkpt lat="22.7384540" lon="120.3293290">
    <ele>19.2</ele>
    <time>2026-08-02T06:09:58Z</time>
   </trkpt>
   <trkpt lat="22.7384620" lon="120.3293230">
    <ele>19.2</ele>
    <time>2026-08-02T06:09:59Z</time>
   </trkpt>
   <trkpt lat="22.7384760" lon="120.3293160">
    <ele>19.2</ele>
    <time>2026-08-02T06:10:00Z</time>
   </trkpt>
   <trkpt lat="22.7384910" lon="120.3293110">
    <ele>19.2</ele>
    <time>2026-08-02T06:10:01Z</time>
   </trkpt>
   <trkpt lat="22.7385000" lon="120.3293120">
    <ele>19.1</ele>
    <time>2026-08-02T06:10:02Z</time>
   </trkpt>
   <trkpt lat="22.7385090" lon="120.3293130">
    <ele>19.1</ele>
    <time>2026-08-02T06:10:03Z</time>
   </trkpt>
   <trkpt lat="22.7385160" lon="120.3293130">
    <ele>19.1</ele>
    <time>2026-08-02T06:10:04Z</time>
   </trkpt>
   <trkpt lat="22.7385240" lon="120.3293140">
    <ele>19.1</ele>
    <time>2026-08-02T06:10:05Z</time>
   </trkpt>
   <trkpt lat="22.7385300" lon="120.3293200">
    <ele>19.1</ele>
    <time>2026-08-02T06:10:06Z</time>
   </trkpt>
   <trkpt lat="22.7385360" lon="120.3293270">
    <ele>19.1</ele>
    <time>2026-08-02T06:10:07Z</time>
   </trkpt>
   <trkpt lat="22.7385410" lon="120.3293320">
    <ele>19.1</ele>
    <time>2026-08-02T06:10:08Z</time>
   </trkpt>
   <trkpt lat="22.7385480" lon="120.3293400">
    <ele>19.1</ele>
    <time>2026-08-02T06:10:09Z</time>
   </trkpt>
   <trkpt lat="22.7385570" lon="120.3293470">
    <ele>19.1</ele>
    <time>2026-08-02T06:10:10Z</time>
   </trkpt>
   <trkpt lat="22.7385650" lon="120.3293550">
    <ele>19.1</ele>
    <time>2026-08-02T06:10:11Z</time>
   </trkpt>
   <trkpt lat="22.7385720" lon="120.3293640">
    <ele>19.1</ele>
    <time>2026-08-02T06:10:12Z</time>
   </trkpt>
   <trkpt lat="22.7385820" lon="120.3293800">
    <ele>19.1</ele>
    <time>2026-08-02T06:10:13Z</time>
   </trkpt>
   <trkpt lat="22.7385950" lon="120.3293930">
    <ele>19.1</ele>
    <time>2026-08-02T06:10:14Z</time>
   </trkpt>
   <trkpt lat="22.7386040" lon="120.3293980">
    <ele>19.1</ele>
    <time>2026-08-02T06:10:15Z</time>
   </trkpt>
   <trkpt lat="22.7386130" lon="120.3294060">
    <ele>19.1</ele>
    <time>2026-08-02T06:10:16Z</time>
   </trkpt>
   <trkpt lat="22.7386200" lon="120.3294130">
    <ele>19.1</ele>
    <time>2026-08-02T06:10:17Z</time>
   </trkpt>
   <trkpt lat="22.7386250" lon="120.3294200">
    <ele>19.1</ele>
    <time>2026-08-02T06:10:18Z</time>
   </trkpt>
   <trkpt lat="22.7386320" lon="120.3294180">
    <ele>19.1</ele>
    <time>2026-08-02T06:10:19Z</time>
   </trkpt>
   <trkpt lat="22.7386370" lon="120.3294110">
    <ele>19.1</ele>
    <time>2026-08-02T06:10:20Z</time>
   </trkpt>
   <trkpt lat="22.7386390" lon="120.3294210">
    <ele>19.1</ele>
    <time>2026-08-02T06:10:21Z</time>
   </trkpt>
   <trkpt lat="22.7386390" lon="120.3294320">
    <ele>19.1</ele>
    <time>2026-08-02T06:10:22Z</time>
   </trkpt>
   <trkpt lat="22.7386400" lon="120.3294440">
    <ele>19.1</ele>
    <time>2026-08-02T06:10:23Z</time>
   </trkpt>
   <trkpt lat="22.7386410" lon="120.3294550">
    <ele>19.1</ele>
    <time>2026-08-02T06:10:24Z</time>
   </trkpt>
   <trkpt lat="22.7386450" lon="120.3294600">
    <ele>19.1</ele>
    <time>2026-08-02T06:10:25Z</time>
   </trkpt>
   <trkpt lat="22.7386450" lon="120.3294530">
    <ele>19.1</ele>
    <time>2026-08-02T06:10:26Z</time>
   </trkpt>
   <trkpt lat="22.7386390" lon="120.3294510">
    <ele>19.1</ele>
    <time>2026-08-02T06:10:27Z</time>
   </trkpt>
   <trkpt lat="22.7386300" lon="120.3294520">
    <ele>19.1</ele>
    <time>2026-08-02T06:10:28Z</time>
   </trkpt>
   <trkpt lat="22.7386270" lon="120.3294690">
    <ele>19.1</ele>
    <time>2026-08-02T06:10:29Z</time>
   </trkpt>
   <trkpt lat="22.7386300" lon="120.3294790">
    <ele>19.1</ele>
    <time>2026-08-02T06:10:30Z</time>
   </trkpt>
   <trkpt lat="22.7386290" lon="120.3294850">
    <ele>19.1</ele>
    <time>2026-08-02T06:10:31Z</time>
   </trkpt>
   <trkpt lat="22.7386330" lon="120.3294850">
    <ele>19.1</ele>
    <time>2026-08-02T06:10:32Z</time>
   </trkpt>
   <trkpt lat="22.7386410" lon="120.3294850">
    <ele>19.1</ele>
    <time>2026-08-02T06:10:33Z</time>
   </trkpt>
   <trkpt lat="22.7386500" lon="120.3294890">
    <ele>19.1</ele>
    <time>2026-08-02T06:10:34Z</time>
   </trkpt>
   <trkpt lat="22.7386500" lon="120.3294990">
    <ele>19.1</ele>
    <time>2026-08-02T06:10:35Z</time>
   </trkpt>
   <trkpt lat="22.7386460" lon="120.3295090">
    <ele>19.1</ele>
    <time>2026-08-02T06:10:36Z</time>
   </trkpt>
   <trkpt lat="22.7386480" lon="120.3295190">
    <ele>19.1</ele>
    <time>2026-08-02T06:10:37Z</time>
   </trkpt>
   <trkpt lat="22.7386520" lon="120.3295280">
    <ele>19.1</ele>
    <time>2026-08-02T06:10:38Z</time>
   </trkpt>
   <trkpt lat="22.7386580" lon="120.3295310">
    <ele>19.1</ele>
    <time>2026-08-02T06:10:39Z</time>
   </trkpt>
   <trkpt lat="22.7386620" lon="120.3295380">
    <ele>19.1</ele>
    <time>2026-08-02T06:10:40Z</time>
   </trkpt>
   <trkpt lat="22.7386580" lon="120.3295450">
    <ele>19.1</ele>
    <time>2026-08-02T06:10:42Z</time>
   </trkpt>
   <trkpt lat="22.7386590" lon="120.3295580">
    <ele>19.1</ele>
    <time>2026-08-02T06:10:43Z</time>
   </trkpt>
   <trkpt lat="22.7386640" lon="120.3295780">
    <ele>19.1</ele>
    <time>2026-08-02T06:10:44Z</time>
   </trkpt>
   <trkpt lat="22.7386690" lon="120.3295810">
    <ele>19.1</ele>
    <time>2026-08-02T06:10:46Z</time>
   </trkpt>
   <trkpt lat="22.7386700" lon="120.3295780">
    <ele>19.1</ele>
    <time>2026-08-02T06:10:47Z</time>
   </trkpt>
   <trkpt lat="22.7386740" lon="120.3295740">
    <ele>19.1</ele>
    <time>2026-08-02T06:10:48Z</time>
   </trkpt>
   <trkpt lat="22.7386740" lon="120.3295820">
    <ele>19.1</ele>
    <time>2026-08-02T06:10:49Z</time>
   </trkpt>
   <trkpt lat="22.7386720" lon="120.3295940">
    <ele>19.1</ele>
    <time>2026-08-02T06:10:51Z</time>
   </trkpt>
   <trkpt lat="22.7386730" lon="120.3296000">
    <ele>19.1</ele>
    <time>2026-08-02T06:10:52Z</time>
   </trkpt>
   <trkpt lat="22.7386780" lon="120.3295980">
    <ele>19.1</ele>
    <time>2026-08-02T06:10:53Z</time>
   </trkpt>
   <trkpt lat="22.7386800" lon="120.3295950">
    <ele>19.1</ele>
    <time>2026-08-02T06:10:54Z</time>
   </trkpt>
   <trkpt lat="22.7386780" lon="120.3295940">
    <ele>19.1</ele>
    <time>2026-08-02T06:10:55Z</time>
   </trkpt>
   <trkpt lat="22.7386760" lon="120.3295950">
    <ele>19.1</ele>
    <time>2026-08-02T06:10:56Z</time>
   </trkpt>
   <trkpt lat="22.7386740" lon="120.3295960">
    <ele>19.1</ele>
    <time>2026-08-02T06:10:57Z</time>
   </trkpt>
   <trkpt lat="22.7386720" lon="120.3295970">
    <ele>19.1</ele>
    <time>2026-08-02T06:10:58Z</time>
   </trkpt>
   <trkpt lat="22.7386690" lon="120.3296000">
    <ele>19.1</ele>
    <time>2026-08-02T06:10:59Z</time>
   </trkpt>
   <trkpt lat="22.7386620" lon="120.3296020">
    <ele>19.1</ele>
    <time>2026-08-02T06:11:00Z</time>
   </trkpt>
   <trkpt lat="22.7386610" lon="120.3296040">
    <ele>19.1</ele>
    <time>2026-08-02T06:11:01Z</time>
   </trkpt>
   <trkpt lat="22.7386590" lon="120.3296050">
    <ele>19.1</ele>
    <time>2026-08-02T06:11:03Z</time>
   </trkpt>
   <trkpt lat="22.7386600" lon="120.3296080">
    <ele>19.1</ele>
    <time>2026-08-02T06:11:04Z</time>
   </trkpt>
   <trkpt lat="22.7386640" lon="120.3296090">
    <ele>19.1</ele>
    <time>2026-08-02T06:11:05Z</time>
   </trkpt>
   <trkpt lat="22.7386540" lon="120.3296090">
    <ele>19.0</ele>
    <time>2026-08-02T06:11:07Z</time>
   </trkpt>
   <trkpt lat="22.7386540" lon="120.3296180">
    <ele>19.0</ele>
    <time>2026-08-02T06:11:08Z</time>
   </trkpt>
   <trkpt lat="22.7386560" lon="120.3296280">
    <ele>19.0</ele>
    <time>2026-08-02T06:11:10Z</time>
   </trkpt>
   <trkpt lat="22.7386590" lon="120.3296420">
    <ele>19.0</ele>
    <time>2026-08-02T06:11:11Z</time>
   </trkpt>
   <trkpt lat="22.7386740" lon="120.3296550">
    <ele>19.0</ele>
    <time>2026-08-02T06:11:12Z</time>
   </trkpt>
   <trkpt lat="22.7386770" lon="120.3296610">
    <ele>19.0</ele>
    <time>2026-08-02T06:11:14Z</time>
   </trkpt>
   <trkpt lat="22.7386760" lon="120.3296700">
    <ele>19.0</ele>
    <time>2026-08-02T06:11:15Z</time>
   </trkpt>
   <trkpt lat="22.7386700" lon="120.3296810">
    <ele>19.0</ele>
    <time>2026-08-02T06:11:16Z</time>
   </trkpt>
   <trkpt lat="22.7386640" lon="120.3297010">
    <ele>19.0</ele>
    <time>2026-08-02T06:11:17Z</time>
   </trkpt>
   <trkpt lat="22.7386650" lon="120.3297190">
    <ele>19.0</ele>
    <time>2026-08-02T06:11:18Z</time>
   </trkpt>
   <trkpt lat="22.7386740" lon="120.3297340">
    <ele>19.0</ele>
    <time>2026-08-02T06:11:19Z</time>
   </trkpt>
   <trkpt lat="22.7386830" lon="120.3297410">
    <ele>19.0</ele>
    <time>2026-08-02T06:11:20Z</time>
   </trkpt>
   <trkpt lat="22.7386750" lon="120.3297390">
    <ele>19.0</ele>
    <time>2026-08-02T06:11:22Z</time>
   </trkpt>
   <trkpt lat="22.7386710" lon="120.3297400">
    <ele>19.0</ele>
    <time>2026-08-02T06:11:23Z</time>
   </trkpt>
   <trkpt lat="22.7386700" lon="120.3297460">
    <ele>19.0</ele>
    <time>2026-08-02T06:11:24Z</time>
   </trkpt>
   <trkpt lat="22.7386720" lon="120.3297590">
    <ele>19.0</ele>
    <time>2026-08-02T06:11:25Z</time>
   </trkpt>
   <trkpt lat="22.7386780" lon="120.3297640">
    <ele>19.0</ele>
    <time>2026-08-02T06:11:26Z</time>
   </trkpt>
   <trkpt lat="22.7386840" lon="120.3297630">
    <ele>19.0</ele>
    <time>2026-08-02T06:11:27Z</time>
   </trkpt>
   <trkpt lat="22.7386840" lon="120.3297640">
    <ele>19.0</ele>
    <time>2026-08-02T06:11:28Z</time>
   </trkpt>
   <trkpt lat="22.7386830" lon="120.3297640">
    <ele>19.0</ele>
    <time>2026-08-02T06:11:29Z</time>
   </trkpt>
   <trkpt lat="22.7386810" lon="120.3297700">
    <ele>19.0</ele>
    <time>2026-08-02T06:11:30Z</time>
   </trkpt>
   <trkpt lat="22.7386820" lon="120.3297810">
    <ele>19.0</ele>
    <time>2026-08-02T06:11:31Z</time>
   </trkpt>
   <trkpt lat="22.7386870" lon="120.3297940">
    <ele>19.0</ele>
    <time>2026-08-02T06:11:32Z</time>
   </trkpt>
   <trkpt lat="22.7386950" lon="120.3298010">
    <ele>19.0</ele>
    <time>2026-08-02T06:11:33Z</time>
   </trkpt>
   <trkpt lat="22.7387020" lon="120.3297990">
    <ele>19.0</ele>
    <time>2026-08-02T06:11:34Z</time>
   </trkpt>
   <trkpt lat="22.7387070" lon="120.3298020">
    <ele>19.0</ele>
    <time>2026-08-02T06:11:35Z</time>
   </trkpt>
   <trkpt lat="22.7387020" lon="120.3298130">
    <ele>19.0</ele>
    <time>2026-08-02T06:11:37Z</time>
   </trkpt>
   <trkpt lat="22.7387010" lon="120.3298260">
    <ele>19.0</ele>
    <time>2026-08-02T06:11:38Z</time>
   </trkpt>
   <trkpt lat="22.7387070" lon="120.3298470">
    <ele>19.0</ele>
    <time>2026-08-02T06:11:39Z</time>
   </trkpt>
   <trkpt lat="22.7387130" lon="120.3298450">
    <ele>19.0</ele>
    <time>2026-08-02T06:11:41Z</time>
   </trkpt>
   <trkpt lat="22.7387170" lon="120.3298340">
    <ele>19.0</ele>
    <time>2026-08-02T06:11:42Z</time>
   </trkpt>
   <trkpt lat="22.7387180" lon="120.3298370">
    <ele>19.0</ele>
    <time>2026-08-02T06:11:44Z</time>
   </trkpt>
   <trkpt lat="22.7387170" lon="120.3298420">
    <ele>19.0</ele>
    <time>2026-08-02T06:11:45Z</time>
   </trkpt>
   <trkpt lat="22.7387160" lon="120.3298480">
    <ele>19.0</ele>
    <time>2026-08-02T06:11:46Z</time>
   </trkpt>
   <trkpt lat="22.7387170" lon="120.3298550">
    <ele>19.0</ele>
    <time>2026-08-02T06:11:47Z</time>
   </trkpt>
   <trkpt lat="22.7387210" lon="120.3298540">
    <ele>19.0</ele>
    <time>2026-08-02T06:11:48Z</time>
   </trkpt>
   <trkpt lat="22.7387230" lon="120.3298690">
    <ele>19.0</ele>
    <time>2026-08-02T06:11:49Z</time>
   </trkpt>
   <trkpt lat="22.7387210" lon="120.3298880">
    <ele>19.0</ele>
    <time>2026-08-02T06:11:51Z</time>
   </trkpt>
   <trkpt lat="22.7387230" lon="120.3299020">
    <ele>19.0</ele>
    <time>2026-08-02T06:11:52Z</time>
   </trkpt>
   <trkpt lat="22.7387330" lon="120.3299210">
    <ele>19.0</ele>
    <time>2026-08-02T06:11:53Z</time>
   </trkpt>
   <trkpt lat="22.7387420" lon="120.3299130">
    <ele>19.0</ele>
    <time>2026-08-02T06:11:55Z</time>
   </trkpt>
   <trkpt lat="22.7387310" lon="120.3299050">
    <ele>19.0</ele>
    <time>2026-08-02T06:11:56Z</time>
   </trkpt>
   <trkpt lat="22.7387290" lon="120.3299210">
    <ele>19.0</ele>
    <time>2026-08-02T06:11:58Z</time>
   </trkpt>
   <trkpt lat="22.7387400" lon="120.3299560">
    <ele>19.0</ele>
    <time>2026-08-02T06:11:59Z</time>
   </trkpt>
   <trkpt lat="22.7387460" lon="120.3299630">
    <ele>19.0</ele>
    <time>2026-08-02T06:12:00Z</time>
   </trkpt>
   <trkpt lat="22.7387580" lon="120.3299770">
    <ele>18.9</ele>
    <time>2026-08-02T06:12:02Z</time>
   </trkpt>
   <trkpt lat="22.7387640" lon="120.3299840">
    <ele>18.9</ele>
    <time>2026-08-02T06:12:03Z</time>
   </trkpt>
   <trkpt lat="22.7387640" lon="120.3299840">
    <ele>18.9</ele>
    <time>2026-08-02T06:12:04Z</time>
   </trkpt>
   <trkpt lat="22.7387640" lon="120.3299840">
    <ele>18.9</ele>
    <time>2026-08-02T06:12:05Z</time>
   </trkpt>
   <trkpt lat="22.7387640" lon="120.3299840">
    <ele>18.9</ele>
    <time>2026-08-02T06:12:07Z</time>
   </trkpt>
   <trkpt lat="22.7387810" lon="120.3300030">
    <ele>18.9</ele>
    <time>2026-08-02T06:12:08Z</time>
   </trkpt>
   <trkpt lat="22.7387810" lon="120.3300030">
    <ele>18.9</ele>
    <time>2026-08-02T06:12:09Z</time>
   </trkpt>
   <trkpt lat="22.7387810" lon="120.3300030">
    <ele>18.9</ele>
    <time>2026-08-02T06:12:10Z</time>
   </trkpt>
   <trkpt lat="22.7387810" lon="120.3300030">
    <ele>18.9</ele>
    <time>2026-08-02T06:12:11Z</time>
   </trkpt>
   <trkpt lat="22.7387810" lon="120.3300030">
    <ele>18.9</ele>
    <time>2026-08-02T06:12:12Z</time>
   </trkpt>
   <trkpt lat="22.7387810" lon="120.3300030">
    <ele>18.9</ele>
    <time>2026-08-02T06:12:13Z</time>
   </trkpt>
   <trkpt lat="22.7387810" lon="120.3300030">
    <ele>18.9</ele>
    <time>2026-08-02T06:12:14Z</time>
   </trkpt>
   <trkpt lat="22.7387810" lon="120.3300030">
    <ele>18.9</ele>
    <time>2026-08-02T06:12:15Z</time>
   </trkpt>
   <trkpt lat="22.7387810" lon="120.3300030">
    <ele>18.9</ele>
    <time>2026-08-02T06:12:16Z</time>
   </trkpt>
   <trkpt lat="22.7388010" lon="120.3300270">
    <ele>18.9</ele>
    <time>2026-08-02T06:12:17Z</time>
   </trkpt>
   <trkpt lat="22.7388010" lon="120.3300270">
    <ele>18.9</ele>
    <time>2026-08-02T06:12:18Z</time>
   </trkpt>
   <trkpt lat="22.7388010" lon="120.3300270">
    <ele>18.9</ele>
    <time>2026-08-02T06:12:19Z</time>
   </trkpt>
   <trkpt lat="22.7388010" lon="120.3300270">
    <ele>18.9</ele>
    <time>2026-08-02T06:12:20Z</time>
   </trkpt>
   <trkpt lat="22.7388010" lon="120.3300270">
    <ele>18.9</ele>
    <time>2026-08-02T06:12:21Z</time>
   </trkpt>
   <trkpt lat="22.7388210" lon="120.3300500">
    <ele>18.9</ele>
    <time>2026-08-02T06:12:22Z</time>
   </trkpt>
   <trkpt lat="22.7388300" lon="120.3300740">
    <ele>18.9</ele>
    <time>2026-08-02T06:12:23Z</time>
   </trkpt>
   <trkpt lat="22.7388360" lon="120.3300810">
    <ele>18.9</ele>
    <time>2026-08-02T06:12:24Z</time>
   </trkpt>
   <trkpt lat="22.7388390" lon="120.3300750">
    <ele>18.9</ele>
    <time>2026-08-02T06:12:25Z</time>
   </trkpt>
   <trkpt lat="22.7388420" lon="120.3300730">
    <ele>18.9</ele>
    <time>2026-08-02T06:12:27Z</time>
   </trkpt>
   <trkpt lat="22.7388390" lon="120.3300780">
    <ele>18.9</ele>
    <time>2026-08-02T06:12:28Z</time>
   </trkpt>
   <trkpt lat="22.7388410" lon="120.3300820">
    <ele>18.9</ele>
    <time>2026-08-02T06:12:29Z</time>
   </trkpt>
   <trkpt lat="22.7388460" lon="120.3300870">
    <ele>18.9</ele>
    <time>2026-08-02T06:12:30Z</time>
   </trkpt>
   <trkpt lat="22.7388420" lon="120.3300980">
    <ele>18.9</ele>
    <time>2026-08-02T06:12:31Z</time>
   </trkpt>
   <trkpt lat="22.7388420" lon="120.3301020">
    <ele>18.9</ele>
    <time>2026-08-02T06:12:33Z</time>
   </trkpt>
   <trkpt lat="22.7388440" lon="120.3301110">
    <ele>18.9</ele>
    <time>2026-08-02T06:12:34Z</time>
   </trkpt>
   <trkpt lat="22.7388500" lon="120.3301150">
    <ele>18.9</ele>
    <time>2026-08-02T06:12:35Z</time>
   </trkpt>
   <trkpt lat="22.7388580" lon="120.3301130">
    <ele>18.9</ele>
    <time>2026-08-02T06:12:36Z</time>
   </trkpt>
   <trkpt lat="22.7388670" lon="120.3301130">
    <ele>18.9</ele>
    <time>2026-08-02T06:12:37Z</time>
   </trkpt>
   <trkpt lat="22.7388690" lon="120.3301220">
    <ele>18.9</ele>
    <time>2026-08-02T06:12:38Z</time>
   </trkpt>
   <trkpt lat="22.7388730" lon="120.3301260">
    <ele>18.9</ele>
    <time>2026-08-02T06:12:39Z</time>
   </trkpt>
   <trkpt lat="22.7388710" lon="120.3301250">
    <ele>18.9</ele>
    <time>2026-08-02T06:12:40Z</time>
   </trkpt>
   <trkpt lat="22.7388730" lon="120.3301200">
    <ele>18.9</ele>
    <time>2026-08-02T06:12:41Z</time>
   </trkpt>
   <trkpt lat="22.7388730" lon="120.3301190">
    <ele>18.9</ele>
    <time>2026-08-02T06:12:42Z</time>
   </trkpt>
   <trkpt lat="22.7388720" lon="120.3301200">
    <ele>18.9</ele>
    <time>2026-08-02T06:12:43Z</time>
   </trkpt>
   <trkpt lat="22.7388730" lon="120.3301220">
    <ele>18.9</ele>
    <time>2026-08-02T06:12:44Z</time>
   </trkpt>
   <trkpt lat="22.7388790" lon="120.3301200">
    <ele>18.9</ele>
    <time>2026-08-02T06:12:45Z</time>
   </trkpt>
   <trkpt lat="22.7388800" lon="120.3301220">
    <ele>18.9</ele>
    <time>2026-08-02T06:12:46Z</time>
   </trkpt>
   <trkpt lat="22.7388820" lon="120.3301270">
    <ele>18.9</ele>
    <time>2026-08-02T06:12:47Z</time>
   </trkpt>
   <trkpt lat="22.7388850" lon="120.3301330">
    <ele>18.9</ele>
    <time>2026-08-02T06:12:48Z</time>
   </trkpt>
   <trkpt lat="22.7388900" lon="120.3301340">
    <ele>18.9</ele>
    <time>2026-08-02T06:12:49Z</time>
   </trkpt>
   <trkpt lat="22.7388930" lon="120.3301330">
    <ele>18.9</ele>
    <time>2026-08-02T06:12:50Z</time>
   </trkpt>
   <trkpt lat="22.7388940" lon="120.3301440">
    <ele>18.9</ele>
    <time>2026-08-02T06:12:51Z</time>
   </trkpt>
   <trkpt lat="22.7389080" lon="120.3301740">
    <ele>18.9</ele>
    <time>2026-08-02T06:12:52Z</time>
   </trkpt>
   <trkpt lat="22.7389160" lon="120.3301890">
    <ele>18.9</ele>
    <time>2026-08-02T06:12:54Z</time>
   </trkpt>
   <trkpt lat="22.7389240" lon="120.3301950">
    <ele>18.9</ele>
    <time>2026-08-02T06:12:55Z</time>
   </trkpt>
   <trkpt lat="22.7389300" lon="120.3302010">
    <ele>18.9</ele>
    <time>2026-08-02T06:12:56Z</time>
   </trkpt>
   <trkpt lat="22.7389290" lon="120.3302100">
    <ele>18.9</ele>
    <time>2026-08-02T06:12:57Z</time>
   </trkpt>
   <trkpt lat="22.7389280" lon="120.3302130">
    <ele>18.9</ele>
    <time>2026-08-02T06:12:58Z</time>
   </trkpt>
   <trkpt lat="22.7389390" lon="120.3302200">
    <ele>18.9</ele>
    <time>2026-08-02T06:12:59Z</time>
   </trkpt>
   <trkpt lat="22.7389450" lon="120.3302360">
    <ele>18.9</ele>
    <time>2026-08-02T06:13:00Z</time>
   </trkpt>
   <trkpt lat="22.7389580" lon="120.3302510">
    <ele>18.9</ele>
    <time>2026-08-02T06:13:01Z</time>
   </trkpt>
   <trkpt lat="22.7389630" lon="120.3302540">
    <ele>18.9</ele>
    <time>2026-08-02T06:13:03Z</time>
   </trkpt>
   <trkpt lat="22.7389650" lon="120.3302460">
    <ele>18.9</ele>
    <time>2026-08-02T06:13:04Z</time>
   </trkpt>
   <trkpt lat="22.7389630" lon="120.3302430">
    <ele>18.9</ele>
    <time>2026-08-02T06:13:05Z</time>
   </trkpt>
   <trkpt lat="22.7389650" lon="120.3302400">
    <ele>18.9</ele>
    <time>2026-08-02T06:13:06Z</time>
   </trkpt>
   <trkpt lat="22.7389580" lon="120.3302480">
    <ele>18.9</ele>
    <time>2026-08-02T06:13:07Z</time>
   </trkpt>
   <trkpt lat="22.7389530" lon="120.3302560">
    <ele>18.9</ele>
    <time>2026-08-02T06:13:08Z</time>
   </trkpt>
   <trkpt lat="22.7389490" lon="120.3302590">
    <ele>18.9</ele>
    <time>2026-08-02T06:13:09Z</time>
   </trkpt>
   <trkpt lat="22.7389480" lon="120.3302610">
    <ele>18.9</ele>
    <time>2026-08-02T06:13:10Z</time>
   </trkpt>
   <trkpt lat="22.7389490" lon="120.3302620">
    <ele>18.9</ele>
    <time>2026-08-02T06:13:11Z</time>
   </trkpt>
   <trkpt lat="22.7389490" lon="120.3302610">
    <ele>18.9</ele>
    <time>2026-08-02T06:13:12Z</time>
   </trkpt>
   <trkpt lat="22.7389490" lon="120.3302600">
    <ele>18.9</ele>
    <time>2026-08-02T06:13:13Z</time>
   </trkpt>
   <trkpt lat="22.7389450" lon="120.3302610">
    <ele>18.9</ele>
    <time>2026-08-02T06:13:14Z</time>
   </trkpt>
   <trkpt lat="22.7389450" lon="120.3302650">
    <ele>18.9</ele>
    <time>2026-08-02T06:13:15Z</time>
   </trkpt>
   <trkpt lat="22.7389490" lon="120.3302690">
    <ele>18.9</ele>
    <time>2026-08-02T06:13:16Z</time>
   </trkpt>
   <trkpt lat="22.7389670" lon="120.3302880">
    <ele>18.8</ele>
    <time>2026-08-02T06:13:17Z</time>
   </trkpt>
   <trkpt lat="22.7389700" lon="120.3302880">
    <ele>18.8</ele>
    <time>2026-08-02T06:13:19Z</time>
   </trkpt>
   <trkpt lat="22.7389650" lon="120.3302900">
    <ele>18.8</ele>
    <time>2026-08-02T06:13:21Z</time>
   </trkpt>
   <trkpt lat="22.7389610" lon="120.3302920">
    <ele>18.8</ele>
    <time>2026-08-02T06:13:22Z</time>
   </trkpt>
   <trkpt lat="22.7389610" lon="120.3302910">
    <ele>18.8</ele>
    <time>2026-08-02T06:13:23Z</time>
   </trkpt>
   <trkpt lat="22.7389530" lon="120.3302920">
    <ele>18.8</ele>
    <time>2026-08-02T06:13:24Z</time>
   </trkpt>
   <trkpt lat="22.7389390" lon="120.3302990">
    <ele>18.8</ele>
    <time>2026-08-02T06:13:25Z</time>
   </trkpt>
   <trkpt lat="22.7389310" lon="120.3302990">
    <ele>18.8</ele>
    <time>2026-08-02T06:13:27Z</time>
   </trkpt>
   <trkpt lat="22.7389310" lon="120.3303050">
    <ele>18.8</ele>
    <time>2026-08-02T06:13:28Z</time>
   </trkpt>
   <trkpt lat="22.7389450" lon="120.3303050">
    <ele>18.8</ele>
    <time>2026-08-02T06:13:29Z</time>
   </trkpt>
   <trkpt lat="22.7389590" lon="120.3303040">
    <ele>18.8</ele>
    <time>2026-08-02T06:13:30Z</time>
   </trkpt>
   <trkpt lat="22.7389710" lon="120.3303030">
    <ele>18.8</ele>
    <time>2026-08-02T06:13:31Z</time>
   </trkpt>
   <trkpt lat="22.7389870" lon="120.3303020">
    <ele>18.8</ele>
    <time>2026-08-02T06:13:32Z</time>
   </trkpt>
   <trkpt lat="22.7389940" lon="120.3303080">
    <ele>18.8</ele>
    <time>2026-08-02T06:13:33Z</time>
   </trkpt>
   <trkpt lat="22.7390000" lon="120.3303150">
    <ele>18.8</ele>
    <time>2026-08-02T06:13:34Z</time>
   </trkpt>
   <trkpt lat="22.7390070" lon="120.3303200">
    <ele>18.8</ele>
    <time>2026-08-02T06:13:35Z</time>
   </trkpt>
   <trkpt lat="22.7390040" lon="120.3303050">
    <ele>18.8</ele>
    <time>2026-08-02T06:13:36Z</time>
   </trkpt>
   <trkpt lat="22.7389970" lon="120.3302920">
    <ele>18.8</ele>
    <time>2026-08-02T06:13:37Z</time>
   </trkpt>
   <trkpt lat="22.7389950" lon="120.3302850">
    <ele>18.8</ele>
    <time>2026-08-02T06:13:38Z</time>
   </trkpt>
   <trkpt lat="22.7389930" lon="120.3302800">
    <ele>18.8</ele>
    <time>2026-08-02T06:13:39Z</time>
   </trkpt>
   <trkpt lat="22.7389930" lon="120.3302780">
    <ele>18.8</ele>
    <time>2026-08-02T06:13:40Z</time>
   </trkpt>
   <trkpt lat="22.7389940" lon="120.3302770">
    <ele>18.8</ele>
    <time>2026-08-02T06:13:41Z</time>
   </trkpt>
   <trkpt lat="22.7389920" lon="120.3302710">
    <ele>18.8</ele>
    <time>2026-08-02T06:13:42Z</time>
   </trkpt>
   <trkpt lat="22.7389860" lon="120.3302600">
    <ele>18.8</ele>
    <time>2026-08-02T06:13:43Z</time>
   </trkpt>
   <trkpt lat="22.7389770" lon="120.3302510">
    <ele>18.8</ele>
    <time>2026-08-02T06:13:45Z</time>
   </trkpt>
   <trkpt lat="22.7389690" lon="120.3302390">
    <ele>18.8</ele>
    <time>2026-08-02T06:13:46Z</time>
   </trkpt>
   <trkpt lat="22.7389610" lon="120.3302270">
    <ele>18.8</ele>
    <time>2026-08-02T06:13:47Z</time>
   </trkpt>
   <trkpt lat="22.7389570" lon="120.3302160">
    <ele>18.8</ele>
    <time>2026-08-02T06:13:48Z</time>
   </trkpt>
   <trkpt lat="22.7389610" lon="120.3301880">
    <ele>18.9</ele>
    <time>2026-08-02T06:13:49Z</time>
   </trkpt>
   <trkpt lat="22.7389580" lon="120.3301730">
    <ele>18.9</ele>
    <time>2026-08-02T06:13:50Z</time>
   </trkpt>
   <trkpt lat="22.7389670" lon="120.3301620">
    <ele>18.9</ele>
    <time>2026-08-02T06:13:51Z</time>
   </trkpt>
   <trkpt lat="22.7389710" lon="120.3301510">
    <ele>18.9</ele>
    <time>2026-08-02T06:13:52Z</time>
   </trkpt>
   <trkpt lat="22.7389810" lon="120.3301290">
    <ele>18.9</ele>
    <time>2026-08-02T06:13:53Z</time>
   </trkpt>
   <trkpt lat="22.7389850" lon="120.3301160">
    <ele>18.9</ele>
    <time>2026-08-02T06:13:55Z</time>
   </trkpt>
   <trkpt lat="22.7389840" lon="120.3301070">
    <ele>18.9</ele>
    <time>2026-08-02T06:13:56Z</time>
   </trkpt>
   <trkpt lat="22.7389800" lon="120.3301090">
    <ele>18.9</ele>
    <time>2026-08-02T06:13:57Z</time>
   </trkpt>
   <trkpt lat="22.7389780" lon="120.3301110">
    <ele>18.9</ele>
    <time>2026-08-02T06:13:58Z</time>
   </trkpt>
   <trkpt lat="22.7389810" lon="120.3301000">
    <ele>18.9</ele>
    <time>2026-08-02T06:13:59Z</time>
   </trkpt>
   <trkpt lat="22.7389900" lon="120.3300860">
    <ele>18.9</ele>
    <time>2026-08-02T06:14:00Z</time>
   </trkpt>
   <trkpt lat="22.7389940" lon="120.3300590">
    <ele>18.9</ele>
    <time>2026-08-02T06:14:01Z</time>
   </trkpt>
   <trkpt lat="22.7389850" lon="120.3300570">
    <ele>18.9</ele>
    <time>2026-08-02T06:14:03Z</time>
   </trkpt>
   <trkpt lat="22.7389850" lon="120.3300530">
    <ele>18.9</ele>
    <time>2026-08-02T06:14:04Z</time>
   </trkpt>
   <trkpt lat="22.7389890" lon="120.3300420">
    <ele>18.9</ele>
    <time>2026-08-02T06:14:05Z</time>
   </trkpt>
   <trkpt lat="22.7389930" lon="120.3300310">
    <ele>18.9</ele>
    <time>2026-08-02T06:14:06Z</time>
   </trkpt>
   <trkpt lat="22.7389930" lon="120.3300190">
    <ele>18.9</ele>
    <time>2026-08-02T06:14:07Z</time>
   </trkpt>
   <trkpt lat="22.7389910" lon="120.3300180">
    <ele>18.9</ele>
    <time>2026-08-02T06:14:08Z</time>
   </trkpt>
   <trkpt lat="22.7389830" lon="120.3300180">
    <ele>18.9</ele>
    <time>2026-08-02T06:14:09Z</time>
   </trkpt>
   <trkpt lat="22.7389870" lon="120.3300130">
    <ele>18.9</ele>
    <time>2026-08-02T06:14:10Z</time>
   </trkpt>
   <trkpt lat="22.7389980" lon="120.3300140">
    <ele>18.9</ele>
    <time>2026-08-02T06:14:11Z</time>
   </trkpt>
   <trkpt lat="22.7389980" lon="120.3300070">
    <ele>18.9</ele>
    <time>2026-08-02T06:14:13Z</time>
   </trkpt>
   <trkpt lat="22.7389930" lon="120.3299970">
    <ele>18.9</ele>
    <time>2026-08-02T06:14:14Z</time>
   </trkpt>
   <trkpt lat="22.7389730" lon="120.3299840">
    <ele>18.9</ele>
    <time>2026-08-02T06:14:15Z</time>
   </trkpt>
   <trkpt lat="22.7389600" lon="120.3299810">
    <ele>18.9</ele>
    <time>2026-08-02T06:14:16Z</time>
   </trkpt>
   <trkpt lat="22.7389620" lon="120.3299660">
    <ele>18.9</ele>
    <time>2026-08-02T06:14:17Z</time>
   </trkpt>
   <trkpt lat="22.7389650" lon="120.3299510">
    <ele>18.9</ele>
    <time>2026-08-02T06:14:18Z</time>
   </trkpt>
   <trkpt lat="22.7389650" lon="120.3299390">
    <ele>18.9</ele>
    <time>2026-08-02T06:14:19Z</time>
   </trkpt>
   <trkpt lat="22.7389610" lon="120.3299300">
    <ele>18.9</ele>
    <time>2026-08-02T06:14:20Z</time>
   </trkpt>
   <trkpt lat="22.7389510" lon="120.3299310">
    <ele>18.9</ele>
    <time>2026-08-02T06:14:21Z</time>
   </trkpt>
   <trkpt lat="22.7389400" lon="120.3299360">
    <ele>18.9</ele>
    <time>2026-08-02T06:14:22Z</time>
   </trkpt>
   <trkpt lat="22.7389390" lon="120.3299140">
    <ele>18.9</ele>
    <time>2026-08-02T06:14:23Z</time>
   </trkpt>
   <trkpt lat="22.7389350" lon="120.3299070">
    <ele>18.9</ele>
    <time>2026-08-02T06:14:25Z</time>
   </trkpt>
   <trkpt lat="22.7389270" lon="120.3299020">
    <ele>18.9</ele>
    <time>2026-08-02T06:14:26Z</time>
   </trkpt>
   <trkpt lat="22.7389170" lon="120.3299020">
    <ele>18.9</ele>
    <time>2026-08-02T06:14:27Z</time>
   </trkpt>
   <trkpt lat="22.7389140" lon="120.3299030">
    <ele>18.9</ele>
    <time>2026-08-02T06:14:28Z</time>
   </trkpt>
   <trkpt lat="22.7389140" lon="120.3298990">
    <ele>18.9</ele>
    <time>2026-08-02T06:14:29Z</time>
   </trkpt>
   <trkpt lat="22.7389200" lon="120.3298910">
    <ele>18.9</ele>
    <time>2026-08-02T06:14:30Z</time>
   </trkpt>
   <trkpt lat="22.7389250" lon="120.3298670">
    <ele>19.0</ele>
    <time>2026-08-02T06:14:31Z</time>
   </trkpt>
   <trkpt lat="22.7389190" lon="120.3298620">
    <ele>19.0</ele>
    <time>2026-08-02T06:14:33Z</time>
   </trkpt>
   <trkpt lat="22.7389150" lon="120.3298600">
    <ele>19.0</ele>
    <time>2026-08-02T06:14:34Z</time>
   </trkpt>
   <trkpt lat="22.7389130" lon="120.3298630">
    <ele>19.0</ele>
    <time>2026-08-02T06:14:35Z</time>
   </trkpt>
   <trkpt lat="22.7389130" lon="120.3298640">
    <ele>19.0</ele>
    <time>2026-08-02T06:14:36Z</time>
   </trkpt>
   <trkpt lat="22.7389110" lon="120.3298590">
    <ele>19.0</ele>
    <time>2026-08-02T06:14:37Z</time>
   </trkpt>
   <trkpt lat="22.7389100" lon="120.3298490">
    <ele>19.0</ele>
    <time>2026-08-02T06:14:38Z</time>
   </trkpt>
   <trkpt lat="22.7389050" lon="120.3298420">
    <ele>19.0</ele>
    <time>2026-08-02T06:14:39Z</time>
   </trkpt>
   <trkpt lat="22.7388940" lon="120.3298350">
    <ele>19.0</ele>
    <time>2026-08-02T06:14:40Z</time>
   </trkpt>
   <trkpt lat="22.7388830" lon="120.3298330">
    <ele>19.0</ele>
    <time>2026-08-02T06:14:42Z</time>
   </trkpt>
   <trkpt lat="22.7388740" lon="120.3298280">
    <ele>19.0</ele>
    <time>2026-08-02T06:14:43Z</time>
   </trkpt>
   <trkpt lat="22.7388600" lon="120.3298180">
    <ele>19.0</ele>
    <time>2026-08-02T06:14:44Z</time>
   </trkpt>
   <trkpt lat="22.7388530" lon="120.3298110">
    <ele>19.0</ele>
    <time>2026-08-02T06:14:45Z</time>
   </trkpt>
   <trkpt lat="22.7388500" lon="120.3298080">
    <ele>19.0</ele>
    <time>2026-08-02T06:14:46Z</time>
   </trkpt>
   <trkpt lat="22.7388520" lon="120.3298050">
    <ele>19.0</ele>
    <time>2026-08-02T06:14:47Z</time>
   </trkpt>
   <trkpt lat="22.7388480" lon="120.3298010">
    <ele>19.0</ele>
    <time>2026-08-02T06:14:49Z</time>
   </trkpt>
   <trkpt lat="22.7388430" lon="120.3297920">
    <ele>19.0</ele>
    <time>2026-08-02T06:14:50Z</time>
   </trkpt>
   <trkpt lat="22.7388390" lon="120.3297860">
    <ele>19.0</ele>
    <time>2026-08-02T06:14:51Z</time>
   </trkpt>
   <trkpt lat="22.7388340" lon="120.3297830">
    <ele>19.0</ele>
    <time>2026-08-02T06:14:52Z</time>
   </trkpt>
   <trkpt lat="22.7388320" lon="120.3297820">
    <ele>19.0</ele>
    <time>2026-08-02T06:14:53Z</time>
   </trkpt>
   <trkpt lat="22.7388280" lon="120.3297750">
    <ele>19.0</ele>
    <time>2026-08-02T06:14:54Z</time>
   </trkpt>
   <trkpt lat="22.7388250" lon="120.3297640">
    <ele>19.0</ele>
    <time>2026-08-02T06:14:56Z</time>
   </trkpt>
   <trkpt lat="22.7388210" lon="120.3297560">
    <ele>19.0</ele>
    <time>2026-08-02T06:14:57Z</time>
   </trkpt>
   <trkpt lat="22.7388140" lon="120.3297580">
    <ele>19.0</ele>
    <time>2026-08-02T06:14:58Z</time>
   </trkpt>
   <trkpt lat="22.7388060" lon="120.3297610">
    <ele>19.0</ele>
    <time>2026-08-02T06:14:59Z</time>
   </trkpt>
   <trkpt lat="22.7388200" lon="120.3297380">
    <ele>19.0</ele>
    <time>2026-08-02T06:15:00Z</time>
   </trkpt>
   <trkpt lat="22.7388340" lon="120.3297100">
    <ele>19.0</ele>
    <time>2026-08-02T06:15:01Z</time>
   </trkpt>
   <trkpt lat="22.7388340" lon="120.3296850">
    <ele>19.0</ele>
    <time>2026-08-02T06:15:02Z</time>
   </trkpt>
   <trkpt lat="22.7388250" lon="120.3296840">
    <ele>19.0</ele>
    <time>2026-08-02T06:15:04Z</time>
   </trkpt>
   <trkpt lat="22.7388150" lon="120.3296930">
    <ele>19.0</ele>
    <time>2026-08-02T06:15:05Z</time>
   </trkpt>
   <trkpt lat="22.7388110" lon="120.3296890">
    <ele>19.0</ele>
    <time>2026-08-02T06:15:06Z</time>
   </trkpt>
   <trkpt lat="22.7388120" lon="120.3296700">
    <ele>19.0</ele>
    <time>2026-08-02T06:15:07Z</time>
   </trkpt>
   <trkpt lat="22.7388060" lon="120.3296600">
    <ele>19.0</ele>
    <time>2026-08-02T06:15:09Z</time>
   </trkpt>
   <trkpt lat="22.7387930" lon="120.3296550">
    <ele>19.0</ele>
    <time>2026-08-02T06:15:10Z</time>
   </trkpt>
   <trkpt lat="22.7387850" lon="120.3296570">
    <ele>19.0</ele>
    <time>2026-08-02T06:15:11Z</time>
   </trkpt>
   <trkpt lat="22.7387830" lon="120.3296420">
    <ele>19.0</ele>
    <time>2026-08-02T06:15:12Z</time>
   </trkpt>
   <trkpt lat="22.7387880" lon="120.3296350">
    <ele>19.0</ele>
    <time>2026-08-02T06:15:14Z</time>
   </trkpt>
   <trkpt lat="22.7387900" lon="120.3296430">
    <ele>19.0</ele>
    <time>2026-08-02T06:15:15Z</time>
   </trkpt>
   <trkpt lat="22.7387860" lon="120.3296390">
    <ele>19.0</ele>
    <time>2026-08-02T06:15:16Z</time>
   </trkpt>
   <trkpt lat="22.7387840" lon="120.3296360">
    <ele>19.0</ele>
    <time>2026-08-02T06:15:17Z</time>
   </trkpt>
   <trkpt lat="22.7387850" lon="120.3296200">
    <ele>19.0</ele>
    <time>2026-08-02T06:15:18Z</time>
   </trkpt>
   <trkpt lat="22.7387880" lon="120.3296120">
    <ele>19.0</ele>
    <time>2026-08-02T06:15:20Z</time>
   </trkpt>
   <trkpt lat="22.7387930" lon="120.3296000">
    <ele>19.0</ele>
    <time>2026-08-02T06:15:21Z</time>
   </trkpt>
   <trkpt lat="22.7387870" lon="120.3295870">
    <ele>19.1</ele>
    <time>2026-08-02T06:15:22Z</time>
   </trkpt>
   <trkpt lat="22.7387680" lon="120.3295710">
    <ele>19.1</ele>
    <time>2026-08-02T06:15:23Z</time>
   </trkpt>
   <trkpt lat="22.7387570" lon="120.3295600">
    <ele>19.1</ele>
    <time>2026-08-02T06:15:24Z</time>
   </trkpt>
   <trkpt lat="22.7387560" lon="120.3295490">
    <ele>19.1</ele>
    <time>2026-08-02T06:15:25Z</time>
   </trkpt>
   <trkpt lat="22.7387570" lon="120.3295320">
    <ele>19.1</ele>
    <time>2026-08-02T06:15:26Z</time>
   </trkpt>
   <trkpt lat="22.7387520" lon="120.3295250">
    <ele>19.1</ele>
    <time>2026-08-02T06:15:28Z</time>
   </trkpt>
   <trkpt lat="22.7387410" lon="120.3295190">
    <ele>19.1</ele>
    <time>2026-08-02T06:15:29Z</time>
   </trkpt>
   <trkpt lat="22.7387270" lon="120.3295210">
    <ele>19.1</ele>
    <time>2026-08-02T06:15:30Z</time>
   </trkpt>
   <trkpt lat="22.7387170" lon="120.3295270">
    <ele>19.1</ele>
    <time>2026-08-02T06:15:31Z</time>
   </trkpt>
   <trkpt lat="22.7387080" lon="120.3295270">
    <ele>19.1</ele>
    <time>2026-08-02T06:15:32Z</time>
   </trkpt>
   <trkpt lat="22.7387090" lon="120.3295150">
    <ele>19.1</ele>
    <time>2026-08-02T06:15:33Z</time>
   </trkpt>
   <trkpt lat="22.7387140" lon="120.3295030">
    <ele>19.1</ele>
    <time>2026-08-02T06:15:34Z</time>
   </trkpt>
   <trkpt lat="22.7387150" lon="120.3294920">
    <ele>19.1</ele>
    <time>2026-08-02T06:15:35Z</time>
   </trkpt>
   <trkpt lat="22.7387060" lon="120.3294900">
    <ele>19.1</ele>
    <time>2026-08-02T06:15:36Z</time>
   </trkpt>
   <trkpt lat="22.7386980" lon="120.3294960">
    <ele>19.1</ele>
    <time>2026-08-02T06:15:37Z</time>
   </trkpt>
   <trkpt lat="22.7386890" lon="120.3294890">
    <ele>19.1</ele>
    <time>2026-08-02T06:15:38Z</time>
   </trkpt>
   <trkpt lat="22.7386910" lon="120.3294790">
    <ele>19.1</ele>
    <time>2026-08-02T06:15:40Z</time>
   </trkpt>
   <trkpt lat="22.7386910" lon="120.3294690">
    <ele>19.1</ele>
    <time>2026-08-02T06:15:41Z</time>
   </trkpt>
   <trkpt lat="22.7386870" lon="120.3294600">
    <ele>19.1</ele>
    <time>2026-08-02T06:15:42Z</time>
   </trkpt>
   <trkpt lat="22.7386830" lon="120.3294570">
    <ele>19.1</ele>
    <time>2026-08-02T06:15:43Z</time>
   </trkpt>
   <trkpt lat="22.7386760" lon="120.3294460">
    <ele>19.1</ele>
    <time>2026-08-02T06:15:44Z</time>
   </trkpt>
   <trkpt lat="22.7386590" lon="120.3294460">
    <ele>19.1</ele>
    <time>2026-08-02T06:15:45Z</time>
   </trkpt>
   <trkpt lat="22.7386370" lon="120.3294400">
    <ele>19.1</ele>
    <time>2026-08-02T06:15:46Z</time>
   </trkpt>
   <trkpt lat="22.7386340" lon="120.3294280">
    <ele>19.1</ele>
    <time>2026-08-02T06:15:47Z</time>
   </trkpt>
   <trkpt lat="22.7386270" lon="120.3294240">
    <ele>19.1</ele>
    <time>2026-08-02T06:15:49Z</time>
   </trkpt>
   <trkpt lat="22.7386230" lon="120.3294230">
    <ele>19.1</ele>
    <time>2026-08-02T06:15:50Z</time>
   </trkpt>
   <trkpt lat="22.7386210" lon="120.3294180">
    <ele>19.1</ele>
    <time>2026-08-02T06:15:51Z</time>
   </trkpt>
   <trkpt lat="22.7386140" lon="120.3294080">
    <ele>19.1</ele>
    <time>2026-08-02T06:15:52Z</time>
   </trkpt>
   <trkpt lat="22.7385980" lon="120.3294040">
    <ele>19.1</ele>
    <time>2026-08-02T06:15:53Z</time>
   </trkpt>
   <trkpt lat="22.7385790" lon="120.3293950">
    <ele>19.1</ele>
    <time>2026-08-02T06:15:54Z</time>
   </trkpt>
   <trkpt lat="22.7385680" lon="120.3293880">
    <ele>19.1</ele>
    <time>2026-08-02T06:15:56Z</time>
   </trkpt>
   <trkpt lat="22.7385570" lon="120.3293720">
    <ele>19.1</ele>
    <time>2026-08-02T06:15:57Z</time>
   </trkpt>
   <trkpt lat="22.7385520" lon="120.3293590">
    <ele>19.1</ele>
    <time>2026-08-02T06:15:58Z</time>
   </trkpt>
   <trkpt lat="22.7385480" lon="120.3293490">
    <ele>19.1</ele>
    <time>2026-08-02T06:15:59Z</time>
   </trkpt>
   <trkpt lat="22.7385430" lon="120.3293390">
    <ele>19.1</ele>
    <time>2026-08-02T06:16:00Z</time>
   </trkpt>
   <trkpt lat="22.7385380" lon="120.3293310">
    <ele>19.1</ele>
    <time>2026-08-02T06:16:01Z</time>
   </trkpt>
   <trkpt lat="22.7385290" lon="120.3293210">
    <ele>19.2</ele>
    <time>2026-08-02T06:16:02Z</time>
   </trkpt>
   <trkpt lat="22.7385180" lon="120.3293160">
    <ele>19.2</ele>
    <time>2026-08-02T06:16:03Z</time>
   </trkpt>
   <trkpt lat="22.7385070" lon="120.3293120">
    <ele>19.2</ele>
    <time>2026-08-02T06:16:04Z</time>
   </trkpt>
   <trkpt lat="22.7384980" lon="120.3293080">
    <ele>19.2</ele>
    <time>2026-08-02T06:16:05Z</time>
   </trkpt>
   <trkpt lat="22.7384800" lon="120.3292930">
    <ele>19.2</ele>
    <time>2026-08-02T06:16:06Z</time>
   </trkpt>
   <trkpt lat="22.7384720" lon="120.3292840">
    <ele>19.2</ele>
    <time>2026-08-02T06:16:08Z</time>
   </trkpt>
   <trkpt lat="22.7384730" lon="120.3292690">
    <ele>19.2</ele>
    <time>2026-08-02T06:16:09Z</time>
   </trkpt>
   <trkpt lat="22.7384810" lon="120.3292620">
    <ele>19.2</ele>
    <time>2026-08-02T06:16:10Z</time>
   </trkpt>
   <trkpt lat="22.7384900" lon="120.3292580">
    <ele>19.2</ele>
    <time>2026-08-02T06:16:11Z</time>
   </trkpt>
   <trkpt lat="22.7384940" lon="120.3292540">
    <ele>19.2</ele>
    <time>2026-08-02T06:16:12Z</time>
   </trkpt>
   <trkpt lat="22.7384980" lon="120.3292500">
    <ele>19.1</ele>
    <time>2026-08-02T06:16:13Z</time>
   </trkpt>
   <trkpt lat="22.7385090" lon="120.3292340">
    <ele>19.1</ele>
    <time>2026-08-02T06:16:14Z</time>
   </trkpt>
   <trkpt lat="22.7385180" lon="120.3292190">
    <ele>19.1</ele>
    <time>2026-08-02T06:16:16Z</time>
   </trkpt>
   <trkpt lat="22.7385250" lon="120.3292090">
    <ele>19.1</ele>
    <time>2026-08-02T06:16:17Z</time>
   </trkpt>
   <trkpt lat="22.7385380" lon="120.3292000">
    <ele>19.1</ele>
    <time>2026-08-02T06:16:18Z</time>
   </trkpt>
   <trkpt lat="22.7385410" lon="120.3291930">
    <ele>19.1</ele>
    <time>2026-08-02T06:16:20Z</time>
   </trkpt>
   <trkpt lat="22.7385440" lon="120.3291840">
    <ele>19.1</ele>
    <time>2026-08-02T06:16:21Z</time>
   </trkpt>
   <trkpt lat="22.7385500" lon="120.3291710">
    <ele>19.1</ele>
    <time>2026-08-02T06:16:22Z</time>
   </trkpt>
   <trkpt lat="22.7385570" lon="120.3291610">
    <ele>19.1</ele>
    <time>2026-08-02T06:16:23Z</time>
   </trkpt>
   <trkpt lat="22.7385650" lon="120.3291510">
    <ele>19.1</ele>
    <time>2026-08-02T06:16:24Z</time>
   </trkpt>
   <trkpt lat="22.7385760" lon="120.3291380">
    <ele>19.1</ele>
    <time>2026-08-02T06:16:25Z</time>
   </trkpt>
   <trkpt lat="22.7385770" lon="120.3291340">
    <ele>19.1</ele>
    <time>2026-08-02T06:16:27Z</time>
   </trkpt>
   <trkpt lat="22.7385780" lon="120.3291290">
    <ele>19.1</ele>
    <time>2026-08-02T06:16:28Z</time>
   </trkpt>
   <trkpt lat="22.7385820" lon="120.3291210">
    <ele>19.1</ele>
    <time>2026-08-02T06:16:29Z</time>
   </trkpt>
   <trkpt lat="22.7385860" lon="120.3291130">
    <ele>19.1</ele>
    <time>2026-08-02T06:16:30Z</time>
   </trkpt>
   <trkpt lat="22.7385930" lon="120.3291060">
    <ele>19.1</ele>
    <time>2026-08-02T06:16:31Z</time>
   </trkpt>
   <trkpt lat="22.7385970" lon="120.3291120">
    <ele>19.1</ele>
    <time>2026-08-02T06:16:32Z</time>
   </trkpt>
   <trkpt lat="22.7385950" lon="120.3291160">
    <ele>19.1</ele>
    <time>2026-08-02T06:16:33Z</time>
   </trkpt>
   <trkpt lat="22.7385950" lon="120.3291110">
    <ele>19.1</ele>
    <time>2026-08-02T06:16:34Z</time>
   </trkpt>
   <trkpt lat="22.7386030" lon="120.3291050">
    <ele>19.1</ele>
    <time>2026-08-02T06:16:35Z</time>
   </trkpt>
   <trkpt lat="22.7386140" lon="120.3290970">
    <ele>19.0</ele>
    <time>2026-08-02T06:16:36Z</time>
   </trkpt>
   <trkpt lat="22.7386210" lon="120.3290910">
    <ele>19.0</ele>
    <time>2026-08-02T06:16:37Z</time>
   </trkpt>
   <trkpt lat="22.7386250" lon="120.3290860">
    <ele>19.0</ele>
    <time>2026-08-02T06:16:38Z</time>
   </trkpt>
   <trkpt lat="22.7386290" lon="120.3290770">
    <ele>19.0</ele>
    <time>2026-08-02T06:16:39Z</time>
   </trkpt>
   <trkpt lat="22.7386330" lon="120.3290680">
    <ele>19.0</ele>
    <time>2026-08-02T06:16:40Z</time>
   </trkpt>
   <trkpt lat="22.7386390" lon="120.3290590">
    <ele>19.0</ele>
    <time>2026-08-02T06:16:41Z</time>
   </trkpt>
   <trkpt lat="22.7386470" lon="120.3290510">
    <ele>19.0</ele>
    <time>2026-08-02T06:16:42Z</time>
   </trkpt>
   <trkpt lat="22.7386530" lon="120.3290490">
    <ele>19.0</ele>
    <time>2026-08-02T06:16:43Z</time>
   </trkpt>
   <trkpt lat="22.7386550" lon="120.3290470">
    <ele>19.0</ele>
    <time>2026-08-02T06:16:44Z</time>
   </trkpt>
   <trkpt lat="22.7386550" lon="120.3290470">
    <ele>19.0</ele>
    <time>2026-08-02T06:16:45Z</time>
   </trkpt>
   <trkpt lat="22.7386580" lon="120.3290440">
    <ele>19.0</ele>
    <time>2026-08-02T06:16:46Z</time>
   </trkpt>
   <trkpt lat="22.7386640" lon="120.3290370">
    <ele>19.0</ele>
    <time>2026-08-02T06:16:47Z</time>
   </trkpt>
   <trkpt lat="22.7386790" lon="120.3290240">
    <ele>19.0</ele>
    <time>2026-08-02T06:16:48Z</time>
   </trkpt>
   <trkpt lat="22.7386880" lon="120.3290150">
    <ele>19.0</ele>
    <time>2026-08-02T06:16:49Z</time>
   </trkpt>
   <trkpt lat="22.7386920" lon="120.3290070">
    <ele>19.0</ele>
    <time>2026-08-02T06:16:50Z</time>
   </trkpt>
   <trkpt lat="22.7386890" lon="120.3290010">
    <ele>19.0</ele>
    <time>2026-08-02T06:16:51Z</time>
   </trkpt>
   <trkpt lat="22.7386900" lon="120.3289920">
    <ele>19.0</ele>
    <time>2026-08-02T06:16:52Z</time>
   </trkpt>
   <trkpt lat="22.7386840" lon="120.3289710">
    <ele>19.0</ele>
    <time>2026-08-02T06:16:53Z</time>
   </trkpt>
   <trkpt lat="22.7386890" lon="120.3289630">
    <ele>19.0</ele>
    <time>2026-08-02T06:16:54Z</time>
   </trkpt>
   <trkpt lat="22.7386960" lon="120.3289560">
    <ele>19.0</ele>
    <time>2026-08-02T06:16:55Z</time>
   </trkpt>
   <trkpt lat="22.7387000" lon="120.3289470">
    <ele>18.9</ele>
    <time>2026-08-02T06:16:56Z</time>
   </trkpt>
   <trkpt lat="22.7387040" lon="120.3289350">
    <ele>18.9</ele>
    <time>2026-08-02T06:16:57Z</time>
   </trkpt>
   <trkpt lat="22.7387060" lon="120.3289240">
    <ele>18.9</ele>
    <time>2026-08-02T06:16:58Z</time>
   </trkpt>
   <trkpt lat="22.7387090" lon="120.3289160">
    <ele>18.9</ele>
    <time>2026-08-02T06:16:59Z</time>
   </trkpt>
   <trkpt lat="22.7387170" lon="120.3289110">
    <ele>18.9</ele>
    <time>2026-08-02T06:17:00Z</time>
   </trkpt>
   <trkpt lat="22.7387240" lon="120.3289050">
    <ele>18.9</ele>
    <time>2026-08-02T06:17:01Z</time>
   </trkpt>
   <trkpt lat="22.7387280" lon="120.3288930">
    <ele>18.9</ele>
    <time>2026-08-02T06:17:02Z</time>
   </trkpt>
   <trkpt lat="22.7387310" lon="120.3288870">
    <ele>18.9</ele>
    <time>2026-08-02T06:17:03Z</time>
   </trkpt>
   <trkpt lat="22.7387340" lon="120.3288840">
    <ele>18.9</ele>
    <time>2026-08-02T06:17:04Z</time>
   </trkpt>
   <trkpt lat="22.7387440" lon="120.3288820">
    <ele>18.9</ele>
    <time>2026-08-02T06:17:05Z</time>
   </trkpt>
   <trkpt lat="22.7387550" lon="120.3288890">
    <ele>18.9</ele>
    <time>2026-08-02T06:17:06Z</time>
   </trkpt>
   <trkpt lat="22.7387600" lon="120.3288960">
    <ele>18.9</ele>
    <time>2026-08-02T06:17:07Z</time>
   </trkpt>
   <trkpt lat="22.7387610" lon="120.3288980">
    <ele>18.9</ele>
    <time>2026-08-02T06:17:08Z</time>
   </trkpt>
   <trkpt lat="22.7387620" lon="120.3288960">
    <ele>18.9</ele>
    <time>2026-08-02T06:17:09Z</time>
   </trkpt>
   <trkpt lat="22.7387660" lon="120.3288980">
    <ele>18.9</ele>
    <time>2026-08-02T06:17:10Z</time>
   </trkpt>
   <trkpt lat="22.7387770" lon="120.3288940">
    <ele>18.8</ele>
    <time>2026-08-02T06:17:12Z</time>
   </trkpt>
   <trkpt lat="22.7387860" lon="120.3288860">
    <ele>18.8</ele>
    <time>2026-08-02T06:17:13Z</time>
   </trkpt>
   <trkpt lat="22.7388060" lon="120.3288700">
    <ele>18.8</ele>
    <time>2026-08-02T06:17:14Z</time>
   </trkpt>
   <trkpt lat="22.7388170" lon="120.3288660">
    <ele>18.8</ele>
    <time>2026-08-02T06:17:15Z</time>
   </trkpt>
   <trkpt lat="22.7388330" lon="120.3288710">
    <ele>18.8</ele>
    <time>2026-08-02T06:17:17Z</time>
   </trkpt>
   <trkpt lat="22.7388480" lon="120.3288780">
    <ele>18.8</ele>
    <time>2026-08-02T06:17:18Z</time>
   </trkpt>
   <trkpt lat="22.7388630" lon="120.3288910">
    <ele>18.8</ele>
    <time>2026-08-02T06:17:19Z</time>
   </trkpt>
   <trkpt lat="22.7388700" lon="120.3289070">
    <ele>18.8</ele>
    <time>2026-08-02T06:17:20Z</time>
   </trkpt>
   <trkpt lat="22.7388750" lon="120.3289230">
    <ele>18.8</ele>
    <time>2026-08-02T06:17:21Z</time>
   </trkpt>
   <trkpt lat="22.7388820" lon="120.3289360">
    <ele>18.8</ele>
    <time>2026-08-02T06:17:22Z</time>
   </trkpt>
   <trkpt lat="22.7388870" lon="120.3289460">
    <ele>18.8</ele>
    <time>2026-08-02T06:17:23Z</time>
   </trkpt>
   <trkpt lat="22.7388940" lon="120.3289600">
    <ele>18.8</ele>
    <time>2026-08-02T06:17:24Z</time>
   </trkpt>
   <trkpt lat="22.7389000" lon="120.3289710">
    <ele>18.8</ele>
    <time>2026-08-02T06:17:25Z</time>
   </trkpt>
   <trkpt lat="22.7389050" lon="120.3289850">
    <ele>18.8</ele>
    <time>2026-08-02T06:17:26Z</time>
   </trkpt>
   <trkpt lat="22.7389090" lon="120.3289980">
    <ele>18.8</ele>
    <time>2026-08-02T06:17:27Z</time>
   </trkpt>
   <trkpt lat="22.7389110" lon="120.3290090">
    <ele>18.8</ele>
    <time>2026-08-02T06:17:28Z</time>
   </trkpt>
   <trkpt lat="22.7389130" lon="120.3290230">
    <ele>18.8</ele>
    <time>2026-08-02T06:17:29Z</time>
   </trkpt>
   <trkpt lat="22.7389150" lon="120.3290340">
    <ele>18.8</ele>
    <time>2026-08-02T06:17:30Z</time>
   </trkpt>
   <trkpt lat="22.7389180" lon="120.3290410">
    <ele>18.8</ele>
    <time>2026-08-02T06:17:31Z</time>
   </trkpt>
   <trkpt lat="22.7389230" lon="120.3290530">
    <ele>18.8</ele>
    <time>2026-08-02T06:17:32Z</time>
   </trkpt>
   <trkpt lat="22.7389290" lon="120.3290660">
    <ele>18.8</ele>
    <time>2026-08-02T06:17:33Z</time>
   </trkpt>
   <trkpt lat="22.7389310" lon="120.3290760">
    <ele>18.8</ele>
    <time>2026-08-02T06:17:34Z</time>
   </trkpt>
   <trkpt lat="22.7389310" lon="120.3290810">
    <ele>18.8</ele>
    <time>2026-08-02T06:17:35Z</time>
   </trkpt>
   <trkpt lat="22.7389300" lon="120.3290880">
    <ele>18.8</ele>
    <time>2026-08-02T06:17:36Z</time>
   </trkpt>
   <trkpt lat="22.7389320" lon="120.3291020">
    <ele>18.8</ele>
    <time>2026-08-02T06:17:37Z</time>
   </trkpt>
   <trkpt lat="22.7389340" lon="120.3291130">
    <ele>18.8</ele>
    <time>2026-08-02T06:17:38Z</time>
   </trkpt>
   <trkpt lat="22.7389430" lon="120.3291210">
    <ele>18.8</ele>
    <time>2026-08-02T06:17:39Z</time>
   </trkpt>
   <trkpt lat="22.7389630" lon="120.3291400">
    <ele>18.8</ele>
    <time>2026-08-02T06:17:40Z</time>
   </trkpt>
   <trkpt lat="22.7389690" lon="120.3291510">
    <ele>18.8</ele>
    <time>2026-08-02T06:17:42Z</time>
   </trkpt>
   <trkpt lat="22.7389760" lon="120.3291580">
    <ele>18.8</ele>
    <time>2026-08-02T06:17:43Z</time>
   </trkpt>
   <trkpt lat="22.7389830" lon="120.3291670">
    <ele>18.8</ele>
    <time>2026-08-02T06:17:44Z</time>
   </trkpt>
   <trkpt lat="22.7389880" lon="120.3291770">
    <ele>18.8</ele>
    <time>2026-08-02T06:17:45Z</time>
   </trkpt>
   <trkpt lat="22.7389910" lon="120.3291850">
    <ele>18.8</ele>
    <time>2026-08-02T06:17:46Z</time>
   </trkpt>
   <trkpt lat="22.7389920" lon="120.3291900">
    <ele>18.8</ele>
    <time>2026-08-02T06:17:47Z</time>
   </trkpt>
   <trkpt lat="22.7389950" lon="120.3291930">
    <ele>18.8</ele>
    <time>2026-08-02T06:17:48Z</time>
   </trkpt>
   <trkpt lat="22.7390120" lon="120.3292100">
    <ele>18.8</ele>
    <time>2026-08-02T06:17:49Z</time>
   </trkpt>
   <trkpt lat="22.7390210" lon="120.3292280">
    <ele>18.8</ele>
    <time>2026-08-02T06:17:51Z</time>
   </trkpt>
   <trkpt lat="22.7390210" lon="120.3292280">
    <ele>18.8</ele>
    <time>2026-08-02T06:17:53Z</time>
   </trkpt>
   <trkpt lat="22.7390210" lon="120.3292270">
    <ele>18.8</ele>
    <time>2026-08-02T06:17:54Z</time>
   </trkpt>
   <trkpt lat="22.7390240" lon="120.3292320">
    <ele>18.8</ele>
    <time>2026-08-02T06:17:55Z</time>
   </trkpt>
   <trkpt lat="22.7390330" lon="120.3292440">
    <ele>18.8</ele>
    <time>2026-08-02T06:17:56Z</time>
   </trkpt>
   <trkpt lat="22.7390400" lon="120.3292550">
    <ele>18.8</ele>
    <time>2026-08-02T06:17:57Z</time>
   </trkpt>
   <trkpt lat="22.7390400" lon="120.3292640">
    <ele>18.8</ele>
    <time>2026-08-02T06:17:58Z</time>
   </trkpt>
   <trkpt lat="22.7390480" lon="120.3292790">
    <ele>18.8</ele>
    <time>2026-08-02T06:17:59Z</time>
   </trkpt>
   <trkpt lat="22.7390520" lon="120.3292900">
    <ele>18.8</ele>
    <time>2026-08-02T06:18:01Z</time>
   </trkpt>
   <trkpt lat="22.7390520" lon="120.3293090">
    <ele>18.8</ele>
    <time>2026-08-02T06:18:02Z</time>
   </trkpt>
   <trkpt lat="22.7390630" lon="120.3293170">
    <ele>18.8</ele>
    <time>2026-08-02T06:18:04Z</time>
   </trkpt>
   <trkpt lat="22.7390650" lon="120.3293340">
    <ele>18.8</ele>
    <time>2026-08-02T06:18:05Z</time>
   </trkpt>
   <trkpt lat="22.7390640" lon="120.3293420">
    <ele>18.8</ele>
    <time>2026-08-02T06:18:06Z</time>
   </trkpt>
   <trkpt lat="22.7390600" lon="120.3293470">
    <ele>18.8</ele>
    <time>2026-08-02T06:18:08Z</time>
   </trkpt>
   <trkpt lat="22.7390630" lon="120.3293550">
    <ele>18.8</ele>
    <time>2026-08-02T06:18:09Z</time>
   </trkpt>
   <trkpt lat="22.7390730" lon="120.3293630">
    <ele>18.8</ele>
    <time>2026-08-02T06:18:10Z</time>
   </trkpt>
   <trkpt lat="22.7390780" lon="120.3293730">
    <ele>18.8</ele>
    <time>2026-08-02T06:18:11Z</time>
   </trkpt>
   <trkpt lat="22.7390760" lon="120.3293770">
    <ele>18.8</ele>
    <time>2026-08-02T06:18:12Z</time>
   </trkpt>
   <trkpt lat="22.7390780" lon="120.3293820">
    <ele>18.8</ele>
    <time>2026-08-02T06:18:13Z</time>
   </trkpt>
   <trkpt lat="22.7390850" lon="120.3293890">
    <ele>18.7</ele>
    <time>2026-08-02T06:18:14Z</time>
   </trkpt>
   <trkpt lat="22.7390920" lon="120.3294080">
    <ele>18.7</ele>
    <time>2026-08-02T06:18:15Z</time>
   </trkpt>
   <trkpt lat="22.7390940" lon="120.3294160">
    <ele>18.7</ele>
    <time>2026-08-02T06:18:17Z</time>
   </trkpt>
   <trkpt lat="22.7390940" lon="120.3294160">
    <ele>18.7</ele>
    <time>2026-08-02T06:18:18Z</time>
   </trkpt>
   <trkpt lat="22.7390980" lon="120.3294140">
    <ele>18.7</ele>
    <time>2026-08-02T06:18:19Z</time>
   </trkpt>
   <trkpt lat="22.7391050" lon="120.3294090">
    <ele>18.7</ele>
    <time>2026-08-02T06:18:20Z</time>
   </trkpt>
   <trkpt lat="22.7391200" lon="120.3294030">
    <ele>18.7</ele>
    <time>2026-08-02T06:18:21Z</time>
   </trkpt>
   <trkpt lat="22.7391320" lon="120.3294070">
    <ele>18.7</ele>
    <time>2026-08-02T06:18:22Z</time>
   </trkpt>
   <trkpt lat="22.7391350" lon="120.3294220">
    <ele>18.7</ele>
    <time>2026-08-02T06:18:23Z</time>
   </trkpt>
   <trkpt lat="22.7391300" lon="120.3294350">
    <ele>18.7</ele>
    <time>2026-08-02T06:18:24Z</time>
   </trkpt>
   <trkpt lat="22.7391220" lon="120.3294430">
    <ele>18.7</ele>
    <time>2026-08-02T06:18:25Z</time>
   </trkpt>
   <trkpt lat="22.7391110" lon="120.3294480">
    <ele>18.7</ele>
    <time>2026-08-02T06:18:26Z</time>
   </trkpt>
   <trkpt lat="22.7391060" lon="120.3294490">
    <ele>18.7</ele>
    <time>2026-08-02T06:18:27Z</time>
   </trkpt>
   <trkpt lat="22.7391040" lon="120.3294560">
    <ele>18.7</ele>
    <time>2026-08-02T06:18:28Z</time>
   </trkpt>
   <trkpt lat="22.7391060" lon="120.3294650">
    <ele>18.7</ele>
    <time>2026-08-02T06:18:29Z</time>
   </trkpt>
   <trkpt lat="22.7391210" lon="120.3294790">
    <ele>18.7</ele>
    <time>2026-08-02T06:18:30Z</time>
   </trkpt>
   <trkpt lat="22.7391310" lon="120.3294910">
    <ele>18.7</ele>
    <time>2026-08-02T06:18:31Z</time>
   </trkpt>
   <trkpt lat="22.7391330" lon="120.3295020">
    <ele>18.7</ele>
    <time>2026-08-02T06:18:32Z</time>
   </trkpt>
   <trkpt lat="22.7391340" lon="120.3295030">
    <ele>18.7</ele>
    <time>2026-08-02T06:18:33Z</time>
   </trkpt>
   <trkpt lat="22.7391420" lon="120.3295060">
    <ele>18.7</ele>
    <time>2026-08-02T06:18:34Z</time>
   </trkpt>
   <trkpt lat="22.7391510" lon="120.3295150">
    <ele>18.7</ele>
    <time>2026-08-02T06:18:36Z</time>
   </trkpt>
   <trkpt lat="22.7391520" lon="120.3295260">
    <ele>18.7</ele>
    <time>2026-08-02T06:18:37Z</time>
   </trkpt>
   <trkpt lat="22.7391510" lon="120.3295390">
    <ele>18.6</ele>
    <time>2026-08-02T06:18:38Z</time>
   </trkpt>
   <trkpt lat="22.7391530" lon="120.3295470">
    <ele>18.6</ele>
    <time>2026-08-02T06:18:39Z</time>
   </trkpt>
   <trkpt lat="22.7391570" lon="120.3295540">
    <ele>18.6</ele>
    <time>2026-08-02T06:18:40Z</time>
   </trkpt>
   <trkpt lat="22.7391620" lon="120.3295630">
    <ele>18.6</ele>
    <time>2026-08-02T06:18:41Z</time>
   </trkpt>
   <trkpt lat="22.7391630" lon="120.3295780">
    <ele>18.6</ele>
    <time>2026-08-02T06:18:42Z</time>
   </trkpt>
   <trkpt lat="22.7391630" lon="120.3295850">
    <ele>18.6</ele>
    <time>2026-08-02T06:18:43Z</time>
   </trkpt>
   <trkpt lat="22.7391700" lon="120.3295900">
    <ele>18.6</ele>
    <time>2026-08-02T06:18:44Z</time>
   </trkpt>
   <trkpt lat="22.7391800" lon="120.3295810">
    <ele>18.6</ele>
    <time>2026-08-02T06:18:45Z</time>
   </trkpt>
   <trkpt lat="22.7391920" lon="120.3295610">
    <ele>18.6</ele>
    <time>2026-08-02T06:18:46Z</time>
   </trkpt>
   <trkpt lat="22.7392000" lon="120.3295490">
    <ele>18.6</ele>
    <time>2026-08-02T06:18:47Z</time>
   </trkpt>
   <trkpt lat="22.7392130" lon="120.3295480">
    <ele>18.6</ele>
    <time>2026-08-02T06:18:48Z</time>
   </trkpt>
   <trkpt lat="22.7392240" lon="120.3295610">
    <ele>18.6</ele>
    <time>2026-08-02T06:18:49Z</time>
   </trkpt>
   <trkpt lat="22.7392280" lon="120.3295790">
    <ele>18.6</ele>
    <time>2026-08-02T06:18:50Z</time>
   </trkpt>
   <trkpt lat="22.7392170" lon="120.3296080">
    <ele>18.6</ele>
    <time>2026-08-02T06:18:51Z</time>
   </trkpt>
   <trkpt lat="22.7392010" lon="120.3296190">
    <ele>18.6</ele>
    <time>2026-08-02T06:18:53Z</time>
   </trkpt>
   <trkpt lat="22.7391870" lon="120.3296210">
    <ele>18.6</ele>
    <time>2026-08-02T06:18:54Z</time>
   </trkpt>
   <trkpt lat="22.7391760" lon="120.3296270">
    <ele>18.6</ele>
    <time>2026-08-02T06:18:55Z</time>
   </trkpt>
   <trkpt lat="22.7391770" lon="120.3296350">
    <ele>18.6</ele>
    <time>2026-08-02T06:18:56Z</time>
   </trkpt>
   <trkpt lat="22.7391930" lon="120.3296540">
    <ele>18.5</ele>
    <time>2026-08-02T06:18:57Z</time>
   </trkpt>
   <trkpt lat="22.7391980" lon="120.3296640">
    <ele>18.5</ele>
    <time>2026-08-02T06:18:58Z</time>
   </trkpt>
   <trkpt lat="22.7392000" lon="120.3296770">
    <ele>18.5</ele>
    <time>2026-08-02T06:18:59Z</time>
   </trkpt>
   <trkpt lat="22.7392030" lon="120.3296730">
    <ele>18.5</ele>
    <time>2026-08-02T06:19:01Z</time>
   </trkpt>
   <trkpt lat="22.7392070" lon="120.3296760">
    <ele>18.5</ele>
    <time>2026-08-02T06:19:03Z</time>
   </trkpt>
   <trkpt lat="22.7392080" lon="120.3296820">
    <ele>18.5</ele>
    <time>2026-08-02T06:19:04Z</time>
   </trkpt>
   <trkpt lat="22.7392080" lon="120.3296830">
    <ele>18.5</ele>
    <time>2026-08-02T06:19:05Z</time>
   </trkpt>
   <trkpt lat="22.7392080" lon="120.3296830">
    <ele>18.5</ele>
    <time>2026-08-02T06:19:06Z</time>
   </trkpt>
   <trkpt lat="22.7392090" lon="120.3296880">
    <ele>18.5</ele>
    <time>2026-08-02T06:19:07Z</time>
   </trkpt>
   <trkpt lat="22.7392130" lon="120.3296980">
    <ele>18.5</ele>
    <time>2026-08-02T06:19:08Z</time>
   </trkpt>
   <trkpt lat="22.7392180" lon="120.3297050">
    <ele>18.5</ele>
    <time>2026-08-02T06:19:09Z</time>
   </trkpt>
   <trkpt lat="22.7392220" lon="120.3297150">
    <ele>18.5</ele>
    <time>2026-08-02T06:19:10Z</time>
   </trkpt>
   <trkpt lat="22.7392250" lon="120.3297200">
    <ele>18.5</ele>
    <time>2026-08-02T06:19:11Z</time>
   </trkpt>
   <trkpt lat="22.7392280" lon="120.3297270">
    <ele>18.5</ele>
    <time>2026-08-02T06:19:12Z</time>
   </trkpt>
   <trkpt lat="22.7392320" lon="120.3297350">
    <ele>18.5</ele>
    <time>2026-08-02T06:19:13Z</time>
   </trkpt>
   <trkpt lat="22.7392370" lon="120.3297540">
    <ele>18.5</ele>
    <time>2026-08-02T06:19:14Z</time>
   </trkpt>
   <trkpt lat="22.7392340" lon="120.3297470">
    <ele>18.5</ele>
    <time>2026-08-02T06:19:16Z</time>
   </trkpt>
   <trkpt lat="22.7392320" lon="120.3297500">
    <ele>18.5</ele>
    <time>2026-08-02T06:19:17Z</time>
   </trkpt>
   <trkpt lat="22.7392360" lon="120.3297550">
    <ele>18.5</ele>
    <time>2026-08-02T06:19:18Z</time>
   </trkpt>
   <trkpt lat="22.7392410" lon="120.3297620">
    <ele>18.5</ele>
    <time>2026-08-02T06:19:19Z</time>
   </trkpt>
   <trkpt lat="22.7392450" lon="120.3297730">
    <ele>18.5</ele>
    <time>2026-08-02T06:19:20Z</time>
   </trkpt>
   <trkpt lat="22.7392550" lon="120.3297780">
    <ele>18.5</ele>
    <time>2026-08-02T06:19:21Z</time>
   </trkpt>
   <trkpt lat="22.7392660" lon="120.3297710">
    <ele>18.5</ele>
    <time>2026-08-02T06:19:23Z</time>
   </trkpt>
   <trkpt lat="22.7392730" lon="120.3297630">
    <ele>18.5</ele>
    <time>2026-08-02T06:19:24Z</time>
   </trkpt>
   <trkpt lat="22.7392810" lon="120.3297550">
    <ele>18.5</ele>
    <time>2026-08-02T06:19:25Z</time>
   </trkpt>
   <trkpt lat="22.7392910" lon="120.3297570">
    <ele>18.5</ele>
    <time>2026-08-02T06:19:26Z</time>
   </trkpt>
   <trkpt lat="22.7392990" lon="120.3297740">
    <ele>18.5</ele>
    <time>2026-08-02T06:19:27Z</time>
   </trkpt>
   <trkpt lat="22.7392990" lon="120.3297940">
    <ele>18.5</ele>
    <time>2026-08-02T06:19:28Z</time>
   </trkpt>
   <trkpt lat="22.7392930" lon="120.3298120">
    <ele>18.5</ele>
    <time>2026-08-02T06:19:29Z</time>
   </trkpt>
   <trkpt lat="22.7392800" lon="120.3298190">
    <ele>18.5</ele>
    <time>2026-08-02T06:19:30Z</time>
   </trkpt>
   <trkpt lat="22.7392670" lon="120.3298220">
    <ele>18.5</ele>
    <time>2026-08-02T06:19:31Z</time>
   </trkpt>
   <trkpt lat="22.7392480" lon="120.3298270">
    <ele>18.5</ele>
    <time>2026-08-02T06:19:32Z</time>
   </trkpt>
   <trkpt lat="22.7392330" lon="120.3298480">
    <ele>18.5</ele>
    <time>2026-08-02T06:19:33Z</time>
   </trkpt>
   <trkpt lat="22.7392390" lon="120.3298540">
    <ele>18.5</ele>
    <time>2026-08-02T06:19:35Z</time>
   </trkpt>
   <trkpt lat="22.7392430" lon="120.3298600">
    <ele>18.5</ele>
    <time>2026-08-02T06:19:36Z</time>
   </trkpt>
   <trkpt lat="22.7392430" lon="120.3298670">
    <ele>18.5</ele>
    <time>2026-08-02T06:19:37Z</time>
   </trkpt>
   <trkpt lat="22.7392430" lon="120.3298750">
    <ele>18.5</ele>
    <time>2026-08-02T06:19:38Z</time>
   </trkpt>
   <trkpt lat="22.7392440" lon="120.3298840">
    <ele>18.5</ele>
    <time>2026-08-02T06:19:39Z</time>
   </trkpt>
   <trkpt lat="22.7392490" lon="120.3298910">
    <ele>18.5</ele>
    <time>2026-08-02T06:19:40Z</time>
   </trkpt>
   <trkpt lat="22.7392530" lon="120.3298990">
    <ele>18.5</ele>
    <time>2026-08-02T06:19:41Z</time>
   </trkpt>
   <trkpt lat="22.7392590" lon="120.3299090">
    <ele>18.5</ele>
    <time>2026-08-02T06:19:42Z</time>
   </trkpt>
   <trkpt lat="22.7392620" lon="120.3299140">
    <ele>18.5</ele>
    <time>2026-08-02T06:19:43Z</time>
   </trkpt>
   <trkpt lat="22.7392700" lon="120.3299140">
    <ele>18.5</ele>
    <time>2026-08-02T06:19:44Z</time>
   </trkpt>
   <trkpt lat="22.7392780" lon="120.3299170">
    <ele>18.5</ele>
    <time>2026-08-02T06:19:45Z</time>
   </trkpt>
   <trkpt lat="22.7392990" lon="120.3299140">
    <ele>18.5</ele>
    <time>2026-08-02T06:19:46Z</time>
   </trkpt>
   <trkpt lat="22.7393090" lon="120.3299170">
    <ele>18.5</ele>
    <time>2026-08-02T06:19:48Z</time>
   </trkpt>
   <trkpt lat="22.7393080" lon="120.3299300">
    <ele>18.5</ele>
    <time>2026-08-02T06:19:49Z</time>
   </trkpt>
   <trkpt lat="22.7392920" lon="120.3299380">
    <ele>18.5</ele>
    <time>2026-08-02T06:19:50Z</time>
   </trkpt>
   <trkpt lat="22.7392880" lon="120.3299420">
    <ele>18.5</ele>
    <time>2026-08-02T06:19:51Z</time>
   </trkpt>
   <trkpt lat="22.7392870" lon="120.3299450">
    <ele>18.5</ele>
    <time>2026-08-02T06:19:52Z</time>
   </trkpt>
   <trkpt lat="22.7392940" lon="120.3299560">
    <ele>18.5</ele>
    <time>2026-08-02T06:19:53Z</time>
   </trkpt>
   <trkpt lat="22.7393050" lon="120.3299630">
    <ele>18.5</ele>
    <time>2026-08-02T06:19:55Z</time>
   </trkpt>
   <trkpt lat="22.7393280" lon="120.3299760">
    <ele>18.5</ele>
    <time>2026-08-02T06:19:56Z</time>
   </trkpt>
   <trkpt lat="22.7393260" lon="120.3299850">
    <ele>18.5</ele>
    <time>2026-08-02T06:19:58Z</time>
   </trkpt>
   <trkpt lat="22.7393130" lon="120.3299880">
    <ele>18.5</ele>
    <time>2026-08-02T06:19:59Z</time>
   </trkpt>
   <trkpt lat="22.7393010" lon="120.3299860">
    <ele>18.5</ele>
    <time>2026-08-02T06:20:00Z</time>
   </trkpt>
   <trkpt lat="22.7392960" lon="120.3299970">
    <ele>18.5</ele>
    <time>2026-08-02T06:20:01Z</time>
   </trkpt>
   <trkpt lat="22.7393060" lon="120.3300020">
    <ele>18.5</ele>
    <time>2026-08-02T06:20:02Z</time>
   </trkpt>
   <trkpt lat="22.7393140" lon="120.3300070">
    <ele>18.5</ele>
    <time>2026-08-02T06:20:04Z</time>
   </trkpt>
   <trkpt lat="22.7393130" lon="120.3300170">
    <ele>18.5</ele>
    <time>2026-08-02T06:20:05Z</time>
   </trkpt>
   <trkpt lat="22.7393120" lon="120.3300220">
    <ele>18.5</ele>
    <time>2026-08-02T06:20:06Z</time>
   </trkpt>
   <trkpt lat="22.7393130" lon="120.3300210">
    <ele>18.5</ele>
    <time>2026-08-02T06:20:07Z</time>
   </trkpt>
   <trkpt lat="22.7393150" lon="120.3300240">
    <ele>18.5</ele>
    <time>2026-08-02T06:20:08Z</time>
   </trkpt>
   <trkpt lat="22.7393240" lon="120.3300400">
    <ele>18.5</ele>
    <time>2026-08-02T06:20:09Z</time>
   </trkpt>
   <trkpt lat="22.7393260" lon="120.3300400">
    <ele>18.5</ele>
    <time>2026-08-02T06:20:11Z</time>
   </trkpt>
   <trkpt lat="22.7393340" lon="120.3300380">
    <ele>18.5</ele>
    <time>2026-08-02T06:20:12Z</time>
   </trkpt>
   <trkpt lat="22.7393470" lon="120.3300150">
    <ele>18.5</ele>
    <time>2026-08-02T06:20:13Z</time>
   </trkpt>
   <trkpt lat="22.7393580" lon="120.3300080">
    <ele>18.5</ele>
    <time>2026-08-02T06:20:15Z</time>
   </trkpt>
   <trkpt lat="22.7393730" lon="120.3300100">
    <ele>18.5</ele>
    <time>2026-08-02T06:20:16Z</time>
   </trkpt>
   <trkpt lat="22.7393860" lon="120.3300170">
    <ele>18.5</ele>
    <time>2026-08-02T06:20:17Z</time>
   </trkpt>
   <trkpt lat="22.7394060" lon="120.3300410">
    <ele>18.5</ele>
    <time>2026-08-02T06:20:18Z</time>
   </trkpt>
   <trkpt lat="22.7394080" lon="120.3300510">
    <ele>18.5</ele>
    <time>2026-08-02T06:20:19Z</time>
   </trkpt>
   <trkpt lat="22.7394080" lon="120.3300580">
    <ele>18.5</ele>
    <time>2026-08-02T06:20:21Z</time>
   </trkpt>
   <trkpt lat="22.7394100" lon="120.3300860">
    <ele>18.5</ele>
    <time>2026-08-02T06:20:22Z</time>
   </trkpt>
   <trkpt lat="22.7394020" lon="120.3300890">
    <ele>18.5</ele>
    <time>2026-08-02T06:20:24Z</time>
   </trkpt>
   <trkpt lat="22.7393970" lon="120.3300870">
    <ele>18.5</ele>
    <time>2026-08-02T06:20:25Z</time>
   </trkpt>
   <trkpt lat="22.7393920" lon="120.3300890">
    <ele>18.5</ele>
    <time>2026-08-02T06:20:26Z</time>
   </trkpt>
   <trkpt lat="22.7393920" lon="120.3300940">
    <ele>18.5</ele>
    <time>2026-08-02T06:20:27Z</time>
   </trkpt>
   <trkpt lat="22.7393950" lon="120.3300950">
    <ele>18.5</ele>
    <time>2026-08-02T06:20:28Z</time>
   </trkpt>
   <trkpt lat="22.7394000" lon="120.3300950">
    <ele>18.5</ele>
    <time>2026-08-02T06:20:29Z</time>
   </trkpt>
   <trkpt lat="22.7394120" lon="120.3300960">
    <ele>18.5</ele>
    <time>2026-08-02T06:20:30Z</time>
   </trkpt>
   <trkpt lat="22.7394250" lon="120.3301000">
    <ele>18.5</ele>
    <time>2026-08-02T06:20:31Z</time>
   </trkpt>
   <trkpt lat="22.7394320" lon="120.3301110">
    <ele>18.5</ele>
    <time>2026-08-02T06:20:32Z</time>
   </trkpt>
   <trkpt lat="22.7394390" lon="120.3301250">
    <ele>18.5</ele>
    <time>2026-08-02T06:20:33Z</time>
   </trkpt>
   <trkpt lat="22.7394410" lon="120.3301390">
    <ele>18.4</ele>
    <time>2026-08-02T06:20:34Z</time>
   </trkpt>
   <trkpt lat="22.7394430" lon="120.3301530">
    <ele>18.4</ele>
    <time>2026-08-02T06:20:35Z</time>
   </trkpt>
   <trkpt lat="22.7394440" lon="120.3301680">
    <ele>18.4</ele>
    <time>2026-08-02T06:20:36Z</time>
   </trkpt>
   <trkpt lat="22.7394410" lon="120.3301810">
    <ele>18.4</ele>
    <time>2026-08-02T06:20:37Z</time>
   </trkpt>
   <trkpt lat="22.7394350" lon="120.3301930">
    <ele>18.4</ele>
    <time>2026-08-02T06:20:38Z</time>
   </trkpt>
   <trkpt lat="22.7394300" lon="120.3302060">
    <ele>18.4</ele>
    <time>2026-08-02T06:20:39Z</time>
   </trkpt>
   <trkpt lat="22.7394270" lon="120.3302210">
    <ele>18.4</ele>
    <time>2026-08-02T06:20:40Z</time>
   </trkpt>
   <trkpt lat="22.7394250" lon="120.3302350">
    <ele>18.5</ele>
    <time>2026-08-02T06:20:41Z</time>
   </trkpt>
   <trkpt lat="22.7394230" lon="120.3302470">
    <ele>18.5</ele>
    <time>2026-08-02T06:20:42Z</time>
   </trkpt>
   <trkpt lat="22.7394210" lon="120.3302670">
    <ele>18.5</ele>
    <time>2026-08-02T06:20:43Z</time>
   </trkpt>
   <trkpt lat="22.7394210" lon="120.3302790">
    <ele>18.6</ele>
    <time>2026-08-02T06:20:44Z</time>
   </trkpt>
   <trkpt lat="22.7394160" lon="120.3302900">
    <ele>18.6</ele>
    <time>2026-08-02T06:20:45Z</time>
   </trkpt>
   <trkpt lat="22.7394070" lon="120.3303000">
    <ele>18.6</ele>
    <time>2026-08-02T06:20:46Z</time>
   </trkpt>
   <trkpt lat="22.7393900" lon="120.3303170">
    <ele>18.6</ele>
    <time>2026-08-02T06:20:47Z</time>
   </trkpt>
   <trkpt lat="22.7393810" lon="120.3303290">
    <ele>18.6</ele>
    <time>2026-08-02T06:20:49Z</time>
   </trkpt>
   <trkpt lat="22.7393550" lon="120.3303570">
    <ele>18.6</ele>
    <time>2026-08-02T06:20:50Z</time>
   </trkpt>
   <trkpt lat="22.7393390" lon="120.3303750">
    <ele>18.6</ele>
    <time>2026-08-02T06:20:52Z</time>
   </trkpt>
   <trkpt lat="22.7393290" lon="120.3303840">
    <ele>18.6</ele>
    <time>2026-08-02T06:20:54Z</time>
   </trkpt>
   <trkpt lat="22.7393060" lon="120.3303910">
    <ele>18.7</ele>
    <time>2026-08-02T06:20:55Z</time>
   </trkpt>
   <trkpt lat="22.7392960" lon="120.3303950">
    <ele>18.7</ele>
    <time>2026-08-02T06:20:57Z</time>
   </trkpt>
   <trkpt lat="22.7392850" lon="120.3303990">
    <ele>18.7</ele>
    <time>2026-08-02T06:20:58Z</time>
   </trkpt>
   <trkpt lat="22.7392730" lon="120.3304040">
    <ele>18.7</ele>
    <time>2026-08-02T06:20:59Z</time>
   </trkpt>
   <trkpt lat="22.7392520" lon="120.3304150">
    <ele>18.7</ele>
    <time>2026-08-02T06:21:00Z</time>
   </trkpt>
   <trkpt lat="22.7392330" lon="120.3304280">
    <ele>18.7</ele>
    <time>2026-08-02T06:21:02Z</time>
   </trkpt>
   <trkpt lat="22.7392220" lon="120.3304340">
    <ele>18.7</ele>
    <time>2026-08-02T06:21:04Z</time>
   </trkpt>
   <trkpt lat="22.7392010" lon="120.3304440">
    <ele>18.7</ele>
    <time>2026-08-02T06:21:05Z</time>
   </trkpt>
   <trkpt lat="22.7391900" lon="120.3304450">
    <ele>18.7</ele>
    <time>2026-08-02T06:21:07Z</time>
   </trkpt>
   <trkpt lat="22.7391750" lon="120.3304490">
    <ele>18.7</ele>
    <time>2026-08-02T06:21:08Z</time>
   </trkpt>
   <trkpt lat="22.7391620" lon="120.3304540">
    <ele>18.7</ele>
    <time>2026-08-02T06:21:09Z</time>
   </trkpt>
   <trkpt lat="22.7391530" lon="120.3304600">
    <ele>18.7</ele>
    <time>2026-08-02T06:21:10Z</time>
   </trkpt>
   <trkpt lat="22.7391440" lon="120.3304670">
    <ele>18.7</ele>
    <time>2026-08-02T06:21:11Z</time>
   </trkpt>
   <trkpt lat="22.7391350" lon="120.3304730">
    <ele>18.8</ele>
    <time>2026-08-02T06:21:12Z</time>
   </trkpt>
   <trkpt lat="22.7391230" lon="120.3304820">
    <ele>18.8</ele>
    <time>2026-08-02T06:21:13Z</time>
   </trkpt>
   <trkpt lat="22.7391130" lon="120.3304900">
    <ele>18.8</ele>
    <time>2026-08-02T06:21:14Z</time>
   </trkpt>
   <trkpt lat="22.7391030" lon="120.3304950">
    <ele>18.8</ele>
    <time>2026-08-02T06:21:15Z</time>
   </trkpt>
   <trkpt lat="22.7390840" lon="120.3304980">
    <ele>18.8</ele>
    <time>2026-08-02T06:21:16Z</time>
   </trkpt>
   <trkpt lat="22.7390730" lon="120.3305020">
    <ele>18.8</ele>
    <time>2026-08-02T06:21:18Z</time>
   </trkpt>
   <trkpt lat="22.7390630" lon="120.3305060">
    <ele>18.8</ele>
    <time>2026-08-02T06:21:19Z</time>
   </trkpt>
   <trkpt lat="22.7390560" lon="120.3305130">
    <ele>18.8</ele>
    <time>2026-08-02T06:21:20Z</time>
   </trkpt>
   <trkpt lat="22.7390380" lon="120.3305260">
    <ele>18.8</ele>
    <time>2026-08-02T06:21:21Z</time>
   </trkpt>
   <trkpt lat="22.7390260" lon="120.3305340">
    <ele>18.8</ele>
    <time>2026-08-02T06:21:23Z</time>
   </trkpt>
   <trkpt lat="22.7390160" lon="120.3305420">
    <ele>18.8</ele>
    <time>2026-08-02T06:21:24Z</time>
   </trkpt>
   <trkpt lat="22.7390070" lon="120.3305510">
    <ele>18.8</ele>
    <time>2026-08-02T06:21:25Z</time>
   </trkpt>
   <trkpt lat="22.7389990" lon="120.3305610">
    <ele>18.8</ele>
    <time>2026-08-02T06:21:26Z</time>
   </trkpt>
   <trkpt lat="22.7389910" lon="120.3305700">
    <ele>18.8</ele>
    <time>2026-08-02T06:21:27Z</time>
   </trkpt>
   <trkpt lat="22.7389840" lon="120.3305770">
    <ele>18.8</ele>
    <time>2026-08-02T06:21:28Z</time>
   </trkpt>
   <trkpt lat="22.7389750" lon="120.3305870">
    <ele>18.8</ele>
    <time>2026-08-02T06:21:29Z</time>
   </trkpt>
   <trkpt lat="22.7389660" lon="120.3305960">
    <ele>18.8</ele>
    <time>2026-08-02T06:21:30Z</time>
   </trkpt>
   <trkpt lat="22.7389600" lon="120.3306010">
    <ele>18.8</ele>
    <time>2026-08-02T06:21:31Z</time>
   </trkpt>
   <trkpt lat="22.7389530" lon="120.3306060">
    <ele>18.8</ele>
    <time>2026-08-02T06:21:32Z</time>
   </trkpt>
   <trkpt lat="22.7389340" lon="120.3306160">
    <ele>18.8</ele>
    <time>2026-08-02T06:21:33Z</time>
   </trkpt>
   <trkpt lat="22.7389240" lon="120.3306170">
    <ele>18.8</ele>
    <time>2026-08-02T06:21:35Z</time>
   </trkpt>
   <trkpt lat="22.7389140" lon="120.3306190">
    <ele>18.8</ele>
    <time>2026-08-02T06:21:36Z</time>
   </trkpt>
   <trkpt lat="22.7388990" lon="120.3306220">
    <ele>18.8</ele>
    <time>2026-08-02T06:21:37Z</time>
   </trkpt>
   <trkpt lat="22.7388740" lon="120.3306330">
    <ele>18.8</ele>
    <time>2026-08-02T06:21:38Z</time>
   </trkpt>
   <trkpt lat="22.7388650" lon="120.3306420">
    <ele>18.8</ele>
    <time>2026-08-02T06:21:40Z</time>
   </trkpt>
   <trkpt lat="22.7388560" lon="120.3306490">
    <ele>18.8</ele>
    <time>2026-08-02T06:21:41Z</time>
   </trkpt>
   <trkpt lat="22.7388460" lon="120.3306570">
    <ele>18.8</ele>
    <time>2026-08-02T06:21:42Z</time>
   </trkpt>
   <trkpt lat="22.7388260" lon="120.3306700">
    <ele>18.8</ele>
    <time>2026-08-02T06:21:43Z</time>
   </trkpt>
   <trkpt lat="22.7388150" lon="120.3306760">
    <ele>18.8</ele>
    <time>2026-08-02T06:21:45Z</time>
   </trkpt>
   <trkpt lat="22.7388020" lon="120.3306820">
    <ele>18.8</ele>
    <time>2026-08-02T06:21:46Z</time>
   </trkpt>
   <trkpt lat="22.7387940" lon="120.3306860">
    <ele>18.8</ele>
    <time>2026-08-02T06:21:47Z</time>
   </trkpt>
   <trkpt lat="22.7387850" lon="120.3306910">
    <ele>18.9</ele>
    <time>2026-08-02T06:21:48Z</time>
   </trkpt>
   <trkpt lat="22.7387640" lon="120.3306990">
    <ele>18.9</ele>
    <time>2026-08-02T06:21:49Z</time>
   </trkpt>
   <trkpt lat="22.7387530" lon="120.3307060">
    <ele>18.9</ele>
    <time>2026-08-02T06:21:51Z</time>
   </trkpt>
   <trkpt lat="22.7387470" lon="120.3307160">
    <ele>18.9</ele>
    <time>2026-08-02T06:21:52Z</time>
   </trkpt>
   <trkpt lat="22.7387420" lon="120.3307260">
    <ele>18.9</ele>
    <time>2026-08-02T06:21:53Z</time>
   </trkpt>
   <trkpt lat="22.7387320" lon="120.3307430">
    <ele>18.9</ele>
    <time>2026-08-02T06:21:54Z</time>
   </trkpt>
   <trkpt lat="22.7387290" lon="120.3307540">
    <ele>18.9</ele>
    <time>2026-08-02T06:21:55Z</time>
   </trkpt>
   <trkpt lat="22.7387250" lon="120.3307620">
    <ele>18.9</ele>
    <time>2026-08-02T06:21:56Z</time>
   </trkpt>
   <trkpt lat="22.7387160" lon="120.3307760">
    <ele>18.9</ele>
    <time>2026-08-02T06:21:57Z</time>
   </trkpt>
   <trkpt lat="22.7387110" lon="120.3307830">
    <ele>18.9</ele>
    <time>2026-08-02T06:21:59Z</time>
   </trkpt>
   <trkpt lat="22.7387000" lon="120.3307920">
    <ele>18.9</ele>
    <time>2026-08-02T06:22:00Z</time>
   </trkpt>
   <trkpt lat="22.7386900" lon="120.3307990">
    <ele>18.9</ele>
    <time>2026-08-02T06:22:01Z</time>
   </trkpt>
   <trkpt lat="22.7386780" lon="120.3308040">
    <ele>18.9</ele>
    <time>2026-08-02T06:22:02Z</time>
   </trkpt>
   <trkpt lat="22.7386670" lon="120.3308060">
    <ele>18.9</ele>
    <time>2026-08-02T06:22:03Z</time>
   </trkpt>
   <trkpt lat="22.7386660" lon="120.3308070">
    <ele>18.9</ele>
    <time>2026-08-02T06:22:04Z</time>
   </trkpt>
   <trkpt lat="22.7386520" lon="120.3308100">
    <ele>18.9</ele>
    <time>2026-08-02T06:22:05Z</time>
   </trkpt>
   <trkpt lat="22.7386290" lon="120.3308190">
    <ele>18.9</ele>
    <time>2026-08-02T06:22:06Z</time>
   </trkpt>
   <trkpt lat="22.7386040" lon="120.3308310">
    <ele>18.9</ele>
    <time>2026-08-02T06:22:08Z</time>
   </trkpt>
   <trkpt lat="22.7385930" lon="120.3308400">
    <ele>18.9</ele>
    <time>2026-08-02T06:22:10Z</time>
   </trkpt>
   <trkpt lat="22.7385700" lon="120.3308530">
    <ele>18.9</ele>
    <time>2026-08-02T06:22:11Z</time>
   </trkpt>
   <trkpt lat="22.7385600" lon="120.3308570">
    <ele>18.9</ele>
    <time>2026-08-02T06:22:12Z</time>
   </trkpt>
   <trkpt lat="22.7385480" lon="120.3308610">
    <ele>18.9</ele>
    <time>2026-08-02T06:22:14Z</time>
   </trkpt>
   <trkpt lat="22.7385390" lon="120.3308610">
    <ele>18.9</ele>
    <time>2026-08-02T06:22:15Z</time>
   </trkpt>
   <trkpt lat="22.7385290" lon="120.3308650">
    <ele>18.9</ele>
    <time>2026-08-02T06:22:16Z</time>
   </trkpt>
   <trkpt lat="22.7385180" lon="120.3308700">
    <ele>18.9</ele>
    <time>2026-08-02T06:22:17Z</time>
   </trkpt>
   <trkpt lat="22.7385090" lon="120.3308780">
    <ele>18.9</ele>
    <time>2026-08-02T06:22:18Z</time>
   </trkpt>
   <trkpt lat="22.7385010" lon="120.3308830">
    <ele>18.9</ele>
    <time>2026-08-02T06:22:19Z</time>
   </trkpt>
   <trkpt lat="22.7384920" lon="120.3308910">
    <ele>18.9</ele>
    <time>2026-08-02T06:22:20Z</time>
   </trkpt>
   <trkpt lat="22.7384810" lon="120.3309000">
    <ele>18.9</ele>
    <time>2026-08-02T06:22:21Z</time>
   </trkpt>
   <trkpt lat="22.7384700" lon="120.3309040">
    <ele>18.9</ele>
    <time>2026-08-02T06:22:22Z</time>
   </trkpt>
   <trkpt lat="22.7384600" lon="120.3309080">
    <ele>19.0</ele>
    <time>2026-08-02T06:22:23Z</time>
   </trkpt>
   <trkpt lat="22.7384480" lon="120.3309130">
    <ele>19.0</ele>
    <time>2026-08-02T06:22:24Z</time>
   </trkpt>
   <trkpt lat="22.7384380" lon="120.3309180">
    <ele>19.0</ele>
    <time>2026-08-02T06:22:25Z</time>
   </trkpt>
   <trkpt lat="22.7384280" lon="120.3309230">
    <ele>19.0</ele>
    <time>2026-08-02T06:22:26Z</time>
   </trkpt>
   <trkpt lat="22.7384060" lon="120.3309320">
    <ele>19.0</ele>
    <time>2026-08-02T06:22:27Z</time>
   </trkpt>
   <trkpt lat="22.7383930" lon="120.3309370">
    <ele>19.0</ele>
    <time>2026-08-02T06:22:29Z</time>
   </trkpt>
   <trkpt lat="22.7383800" lon="120.3309420">
    <ele>19.0</ele>
    <time>2026-08-02T06:22:30Z</time>
   </trkpt>
   <trkpt lat="22.7383680" lon="120.3309470">
    <ele>19.0</ele>
    <time>2026-08-02T06:22:31Z</time>
   </trkpt>
   <trkpt lat="22.7383590" lon="120.3309500">
    <ele>19.0</ele>
    <time>2026-08-02T06:22:32Z</time>
   </trkpt>
   <trkpt lat="22.7383450" lon="120.3309540">
    <ele>19.0</ele>
    <time>2026-08-02T06:22:33Z</time>
   </trkpt>
   <trkpt lat="22.7383320" lon="120.3309590">
    <ele>19.0</ele>
    <time>2026-08-02T06:22:34Z</time>
   </trkpt>
   <trkpt lat="22.7383240" lon="120.3309630">
    <ele>19.0</ele>
    <time>2026-08-02T06:22:35Z</time>
   </trkpt>
   <trkpt lat="22.7383150" lon="120.3309690">
    <ele>19.0</ele>
    <time>2026-08-02T06:22:36Z</time>
   </trkpt>
   <trkpt lat="22.7383030" lon="120.3309700">
    <ele>19.0</ele>
    <time>2026-08-02T06:22:37Z</time>
   </trkpt>
   <trkpt lat="22.7382890" lon="120.3309680">
    <ele>19.0</ele>
    <time>2026-08-02T06:22:38Z</time>
   </trkpt>
   <trkpt lat="22.7382780" lon="120.3309700">
    <ele>19.0</ele>
    <time>2026-08-02T06:22:39Z</time>
   </trkpt>
   <trkpt lat="22.7382550" lon="120.3309780">
    <ele>19.0</ele>
    <time>2026-08-02T06:22:40Z</time>
   </trkpt>
   <trkpt lat="22.7382470" lon="120.3309820">
    <ele>19.0</ele>
    <time>2026-08-02T06:22:42Z</time>
   </trkpt>
   <trkpt lat="22.7382350" lon="120.3309890">
    <ele>19.0</ele>
    <time>2026-08-02T06:22:43Z</time>
   </trkpt>
   <trkpt lat="22.7382260" lon="120.3309960">
    <ele>19.0</ele>
    <time>2026-08-02T06:22:44Z</time>
   </trkpt>
   <trkpt lat="22.7382160" lon="120.3310030">
    <ele>19.0</ele>
    <time>2026-08-02T06:22:45Z</time>
   </trkpt>
   <trkpt lat="22.7382050" lon="120.3310110">
    <ele>19.0</ele>
    <time>2026-08-02T06:22:46Z</time>
   </trkpt>
   <trkpt lat="22.7381960" lon="120.3310190">
    <ele>19.0</ele>
    <time>2026-08-02T06:22:47Z</time>
   </trkpt>
   <trkpt lat="22.7381880" lon="120.3310280">
    <ele>19.0</ele>
    <time>2026-08-02T06:22:48Z</time>
   </trkpt>
   <trkpt lat="22.7381780" lon="120.3310360">
    <ele>19.0</ele>
    <time>2026-08-02T06:22:49Z</time>
   </trkpt>
   <trkpt lat="22.7381690" lon="120.3310430">
    <ele>19.0</ele>
    <time>2026-08-02T06:22:50Z</time>
   </trkpt>
   <trkpt lat="22.7381600" lon="120.3310500">
    <ele>19.0</ele>
    <time>2026-08-02T06:22:51Z</time>
   </trkpt>
   <trkpt lat="22.7381490" lon="120.3310510">
    <ele>19.0</ele>
    <time>2026-08-02T06:22:52Z</time>
   </trkpt>
   <trkpt lat="22.7381380" lon="120.3310570">
    <ele>19.0</ele>
    <time>2026-08-02T06:22:53Z</time>
   </trkpt>
   <trkpt lat="22.7381230" lon="120.3310750">
    <ele>19.0</ele>
    <time>2026-08-02T06:22:54Z</time>
   </trkpt>
   <trkpt lat="22.7381050" lon="120.3310890">
    <ele>19.0</ele>
    <time>2026-08-02T06:22:56Z</time>
   </trkpt>
   <trkpt lat="22.7380930" lon="120.3310950">
    <ele>19.0</ele>
    <time>2026-08-02T06:22:58Z</time>
   </trkpt>
   <trkpt lat="22.7380830" lon="120.3311010">
    <ele>19.0</ele>
    <time>2026-08-02T06:22:59Z</time>
   </trkpt>
   <trkpt lat="22.7380750" lon="120.3311060">
    <ele>19.0</ele>
    <time>2026-08-02T06:23:00Z</time>
   </trkpt>
   <trkpt lat="22.7380650" lon="120.3311090">
    <ele>19.0</ele>
    <time>2026-08-02T06:23:01Z</time>
   </trkpt>
   <trkpt lat="22.7380570" lon="120.3311120">
    <ele>19.0</ele>
    <time>2026-08-02T06:23:02Z</time>
   </trkpt>
   <trkpt lat="22.7380550" lon="120.3311140">
    <ele>19.0</ele>
    <time>2026-08-02T06:23:03Z</time>
   </trkpt>
   <trkpt lat="22.7380460" lon="120.3311230">
    <ele>19.0</ele>
    <time>2026-08-02T06:23:04Z</time>
   </trkpt>
   <trkpt lat="22.7380340" lon="120.3311310">
    <ele>19.0</ele>
    <time>2026-08-02T06:23:05Z</time>
   </trkpt>
   <trkpt lat="22.7380260" lon="120.3311390">
    <ele>19.0</ele>
    <time>2026-08-02T06:23:06Z</time>
   </trkpt>
   <trkpt lat="22.7380150" lon="120.3311490">
    <ele>19.0</ele>
    <time>2026-08-02T06:23:07Z</time>
   </trkpt>
   <trkpt lat="22.7380050" lon="120.3311590">
    <ele>19.0</ele>
    <time>2026-08-02T06:23:08Z</time>
   </trkpt>
   <trkpt lat="22.7379960" lon="120.3311680">
    <ele>19.0</ele>
    <time>2026-08-02T06:23:09Z</time>
   </trkpt>
   <trkpt lat="22.7379860" lon="120.3311770">
    <ele>19.1</ele>
    <time>2026-08-02T06:23:10Z</time>
   </trkpt>
   <trkpt lat="22.7379760" lon="120.3311810">
    <ele>19.1</ele>
    <time>2026-08-02T06:23:11Z</time>
   </trkpt>
   <trkpt lat="22.7379610" lon="120.3311830">
    <ele>19.1</ele>
    <time>2026-08-02T06:23:12Z</time>
   </trkpt>
   <trkpt lat="22.7379490" lon="120.3311770">
    <ele>19.1</ele>
    <time>2026-08-02T06:23:13Z</time>
   </trkpt>
   <trkpt lat="22.7379340" lon="120.3311710">
    <ele>19.1</ele>
    <time>2026-08-02T06:23:14Z</time>
   </trkpt>
   <trkpt lat="22.7379200" lon="120.3311710">
    <ele>19.1</ele>
    <time>2026-08-02T06:23:15Z</time>
   </trkpt>
   <trkpt lat="22.7379100" lon="120.3311740">
    <ele>19.1</ele>
    <time>2026-08-02T06:23:16Z</time>
   </trkpt>
   <trkpt lat="22.7378980" lon="120.3311780">
    <ele>19.1</ele>
    <time>2026-08-02T06:23:17Z</time>
   </trkpt>
   <trkpt lat="22.7378880" lon="120.3311730">
    <ele>19.2</ele>
    <time>2026-08-02T06:23:18Z</time>
   </trkpt>
   <trkpt lat="22.7378840" lon="120.3311630">
    <ele>19.2</ele>
    <time>2026-08-02T06:23:19Z</time>
   </trkpt>
   <trkpt lat="22.7378780" lon="120.3311510">
    <ele>19.2</ele>
    <time>2026-08-02T06:23:20Z</time>
   </trkpt>
   <trkpt lat="22.7378710" lon="120.3311490">
    <ele>19.2</ele>
    <time>2026-08-02T06:23:21Z</time>
   </trkpt>
   <trkpt lat="22.7378610" lon="120.3311440">
    <ele>19.2</ele>
    <time>2026-08-02T06:23:22Z</time>
   </trkpt>
   <trkpt lat="22.7378500" lon="120.3311520">
    <ele>19.2</ele>
    <time>2026-08-02T06:23:23Z</time>
   </trkpt>
   <trkpt lat="22.7378390" lon="120.3311590">
    <ele>19.2</ele>
    <time>2026-08-02T06:23:24Z</time>
   </trkpt>
   <trkpt lat="22.7378300" lon="120.3311620">
    <ele>19.3</ele>
    <time>2026-08-02T06:23:25Z</time>
   </trkpt>
   <trkpt lat="22.7378180" lon="120.3311690">
    <ele>19.3</ele>
    <time>2026-08-02T06:23:26Z</time>
   </trkpt>
   <trkpt lat="22.7378090" lon="120.3311730">
    <ele>19.3</ele>
    <time>2026-08-02T06:23:27Z</time>
   </trkpt>
   <trkpt lat="22.7377990" lon="120.3311770">
    <ele>19.3</ele>
    <time>2026-08-02T06:23:28Z</time>
   </trkpt>
   <trkpt lat="22.7377880" lon="120.3311780">
    <ele>19.3</ele>
    <time>2026-08-02T06:23:29Z</time>
   </trkpt>
   <trkpt lat="22.7377810" lon="120.3311840">
    <ele>19.3</ele>
    <time>2026-08-02T06:23:30Z</time>
   </trkpt>
   <trkpt lat="22.7377730" lon="120.3311900">
    <ele>19.3</ele>
    <time>2026-08-02T06:23:31Z</time>
   </trkpt>
   <trkpt lat="22.7377590" lon="120.3312000">
    <ele>19.3</ele>
    <time>2026-08-02T06:23:32Z</time>
   </trkpt>
   <trkpt lat="22.7377460" lon="120.3312060">
    <ele>19.4</ele>
    <time>2026-08-02T06:23:33Z</time>
   </trkpt>
   <trkpt lat="22.7377300" lon="120.3312110">
    <ele>19.4</ele>
    <time>2026-08-02T06:23:34Z</time>
   </trkpt>
   <trkpt lat="22.7377150" lon="120.3312150">
    <ele>19.4</ele>
    <time>2026-08-02T06:23:35Z</time>
   </trkpt>
   <trkpt lat="22.7377010" lon="120.3312190">
    <ele>19.5</ele>
    <time>2026-08-02T06:23:36Z</time>
   </trkpt>
   <trkpt lat="22.7376890" lon="120.3312200">
    <ele>19.5</ele>
    <time>2026-08-02T06:23:37Z</time>
   </trkpt>
   <trkpt lat="22.7376760" lon="120.3312160">
    <ele>19.5</ele>
    <time>2026-08-02T06:23:38Z</time>
   </trkpt>
   <trkpt lat="22.7376680" lon="120.3312100">
    <ele>19.6</ele>
    <time>2026-08-02T06:23:39Z</time>
   </trkpt>
   <trkpt lat="22.7376590" lon="120.3312090">
    <ele>19.6</ele>
    <time>2026-08-02T06:23:40Z</time>
   </trkpt>
   <trkpt lat="22.7376450" lon="120.3312050">
    <ele>19.6</ele>
    <time>2026-08-02T06:23:41Z</time>
   </trkpt>
   <trkpt lat="22.7376320" lon="120.3312020">
    <ele>19.7</ele>
    <time>2026-08-02T06:23:42Z</time>
   </trkpt>
   <trkpt lat="22.7376220" lon="120.3312050">
    <ele>19.7</ele>
    <time>2026-08-02T06:23:43Z</time>
   </trkpt>
   <trkpt lat="22.7376070" lon="120.3312140">
    <ele>19.7</ele>
    <time>2026-08-02T06:23:44Z</time>
   </trkpt>
  </trkseg>
 </trk>
</gpx>
