<?xml version="1.0" encoding="UTF-8"?>
<gpx creator="StravaGPX" version="1.1" xmlns="http://www.topografix.com/GPX/1/1" xmlns:xsi="http://www.w3.org/2001/XMLSchema-instance" xsi:schemaLocation="http://www.topografix.com/GPX/1/1 http://www.topografix.com/GPX/1/1/gpx.xsd">
 <metadata>
  <time>2026-08-13T06:10:39Z</time>
 </metadata>
 <trk>
  <name>0813 Wan</name>
  <type>cycling</type>
  <trkseg>
   <trkpt lat="22.7424660" lon="120.3387390">
    <ele>23.5</ele>
    <time>2026-08-13T06:10:39Z</time>
   </trkpt>
   <trkpt lat="22.7424660" lon="120.3387390">
    <ele>23.5</ele>
    <time>2026-08-13T06:10:42Z</time>
   </trkpt>
   <trkpt lat="22.7424690" lon="120.3387380">
    <ele>23.5</ele>
    <time>2026-08-13T06:10:43Z</time>
   </trkpt>
   <trkpt lat="22.7424630" lon="120.3387360">
    <ele>23.5</ele>
    <time>2026-08-13T06:10:44Z</time>
   </trkpt>
   <trkpt lat="22.7424460" lon="120.3387390">
    <ele>23.6</ele>
    <time>2026-08-13T06:10:45Z</time>
   </trkpt>
   <trkpt lat="22.7424420" lon="120.3387470">
    <ele>23.7</ele>
    <time>2026-08-13T06:10:46Z</time>
   </trkpt>
   <trkpt lat="22.7424390" lon="120.3387470">
    <ele>23.7</ele>
    <time>2026-08-13T06:10:47Z</time>
   </trkpt>
   <trkpt lat="22.7424350" lon="120.3387430">
    <ele>23.7</ele>
    <time>2026-08-13T06:10:48Z</time>
   </trkpt>
   <trkpt lat="22.7424350" lon="120.3387420">
    <ele>23.7</ele>
    <time>2026-08-13T06:10:49Z</time>
   </trkpt>
   <trkpt lat="22.7424250" lon="120.3386740">
    <ele>24.0</ele>
    <time>2026-08-13T06:10:57Z</time>
   </trkpt>
   <trkpt lat="22.7424470" lon="120.3386710">
    <ele>24.1</ele>
    <time>2026-08-13T06:10:58Z</time>
   </trkpt>
   <trkpt lat="22.7424370" lon="120.3386210">
    <ele>24.3</ele>
    <time>2026-08-13T06:10:59Z</time>
   </trkpt>
   <trkpt lat="22.7424420" lon="120.3385920">
    <ele>24.4</ele>
    <time>2026-08-13T06:11:00Z</time>
   </trkpt>
   <trkpt lat="22.7424450" lon="120.3385780">
    <ele>24.5</ele>
    <time>2026-08-13T06:11:01Z</time>
   </trkpt>
   <trkpt lat="22.7424550" lon="120.3385400">
    <ele>24.7</ele>
    <time>2026-08-13T06:11:02Z</time>
   </trkpt>
   <trkpt lat="22.7424650" lon="120.3385130">
    <ele>24.8</ele>
    <time>2026-08-13T06:11:03Z</time>
   </trkpt>
   <trkpt lat="22.7424760" lon="120.3384930">
    <ele>24.9</ele>
    <time>2026-08-13T06:11:04Z</time>
   </trkpt>
   <trkpt lat="22.7424930" lon="120.3384740">
    <ele>24.8</ele>
    <time>2026-08-13T06:11:05Z</time>
   </trkpt>
   <trkpt lat="22.7425110" lon="120.3384440">
    <ele>24.7</ele>
    <time>2026-08-13T06:11:06Z</time>
   </trkpt>
   <trkpt lat="22.7425000" lon="120.3384300">
    <ele>24.6</ele>
    <time>2026-08-13T06:11:07Z</time>
   </trkpt>
   <trkpt lat="22.7425110" lon="120.3384200">
    <ele>24.5</ele>
    <time>2026-08-13T06:11:08Z</time>
   </trkpt>
   <trkpt lat="22.7425120" lon="120.3384150">
    <ele>24.5</ele>
    <time>2026-08-13T06:11:09Z</time>
   </trkpt>
   <trkpt lat="22.7425030" lon="120.3384170">
    <ele>24.4</ele>
    <time>2026-08-13T06:11:10Z</time>
   </trkpt>
   <trkpt lat="22.7424880" lon="120.3384190">
    <ele>24.4</ele>
    <time>2026-08-13T06:11:11Z</time>
   </trkpt>
   <trkpt lat="22.7424690" lon="120.3384300">
    <ele>24.3</ele>
    <time>2026-08-13T06:11:12Z</time>
   </trkpt>
   <trkpt lat="22.7424490" lon="120.3384220">
    <ele>24.2</ele>
    <time>2026-08-13T06:11:13Z</time>
   </trkpt>
   <trkpt lat="22.7424350" lon="120.3384770">
    <ele>23.9</ele>
    <time>2026-08-13T06:11:14Z</time>
   </trkpt>
   <trkpt lat="22.7424330" lon="120.3384810">
    <ele>23.9</ele>
    <time>2026-08-13T06:11:15Z</time>
   </trkpt>
   <trkpt lat="22.7424290" lon="120.3384810">
    <ele>23.9</ele>
    <time>2026-08-13T06:11:16Z</time>
   </trkpt>
   <trkpt lat="22.7424220" lon="120.3384840">
    <ele>23.9</ele>
    <time>2026-08-13T06:11:17Z</time>
   </trkpt>
   <trkpt lat="22.7424160" lon="120.3384840">
    <ele>23.8</ele>
    <time>2026-08-13T06:11:18Z</time>
   </trkpt>
   <trkpt lat="22.7424090" lon="120.3384820">
    <ele>23.8</ele>
    <time>2026-08-13T06:11:19Z</time>
   </trkpt>
   <trkpt lat="22.7424090" lon="120.3384830">
    <ele>23.8</ele>
    <time>2026-08-13T06:11:20Z</time>
   </trkpt>
   <trkpt lat="22.7424220" lon="120.3384810">
    <ele>23.7</ele>
    <time>2026-08-13T06:11:21Z</time>
   </trkpt>
   <trkpt lat="22.7424190" lon="120.3384820">
    <ele>23.7</ele>
    <time>2026-08-13T06:11:22Z</time>
   </trkpt>
   <trkpt lat="22.7424020" lon="120.3384820">
    <ele>23.6</ele>
    <time>2026-08-13T06:11:23Z</time>
   </trkpt>
   <trkpt lat="22.7423990" lon="120.3384740">
    <ele>23.6</ele>
    <time>2026-08-13T06:11:24Z</time>
   </trkpt>
   <trkpt lat="22.7424270" lon="120.3384720">
    <ele>23.5</ele>
    <time>2026-08-13T06:11:25Z</time>
   </trkpt>
   <trkpt lat="22.7424220" lon="120.3384640">
    <ele>23.4</ele>
    <time>2026-08-13T06:11:26Z</time>
   </trkpt>
   <trkpt lat="22.7424240" lon="120.3384580">
    <ele>23.4</ele>
    <time>2026-08-13T06:11:27Z</time>
   </trkpt>
   <trkpt lat="22.7424190" lon="120.3384530">
    <ele>23.4</ele>
    <time>2026-08-13T06:11:28Z</time>
   </trkpt>
   <trkpt lat="22.7424190" lon="120.3384550">
    <ele>23.4</ele>
    <time>2026-08-13T06:11:29Z</time>
   </trkpt>
   <trkpt lat="22.7424080" lon="120.3384510">
    <ele>23.3</ele>
    <time>2026-08-13T06:11:30Z</time>
   </trkpt>
   <trkpt lat="22.7423760" lon="120.3384520">
    <ele>23.2</ele>
    <time>2026-08-13T06:11:34Z</time>
   </trkpt>
   <trkpt lat="22.7423760" lon="120.3384490">
    <ele>23.2</ele>
    <time>2026-08-13T06:11:35Z</time>
   </trkpt>
   <trkpt lat="22.7423780" lon="120.3384430">
    <ele>23.1</ele>
    <time>2026-08-13T06:11:36Z</time>
   </trkpt>
   <trkpt lat="22.7423910" lon="120.3384360">
    <ele>23.1</ele>
    <time>2026-08-13T06:11:37Z</time>
   </trkpt>
   <trkpt lat="22.7423970" lon="120.3384240">
    <ele>23.0</ele>
    <time>2026-08-13T06:11:38Z</time>
   </trkpt>
   <trkpt lat="22.7424040" lon="120.3384180">
    <ele>23.0</ele>
    <time>2026-08-13T06:11:39Z</time>
   </trkpt>
   <trkpt lat="22.7424150" lon="120.3384230">
    <ele>22.9</ele>
    <time>2026-08-13T06:11:40Z</time>
   </trkpt>
   <trkpt lat="22.7424280" lon="120.3384240">
    <ele>22.9</ele>
    <time>2026-08-13T06:11:41Z</time>
   </trkpt>
   <trkpt lat="22.7424370" lon="120.3384210">
    <ele>22.8</ele>
    <time>2026-08-13T06:11:42Z</time>
   </trkpt>
   <trkpt lat="22.7424390" lon="120.3384120">
    <ele>22.8</ele>
    <time>2026-08-13T06:11:43Z</time>
   </trkpt>
   <trkpt lat="22.7424490" lon="120.3384110">
    <ele>22.7</ele>
    <time>2026-08-13T06:11:44Z</time>
   </trkpt>
   <trkpt lat="22.7424540" lon="120.3384090">
    <ele>22.7</ele>
    <time>2026-08-13T06:11:45Z</time>
   </trkpt>
   <trkpt lat="22.7424520" lon="120.3384160">
    <ele>22.7</ele>
    <time>2026-08-13T06:11:46Z</time>
   </trkpt>
   <trkpt lat="22.7424580" lon="120.3384180">
    <ele>22.7</ele>
    <time>2026-08-13T06:11:47Z</time>
   </trkpt>
   <trkpt lat="22.7424650" lon="120.3384190">
    <ele>22.6</ele>
    <time>2026-08-13T06:11:48Z</time>
   </trkpt>
   <trkpt lat="22.7424730" lon="120.3383840">
    <ele>22.5</ele>
    <time>2026-08-13T06:12:01Z</time>
   </trkpt>
   <trkpt lat="22.7424860" lon="120.3383680">
    <ele>22.4</ele>
    <time>2026-08-13T06:12:02Z</time>
   </trkpt>
   <trkpt lat="22.7424960" lon="120.3383540">
    <ele>22.3</ele>
    <time>2026-08-13T06:12:03Z</time>
   </trkpt>
   <trkpt lat="22.7425050" lon="120.3383460">
    <ele>22.3</ele>
    <time>2026-08-13T06:12:04Z</time>
   </trkpt>
   <trkpt lat="22.7425210" lon="120.3383450">
    <ele>22.2</ele>
    <time>2026-08-13T06:12:05Z</time>
   </trkpt>
   <trkpt lat="22.7425390" lon="120.3383400">
    <ele>22.1</ele>
    <time>2026-08-13T06:12:06Z</time>
   </trkpt>
   <trkpt lat="22.7425500" lon="120.3383400">
    <ele>22.1</ele>
    <time>2026-08-13T06:12:07Z</time>
   </trkpt>
   <trkpt lat="22.7425500" lon="120.3383360">
    <ele>22.1</ele>
    <time>2026-08-13T06:12:08Z</time>
   </trkpt>
   <trkpt lat="22.7425540" lon="120.3383380">
    <ele>22.1</ele>
    <time>2026-08-13T06:12:09Z</time>
   </trkpt>
   <trkpt lat="22.7425500" lon="120.3383290">
    <ele>22.0</ele>
    <time>2026-08-13T06:12:10Z</time>
   </trkpt>
   <trkpt lat="22.7425550" lon="120.3383280">
    <ele>22.0</ele>
    <time>2026-08-13T06:12:11Z</time>
   </trkpt>
   <trkpt lat="22.7425660" lon="120.3383240">
    <ele>21.9</ele>
    <time>2026-08-13T06:12:12Z</time>
   </trkpt>
   <trkpt lat="22.7425880" lon="120.3383200">
    <ele>21.8</ele>
    <time>2026-08-13T06:12:13Z</time>
   </trkpt>
   <trkpt lat="22.7425960" lon="120.3383060">
    <ele>21.8</ele>
    <time>2026-08-13T06:12:14Z</time>
   </trkpt>
   <trkpt lat="22.7426050" lon="120.3382980">
    <ele>21.7</ele>
    <time>2026-08-13T06:12:15Z</time>
   </trkpt>
   <trkpt lat="22.7426190" lon="120.3382920">
    <ele>21.7</ele>
    <time>2026-08-13T06:12:16Z</time>
   </trkpt>
   <trkpt lat="22.7426540" lon="120.3382670">
    <ele>21.5</ele>
    <time>2026-08-13T06:12:19Z</time>
   </trkpt>
   <trkpt lat="22.7426590" lon="120.3382580">
    <ele>21.4</ele>
    <time>2026-08-13T06:12:20Z</time>
   </trkpt>
   <trkpt lat="22.7426660" lon="120.3382500">
    <ele>21.4</ele>
    <time>2026-08-13T06:12:21Z</time>
   </trkpt>
   <trkpt lat="22.7426740" lon="120.3382560">
    <ele>21.4</ele>
    <time>2026-08-13T06:12:22Z</time>
   </trkpt>
   <trkpt lat="22.7426820" lon="120.3382460">
    <ele>21.3</ele>
    <time>2026-08-13T06:12:23Z</time>
   </trkpt>
   <trkpt lat="22.7426830" lon="120.3382320">
    <ele>21.2</ele>
    <time>2026-08-13T06:12:24Z</time>
   </trkpt>
   <trkpt lat="22.7426890" lon="120.3382260">
    <ele>21.2</ele>
    <time>2026-08-13T06:12:25Z</time>
   </trkpt>
   <trkpt lat="22.7426980" lon="120.3382230">
    <ele>21.2</ele>
    <time>2026-08-13T06:12:26Z</time>
   </trkpt>
   <trkpt lat="22.7427030" lon="120.3382140">
    <ele>21.1</ele>
    <time>2026-08-13T06:12:27Z</time>
   </trkpt>
   <trkpt lat="22.7427090" lon="120.3382150">
    <ele>21.1</ele>
    <time>2026-08-13T06:12:28Z</time>
   </trkpt>
   <trkpt lat="22.7427240" lon="120.3381840">
    <ele>21.0</ele>
    <time>2026-08-13T06:12:31Z</time>
   </trkpt>
   <trkpt lat="22.7427240" lon="120.3381890">
    <ele>21.0</ele>
    <time>2026-08-13T06:12:32Z</time>
   </trkpt>
   <trkpt lat="22.7427280" lon="120.3381940">
    <ele>21.0</ele>
    <time>2026-08-13T06:12:33Z</time>
   </trkpt>
   <trkpt lat="22.7427380" lon="120.3381940">
    <ele>21.0</ele>
    <time>2026-08-13T06:12:34Z</time>
   </trkpt>
   <trkpt lat="22.7427440" lon="120.3381960">
    <ele>21.0</ele>
    <time>2026-08-13T06:12:35Z</time>
   </trkpt>
   <trkpt lat="22.7427500" lon="120.3381850">
    <ele>21.0</ele>
    <time>2026-08-13T06:12:36Z</time>
   </trkpt>
   <trkpt lat="22.7427600" lon="120.3381810">
    <ele>21.0</ele>
    <time>2026-08-13T06:12:37Z</time>
   </trkpt>
   <trkpt lat="22.7427730" lon="120.3381760">
    <ele>21.0</ele>
    <time>2026-08-13T06:12:38Z</time>
   </trkpt>
   <trkpt lat="22.7427860" lon="120.3381820">
    <ele>21.0</ele>
    <time>2026-08-13T06:12:39Z</time>
   </trkpt>
   <trkpt lat="22.7427910" lon="120.3381850">
    <ele>21.0</ele>
    <time>2026-08-13T06:12:40Z</time>
   </trkpt>
   <trkpt lat="22.7428110" lon="120.3381560">
    <ele>21.0</ele>
    <time>2026-08-13T06:12:43Z</time>
   </trkpt>
   <trkpt lat="22.7428000" lon="120.3381630">
    <ele>21.0</ele>
    <time>2026-08-13T06:12:44Z</time>
   </trkpt>
   <trkpt lat="22.7428000" lon="120.3381640">
    <ele>21.0</ele>
    <time>2026-08-13T06:12:45Z</time>
   </trkpt>
   <trkpt lat="22.7427970" lon="120.3381700">
    <ele>21.0</ele>
    <time>2026-08-13T06:12:46Z</time>
   </trkpt>
   <trkpt lat="22.7427900" lon="120.3381850">
    <ele>21.0</ele>
    <time>2026-08-13T06:12:47Z</time>
   </trkpt>
   <trkpt lat="22.7427930" lon="120.3381930">
    <ele>21.0</ele>
    <time>2026-08-13T06:12:48Z</time>
   </trkpt>
   <trkpt lat="22.7427920" lon="120.3382040">
    <ele>21.0</ele>
    <time>2026-08-13T06:12:49Z</time>
   </trkpt>
   <trkpt lat="22.7427930" lon="120.3382140">
    <ele>21.0</ele>
    <time>2026-08-13T06:12:50Z</time>
   </trkpt>
   <trkpt lat="22.7427940" lon="120.3382320">
    <ele>21.0</ele>
    <time>2026-08-13T06:12:51Z</time>
   </trkpt>
   <trkpt lat="22.7427990" lon="120.3382350">
    <ele>21.0</ele>
    <time>2026-08-13T06:12:52Z</time>
   </trkpt>
   <trkpt lat="22.7427970" lon="120.3382390">
    <ele>21.0</ele>
    <time>2026-08-13T06:12:53Z</time>
   </trkpt>
   <trkpt lat="22.7427980" lon="120.3382450">
    <ele>21.0</ele>
    <time>2026-08-13T06:12:54Z</time>
   </trkpt>
   <trkpt lat="22.7427970" lon="120.3382560">
    <ele>21.0</ele>
    <time>2026-08-13T06:12:55Z</time>
   </trkpt>
   <trkpt lat="22.7427990" lon="120.3382640">
    <ele>21.1</ele>
    <time>2026-08-13T06:12:56Z</time>
   </trkpt>
   <trkpt lat="22.7427980" lon="120.3382680">
    <ele>21.1</ele>
    <time>2026-08-13T06:12:57Z</time>
   </trkpt>
   <trkpt lat="22.7427970" lon="120.3382750">
    <ele>21.1</ele>
    <time>2026-08-13T06:12:58Z</time>
   </trkpt>
   <trkpt lat="22.7427970" lon="120.3382790">
    <ele>21.1</ele>
    <time>2026-08-13T06:12:59Z</time>
   </trkpt>
   <trkpt lat="22.7427990" lon="120.3382790">
    <ele>21.1</ele>
    <time>2026-08-13T06:13:00Z</time>
   </trkpt>
   <trkpt lat="22.7427990" lon="120.3382780">
    <ele>21.1</ele>
    <time>2026-08-13T06:13:01Z</time>
   </trkpt>
   <trkpt lat="22.7427930" lon="120.3382740">
    <ele>21.1</ele>
    <time>2026-08-13T06:13:02Z</time>
   </trkpt>
   <trkpt lat="22.7427870" lon="120.3382770">
    <ele>21.1</ele>
    <time>2026-08-13T06:13:03Z</time>
   </trkpt>
   <trkpt lat="22.7427860" lon="120.3382850">
    <ele>21.1</ele>
    <time>2026-08-13T06:13:04Z</time>
   </trkpt>
   <trkpt lat="22.7427910" lon="120.3382780">
    <ele>21.1</ele>
    <time>2026-08-13T06:13:05Z</time>
   </trkpt>
   <trkpt lat="22.7427920" lon="120.3382740">
    <ele>21.1</ele>
    <time>2026-08-13T06:13:06Z</time>
   </trkpt>
   <trkpt lat="22.7427950" lon="120.3382620">
    <ele>21.1</ele>
    <time>2026-08-13T06:13:07Z</time>
   </trkpt>
   <trkpt lat="22.7428050" lon="120.3382620">
    <ele>21.1</ele>
    <time>2026-08-13T06:13:08Z</time>
   </trkpt>
   <trkpt lat="22.7428270" lon="120.3382680">
    <ele>21.1</ele>
    <time>2026-08-13T06:13:09Z</time>
   </trkpt>
   <trkpt lat="22.7428290" lon="120.3382730">
    <ele>21.1</ele>
    <time>2026-08-13T06:13:10Z</time>
   </trkpt>
   <trkpt lat="22.7428270" lon="120.3382700">
    <ele>21.1</ele>
    <time>2026-08-13T06:13:11Z</time>
   </trkpt>
   <trkpt lat="22.7428250" lon="120.3382730">
    <ele>21.1</ele>
    <time>2026-08-13T06:13:12Z</time>
   </trkpt>
   <trkpt lat="22.7428290" lon="120.3382740">
    <ele>21.1</ele>
    <time>2026-08-13T06:13:13Z</time>
   </trkpt>
   <trkpt lat="22.7428320" lon="120.3382770">
    <ele>21.1</ele>
    <time>2026-08-13T06:13:14Z</time>
   </trkpt>
   <trkpt lat="22.7429430" lon="120.3383110">
    <ele>21.1</ele>
    <time>2026-08-13T06:13:26Z</time>
   </trkpt>
   <trkpt lat="22.7429540" lon="120.3383190">
    <ele>21.1</ele>
    <time>2026-08-13T06:13:28Z</time>
   </trkpt>
   <trkpt lat="22.7429510" lon="120.3383220">
    <ele>21.1</ele>
    <time>2026-08-13T06:13:29Z</time>
   </trkpt>
   <trkpt lat="22.7429670" lon="120.3383300">
    <ele>21.1</ele>
    <time>2026-08-13T06:13:30Z</time>
   </trkpt>
   <trkpt lat="22.7429660" lon="120.3383480">
    <ele>21.1</ele>
    <time>2026-08-13T06:13:31Z</time>
   </trkpt>
   <trkpt lat="22.7429650" lon="120.3383560">
    <ele>21.1</ele>
    <time>2026-08-13T06:13:32Z</time>
   </trkpt>
   <trkpt lat="22.7429750" lon="120.3383690">
    <ele>21.1</ele>
    <time>2026-08-13T06:13:33Z</time>
   </trkpt>
   <trkpt lat="22.7429700" lon="120.3383940">
    <ele>21.1</ele>
    <time>2026-08-13T06:13:34Z</time>
   </trkpt>
   <trkpt lat="22.7429590" lon="120.3384050">
    <ele>21.1</ele>
    <time>2026-08-13T06:13:35Z</time>
   </trkpt>
   <trkpt lat="22.7429590" lon="120.3384020">
    <ele>21.1</ele>
    <time>2026-08-13T06:13:36Z</time>
   </trkpt>
   <trkpt lat="22.7429530" lon="120.3384010">
    <ele>21.1</ele>
    <time>2026-08-13T06:13:37Z</time>
   </trkpt>
   <trkpt lat="22.7429600" lon="120.3384000">
    <ele>21.1</ele>
    <time>2026-08-13T06:13:38Z</time>
   </trkpt>
   <trkpt lat="22.7429630" lon="120.3384030">
    <ele>21.1</ele>
    <time>2026-08-13T06:13:39Z</time>
   </trkpt>
   <trkpt lat="22.7429600" lon="120.3384050">
    <ele>21.1</ele>
    <time>2026-08-13T06:13:40Z</time>
   </trkpt>
   <trkpt lat="22.7429610" lon="120.3384050">
    <ele>21.1</ele>
    <time>2026-08-13T06:13:41Z</time>
   </trkpt>
   <trkpt lat="22.7429630" lon="120.3384070">
    <ele>21.1</ele>
    <time>2026-08-13T06:13:42Z</time>
   </trkpt>
   <trkpt lat="22.7429700" lon="120.3384110">
    <ele>21.1</ele>
    <time>2026-08-13T06:13:43Z</time>
   </trkpt>
   <trkpt lat="22.7429830" lon="120.3384380">
    <ele>21.1</ele>
    <time>2026-08-13T06:13:50Z</time>
   </trkpt>
   <trkpt lat="22.7429980" lon="120.3384330">
    <ele>21.1</ele>
    <time>2026-08-13T06:13:51Z</time>
   </trkpt>
   <trkpt lat="22.7430070" lon="120.3384300">
    <ele>21.1</ele>
    <time>2026-08-13T06:13:52Z</time>
   </trkpt>
   <trkpt lat="22.7430150" lon="120.3384290">
    <ele>21.1</ele>
    <time>2026-08-13T06:13:53Z</time>
   </trkpt>
   <trkpt lat="22.7430240" lon="120.3384310">
    <ele>21.1</ele>
    <time>2026-08-13T06:13:54Z</time>
   </trkpt>
   <trkpt lat="22.7430240" lon="120.3384350">
    <ele>21.1</ele>
    <time>2026-08-13T06:13:55Z</time>
   </trkpt>
   <trkpt lat="22.7430250" lon="120.3384380">
    <ele>21.1</ele>
    <time>2026-08-13T06:13:56Z</time>
   </trkpt>
   <trkpt lat="22.7430220" lon="120.3384400">
    <ele>21.1</ele>
    <time>2026-08-13T06:13:57Z</time>
   </trkpt>
   <trkpt lat="22.7430230" lon="120.3384390">
    <ele>21.1</ele>
    <time>2026-08-13T06:13:58Z</time>
   </trkpt>
   <trkpt lat="22.7430270" lon="120.3384420">
    <ele>21.1</ele>
    <time>2026-08-13T06:13:59Z</time>
   </trkpt>
   <trkpt lat="22.7430300" lon="120.3384460">
    <ele>21.1</ele>
    <time>2026-08-13T06:14:00Z</time>
   </trkpt>
   <trkpt lat="22.7431200" lon="120.3385360">
    <ele>21.2</ele>
    <time>2026-08-13T06:14:29Z</time>
   </trkpt>
   <trkpt lat="22.7431320" lon="120.3385490">
    <ele>21.2</ele>
    <time>2026-08-13T06:14:30Z</time>
   </trkpt>
   <trkpt lat="22.7431390" lon="120.3385430">
    <ele>21.2</ele>
    <time>2026-08-13T06:14:31Z</time>
   </trkpt>
   <trkpt lat="22.7431470" lon="120.3385410">
    <ele>21.2</ele>
    <time>2026-08-13T06:14:32Z</time>
   </trkpt>
   <trkpt lat="22.7431570" lon="120.3385390">
    <ele>21.2</ele>
    <time>2026-08-13T06:14:33Z</time>
   </trkpt>
   <trkpt lat="22.7431680" lon="120.3385430">
    <ele>21.2</ele>
    <time>2026-08-13T06:14:34Z</time>
   </trkpt>
   <trkpt lat="22.7431790" lon="120.3385510">
    <ele>21.2</ele>
    <time>2026-08-13T06:14:35Z</time>
   </trkpt>
   <trkpt lat="22.7431950" lon="120.3385610">
    <ele>21.3</ele>
    <time>2026-08-13T06:14:36Z</time>
   </trkpt>
   <trkpt lat="22.7431990" lon="120.3385600">
    <ele>21.3</ele>
    <time>2026-08-13T06:14:37Z</time>
   </trkpt>
   <trkpt lat="22.7432130" lon="120.3385620">
    <ele>21.3</ele>
    <time>2026-08-13T06:14:38Z</time>
   </trkpt>
   <trkpt lat="22.7432210" lon="120.3385600">
    <ele>21.3</ele>
    <time>2026-08-13T06:14:39Z</time>
   </trkpt>
   <trkpt lat="22.7432760" lon="120.3385820">
    <ele>21.3</ele>
    <time>2026-08-13T06:14:45Z</time>
   </trkpt>
   <trkpt lat="22.7432830" lon="120.3385810">
    <ele>21.3</ele>
    <time>2026-08-13T06:14:46Z</time>
   </trkpt>
   <trkpt lat="22.7433000" lon="120.3385930">
    <ele>21.3</ele>
    <time>2026-08-13T06:14:47Z</time>
   </trkpt>
   <trkpt lat="22.7433250" lon="120.3386060">
    <ele>21.3</ele>
    <time>2026-08-13T06:14:48Z</time>
   </trkpt>
   <trkpt lat="22.7433180" lon="120.3386260">
    <ele>21.3</ele>
    <time>2026-08-13T06:14:49Z</time>
   </trkpt>
   <trkpt lat="22.7433220" lon="120.3386350">
    <ele>21.3</ele>
    <time>2026-08-13T06:14:50Z</time>
   </trkpt>
   <trkpt lat="22.7433220" lon="120.3386560">
    <ele>21.3</ele>
    <time>2026-08-13T06:14:51Z</time>
   </trkpt>
   <trkpt lat="22.7433240" lon="120.3386820">
    <ele>21.3</ele>
    <time>2026-08-13T06:14:52Z</time>
   </trkpt>
   <trkpt lat="22.7433230" lon="120.3387010">
    <ele>21.3</ele>
    <time>2026-08-13T06:14:53Z</time>
   </trkpt>
   <trkpt lat="22.7433290" lon="120.3387080">
    <ele>21.3</ele>
    <time>2026-08-13T06:14:54Z</time>
   </trkpt>
   <trkpt lat="22.7433360" lon="120.3387140">
    <ele>21.3</ele>
    <time>2026-08-13T06:14:55Z</time>
   </trkpt>
   <trkpt lat="22.7433370" lon="120.3387330">
    <ele>21.3</ele>
    <time>2026-08-13T06:14:56Z</time>
   </trkpt>
   <trkpt lat="22.7433430" lon="120.3387430">
    <ele>21.3</ele>
    <time>2026-08-13T06:14:57Z</time>
   </trkpt>
   <trkpt lat="22.7433300" lon="120.3387670">
    <ele>21.3</ele>
    <time>2026-08-13T06:14:58Z</time>
   </trkpt>
   <trkpt lat="22.7433300" lon="120.3387750">
    <ele>21.3</ele>
    <time>2026-08-13T06:14:59Z</time>
   </trkpt>
   <trkpt lat="22.7433360" lon="120.3387800">
    <ele>21.3</ele>
    <time>2026-08-13T06:15:00Z</time>
   </trkpt>
   <trkpt lat="22.7433330" lon="120.3387810">
    <ele>21.3</ele>
    <time>2026-08-13T06:15:01Z</time>
   </trkpt>
   <trkpt lat="22.7433310" lon="120.3387790">
    <ele>21.3</ele>
    <time>2026-08-13T06:15:02Z</time>
   </trkpt>
   <trkpt lat="22.7433280" lon="120.3387910">
    <ele>21.3</ele>
    <time>2026-08-13T06:15:03Z</time>
   </trkpt>
   <trkpt lat="22.7433240" lon="120.3388020">
    <ele>21.3</ele>
    <time>2026-08-13T06:15:04Z</time>
   </trkpt>
   <trkpt lat="22.7433300" lon="120.3388120">
    <ele>21.3</ele>
    <time>2026-08-13T06:15:05Z</time>
   </trkpt>
   <trkpt lat="22.7433280" lon="120.3388220">
    <ele>21.3</ele>
    <time>2026-08-13T06:15:06Z</time>
   </trkpt>
   <trkpt lat="22.7433350" lon="120.3388330">
    <ele>21.3</ele>
    <time>2026-08-13T06:15:07Z</time>
   </trkpt>
   <trkpt lat="22.7433300" lon="120.3388450">
    <ele>21.3</ele>
    <time>2026-08-13T06:15:08Z</time>
   </trkpt>
   <trkpt lat="22.7433170" lon="120.3388570">
    <ele>21.4</ele>
    <time>2026-08-13T06:15:09Z</time>
   </trkpt>
   <trkpt lat="22.7433040" lon="120.3388690">
    <ele>21.5</ele>
    <time>2026-08-13T06:15:10Z</time>
   </trkpt>
   <trkpt lat="22.7432950" lon="120.3388800">
    <ele>21.5</ele>
    <time>2026-08-13T06:15:11Z</time>
   </trkpt>
   <trkpt lat="22.7432940" lon="120.3388840">
    <ele>21.5</ele>
    <time>2026-08-13T06:15:12Z</time>
   </trkpt>
   <trkpt lat="22.7432950" lon="120.3388890">
    <ele>21.5</ele>
    <time>2026-08-13T06:15:13Z</time>
   </trkpt>
   <trkpt lat="22.7432900" lon="120.3388800">
    <ele>21.6</ele>
    <time>2026-08-13T06:15:14Z</time>
   </trkpt>
   <trkpt lat="22.7432920" lon="120.3388780">
    <ele>21.6</ele>
    <time>2026-08-13T06:15:15Z</time>
   </trkpt>
   <trkpt lat="22.7432940" lon="120.3388730">
    <ele>21.6</ele>
    <time>2026-08-13T06:15:16Z</time>
   </trkpt>
   <trkpt lat="22.7432900" lon="120.3388690">
    <ele>21.6</ele>
    <time>2026-08-13T06:15:17Z</time>
   </trkpt>
   <trkpt lat="22.7432900" lon="120.3388700">
    <ele>21.6</ele>
    <time>2026-08-13T06:15:18Z</time>
   </trkpt>
   <trkpt lat="22.7432870" lon="120.3388750">
    <ele>21.6</ele>
    <time>2026-08-13T06:15:19Z</time>
   </trkpt>
   <trkpt lat="22.7432890" lon="120.3388870">
    <ele>21.7</ele>
    <time>2026-08-13T06:15:20Z</time>
   </trkpt>
   <trkpt lat="22.7432900" lon="120.3388980">
    <ele>21.7</ele>
    <time>2026-08-13T06:15:21Z</time>
   </trkpt>
   <trkpt lat="22.7432610" lon="120.3389090">
    <ele>21.7</ele>
    <time>2026-08-13T06:15:24Z</time>
   </trkpt>
   <trkpt lat="22.7432530" lon="120.3389140">
    <ele>21.7</ele>
    <time>2026-08-13T06:15:25Z</time>
   </trkpt>
   <trkpt lat="22.7432430" lon="120.3389170">
    <ele>21.7</ele>
    <time>2026-08-13T06:15:26Z</time>
   </trkpt>
   <trkpt lat="22.7432320" lon="120.3389190">
    <ele>21.7</ele>
    <time>2026-08-13T06:15:27Z</time>
   </trkpt>
   <trkpt lat="22.7432290" lon="120.3389270">
    <ele>21.7</ele>
    <time>2026-08-13T06:15:28Z</time>
   </trkpt>
   <trkpt lat="22.7432250" lon="120.3389330">
    <ele>21.7</ele>
    <time>2026-08-13T06:15:29Z</time>
   </trkpt>
   <trkpt lat="22.7432230" lon="120.3389370">
    <ele>21.7</ele>
    <time>2026-08-13T06:15:30Z</time>
   </trkpt>
   <trkpt lat="22.7432190" lon="120.3389320">
    <ele>21.7</ele>
    <time>2026-08-13T06:15:31Z</time>
   </trkpt>
   <trkpt lat="22.7432120" lon="120.3389250">
    <ele>21.7</ele>
    <time>2026-08-13T06:15:32Z</time>
   </trkpt>
   <trkpt lat="22.7432070" lon="120.3389270">
    <ele>21.7</ele>
    <time>2026-08-13T06:15:33Z</time>
   </trkpt>
   <trkpt lat="22.7432130" lon="120.3389290">
    <ele>21.7</ele>
    <time>2026-08-13T06:15:34Z</time>
   </trkpt>
   <trkpt lat="22.7432140" lon="120.3389390">
    <ele>21.7</ele>
    <time>2026-08-13T06:15:35Z</time>
   </trkpt>
   <trkpt lat="22.7432150" lon="120.3389390">
    <ele>21.7</ele>
    <time>2026-08-13T06:15:36Z</time>
   </trkpt>
   <trkpt lat="22.7432100" lon="120.3389340">
    <ele>21.7</ele>
    <time>2026-08-13T06:15:37Z</time>
   </trkpt>
   <trkpt lat="22.7432120" lon="120.3389190">
    <ele>21.7</ele>
    <time>2026-08-13T06:15:38Z</time>
   </trkpt>
   <trkpt lat="22.7432070" lon="120.3389010">
    <ele>21.7</ele>
    <time>2026-08-13T06:15:39Z</time>
   </trkpt>
   <trkpt lat="22.7432070" lon="120.3388890">
    <ele>21.7</ele>
    <time>2026-08-13T06:15:40Z</time>
   </trkpt>
   <trkpt lat="22.7432050" lon="120.3388770">
    <ele>21.7</ele>
    <time>2026-08-13T06:15:41Z</time>
   </trkpt>
   <trkpt lat="22.7432050" lon="120.3388660">
    <ele>21.7</ele>
    <time>2026-08-13T06:15:43Z</time>
   </trkpt>
   <trkpt lat="22.7432270" lon="120.3388540">
    <ele>21.7</ele>
    <time>2026-08-13T06:15:44Z</time>
   </trkpt>
   <trkpt lat="22.7432440" lon="120.3388500">
    <ele>21.7</ele>
    <time>2026-08-13T06:15:45Z</time>
   </trkpt>
   <trkpt lat="22.7432520" lon="120.3388450">
    <ele>21.7</ele>
    <time>2026-08-13T06:15:46Z</time>
   </trkpt>
   <trkpt lat="22.7432500" lon="120.3388370">
    <ele>21.7</ele>
    <time>2026-08-13T06:15:47Z</time>
   </trkpt>
   <trkpt lat="22.7432590" lon="120.3388230">
    <ele>21.7</ele>
    <time>2026-08-13T06:15:48Z</time>
   </trkpt>
   <trkpt lat="22.7432670" lon="120.3388140">
    <ele>21.7</ele>
    <time>2026-08-13T06:15:49Z</time>
   </trkpt>
   <trkpt lat="22.7432730" lon="120.3388080">
    <ele>21.7</ele>
    <time>2026-08-13T06:15:50Z</time>
   </trkpt>
   <trkpt lat="22.7432900" lon="120.3388120">
    <ele>21.6</ele>
    <time>2026-08-13T06:15:51Z</time>
   </trkpt>
   <trkpt lat="22.7433070" lon="120.3388130">
    <ele>21.6</ele>
    <time>2026-08-13T06:15:52Z</time>
   </trkpt>
   <trkpt lat="22.7433190" lon="120.3388150">
    <ele>21.6</ele>
    <time>2026-08-13T06:15:53Z</time>
   </trkpt>
   <trkpt lat="22.7433300" lon="120.3388120">
    <ele>21.5</ele>
    <time>2026-08-13T06:15:54Z</time>
   </trkpt>
   <trkpt lat="22.7433420" lon="120.3388140">
    <ele>21.5</ele>
    <time>2026-08-13T06:15:55Z</time>
   </trkpt>
   <trkpt lat="22.7433500" lon="120.3388150">
    <ele>21.5</ele>
    <time>2026-08-13T06:15:56Z</time>
   </trkpt>
   <trkpt lat="22.7433610" lon="120.3388150">
    <ele>21.4</ele>
    <time>2026-08-13T06:15:57Z</time>
   </trkpt>
   <trkpt lat="22.7433680" lon="120.3388090">
    <ele>21.4</ele>
    <time>2026-08-13T06:15:58Z</time>
   </trkpt>
   <trkpt lat="22.7433770" lon="120.3388060">
    <ele>21.4</ele>
    <time>2026-08-13T06:15:59Z</time>
   </trkpt>
   <trkpt lat="22.7433940" lon="120.3388060">
    <ele>21.4</ele>
    <time>2026-08-13T06:16:00Z</time>
   </trkpt>
   <trkpt lat="22.7434110" lon="120.3387950">
    <ele>21.3</ele>
    <time>2026-08-13T06:16:01Z</time>
   </trkpt>
   <trkpt lat="22.7434140" lon="120.3387870">
    <ele>21.3</ele>
    <time>2026-08-13T06:16:02Z</time>
   </trkpt>
   <trkpt lat="22.7434140" lon="120.3387750">
    <ele>21.3</ele>
    <time>2026-08-13T06:16:03Z</time>
   </trkpt>
   <trkpt lat="22.7434170" lon="120.3387600">
    <ele>21.2</ele>
    <time>2026-08-13T06:16:04Z</time>
   </trkpt>
   <trkpt lat="22.7434250" lon="120.3387530">
    <ele>21.2</ele>
    <time>2026-08-13T06:16:05Z</time>
   </trkpt>
   <trkpt lat="22.7434280" lon="120.3387490">
    <ele>21.2</ele>
    <time>2026-08-13T06:16:06Z</time>
   </trkpt>
   <trkpt lat="22.7434300" lon="120.3387370">
    <ele>21.2</ele>
    <time>2026-08-13T06:16:07Z</time>
   </trkpt>
   <trkpt lat="22.7434280" lon="120.3387230">
    <ele>21.2</ele>
    <time>2026-08-13T06:16:08Z</time>
   </trkpt>
   <trkpt lat="22.7434240" lon="120.3387140">
    <ele>21.2</ele>
    <time>2026-08-13T06:16:09Z</time>
   </trkpt>
   <trkpt lat="22.7434190" lon="120.3387050">
    <ele>21.2</ele>
    <time>2026-08-13T06:16:10Z</time>
   </trkpt>
   <trkpt lat="22.7434140" lon="120.3386960">
    <ele>21.2</ele>
    <time>2026-08-13T06:16:11Z</time>
   </trkpt>
   <trkpt lat="22.7434120" lon="120.3386870">
    <ele>21.2</ele>
    <time>2026-08-13T06:16:12Z</time>
   </trkpt>
   <trkpt lat="22.7434070" lon="120.3386750">
    <ele>21.2</ele>
    <time>2026-08-13T06:16:13Z</time>
   </trkpt>
   <trkpt lat="22.7434070" lon="120.3386710">
    <ele>21.2</ele>
    <time>2026-08-13T06:16:14Z</time>
   </trkpt>
   <trkpt lat="22.7434050" lon="120.3386560">
    <ele>21.2</ele>
    <time>2026-08-13T06:16:15Z</time>
   </trkpt>
   <trkpt lat="22.7434090" lon="120.3386480">
    <ele>21.2</ele>
    <time>2026-08-13T06:16:16Z</time>
   </trkpt>
   <trkpt lat="22.7434100" lon="120.3386440">
    <ele>21.2</ele>
    <time>2026-08-13T06:16:17Z</time>
   </trkpt>
   <trkpt lat="22.7434160" lon="120.3386370">
    <ele>21.2</ele>
    <time>2026-08-13T06:16:18Z</time>
   </trkpt>
   <trkpt lat="22.7434230" lon="120.3386280">
    <ele>21.1</ele>
    <time>2026-08-13T06:16:19Z</time>
   </trkpt>
   <trkpt lat="22.7434260" lon="120.3386210">
    <ele>21.1</ele>
    <time>2026-08-13T06:16:20Z</time>
   </trkpt>
   <trkpt lat="22.7434250" lon="120.3386110">
    <ele>21.1</ele>
    <time>2026-08-13T06:16:21Z</time>
   </trkpt>
   <trkpt lat="22.7434260" lon="120.3386040">
    <ele>21.1</ele>
    <time>2026-08-13T06:16:22Z</time>
   </trkpt>
   <trkpt lat="22.7434350" lon="120.3386090">
    <ele>21.1</ele>
    <time>2026-08-13T06:16:23Z</time>
   </trkpt>
   <trkpt lat="22.7434530" lon="120.3386010">
    <ele>21.1</ele>
    <time>2026-08-13T06:16:24Z</time>
   </trkpt>
   <trkpt lat="22.7434660" lon="120.3385960">
    <ele>21.1</ele>
    <time>2026-08-13T06:16:25Z</time>
   </trkpt>
   <trkpt lat="22.7434790" lon="120.3385880">
    <ele>21.1</ele>
    <time>2026-08-13T06:16:26Z</time>
   </trkpt>
   <trkpt lat="22.7434920" lon="120.3385840">
    <ele>21.1</ele>
    <time>2026-08-13T06:16:27Z</time>
   </trkpt>
   <trkpt lat="22.7435050" lon="120.3385820">
    <ele>21.1</ele>
    <time>2026-08-13T06:16:28Z</time>
   </trkpt>
   <trkpt lat="22.7435080" lon="120.3385690">
    <ele>21.1</ele>
    <time>2026-08-13T06:16:29Z</time>
   </trkpt>
   <trkpt lat="22.7435110" lon="120.3385620">
    <ele>21.1</ele>
    <time>2026-08-13T06:16:30Z</time>
   </trkpt>
   <trkpt lat="22.7435050" lon="120.3385460">
    <ele>21.1</ele>
    <time>2026-08-13T06:16:31Z</time>
   </trkpt>
   <trkpt lat="22.7435000" lon="120.3385360">
    <ele>21.1</ele>
    <time>2026-08-13T06:16:32Z</time>
   </trkpt>
   <trkpt lat="22.7435040" lon="120.3385300">
    <ele>21.1</ele>
    <time>2026-08-13T06:16:33Z</time>
   </trkpt>
   <trkpt lat="22.7435200" lon="120.3385350">
    <ele>21.1</ele>
    <time>2026-08-13T06:16:34Z</time>
   </trkpt>
   <trkpt lat="22.7435320" lon="120.3385310">
    <ele>21.1</ele>
    <time>2026-08-13T06:16:35Z</time>
   </trkpt>
   <trkpt lat="22.7435370" lon="120.3385230">
    <ele>21.1</ele>
    <time>2026-08-13T06:16:36Z</time>
   </trkpt>
   <trkpt lat="22.7435360" lon="120.3385140">
    <ele>21.1</ele>
    <time>2026-08-13T06:16:37Z</time>
   </trkpt>
   <trkpt lat="22.7435340" lon="120.3385070">
    <ele>21.1</ele>
    <time>2026-08-13T06:16:38Z</time>
   </trkpt>
   <trkpt lat="22.7435350" lon="120.3385150">
    <ele>21.1</ele>
    <time>2026-08-13T06:16:39Z</time>
   </trkpt>
   <trkpt lat="22.7435410" lon="120.3385120">
    <ele>21.1</ele>
    <time>2026-08-13T06:16:40Z</time>
   </trkpt>
   <trkpt lat="22.7435400" lon="120.3385110">
    <ele>21.1</ele>
    <time>2026-08-13T06:16:41Z</time>
   </trkpt>
   <trkpt lat="22.7435540" lon="120.3385160">
    <ele>21.1</ele>
    <time>2026-08-13T06:16:42Z</time>
   </trkpt>
   <trkpt lat="22.7435520" lon="120.3385150">
    <ele>21.1</ele>
    <time>2026-08-13T06:16:43Z</time>
   </trkpt>
   <trkpt lat="22.7435490" lon="120.3385030">
    <ele>21.1</ele>
    <time>2026-08-13T06:16:44Z</time>
   </trkpt>
   <trkpt lat="22.7435540" lon="120.3385070">
    <ele>21.1</ele>
    <time>2026-08-13T06:16:45Z</time>
   </trkpt>
   <trkpt lat="22.7435770" lon="120.3384930">
    <ele>21.1</ele>
    <time>2026-08-13T06:16:48Z</time>
   </trkpt>
   <trkpt lat="22.7435910" lon="120.3384820">
    <ele>21.1</ele>
    <time>2026-08-13T06:16:49Z</time>
   </trkpt>
   <trkpt lat="22.7436150" lon="120.3384740">
    <ele>21.1</ele>
    <time>2026-08-13T06:16:50Z</time>
   </trkpt>
   <trkpt lat="22.7436220" lon="120.3384730">
    <ele>21.1</ele>
    <time>2026-08-13T06:16:51Z</time>
   </trkpt>
   <trkpt lat="22.7436270" lon="120.3384700">
    <ele>21.1</ele>
    <time>2026-08-13T06:16:52Z</time>
   </trkpt>
   <trkpt lat="22.7436340" lon="120.3384660">
    <ele>21.1</ele>
    <time>2026-08-13T06:16:53Z</time>
   </trkpt>
   <trkpt lat="22.7436540" lon="120.3384460">
    <ele>21.0</ele>
    <time>2026-08-13T06:16:54Z</time>
   </trkpt>
   <trkpt lat="22.7436590" lon="120.3384370">
    <ele>21.0</ele>
    <time>2026-08-13T06:16:55Z</time>
   </trkpt>
   <trkpt lat="22.7436670" lon="120.3384250">
    <ele>21.0</ele>
    <time>2026-08-13T06:16:56Z</time>
   </trkpt>
   <trkpt lat="22.7436690" lon="120.3384150">
    <ele>21.0</ele>
    <time>2026-08-13T06:16:57Z</time>
   </trkpt>
   <trkpt lat="22.7436740" lon="120.3384110">
    <ele>21.0</ele>
    <time>2026-08-13T06:16:58Z</time>
   </trkpt>
   <trkpt lat="22.7436860" lon="120.3384120">
    <ele>21.0</ele>
    <time>2026-08-13T06:16:59Z</time>
   </trkpt>
   <trkpt lat="22.7436920" lon="120.3384100">
    <ele>21.0</ele>
    <time>2026-08-13T06:17:00Z</time>
   </trkpt>
   <trkpt lat="22.7436970" lon="120.3384030">
    <ele>21.0</ele>
    <time>2026-08-13T06:17:01Z</time>
   </trkpt>
   <trkpt lat="22.7436990" lon="120.3384050">
    <ele>21.0</ele>
    <time>2026-08-13T06:17:02Z</time>
   </trkpt>
   <trkpt lat="22.7436980" lon="120.3384090">
    <ele>21.0</ele>
    <time>2026-08-13T06:17:03Z</time>
   </trkpt>
   <trkpt lat="22.7436930" lon="120.3384180">
    <ele>21.0</ele>
    <time>2026-08-13T06:17:04Z</time>
   </trkpt>
   <trkpt lat="22.7436940" lon="120.3384100">
    <ele>21.0</ele>
    <time>2026-08-13T06:17:05Z</time>
   </trkpt>
   <trkpt lat="22.7437050" lon="120.3384010">
    <ele>21.0</ele>
    <time>2026-08-13T06:17:06Z</time>
   </trkpt>
   <trkpt lat="22.7437110" lon="120.3383630">
    <ele>21.0</ele>
    <time>2026-08-13T06:17:09Z</time>
   </trkpt>
   <trkpt lat="22.7437180" lon="120.3383500">
    <ele>21.0</ele>
    <time>2026-08-13T06:17:10Z</time>
   </trkpt>
   <trkpt lat="22.7437260" lon="120.3383430">
    <ele>21.0</ele>
    <time>2026-08-13T06:17:11Z</time>
   </trkpt>
   <trkpt lat="22.7437220" lon="120.3383280">
    <ele>21.0</ele>
    <time>2026-08-13T06:17:12Z</time>
   </trkpt>
   <trkpt lat="22.7437160" lon="120.3383170">
    <ele>21.0</ele>
    <time>2026-08-13T06:17:13Z</time>
   </trkpt>
   <trkpt lat="22.7437180" lon="120.3383060">
    <ele>21.0</ele>
    <time>2026-08-13T06:17:14Z</time>
   </trkpt>
   <trkpt lat="22.7437190" lon="120.3382970">
    <ele>21.0</ele>
    <time>2026-08-13T06:17:15Z</time>
   </trkpt>
   <trkpt lat="22.7437210" lon="120.3382870">
    <ele>21.0</ele>
    <time>2026-08-13T06:17:16Z</time>
   </trkpt>
   <trkpt lat="22.7437220" lon="120.3382750">
    <ele>21.0</ele>
    <time>2026-08-13T06:17:17Z</time>
   </trkpt>
   <trkpt lat="22.7437230" lon="120.3382710">
    <ele>21.0</ele>
    <time>2026-08-13T06:17:18Z</time>
   </trkpt>
   <trkpt lat="22.7437310" lon="120.3382360">
    <ele>21.0</ele>
    <time>2026-08-13T06:17:21Z</time>
   </trkpt>
   <trkpt lat="22.7437380" lon="120.3382280">
    <ele>21.0</ele>
    <time>2026-08-13T06:17:22Z</time>
   </trkpt>
   <trkpt lat="22.7437490" lon="120.3382180">
    <ele>21.0</ele>
    <time>2026-08-13T06:17:23Z</time>
   </trkpt>
   <trkpt lat="22.7437580" lon="120.3382070">
    <ele>21.0</ele>
    <time>2026-08-13T06:17:24Z</time>
   </trkpt>
   <trkpt lat="22.7437630" lon="120.3382050">
    <ele>21.0</ele>
    <time>2026-08-13T06:17:25Z</time>
   </trkpt>
   <trkpt lat="22.7437580" lon="120.3382080">
    <ele>21.0</ele>
    <time>2026-08-13T06:17:26Z</time>
   </trkpt>
   <trkpt lat="22.7437590" lon="120.3382060">
    <ele>21.0</ele>
    <time>2026-08-13T06:17:27Z</time>
   </trkpt>
   <trkpt lat="22.7437640" lon="120.3382150">
    <ele>21.0</ele>
    <time>2026-08-13T06:17:28Z</time>
   </trkpt>
   <trkpt lat="22.7437690" lon="120.3382200">
    <ele>21.0</ele>
    <time>2026-08-13T06:17:29Z</time>
   </trkpt>
   <trkpt lat="22.7437770" lon="120.3382160">
    <ele>21.0</ele>
    <time>2026-08-13T06:17:30Z</time>
   </trkpt>
   <trkpt lat="22.7437750" lon="120.3382300">
    <ele>21.0</ele>
    <time>2026-08-13T06:17:31Z</time>
   </trkpt>
   <trkpt lat="22.7437890" lon="120.3382050">
    <ele>20.9</ele>
    <time>2026-08-13T06:17:32Z</time>
   </trkpt>
   <trkpt lat="22.7438160" lon="120.3381940">
    <ele>20.9</ele>
    <time>2026-08-13T06:17:33Z</time>
   </trkpt>
   <trkpt lat="22.7438260" lon="120.3381800">
    <ele>20.9</ele>
    <time>2026-08-13T06:17:34Z</time>
   </trkpt>
   <trkpt lat="22.7438230" lon="120.3381840">
    <ele>20.9</ele>
    <time>2026-08-13T06:17:35Z</time>
   </trkpt>
   <trkpt lat="22.7438260" lon="120.3381770">
    <ele>20.9</ele>
    <time>2026-08-13T06:17:36Z</time>
   </trkpt>
   <trkpt lat="22.7438320" lon="120.3381830">
    <ele>20.9</ele>
    <time>2026-08-13T06:17:37Z</time>
   </trkpt>
   <trkpt lat="22.7438400" lon="120.3381870">
    <ele>20.9</ele>
    <time>2026-08-13T06:17:38Z</time>
   </trkpt>
   <trkpt lat="22.7438460" lon="120.3381850">
    <ele>20.9</ele>
    <time>2026-08-13T06:17:39Z</time>
   </trkpt>
   <trkpt lat="22.7438500" lon="120.3381810">
    <ele>20.9</ele>
    <time>2026-08-13T06:17:40Z</time>
   </trkpt>
   <trkpt lat="22.7438440" lon="120.3381900">
    <ele>20.9</ele>
    <time>2026-08-13T06:17:42Z</time>
   </trkpt>
   <trkpt lat="22.7438450" lon="120.3382000">
    <ele>20.9</ele>
    <time>2026-08-13T06:17:43Z</time>
   </trkpt>
   <trkpt lat="22.7438450" lon="120.3382040">
    <ele>20.9</ele>
    <time>2026-08-13T06:17:44Z</time>
   </trkpt>
   <trkpt lat="22.7438600" lon="120.3382300">
    <ele>20.9</ele>
    <time>2026-08-13T06:17:45Z</time>
   </trkpt>
   <trkpt lat="22.7438860" lon="120.3382410">
    <ele>20.9</ele>
    <time>2026-08-13T06:17:46Z</time>
   </trkpt>
   <trkpt lat="22.7439040" lon="120.3382230">
    <ele>20.9</ele>
    <time>2026-08-13T06:17:47Z</time>
   </trkpt>
   <trkpt lat="22.7439060" lon="120.3382120">
    <ele>20.9</ele>
    <time>2026-08-13T06:17:48Z</time>
   </trkpt>
   <trkpt lat="22.7438940" lon="120.3382100">
    <ele>20.9</ele>
    <time>2026-08-13T06:17:49Z</time>
   </trkpt>
   <trkpt lat="22.7438940" lon="120.3382150">
    <ele>20.9</ele>
    <time>2026-08-13T06:17:50Z</time>
   </trkpt>
   <trkpt lat="22.7438990" lon="120.3382150">
    <ele>20.9</ele>
    <time>2026-08-13T06:17:51Z</time>
   </trkpt>
   <trkpt lat="22.7439040" lon="120.3382150">
    <ele>20.9</ele>
    <time>2026-08-13T06:17:52Z</time>
   </trkpt>
   <trkpt lat="22.7439020" lon="120.3382140">
    <ele>20.9</ele>
    <time>2026-08-13T06:17:53Z</time>
   </trkpt>
   <trkpt lat="22.7439030" lon="120.3382240">
    <ele>20.9</ele>
    <time>2026-08-13T06:17:54Z</time>
   </trkpt>
   <trkpt lat="22.7439060" lon="120.3382230">
    <ele>20.9</ele>
    <time>2026-08-13T06:17:55Z</time>
   </trkpt>
   <trkpt lat="22.7439070" lon="120.3382170">
    <ele>20.9</ele>
    <time>2026-08-13T06:17:56Z</time>
   </trkpt>
   <trkpt lat="22.7439090" lon="120.3382170">
    <ele>20.9</ele>
    <time>2026-08-13T06:17:57Z</time>
   </trkpt>
   <trkpt lat="22.7439020" lon="120.3381730">
    <ele>20.9</ele>
    <time>2026-08-13T06:18:07Z</time>
   </trkpt>
   <trkpt lat="22.7439080" lon="120.3381800">
    <ele>20.9</ele>
    <time>2026-08-13T06:18:08Z</time>
   </trkpt>
   <trkpt lat="22.7439070" lon="120.3381710">
    <ele>20.9</ele>
    <time>2026-08-13T06:18:09Z</time>
   </trkpt>
   <trkpt lat="22.7439030" lon="120.3381630">
    <ele>20.9</ele>
    <time>2026-08-13T06:18:10Z</time>
   </trkpt>
   <trkpt lat="22.7439250" lon="120.3381580">
    <ele>20.9</ele>
    <time>2026-08-13T06:18:11Z</time>
   </trkpt>
   <trkpt lat="22.7439360" lon="120.3381580">
    <ele>20.9</ele>
    <time>2026-08-13T06:18:12Z</time>
   </trkpt>
   <trkpt lat="22.7439510" lon="120.3381510">
    <ele>20.9</ele>
    <time>2026-08-13T06:18:13Z</time>
   </trkpt>
   <trkpt lat="22.7439500" lon="120.3381480">
    <ele>20.9</ele>
    <time>2026-08-13T06:18:14Z</time>
   </trkpt>
   <trkpt lat="22.7439480" lon="120.3381370">
    <ele>20.9</ele>
    <time>2026-08-13T06:18:15Z</time>
   </trkpt>
   <trkpt lat="22.7439380" lon="120.3381280">
    <ele>20.9</ele>
    <time>2026-08-13T06:18:16Z</time>
   </trkpt>
   <trkpt lat="22.7439330" lon="120.3381220">
    <ele>20.8</ele>
    <time>2026-08-13T06:18:17Z</time>
   </trkpt>
   <trkpt lat="22.7439350" lon="120.3381180">
    <ele>20.8</ele>
    <time>2026-08-13T06:18:18Z</time>
   </trkpt>
   <trkpt lat="22.7439310" lon="120.3381230">
    <ele>20.8</ele>
    <time>2026-08-13T06:18:19Z</time>
   </trkpt>
   <trkpt lat="22.7439310" lon="120.3381240">
    <ele>20.8</ele>
    <time>2026-08-13T06:18:20Z</time>
   </trkpt>
   <trkpt lat="22.7439310" lon="120.3381240">
    <ele>20.8</ele>
    <time>2026-08-13T06:18:21Z</time>
   </trkpt>
   <trkpt lat="22.7439310" lon="120.3381340">
    <ele>20.8</ele>
    <time>2026-08-13T06:18:22Z</time>
   </trkpt>
   <trkpt lat="22.7439620" lon="120.3380870">
    <ele>20.8</ele>
    <time>2026-08-13T06:18:29Z</time>
   </trkpt>
   <trkpt lat="22.7439660" lon="120.3380760">
    <ele>20.8</ele>
    <time>2026-08-13T06:18:30Z</time>
   </trkpt>
   <trkpt lat="22.7439550" lon="120.3380780">
    <ele>20.8</ele>
    <time>2026-08-13T06:18:31Z</time>
   </trkpt>
   <trkpt lat="22.7439560" lon="120.3380830">
    <ele>20.8</ele>
    <time>2026-08-13T06:18:32Z</time>
   </trkpt>
   <trkpt lat="22.7439600" lon="120.3380810">
    <ele>20.8</ele>
    <time>2026-08-13T06:18:33Z</time>
   </trkpt>
   <trkpt lat="22.7439660" lon="120.3380890">
    <ele>20.8</ele>
    <time>2026-08-13T06:18:34Z</time>
   </trkpt>
   <trkpt lat="22.7439740" lon="120.3380960">
    <ele>20.8</ele>
    <time>2026-08-13T06:18:35Z</time>
   </trkpt>
   <trkpt lat="22.7439580" lon="120.3380880">
    <ele>20.8</ele>
    <time>2026-08-13T06:18:36Z</time>
   </trkpt>
   <trkpt lat="22.7439640" lon="120.3380830">
    <ele>20.8</ele>
    <time>2026-08-13T06:18:37Z</time>
   </trkpt>
   <trkpt lat="22.7439680" lon="120.3380440">
    <ele>20.8</ele>
    <time>2026-08-13T06:18:38Z</time>
   </trkpt>
   <trkpt lat="22.7439890" lon="120.3380280">
    <ele>20.8</ele>
    <time>2026-08-13T06:18:39Z</time>
   </trkpt>
   <trkpt lat="22.7439900" lon="120.3380620">
    <ele>20.8</ele>
    <time>2026-08-13T06:18:40Z</time>
   </trkpt>
   <trkpt lat="22.7439990" lon="120.3380670">
    <ele>20.8</ele>
    <time>2026-08-13T06:18:41Z</time>
   </trkpt>
   <trkpt lat="22.7440070" lon="120.3380670">
    <ele>20.8</ele>
    <time>2026-08-13T06:18:42Z</time>
   </trkpt>
   <trkpt lat="22.7440040" lon="120.3380720">
    <ele>20.8</ele>
    <time>2026-08-13T06:18:43Z</time>
   </trkpt>
   <trkpt lat="22.7440000" lon="120.3380740">
    <ele>20.8</ele>
    <time>2026-08-13T06:18:44Z</time>
   </trkpt>
   <trkpt lat="22.7439990" lon="120.3380800">
    <ele>20.8</ele>
    <time>2026-08-13T06:18:45Z</time>
   </trkpt>
   <trkpt lat="22.7440030" lon="120.3380820">
    <ele>20.8</ele>
    <time>2026-08-13T06:18:46Z</time>
   </trkpt>
   <trkpt lat="22.7440080" lon="120.3380870">
    <ele>20.8</ele>
    <time>2026-08-13T06:18:47Z</time>
   </trkpt>
   <trkpt lat="22.7440180" lon="120.3380840">
    <ele>20.8</ele>
    <time>2026-08-13T06:18:48Z</time>
   </trkpt>
   <trkpt lat="22.7440020" lon="120.3380470">
    <ele>20.8</ele>
    <time>2026-08-13T06:18:56Z</time>
   </trkpt>
   <trkpt lat="22.7440120" lon="120.3380290">
    <ele>20.8</ele>
    <time>2026-08-13T06:18:57Z</time>
   </trkpt>
   <trkpt lat="22.7440220" lon="120.3380030">
    <ele>20.8</ele>
    <time>2026-08-13T06:18:58Z</time>
   </trkpt>
   <trkpt lat="22.7440240" lon="120.3379780">
    <ele>20.7</ele>
    <time>2026-08-13T06:18:59Z</time>
   </trkpt>
   <trkpt lat="22.7440260" lon="120.3379930">
    <ele>20.7</ele>
    <time>2026-08-13T06:19:00Z</time>
   </trkpt>
   <trkpt lat="22.7440250" lon="120.3379970">
    <ele>20.7</ele>
    <time>2026-08-13T06:19:01Z</time>
   </trkpt>
   <trkpt lat="22.7440250" lon="120.3380040">
    <ele>20.7</ele>
    <time>2026-08-13T06:19:02Z</time>
   </trkpt>
   <trkpt lat="22.7440260" lon="120.3380090">
    <ele>20.7</ele>
    <time>2026-08-13T06:19:03Z</time>
   </trkpt>
   <trkpt lat="22.7440250" lon="120.3380000">
    <ele>20.7</ele>
    <time>2026-08-13T06:19:04Z</time>
   </trkpt>
   <trkpt lat="22.7440200" lon="120.3380070">
    <ele>20.7</ele>
    <time>2026-08-13T06:19:05Z</time>
   </trkpt>
   <trkpt lat="22.7440080" lon="120.3380000">
    <ele>20.7</ele>
    <time>2026-08-13T06:19:06Z</time>
   </trkpt>
   <trkpt lat="22.7440070" lon="120.3379780">
    <ele>20.7</ele>
    <time>2026-08-13T06:19:07Z</time>
   </trkpt>
   <trkpt lat="22.7440130" lon="120.3379650">
    <ele>20.7</ele>
    <time>2026-08-13T06:19:08Z</time>
   </trkpt>
   <trkpt lat="22.7440210" lon="120.3379420">
    <ele>20.7</ele>
    <time>2026-08-13T06:19:09Z</time>
   </trkpt>
   <trkpt lat="22.7440210" lon="120.3379420">
    <ele>20.7</ele>
    <time>2026-08-13T06:19:10Z</time>
   </trkpt>
   <trkpt lat="22.7440220" lon="120.3379430">
    <ele>20.7</ele>
    <time>2026-08-13T06:19:11Z</time>
   </trkpt>
   <trkpt lat="22.7440220" lon="120.3379430">
    <ele>20.7</ele>
    <time>2026-08-13T06:19:12Z</time>
   </trkpt>
   <trkpt lat="22.7440220" lon="120.3379430">
    <ele>20.7</ele>
    <time>2026-08-13T06:19:13Z</time>
   </trkpt>
   <trkpt lat="22.7440230" lon="120.3379430">
    <ele>20.7</ele>
    <time>2026-08-13T06:19:14Z</time>
   </trkpt>
   <trkpt lat="22.7440230" lon="120.3379440">
    <ele>20.7</ele>
    <time>2026-08-13T06:19:15Z</time>
   </trkpt>
   <trkpt lat="22.7440240" lon="120.3379440">
    <ele>20.7</ele>
    <time>2026-08-13T06:19:16Z</time>
   </trkpt>
   <trkpt lat="22.7440240" lon="120.3379440">
    <ele>20.7</ele>
    <time>2026-08-13T06:19:17Z</time>
   </trkpt>
   <trkpt lat="22.7440240" lon="120.3379450">
    <ele>20.7</ele>
    <time>2026-08-13T06:19:18Z</time>
   </trkpt>
   <trkpt lat="22.7440250" lon="120.3379450">
    <ele>20.7</ele>
    <time>2026-08-13T06:19:19Z</time>
   </trkpt>
   <trkpt lat="22.7440250" lon="120.3379450">
    <ele>20.7</ele>
    <time>2026-08-13T06:19:20Z</time>
   </trkpt>
   <trkpt lat="22.7440250" lon="120.3379450">
    <ele>20.7</ele>
    <time>2026-08-13T06:19:21Z</time>
   </trkpt>
   <trkpt lat="22.7440260" lon="120.3379460">
    <ele>20.7</ele>
    <time>2026-08-13T06:19:22Z</time>
   </trkpt>
   <trkpt lat="22.7440260" lon="120.3379460">
    <ele>20.7</ele>
    <time>2026-08-13T06:19:23Z</time>
   </trkpt>
   <trkpt lat="22.7440260" lon="120.3379460">
    <ele>20.7</ele>
    <time>2026-08-13T06:19:24Z</time>
   </trkpt>
   <trkpt lat="22.7440270" lon="120.3379460">
    <ele>20.7</ele>
    <time>2026-08-13T06:19:25Z</time>
   </trkpt>
   <trkpt lat="22.7440270" lon="120.3379470">
    <ele>20.7</ele>
    <time>2026-08-13T06:19:26Z</time>
   </trkpt>
   <trkpt lat="22.7440270" lon="120.3379470">
    <ele>20.7</ele>
    <time>2026-08-13T06:19:27Z</time>
   </trkpt>
   <trkpt lat="22.7440280" lon="120.3379470">
    <ele>20.7</ele>
    <time>2026-08-13T06:19:28Z</time>
   </trkpt>
   <trkpt lat="22.7440280" lon="120.3379480">
    <ele>20.7</ele>
    <time>2026-08-13T06:19:29Z</time>
   </trkpt>
   <trkpt lat="22.7440290" lon="120.3379480">
    <ele>20.7</ele>
    <time>2026-08-13T06:19:30Z</time>
   </trkpt>
   <trkpt lat="22.7440290" lon="120.3379480">
    <ele>20.7</ele>
    <time>2026-08-13T06:19:31Z</time>
   </trkpt>
   <trkpt lat="22.7440290" lon="120.3379480">
    <ele>20.7</ele>
    <time>2026-08-13T06:19:32Z</time>
   </trkpt>
   <trkpt lat="22.7440300" lon="120.3379490">
    <ele>20.7</ele>
    <time>2026-08-13T06:19:33Z</time>
   </trkpt>
   <trkpt lat="22.7440300" lon="120.3379490">
    <ele>20.7</ele>
    <time>2026-08-13T06:19:34Z</time>
   </trkpt>
   <trkpt lat="22.7440410" lon="120.3379410">
    <ele>20.7</ele>
    <time>2026-08-13T06:19:35Z</time>
   </trkpt>
   <trkpt lat="22.7440350" lon="120.3379280">
    <ele>20.7</ele>
    <time>2026-08-13T06:19:36Z</time>
   </trkpt>
   <trkpt lat="22.7440510" lon="120.3379320">
    <ele>20.7</ele>
    <time>2026-08-13T06:19:37Z</time>
   </trkpt>
   <trkpt lat="22.7440770" lon="120.3379300">
    <ele>20.7</ele>
    <time>2026-08-13T06:19:38Z</time>
   </trkpt>
   <trkpt lat="22.7440860" lon="120.3379280">
    <ele>20.7</ele>
    <time>2026-08-13T06:19:39Z</time>
   </trkpt>
   <trkpt lat="22.7440930" lon="120.3379120">
    <ele>20.6</ele>
    <time>2026-08-13T06:19:40Z</time>
   </trkpt>
   <trkpt lat="22.7440980" lon="120.3378990">
    <ele>20.6</ele>
    <time>2026-08-13T06:19:41Z</time>
   </trkpt>
   <trkpt lat="22.7440990" lon="120.3378950">
    <ele>20.6</ele>
    <time>2026-08-13T06:19:42Z</time>
   </trkpt>
   <trkpt lat="22.7440900" lon="120.3378950">
    <ele>20.6</ele>
    <time>2026-08-13T06:19:43Z</time>
   </trkpt>
   <trkpt lat="22.7440850" lon="120.3378930">
    <ele>20.6</ele>
    <time>2026-08-13T06:19:44Z</time>
   </trkpt>
   <trkpt lat="22.7440680" lon="120.3378830">
    <ele>20.6</ele>
    <time>2026-08-13T06:19:45Z</time>
   </trkpt>
   <trkpt lat="22.7440920" lon="120.3378780">
    <ele>20.6</ele>
    <time>2026-08-13T06:19:46Z</time>
   </trkpt>
   <trkpt lat="22.7440910" lon="120.3378860">
    <ele>20.6</ele>
    <time>2026-08-13T06:19:47Z</time>
   </trkpt>
   <trkpt lat="22.7440850" lon="120.3378940">
    <ele>20.6</ele>
    <time>2026-08-13T06:19:48Z</time>
   </trkpt>
   <trkpt lat="22.7441040" lon="120.3378710">
    <ele>20.6</ele>
    <time>2026-08-13T06:19:49Z</time>
   </trkpt>
   <trkpt lat="22.7441220" lon="120.3378480">
    <ele>20.6</ele>
    <time>2026-08-13T06:19:50Z</time>
   </trkpt>
   <trkpt lat="22.7441460" lon="120.3378380">
    <ele>20.6</ele>
    <time>2026-08-13T06:19:51Z</time>
   </trkpt>
   <trkpt lat="22.7441720" lon="120.3378380">
    <ele>20.5</ele>
    <time>2026-08-13T06:19:52Z</time>
   </trkpt>
   <trkpt lat="22.7441770" lon="120.3378400">
    <ele>20.5</ele>
    <time>2026-08-13T06:19:53Z</time>
   </trkpt>
   <trkpt lat="22.7441830" lon="120.3378430">
    <ele>20.5</ele>
    <time>2026-08-13T06:19:55Z</time>
   </trkpt>
   <trkpt lat="22.7441950" lon="120.3378420">
    <ele>20.5</ele>
    <time>2026-08-13T06:19:56Z</time>
   </trkpt>
   <trkpt lat="22.7442050" lon="120.3378520">
    <ele>20.5</ele>
    <time>2026-08-13T06:19:57Z</time>
   </trkpt>
   <trkpt lat="22.7442090" lon="120.3378550">
    <ele>20.5</ele>
    <time>2026-08-13T06:19:58Z</time>
   </trkpt>
   <trkpt lat="22.7442130" lon="120.3378550">
    <ele>20.5</ele>
    <time>2026-08-13T06:19:59Z</time>
   </trkpt>
   <trkpt lat="22.7442270" lon="120.3378460">
    <ele>20.5</ele>
    <time>2026-08-13T06:20:00Z</time>
   </trkpt>
   <trkpt lat="22.7442410" lon="120.3378360">
    <ele>20.5</ele>
    <time>2026-08-13T06:20:01Z</time>
   </trkpt>
   <trkpt lat="22.7442420" lon="120.3378330">
    <ele>20.5</ele>
    <time>2026-08-13T06:20:02Z</time>
   </trkpt>
   <trkpt lat="22.7442450" lon="120.3378350">
    <ele>20.5</ele>
    <time>2026-08-13T06:20:03Z</time>
   </trkpt>
   <trkpt lat="22.7442500" lon="120.3378360">
    <ele>20.5</ele>
    <time>2026-08-13T06:20:04Z</time>
   </trkpt>
   <trkpt lat="22.7442470" lon="120.3378440">
    <ele>20.5</ele>
    <time>2026-08-13T06:20:05Z</time>
   </trkpt>
   <trkpt lat="22.7442380" lon="120.3378350">
    <ele>20.5</ele>
    <time>2026-08-13T06:20:06Z</time>
   </trkpt>
   <trkpt lat="22.7442280" lon="120.3378360">
    <ele>20.5</ele>
    <time>2026-08-13T06:20:07Z</time>
   </trkpt>
   <trkpt lat="22.7442280" lon="120.3378070">
    <ele>20.4</ele>
    <time>2026-08-13T06:20:08Z</time>
   </trkpt>
   <trkpt lat="22.7442440" lon="120.3378180">
    <ele>20.4</ele>
    <time>2026-08-13T06:20:09Z</time>
   </trkpt>
   <trkpt lat="22.7442520" lon="120.3378160">
    <ele>20.4</ele>
    <time>2026-08-13T06:20:10Z</time>
   </trkpt>
   <trkpt lat="22.7442420" lon="120.3378170">
    <ele>20.4</ele>
    <time>2026-08-13T06:20:11Z</time>
   </trkpt>
   <trkpt lat="22.7442360" lon="120.3378020">
    <ele>20.4</ele>
    <time>2026-08-13T06:20:12Z</time>
   </trkpt>
   <trkpt lat="22.7442340" lon="120.3377970">
    <ele>20.4</ele>
    <time>2026-08-13T06:20:13Z</time>
   </trkpt>
   <trkpt lat="22.7442350" lon="120.3377940">
    <ele>20.4</ele>
    <time>2026-08-13T06:20:14Z</time>
   </trkpt>
   <trkpt lat="22.7442230" lon="120.3378110">
    <ele>20.4</ele>
    <time>2026-08-13T06:20:15Z</time>
   </trkpt>
   <trkpt lat="22.7442110" lon="120.3378000">
    <ele>20.4</ele>
    <time>2026-08-13T06:20:16Z</time>
   </trkpt>
   <trkpt lat="22.7442000" lon="120.3377870">
    <ele>20.4</ele>
    <time>2026-08-13T06:20:17Z</time>
   </trkpt>
   <trkpt lat="22.7441900" lon="120.3377830">
    <ele>20.4</ele>
    <time>2026-08-13T06:20:18Z</time>
   </trkpt>
   <trkpt lat="22.7441890" lon="120.3377740">
    <ele>20.4</ele>
    <time>2026-08-13T06:20:19Z</time>
   </trkpt>
   <trkpt lat="22.7441750" lon="120.3377720">
    <ele>20.3</ele>
    <time>2026-08-13T06:20:20Z</time>
   </trkpt>
   <trkpt lat="22.7441800" lon="120.3377460">
    <ele>20.3</ele>
    <time>2026-08-13T06:20:21Z</time>
   </trkpt>
   <trkpt lat="22.7441840" lon="120.3377230">
    <ele>20.3</ele>
    <time>2026-08-13T06:20:22Z</time>
   </trkpt>
   <trkpt lat="22.7441900" lon="120.3377290">
    <ele>20.3</ele>
    <time>2026-08-13T06:20:23Z</time>
   </trkpt>
   <trkpt lat="22.7441920" lon="120.3377360">
    <ele>20.3</ele>
    <time>2026-08-13T06:20:24Z</time>
   </trkpt>
   <trkpt lat="22.7442020" lon="120.3377420">
    <ele>20.3</ele>
    <time>2026-08-13T06:20:25Z</time>
   </trkpt>
   <trkpt lat="22.7441920" lon="120.3377370">
    <ele>20.3</ele>
    <time>2026-08-13T06:20:26Z</time>
   </trkpt>
   <trkpt lat="22.7441840" lon="120.3377330">
    <ele>20.3</ele>
    <time>2026-08-13T06:20:27Z</time>
   </trkpt>
   <trkpt lat="22.7441870" lon="120.3377360">
    <ele>20.3</ele>
    <time>2026-08-13T06:20:28Z</time>
   </trkpt>
   <trkpt lat="22.7441830" lon="120.3377440">
    <ele>20.3</ele>
    <time>2026-08-13T06:20:29Z</time>
   </trkpt>
   <trkpt lat="22.7441900" lon="120.3377430">
    <ele>20.3</ele>
    <time>2026-08-13T06:20:30Z</time>
   </trkpt>
   <trkpt lat="22.7441930" lon="120.3377310">
    <ele>20.3</ele>
    <time>2026-08-13T06:20:31Z</time>
   </trkpt>
   <trkpt lat="22.7442140" lon="120.3377120">
    <ele>20.3</ele>
    <time>2026-08-13T06:20:32Z</time>
   </trkpt>
   <trkpt lat="22.7442180" lon="120.3377010">
    <ele>20.2</ele>
    <time>2026-08-13T06:20:33Z</time>
   </trkpt>
   <trkpt lat="22.7442210" lon="120.3377000">
    <ele>20.2</ele>
    <time>2026-08-13T06:20:34Z</time>
   </trkpt>
   <trkpt lat="22.7442210" lon="120.3377020">
    <ele>20.2</ele>
    <time>2026-08-13T06:20:35Z</time>
   </trkpt>
   <trkpt lat="22.7442400" lon="120.3377330">
    <ele>20.2</ele>
    <time>2026-08-13T06:20:36Z</time>
   </trkpt>
   <trkpt lat="22.7442500" lon="120.3377340">
    <ele>20.2</ele>
    <time>2026-08-13T06:20:37Z</time>
   </trkpt>
   <trkpt lat="22.7442490" lon="120.3377280">
    <ele>20.2</ele>
    <time>2026-08-13T06:20:38Z</time>
   </trkpt>
   <trkpt lat="22.7442470" lon="120.3377200">
    <ele>20.2</ele>
    <time>2026-08-13T06:20:39Z</time>
   </trkpt>
   <trkpt lat="22.7442530" lon="120.3377250">
    <ele>20.2</ele>
    <time>2026-08-13T06:20:40Z</time>
   </trkpt>
   <trkpt lat="22.7442490" lon="120.3377320">
    <ele>20.2</ele>
    <time>2026-08-13T06:20:41Z</time>
   </trkpt>
   <trkpt lat="22.7442570" lon="120.3377300">
    <ele>20.2</ele>
    <time>2026-08-13T06:20:42Z</time>
   </trkpt>
   <trkpt lat="22.7442720" lon="120.3377180">
    <ele>20.2</ele>
    <time>2026-08-13T06:20:43Z</time>
   </trkpt>
   <trkpt lat="22.7442720" lon="120.3377140">
    <ele>20.2</ele>
    <time>2026-08-13T06:20:44Z</time>
   </trkpt>
   <trkpt lat="22.7442810" lon="120.3377080">
    <ele>20.2</ele>
    <time>2026-08-13T06:20:45Z</time>
   </trkpt>
   <trkpt lat="22.7442890" lon="120.3377060">
    <ele>20.2</ele>
    <time>2026-08-13T06:20:46Z</time>
   </trkpt>
   <trkpt lat="22.7442870" lon="120.3377070">
    <ele>20.2</ele>
    <time>2026-08-13T06:20:47Z</time>
   </trkpt>
   <trkpt lat="22.7442780" lon="120.3377090">
    <ele>20.2</ele>
    <time>2026-08-13T06:20:48Z</time>
   </trkpt>
   <trkpt lat="22.7442770" lon="120.3377110">
    <ele>20.2</ele>
    <time>2026-08-13T06:20:49Z</time>
   </trkpt>
   <trkpt lat="22.7442760" lon="120.3376990">
    <ele>20.2</ele>
    <time>2026-08-13T06:20:50Z</time>
   </trkpt>
   <trkpt lat="22.7442610" lon="120.3376930">
    <ele>20.1</ele>
    <time>2026-08-13T06:20:51Z</time>
   </trkpt>
   <trkpt lat="22.7442650" lon="120.3376860">
    <ele>20.1</ele>
    <time>2026-08-13T06:20:52Z</time>
   </trkpt>
   <trkpt lat="22.7442450" lon="120.3376560">
    <ele>20.1</ele>
    <time>2026-08-13T06:21:00Z</time>
   </trkpt>
   <trkpt lat="22.7442400" lon="120.3376530">
    <ele>20.1</ele>
    <time>2026-08-13T06:21:01Z</time>
   </trkpt>
   <trkpt lat="22.7442640" lon="120.3376540">
    <ele>20.1</ele>
    <time>2026-08-13T06:21:02Z</time>
   </trkpt>
   <trkpt lat="22.7442800" lon="120.3376520">
    <ele>20.1</ele>
    <time>2026-08-13T06:21:03Z</time>
   </trkpt>
   <trkpt lat="22.7442880" lon="120.3376490">
    <ele>20.1</ele>
    <time>2026-08-13T06:21:04Z</time>
   </trkpt>
   <trkpt lat="22.7442870" lon="120.3376480">
    <ele>20.1</ele>
    <time>2026-08-13T06:21:05Z</time>
   </trkpt>
   <trkpt lat="22.7442880" lon="120.3376530">
    <ele>20.1</ele>
    <time>2026-08-13T06:21:06Z</time>
   </trkpt>
   <trkpt lat="22.7442820" lon="120.3376490">
    <ele>20.1</ele>
    <time>2026-08-13T06:21:07Z</time>
   </trkpt>
   <trkpt lat="22.7442790" lon="120.3376490">
    <ele>20.1</ele>
    <time>2026-08-13T06:21:08Z</time>
   </trkpt>
   <trkpt lat="22.7442860" lon="120.3376380">
    <ele>20.1</ele>
    <time>2026-08-13T06:21:09Z</time>
   </trkpt>
   <trkpt lat="22.7442870" lon="120.3376380">
    <ele>20.1</ele>
    <time>2026-08-13T06:21:10Z</time>
   </trkpt>
   <trkpt lat="22.7442880" lon="120.3376360">
    <ele>20.1</ele>
    <time>2026-08-13T06:21:11Z</time>
   </trkpt>
   <trkpt lat="22.7442820" lon="120.3376370">
    <ele>20.1</ele>
    <time>2026-08-13T06:21:12Z</time>
   </trkpt>
   <trkpt lat="22.7442840" lon="120.3376370">
    <ele>20.1</ele>
    <time>2026-08-13T06:21:13Z</time>
   </trkpt>
   <trkpt lat="22.7442540" lon="120.3376100">
    <ele>20.1</ele>
    <time>2026-08-13T06:21:22Z</time>
   </trkpt>
   <trkpt lat="22.7442580" lon="120.3376060">
    <ele>20.1</ele>
    <time>2026-08-13T06:21:23Z</time>
   </trkpt>
   <trkpt lat="22.7442760" lon="120.3375880">
    <ele>20.0</ele>
    <time>2026-08-13T06:21:24Z</time>
   </trkpt>
   <trkpt lat="22.7442880" lon="120.3375750">
    <ele>20.0</ele>
    <time>2026-08-13T06:21:25Z</time>
   </trkpt>
   <trkpt lat="22.7443000" lon="120.3375710">
    <ele>20.0</ele>
    <time>2026-08-13T06:21:26Z</time>
   </trkpt>
   <trkpt lat="22.7443010" lon="120.3375710">
    <ele>20.0</ele>
    <time>2026-08-13T06:21:27Z</time>
   </trkpt>
   <trkpt lat="22.7443000" lon="120.3375750">
    <ele>20.0</ele>
    <time>2026-08-13T06:21:28Z</time>
   </trkpt>
   <trkpt lat="22.7443110" lon="120.3375750">
    <ele>20.0</ele>
    <time>2026-08-13T06:21:29Z</time>
   </trkpt>
   <trkpt lat="22.7443130" lon="120.3375760">
    <ele>20.0</ele>
    <time>2026-08-13T06:21:30Z</time>
   </trkpt>
   <trkpt lat="22.7443070" lon="120.3375760">
    <ele>20.0</ele>
    <time>2026-08-13T06:21:31Z</time>
   </trkpt>
   <trkpt lat="22.7443130" lon="120.3375780">
    <ele>20.0</ele>
    <time>2026-08-13T06:21:32Z</time>
   </trkpt>
   <trkpt lat="22.7443120" lon="120.3375830">
    <ele>20.0</ele>
    <time>2026-08-13T06:21:33Z</time>
   </trkpt>
   <trkpt lat="22.7443190" lon="120.3375740">
    <ele>20.0</ele>
    <time>2026-08-13T06:21:34Z</time>
   </trkpt>
   <trkpt lat="22.7443160" lon="120.3375750">
    <ele>20.0</ele>
    <time>2026-08-13T06:21:35Z</time>
   </trkpt>
   <trkpt lat="22.7443340" lon="120.3375680">
    <ele>20.0</ele>
    <time>2026-08-13T06:21:36Z</time>
   </trkpt>
   <trkpt lat="22.7443430" lon="120.3375610">
    <ele>20.0</ele>
    <time>2026-08-13T06:21:37Z</time>
   </trkpt>
   <trkpt lat="22.7443400" lon="120.3375560">
    <ele>20.0</ele>
    <time>2026-08-13T06:21:38Z</time>
   </trkpt>
   <trkpt lat="22.7443420" lon="120.3375530">
    <ele>20.0</ele>
    <time>2026-08-13T06:21:39Z</time>
   </trkpt>
   <trkpt lat="22.7443380" lon="120.3375560">
    <ele>20.0</ele>
    <time>2026-08-13T06:21:40Z</time>
   </trkpt>
   <trkpt lat="22.7443460" lon="120.3375490">
    <ele>20.0</ele>
    <time>2026-08-13T06:21:41Z</time>
   </trkpt>
   <trkpt lat="22.7443360" lon="120.3375480">
    <ele>20.0</ele>
    <time>2026-08-13T06:21:42Z</time>
   </trkpt>
   <trkpt lat="22.7443460" lon="120.3375390">
    <ele>20.0</ele>
    <time>2026-08-13T06:21:43Z</time>
   </trkpt>
   <trkpt lat="22.7443580" lon="120.3375400">
    <ele>19.9</ele>
    <time>2026-08-13T06:21:44Z</time>
   </trkpt>
   <trkpt lat="22.7443560" lon="120.3375400">
    <ele>19.9</ele>
    <time>2026-08-13T06:21:45Z</time>
   </trkpt>
   <trkpt lat="22.7443490" lon="120.3375320">
    <ele>19.9</ele>
    <time>2026-08-13T06:21:46Z</time>
   </trkpt>
   <trkpt lat="22.7443720" lon="120.3374700">
    <ele>19.9</ele>
    <time>2026-08-13T06:21:55Z</time>
   </trkpt>
   <trkpt lat="22.7443810" lon="120.3374710">
    <ele>19.9</ele>
    <time>2026-08-13T06:21:56Z</time>
   </trkpt>
   <trkpt lat="22.7443710" lon="120.3374400">
    <ele>19.9</ele>
    <time>2026-08-13T06:21:57Z</time>
   </trkpt>
   <trkpt lat="22.7443740" lon="120.3374390">
    <ele>19.9</ele>
    <time>2026-08-13T06:21:58Z</time>
   </trkpt>
   <trkpt lat="22.7443790" lon="120.3374490">
    <ele>19.9</ele>
    <time>2026-08-13T06:21:59Z</time>
   </trkpt>
   <trkpt lat="22.7443770" lon="120.3374530">
    <ele>19.9</ele>
    <time>2026-08-13T06:22:00Z</time>
   </trkpt>
   <trkpt lat="22.7443830" lon="120.3374510">
    <ele>19.9</ele>
    <time>2026-08-13T06:22:02Z</time>
   </trkpt>
   <trkpt lat="22.7443900" lon="120.3374550">
    <ele>19.9</ele>
    <time>2026-08-13T06:22:03Z</time>
   </trkpt>
   <trkpt lat="22.7443770" lon="120.3374610">
    <ele>19.9</ele>
    <time>2026-08-13T06:22:04Z</time>
   </trkpt>
   <trkpt lat="22.7443910" lon="120.3374560">
    <ele>19.9</ele>
    <time>2026-08-13T06:22:05Z</time>
   </trkpt>
   <trkpt lat="22.7444070" lon="120.3374460">
    <ele>19.8</ele>
    <time>2026-08-13T06:22:06Z</time>
   </trkpt>
   <trkpt lat="22.7444150" lon="120.3374400">
    <ele>19.8</ele>
    <time>2026-08-13T06:22:07Z</time>
   </trkpt>
   <trkpt lat="22.7444200" lon="120.3374350">
    <ele>19.8</ele>
    <time>2026-08-13T06:22:08Z</time>
   </trkpt>
   <trkpt lat="22.7444210" lon="120.3374300">
    <ele>19.8</ele>
    <time>2026-08-13T06:22:09Z</time>
   </trkpt>
   <trkpt lat="22.7444210" lon="120.3374240">
    <ele>19.8</ele>
    <time>2026-08-13T06:22:10Z</time>
   </trkpt>
   <trkpt lat="22.7444160" lon="120.3374120">
    <ele>19.8</ele>
    <time>2026-08-13T06:22:11Z</time>
   </trkpt>
   <trkpt lat="22.7444130" lon="120.3374000">
    <ele>19.8</ele>
    <time>2026-08-13T06:22:12Z</time>
   </trkpt>
   <trkpt lat="22.7444090" lon="120.3373890">
    <ele>19.8</ele>
    <time>2026-08-13T06:22:13Z</time>
   </trkpt>
   <trkpt lat="22.7444090" lon="120.3373800">
    <ele>19.8</ele>
    <time>2026-08-13T06:22:14Z</time>
   </trkpt>
   <trkpt lat="22.7443940" lon="120.3373670">
    <ele>19.8</ele>
    <time>2026-08-13T06:22:15Z</time>
   </trkpt>
   <trkpt lat="22.7443770" lon="120.3373530">
    <ele>19.8</ele>
    <time>2026-08-13T06:22:16Z</time>
   </trkpt>
   <trkpt lat="22.7443720" lon="120.3373390">
    <ele>19.8</ele>
    <time>2026-08-13T06:22:17Z</time>
   </trkpt>
   <trkpt lat="22.7443700" lon="120.3373250">
    <ele>19.8</ele>
    <time>2026-08-13T06:22:18Z</time>
   </trkpt>
   <trkpt lat="22.7443620" lon="120.3373070">
    <ele>19.8</ele>
    <time>2026-08-13T06:22:19Z</time>
   </trkpt>
   <trkpt lat="22.7443490" lon="120.3372870">
    <ele>19.8</ele>
    <time>2026-08-13T06:22:20Z</time>
   </trkpt>
   <trkpt lat="22.7443490" lon="120.3372830">
    <ele>19.8</ele>
    <time>2026-08-13T06:22:21Z</time>
   </trkpt>
   <trkpt lat="22.7443560" lon="120.3372790">
    <ele>19.8</ele>
    <time>2026-08-13T06:22:22Z</time>
   </trkpt>
   <trkpt lat="22.7443730" lon="120.3372720">
    <ele>19.8</ele>
    <time>2026-08-13T06:22:23Z</time>
   </trkpt>
   <trkpt lat="22.7443800" lon="120.3372730">
    <ele>19.8</ele>
    <time>2026-08-13T06:22:24Z</time>
   </trkpt>
   <trkpt lat="22.7443910" lon="120.3372800">
    <ele>19.8</ele>
    <time>2026-08-13T06:22:25Z</time>
   </trkpt>
   <trkpt lat="22.7443950" lon="120.3372860">
    <ele>19.8</ele>
    <time>2026-08-13T06:22:26Z</time>
   </trkpt>
   <trkpt lat="22.7444040" lon="120.3372930">
    <ele>19.8</ele>
    <time>2026-08-13T06:22:27Z</time>
   </trkpt>
   <trkpt lat="22.7444150" lon="120.3372910">
    <ele>19.8</ele>
    <time>2026-08-13T06:22:28Z</time>
   </trkpt>
   <trkpt lat="22.7444220" lon="120.3372880">
    <ele>19.8</ele>
    <time>2026-08-13T06:22:29Z</time>
   </trkpt>
   <trkpt lat="22.7444170" lon="120.3372840">
    <ele>19.8</ele>
    <time>2026-08-13T06:22:30Z</time>
   </trkpt>
   <trkpt lat="22.7444140" lon="120.3372880">
    <ele>19.8</ele>
    <time>2026-08-13T06:22:31Z</time>
   </trkpt>
   <trkpt lat="22.7444200" lon="120.3372820">
    <ele>19.8</ele>
    <time>2026-08-13T06:22:32Z</time>
   </trkpt>
   <trkpt lat="22.7444290" lon="120.3372800">
    <ele>19.8</ele>
    <time>2026-08-13T06:22:33Z</time>
   </trkpt>
   <trkpt lat="22.7444300" lon="120.3372830">
    <ele>19.8</ele>
    <time>2026-08-13T06:22:34Z</time>
   </trkpt>
   <trkpt lat="22.7444340" lon="120.3372800">
    <ele>19.8</ele>
    <time>2026-08-13T06:22:35Z</time>
   </trkpt>
   <trkpt lat="22.7444380" lon="120.3372840">
    <ele>19.8</ele>
    <time>2026-08-13T06:22:36Z</time>
   </trkpt>
   <trkpt lat="22.7444390" lon="120.3372800">
    <ele>19.8</ele>
    <time>2026-08-13T06:22:37Z</time>
   </trkpt>
   <trkpt lat="22.7443970" lon="120.3372580">
    <ele>19.8</ele>
    <time>2026-08-13T06:22:42Z</time>
   </trkpt>
   <trkpt lat="22.7444060" lon="120.3372600">
    <ele>19.8</ele>
    <time>2026-08-13T06:22:43Z</time>
   </trkpt>
   <trkpt lat="22.7444110" lon="120.3372580">
    <ele>19.8</ele>
    <time>2026-08-13T06:22:44Z</time>
   </trkpt>
   <trkpt lat="22.7444110" lon="120.3372590">
    <ele>19.8</ele>
    <time>2026-08-13T06:22:45Z</time>
   </trkpt>
   <trkpt lat="22.7444090" lon="120.3372580">
    <ele>19.8</ele>
    <time>2026-08-13T06:22:46Z</time>
   </trkpt>
   <trkpt lat="22.7444080" lon="120.3372550">
    <ele>19.8</ele>
    <time>2026-08-13T06:22:47Z</time>
   </trkpt>
   <trkpt lat="22.7444140" lon="120.3372560">
    <ele>19.8</ele>
    <time>2026-08-13T06:22:48Z</time>
   </trkpt>
   <trkpt lat="22.7444140" lon="120.3372520">
    <ele>19.8</ele>
    <time>2026-08-13T06:22:49Z</time>
   </trkpt>
   <trkpt lat="22.7444020" lon="120.3372470">
    <ele>19.8</ele>
    <time>2026-08-13T06:22:50Z</time>
   </trkpt>
   <trkpt lat="22.7443930" lon="120.3372400">
    <ele>19.8</ele>
    <time>2026-08-13T06:22:51Z</time>
   </trkpt>
   <trkpt lat="22.7443850" lon="120.3372360">
    <ele>19.8</ele>
    <time>2026-08-13T06:22:52Z</time>
   </trkpt>
   <trkpt lat="22.7443780" lon="120.3372310">
    <ele>19.8</ele>
    <time>2026-08-13T06:22:53Z</time>
   </trkpt>
   <trkpt lat="22.7443810" lon="120.3372310">
    <ele>19.8</ele>
    <time>2026-08-13T06:22:54Z</time>
   </trkpt>
   <trkpt lat="22.7443810" lon="120.3372230">
    <ele>19.8</ele>
    <time>2026-08-13T06:22:55Z</time>
   </trkpt>
   <trkpt lat="22.7443770" lon="120.3372210">
    <ele>19.8</ele>
    <time>2026-08-13T06:22:56Z</time>
   </trkpt>
   <trkpt lat="22.7443690" lon="120.3372180">
    <ele>19.8</ele>
    <time>2026-08-13T06:22:57Z</time>
   </trkpt>
   <trkpt lat="22.7443650" lon="120.3372060">
    <ele>19.8</ele>
    <time>2026-08-13T06:22:58Z</time>
   </trkpt>
   <trkpt lat="22.7443630" lon="120.3372050">
    <ele>19.8</ele>
    <time>2026-08-13T06:22:59Z</time>
   </trkpt>
   <trkpt lat="22.7443650" lon="120.3372060">
    <ele>19.8</ele>
    <time>2026-08-13T06:23:00Z</time>
   </trkpt>
   <trkpt lat="22.7443680" lon="120.3372080">
    <ele>19.8</ele>
    <time>2026-08-13T06:23:01Z</time>
   </trkpt>
   <trkpt lat="22.7443730" lon="120.3372060">
    <ele>19.8</ele>
    <time>2026-08-13T06:23:02Z</time>
   </trkpt>
   <trkpt lat="22.7443760" lon="120.3371970">
    <ele>19.8</ele>
    <time>2026-08-13T06:23:03Z</time>
   </trkpt>
   <trkpt lat="22.7443770" lon="120.3371980">
    <ele>19.8</ele>
    <time>2026-08-13T06:23:04Z</time>
   </trkpt>
   <trkpt lat="22.7443730" lon="120.3372020">
    <ele>19.8</ele>
    <time>2026-08-13T06:23:05Z</time>
   </trkpt>
   <trkpt lat="22.7443760" lon="120.3372060">
    <ele>19.8</ele>
    <time>2026-08-13T06:23:06Z</time>
   </trkpt>
   <trkpt lat="22.7443830" lon="120.3372150">
    <ele>19.8</ele>
    <time>2026-08-13T06:23:07Z</time>
   </trkpt>
   <trkpt lat="22.7443070" lon="120.3371790">
    <ele>19.8</ele>
    <time>2026-08-13T06:23:22Z</time>
   </trkpt>
   <trkpt lat="22.7443060" lon="120.3371710">
    <ele>19.8</ele>
    <time>2026-08-13T06:23:23Z</time>
   </trkpt>
   <trkpt lat="22.7443060" lon="120.3371670">
    <ele>19.8</ele>
    <time>2026-08-13T06:23:24Z</time>
   </trkpt>
   <trkpt lat="22.7443040" lon="120.3371670">
    <ele>19.8</ele>
    <time>2026-08-13T06:23:25Z</time>
   </trkpt>
   <trkpt lat="22.7443050" lon="120.3371650">
    <ele>19.8</ele>
    <time>2026-08-13T06:23:26Z</time>
   </trkpt>
   <trkpt lat="22.7443110" lon="120.3371690">
    <ele>19.8</ele>
    <time>2026-08-13T06:23:27Z</time>
   </trkpt>
   <trkpt lat="22.7443000" lon="120.3371660">
    <ele>19.8</ele>
    <time>2026-08-13T06:23:28Z</time>
   </trkpt>
   <trkpt lat="22.7442970" lon="120.3371610">
    <ele>19.8</ele>
    <time>2026-08-13T06:23:29Z</time>
   </trkpt>
   <trkpt lat="22.7442900" lon="120.3371520">
    <ele>19.8</ele>
    <time>2026-08-13T06:23:30Z</time>
   </trkpt>
   <trkpt lat="22.7442860" lon="120.3371510">
    <ele>19.8</ele>
    <time>2026-08-13T06:23:31Z</time>
   </trkpt>
   <trkpt lat="22.7442430" lon="120.3371130">
    <ele>19.8</ele>
    <time>2026-08-13T06:23:37Z</time>
   </trkpt>
   <trkpt lat="22.7442310" lon="120.3371160">
    <ele>19.8</ele>
    <time>2026-08-13T06:23:38Z</time>
   </trkpt>
   <trkpt lat="22.7442360" lon="120.3371240">
    <ele>19.8</ele>
    <time>2026-08-13T06:23:39Z</time>
   </trkpt>
   <trkpt lat="22.7442400" lon="120.3371240">
    <ele>19.8</ele>
    <time>2026-08-13T06:23:40Z</time>
   </trkpt>
   <trkpt lat="22.7442400" lon="120.3371170">
    <ele>19.8</ele>
    <time>2026-08-13T06:23:41Z</time>
   </trkpt>
   <trkpt lat="22.7442460" lon="120.3371100">
    <ele>19.8</ele>
    <time>2026-08-13T06:23:42Z</time>
   </trkpt>
   <trkpt lat="22.7442370" lon="120.3371110">
    <ele>19.8</ele>
    <time>2026-08-13T06:23:43Z</time>
   </trkpt>
   <trkpt lat="22.7442310" lon="120.3371100">
    <ele>19.8</ele>
    <time>2026-08-13T06:23:44Z</time>
   </trkpt>
   <trkpt lat="22.7442260" lon="120.3371080">
    <ele>19.8</ele>
    <time>2026-08-13T06:23:45Z</time>
   </trkpt>
   <trkpt lat="22.7442340" lon="120.3371040">
    <ele>19.8</ele>
    <time>2026-08-13T06:23:46Z</time>
   </trkpt>
   <trkpt lat="22.7442330" lon="120.3370960">
    <ele>19.8</ele>
    <time>2026-08-13T06:23:47Z</time>
   </trkpt>
   <trkpt lat="22.7442360" lon="120.3371000">
    <ele>19.8</ele>
    <time>2026-08-13T06:23:48Z</time>
   </trkpt>
   <trkpt lat="22.7442360" lon="120.3371000">
    <ele>19.8</ele>
    <time>2026-08-13T06:23:49Z</time>
   </trkpt>
   <trkpt lat="22.7442370" lon="120.3370990">
    <ele>19.8</ele>
    <time>2026-08-13T06:23:50Z</time>
   </trkpt>
   <trkpt lat="22.7442310" lon="120.3371050">
    <ele>19.8</ele>
    <time>2026-08-13T06:23:51Z</time>
   </trkpt>
   <trkpt lat="22.7442260" lon="120.3371090">
    <ele>19.8</ele>
    <time>2026-08-13T06:23:52Z</time>
   </trkpt>
   <trkpt lat="22.7442220" lon="120.3371130">
    <ele>19.8</ele>
    <time>2026-08-13T06:23:53Z</time>
   </trkpt>
   <trkpt lat="22.7442260" lon="120.3371170">
    <ele>19.8</ele>
    <time>2026-08-13T06:23:54Z</time>
   </trkpt>
   <trkpt lat="22.7442350" lon="120.3370960">
    <ele>19.8</ele>
    <time>2026-08-13T06:23:59Z</time>
   </trkpt>
   <trkpt lat="22.7442370" lon="120.3370970">
    <ele>19.8</ele>
    <time>2026-08-13T06:24:00Z</time>
   </trkpt>
   <trkpt lat="22.7442410" lon="120.3370900">
    <ele>19.8</ele>
    <time>2026-08-13T06:24:01Z</time>
   </trkpt>
   <trkpt lat="22.7442430" lon="120.3370880">
    <ele>19.8</ele>
    <time>2026-08-13T06:24:02Z</time>
   </trkpt>
   <trkpt lat="22.7442420" lon="120.3370870">
    <ele>19.8</ele>
    <time>2026-08-13T06:24:03Z</time>
   </trkpt>
   <trkpt lat="22.7442430" lon="120.3370810">
    <ele>19.8</ele>
    <time>2026-08-13T06:24:05Z</time>
   </trkpt>
   <trkpt lat="22.7442400" lon="120.3370870">
    <ele>19.8</ele>
    <time>2026-08-13T06:24:06Z</time>
   </trkpt>
   <trkpt lat="22.7442360" lon="120.3370920">
    <ele>19.8</ele>
    <time>2026-08-13T06:24:07Z</time>
   </trkpt>
   <trkpt lat="22.7442360" lon="120.3370930">
    <ele>19.8</ele>
    <time>2026-08-13T06:24:08Z</time>
   </trkpt>
   <trkpt lat="22.7442390" lon="120.3370830">
    <ele>19.8</ele>
    <time>2026-08-13T06:24:09Z</time>
   </trkpt>
   <trkpt lat="22.7442280" lon="120.3370870">
    <ele>19.8</ele>
    <time>2026-08-13T06:24:10Z</time>
   </trkpt>
   <trkpt lat="22.7442210" lon="120.3370840">
    <ele>19.8</ele>
    <time>2026-08-13T06:24:11Z</time>
   </trkpt>
   <trkpt lat="22.7442200" lon="120.3370740">
    <ele>19.8</ele>
    <time>2026-08-13T06:24:12Z</time>
   </trkpt>
   <trkpt lat="22.7442170" lon="120.3370620">
    <ele>19.8</ele>
    <time>2026-08-13T06:24:13Z</time>
   </trkpt>
   <trkpt lat="22.7442100" lon="120.3370540">
    <ele>19.8</ele>
    <time>2026-08-13T06:24:14Z</time>
   </trkpt>
   <trkpt lat="22.7442070" lon="120.3370560">
    <ele>19.8</ele>
    <time>2026-08-13T06:24:15Z</time>
   </trkpt>
   <trkpt lat="22.7442030" lon="120.3370550">
    <ele>19.8</ele>
    <time>2026-08-13T06:24:16Z</time>
   </trkpt>
   <trkpt lat="22.7442030" lon="120.3370520">
    <ele>19.8</ele>
    <time>2026-08-13T06:24:17Z</time>
   </trkpt>
   <trkpt lat="22.7442130" lon="120.3370460">
    <ele>19.8</ele>
    <time>2026-08-13T06:24:18Z</time>
   </trkpt>
   <trkpt lat="22.7442130" lon="120.3370450">
    <ele>19.8</ele>
    <time>2026-08-13T06:24:19Z</time>
   </trkpt>
   <trkpt lat="22.7441990" lon="120.3370520">
    <ele>19.8</ele>
    <time>2026-08-13T06:24:20Z</time>
   </trkpt>
   <trkpt lat="22.7441940" lon="120.3370770">
    <ele>19.8</ele>
    <time>2026-08-13T06:24:21Z</time>
   </trkpt>
   <trkpt lat="22.7441880" lon="120.3370810">
    <ele>19.8</ele>
    <time>2026-08-13T06:24:22Z</time>
   </trkpt>
   <trkpt lat="22.7441870" lon="120.3370720">
    <ele>19.8</ele>
    <time>2026-08-13T06:24:23Z</time>
   </trkpt>
   <trkpt lat="22.7441920" lon="120.3370550">
    <ele>19.8</ele>
    <time>2026-08-13T06:24:24Z</time>
   </trkpt>
   <trkpt lat="22.7441760" lon="120.3370390">
    <ele>19.8</ele>
    <time>2026-08-13T06:24:25Z</time>
   </trkpt>
   <trkpt lat="22.7441800" lon="120.3370370">
    <ele>19.8</ele>
    <time>2026-08-13T06:24:26Z</time>
   </trkpt>
   <trkpt lat="22.7441750" lon="120.3370320">
    <ele>19.8</ele>
    <time>2026-08-13T06:24:27Z</time>
   </trkpt>
   <trkpt lat="22.7441770" lon="120.3370340">
    <ele>19.8</ele>
    <time>2026-08-13T06:24:28Z</time>
   </trkpt>
   <trkpt lat="22.7441640" lon="120.3370460">
    <ele>19.8</ele>
    <time>2026-08-13T06:24:29Z</time>
   </trkpt>
   <trkpt lat="22.7441530" lon="120.3370550">
    <ele>19.8</ele>
    <time>2026-08-13T06:24:30Z</time>
   </trkpt>
   <trkpt lat="22.7441360" lon="120.3370570">
    <ele>19.8</ele>
    <time>2026-08-13T06:24:31Z</time>
   </trkpt>
   <trkpt lat="22.7441290" lon="120.3370520">
    <ele>19.8</ele>
    <time>2026-08-13T06:24:32Z</time>
   </trkpt>
   <trkpt lat="22.7441240" lon="120.3370410">
    <ele>19.8</ele>
    <time>2026-08-13T06:24:33Z</time>
   </trkpt>
   <trkpt lat="22.7441180" lon="120.3370340">
    <ele>19.8</ele>
    <time>2026-08-13T06:24:34Z</time>
   </trkpt>
   <trkpt lat="22.7441150" lon="120.3370300">
    <ele>19.8</ele>
    <time>2026-08-13T06:24:35Z</time>
   </trkpt>
   <trkpt lat="22.7441030" lon="120.3370290">
    <ele>19.8</ele>
    <time>2026-08-13T06:24:36Z</time>
   </trkpt>
   <trkpt lat="22.7440950" lon="120.3370260">
    <ele>19.8</ele>
    <time>2026-08-13T06:24:37Z</time>
   </trkpt>
   <trkpt lat="22.7440960" lon="120.3370310">
    <ele>19.8</ele>
    <time>2026-08-13T06:24:38Z</time>
   </trkpt>
   <trkpt lat="22.7440900" lon="120.3370380">
    <ele>19.8</ele>
    <time>2026-08-13T06:24:39Z</time>
   </trkpt>
   <trkpt lat="22.7440900" lon="120.3370350">
    <ele>19.8</ele>
    <time>2026-08-13T06:24:40Z</time>
   </trkpt>
   <trkpt lat="22.7440950" lon="120.3370330">
    <ele>19.8</ele>
    <time>2026-08-13T06:24:41Z</time>
   </trkpt>
   <trkpt lat="22.7440850" lon="120.3370440">
    <ele>19.8</ele>
    <time>2026-08-13T06:24:42Z</time>
   </trkpt>
   <trkpt lat="22.7440560" lon="120.3370610">
    <ele>19.8</ele>
    <time>2026-08-13T06:24:43Z</time>
   </trkpt>
   <trkpt lat="22.7440490" lon="120.3370430">
    <ele>19.8</ele>
    <time>2026-08-13T06:24:44Z</time>
   </trkpt>
   <trkpt lat="22.7440540" lon="120.3370370">
    <ele>19.8</ele>
    <time>2026-08-13T06:24:45Z</time>
   </trkpt>
   <trkpt lat="22.7440720" lon="120.3370320">
    <ele>19.8</ele>
    <time>2026-08-13T06:24:46Z</time>
   </trkpt>
   <trkpt lat="22.7440880" lon="120.3370210">
    <ele>19.8</ele>
    <time>2026-08-13T06:24:47Z</time>
   </trkpt>
   <trkpt lat="22.7440880" lon="120.3370120">
    <ele>19.8</ele>
    <time>2026-08-13T06:24:48Z</time>
   </trkpt>
   <trkpt lat="22.7440980" lon="120.3370010">
    <ele>19.8</ele>
    <time>2026-08-13T06:24:49Z</time>
   </trkpt>
   <trkpt lat="22.7441080" lon="120.3370010">
    <ele>19.8</ele>
    <time>2026-08-13T06:24:50Z</time>
   </trkpt>
   <trkpt lat="22.7441210" lon="120.3369990">
    <ele>19.8</ele>
    <time>2026-08-13T06:24:51Z</time>
   </trkpt>
   <trkpt lat="22.7441160" lon="120.3370020">
    <ele>19.8</ele>
    <time>2026-08-13T06:24:52Z</time>
   </trkpt>
   <trkpt lat="22.7441170" lon="120.3370030">
    <ele>19.8</ele>
    <time>2026-08-13T06:24:53Z</time>
   </trkpt>
   <trkpt lat="22.7441140" lon="120.3370110">
    <ele>19.8</ele>
    <time>2026-08-13T06:24:54Z</time>
   </trkpt>
   <trkpt lat="22.7441160" lon="120.3370100">
    <ele>19.8</ele>
    <time>2026-08-13T06:24:55Z</time>
   </trkpt>
   <trkpt lat="22.7441160" lon="120.3370080">
    <ele>19.8</ele>
    <time>2026-08-13T06:24:56Z</time>
   </trkpt>
   <trkpt lat="22.7441170" lon="120.3370080">
    <ele>19.8</ele>
    <time>2026-08-13T06:24:57Z</time>
   </trkpt>
   <trkpt lat="22.7441210" lon="120.3370040">
    <ele>19.8</ele>
    <time>2026-08-13T06:24:58Z</time>
   </trkpt>
   <trkpt lat="22.7441210" lon="120.3370050">
    <ele>19.8</ele>
    <time>2026-08-13T06:24:59Z</time>
   </trkpt>
   <trkpt lat="22.7441210" lon="120.3370050">
    <ele>19.8</ele>
    <time>2026-08-13T06:25:00Z</time>
   </trkpt>
   <trkpt lat="22.7441210" lon="120.3370050">
    <ele>19.8</ele>
    <time>2026-08-13T06:25:01Z</time>
   </trkpt>
   <trkpt lat="22.7441210" lon="120.3370050">
    <ele>19.8</ele>
    <time>2026-08-13T06:25:02Z</time>
   </trkpt>
   <trkpt lat="22.7441210" lon="120.3370050">
    <ele>19.8</ele>
    <time>2026-08-13T06:25:03Z</time>
   </trkpt>
   <trkpt lat="22.7441250" lon="120.3370010">
    <ele>19.8</ele>
    <time>2026-08-13T06:25:04Z</time>
   </trkpt>
   <trkpt lat="22.7441250" lon="120.3370010">
    <ele>19.8</ele>
    <time>2026-08-13T06:25:05Z</time>
   </trkpt>
   <trkpt lat="22.7440750" lon="120.3370520">
    <ele>19.8</ele>
    <time>2026-08-13T06:25:28Z</time>
   </trkpt>
   <trkpt lat="22.7440780" lon="120.3370340">
    <ele>19.8</ele>
    <time>2026-08-13T06:25:29Z</time>
   </trkpt>
   <trkpt lat="22.7440780" lon="120.3370220">
    <ele>19.8</ele>
    <time>2026-08-13T06:25:30Z</time>
   </trkpt>
   <trkpt lat="22.7440730" lon="120.3370010">
    <ele>19.7</ele>
    <time>2026-08-13T06:25:31Z</time>
   </trkpt>
   <trkpt lat="22.7440610" lon="120.3369980">
    <ele>19.7</ele>
    <time>2026-08-13T06:25:32Z</time>
   </trkpt>
   <trkpt lat="22.7440540" lon="120.3369920">
    <ele>19.7</ele>
    <time>2026-08-13T06:25:33Z</time>
   </trkpt>
   <trkpt lat="22.7440510" lon="120.3369910">
    <ele>19.7</ele>
    <time>2026-08-13T06:25:34Z</time>
   </trkpt>
   <trkpt lat="22.7440570" lon="120.3370020">
    <ele>19.7</ele>
    <time>2026-08-13T06:25:35Z</time>
   </trkpt>
   <trkpt lat="22.7440550" lon="120.3370100">
    <ele>19.7</ele>
    <time>2026-08-13T06:25:36Z</time>
   </trkpt>
   <trkpt lat="22.7440460" lon="120.3370080">
    <ele>19.7</ele>
    <time>2026-08-13T06:25:37Z</time>
   </trkpt>
   <trkpt lat="22.7440280" lon="120.3370000">
    <ele>19.7</ele>
    <time>2026-08-13T06:25:38Z</time>
   </trkpt>
   <trkpt lat="22.7440010" lon="120.3369940">
    <ele>19.7</ele>
    <time>2026-08-13T06:25:39Z</time>
   </trkpt>
   <trkpt lat="22.7439860" lon="120.3369910">
    <ele>19.7</ele>
    <time>2026-08-13T06:25:40Z</time>
   </trkpt>
   <trkpt lat="22.7439920" lon="120.3369750">
    <ele>19.7</ele>
    <time>2026-08-13T06:25:41Z</time>
   </trkpt>
   <trkpt lat="22.7439870" lon="120.3369740">
    <ele>19.7</ele>
    <time>2026-08-13T06:25:42Z</time>
   </trkpt>
   <trkpt lat="22.7439870" lon="120.3369720">
    <ele>19.7</ele>
    <time>2026-08-13T06:25:43Z</time>
   </trkpt>
   <trkpt lat="22.7439960" lon="120.3369670">
    <ele>19.7</ele>
    <time>2026-08-13T06:25:44Z</time>
   </trkpt>
   <trkpt lat="22.7440010" lon="120.3369620">
    <ele>19.7</ele>
    <time>2026-08-13T06:25:45Z</time>
   </trkpt>
   <trkpt lat="22.7439860" lon="120.3369580">
    <ele>19.7</ele>
    <time>2026-08-13T06:25:46Z</time>
   </trkpt>
   <trkpt lat="22.7439840" lon="120.3369610">
    <ele>19.7</ele>
    <time>2026-08-13T06:25:47Z</time>
   </trkpt>
   <trkpt lat="22.7439870" lon="120.3369480">
    <ele>19.7</ele>
    <time>2026-08-13T06:25:48Z</time>
   </trkpt>
   <trkpt lat="22.7439810" lon="120.3369470">
    <ele>19.7</ele>
    <time>2026-08-13T06:25:49Z</time>
   </trkpt>
   <trkpt lat="22.7439680" lon="120.3369390">
    <ele>19.7</ele>
    <time>2026-08-13T06:25:50Z</time>
   </trkpt>
   <trkpt lat="22.7439700" lon="120.3369370">
    <ele>19.7</ele>
    <time>2026-08-13T06:25:51Z</time>
   </trkpt>
   <trkpt lat="22.7439690" lon="120.3369370">
    <ele>19.7</ele>
    <time>2026-08-13T06:25:52Z</time>
   </trkpt>
   <trkpt lat="22.7439680" lon="120.3369390">
    <ele>19.7</ele>
    <time>2026-08-13T06:25:53Z</time>
   </trkpt>
   <trkpt lat="22.7439690" lon="120.3369360">
    <ele>19.7</ele>
    <time>2026-08-13T06:25:54Z</time>
   </trkpt>
   <trkpt lat="22.7439670" lon="120.3369260">
    <ele>19.7</ele>
    <time>2026-08-13T06:25:55Z</time>
   </trkpt>
   <trkpt lat="22.7439690" lon="120.3369220">
    <ele>19.7</ele>
    <time>2026-08-13T06:25:56Z</time>
   </trkpt>
   <trkpt lat="22.7439740" lon="120.3369110">
    <ele>19.7</ele>
    <time>2026-08-13T06:25:57Z</time>
   </trkpt>
   <trkpt lat="22.7439690" lon="120.3369100">
    <ele>19.7</ele>
    <time>2026-08-13T06:25:58Z</time>
   </trkpt>
   <trkpt lat="22.7439580" lon="120.3369160">
    <ele>19.7</ele>
    <time>2026-08-13T06:25:59Z</time>
   </trkpt>
   <trkpt lat="22.7439470" lon="120.3369110">
    <ele>19.7</ele>
    <time>2026-08-13T06:26:00Z</time>
   </trkpt>
   <trkpt lat="22.7439350" lon="120.3369110">
    <ele>19.7</ele>
    <time>2026-08-13T06:26:01Z</time>
   </trkpt>
   <trkpt lat="22.7439280" lon="120.3369100">
    <ele>19.7</ele>
    <time>2026-08-13T06:26:02Z</time>
   </trkpt>
   <trkpt lat="22.7439170" lon="120.3369100">
    <ele>19.7</ele>
    <time>2026-08-13T06:26:03Z</time>
   </trkpt>
   <trkpt lat="22.7439090" lon="120.3369090">
    <ele>19.7</ele>
    <time>2026-08-13T06:26:04Z</time>
   </trkpt>
   <trkpt lat="22.7439070" lon="120.3369070">
    <ele>19.7</ele>
    <time>2026-08-13T06:26:05Z</time>
   </trkpt>
   <trkpt lat="22.7439200" lon="120.3369090">
    <ele>19.7</ele>
    <time>2026-08-13T06:26:06Z</time>
   </trkpt>
   <trkpt lat="22.7439260" lon="120.3369070">
    <ele>19.7</ele>
    <time>2026-08-13T06:26:07Z</time>
   </trkpt>
   <trkpt lat="22.7439340" lon="120.3369120">
    <ele>19.7</ele>
    <time>2026-08-13T06:26:08Z</time>
   </trkpt>
   <trkpt lat="22.7439410" lon="120.3369020">
    <ele>19.7</ele>
    <time>2026-08-13T06:26:09Z</time>
   </trkpt>
   <trkpt lat="22.7439430" lon="120.3368780">
    <ele>19.7</ele>
    <time>2026-08-13T06:26:10Z</time>
   </trkpt>
   <trkpt lat="22.7439480" lon="120.3368710">
    <ele>19.7</ele>
    <time>2026-08-13T06:26:11Z</time>
   </trkpt>
   <trkpt lat="22.7439460" lon="120.3368680">
    <ele>19.7</ele>
    <time>2026-08-13T06:26:12Z</time>
   </trkpt>
   <trkpt lat="22.7439500" lon="120.3368650">
    <ele>19.7</ele>
    <time>2026-08-13T06:26:13Z</time>
   </trkpt>
   <trkpt lat="22.7439490" lon="120.3368660">
    <ele>19.7</ele>
    <time>2026-08-13T06:26:14Z</time>
   </trkpt>
   <trkpt lat="22.7439490" lon="120.3368660">
    <ele>19.7</ele>
    <time>2026-08-13T06:26:15Z</time>
   </trkpt>
   <trkpt lat="22.7439490" lon="120.3368660">
    <ele>19.7</ele>
    <time>2026-08-13T06:26:16Z</time>
   </trkpt>
   <trkpt lat="22.7439630" lon="120.3368550">
    <ele>19.7</ele>
    <time>2026-08-13T06:26:17Z</time>
   </trkpt>
   <trkpt lat="22.7439640" lon="120.3368510">
    <ele>19.7</ele>
    <time>2026-08-13T06:26:18Z</time>
   </trkpt>
   <trkpt lat="22.7439660" lon="120.3368580">
    <ele>19.7</ele>
    <time>2026-08-13T06:26:19Z</time>
   </trkpt>
   <trkpt lat="22.7439650" lon="120.3368450">
    <ele>19.7</ele>
    <time>2026-08-13T06:26:20Z</time>
   </trkpt>
   <trkpt lat="22.7439480" lon="120.3368510">
    <ele>19.7</ele>
    <time>2026-08-13T06:26:21Z</time>
   </trkpt>
   <trkpt lat="22.7439240" lon="120.3368480">
    <ele>19.6</ele>
    <time>2026-08-13T06:26:22Z</time>
   </trkpt>
   <trkpt lat="22.7438940" lon="120.3368480">
    <ele>19.6</ele>
    <time>2026-08-13T06:26:23Z</time>
   </trkpt>
   <trkpt lat="22.7438930" lon="120.3368390">
    <ele>19.6</ele>
    <time>2026-08-13T06:26:24Z</time>
   </trkpt>
   <trkpt lat="22.7438880" lon="120.3368290">
    <ele>19.6</ele>
    <time>2026-08-13T06:26:25Z</time>
   </trkpt>
   <trkpt lat="22.7438920" lon="120.3368330">
    <ele>19.6</ele>
    <time>2026-08-13T06:26:26Z</time>
   </trkpt>
   <trkpt lat="22.7438990" lon="120.3368360">
    <ele>19.6</ele>
    <time>2026-08-13T06:26:27Z</time>
   </trkpt>
   <trkpt lat="22.7439040" lon="120.3368390">
    <ele>19.6</ele>
    <time>2026-08-13T06:26:28Z</time>
   </trkpt>
   <trkpt lat="22.7438970" lon="120.3368380">
    <ele>19.6</ele>
    <time>2026-08-13T06:26:29Z</time>
   </trkpt>
   <trkpt lat="22.7438940" lon="120.3368430">
    <ele>19.6</ele>
    <time>2026-08-13T06:26:30Z</time>
   </trkpt>
   <trkpt lat="22.7438780" lon="120.3368680">
    <ele>19.6</ele>
    <time>2026-08-13T06:26:31Z</time>
   </trkpt>
   <trkpt lat="22.7438650" lon="120.3368760">
    <ele>19.6</ele>
    <time>2026-08-13T06:26:32Z</time>
   </trkpt>
   <trkpt lat="22.7438620" lon="120.3368750">
    <ele>19.6</ele>
    <time>2026-08-13T06:26:33Z</time>
   </trkpt>
   <trkpt lat="22.7438540" lon="120.3368780">
    <ele>19.6</ele>
    <time>2026-08-13T06:26:34Z</time>
   </trkpt>
   <trkpt lat="22.7438350" lon="120.3368820">
    <ele>19.6</ele>
    <time>2026-08-13T06:26:35Z</time>
   </trkpt>
   <trkpt lat="22.7438300" lon="120.3368670">
    <ele>19.6</ele>
    <time>2026-08-13T06:26:36Z</time>
   </trkpt>
   <trkpt lat="22.7438310" lon="120.3368530">
    <ele>19.6</ele>
    <time>2026-08-13T06:26:37Z</time>
   </trkpt>
   <trkpt lat="22.7438290" lon="120.3368380">
    <ele>19.6</ele>
    <time>2026-08-13T06:26:38Z</time>
   </trkpt>
   <trkpt lat="22.7438260" lon="120.3368290">
    <ele>19.6</ele>
    <time>2026-08-13T06:26:39Z</time>
   </trkpt>
   <trkpt lat="22.7438340" lon="120.3368120">
    <ele>19.6</ele>
    <time>2026-08-13T06:26:40Z</time>
   </trkpt>
   <trkpt lat="22.7438440" lon="120.3367880">
    <ele>19.6</ele>
    <time>2026-08-13T06:26:41Z</time>
   </trkpt>
   <trkpt lat="22.7438490" lon="120.3367670">
    <ele>19.5</ele>
    <time>2026-08-13T06:26:42Z</time>
   </trkpt>
   <trkpt lat="22.7438490" lon="120.3367450">
    <ele>19.5</ele>
    <time>2026-08-13T06:26:43Z</time>
   </trkpt>
   <trkpt lat="22.7438440" lon="120.3367340">
    <ele>19.5</ele>
    <time>2026-08-13T06:26:44Z</time>
   </trkpt>
   <trkpt lat="22.7438450" lon="120.3367260">
    <ele>19.5</ele>
    <time>2026-08-13T06:26:45Z</time>
   </trkpt>
   <trkpt lat="22.7438420" lon="120.3367130">
    <ele>19.5</ele>
    <time>2026-08-13T06:26:46Z</time>
   </trkpt>
   <trkpt lat="22.7438360" lon="120.3367040">
    <ele>19.5</ele>
    <time>2026-08-13T06:26:47Z</time>
   </trkpt>
   <trkpt lat="22.7438320" lon="120.3366990">
    <ele>19.5</ele>
    <time>2026-08-13T06:26:48Z</time>
   </trkpt>
   <trkpt lat="22.7438230" lon="120.3367000">
    <ele>19.5</ele>
    <time>2026-08-13T06:26:49Z</time>
   </trkpt>
   <trkpt lat="22.7438130" lon="120.3367000">
    <ele>19.5</ele>
    <time>2026-08-13T06:26:50Z</time>
   </trkpt>
   <trkpt lat="22.7438160" lon="120.3367020">
    <ele>19.5</ele>
    <time>2026-08-13T06:26:51Z</time>
   </trkpt>
   <trkpt lat="22.7438150" lon="120.3367050">
    <ele>19.5</ele>
    <time>2026-08-13T06:26:52Z</time>
   </trkpt>
   <trkpt lat="22.7438120" lon="120.3367120">
    <ele>19.5</ele>
    <time>2026-08-13T06:26:53Z</time>
   </trkpt>
   <trkpt lat="22.7438080" lon="120.3367170">
    <ele>19.5</ele>
    <time>2026-08-13T06:26:54Z</time>
   </trkpt>
   <trkpt lat="22.7437990" lon="120.3367240">
    <ele>19.5</ele>
    <time>2026-08-13T06:26:55Z</time>
   </trkpt>
   <trkpt lat="22.7437950" lon="120.3367360">
    <ele>19.6</ele>
    <time>2026-08-13T06:26:56Z</time>
   </trkpt>
   <trkpt lat="22.7437970" lon="120.3367480">
    <ele>19.7</ele>
    <time>2026-08-13T06:26:57Z</time>
   </trkpt>
   <trkpt lat="22.7437990" lon="120.3367590">
    <ele>19.8</ele>
    <time>2026-08-13T06:26:58Z</time>
   </trkpt>
   <trkpt lat="22.7437940" lon="120.3367700">
    <ele>19.8</ele>
    <time>2026-08-13T06:26:59Z</time>
   </trkpt>
   <trkpt lat="22.7437910" lon="120.3367750">
    <ele>19.9</ele>
    <time>2026-08-13T06:27:00Z</time>
   </trkpt>
   <trkpt lat="22.7437820" lon="120.3367870">
    <ele>20.0</ele>
    <time>2026-08-13T06:27:01Z</time>
   </trkpt>
   <trkpt lat="22.7437700" lon="120.3368030">
    <ele>20.1</ele>
    <time>2026-08-13T06:27:02Z</time>
   </trkpt>
   <trkpt lat="22.7437640" lon="120.3368160">
    <ele>20.1</ele>
    <time>2026-08-13T06:27:03Z</time>
   </trkpt>
   <trkpt lat="22.7437610" lon="120.3368260">
    <ele>20.2</ele>
    <time>2026-08-13T06:27:04Z</time>
   </trkpt>
   <trkpt lat="22.7437620" lon="120.3368360">
    <ele>20.3</ele>
    <time>2026-08-13T06:27:05Z</time>
   </trkpt>
   <trkpt lat="22.7437500" lon="120.3368460">
    <ele>20.3</ele>
    <time>2026-08-13T06:27:06Z</time>
   </trkpt>
   <trkpt lat="22.7437450" lon="120.3368580">
    <ele>20.4</ele>
    <time>2026-08-13T06:27:07Z</time>
   </trkpt>
   <trkpt lat="22.7437360" lon="120.3368760">
    <ele>20.5</ele>
    <time>2026-08-13T06:27:08Z</time>
   </trkpt>
   <trkpt lat="22.7437310" lon="120.3368830">
    <ele>20.6</ele>
    <time>2026-08-13T06:27:09Z</time>
   </trkpt>
   <trkpt lat="22.7437270" lon="120.3368850">
    <ele>20.6</ele>
    <time>2026-08-13T06:27:10Z</time>
   </trkpt>
   <trkpt lat="22.7437260" lon="120.3369010">
    <ele>20.7</ele>
    <time>2026-08-13T06:27:11Z</time>
   </trkpt>
   <trkpt lat="22.7437250" lon="120.3369170">
    <ele>20.8</ele>
    <time>2026-08-13T06:27:12Z</time>
   </trkpt>
   <trkpt lat="22.7437220" lon="120.3369280">
    <ele>20.8</ele>
    <time>2026-08-13T06:27:13Z</time>
   </trkpt>
   <trkpt lat="22.7437190" lon="120.3369430">
    <ele>20.9</ele>
    <time>2026-08-13T06:27:14Z</time>
   </trkpt>
   <trkpt lat="22.7437180" lon="120.3369460">
    <ele>21.0</ele>
    <time>2026-08-13T06:27:15Z</time>
   </trkpt>
   <trkpt lat="22.7437150" lon="120.3369480">
    <ele>21.0</ele>
    <time>2026-08-13T06:27:16Z</time>
   </trkpt>
   <trkpt lat="22.7437100" lon="120.3369470">
    <ele>21.0</ele>
    <time>2026-08-13T06:27:17Z</time>
   </trkpt>
   <trkpt lat="22.7437090" lon="120.3369580">
    <ele>21.1</ele>
    <time>2026-08-13T06:27:18Z</time>
   </trkpt>
   <trkpt lat="22.7437020" lon="120.3369700">
    <ele>21.1</ele>
    <time>2026-08-13T06:27:19Z</time>
   </trkpt>
   <trkpt lat="22.7436960" lon="120.3369830">
    <ele>21.2</ele>
    <time>2026-08-13T06:27:20Z</time>
   </trkpt>
   <trkpt lat="22.7436870" lon="120.3369950">
    <ele>21.3</ele>
    <time>2026-08-13T06:27:21Z</time>
   </trkpt>
   <trkpt lat="22.7436820" lon="120.3369950">
    <ele>21.3</ele>
    <time>2026-08-13T06:27:22Z</time>
   </trkpt>
   <trkpt lat="22.7436770" lon="120.3369980">
    <ele>21.4</ele>
    <time>2026-08-13T06:27:23Z</time>
   </trkpt>
   <trkpt lat="22.7436640" lon="120.3370100">
    <ele>21.5</ele>
    <time>2026-08-13T06:27:24Z</time>
   </trkpt>
   <trkpt lat="22.7436590" lon="120.3370220">
    <ele>21.5</ele>
    <time>2026-08-13T06:27:25Z</time>
   </trkpt>
   <trkpt lat="22.7436610" lon="120.3370180">
    <ele>21.6</ele>
    <time>2026-08-13T06:27:26Z</time>
   </trkpt>
   <trkpt lat="22.7436660" lon="120.3370190">
    <ele>21.6</ele>
    <time>2026-08-13T06:27:27Z</time>
   </trkpt>
   <trkpt lat="22.7436670" lon="120.3370170">
    <ele>21.6</ele>
    <time>2026-08-13T06:27:28Z</time>
   </trkpt>
   <trkpt lat="22.7436670" lon="120.3370230">
    <ele>21.6</ele>
    <time>2026-08-13T06:27:29Z</time>
   </trkpt>
   <trkpt lat="22.7436790" lon="120.3370220">
    <ele>21.7</ele>
    <time>2026-08-13T06:27:30Z</time>
   </trkpt>
   <trkpt lat="22.7436800" lon="120.3370330">
    <ele>21.8</ele>
    <time>2026-08-13T06:27:31Z</time>
   </trkpt>
   <trkpt lat="22.7436840" lon="120.3370270">
    <ele>21.8</ele>
    <time>2026-08-13T06:27:32Z</time>
   </trkpt>
   <trkpt lat="22.7436950" lon="120.3370430">
    <ele>21.9</ele>
    <time>2026-08-13T06:27:33Z</time>
   </trkpt>
   <trkpt lat="22.7436900" lon="120.3370640">
    <ele>22.0</ele>
    <time>2026-08-13T06:27:34Z</time>
   </trkpt>
   <trkpt lat="22.7436810" lon="120.3370690">
    <ele>22.1</ele>
    <time>2026-08-13T06:27:35Z</time>
   </trkpt>
   <trkpt lat="22.7436840" lon="120.3370820">
    <ele>22.2</ele>
    <time>2026-08-13T06:27:36Z</time>
   </trkpt>
   <trkpt lat="22.7436800" lon="120.3371010">
    <ele>22.3</ele>
    <time>2026-08-13T06:27:37Z</time>
   </trkpt>
   <trkpt lat="22.7436990" lon="120.3371060">
    <ele>22.4</ele>
    <time>2026-08-13T06:27:38Z</time>
   </trkpt>
   <trkpt lat="22.7436990" lon="120.3371060">
    <ele>22.4</ele>
    <time>2026-08-13T06:27:39Z</time>
   </trkpt>
   <trkpt lat="22.7436840" lon="120.3371150">
    <ele>22.5</ele>
    <time>2026-08-13T06:27:40Z</time>
   </trkpt>
   <trkpt lat="22.7436840" lon="120.3371120">
    <ele>22.5</ele>
    <time>2026-08-13T06:27:41Z</time>
   </trkpt>
   <trkpt lat="22.7436750" lon="120.3371170">
    <ele>22.6</ele>
    <time>2026-08-13T06:27:42Z</time>
   </trkpt>
   <trkpt lat="22.7436700" lon="120.3371390">
    <ele>22.7</ele>
    <time>2026-08-13T06:27:43Z</time>
   </trkpt>
   <trkpt lat="22.7436740" lon="120.3371560">
    <ele>22.8</ele>
    <time>2026-08-13T06:27:44Z</time>
   </trkpt>
   <trkpt lat="22.7436770" lon="120.3371570">
    <ele>22.8</ele>
    <time>2026-08-13T06:27:45Z</time>
   </trkpt>
   <trkpt lat="22.7436880" lon="120.3371700">
    <ele>22.9</ele>
    <time>2026-08-13T06:27:46Z</time>
   </trkpt>
   <trkpt lat="22.7436820" lon="120.3371330">
    <ele>23.1</ele>
    <time>2026-08-13T06:27:47Z</time>
   </trkpt>
   <trkpt lat="22.7436770" lon="120.3371170">
    <ele>23.2</ele>
    <time>2026-08-13T06:27:48Z</time>
   </trkpt>
   <trkpt lat="22.7436690" lon="120.3371070">
    <ele>23.3</ele>
    <time>2026-08-13T06:27:49Z</time>
   </trkpt>
   <trkpt lat="22.7436610" lon="120.3370870">
    <ele>23.4</ele>
    <time>2026-08-13T06:27:50Z</time>
   </trkpt>
   <trkpt lat="22.7436560" lon="120.3370820">
    <ele>23.5</ele>
    <time>2026-08-13T06:27:51Z</time>
   </trkpt>
   <trkpt lat="22.7436660" lon="120.3370820">
    <ele>23.5</ele>
    <time>2026-08-13T06:27:52Z</time>
   </trkpt>
   <trkpt lat="22.7436570" lon="120.3370770">
    <ele>23.6</ele>
    <time>2026-08-13T06:27:53Z</time>
   </trkpt>
   <trkpt lat="22.7436800" lon="120.3371040">
    <ele>23.8</ele>
    <time>2026-08-13T06:27:54Z</time>
   </trkpt>
   <trkpt lat="22.7436890" lon="120.3370760">
    <ele>23.9</ele>
    <time>2026-08-13T06:27:55Z</time>
   </trkpt>
   <trkpt lat="22.7436840" lon="120.3370670">
    <ele>24.0</ele>
    <time>2026-08-13T06:27:56Z</time>
   </trkpt>
   <trkpt lat="22.7436550" lon="120.3370550">
    <ele>24.2</ele>
    <time>2026-08-13T06:27:57Z</time>
   </trkpt>
   <trkpt lat="22.7436490" lon="120.3370310">
    <ele>24.3</ele>
    <time>2026-08-13T06:27:58Z</time>
   </trkpt>
   <trkpt lat="22.7436520" lon="120.3370340">
    <ele>24.3</ele>
    <time>2026-08-13T06:27:59Z</time>
   </trkpt>
   <trkpt lat="22.7436530" lon="120.3370400">
    <ele>24.4</ele>
    <time>2026-08-13T06:28:00Z</time>
   </trkpt>
   <trkpt lat="22.7436490" lon="120.3370470">
    <ele>24.4</ele>
    <time>2026-08-13T06:28:01Z</time>
   </trkpt>
   <trkpt lat="22.7436610" lon="120.3370640">
    <ele>24.5</ele>
    <time>2026-08-13T06:28:02Z</time>
   </trkpt>
   <trkpt lat="22.7436780" lon="120.3370980">
    <ele>24.7</ele>
    <time>2026-08-13T06:28:03Z</time>
   </trkpt>
   <trkpt lat="22.7436940" lon="120.3371310">
    <ele>24.9</ele>
    <time>2026-08-13T06:28:04Z</time>
   </trkpt>
   <trkpt lat="22.7436760" lon="120.3371300">
    <ele>25.0</ele>
    <time>2026-08-13T06:28:05Z</time>
   </trkpt>
   <trkpt lat="22.7436670" lon="120.3371320">
    <ele>25.1</ele>
    <time>2026-08-13T06:28:06Z</time>
   </trkpt>
   <trkpt lat="22.7436680" lon="120.3371480">
    <ele>25.2</ele>
    <time>2026-08-13T06:28:07Z</time>
   </trkpt>
   <trkpt lat="22.7436710" lon="120.3371730">
    <ele>25.3</ele>
    <time>2026-08-13T06:28:08Z</time>
   </trkpt>
   <trkpt lat="22.7436850" lon="120.3371840">
    <ele>25.4</ele>
    <time>2026-08-13T06:28:09Z</time>
   </trkpt>
   <trkpt lat="22.7436660" lon="120.3371790">
    <ele>25.5</ele>
    <time>2026-08-13T06:28:10Z</time>
   </trkpt>
   <trkpt lat="22.7436570" lon="120.3371840">
    <ele>25.6</ele>
    <time>2026-08-13T06:28:11Z</time>
   </trkpt>
   <trkpt lat="22.7436390" lon="120.3371800">
    <ele>25.7</ele>
    <time>2026-08-13T06:28:12Z</time>
   </trkpt>
   <trkpt lat="22.7436280" lon="120.3371820">
    <ele>25.7</ele>
    <time>2026-08-13T06:28:13Z</time>
   </trkpt>
   <trkpt lat="22.7436230" lon="120.3371880">
    <ele>25.8</ele>
    <time>2026-08-13T06:28:14Z</time>
   </trkpt>
   <trkpt lat="22.7436170" lon="120.3371910">
    <ele>25.8</ele>
    <time>2026-08-13T06:28:15Z</time>
   </trkpt>
   <trkpt lat="22.7436020" lon="120.3372100">
    <ele>25.8</ele>
    <time>2026-08-13T06:28:16Z</time>
   </trkpt>
   <trkpt lat="22.7435880" lon="120.3372280">
    <ele>25.7</ele>
    <time>2026-08-13T06:28:17Z</time>
   </trkpt>
   <trkpt lat="22.7435770" lon="120.3372350">
    <ele>25.7</ele>
    <time>2026-08-13T06:28:18Z</time>
   </trkpt>
   <trkpt lat="22.7435660" lon="120.3372480">
    <ele>25.7</ele>
    <time>2026-08-13T06:28:19Z</time>
   </trkpt>
   <trkpt lat="22.7435610" lon="120.3372410">
    <ele>25.7</ele>
    <time>2026-08-13T06:28:20Z</time>
   </trkpt>
   <trkpt lat="22.7435610" lon="120.3372630">
    <ele>25.6</ele>
    <time>2026-08-13T06:28:21Z</time>
   </trkpt>
   <trkpt lat="22.7435590" lon="120.3372770">
    <ele>25.6</ele>
    <time>2026-08-13T06:28:22Z</time>
   </trkpt>
   <trkpt lat="22.7435580" lon="120.3372950">
    <ele>25.6</ele>
    <time>2026-08-13T06:28:23Z</time>
   </trkpt>
   <trkpt lat="22.7435520" lon="120.3373030">
    <ele>25.5</ele>
    <time>2026-08-13T06:28:24Z</time>
   </trkpt>
   <trkpt lat="22.7435560" lon="120.3373170">
    <ele>25.5</ele>
    <time>2026-08-13T06:28:25Z</time>
   </trkpt>
   <trkpt lat="22.7435550" lon="120.3373210">
    <ele>25.5</ele>
    <time>2026-08-13T06:28:26Z</time>
   </trkpt>
   <trkpt lat="22.7435560" lon="120.3373480">
    <ele>25.4</ele>
    <time>2026-08-13T06:28:27Z</time>
   </trkpt>
   <trkpt lat="22.7435500" lon="120.3373640">
    <ele>25.4</ele>
    <time>2026-08-13T06:28:28Z</time>
   </trkpt>
   <trkpt lat="22.7435440" lon="120.3373650">
    <ele>25.4</ele>
    <time>2026-08-13T06:28:29Z</time>
   </trkpt>
   <trkpt lat="22.7435470" lon="120.3373550">
    <ele>25.4</ele>
    <time>2026-08-13T06:28:30Z</time>
   </trkpt>
   <trkpt lat="22.7435500" lon="120.3373440">
    <ele>25.4</ele>
    <time>2026-08-13T06:28:31Z</time>
   </trkpt>
   <trkpt lat="22.7435510" lon="120.3373350">
    <ele>25.3</ele>
    <time>2026-08-13T06:28:33Z</time>
   </trkpt>
   <trkpt lat="22.7435460" lon="120.3373380">
    <ele>25.3</ele>
    <time>2026-08-13T06:28:34Z</time>
   </trkpt>
   <trkpt lat="22.7435360" lon="120.3373400">
    <ele>25.3</ele>
    <time>2026-08-13T06:28:35Z</time>
   </trkpt>
   <trkpt lat="22.7435300" lon="120.3373350">
    <ele>25.3</ele>
    <time>2026-08-13T06:28:36Z</time>
   </trkpt>
   <trkpt lat="22.7435370" lon="120.3373220">
    <ele>25.3</ele>
    <time>2026-08-13T06:28:37Z</time>
   </trkpt>
   <trkpt lat="22.7435300" lon="120.3373130">
    <ele>25.2</ele>
    <time>2026-08-13T06:28:38Z</time>
   </trkpt>
   <trkpt lat="22.7435270" lon="120.3373200">
    <ele>25.2</ele>
    <time>2026-08-13T06:28:39Z</time>
   </trkpt>
   <trkpt lat="22.7435240" lon="120.3373280">
    <ele>25.2</ele>
    <time>2026-08-13T06:28:40Z</time>
   </trkpt>
   <trkpt lat="22.7435190" lon="120.3373320">
    <ele>25.2</ele>
    <time>2026-08-13T06:28:41Z</time>
   </trkpt>
   <trkpt lat="22.7435080" lon="120.3373400">
    <ele>25.2</ele>
    <time>2026-08-13T06:28:42Z</time>
   </trkpt>
   <trkpt lat="22.7435030" lon="120.3373430">
    <ele>25.1</ele>
    <time>2026-08-13T06:28:43Z</time>
   </trkpt>
   <trkpt lat="22.7434980" lon="120.3373420">
    <ele>25.1</ele>
    <time>2026-08-13T06:28:44Z</time>
   </trkpt>
   <trkpt lat="22.7434960" lon="120.3373370">
    <ele>25.1</ele>
    <time>2026-08-13T06:28:45Z</time>
   </trkpt>
   <trkpt lat="22.7434900" lon="120.3373330">
    <ele>25.1</ele>
    <time>2026-08-13T06:28:46Z</time>
   </trkpt>
   <trkpt lat="22.7434840" lon="120.3373320">
    <ele>25.1</ele>
    <time>2026-08-13T06:28:47Z</time>
   </trkpt>
   <trkpt lat="22.7434800" lon="120.3373280">
    <ele>25.1</ele>
    <time>2026-08-13T06:28:48Z</time>
   </trkpt>
   <trkpt lat="22.7434650" lon="120.3373280">
    <ele>25.0</ele>
    <time>2026-08-13T06:28:49Z</time>
   </trkpt>
   <trkpt lat="22.7434700" lon="120.3373430">
    <ele>25.0</ele>
    <time>2026-08-13T06:28:50Z</time>
   </trkpt>
   <trkpt lat="22.7434760" lon="120.3373500">
    <ele>25.0</ele>
    <time>2026-08-13T06:28:51Z</time>
   </trkpt>
   <trkpt lat="22.7434680" lon="120.3373530">
    <ele>25.0</ele>
    <time>2026-08-13T06:28:52Z</time>
   </trkpt>
   <trkpt lat="22.7434760" lon="120.3373580">
    <ele>25.0</ele>
    <time>2026-08-13T06:28:53Z</time>
   </trkpt>
   <trkpt lat="22.7434770" lon="120.3373610">
    <ele>25.0</ele>
    <time>2026-08-13T06:28:54Z</time>
   </trkpt>
   <trkpt lat="22.7434720" lon="120.3373600">
    <ele>24.9</ele>
    <time>2026-08-13T06:28:55Z</time>
   </trkpt>
   <trkpt lat="22.7434570" lon="120.3373560">
    <ele>24.9</ele>
    <time>2026-08-13T06:28:56Z</time>
   </trkpt>
   <trkpt lat="22.7434650" lon="120.3373550">
    <ele>24.9</ele>
    <time>2026-08-13T06:28:57Z</time>
   </trkpt>
   <trkpt lat="22.7434630" lon="120.3373530">
    <ele>24.9</ele>
    <time>2026-08-13T06:28:58Z</time>
   </trkpt>
   <trkpt lat="22.7434670" lon="120.3373520">
    <ele>24.9</ele>
    <time>2026-08-13T06:28:59Z</time>
   </trkpt>
   <trkpt lat="22.7434670" lon="120.3373570">
    <ele>24.9</ele>
    <time>2026-08-13T06:29:00Z</time>
   </trkpt>
   <trkpt lat="22.7434670" lon="120.3373580">
    <ele>24.9</ele>
    <time>2026-08-13T06:29:01Z</time>
   </trkpt>
   <trkpt lat="22.7434700" lon="120.3373620">
    <ele>24.9</ele>
    <time>2026-08-13T06:29:02Z</time>
   </trkpt>
   <trkpt lat="22.7434640" lon="120.3373600">
    <ele>24.8</ele>
    <time>2026-08-13T06:29:03Z</time>
   </trkpt>
   <trkpt lat="22.7434580" lon="120.3373690">
    <ele>24.8</ele>
    <time>2026-08-13T06:29:04Z</time>
   </trkpt>
   <trkpt lat="22.7434490" lon="120.3373790">
    <ele>24.8</ele>
    <time>2026-08-13T06:29:05Z</time>
   </trkpt>
   <trkpt lat="22.7434460" lon="120.3373910">
    <ele>24.8</ele>
    <time>2026-08-13T06:29:06Z</time>
   </trkpt>
   <trkpt lat="22.7434480" lon="120.3373970">
    <ele>24.8</ele>
    <time>2026-08-13T06:29:07Z</time>
   </trkpt>
   <trkpt lat="22.7434430" lon="120.3374030">
    <ele>24.7</ele>
    <time>2026-08-13T06:29:08Z</time>
   </trkpt>
   <trkpt lat="22.7434420" lon="120.3374030">
    <ele>24.7</ele>
    <time>2026-08-13T06:29:09Z</time>
   </trkpt>
   <trkpt lat="22.7434410" lon="120.3374040">
    <ele>24.7</ele>
    <time>2026-08-13T06:29:10Z</time>
   </trkpt>
   <trkpt lat="22.7434380" lon="120.3373990">
    <ele>24.7</ele>
    <time>2026-08-13T06:29:11Z</time>
   </trkpt>
   <trkpt lat="22.7434410" lon="120.3373960">
    <ele>24.7</ele>
    <time>2026-08-13T06:29:12Z</time>
   </trkpt>
   <trkpt lat="22.7434310" lon="120.3373990">
    <ele>24.7</ele>
    <time>2026-08-13T06:29:13Z</time>
   </trkpt>
   <trkpt lat="22.7434370" lon="120.3373980">
    <ele>24.7</ele>
    <time>2026-08-13T06:29:14Z</time>
   </trkpt>
   <trkpt lat="22.7434290" lon="120.3374140">
    <ele>24.6</ele>
    <time>2026-08-13T06:29:16Z</time>
   </trkpt>
   <trkpt lat="22.7434200" lon="120.3374240">
    <ele>24.6</ele>
    <time>2026-08-13T06:29:17Z</time>
   </trkpt>
   <trkpt lat="22.7434140" lon="120.3374250">
    <ele>24.6</ele>
    <time>2026-08-13T06:29:18Z</time>
   </trkpt>
   <trkpt lat="22.7434090" lon="120.3374300">
    <ele>24.6</ele>
    <time>2026-08-13T06:29:19Z</time>
   </trkpt>
   <trkpt lat="22.7433990" lon="120.3374360">
    <ele>24.6</ele>
    <time>2026-08-13T06:29:20Z</time>
   </trkpt>
   <trkpt lat="22.7434050" lon="120.3374290">
    <ele>24.6</ele>
    <time>2026-08-13T06:29:21Z</time>
   </trkpt>
   <trkpt lat="22.7434080" lon="120.3374250">
    <ele>24.5</ele>
    <time>2026-08-13T06:29:22Z</time>
   </trkpt>
   <trkpt lat="22.7434030" lon="120.3374200">
    <ele>24.5</ele>
    <time>2026-08-13T06:29:23Z</time>
   </trkpt>
   <trkpt lat="22.7434020" lon="120.3374260">
    <ele>24.5</ele>
    <time>2026-08-13T06:29:24Z</time>
   </trkpt>
   <trkpt lat="22.7434020" lon="120.3374240">
    <ele>24.5</ele>
    <time>2026-08-13T06:29:25Z</time>
   </trkpt>
   <trkpt lat="22.7434010" lon="120.3374250">
    <ele>24.5</ele>
    <time>2026-08-13T06:29:26Z</time>
   </trkpt>
   <trkpt lat="22.7434100" lon="120.3374250">
    <ele>24.5</ele>
    <time>2026-08-13T06:29:27Z</time>
   </trkpt>
   <trkpt lat="22.7434140" lon="120.3374210">
    <ele>24.5</ele>
    <time>2026-08-13T06:29:28Z</time>
   </trkpt>
   <trkpt lat="22.7434150" lon="120.3374160">
    <ele>24.5</ele>
    <time>2026-08-13T06:29:29Z</time>
   </trkpt>
   <trkpt lat="22.7434010" lon="120.3374790">
    <ele>24.4</ele>
    <time>2026-08-13T06:29:33Z</time>
   </trkpt>
   <trkpt lat="22.7434020" lon="120.3374840">
    <ele>24.3</ele>
    <time>2026-08-13T06:29:34Z</time>
   </trkpt>
   <trkpt lat="22.7433910" lon="120.3374940">
    <ele>24.3</ele>
    <time>2026-08-13T06:29:35Z</time>
   </trkpt>
   <trkpt lat="22.7433880" lon="120.3374910">
    <ele>24.3</ele>
    <time>2026-08-13T06:29:36Z</time>
   </trkpt>
   <trkpt lat="22.7433870" lon="120.3374910">
    <ele>24.3</ele>
    <time>2026-08-13T06:29:37Z</time>
   </trkpt>
   <trkpt lat="22.7433640" lon="120.3374970">
    <ele>24.3</ele>
    <time>2026-08-13T06:29:38Z</time>
   </trkpt>
   <trkpt lat="22.7433470" lon="120.3374970">
    <ele>24.2</ele>
    <time>2026-08-13T06:29:39Z</time>
   </trkpt>
   <trkpt lat="22.7433400" lon="120.3374980">
    <ele>24.2</ele>
    <time>2026-08-13T06:29:40Z</time>
   </trkpt>
   <trkpt lat="22.7433370" lon="120.3374950">
    <ele>24.2</ele>
    <time>2026-08-13T06:29:41Z</time>
   </trkpt>
   <trkpt lat="22.7433360" lon="120.3375010">
    <ele>24.2</ele>
    <time>2026-08-13T06:29:42Z</time>
   </trkpt>
   <trkpt lat="22.7433390" lon="120.3374880">
    <ele>24.2</ele>
    <time>2026-08-13T06:29:43Z</time>
   </trkpt>
   <trkpt lat="22.7433280" lon="120.3374860">
    <ele>24.2</ele>
    <time>2026-08-13T06:29:44Z</time>
   </trkpt>
   <trkpt lat="22.7433390" lon="120.3374770">
    <ele>24.1</ele>
    <time>2026-08-13T06:29:45Z</time>
   </trkpt>
   <trkpt lat="22.7433340" lon="120.3374800">
    <ele>24.1</ele>
    <time>2026-08-13T06:29:46Z</time>
   </trkpt>
   <trkpt lat="22.7433340" lon="120.3374890">
    <ele>24.1</ele>
    <time>2026-08-13T06:29:47Z</time>
   </trkpt>
   <trkpt lat="22.7433330" lon="120.3374900">
    <ele>24.1</ele>
    <time>2026-08-13T06:29:48Z</time>
   </trkpt>
   <trkpt lat="22.7433350" lon="120.3374940">
    <ele>24.1</ele>
    <time>2026-08-13T06:29:49Z</time>
   </trkpt>
   <trkpt lat="22.7433250" lon="120.3374990">
    <ele>24.1</ele>
    <time>2026-08-13T06:29:50Z</time>
   </trkpt>
   <trkpt lat="22.7433270" lon="120.3374880">
    <ele>24.1</ele>
    <time>2026-08-13T06:29:51Z</time>
   </trkpt>
   <trkpt lat="22.7433260" lon="120.3374800">
    <ele>24.1</ele>
    <time>2026-08-13T06:29:52Z</time>
   </trkpt>
   <trkpt lat="22.7433200" lon="120.3374710">
    <ele>24.1</ele>
    <time>2026-08-13T06:29:53Z</time>
   </trkpt>
   <trkpt lat="22.7433060" lon="120.3374620">
    <ele>24.1</ele>
    <time>2026-08-13T06:29:54Z</time>
   </trkpt>
   <trkpt lat="22.7432360" lon="120.3374350">
    <ele>24.1</ele>
    <time>2026-08-13T06:30:01Z</time>
   </trkpt>
   <trkpt lat="22.7432300" lon="120.3374270">
    <ele>24.1</ele>
    <time>2026-08-13T06:30:02Z</time>
   </trkpt>
   <trkpt lat="22.7432210" lon="120.3374090">
    <ele>24.1</ele>
    <time>2026-08-13T06:30:03Z</time>
   </trkpt>
   <trkpt lat="22.7432220" lon="120.3374050">
    <ele>24.1</ele>
    <time>2026-08-13T06:30:04Z</time>
   </trkpt>
   <trkpt lat="22.7432180" lon="120.3374010">
    <ele>24.1</ele>
    <time>2026-08-13T06:30:05Z</time>
   </trkpt>
   <trkpt lat="22.7432120" lon="120.3373990">
    <ele>24.1</ele>
    <time>2026-08-13T06:30:06Z</time>
   </trkpt>
   <trkpt lat="22.7432000" lon="120.3373940">
    <ele>24.1</ele>
    <time>2026-08-13T06:30:07Z</time>
   </trkpt>
   <trkpt lat="22.7431870" lon="120.3373960">
    <ele>24.1</ele>
    <time>2026-08-13T06:30:08Z</time>
   </trkpt>
   <trkpt lat="22.7431760" lon="120.3373900">
    <ele>24.1</ele>
    <time>2026-08-13T06:30:09Z</time>
   </trkpt>
   <trkpt lat="22.7431550" lon="120.3373810">
    <ele>24.1</ele>
    <time>2026-08-13T06:30:10Z</time>
   </trkpt>
   <trkpt lat="22.7431410" lon="120.3373760">
    <ele>24.1</ele>
    <time>2026-08-13T06:30:11Z</time>
   </trkpt>
   <trkpt lat="22.7431300" lon="120.3373780">
    <ele>24.1</ele>
    <time>2026-08-13T06:30:12Z</time>
   </trkpt>
   <trkpt lat="22.7431120" lon="120.3373710">
    <ele>24.1</ele>
    <time>2026-08-13T06:30:13Z</time>
   </trkpt>
   <trkpt lat="22.7431010" lon="120.3373710">
    <ele>24.0</ele>
    <time>2026-08-13T06:30:14Z</time>
   </trkpt>
   <trkpt lat="22.7430930" lon="120.3373690">
    <ele>24.0</ele>
    <time>2026-08-13T06:30:15Z</time>
   </trkpt>
   <trkpt lat="22.7430870" lon="120.3373620">
    <ele>24.0</ele>
    <time>2026-08-13T06:30:16Z</time>
   </trkpt>
   <trkpt lat="22.7430710" lon="120.3373580">
    <ele>24.0</ele>
    <time>2026-08-13T06:30:17Z</time>
   </trkpt>
   <trkpt lat="22.7430610" lon="120.3373510">
    <ele>24.0</ele>
    <time>2026-08-13T06:30:18Z</time>
   </trkpt>
   <trkpt lat="22.7430440" lon="120.3373410">
    <ele>24.0</ele>
    <time>2026-08-13T06:30:19Z</time>
   </trkpt>
   <trkpt lat="22.7430410" lon="120.3373270">
    <ele>24.0</ele>
    <time>2026-08-13T06:30:20Z</time>
   </trkpt>
   <trkpt lat="22.7430400" lon="120.3373120">
    <ele>24.0</ele>
    <time>2026-08-13T06:30:21Z</time>
   </trkpt>
   <trkpt lat="22.7430390" lon="120.3373060">
    <ele>24.0</ele>
    <time>2026-08-13T06:30:22Z</time>
   </trkpt>
   <trkpt lat="22.7430490" lon="120.3372900">
    <ele>24.0</ele>
    <time>2026-08-13T06:30:23Z</time>
   </trkpt>
   <trkpt lat="22.7430500" lon="120.3372860">
    <ele>24.0</ele>
    <time>2026-08-13T06:30:24Z</time>
   </trkpt>
   <trkpt lat="22.7430560" lon="120.3372930">
    <ele>24.0</ele>
    <time>2026-08-13T06:30:25Z</time>
   </trkpt>
   <trkpt lat="22.7430610" lon="120.3372900">
    <ele>24.0</ele>
    <time>2026-08-13T06:30:26Z</time>
   </trkpt>
   <trkpt lat="22.7430580" lon="120.3372910">
    <ele>24.0</ele>
    <time>2026-08-13T06:30:28Z</time>
   </trkpt>
   <trkpt lat="22.7430580" lon="120.3372880">
    <ele>24.0</ele>
    <time>2026-08-13T06:30:29Z</time>
   </trkpt>
   <trkpt lat="22.7430590" lon="120.3372810">
    <ele>24.0</ele>
    <time>2026-08-13T06:30:30Z</time>
   </trkpt>
   <trkpt lat="22.7430710" lon="120.3372850">
    <ele>24.0</ele>
    <time>2026-08-13T06:30:31Z</time>
   </trkpt>
   <trkpt lat="22.7430620" lon="120.3372970">
    <ele>24.0</ele>
    <time>2026-08-13T06:30:32Z</time>
   </trkpt>
   <trkpt lat="22.7430510" lon="120.3373030">
    <ele>24.0</ele>
    <time>2026-08-13T06:30:33Z</time>
   </trkpt>
   <trkpt lat="22.7430340" lon="120.3372910">
    <ele>24.0</ele>
    <time>2026-08-13T06:30:34Z</time>
   </trkpt>
   <trkpt lat="22.7430210" lon="120.3372770">
    <ele>24.0</ele>
    <time>2026-08-13T06:30:35Z</time>
   </trkpt>
   <trkpt lat="22.7430050" lon="120.3372710">
    <ele>24.0</ele>
    <time>2026-08-13T06:30:36Z</time>
   </trkpt>
   <trkpt lat="22.7430080" lon="120.3372610">
    <ele>24.0</ele>
    <time>2026-08-13T06:30:37Z</time>
   </trkpt>
   <trkpt lat="22.7430100" lon="120.3372590">
    <ele>24.0</ele>
    <time>2026-08-13T06:30:38Z</time>
   </trkpt>
   <trkpt lat="22.7430100" lon="120.3372620">
    <ele>24.0</ele>
    <time>2026-08-13T06:30:39Z</time>
   </trkpt>
   <trkpt lat="22.7430070" lon="120.3372670">
    <ele>24.0</ele>
    <time>2026-08-13T06:30:40Z</time>
   </trkpt>
   <trkpt lat="22.7430210" lon="120.3372580">
    <ele>24.0</ele>
    <time>2026-08-13T06:30:41Z</time>
   </trkpt>
   <trkpt lat="22.7430080" lon="120.3372530">
    <ele>24.0</ele>
    <time>2026-08-13T06:30:42Z</time>
   </trkpt>
   <trkpt lat="22.7430070" lon="120.3372450">
    <ele>24.0</ele>
    <time>2026-08-13T06:30:43Z</time>
   </trkpt>
   <trkpt lat="22.7430240" lon="120.3372350">
    <ele>24.0</ele>
    <time>2026-08-13T06:30:44Z</time>
   </trkpt>
   <trkpt lat="22.7430190" lon="120.3372220">
    <ele>24.0</ele>
    <time>2026-08-13T06:30:45Z</time>
   </trkpt>
   <trkpt lat="22.7430040" lon="120.3372090">
    <ele>24.0</ele>
    <time>2026-08-13T06:30:46Z</time>
   </trkpt>
   <trkpt lat="22.7430010" lon="120.3371840">
    <ele>24.0</ele>
    <time>2026-08-13T06:30:47Z</time>
   </trkpt>
   <trkpt lat="22.7429990" lon="120.3371790">
    <ele>24.0</ele>
    <time>2026-08-13T06:30:48Z</time>
   </trkpt>
   <trkpt lat="22.7429940" lon="120.3371670">
    <ele>24.0</ele>
    <time>2026-08-13T06:30:49Z</time>
   </trkpt>
   <trkpt lat="22.7429890" lon="120.3371450">
    <ele>24.0</ele>
    <time>2026-08-13T06:30:50Z</time>
   </trkpt>
   <trkpt lat="22.7429830" lon="120.3371310">
    <ele>24.0</ele>
    <time>2026-08-13T06:30:51Z</time>
   </trkpt>
   <trkpt lat="22.7429930" lon="120.3371240">
    <ele>24.0</ele>
    <time>2026-08-13T06:30:52Z</time>
   </trkpt>
   <trkpt lat="22.7429790" lon="120.3371250">
    <ele>24.0</ele>
    <time>2026-08-13T06:30:53Z</time>
   </trkpt>
   <trkpt lat="22.7429680" lon="120.3371270">
    <ele>24.0</ele>
    <time>2026-08-13T06:30:54Z</time>
   </trkpt>
   <trkpt lat="22.7429640" lon="120.3371290">
    <ele>24.0</ele>
    <time>2026-08-13T06:30:55Z</time>
   </trkpt>
   <trkpt lat="22.7429550" lon="120.3371340">
    <ele>24.0</ele>
    <time>2026-08-13T06:30:56Z</time>
   </trkpt>
   <trkpt lat="22.7429430" lon="120.3371310">
    <ele>24.0</ele>
    <time>2026-08-13T06:30:57Z</time>
   </trkpt>
   <trkpt lat="22.7429470" lon="120.3371220">
    <ele>24.0</ele>
    <time>2026-08-13T06:30:58Z</time>
   </trkpt>
   <trkpt lat="22.7429430" lon="120.3371160">
    <ele>24.0</ele>
    <time>2026-08-13T06:30:59Z</time>
   </trkpt>
   <trkpt lat="22.7429360" lon="120.3371090">
    <ele>24.0</ele>
    <time>2026-08-13T06:31:00Z</time>
   </trkpt>
   <trkpt lat="22.7429300" lon="120.3370940">
    <ele>24.0</ele>
    <time>2026-08-13T06:31:01Z</time>
   </trkpt>
   <trkpt lat="22.7429220" lon="120.3370780">
    <ele>24.0</ele>
    <time>2026-08-13T06:31:02Z</time>
   </trkpt>
   <trkpt lat="22.7429180" lon="120.3370730">
    <ele>24.0</ele>
    <time>2026-08-13T06:31:03Z</time>
   </trkpt>
   <trkpt lat="22.7429180" lon="120.3370640">
    <ele>24.0</ele>
    <time>2026-08-13T06:31:04Z</time>
   </trkpt>
   <trkpt lat="22.7429120" lon="120.3370590">
    <ele>24.0</ele>
    <time>2026-08-13T06:31:05Z</time>
   </trkpt>
   <trkpt lat="22.7429070" lon="120.3370620">
    <ele>24.0</ele>
    <time>2026-08-13T06:31:06Z</time>
   </trkpt>
   <trkpt lat="22.7429000" lon="120.3370640">
    <ele>24.0</ele>
    <time>2026-08-13T06:31:07Z</time>
   </trkpt>
   <trkpt lat="22.7428850" lon="120.3370640">
    <ele>24.0</ele>
    <time>2026-08-13T06:31:08Z</time>
   </trkpt>
   <trkpt lat="22.7428710" lon="120.3370590">
    <ele>24.0</ele>
    <time>2026-08-13T06:31:09Z</time>
   </trkpt>
   <trkpt lat="22.7428650" lon="120.3370580">
    <ele>24.0</ele>
    <time>2026-08-13T06:31:10Z</time>
   </trkpt>
   <trkpt lat="22.7428580" lon="120.3370570">
    <ele>24.0</ele>
    <time>2026-08-13T06:31:11Z</time>
   </trkpt>
   <trkpt lat="22.7428520" lon="120.3370600">
    <ele>24.0</ele>
    <time>2026-08-13T06:31:12Z</time>
   </trkpt>
   <trkpt lat="22.7428400" lon="120.3370490">
    <ele>24.0</ele>
    <time>2026-08-13T06:31:13Z</time>
   </trkpt>
   <trkpt lat="22.7428350" lon="120.3370630">
    <ele>24.0</ele>
    <time>2026-08-13T06:31:14Z</time>
   </trkpt>
   <trkpt lat="22.7428340" lon="120.3370670">
    <ele>24.0</ele>
    <time>2026-08-13T06:31:15Z</time>
   </trkpt>
   <trkpt lat="22.7428350" lon="120.3370670">
    <ele>24.0</ele>
    <time>2026-08-13T06:31:16Z</time>
   </trkpt>
   <trkpt lat="22.7428320" lon="120.3370710">
    <ele>24.0</ele>
    <time>2026-08-13T06:31:17Z</time>
   </trkpt>
   <trkpt lat="22.7428330" lon="120.3370720">
    <ele>24.0</ele>
    <time>2026-08-13T06:31:18Z</time>
   </trkpt>
   <trkpt lat="22.7428310" lon="120.3370670">
    <ele>24.0</ele>
    <time>2026-08-13T06:31:19Z</time>
   </trkpt>
   <trkpt lat="22.7428370" lon="120.3370700">
    <ele>24.0</ele>
    <time>2026-08-13T06:31:20Z</time>
   </trkpt>
   <trkpt lat="22.7428400" lon="120.3370760">
    <ele>24.0</ele>
    <time>2026-08-13T06:31:21Z</time>
   </trkpt>
   <trkpt lat="22.7428440" lon="120.3370740">
    <ele>24.0</ele>
    <time>2026-08-13T06:31:22Z</time>
   </trkpt>
   <trkpt lat="22.7428490" lon="120.3371010">
    <ele>24.0</ele>
    <time>2026-08-13T06:31:28Z</time>
   </trkpt>
   <trkpt lat="22.7428650" lon="120.3371020">
    <ele>24.0</ele>
    <time>2026-08-13T06:31:29Z</time>
   </trkpt>
   <trkpt lat="22.7428670" lon="120.3371110">
    <ele>24.0</ele>
    <time>2026-08-13T06:31:30Z</time>
   </trkpt>
   <trkpt lat="22.7428690" lon="120.3371140">
    <ele>24.0</ele>
    <time>2026-08-13T06:31:31Z</time>
   </trkpt>
   <trkpt lat="22.7428730" lon="120.3371250">
    <ele>24.0</ele>
    <time>2026-08-13T06:31:32Z</time>
   </trkpt>
   <trkpt lat="22.7428790" lon="120.3371350">
    <ele>24.0</ele>
    <time>2026-08-13T06:31:33Z</time>
   </trkpt>
   <trkpt lat="22.7428770" lon="120.3371520">
    <ele>24.0</ele>
    <time>2026-08-13T06:31:34Z</time>
   </trkpt>
   <trkpt lat="22.7428900" lon="120.3371610">
    <ele>23.9</ele>
    <time>2026-08-13T06:31:35Z</time>
   </trkpt>
   <trkpt lat="22.7429000" lon="120.3371680">
    <ele>23.8</ele>
    <time>2026-08-13T06:31:36Z</time>
   </trkpt>
   <trkpt lat="22.7429110" lon="120.3371790">
    <ele>23.7</ele>
    <time>2026-08-13T06:31:37Z</time>
   </trkpt>
   <trkpt lat="22.7429270" lon="120.3371770">
    <ele>23.6</ele>
    <time>2026-08-13T06:31:38Z</time>
   </trkpt>
   <trkpt lat="22.7429310" lon="120.3371840">
    <ele>23.6</ele>
    <time>2026-08-13T06:31:39Z</time>
   </trkpt>
   <trkpt lat="22.7429290" lon="120.3371850">
    <ele>23.5</ele>
    <time>2026-08-13T06:31:40Z</time>
   </trkpt>
   <trkpt lat="22.7429150" lon="120.3371810">
    <ele>23.4</ele>
    <time>2026-08-13T06:31:41Z</time>
   </trkpt>
   <trkpt lat="22.7428990" lon="120.3371790">
    <ele>23.3</ele>
    <time>2026-08-13T06:31:42Z</time>
   </trkpt>
   <trkpt lat="22.7428880" lon="120.3371780">
    <ele>23.3</ele>
    <time>2026-08-13T06:31:43Z</time>
   </trkpt>
   <trkpt lat="22.7428470" lon="120.3372260">
    <ele>22.8</ele>
    <time>2026-08-13T06:31:47Z</time>
   </trkpt>
   <trkpt lat="22.7428470" lon="120.3372440">
    <ele>22.7</ele>
    <time>2026-08-13T06:31:48Z</time>
   </trkpt>
   <trkpt lat="22.7428480" lon="120.3372590">
    <ele>22.6</ele>
    <time>2026-08-13T06:31:49Z</time>
   </trkpt>
   <trkpt lat="22.7428480" lon="120.3372720">
    <ele>22.5</ele>
    <time>2026-08-13T06:31:50Z</time>
   </trkpt>
   <trkpt lat="22.7428500" lon="120.3372850">
    <ele>22.5</ele>
    <time>2026-08-13T06:31:51Z</time>
   </trkpt>
   <trkpt lat="22.7428390" lon="120.3372900">
    <ele>22.4</ele>
    <time>2026-08-13T06:31:52Z</time>
   </trkpt>
   <trkpt lat="22.7428650" lon="120.3373110">
    <ele>22.1</ele>
    <time>2026-08-13T06:31:53Z</time>
   </trkpt>
   <trkpt lat="22.7428730" lon="120.3373190">
    <ele>22.1</ele>
    <time>2026-08-13T06:31:54Z</time>
   </trkpt>
   <trkpt lat="22.7428750" lon="120.3373210">
    <ele>22.1</ele>
    <time>2026-08-13T06:31:55Z</time>
   </trkpt>
   <trkpt lat="22.7428770" lon="120.3373320">
    <ele>22.0</ele>
    <time>2026-08-13T06:31:56Z</time>
   </trkpt>
   <trkpt lat="22.7428630" lon="120.3373490">
    <ele>21.8</ele>
    <time>2026-08-13T06:31:57Z</time>
   </trkpt>
   <trkpt lat="22.7428560" lon="120.3373730">
    <ele>21.7</ele>
    <time>2026-08-13T06:31:58Z</time>
   </trkpt>
   <trkpt lat="22.7428450" lon="120.3373820">
    <ele>21.6</ele>
    <time>2026-08-13T06:31:59Z</time>
   </trkpt>
   <trkpt lat="22.7428470" lon="120.3373840">
    <ele>21.6</ele>
    <time>2026-08-13T06:32:00Z</time>
   </trkpt>
   <trkpt lat="22.7428500" lon="120.3374080">
    <ele>21.4</ele>
    <time>2026-08-13T06:32:01Z</time>
   </trkpt>
   <trkpt lat="22.7428310" lon="120.3374070">
    <ele>21.3</ele>
    <time>2026-08-13T06:32:02Z</time>
   </trkpt>
   <trkpt lat="22.7428060" lon="120.3374030">
    <ele>21.1</ele>
    <time>2026-08-13T06:32:03Z</time>
   </trkpt>
   <trkpt lat="22.7427800" lon="120.3373990">
    <ele>21.0</ele>
    <time>2026-08-13T06:32:04Z</time>
   </trkpt>
   <trkpt lat="22.7427570" lon="120.3374000">
    <ele>21.0</ele>
    <time>2026-08-13T06:32:05Z</time>
   </trkpt>
   <trkpt lat="22.7427440" lon="120.3374260">
    <ele>21.0</ele>
    <time>2026-08-13T06:32:06Z</time>
   </trkpt>
   <trkpt lat="22.7427390" lon="120.3374140">
    <ele>21.0</ele>
    <time>2026-08-13T06:32:07Z</time>
   </trkpt>
   <trkpt lat="22.7427300" lon="120.3374030">
    <ele>20.9</ele>
    <time>2026-08-13T06:32:08Z</time>
   </trkpt>
   <trkpt lat="22.7427220" lon="120.3373980">
    <ele>20.9</ele>
    <time>2026-08-13T06:32:09Z</time>
   </trkpt>
   <trkpt lat="22.7427100" lon="120.3373880">
    <ele>20.9</ele>
    <time>2026-08-13T06:32:10Z</time>
   </trkpt>
   <trkpt lat="22.7427040" lon="120.3373900">
    <ele>20.9</ele>
    <time>2026-08-13T06:32:11Z</time>
   </trkpt>
   <trkpt lat="22.7427000" lon="120.3373910">
    <ele>20.9</ele>
    <time>2026-08-13T06:32:12Z</time>
   </trkpt>
   <trkpt lat="22.7426940" lon="120.3373870">
    <ele>20.9</ele>
    <time>2026-08-13T06:32:13Z</time>
   </trkpt>
   <trkpt lat="22.7426880" lon="120.3373790">
    <ele>20.9</ele>
    <time>2026-08-13T06:32:14Z</time>
   </trkpt>
   <trkpt lat="22.7426860" lon="120.3373820">
    <ele>20.9</ele>
    <time>2026-08-13T06:32:15Z</time>
   </trkpt>
   <trkpt lat="22.7426820" lon="120.3373880">
    <ele>20.9</ele>
    <time>2026-08-13T06:32:16Z</time>
   </trkpt>
   <trkpt lat="22.7426740" lon="120.3374000">
    <ele>20.9</ele>
    <time>2026-08-13T06:32:17Z</time>
   </trkpt>
   <trkpt lat="22.7426690" lon="120.3373820">
    <ele>20.8</ele>
    <time>2026-08-13T06:32:18Z</time>
   </trkpt>
   <trkpt lat="22.7426670" lon="120.3373740">
    <ele>20.8</ele>
    <time>2026-08-13T06:32:19Z</time>
   </trkpt>
   <trkpt lat="22.7426670" lon="120.3373680">
    <ele>20.8</ele>
    <time>2026-08-13T06:32:20Z</time>
   </trkpt>
   <trkpt lat="22.7426500" lon="120.3373480">
    <ele>20.8</ele>
    <time>2026-08-13T06:32:21Z</time>
   </trkpt>
   <trkpt lat="22.7426410" lon="120.3373320">
    <ele>20.8</ele>
    <time>2026-08-13T06:32:22Z</time>
   </trkpt>
   <trkpt lat="22.7426390" lon="120.3373410">
    <ele>20.8</ele>
    <time>2026-08-13T06:32:23Z</time>
   </trkpt>
   <trkpt lat="22.7426520" lon="120.3373420">
    <ele>20.8</ele>
    <time>2026-08-13T06:32:24Z</time>
   </trkpt>
   <trkpt lat="22.7426450" lon="120.3373680">
    <ele>20.7</ele>
    <time>2026-08-13T06:32:25Z</time>
   </trkpt>
   <trkpt lat="22.7426400" lon="120.3373570">
    <ele>20.7</ele>
    <time>2026-08-13T06:32:26Z</time>
   </trkpt>
   <trkpt lat="22.7426320" lon="120.3373560">
    <ele>20.7</ele>
    <time>2026-08-13T06:32:27Z</time>
   </trkpt>
   <trkpt lat="22.7426270" lon="120.3373480">
    <ele>20.7</ele>
    <time>2026-08-13T06:32:28Z</time>
   </trkpt>
   <trkpt lat="22.7426220" lon="120.3373450">
    <ele>20.7</ele>
    <time>2026-08-13T06:32:29Z</time>
   </trkpt>
   <trkpt lat="22.7426210" lon="120.3373490">
    <ele>20.7</ele>
    <time>2026-08-13T06:32:30Z</time>
   </trkpt>
   <trkpt lat="22.7426140" lon="120.3373550">
    <ele>20.7</ele>
    <time>2026-08-13T06:32:31Z</time>
   </trkpt>
   <trkpt lat="22.7426130" lon="120.3373540">
    <ele>20.7</ele>
    <time>2026-08-13T06:32:32Z</time>
   </trkpt>
   <trkpt lat="22.7426060" lon="120.3373890">
    <ele>20.7</ele>
    <time>2026-08-13T06:32:33Z</time>
   </trkpt>
   <trkpt lat="22.7426080" lon="120.3373880">
    <ele>20.7</ele>
    <time>2026-08-13T06:32:34Z</time>
   </trkpt>
   <trkpt lat="22.7426100" lon="120.3373930">
    <ele>20.6</ele>
    <time>2026-08-13T06:32:35Z</time>
   </trkpt>
   <trkpt lat="22.7426190" lon="120.3373850">
    <ele>20.6</ele>
    <time>2026-08-13T06:32:36Z</time>
   </trkpt>
   <trkpt lat="22.7426230" lon="120.3374040">
    <ele>20.6</ele>
    <time>2026-08-13T06:32:37Z</time>
   </trkpt>
   <trkpt lat="22.7426280" lon="120.3373970">
    <ele>20.6</ele>
    <time>2026-08-13T06:32:38Z</time>
   </trkpt>
   <trkpt lat="22.7426240" lon="120.3373930">
    <ele>20.6</ele>
    <time>2026-08-13T06:32:39Z</time>
   </trkpt>
   <trkpt lat="22.7426330" lon="120.3373880">
    <ele>20.6</ele>
    <time>2026-08-13T06:32:40Z</time>
   </trkpt>
   <trkpt lat="22.7426520" lon="120.3373900">
    <ele>20.6</ele>
    <time>2026-08-13T06:32:41Z</time>
   </trkpt>
   <trkpt lat="22.7426620" lon="120.3373970">
    <ele>20.6</ele>
    <time>2026-08-13T06:32:42Z</time>
   </trkpt>
   <trkpt lat="22.7426680" lon="120.3374090">
    <ele>20.5</ele>
    <time>2026-08-13T06:32:43Z</time>
   </trkpt>
   <trkpt lat="22.7426670" lon="120.3373990">
    <ele>20.5</ele>
    <time>2026-08-13T06:32:44Z</time>
   </trkpt>
   <trkpt lat="22.7426660" lon="120.3373970">
    <ele>20.5</ele>
    <time>2026-08-13T06:32:45Z</time>
   </trkpt>
   <trkpt lat="22.7426580" lon="120.3373980">
    <ele>20.6</ele>
    <time>2026-08-13T06:32:46Z</time>
   </trkpt>
   <trkpt lat="22.7426650" lon="120.3374050">
    <ele>20.6</ele>
    <time>2026-08-13T06:32:47Z</time>
   </trkpt>
   <trkpt lat="22.7426740" lon="120.3374110">
    <ele>20.7</ele>
    <time>2026-08-13T06:32:48Z</time>
   </trkpt>
   <trkpt lat="22.7426740" lon="120.3374160">
    <ele>20.7</ele>
    <time>2026-08-13T06:32:49Z</time>
   </trkpt>
   <trkpt lat="22.7426930" lon="120.3374470">
    <ele>20.9</ele>
    <time>2026-08-13T06:32:56Z</time>
   </trkpt>
   <trkpt lat="22.7426930" lon="120.3374550">
    <ele>21.0</ele>
    <time>2026-08-13T06:32:57Z</time>
   </trkpt>
   <trkpt lat="22.7426840" lon="120.3374550">
    <ele>21.0</ele>
    <time>2026-08-13T06:32:58Z</time>
   </trkpt>
   <trkpt lat="22.7426910" lon="120.3374610">
    <ele>21.1</ele>
    <time>2026-08-13T06:32:59Z</time>
   </trkpt>
   <trkpt lat="22.7426860" lon="120.3374560">
    <ele>21.1</ele>
    <time>2026-08-13T06:33:00Z</time>
   </trkpt>
   <trkpt lat="22.7426960" lon="120.3374400">
    <ele>21.2</ele>
    <time>2026-08-13T06:33:01Z</time>
   </trkpt>
   <trkpt lat="22.7427140" lon="120.3374210">
    <ele>21.4</ele>
    <time>2026-08-13T06:33:02Z</time>
   </trkpt>
   <trkpt lat="22.7427240" lon="120.3374000">
    <ele>21.6</ele>
    <time>2026-08-13T06:33:03Z</time>
   </trkpt>
   <trkpt lat="22.7427400" lon="120.3373960">
    <ele>21.7</ele>
    <time>2026-08-13T06:33:04Z</time>
   </trkpt>
   <trkpt lat="22.7427520" lon="120.3373870">
    <ele>21.8</ele>
    <time>2026-08-13T06:33:05Z</time>
   </trkpt>
   <trkpt lat="22.7427560" lon="120.3373740">
    <ele>21.9</ele>
    <time>2026-08-13T06:33:06Z</time>
   </trkpt>
   <trkpt lat="22.7427630" lon="120.3373570">
    <ele>22.0</ele>
    <time>2026-08-13T06:33:07Z</time>
   </trkpt>
   <trkpt lat="22.7427700" lon="120.3373420">
    <ele>22.1</ele>
    <time>2026-08-13T06:33:08Z</time>
   </trkpt>
   <trkpt lat="22.7427780" lon="120.3373370">
    <ele>22.1</ele>
    <time>2026-08-13T06:33:09Z</time>
   </trkpt>
   <trkpt lat="22.7427860" lon="120.3373270">
    <ele>22.2</ele>
    <time>2026-08-13T06:33:10Z</time>
   </trkpt>
   <trkpt lat="22.7427880" lon="120.3373120">
    <ele>22.3</ele>
    <time>2026-08-13T06:33:11Z</time>
   </trkpt>
   <trkpt lat="22.7427780" lon="120.3372920">
    <ele>22.5</ele>
    <time>2026-08-13T06:33:12Z</time>
   </trkpt>
   <trkpt lat="22.7427770" lon="120.3372740">
    <ele>22.6</ele>
    <time>2026-08-13T06:33:13Z</time>
   </trkpt>
   <trkpt lat="22.7427810" lon="120.3372540">
    <ele>22.7</ele>
    <time>2026-08-13T06:33:14Z</time>
   </trkpt>
   <trkpt lat="22.7427830" lon="120.3372380">
    <ele>22.8</ele>
    <time>2026-08-13T06:33:15Z</time>
   </trkpt>
   <trkpt lat="22.7427840" lon="120.3372300">
    <ele>22.9</ele>
    <time>2026-08-13T06:33:16Z</time>
   </trkpt>
   <trkpt lat="22.7428030" lon="120.3372130">
    <ele>23.0</ele>
    <time>2026-08-13T06:33:17Z</time>
   </trkpt>
   <trkpt lat="22.7428150" lon="120.3372040">
    <ele>23.1</ele>
    <time>2026-08-13T06:33:18Z</time>
   </trkpt>
   <trkpt lat="22.7428280" lon="120.3371960">
    <ele>23.3</ele>
    <time>2026-08-13T06:33:19Z</time>
   </trkpt>
   <trkpt lat="22.7428600" lon="120.3371690">
    <ele>23.5</ele>
    <time>2026-08-13T06:33:20Z</time>
   </trkpt>
   <trkpt lat="22.7428420" lon="120.3371450">
    <ele>23.7</ele>
    <time>2026-08-13T06:33:21Z</time>
   </trkpt>
   <trkpt lat="22.7428240" lon="120.3371220">
    <ele>24.0</ele>
    <time>2026-08-13T06:33:22Z</time>
   </trkpt>
   <trkpt lat="22.7428420" lon="120.3371120">
    <ele>24.0</ele>
    <time>2026-08-13T06:33:23Z</time>
   </trkpt>
   <trkpt lat="22.7428570" lon="120.3371160">
    <ele>24.0</ele>
    <time>2026-08-13T06:33:24Z</time>
   </trkpt>
   <trkpt lat="22.7428820" lon="120.3371210">
    <ele>24.0</ele>
    <time>2026-08-13T06:33:25Z</time>
   </trkpt>
   <trkpt lat="22.7429040" lon="120.3371530">
    <ele>24.0</ele>
    <time>2026-08-13T06:33:26Z</time>
   </trkpt>
   <trkpt lat="22.7429200" lon="120.3371750">
    <ele>24.0</ele>
    <time>2026-08-13T06:33:27Z</time>
   </trkpt>
   <trkpt lat="22.7429290" lon="120.3371970">
    <ele>24.0</ele>
    <time>2026-08-13T06:33:28Z</time>
   </trkpt>
   <trkpt lat="22.7429310" lon="120.3372330">
    <ele>24.0</ele>
    <time>2026-08-13T06:33:29Z</time>
   </trkpt>
   <trkpt lat="22.7429200" lon="120.3372550">
    <ele>24.0</ele>
    <time>2026-08-13T06:33:30Z</time>
   </trkpt>
   <trkpt lat="22.7429330" lon="120.3372750">
    <ele>24.0</ele>
    <time>2026-08-13T06:33:31Z</time>
   </trkpt>
   <trkpt lat="22.7429380" lon="120.3372830">
    <ele>24.0</ele>
    <time>2026-08-13T06:33:32Z</time>
   </trkpt>
   <trkpt lat="22.7429540" lon="120.3372950">
    <ele>24.0</ele>
    <time>2026-08-13T06:33:33Z</time>
   </trkpt>
   <trkpt lat="22.7429720" lon="120.3373090">
    <ele>24.0</ele>
    <time>2026-08-13T06:33:34Z</time>
   </trkpt>
   <trkpt lat="22.7429770" lon="120.3373180">
    <ele>24.0</ele>
    <time>2026-08-13T06:33:35Z</time>
   </trkpt>
   <trkpt lat="22.7429800" lon="120.3373300">
    <ele>24.0</ele>
    <time>2026-08-13T06:33:36Z</time>
   </trkpt>
   <trkpt lat="22.7429860" lon="120.3373430">
    <ele>24.0</ele>
    <time>2026-08-13T06:33:37Z</time>
   </trkpt>
   <trkpt lat="22.7429920" lon="120.3373520">
    <ele>24.0</ele>
    <time>2026-08-13T06:33:38Z</time>
   </trkpt>
   <trkpt lat="22.7429920" lon="120.3373620">
    <ele>24.0</ele>
    <time>2026-08-13T06:33:39Z</time>
   </trkpt>
   <trkpt lat="22.7430020" lon="120.3373780">
    <ele>24.0</ele>
    <time>2026-08-13T06:33:40Z</time>
   </trkpt>
   <trkpt lat="22.7430170" lon="120.3373910">
    <ele>24.0</ele>
    <time>2026-08-13T06:33:41Z</time>
   </trkpt>
   <trkpt lat="22.7430200" lon="120.3374070">
    <ele>24.0</ele>
    <time>2026-08-13T06:33:42Z</time>
   </trkpt>
   <trkpt lat="22.7430200" lon="120.3374170">
    <ele>24.0</ele>
    <time>2026-08-13T06:33:43Z</time>
   </trkpt>
   <trkpt lat="22.7430330" lon="120.3374250">
    <ele>24.0</ele>
    <time>2026-08-13T06:33:44Z</time>
   </trkpt>
   <trkpt lat="22.7430490" lon="120.3374360">
    <ele>24.0</ele>
    <time>2026-08-13T06:33:45Z</time>
   </trkpt>
   <trkpt lat="22.7430550" lon="120.3374510">
    <ele>24.0</ele>
    <time>2026-08-13T06:33:46Z</time>
   </trkpt>
   <trkpt lat="22.7430640" lon="120.3374620">
    <ele>24.0</ele>
    <time>2026-08-13T06:33:47Z</time>
   </trkpt>
   <trkpt lat="22.7430740" lon="120.3374730">
    <ele>24.0</ele>
    <time>2026-08-13T06:33:48Z</time>
   </trkpt>
   <trkpt lat="22.7430830" lon="120.3374790">
    <ele>24.1</ele>
    <time>2026-08-13T06:33:49Z</time>
   </trkpt>
   <trkpt lat="22.7430900" lon="120.3374870">
    <ele>24.1</ele>
    <time>2026-08-13T06:33:50Z</time>
   </trkpt>
   <trkpt lat="22.7431000" lon="120.3374930">
    <ele>24.1</ele>
    <time>2026-08-13T06:33:51Z</time>
   </trkpt>
   <trkpt lat="22.7431120" lon="120.3374950">
    <ele>24.1</ele>
    <time>2026-08-13T06:33:52Z</time>
   </trkpt>
   <trkpt lat="22.7431230" lon="120.3375030">
    <ele>24.1</ele>
    <time>2026-08-13T06:33:53Z</time>
   </trkpt>
   <trkpt lat="22.7431350" lon="120.3375080">
    <ele>24.1</ele>
    <time>2026-08-13T06:33:54Z</time>
   </trkpt>
   <trkpt lat="22.7431420" lon="120.3375060">
    <ele>24.1</ele>
    <time>2026-08-13T06:33:55Z</time>
   </trkpt>
   <trkpt lat="22.7431540" lon="120.3375030">
    <ele>24.1</ele>
    <time>2026-08-13T06:33:56Z</time>
   </trkpt>
   <trkpt lat="22.7431670" lon="120.3375060">
    <ele>24.1</ele>
    <time>2026-08-13T06:33:57Z</time>
   </trkpt>
   <trkpt lat="22.7431710" lon="120.3375120">
    <ele>24.1</ele>
    <time>2026-08-13T06:33:58Z</time>
   </trkpt>
   <trkpt lat="22.7431830" lon="120.3375170">
    <ele>24.1</ele>
    <time>2026-08-13T06:33:59Z</time>
   </trkpt>
   <trkpt lat="22.7431990" lon="120.3375200">
    <ele>24.1</ele>
    <time>2026-08-13T06:34:00Z</time>
   </trkpt>
   <trkpt lat="22.7432090" lon="120.3375280">
    <ele>24.1</ele>
    <time>2026-08-13T06:34:01Z</time>
   </trkpt>
   <trkpt lat="22.7432200" lon="120.3375360">
    <ele>24.1</ele>
    <time>2026-08-13T06:34:02Z</time>
   </trkpt>
   <trkpt lat="22.7432290" lon="120.3375360">
    <ele>24.1</ele>
    <time>2026-08-13T06:34:03Z</time>
   </trkpt>
   <trkpt lat="22.7432330" lon="120.3375420">
    <ele>24.0</ele>
    <time>2026-08-13T06:34:04Z</time>
   </trkpt>
   <trkpt lat="22.7432330" lon="120.3375500">
    <ele>24.0</ele>
    <time>2026-08-13T06:34:05Z</time>
   </trkpt>
   <trkpt lat="22.7432330" lon="120.3375610">
    <ele>23.9</ele>
    <time>2026-08-13T06:34:06Z</time>
   </trkpt>
   <trkpt lat="22.7432370" lon="120.3375740">
    <ele>23.9</ele>
    <time>2026-08-13T06:34:07Z</time>
   </trkpt>
   <trkpt lat="22.7432380" lon="120.3375840">
    <ele>23.8</ele>
    <time>2026-08-13T06:34:08Z</time>
   </trkpt>
   <trkpt lat="22.7432420" lon="120.3375960">
    <ele>23.8</ele>
    <time>2026-08-13T06:34:09Z</time>
   </trkpt>
   <trkpt lat="22.7432370" lon="120.3376060">
    <ele>23.7</ele>
    <time>2026-08-13T06:34:10Z</time>
   </trkpt>
   <trkpt lat="22.7432360" lon="120.3376190">
    <ele>23.6</ele>
    <time>2026-08-13T06:34:11Z</time>
   </trkpt>
   <trkpt lat="22.7432330" lon="120.3376270">
    <ele>23.6</ele>
    <time>2026-08-13T06:34:12Z</time>
   </trkpt>
   <trkpt lat="22.7432270" lon="120.3376310">
    <ele>23.6</ele>
    <time>2026-08-13T06:34:13Z</time>
   </trkpt>
   <trkpt lat="22.7432170" lon="120.3376370">
    <ele>23.5</ele>
    <time>2026-08-13T06:34:14Z</time>
   </trkpt>
   <trkpt lat="22.7432130" lon="120.3376450">
    <ele>23.5</ele>
    <time>2026-08-13T06:34:15Z</time>
   </trkpt>
   <trkpt lat="22.7432130" lon="120.3376530">
    <ele>23.4</ele>
    <time>2026-08-13T06:34:16Z</time>
   </trkpt>
   <trkpt lat="22.7432080" lon="120.3376590">
    <ele>23.4</ele>
    <time>2026-08-13T06:34:17Z</time>
   </trkpt>
   <trkpt lat="22.7432090" lon="120.3376690">
    <ele>23.3</ele>
    <time>2026-08-13T06:34:18Z</time>
   </trkpt>
   <trkpt lat="22.7432040" lon="120.3376750">
    <ele>23.3</ele>
    <time>2026-08-13T06:34:19Z</time>
   </trkpt>
   <trkpt lat="22.7431960" lon="120.3376840">
    <ele>23.2</ele>
    <time>2026-08-13T06:34:20Z</time>
   </trkpt>
   <trkpt lat="22.7431930" lon="120.3377010">
    <ele>23.1</ele>
    <time>2026-08-13T06:34:21Z</time>
   </trkpt>
   <trkpt lat="22.7431910" lon="120.3377180">
    <ele>23.1</ele>
    <time>2026-08-13T06:34:22Z</time>
   </trkpt>
   <trkpt lat="22.7431900" lon="120.3377290">
    <ele>23.0</ele>
    <time>2026-08-13T06:34:23Z</time>
   </trkpt>
   <trkpt lat="22.7431830" lon="120.3377320">
    <ele>23.0</ele>
    <time>2026-08-13T06:34:24Z</time>
   </trkpt>
   <trkpt lat="22.7431770" lon="120.3377490">
    <ele>22.9</ele>
    <time>2026-08-13T06:34:25Z</time>
   </trkpt>
   <trkpt lat="22.7431600" lon="120.3377560">
    <ele>22.8</ele>
    <time>2026-08-13T06:34:26Z</time>
   </trkpt>
   <trkpt lat="22.7431510" lon="120.3377560">
    <ele>22.7</ele>
    <time>2026-08-13T06:34:27Z</time>
   </trkpt>
   <trkpt lat="22.7431470" lon="120.3377650">
    <ele>22.7</ele>
    <time>2026-08-13T06:34:28Z</time>
   </trkpt>
   <trkpt lat="22.7431410" lon="120.3377830">
    <ele>22.6</ele>
    <time>2026-08-13T06:34:29Z</time>
   </trkpt>
   <trkpt lat="22.7431330" lon="120.3377920">
    <ele>22.6</ele>
    <time>2026-08-13T06:34:30Z</time>
   </trkpt>
   <trkpt lat="22.7431300" lon="120.3378030">
    <ele>22.5</ele>
    <time>2026-08-13T06:34:31Z</time>
   </trkpt>
   <trkpt lat="22.7431160" lon="120.3378100">
    <ele>22.5</ele>
    <time>2026-08-13T06:34:32Z</time>
   </trkpt>
   <trkpt lat="22.7431060" lon="120.3378100">
    <ele>22.4</ele>
    <time>2026-08-13T06:34:33Z</time>
   </trkpt>
   <trkpt lat="22.7430890" lon="120.3378150">
    <ele>22.4</ele>
    <time>2026-08-13T06:34:34Z</time>
   </trkpt>
   <trkpt lat="22.7430770" lon="120.3378190">
    <ele>22.3</ele>
    <time>2026-08-13T06:34:35Z</time>
   </trkpt>
   <trkpt lat="22.7430630" lon="120.3378260">
    <ele>22.3</ele>
    <time>2026-08-13T06:34:36Z</time>
   </trkpt>
   <trkpt lat="22.7430550" lon="120.3378280">
    <ele>22.2</ele>
    <time>2026-08-13T06:34:37Z</time>
   </trkpt>
   <trkpt lat="22.7430520" lon="120.3378420">
    <ele>22.2</ele>
    <time>2026-08-13T06:34:38Z</time>
   </trkpt>
   <trkpt lat="22.7430500" lon="120.3378580">
    <ele>22.1</ele>
    <time>2026-08-13T06:34:39Z</time>
   </trkpt>
   <trkpt lat="22.7430480" lon="120.3378750">
    <ele>22.1</ele>
    <time>2026-08-13T06:34:40Z</time>
   </trkpt>
   <trkpt lat="22.7430500" lon="120.3378890">
    <ele>22.0</ele>
    <time>2026-08-13T06:34:41Z</time>
   </trkpt>
   <trkpt lat="22.7430500" lon="120.3379010">
    <ele>22.0</ele>
    <time>2026-08-13T06:34:42Z</time>
   </trkpt>
   <trkpt lat="22.7430470" lon="120.3379180">
    <ele>21.9</ele>
    <time>2026-08-13T06:34:43Z</time>
   </trkpt>
   <trkpt lat="22.7430430" lon="120.3379360">
    <ele>21.9</ele>
    <time>2026-08-13T06:34:44Z</time>
   </trkpt>
   <trkpt lat="22.7430310" lon="120.3379470">
    <ele>21.8</ele>
    <time>2026-08-13T06:34:45Z</time>
   </trkpt>
   <trkpt lat="22.7430210" lon="120.3379580">
    <ele>21.8</ele>
    <time>2026-08-13T06:34:46Z</time>
   </trkpt>
   <trkpt lat="22.7430180" lon="120.3379700">
    <ele>21.7</ele>
    <time>2026-08-13T06:34:47Z</time>
   </trkpt>
   <trkpt lat="22.7430170" lon="120.3379940">
    <ele>21.6</ele>
    <time>2026-08-13T06:34:48Z</time>
   </trkpt>
   <trkpt lat="22.7430150" lon="120.3380060">
    <ele>21.6</ele>
    <time>2026-08-13T06:34:49Z</time>
   </trkpt>
   <trkpt lat="22.7430050" lon="120.3380150">
    <ele>21.5</ele>
    <time>2026-08-13T06:34:50Z</time>
   </trkpt>
   <trkpt lat="22.7429950" lon="120.3380140">
    <ele>21.5</ele>
    <time>2026-08-13T06:34:51Z</time>
   </trkpt>
   <trkpt lat="22.7429840" lon="120.3380210">
    <ele>21.5</ele>
    <time>2026-08-13T06:34:52Z</time>
   </trkpt>
   <trkpt lat="22.7429800" lon="120.3380290">
    <ele>21.4</ele>
    <time>2026-08-13T06:34:53Z</time>
   </trkpt>
   <trkpt lat="22.7429710" lon="120.3380380">
    <ele>21.4</ele>
    <time>2026-08-13T06:34:54Z</time>
   </trkpt>
   <trkpt lat="22.7429630" lon="120.3380410">
    <ele>21.4</ele>
    <time>2026-08-13T06:34:55Z</time>
   </trkpt>
   <trkpt lat="22.7429560" lon="120.3380520">
    <ele>21.3</ele>
    <time>2026-08-13T06:34:56Z</time>
   </trkpt>
   <trkpt lat="22.7429490" lon="120.3380580">
    <ele>21.3</ele>
    <time>2026-08-13T06:34:57Z</time>
   </trkpt>
   <trkpt lat="22.7429340" lon="120.3380610">
    <ele>21.3</ele>
    <time>2026-08-13T06:34:58Z</time>
   </trkpt>
   <trkpt lat="22.7429140" lon="120.3380640">
    <ele>21.2</ele>
    <time>2026-08-13T06:34:59Z</time>
   </trkpt>
   <trkpt lat="22.7428990" lon="120.3380690">
    <ele>21.2</ele>
    <time>2026-08-13T06:35:00Z</time>
   </trkpt>
   <trkpt lat="22.7428840" lon="120.3380750">
    <ele>21.2</ele>
    <time>2026-08-13T06:35:01Z</time>
   </trkpt>
   <trkpt lat="22.7428710" lon="120.3380770">
    <ele>21.1</ele>
    <time>2026-08-13T06:35:02Z</time>
   </trkpt>
   <trkpt lat="22.7428600" lon="120.3380830">
    <ele>21.1</ele>
    <time>2026-08-13T06:35:03Z</time>
   </trkpt>
   <trkpt lat="22.7428510" lon="120.3380920">
    <ele>21.1</ele>
    <time>2026-08-13T06:35:04Z</time>
   </trkpt>
   <trkpt lat="22.7428400" lon="120.3381010">
    <ele>21.1</ele>
    <time>2026-08-13T06:35:05Z</time>
   </trkpt>
   <trkpt lat="22.7428270" lon="120.3381080">
    <ele>21.0</ele>
    <time>2026-08-13T06:35:06Z</time>
   </trkpt>
   <trkpt lat="22.7428160" lon="120.3381090">
    <ele>21.0</ele>
    <time>2026-08-13T06:35:07Z</time>
   </trkpt>
   <trkpt lat="22.7428070" lon="120.3381150">
    <ele>21.0</ele>
    <time>2026-08-13T06:35:08Z</time>
   </trkpt>
   <trkpt lat="22.7428030" lon="120.3381220">
    <ele>21.0</ele>
    <time>2026-08-13T06:35:09Z</time>
   </trkpt>
   <trkpt lat="22.7427900" lon="120.3381250">
    <ele>21.0</ele>
    <time>2026-08-13T06:35:10Z</time>
   </trkpt>
   <trkpt lat="22.7427790" lon="120.3381240">
    <ele>21.0</ele>
    <time>2026-08-13T06:35:11Z</time>
   </trkpt>
   <trkpt lat="22.7427720" lon="120.3381240">
    <ele>21.0</ele>
    <time>2026-08-13T06:35:12Z</time>
   </trkpt>
   <trkpt lat="22.7427650" lon="120.3381210">
    <ele>21.0</ele>
    <time>2026-08-13T06:35:13Z</time>
   </trkpt>
   <trkpt lat="22.7427600" lon="120.3381160">
    <ele>21.0</ele>
    <time>2026-08-13T06:35:14Z</time>
   </trkpt>
   <trkpt lat="22.7427520" lon="120.3381120">
    <ele>21.0</ele>
    <time>2026-08-13T06:35:15Z</time>
   </trkpt>
   <trkpt lat="22.7427410" lon="120.3381040">
    <ele>21.0</ele>
    <time>2026-08-13T06:35:16Z</time>
   </trkpt>
   <trkpt lat="22.7427310" lon="120.3380980">
    <ele>21.0</ele>
    <time>2026-08-13T06:35:17Z</time>
   </trkpt>
   <trkpt lat="22.7427190" lon="120.3380950">
    <ele>21.0</ele>
    <time>2026-08-13T06:35:18Z</time>
   </trkpt>
   <trkpt lat="22.7427090" lon="120.3380920">
    <ele>21.0</ele>
    <time>2026-08-13T06:35:19Z</time>
   </trkpt>
   <trkpt lat="22.7426980" lon="120.3380890">
    <ele>21.0</ele>
    <time>2026-08-13T06:35:20Z</time>
   </trkpt>
   <trkpt lat="22.7426860" lon="120.3380880">
    <ele>21.0</ele>
    <time>2026-08-13T06:35:21Z</time>
   </trkpt>
   <trkpt lat="22.7426750" lon="120.3380830">
    <ele>21.0</ele>
    <time>2026-08-13T06:35:22Z</time>
   </trkpt>
   <trkpt lat="22.7426630" lon="120.3380820">
    <ele>21.0</ele>
    <time>2026-08-13T06:35:23Z</time>
   </trkpt>
   <trkpt lat="22.7426460" lon="120.3380790">
    <ele>21.0</ele>
    <time>2026-08-13T06:35:24Z</time>
   </trkpt>
   <trkpt lat="22.7426330" lon="120.3380770">
    <ele>21.0</ele>
    <time>2026-08-13T06:35:25Z</time>
   </trkpt>
   <trkpt lat="22.7426170" lon="120.3380790">
    <ele>21.0</ele>
    <time>2026-08-13T06:35:26Z</time>
   </trkpt>
   <trkpt lat="22.7426080" lon="120.3380760">
    <ele>21.0</ele>
    <time>2026-08-13T06:35:27Z</time>
   </trkpt>
   <trkpt lat="22.7425980" lon="120.3380730">
    <ele>21.0</ele>
    <time>2026-08-13T06:35:28Z</time>
   </trkpt>
   <trkpt lat="22.7425890" lon="120.3380700">
    <ele>21.0</ele>
    <time>2026-08-13T06:35:29Z</time>
   </trkpt>
   <trkpt lat="22.7425760" lon="120.3380740">
    <ele>21.0</ele>
    <time>2026-08-13T06:35:30Z</time>
   </trkpt>
   <trkpt lat="22.7425810" lon="120.3380860">
    <ele>21.0</ele>
    <time>2026-08-13T06:35:31Z</time>
   </trkpt>
   <trkpt lat="22.7425880" lon="120.3380840">
    <ele>21.0</ele>
    <time>2026-08-13T06:35:32Z</time>
   </trkpt>
   <trkpt lat="22.7425980" lon="120.3380850">
    <ele>21.0</ele>
    <time>2026-08-13T06:35:33Z</time>
   </trkpt>
   <trkpt lat="22.7426010" lon="120.3380890">
    <ele>21.0</ele>
    <time>2026-08-13T06:35:34Z</time>
   </trkpt>
   <trkpt lat="22.7426050" lon="120.3380880">
    <ele>21.0</ele>
    <time>2026-08-13T06:35:35Z</time>
   </trkpt>
   <trkpt lat="22.7426120" lon="120.3380900">
    <ele>21.0</ele>
    <time>2026-08-13T06:35:36Z</time>
   </trkpt>
   <trkpt lat="22.7426250" lon="120.3380990">
    <ele>21.0</ele>
    <time>2026-08-13T06:35:37Z</time>
   </trkpt>
   <trkpt lat="22.7426410" lon="120.3381100">
    <ele>20.9</ele>
    <time>2026-08-13T06:35:38Z</time>
   </trkpt>
   <trkpt lat="22.7426510" lon="120.3381180">
    <ele>20.9</ele>
    <time>2026-08-13T06:35:39Z</time>
   </trkpt>
   <trkpt lat="22.7426570" lon="120.3381280">
    <ele>20.9</ele>
    <time>2026-08-13T06:35:40Z</time>
   </trkpt>
   <trkpt lat="22.7426680" lon="120.3381300">
    <ele>20.9</ele>
    <time>2026-08-13T06:35:41Z</time>
   </trkpt>
   <trkpt lat="22.7426880" lon="120.3381380">
    <ele>20.9</ele>
    <time>2026-08-13T06:35:42Z</time>
   </trkpt>
   <trkpt lat="22.7426970" lon="120.3381420">
    <ele>20.9</ele>
    <time>2026-08-13T06:35:43Z</time>
   </trkpt>
   <trkpt lat="22.7427070" lon="120.3381510">
    <ele>20.9</ele>
    <time>2026-08-13T06:35:44Z</time>
   </trkpt>
   <trkpt lat="22.7427180" lon="120.3381620">
    <ele>20.9</ele>
    <time>2026-08-13T06:35:45Z</time>
   </trkpt>
   <trkpt lat="22.7427310" lon="120.3381720">
    <ele>20.9</ele>
    <time>2026-08-13T06:35:46Z</time>
   </trkpt>
   <trkpt lat="22.7427420" lon="120.3381830">
    <ele>21.0</ele>
    <time>2026-08-13T06:35:47Z</time>
   </trkpt>
   <trkpt lat="22.7427310" lon="120.3381960">
    <ele>21.1</ele>
    <time>2026-08-13T06:35:48Z</time>
   </trkpt>
   <trkpt lat="22.7427380" lon="120.3382140">
    <ele>21.2</ele>
    <time>2026-08-13T06:35:49Z</time>
   </trkpt>
   <trkpt lat="22.7427350" lon="120.3382190">
    <ele>21.3</ele>
    <time>2026-08-13T06:35:50Z</time>
   </trkpt>
   <trkpt lat="22.7427290" lon="120.3382260">
    <ele>21.4</ele>
    <time>2026-08-13T06:35:51Z</time>
   </trkpt>
   <trkpt lat="22.7427210" lon="120.3382350">
    <ele>21.5</ele>
    <time>2026-08-13T06:35:52Z</time>
   </trkpt>
   <trkpt lat="22.7427160" lon="120.3382490">
    <ele>21.6</ele>
    <time>2026-08-13T06:35:53Z</time>
   </trkpt>
   <trkpt lat="22.7427160" lon="120.3382670">
    <ele>21.7</ele>
    <time>2026-08-13T06:35:54Z</time>
   </trkpt>
   <trkpt lat="22.7427110" lon="120.3382790">
    <ele>21.8</ele>
    <time>2026-08-13T06:35:55Z</time>
   </trkpt>
   <trkpt lat="22.7427060" lon="120.3382970">
    <ele>22.0</ele>
    <time>2026-08-13T06:35:56Z</time>
   </trkpt>
   <trkpt lat="22.7427040" lon="120.3383140">
    <ele>22.1</ele>
    <time>2026-08-13T06:35:57Z</time>
   </trkpt>
   <trkpt lat="22.7427030" lon="120.3383310">
    <ele>22.2</ele>
    <time>2026-08-13T06:35:58Z</time>
   </trkpt>
   <trkpt lat="22.7426920" lon="120.3383400">
    <ele>22.4</ele>
    <time>2026-08-13T06:35:59Z</time>
   </trkpt>
   <trkpt lat="22.7426770" lon="120.3383440">
    <ele>22.5</ele>
    <time>2026-08-13T06:36:00Z</time>
   </trkpt>
   <trkpt lat="22.7426640" lon="120.3383410">
    <ele>22.6</ele>
    <time>2026-08-13T06:36:01Z</time>
   </trkpt>
   <trkpt lat="22.7426530" lon="120.3383350">
    <ele>22.7</ele>
    <time>2026-08-13T06:36:02Z</time>
   </trkpt>
   <trkpt lat="22.7426390" lon="120.3383440">
    <ele>22.9</ele>
    <time>2026-08-13T06:36:03Z</time>
   </trkpt>
   <trkpt lat="22.7426370" lon="120.3383500">
    <ele>22.9</ele>
    <time>2026-08-13T06:36:04Z</time>
   </trkpt>
   <trkpt lat="22.7426350" lon="120.3383580">
    <ele>23.0</ele>
    <time>2026-08-13T06:36:05Z</time>
   </trkpt>
   <trkpt lat="22.7426300" lon="120.3383720">
    <ele>23.1</ele>
    <time>2026-08-13T06:36:06Z</time>
   </trkpt>
   <trkpt lat="22.7426250" lon="120.3383900">
    <ele>23.2</ele>
    <time>2026-08-13T06:36:07Z</time>
   </trkpt>
   <trkpt lat="22.7426270" lon="120.3384060">
    <ele>23.4</ele>
    <time>2026-08-13T06:36:08Z</time>
   </trkpt>
   <trkpt lat="22.7426190" lon="120.3384180">
    <ele>23.5</ele>
    <time>2026-08-13T06:36:09Z</time>
   </trkpt>
   <trkpt lat="22.7426200" lon="120.3384330">
    <ele>23.6</ele>
    <time>2026-08-13T06:36:10Z</time>
   </trkpt>
   <trkpt lat="22.7426160" lon="120.3384490">
    <ele>23.8</ele>
    <time>2026-08-13T06:36:11Z</time>
   </trkpt>
   <trkpt lat="22.7426140" lon="120.3384660">
    <ele>23.9</ele>
    <time>2026-08-13T06:36:12Z</time>
   </trkpt>
   <trkpt lat="22.7426070" lon="120.3384770">
    <ele>24.0</ele>
    <time>2026-08-13T06:36:13Z</time>
   </trkpt>
   <trkpt lat="22.7425970" lon="120.3384840">
    <ele>24.1</ele>
    <time>2026-08-13T06:36:14Z</time>
   </trkpt>
   <trkpt lat="22.7425960" lon="120.3385040">
    <ele>24.3</ele>
    <time>2026-08-13T06:36:15Z</time>
   </trkpt>
   <trkpt lat="22.7425880" lon="120.3385000">
    <ele>24.4</ele>
    <time>2026-08-13T06:36:16Z</time>
   </trkpt>
   <trkpt lat="22.7425750" lon="120.3385050">
    <ele>24.5</ele>
    <time>2026-08-13T06:36:17Z</time>
   </trkpt>
   <trkpt lat="22.7425630" lon="120.3385150">
    <ele>24.7</ele>
    <time>2026-08-13T06:36:18Z</time>
   </trkpt>
   <trkpt lat="22.7425480" lon="120.3385210">
    <ele>24.8</ele>
    <time>2026-08-13T06:36:19Z</time>
   </trkpt>
   <trkpt lat="22.7425350" lon="120.3385290">
    <ele>25.0</ele>
    <time>2026-08-13T06:36:20Z</time>
   </trkpt>
   <trkpt lat="22.7425300" lon="120.3385430">
    <ele>25.0</ele>
    <time>2026-08-13T06:36:21Z</time>
   </trkpt>
   <trkpt lat="22.7425280" lon="120.3385540">
    <ele>24.9</ele>
    <time>2026-08-13T06:36:22Z</time>
   </trkpt>
   <trkpt lat="22.7425190" lon="120.3385630">
    <ele>24.9</ele>
    <time>2026-08-13T06:36:23Z</time>
   </trkpt>
   <trkpt lat="22.7425010" lon="120.3385640">
    <ele>24.9</ele>
    <time>2026-08-13T06:36:24Z</time>
   </trkpt>
   <trkpt lat="22.7424870" lon="120.3385710">
    <ele>24.9</ele>
    <time>2026-08-13T06:36:25Z</time>
   </trkpt>
   <trkpt lat="22.7424790" lon="120.3385790">
    <ele>24.9</ele>
    <time>2026-08-13T06:36:26Z</time>
   </trkpt>
   <trkpt lat="22.7424690" lon="120.3385830">
    <ele>24.9</ele>
    <time>2026-08-13T06:36:27Z</time>
   </trkpt>
   <trkpt lat="22.7424490" lon="120.3385790">
    <ele>24.9</ele>
    <time>2026-08-13T06:36:28Z</time>
   </trkpt>
   <trkpt lat="22.7424390" lon="120.3385890">
    <ele>24.9</ele>
    <time>2026-08-13T06:36:29Z</time>
   </trkpt>
   <trkpt lat="22.7424270" lon="120.3385940">
    <ele>24.9</ele>
    <time>2026-08-13T06:36:30Z</time>
   </trkpt>
   <trkpt lat="22.7424240" lon="120.3386060">
    <ele>24.9</ele>
    <time>2026-08-13T06:36:31Z</time>
   </trkpt>
   <trkpt lat="22.7424170" lon="120.3386180">
    <ele>24.9</ele>
    <time>2026-08-13T06:36:32Z</time>
   </trkpt>
   <trkpt lat="22.7424090" lon="120.3386240">
    <ele>24.9</ele>
    <time>2026-08-13T06:36:33Z</time>
   </trkpt>
   <trkpt lat="22.7424120" lon="120.3386180">
    <ele>24.9</ele>
    <time>2026-08-13T06:36:34Z</time>
   </trkpt>
   <trkpt lat="22.7424130" lon="120.3386190">
    <ele>24.9</ele>
    <time>2026-08-13T06:36:35Z</time>
   </trkpt>
   <trkpt lat="22.7424130" lon="120.3386190">
    <ele>24.9</ele>
    <time>2026-08-13T06:36:36Z</time>
   </trkpt>
   <trkpt lat="22.7424130" lon="120.3386190">
    <ele>24.9</ele>
    <time>2026-08-13T06:36:37Z</time>
   </trkpt>
   <trkpt lat="22.7424130" lon="120.3386190">
    <ele>24.9</ele>
    <time>2026-08-13T06:36:38Z</time>
   </trkpt>
   <trkpt lat="22.7424130" lon="120.3386190">
    <ele>24.9</ele>
    <time>2026-08-13T06:36:39Z</time>
   </trkpt>
   <trkpt lat="22.7424130" lon="120.3386190">
    <ele>24.9</ele>
    <time>2026-08-13T06:36:40Z</time>
   </trkpt>
   <trkpt lat="22.7424130" lon="120.3386190">
    <ele>24.9</ele>
    <time>2026-08-13T06:36:41Z</time>
   </trkpt>
   <trkpt lat="22.7424130" lon="120.3386190">
    <ele>24.9</ele>
    <time>2026-08-13T06:36:42Z</time>
   </trkpt>
   <trkpt lat="22.7424620" lon="120.3385900">
    <ele>24.9</ele>
    <time>2026-08-13T06:36:47Z</time>
   </trkpt>
   <trkpt lat="22.7424690" lon="120.3385840">
    <ele>24.8</ele>
    <time>2026-08-13T06:36:48Z</time>
   </trkpt>
   <trkpt lat="22.7424740" lon="120.3385770">
    <ele>24.8</ele>
    <time>2026-08-13T06:36:49Z</time>
   </trkpt>
   <trkpt lat="22.7424740" lon="120.3385650">
    <ele>24.8</ele>
    <time>2026-08-13T06:36:50Z</time>
   </trkpt>
   <trkpt lat="22.7424780" lon="120.3385570">
    <ele>24.8</ele>
    <time>2026-08-13T06:36:51Z</time>
   </trkpt>
   <trkpt lat="22.7424800" lon="120.3385570">
    <ele>24.8</ele>
    <time>2026-08-13T06:36:52Z</time>
   </trkpt>
   <trkpt lat="22.7424840" lon="120.3385520">
    <ele>24.8</ele>
    <time>2026-08-13T06:36:53Z</time>
   </trkpt>
   <trkpt lat="22.7425060" lon="120.3385430">
    <ele>24.8</ele>
    <time>2026-08-13T06:36:54Z</time>
   </trkpt>
   <trkpt lat="22.7425110" lon="120.3385330">
    <ele>24.8</ele>
    <time>2026-08-13T06:36:55Z</time>
   </trkpt>
   <trkpt lat="22.7425070" lon="120.3385290">
    <ele>24.8</ele>
    <time>2026-08-13T06:36:56Z</time>
   </trkpt>
   <trkpt lat="22.7425060" lon="120.3385290">
    <ele>24.8</ele>
    <time>2026-08-13T06:36:57Z</time>
   </trkpt>
   <trkpt lat="22.7425080" lon="120.3385290">
    <ele>24.8</ele>
    <time>2026-08-13T06:36:58Z</time>
   </trkpt>
   <trkpt lat="22.7425140" lon="120.3385230">
    <ele>24.8</ele>
    <time>2026-08-13T06:36:59Z</time>
   </trkpt>
   <trkpt lat="22.7425110" lon="120.3385210">
    <ele>24.8</ele>
    <time>2026-08-13T06:37:00Z</time>
   </trkpt>
   <trkpt lat="22.7425150" lon="120.3385180">
    <ele>24.8</ele>
    <time>2026-08-13T06:37:01Z</time>
   </trkpt>
   <trkpt lat="22.7425330" lon="120.3385280">
    <ele>24.8</ele>
    <time>2026-08-13T06:37:02Z</time>
   </trkpt>
   <trkpt lat="22.7425550" lon="120.3385100">
    <ele>24.9</ele>
    <time>2026-08-13T06:37:03Z</time>
   </trkpt>
   <trkpt lat="22.7425590" lon="120.3384810">
    <ele>24.6</ele>
    <time>2026-08-13T06:37:04Z</time>
   </trkpt>
   <trkpt lat="22.7425700" lon="120.3384710">
    <ele>24.6</ele>
    <time>2026-08-13T06:37:05Z</time>
   </trkpt>
   <trkpt lat="22.7425530" lon="120.3384540">
    <ele>24.5</ele>
    <time>2026-08-13T06:37:06Z</time>
   </trkpt>
   <trkpt lat="22.7425590" lon="120.3384510">
    <ele>24.5</ele>
    <time>2026-08-13T06:37:07Z</time>
   </trkpt>
   <trkpt lat="22.7425700" lon="120.3384720">
    <ele>24.5</ele>
    <time>2026-08-13T06:37:08Z</time>
   </trkpt>
   <trkpt lat="22.7425800" lon="120.3384870">
    <ele>24.4</ele>
    <time>2026-08-13T06:37:09Z</time>
   </trkpt>
   <trkpt lat="22.7425970" lon="120.3384640">
    <ele>24.4</ele>
    <time>2026-08-13T06:37:10Z</time>
   </trkpt>
   <trkpt lat="22.7426150" lon="120.3384290">
    <ele>24.3</ele>
    <time>2026-08-13T06:37:11Z</time>
   </trkpt>
   <trkpt lat="22.7426510" lon="120.3384300">
    <ele>24.2</ele>
    <time>2026-08-13T06:37:12Z</time>
   </trkpt>
   <trkpt lat="22.7426870" lon="120.3384310">
    <ele>24.1</ele>
    <time>2026-08-13T06:37:13Z</time>
   </trkpt>
   <trkpt lat="22.7426970" lon="120.3384200">
    <ele>24.1</ele>
    <time>2026-08-13T06:37:14Z</time>
   </trkpt>
   <trkpt lat="22.7427160" lon="120.3384050">
    <ele>24.0</ele>
    <time>2026-08-13T06:37:15Z</time>
   </trkpt>
   <trkpt lat="22.7427150" lon="120.3384080">
    <ele>24.0</ele>
    <time>2026-08-13T06:37:16Z</time>
   </trkpt>
   <trkpt lat="22.7427450" lon="120.3383950">
    <ele>23.9</ele>
    <time>2026-08-13T06:37:17Z</time>
   </trkpt>
   <trkpt lat="22.7427590" lon="120.3384030">
    <ele>23.9</ele>
    <time>2026-08-13T06:37:18Z</time>
   </trkpt>
   <trkpt lat="22.7427480" lon="120.3384100">
    <ele>23.9</ele>
    <time>2026-08-13T06:37:19Z</time>
   </trkpt>
   <trkpt lat="22.7427370" lon="120.3384140">
    <ele>23.8</ele>
    <time>2026-08-13T06:37:20Z</time>
   </trkpt>
   <trkpt lat="22.7427300" lon="120.3384010">
    <ele>23.8</ele>
    <time>2026-08-13T06:37:21Z</time>
   </trkpt>
   <trkpt lat="22.7427310" lon="120.3384060">
    <ele>23.8</ele>
    <time>2026-08-13T06:37:22Z</time>
   </trkpt>
   <trkpt lat="22.7427280" lon="120.3384080">
    <ele>23.8</ele>
    <time>2026-08-13T06:37:23Z</time>
   </trkpt>
   <trkpt lat="22.7427260" lon="120.3384170">
    <ele>23.8</ele>
    <time>2026-08-13T06:37:24Z</time>
   </trkpt>
   <trkpt lat="22.7427230" lon="120.3384280">
    <ele>23.8</ele>
    <time>2026-08-13T06:37:25Z</time>
   </trkpt>
   <trkpt lat="22.7427150" lon="120.3384240">
    <ele>23.7</ele>
    <time>2026-08-13T06:37:26Z</time>
   </trkpt>
   <trkpt lat="22.7427030" lon="120.3384190">
    <ele>23.7</ele>
    <time>2026-08-13T06:37:27Z</time>
   </trkpt>
   <trkpt lat="22.7426900" lon="120.3384370">
    <ele>23.7</ele>
    <time>2026-08-13T06:37:28Z</time>
   </trkpt>
   <trkpt lat="22.7426600" lon="120.3384520">
    <ele>23.6</ele>
    <time>2026-08-13T06:37:29Z</time>
   </trkpt>
   <trkpt lat="22.7426210" lon="120.3384890">
    <ele>24.0</ele>
    <time>2026-08-13T06:37:30Z</time>
   </trkpt>
   <trkpt lat="22.7425700" lon="120.3384990">
    <ele>24.2</ele>
    <time>2026-08-13T06:37:31Z</time>
   </trkpt>
   <trkpt lat="22.7425460" lon="120.3385040">
    <ele>24.3</ele>
    <time>2026-08-13T06:37:32Z</time>
   </trkpt>
   <trkpt lat="22.7425330" lon="120.3385090">
    <ele>24.3</ele>
    <time>2026-08-13T06:37:33Z</time>
   </trkpt>
   <trkpt lat="22.7425100" lon="120.3385080">
    <ele>24.4</ele>
    <time>2026-08-13T06:37:34Z</time>
   </trkpt>
   <trkpt lat="22.7424700" lon="120.3385080">
    <ele>24.6</ele>
    <time>2026-08-13T06:37:35Z</time>
   </trkpt>
   <trkpt lat="22.7424350" lon="120.3385000">
    <ele>24.7</ele>
    <time>2026-08-13T06:37:36Z</time>
   </trkpt>
   <trkpt lat="22.7424610" lon="120.3385300">
    <ele>24.8</ele>
    <time>2026-08-13T06:37:37Z</time>
   </trkpt>
   <trkpt lat="22.7424530" lon="120.3385240">
    <ele>24.9</ele>
    <time>2026-08-13T06:37:38Z</time>
   </trkpt>
   <trkpt lat="22.7424540" lon="120.3385140">
    <ele>24.9</ele>
    <time>2026-08-13T06:37:39Z</time>
   </trkpt>
   <trkpt lat="22.7424660" lon="120.3384930">
    <ele>25.0</ele>
    <time>2026-08-13T06:37:40Z</time>
   </trkpt>
   <trkpt lat="22.7424500" lon="120.3385250">
    <ele>24.6</ele>
    <time>2026-08-13T06:37:41Z</time>
   </trkpt>
   <trkpt lat="22.7424460" lon="120.3385490">
    <ele>24.6</ele>
    <time>2026-08-13T06:37:42Z</time>
   </trkpt>
   <trkpt lat="22.7424360" lon="120.3385410">
    <ele>24.5</ele>
    <time>2026-08-13T06:37:43Z</time>
   </trkpt>
   <trkpt lat="22.7424310" lon="120.3385420">
    <ele>24.5</ele>
    <time>2026-08-13T06:37:44Z</time>
   </trkpt>
   <trkpt lat="22.7424190" lon="120.3385360">
    <ele>24.4</ele>
    <time>2026-08-13T06:37:45Z</time>
   </trkpt>
   <trkpt lat="22.7424140" lon="120.3385370">
    <ele>24.4</ele>
    <time>2026-08-13T06:37:46Z</time>
   </trkpt>
   <trkpt lat="22.7423940" lon="120.3385290">
    <ele>24.4</ele>
    <time>2026-08-13T06:37:47Z</time>
   </trkpt>
   <trkpt lat="22.7423780" lon="120.3385270">
    <ele>24.3</ele>
    <time>2026-08-13T06:37:48Z</time>
   </trkpt>
   <trkpt lat="22.7423650" lon="120.3385270">
    <ele>24.3</ele>
    <time>2026-08-13T06:37:49Z</time>
   </trkpt>
   <trkpt lat="22.7424010" lon="120.3386030">
    <ele>24.0</ele>
    <time>2026-08-13T06:38:21Z</time>
   </trkpt>
   <trkpt lat="22.7424010" lon="120.3386030">
    <ele>24.0</ele>
    <time>2026-08-13T06:38:23Z</time>
   </trkpt>
   <trkpt lat="22.7424010" lon="120.3386030">
    <ele>24.0</ele>
    <time>2026-08-13T06:38:24Z</time>
   </trkpt>
   <trkpt lat="22.7424200" lon="120.3386070">
    <ele>24.0</ele>
    <time>2026-08-13T06:38:25Z</time>
   </trkpt>
   <trkpt lat="22.7424220" lon="120.3386030">
    <ele>24.0</ele>
    <time>2026-08-13T06:38:26Z</time>
   </trkpt>
   <trkpt lat="22.7424240" lon="120.3386000">
    <ele>24.0</ele>
    <time>2026-08-13T06:38:27Z</time>
   </trkpt>
   <trkpt lat="22.7424250" lon="120.3385960">
    <ele>24.0</ele>
    <time>2026-08-13T06:38:28Z</time>
   </trkpt>
   <trkpt lat="22.7424270" lon="120.3385920">
    <ele>24.1</ele>
    <time>2026-08-13T06:38:29Z</time>
   </trkpt>
   <trkpt lat="22.7424290" lon="120.3385880">
    <ele>24.1</ele>
    <time>2026-08-13T06:38:30Z</time>
   </trkpt>
   <trkpt lat="22.7424310" lon="120.3385850">
    <ele>24.1</ele>
    <time>2026-08-13T06:38:31Z</time>
   </trkpt>
   <trkpt lat="22.7424590" lon="120.3385250">
    <ele>24.6</ele>
    <time>2026-08-13T06:38:47Z</time>
   </trkpt>
   <trkpt lat="22.7424610" lon="120.3385210">
    <ele>24.7</ele>
    <time>2026-08-13T06:38:48Z</time>
   </trkpt>
   <trkpt lat="22.7424850" lon="120.3384860">
    <ele>24.9</ele>
    <time>2026-08-13T06:38:49Z</time>
   </trkpt>
   <trkpt lat="22.7425030" lon="120.3384570">
    <ele>24.6</ele>
    <time>2026-08-13T06:38:50Z</time>
   </trkpt>
   <trkpt lat="22.7425330" lon="120.3384340">
    <ele>24.2</ele>
    <time>2026-08-13T06:38:51Z</time>
   </trkpt>
   <trkpt lat="22.7425490" lon="120.3384010">
    <ele>23.8</ele>
    <time>2026-08-13T06:38:52Z</time>
   </trkpt>
   <trkpt lat="22.7425720" lon="120.3383680">
    <ele>23.5</ele>
    <time>2026-08-13T06:38:53Z</time>
   </trkpt>
   <trkpt lat="22.7425970" lon="120.3383360">
    <ele>23.1</ele>
    <time>2026-08-13T06:38:54Z</time>
   </trkpt>
   <trkpt lat="22.7426200" lon="120.3383060">
    <ele>22.7</ele>
    <time>2026-08-13T06:38:55Z</time>
   </trkpt>
   <trkpt lat="22.7426550" lon="120.3382720">
    <ele>22.3</ele>
    <time>2026-08-13T06:38:56Z</time>
   </trkpt>
   <trkpt lat="22.7426860" lon="120.3382370">
    <ele>21.9</ele>
    <time>2026-08-13T06:38:57Z</time>
   </trkpt>
   <trkpt lat="22.7427040" lon="120.3382150">
    <ele>21.6</ele>
    <time>2026-08-13T06:38:58Z</time>
   </trkpt>
   <trkpt lat="22.7427190" lon="120.3382000">
    <ele>21.4</ele>
    <time>2026-08-13T06:38:59Z</time>
   </trkpt>
   <trkpt lat="22.7427300" lon="120.3381850">
    <ele>21.3</ele>
    <time>2026-08-13T06:39:00Z</time>
   </trkpt>
   <trkpt lat="22.7427420" lon="120.3381520">
    <ele>21.0</ele>
    <time>2026-08-13T06:39:01Z</time>
   </trkpt>
   <trkpt lat="22.7427340" lon="120.3381090">
    <ele>20.9</ele>
    <time>2026-08-13T06:39:02Z</time>
   </trkpt>
   <trkpt lat="22.7427070" lon="120.3380770">
    <ele>20.9</ele>
    <time>2026-08-13T06:39:03Z</time>
   </trkpt>
   <trkpt lat="22.7426810" lon="120.3380600">
    <ele>20.9</ele>
    <time>2026-08-13T06:39:04Z</time>
   </trkpt>
   <trkpt lat="22.7426570" lon="120.3380330">
    <ele>20.8</ele>
    <time>2026-08-13T06:39:05Z</time>
   </trkpt>
   <trkpt lat="22.7426350" lon="120.3380090">
    <ele>20.8</ele>
    <time>2026-08-13T06:39:06Z</time>
   </trkpt>
   <trkpt lat="22.7426110" lon="120.3379830">
    <ele>20.8</ele>
    <time>2026-08-13T06:39:07Z</time>
   </trkpt>
   <trkpt lat="22.7425830" lon="120.3379590">
    <ele>20.7</ele>
    <time>2026-08-13T06:39:08Z</time>
   </trkpt>
   <trkpt lat="22.7425580" lon="120.3379380">
    <ele>20.7</ele>
    <time>2026-08-13T06:39:09Z</time>
   </trkpt>
   <trkpt lat="22.7425280" lon="120.3379170">
    <ele>20.7</ele>
    <time>2026-08-13T06:39:10Z</time>
   </trkpt>
   <trkpt lat="22.7425030" lon="120.3378930">
    <ele>20.6</ele>
    <time>2026-08-13T06:39:11Z</time>
   </trkpt>
   <trkpt lat="22.7424830" lon="120.3378720">
    <ele>20.6</ele>
    <time>2026-08-13T06:39:12Z</time>
   </trkpt>
   <trkpt lat="22.7424570" lon="120.3378470">
    <ele>20.6</ele>
    <time>2026-08-13T06:39:13Z</time>
   </trkpt>
   <trkpt lat="22.7424260" lon="120.3378240">
    <ele>20.5</ele>
    <time>2026-08-13T06:39:14Z</time>
   </trkpt>
   <trkpt lat="22.7423940" lon="120.3377960">
    <ele>20.5</ele>
    <time>2026-08-13T06:39:15Z</time>
   </trkpt>
   <trkpt lat="22.7423610" lon="120.3377620">
    <ele>20.4</ele>
    <time>2026-08-13T06:39:16Z</time>
   </trkpt>
   <trkpt lat="22.7423420" lon="120.3377340">
    <ele>20.4</ele>
    <time>2026-08-13T06:39:17Z</time>
   </trkpt>
   <trkpt lat="22.7423240" lon="120.3377130">
    <ele>20.3</ele>
    <time>2026-08-13T06:39:18Z</time>
   </trkpt>
   <trkpt lat="22.7423040" lon="120.3376940">
    <ele>20.3</ele>
    <time>2026-08-13T06:39:19Z</time>
   </trkpt>
   <trkpt lat="22.7422850" lon="120.3376800">
    <ele>20.3</ele>
    <time>2026-08-13T06:39:20Z</time>
   </trkpt>
   <trkpt lat="22.7422670" lon="120.3376640">
    <ele>20.3</ele>
    <time>2026-08-13T06:39:21Z</time>
   </trkpt>
   <trkpt lat="22.7422560" lon="120.3376450">
    <ele>20.2</ele>
    <time>2026-08-13T06:39:22Z</time>
   </trkpt>
   <trkpt lat="22.7422560" lon="120.3376180">
    <ele>20.2</ele>
    <time>2026-08-13T06:39:23Z</time>
   </trkpt>
   <trkpt lat="22.7422750" lon="120.3375820">
    <ele>20.0</ele>
    <time>2026-08-13T06:39:24Z</time>
   </trkpt>
   <trkpt lat="22.7423100" lon="120.3375530">
    <ele>19.9</ele>
    <time>2026-08-13T06:39:25Z</time>
   </trkpt>
   <trkpt lat="22.7423380" lon="120.3375320">
    <ele>19.9</ele>
    <time>2026-08-13T06:39:26Z</time>
   </trkpt>
   <trkpt lat="22.7423610" lon="120.3375060">
    <ele>19.8</ele>
    <time>2026-08-13T06:39:27Z</time>
   </trkpt>
   <trkpt lat="22.7423820" lon="120.3374760">
    <ele>19.8</ele>
    <time>2026-08-13T06:39:28Z</time>
   </trkpt>
   <trkpt lat="22.7424070" lon="120.3374460">
    <ele>19.7</ele>
    <time>2026-08-13T06:39:29Z</time>
   </trkpt>
   <trkpt lat="22.7424310" lon="120.3374140">
    <ele>19.7</ele>
    <time>2026-08-13T06:39:30Z</time>
   </trkpt>
   <trkpt lat="22.7424490" lon="120.3373890">
    <ele>19.6</ele>
    <time>2026-08-13T06:39:31Z</time>
   </trkpt>
   <trkpt lat="22.7424670" lon="120.3373660">
    <ele>19.6</ele>
    <time>2026-08-13T06:39:32Z</time>
   </trkpt>
   <trkpt lat="22.7424840" lon="120.3373460">
    <ele>19.5</ele>
    <time>2026-08-13T06:39:33Z</time>
   </trkpt>
   <trkpt lat="22.7425030" lon="120.3373350">
    <ele>19.5</ele>
    <time>2026-08-13T06:39:34Z</time>
   </trkpt>
   <trkpt lat="22.7425230" lon="120.3373300">
    <ele>19.7</ele>
    <time>2026-08-13T06:39:35Z</time>
   </trkpt>
   <trkpt lat="22.7425530" lon="120.3373300">
    <ele>19.8</ele>
    <time>2026-08-13T06:39:36Z</time>
   </trkpt>
   <trkpt lat="22.7425860" lon="120.3373490">
    <ele>20.0</ele>
    <time>2026-08-13T06:39:37Z</time>
   </trkpt>
   <trkpt lat="22.7426120" lon="120.3373730">
    <ele>20.2</ele>
    <time>2026-08-13T06:39:38Z</time>
   </trkpt>
   <trkpt lat="22.7426310" lon="120.3373880">
    <ele>20.3</ele>
    <time>2026-08-13T06:39:39Z</time>
   </trkpt>
   <trkpt lat="22.7426560" lon="120.3373990">
    <ele>20.4</ele>
    <time>2026-08-13T06:39:40Z</time>
   </trkpt>
   <trkpt lat="22.7426870" lon="120.3374080">
    <ele>20.5</ele>
    <time>2026-08-13T06:39:41Z</time>
   </trkpt>
   <trkpt lat="22.7427130" lon="120.3374160">
    <ele>20.7</ele>
    <time>2026-08-13T06:39:42Z</time>
   </trkpt>
   <trkpt lat="22.7427390" lon="120.3374260">
    <ele>20.8</ele>
    <time>2026-08-13T06:39:43Z</time>
   </trkpt>
   <trkpt lat="22.7427640" lon="120.3374320">
    <ele>20.9</ele>
    <time>2026-08-13T06:39:44Z</time>
   </trkpt>
   <trkpt lat="22.7427840" lon="120.3374290">
    <ele>21.0</ele>
    <time>2026-08-13T06:39:45Z</time>
   </trkpt>
   <trkpt lat="22.7427950" lon="120.3374180">
    <ele>21.1</ele>
    <time>2026-08-13T06:39:46Z</time>
   </trkpt>
   <trkpt lat="22.7428060" lon="120.3373930">
    <ele>21.3</ele>
    <time>2026-08-13T06:39:47Z</time>
   </trkpt>
   <trkpt lat="22.7428170" lon="120.3373550">
    <ele>21.7</ele>
    <time>2026-08-13T06:39:48Z</time>
   </trkpt>
   <trkpt lat="22.7428150" lon="120.3373280">
    <ele>21.9</ele>
    <time>2026-08-13T06:39:49Z</time>
   </trkpt>
   <trkpt lat="22.7428280" lon="120.3373050">
    <ele>22.1</ele>
    <time>2026-08-13T06:39:50Z</time>
   </trkpt>
   <trkpt lat="22.7428710" lon="120.3372300">
    <ele>22.9</ele>
    <time>2026-08-13T06:39:51Z</time>
   </trkpt>
   <trkpt lat="22.7428900" lon="120.3371950">
    <ele>23.2</ele>
    <time>2026-08-13T06:39:52Z</time>
   </trkpt>
   <trkpt lat="22.7429040" lon="120.3371730">
    <ele>23.5</ele>
    <time>2026-08-13T06:39:53Z</time>
   </trkpt>
   <trkpt lat="22.7429240" lon="120.3371570">
    <ele>23.7</ele>
    <time>2026-08-13T06:39:54Z</time>
   </trkpt>
   <trkpt lat="22.7429420" lon="120.3371490">
    <ele>23.9</ele>
    <time>2026-08-13T06:39:55Z</time>
   </trkpt>
   <trkpt lat="22.7429600" lon="120.3371430">
    <ele>24.0</ele>
    <time>2026-08-13T06:39:56Z</time>
   </trkpt>
   <trkpt lat="22.7429430" lon="120.3371350">
    <ele>23.7</ele>
    <time>2026-08-13T06:39:57Z</time>
   </trkpt>
   <trkpt lat="22.7429210" lon="120.3371180">
    <ele>23.3</ele>
    <time>2026-08-13T06:39:58Z</time>
   </trkpt>
   <trkpt lat="22.7428910" lon="120.3371090">
    <ele>22.8</ele>
    <time>2026-08-13T06:39:59Z</time>
   </trkpt>
   <trkpt lat="22.7428740" lon="120.3370960">
    <ele>22.4</ele>
    <time>2026-08-13T06:40:00Z</time>
   </trkpt>
   <trkpt lat="22.7428390" lon="120.3370900">
    <ele>21.9</ele>
    <time>2026-08-13T06:40:01Z</time>
   </trkpt>
   <trkpt lat="22.7428070" lon="120.3370770">
    <ele>21.4</ele>
    <time>2026-08-13T06:40:02Z</time>
   </trkpt>
   <trkpt lat="22.7427800" lon="120.3370590">
    <ele>20.9</ele>
    <time>2026-08-13T06:40:03Z</time>
   </trkpt>
   <trkpt lat="22.7427660" lon="120.3370320">
    <ele>20.4</ele>
    <time>2026-08-13T06:40:04Z</time>
   </trkpt>
   <trkpt lat="22.7427480" lon="120.3370090">
    <ele>20.0</ele>
    <time>2026-08-13T06:40:05Z</time>
   </trkpt>
   <trkpt lat="22.7427550" lon="120.3369750">
    <ele>19.4</ele>
    <time>2026-08-13T06:40:06Z</time>
   </trkpt>
   <trkpt lat="22.7427780" lon="120.3369330">
    <ele>19.4</ele>
    <time>2026-08-13T06:40:07Z</time>
   </trkpt>
   <trkpt lat="22.7428140" lon="120.3368950">
    <ele>19.4</ele>
    <time>2026-08-13T06:40:08Z</time>
   </trkpt>
   <trkpt lat="22.7428320" lon="120.3368550">
    <ele>19.4</ele>
    <time>2026-08-13T06:40:09Z</time>
   </trkpt>
   <trkpt lat="22.7428710" lon="120.3368350">
    <ele>19.3</ele>
    <time>2026-08-13T06:40:10Z</time>
   </trkpt>
   <trkpt lat="22.7428950" lon="120.3368060">
    <ele>19.3</ele>
    <time>2026-08-13T06:40:11Z</time>
   </trkpt>
   <trkpt lat="22.7429060" lon="120.3367770">
    <ele>19.3</ele>
    <time>2026-08-13T06:40:12Z</time>
   </trkpt>
   <trkpt lat="22.7429250" lon="120.3367520">
    <ele>19.3</ele>
    <time>2026-08-13T06:40:13Z</time>
   </trkpt>
   <trkpt lat="22.7429490" lon="120.3367460">
    <ele>19.2</ele>
    <time>2026-08-13T06:40:14Z</time>
   </trkpt>
   <trkpt lat="22.7429630" lon="120.3367270">
    <ele>19.2</ele>
    <time>2026-08-13T06:40:15Z</time>
   </trkpt>
   <trkpt lat="22.7429790" lon="120.3367100">
    <ele>19.2</ele>
    <time>2026-08-13T06:40:16Z</time>
   </trkpt>
   <trkpt lat="22.7429930" lon="120.3366890">
    <ele>19.2</ele>
    <time>2026-08-13T06:40:17Z</time>
   </trkpt>
   <trkpt lat="22.7430080" lon="120.3366640">
    <ele>19.2</ele>
    <time>2026-08-13T06:40:18Z</time>
   </trkpt>
   <trkpt lat="22.7430240" lon="120.3366410">
    <ele>19.2</ele>
    <time>2026-08-13T06:40:19Z</time>
   </trkpt>
   <trkpt lat="22.7430420" lon="120.3366160">
    <ele>19.2</ele>
    <time>2026-08-13T06:40:20Z</time>
   </trkpt>
   <trkpt lat="22.7430560" lon="120.3365930">
    <ele>19.2</ele>
    <time>2026-08-13T06:40:21Z</time>
   </trkpt>
   <trkpt lat="22.7430680" lon="120.3365670">
    <ele>19.3</ele>
    <time>2026-08-13T06:40:22Z</time>
   </trkpt>
   <trkpt lat="22.7430870" lon="120.3365370">
    <ele>19.3</ele>
    <time>2026-08-13T06:40:23Z</time>
   </trkpt>
   <trkpt lat="22.7431020" lon="120.3365150">
    <ele>19.3</ele>
    <time>2026-08-13T06:40:24Z</time>
   </trkpt>
   <trkpt lat="22.7431210" lon="120.3365090">
    <ele>19.3</ele>
    <time>2026-08-13T06:40:25Z</time>
   </trkpt>
   <trkpt lat="22.7431410" lon="120.3365050">
    <ele>19.3</ele>
    <time>2026-08-13T06:40:26Z</time>
   </trkpt>
   <trkpt lat="22.7431560" lon="120.3364720">
    <ele>19.3</ele>
    <time>2026-08-13T06:40:27Z</time>
   </trkpt>
   <trkpt lat="22.7431750" lon="120.3364550">
    <ele>19.4</ele>
    <time>2026-08-13T06:40:28Z</time>
   </trkpt>
   <trkpt lat="22.7431840" lon="120.3364300">
    <ele>19.4</ele>
    <time>2026-08-13T06:40:29Z</time>
   </trkpt>
   <trkpt lat="22.7431970" lon="120.3364070">
    <ele>19.4</ele>
    <time>2026-08-13T06:40:30Z</time>
   </trkpt>
   <trkpt lat="22.7432130" lon="120.3363870">
    <ele>19.4</ele>
    <time>2026-08-13T06:40:31Z</time>
   </trkpt>
   <trkpt lat="22.7432280" lon="120.3363680">
    <ele>19.4</ele>
    <time>2026-08-13T06:40:32Z</time>
   </trkpt>
   <trkpt lat="22.7432480" lon="120.3363540">
    <ele>19.4</ele>
    <time>2026-08-13T06:40:33Z</time>
   </trkpt>
   <trkpt lat="22.7432710" lon="120.3363470">
    <ele>19.4</ele>
    <time>2026-08-13T06:40:34Z</time>
   </trkpt>
   <trkpt lat="22.7432960" lon="120.3363520">
    <ele>19.4</ele>
    <time>2026-08-13T06:40:35Z</time>
   </trkpt>
   <trkpt lat="22.7433270" lon="120.3363610">
    <ele>19.4</ele>
    <time>2026-08-13T06:40:36Z</time>
   </trkpt>
   <trkpt lat="22.7433480" lon="120.3363780">
    <ele>19.4</ele>
    <time>2026-08-13T06:40:37Z</time>
   </trkpt>
   <trkpt lat="22.7433720" lon="120.3363970">
    <ele>19.4</ele>
    <time>2026-08-13T06:40:38Z</time>
   </trkpt>
   <trkpt lat="22.7433960" lon="120.3364160">
    <ele>19.4</ele>
    <time>2026-08-13T06:40:39Z</time>
   </trkpt>
   <trkpt lat="22.7434110" lon="120.3364390">
    <ele>19.4</ele>
    <time>2026-08-13T06:40:40Z</time>
   </trkpt>
   <trkpt lat="22.7434210" lon="120.3364620">
    <ele>19.4</ele>
    <time>2026-08-13T06:40:41Z</time>
   </trkpt>
   <trkpt lat="22.7434290" lon="120.3364830">
    <ele>19.4</ele>
    <time>2026-08-13T06:40:42Z</time>
   </trkpt>
   <trkpt lat="22.7434420" lon="120.3365000">
    <ele>19.4</ele>
    <time>2026-08-13T06:40:43Z</time>
   </trkpt>
   <trkpt lat="22.7434610" lon="120.3365210">
    <ele>19.4</ele>
    <time>2026-08-13T06:40:44Z</time>
   </trkpt>
   <trkpt lat="22.7434820" lon="120.3365410">
    <ele>19.4</ele>
    <time>2026-08-13T06:40:45Z</time>
   </trkpt>
   <trkpt lat="22.7434990" lon="120.3365570">
    <ele>19.4</ele>
    <time>2026-08-13T06:40:46Z</time>
   </trkpt>
   <trkpt lat="22.7435150" lon="120.3365650">
    <ele>19.4</ele>
    <time>2026-08-13T06:40:47Z</time>
   </trkpt>
   <trkpt lat="22.7435370" lon="120.3365760">
    <ele>19.4</ele>
    <time>2026-08-13T06:40:48Z</time>
   </trkpt>
   <trkpt lat="22.7435620" lon="120.3365920">
    <ele>19.4</ele>
    <time>2026-08-13T06:40:49Z</time>
   </trkpt>
   <trkpt lat="22.7435780" lon="120.3366090">
    <ele>19.4</ele>
    <time>2026-08-13T06:40:50Z</time>
   </trkpt>
   <trkpt lat="22.7435900" lon="120.3366310">
    <ele>19.4</ele>
    <time>2026-08-13T06:40:51Z</time>
   </trkpt>
   <trkpt lat="22.7436080" lon="120.3366490">
    <ele>19.4</ele>
    <time>2026-08-13T06:40:52Z</time>
   </trkpt>
   <trkpt lat="22.7436240" lon="120.3366650">
    <ele>19.4</ele>
    <time>2026-08-13T06:40:53Z</time>
   </trkpt>
   <trkpt lat="22.7436470" lon="120.3366820">
    <ele>19.5</ele>
    <time>2026-08-13T06:40:54Z</time>
   </trkpt>
   <trkpt lat="22.7436690" lon="120.3366950">
    <ele>19.5</ele>
    <time>2026-08-13T06:40:55Z</time>
   </trkpt>
   <trkpt lat="22.7436920" lon="120.3367170">
    <ele>19.5</ele>
    <time>2026-08-13T06:40:56Z</time>
   </trkpt>
   <trkpt lat="22.7437190" lon="120.3367370">
    <ele>19.5</ele>
    <time>2026-08-13T06:40:57Z</time>
   </trkpt>
   <trkpt lat="22.7437450" lon="120.3367510">
    <ele>19.5</ele>
    <time>2026-08-13T06:40:58Z</time>
   </trkpt>
   <trkpt lat="22.7437780" lon="120.3367650">
    <ele>19.5</ele>
    <time>2026-08-13T06:40:59Z</time>
   </trkpt>
   <trkpt lat="22.7438190" lon="120.3367640">
    <ele>19.4</ele>
    <time>2026-08-13T06:41:00Z</time>
   </trkpt>
   <trkpt lat="22.7438680" lon="120.3367380">
    <ele>19.2</ele>
    <time>2026-08-13T06:41:01Z</time>
   </trkpt>
   <trkpt lat="22.7438970" lon="120.3367220">
    <ele>19.1</ele>
    <time>2026-08-13T06:41:02Z</time>
   </trkpt>
   <trkpt lat="22.7439180" lon="120.3366960">
    <ele>19.0</ele>
    <time>2026-08-13T06:41:03Z</time>
   </trkpt>
   <trkpt lat="22.7439390" lon="120.3366680">
    <ele>18.9</ele>
    <time>2026-08-13T06:41:04Z</time>
   </trkpt>
   <trkpt lat="22.7439600" lon="120.3366450">
    <ele>18.8</ele>
    <time>2026-08-13T06:41:05Z</time>
   </trkpt>
   <trkpt lat="22.7439770" lon="120.3366270">
    <ele>18.7</ele>
    <time>2026-08-13T06:41:06Z</time>
   </trkpt>
   <trkpt lat="22.7439960" lon="120.3366070">
    <ele>18.7</ele>
    <time>2026-08-13T06:41:07Z</time>
   </trkpt>
   <trkpt lat="22.7440050" lon="120.3365890">
    <ele>18.6</ele>
    <time>2026-08-13T06:41:08Z</time>
   </trkpt>
   <trkpt lat="22.7440140" lon="120.3365700">
    <ele>18.6</ele>
    <time>2026-08-13T06:41:09Z</time>
   </trkpt>
   <trkpt lat="22.7440280" lon="120.3365510">
    <ele>18.5</ele>
    <time>2026-08-13T06:41:10Z</time>
   </trkpt>
   <trkpt lat="22.7440420" lon="120.3365270">
    <ele>18.5</ele>
    <time>2026-08-13T06:41:11Z</time>
   </trkpt>
   <trkpt lat="22.7440590" lon="120.3365000">
    <ele>18.5</ele>
    <time>2026-08-13T06:41:12Z</time>
   </trkpt>
   <trkpt lat="22.7440800" lon="120.3364700">
    <ele>18.4</ele>
    <time>2026-08-13T06:41:13Z</time>
   </trkpt>
   <trkpt lat="22.7441010" lon="120.3364500">
    <ele>18.4</ele>
    <time>2026-08-13T06:41:14Z</time>
   </trkpt>
   <trkpt lat="22.7441200" lon="120.3364260">
    <ele>18.4</ele>
    <time>2026-08-13T06:41:15Z</time>
   </trkpt>
   <trkpt lat="22.7441380" lon="120.3364030">
    <ele>18.3</ele>
    <time>2026-08-13T06:41:16Z</time>
   </trkpt>
   <trkpt lat="22.7441570" lon="120.3363760">
    <ele>18.3</ele>
    <time>2026-08-13T06:41:17Z</time>
   </trkpt>
   <trkpt lat="22.7441730" lon="120.3363590">
    <ele>18.3</ele>
    <time>2026-08-13T06:41:18Z</time>
   </trkpt>
   <trkpt lat="22.7441900" lon="120.3363380">
    <ele>18.3</ele>
    <time>2026-08-13T06:41:19Z</time>
   </trkpt>
   <trkpt lat="22.7442030" lon="120.3363160">
    <ele>18.3</ele>
    <time>2026-08-13T06:41:20Z</time>
   </trkpt>
   <trkpt lat="22.7442220" lon="120.3362940">
    <ele>18.2</ele>
    <time>2026-08-13T06:41:21Z</time>
   </trkpt>
   <trkpt lat="22.7442450" lon="120.3362710">
    <ele>18.2</ele>
    <time>2026-08-13T06:41:22Z</time>
   </trkpt>
   <trkpt lat="22.7442650" lon="120.3362590">
    <ele>18.2</ele>
    <time>2026-08-13T06:41:23Z</time>
   </trkpt>
   <trkpt lat="22.7442880" lon="120.3362470">
    <ele>18.3</ele>
    <time>2026-08-13T06:41:24Z</time>
   </trkpt>
   <trkpt lat="22.7443170" lon="120.3362430">
    <ele>18.3</ele>
    <time>2026-08-13T06:41:25Z</time>
   </trkpt>
   <trkpt lat="22.7443440" lon="120.3362460">
    <ele>18.3</ele>
    <time>2026-08-13T06:41:26Z</time>
   </trkpt>
   <trkpt lat="22.7443670" lon="120.3362590">
    <ele>18.4</ele>
    <time>2026-08-13T06:41:27Z</time>
   </trkpt>
   <trkpt lat="22.7443860" lon="120.3362660">
    <ele>18.4</ele>
    <time>2026-08-13T06:41:28Z</time>
   </trkpt>
   <trkpt lat="22.7444110" lon="120.3362640">
    <ele>18.4</ele>
    <time>2026-08-13T06:41:29Z</time>
   </trkpt>
   <trkpt lat="22.7444290" lon="120.3362590">
    <ele>18.5</ele>
    <time>2026-08-13T06:41:30Z</time>
   </trkpt>
   <trkpt lat="22.7444440" lon="120.3362570">
    <ele>18.5</ele>
    <time>2026-08-13T06:41:31Z</time>
   </trkpt>
   <trkpt lat="22.7444710" lon="120.3362500">
    <ele>18.5</ele>
    <time>2026-08-13T06:41:32Z</time>
   </trkpt>
   <trkpt lat="22.7444910" lon="120.3362560">
    <ele>18.6</ele>
    <time>2026-08-13T06:41:33Z</time>
   </trkpt>
   <trkpt lat="22.7445040" lon="120.3362600">
    <ele>18.6</ele>
    <time>2026-08-13T06:41:34Z</time>
   </trkpt>
   <trkpt lat="22.7445200" lon="120.3362670">
    <ele>18.6</ele>
    <time>2026-08-13T06:41:35Z</time>
   </trkpt>
   <trkpt lat="22.7445370" lon="120.3362760">
    <ele>18.6</ele>
    <time>2026-08-13T06:41:36Z</time>
   </trkpt>
   <trkpt lat="22.7445540" lon="120.3362790">
    <ele>18.7</ele>
    <time>2026-08-13T06:41:37Z</time>
   </trkpt>
   <trkpt lat="22.7445730" lon="120.3362780">
    <ele>18.7</ele>
    <time>2026-08-13T06:41:38Z</time>
   </trkpt>
   <trkpt lat="22.7445960" lon="120.3362750">
    <ele>18.7</ele>
    <time>2026-08-13T06:41:39Z</time>
   </trkpt>
   <trkpt lat="22.7446150" lon="120.3362730">
    <ele>18.7</ele>
    <time>2026-08-13T06:41:40Z</time>
   </trkpt>
   <trkpt lat="22.7446360" lon="120.3362730">
    <ele>18.8</ele>
    <time>2026-08-13T06:41:41Z</time>
   </trkpt>
   <trkpt lat="22.7446530" lon="120.3362750">
    <ele>18.8</ele>
    <time>2026-08-13T06:41:42Z</time>
   </trkpt>
   <trkpt lat="22.7446690" lon="120.3362840">
    <ele>18.8</ele>
    <time>2026-08-13T06:41:43Z</time>
   </trkpt>
   <trkpt lat="22.7446820" lon="120.3362980">
    <ele>18.8</ele>
    <time>2026-08-13T06:41:44Z</time>
   </trkpt>
   <trkpt lat="22.7446940" lon="120.3363110">
    <ele>18.9</ele>
    <time>2026-08-13T06:41:45Z</time>
   </trkpt>
   <trkpt lat="22.7447100" lon="120.3363210">
    <ele>18.9</ele>
    <time>2026-08-13T06:41:46Z</time>
   </trkpt>
   <trkpt lat="22.7447320" lon="120.3363250">
    <ele>18.9</ele>
    <time>2026-08-13T06:41:47Z</time>
   </trkpt>
   <trkpt lat="22.7447600" lon="120.3363280">
    <ele>19.0</ele>
    <time>2026-08-13T06:41:48Z</time>
   </trkpt>
   <trkpt lat="22.7447870" lon="120.3363290">
    <ele>19.0</ele>
    <time>2026-08-13T06:41:49Z</time>
   </trkpt>
   <trkpt lat="22.7448140" lon="120.3363350">
    <ele>19.1</ele>
    <time>2026-08-13T06:41:50Z</time>
   </trkpt>
   <trkpt lat="22.7448410" lon="120.3363420">
    <ele>19.1</ele>
    <time>2026-08-13T06:41:51Z</time>
   </trkpt>
   <trkpt lat="22.7448700" lon="120.3363490">
    <ele>19.1</ele>
    <time>2026-08-13T06:41:52Z</time>
   </trkpt>
   <trkpt lat="22.7448950" lon="120.3363550">
    <ele>19.2</ele>
    <time>2026-08-13T06:41:53Z</time>
   </trkpt>
   <trkpt lat="22.7449200" lon="120.3363580">
    <ele>19.2</ele>
    <time>2026-08-13T06:41:54Z</time>
   </trkpt>
   <trkpt lat="22.7449450" lon="120.3363640">
    <ele>19.2</ele>
    <time>2026-08-13T06:41:55Z</time>
   </trkpt>
   <trkpt lat="22.7449710" lon="120.3363710">
    <ele>19.3</ele>
    <time>2026-08-13T06:41:56Z</time>
   </trkpt>
   <trkpt lat="22.7449930" lon="120.3363880">
    <ele>19.3</ele>
    <time>2026-08-13T06:41:57Z</time>
   </trkpt>
   <trkpt lat="22.7450060" lon="120.3364180">
    <ele>19.4</ele>
    <time>2026-08-13T06:41:58Z</time>
   </trkpt>
   <trkpt lat="22.7450070" lon="120.3364560">
    <ele>19.3</ele>
    <time>2026-08-13T06:41:59Z</time>
   </trkpt>
   <trkpt lat="22.7450030" lon="120.3364940">
    <ele>19.3</ele>
    <time>2026-08-13T06:42:00Z</time>
   </trkpt>
   <trkpt lat="22.7449900" lon="120.3365300">
    <ele>19.3</ele>
    <time>2026-08-13T06:42:01Z</time>
   </trkpt>
   <trkpt lat="22.7449780" lon="120.3365600">
    <ele>19.3</ele>
    <time>2026-08-13T06:42:02Z</time>
   </trkpt>
   <trkpt lat="22.7449690" lon="120.3365930">
    <ele>19.3</ele>
    <time>2026-08-13T06:42:03Z</time>
   </trkpt>
   <trkpt lat="22.7449590" lon="120.3366230">
    <ele>19.3</ele>
    <time>2026-08-13T06:42:04Z</time>
   </trkpt>
   <trkpt lat="22.7449490" lon="120.3366500">
    <ele>19.3</ele>
    <time>2026-08-13T06:42:05Z</time>
   </trkpt>
   <trkpt lat="22.7449380" lon="120.3366840">
    <ele>19.4</ele>
    <time>2026-08-13T06:42:06Z</time>
   </trkpt>
   <trkpt lat="22.7449260" lon="120.3367190">
    <ele>19.4</ele>
    <time>2026-08-13T06:42:07Z</time>
   </trkpt>
   <trkpt lat="22.7449140" lon="120.3367540">
    <ele>19.4</ele>
    <time>2026-08-13T06:42:08Z</time>
   </trkpt>
   <trkpt lat="22.7448970" lon="120.3367720">
    <ele>19.5</ele>
    <time>2026-08-13T06:42:09Z</time>
   </trkpt>
   <trkpt lat="22.7448810" lon="120.3367910">
    <ele>19.5</ele>
    <time>2026-08-13T06:42:10Z</time>
   </trkpt>
   <trkpt lat="22.7448720" lon="120.3368060">
    <ele>19.5</ele>
    <time>2026-08-13T06:42:11Z</time>
   </trkpt>
   <trkpt lat="22.7448630" lon="120.3368240">
    <ele>19.5</ele>
    <time>2026-08-13T06:42:12Z</time>
   </trkpt>
   <trkpt lat="22.7448570" lon="120.3368460">
    <ele>19.5</ele>
    <time>2026-08-13T06:42:13Z</time>
   </trkpt>
   <trkpt lat="22.7448470" lon="120.3368690">
    <ele>19.5</ele>
    <time>2026-08-13T06:42:14Z</time>
   </trkpt>
   <trkpt lat="22.7448370" lon="120.3368900">
    <ele>19.6</ele>
    <time>2026-08-13T06:42:15Z</time>
   </trkpt>
   <trkpt lat="22.7448260" lon="120.3369120">
    <ele>19.6</ele>
    <time>2026-08-13T06:42:16Z</time>
   </trkpt>
   <trkpt lat="22.7448120" lon="120.3369360">
    <ele>19.6</ele>
    <time>2026-08-13T06:42:17Z</time>
   </trkpt>
   <trkpt lat="22.7448000" lon="120.3369590">
    <ele>19.6</ele>
    <time>2026-08-13T06:42:18Z</time>
   </trkpt>
   <trkpt lat="22.7447910" lon="120.3369780">
    <ele>19.6</ele>
    <time>2026-08-13T06:42:19Z</time>
   </trkpt>
   <trkpt lat="22.7447730" lon="120.3369960">
    <ele>19.6</ele>
    <time>2026-08-13T06:42:20Z</time>
   </trkpt>
   <trkpt lat="22.7447490" lon="120.3370180">
    <ele>19.6</ele>
    <time>2026-08-13T06:42:21Z</time>
   </trkpt>
   <trkpt lat="22.7447250" lon="120.3370380">
    <ele>19.6</ele>
    <time>2026-08-13T06:42:22Z</time>
   </trkpt>
   <trkpt lat="22.7447040" lon="120.3370570">
    <ele>19.6</ele>
    <time>2026-08-13T06:42:23Z</time>
   </trkpt>
   <trkpt lat="22.7446820" lon="120.3370810">
    <ele>19.7</ele>
    <time>2026-08-13T06:42:24Z</time>
   </trkpt>
   <trkpt lat="22.7446620" lon="120.3371100">
    <ele>19.7</ele>
    <time>2026-08-13T06:42:25Z</time>
   </trkpt>
   <trkpt lat="22.7446430" lon="120.3371440">
    <ele>19.7</ele>
    <time>2026-08-13T06:42:26Z</time>
   </trkpt>
   <trkpt lat="22.7446270" lon="120.3371670">
    <ele>19.7</ele>
    <time>2026-08-13T06:42:27Z</time>
   </trkpt>
   <trkpt lat="22.7446140" lon="120.3371920">
    <ele>19.7</ele>
    <time>2026-08-13T06:42:28Z</time>
   </trkpt>
   <trkpt lat="22.7446030" lon="120.3372150">
    <ele>19.7</ele>
    <time>2026-08-13T06:42:29Z</time>
   </trkpt>
   <trkpt lat="22.7445890" lon="120.3372360">
    <ele>19.7</ele>
    <time>2026-08-13T06:42:30Z</time>
   </trkpt>
   <trkpt lat="22.7445760" lon="120.3372570">
    <ele>19.8</ele>
    <time>2026-08-13T06:42:31Z</time>
   </trkpt>
   <trkpt lat="22.7445570" lon="120.3372750">
    <ele>19.8</ele>
    <time>2026-08-13T06:42:32Z</time>
   </trkpt>
   <trkpt lat="22.7445400" lon="120.3372900">
    <ele>19.8</ele>
    <time>2026-08-13T06:42:33Z</time>
   </trkpt>
   <trkpt lat="22.7445230" lon="120.3373060">
    <ele>19.8</ele>
    <time>2026-08-13T06:42:34Z</time>
   </trkpt>
   <trkpt lat="22.7445080" lon="120.3373220">
    <ele>19.8</ele>
    <time>2026-08-13T06:42:35Z</time>
   </trkpt>
   <trkpt lat="22.7444910" lon="120.3373450">
    <ele>19.8</ele>
    <time>2026-08-13T06:42:36Z</time>
   </trkpt>
   <trkpt lat="22.7444680" lon="120.3373700">
    <ele>19.8</ele>
    <time>2026-08-13T06:42:37Z</time>
   </trkpt>
   <trkpt lat="22.7444410" lon="120.3373970">
    <ele>19.9</ele>
    <time>2026-08-13T06:42:38Z</time>
   </trkpt>
   <trkpt lat="22.7444120" lon="120.3374240">
    <ele>19.9</ele>
    <time>2026-08-13T06:42:39Z</time>
   </trkpt>
   <trkpt lat="22.7443820" lon="120.3374560">
    <ele>19.9</ele>
    <time>2026-08-13T06:42:40Z</time>
   </trkpt>
   <trkpt lat="22.7443490" lon="120.3374950">
    <ele>20.0</ele>
    <time>2026-08-13T06:42:41Z</time>
   </trkpt>
   <trkpt lat="22.7443190" lon="120.3375360">
    <ele>20.0</ele>
    <time>2026-08-13T06:42:42Z</time>
   </trkpt>
   <trkpt lat="22.7442900" lon="120.3375770">
    <ele>20.1</ele>
    <time>2026-08-13T06:42:43Z</time>
   </trkpt>
   <trkpt lat="22.7442600" lon="120.3376190">
    <ele>20.2</ele>
    <time>2026-08-13T06:42:44Z</time>
   </trkpt>
   <trkpt lat="22.7442290" lon="120.3376550">
    <ele>20.2</ele>
    <time>2026-08-13T06:42:45Z</time>
   </trkpt>
   <trkpt lat="22.7442000" lon="120.3376900">
    <ele>20.3</ele>
    <time>2026-08-13T06:42:46Z</time>
   </trkpt>
   <trkpt lat="22.7441680" lon="120.3377280">
    <ele>20.3</ele>
    <time>2026-08-13T06:42:47Z</time>
   </trkpt>
   <trkpt lat="22.7441350" lon="120.3377600">
    <ele>20.4</ele>
    <time>2026-08-13T06:42:48Z</time>
   </trkpt>
   <trkpt lat="22.7441030" lon="120.3377910">
    <ele>20.4</ele>
    <time>2026-08-13T06:42:49Z</time>
   </trkpt>
   <trkpt lat="22.7440710" lon="120.3378190">
    <ele>20.5</ele>
    <time>2026-08-13T06:42:50Z</time>
   </trkpt>
   <trkpt lat="22.7440460" lon="120.3378450">
    <ele>20.5</ele>
    <time>2026-08-13T06:42:51Z</time>
   </trkpt>
   <trkpt lat="22.7440240" lon="120.3378790">
    <ele>20.6</ele>
    <time>2026-08-13T06:42:52Z</time>
   </trkpt>
   <trkpt lat="22.7440030" lon="120.3379140">
    <ele>20.6</ele>
    <time>2026-08-13T06:42:53Z</time>
   </trkpt>
   <trkpt lat="22.7439740" lon="120.3379520">
    <ele>20.7</ele>
    <time>2026-08-13T06:42:54Z</time>
   </trkpt>
   <trkpt lat="22.7439400" lon="120.3379920">
    <ele>20.7</ele>
    <time>2026-08-13T06:42:55Z</time>
   </trkpt>
   <trkpt lat="22.7439040" lon="120.3380360">
    <ele>20.7</ele>
    <time>2026-08-13T06:42:56Z</time>
   </trkpt>
   <trkpt lat="22.7438700" lon="120.3380820">
    <ele>20.8</ele>
    <time>2026-08-13T06:42:57Z</time>
   </trkpt>
   <trkpt lat="22.7438370" lon="120.3381370">
    <ele>20.8</ele>
    <time>2026-08-13T06:42:58Z</time>
   </trkpt>
   <trkpt lat="22.7437980" lon="120.3381960">
    <ele>20.8</ele>
    <time>2026-08-13T06:42:59Z</time>
   </trkpt>
   <trkpt lat="22.7437520" lon="120.3382480">
    <ele>20.9</ele>
    <time>2026-08-13T06:43:00Z</time>
   </trkpt>
   <trkpt lat="22.7437100" lon="120.3383060">
    <ele>20.9</ele>
    <time>2026-08-13T06:43:01Z</time>
   </trkpt>
   <trkpt lat="22.7436630" lon="120.3383660">
    <ele>20.9</ele>
    <time>2026-08-13T06:43:02Z</time>
   </trkpt>
   <trkpt lat="22.7436180" lon="120.3384270">
    <ele>21.0</ele>
    <time>2026-08-13T06:43:03Z</time>
   </trkpt>
   <trkpt lat="22.7435760" lon="120.3384840">
    <ele>21.0</ele>
    <time>2026-08-13T06:43:04Z</time>
   </trkpt>
   <trkpt lat="22.7435400" lon="120.3385340">
    <ele>21.0</ele>
    <time>2026-08-13T06:43:05Z</time>
   </trkpt>
   <trkpt lat="22.7435060" lon="120.3385770">
    <ele>21.1</ele>
    <time>2026-08-13T06:43:06Z</time>
   </trkpt>
   <trkpt lat="22.7434740" lon="120.3386070">
    <ele>21.1</ele>
    <time>2026-08-13T06:43:07Z</time>
   </trkpt>
   <trkpt lat="22.7434460" lon="120.3386330">
    <ele>21.1</ele>
    <time>2026-08-13T06:43:08Z</time>
   </trkpt>
   <trkpt lat="22.7434210" lon="120.3386520">
    <ele>21.1</ele>
    <time>2026-08-13T06:43:09Z</time>
   </trkpt>
   <trkpt lat="22.7433980" lon="120.3386700">
    <ele>21.1</ele>
    <time>2026-08-13T06:43:10Z</time>
   </trkpt>
   <trkpt lat="22.7433800" lon="120.3386830">
    <ele>21.1</ele>
    <time>2026-08-13T06:43:11Z</time>
   </trkpt>
   <trkpt lat="22.7433610" lon="120.3386900">
    <ele>21.2</ele>
    <time>2026-08-13T06:43:12Z</time>
   </trkpt>
   <trkpt lat="22.7433430" lon="120.3386950">
    <ele>21.2</ele>
    <time>2026-08-13T06:43:13Z</time>
   </trkpt>
   <trkpt lat="22.7433280" lon="120.3386930">
    <ele>21.2</ele>
    <time>2026-08-13T06:43:14Z</time>
   </trkpt>
   <trkpt lat="22.7433250" lon="120.3386860">
    <ele>21.2</ele>
    <time>2026-08-13T06:43:15Z</time>
   </trkpt>
   <trkpt lat="22.7433280" lon="120.3386850">
    <ele>21.2</ele>
    <time>2026-08-13T06:43:16Z</time>
   </trkpt>
   <trkpt lat="22.7433280" lon="120.3386860">
    <ele>21.2</ele>
    <time>2026-08-13T06:43:17Z</time>
   </trkpt>
   <trkpt lat="22.7433270" lon="120.3386870">
    <ele>21.2</ele>
    <time>2026-08-13T06:43:18Z</time>
   </trkpt>
  </trkseg>
 </trk>
</gpx>
