<?xml version="1.0" encoding="UTF-8"?>
<gpx creator="StravaGPX" version="1.1" xmlns="http://www.topografix.com/GPX/1/1" xmlns:xsi="http://www.w3.org/2001/XMLSchema-instance" xsi:schemaLocation="http://www.topografix.com/GPX/1/1 http://www.topografix.com/GPX/1/1/gpx.xsd">
 <metadata>
  <time>2026-08-15T09:09:08Z</time>
 </metadata>
 <trk>
  <name>0815  Wan</name>
  <type>cycling</type>
  <trkseg>
   <trkpt lat="22.7442880" lon="120.3375220">
    <ele>19.8</ele>
    <time>2026-08-15T09:09:08Z</time>
   </trkpt>
   <trkpt lat="22.7442880" lon="120.3375220">
    <ele>19.8</ele>
    <time>2026-08-15T09:09:09Z</time>
   </trkpt>
   <trkpt lat="22.7442960" lon="120.3375240">
    <ele>19.8</ele>
    <time>2026-08-15T09:09:10Z</time>
   </trkpt>
   <trkpt lat="22.7443050" lon="120.3375180">
    <ele>19.8</ele>
    <time>2026-08-15T09:09:11Z</time>
   </trkpt>
   <trkpt lat="22.7443050" lon="120.3375090">
    <ele>19.8</ele>
    <time>2026-08-15T09:09:12Z</time>
   </trkpt>
   <trkpt lat="22.7443070" lon="120.3374970">
    <ele>19.8</ele>
    <time>2026-08-15T09:09:13Z</time>
   </trkpt>
   <trkpt lat="22.7443250" lon="120.3375050">
    <ele>19.8</ele>
    <time>2026-08-15T09:09:14Z</time>
   </trkpt>
   <trkpt lat="22.7443560" lon="120.3375150">
    <ele>19.8</ele>
    <time>2026-08-15T09:09:15Z</time>
   </trkpt>
   <trkpt lat="22.7443810" lon="120.3375280">
    <ele>19.8</ele>
    <time>2026-08-15T09:09:16Z</time>
   </trkpt>
   <trkpt lat="22.7444070" lon="120.3375440">
    <ele>19.8</ele>
    <time>2026-08-15T09:09:17Z</time>
   </trkpt>
   <trkpt lat="22.7444360" lon="120.3375560">
    <ele>19.8</ele>
    <time>2026-08-15T09:09:18Z</time>
   </trkpt>
   <trkpt lat="22.7444670" lon="120.3375360">
    <ele>19.8</ele>
    <time>2026-08-15T09:09:19Z</time>
   </trkpt>
   <trkpt lat="22.7445380" lon="120.3375440">
    <ele>19.8</ele>
    <time>2026-08-15T09:09:20Z</time>
   </trkpt>
   <trkpt lat="22.7445940" lon="120.3375660">
    <ele>19.8</ele>
    <time>2026-08-15T09:09:21Z</time>
   </trkpt>
   <trkpt lat="22.7446350" lon="120.3375860">
    <ele>19.8</ele>
    <time>2026-08-15T09:09:22Z</time>
   </trkpt>
   <trkpt lat="22.7446650" lon="120.3376260">
    <ele>19.8</ele>
    <time>2026-08-15T09:09:23Z</time>
   </trkpt>
   <trkpt lat="22.7446970" lon="120.3376260">
    <ele>19.8</ele>
    <time>2026-08-15T09:09:24Z</time>
   </trkpt>
   <trkpt lat="22.7447220" lon="120.3376260">
    <ele>19.8</ele>
    <time>2026-08-15T09:09:25Z</time>
   </trkpt>
   <trkpt lat="22.7445900" lon="120.3376030">
    <ele>19.9</ele>
    <time>2026-08-15T09:09:26Z</time>
   </trkpt>
   <trkpt lat="22.7445900" lon="120.3376030">
    <ele>19.9</ele>
    <time>2026-08-15T09:09:27Z</time>
   </trkpt>
   <trkpt lat="22.7445080" lon="120.3376320">
    <ele>20.0</ele>
    <time>2026-08-15T09:09:28Z</time>
   </trkpt>
   <trkpt lat="22.7444960" lon="120.3376390">
    <ele>20.0</ele>
    <time>2026-08-15T09:09:29Z</time>
   </trkpt>
   <trkpt lat="22.7444740" lon="120.3376410">
    <ele>20.0</ele>
    <time>2026-08-15T09:09:30Z</time>
   </trkpt>
   <trkpt lat="22.7444530" lon="120.3376390">
    <ele>20.0</ele>
    <time>2026-08-15T09:09:31Z</time>
   </trkpt>
   <trkpt lat="22.7443990" lon="120.3376230">
    <ele>20.0</ele>
    <time>2026-08-15T09:09:32Z</time>
   </trkpt>
   <trkpt lat="22.7443260" lon="120.3376510">
    <ele>20.1</ele>
    <time>2026-08-15T09:09:33Z</time>
   </trkpt>
   <trkpt lat="22.7441840" lon="120.3376360">
    <ele>20.1</ele>
    <time>2026-08-15T09:09:34Z</time>
   </trkpt>
   <trkpt lat="22.7441930" lon="120.3376360">
    <ele>20.1</ele>
    <time>2026-08-15T09:09:35Z</time>
   </trkpt>
   <trkpt lat="22.7442100" lon="120.3376480">
    <ele>20.2</ele>
    <time>2026-08-15T09:09:36Z</time>
   </trkpt>
   <trkpt lat="22.7442570" lon="120.3376590">
    <ele>20.2</ele>
    <time>2026-08-15T09:09:37Z</time>
   </trkpt>
   <trkpt lat="22.7442740" lon="120.3376810">
    <ele>20.2</ele>
    <time>2026-08-15T09:09:38Z</time>
   </trkpt>
   <trkpt lat="22.7442950" lon="120.3376940">
    <ele>20.2</ele>
    <time>2026-08-15T09:09:39Z</time>
   </trkpt>
   <trkpt lat="22.7442920" lon="120.3376950">
    <ele>20.2</ele>
    <time>2026-08-15T09:09:40Z</time>
   </trkpt>
   <trkpt lat="22.7443030" lon="120.3376930">
    <ele>20.2</ele>
    <time>2026-08-15T09:09:41Z</time>
   </trkpt>
   <trkpt lat="22.7442710" lon="120.3376560">
    <ele>20.2</ele>
    <time>2026-08-15T09:09:42Z</time>
   </trkpt>
   <trkpt lat="22.7442650" lon="120.3376530">
    <ele>20.3</ele>
    <time>2026-08-15T09:09:43Z</time>
   </trkpt>
   <trkpt lat="22.7442890" lon="120.3376780">
    <ele>20.3</ele>
    <time>2026-08-15T09:09:44Z</time>
   </trkpt>
   <trkpt lat="22.7443110" lon="120.3377090">
    <ele>20.3</ele>
    <time>2026-08-15T09:09:45Z</time>
   </trkpt>
   <trkpt lat="22.7443410" lon="120.3376590">
    <ele>20.3</ele>
    <time>2026-08-15T09:09:46Z</time>
   </trkpt>
   <trkpt lat="22.7443410" lon="120.3376570">
    <ele>20.3</ele>
    <time>2026-08-15T09:09:47Z</time>
   </trkpt>
   <trkpt lat="22.7443360" lon="120.3376600">
    <ele>20.3</ele>
    <time>2026-08-15T09:09:48Z</time>
   </trkpt>
   <trkpt lat="22.7443260" lon="120.3376650">
    <ele>20.3</ele>
    <time>2026-08-15T09:09:49Z</time>
   </trkpt>
   <trkpt lat="22.7443180" lon="120.3376660">
    <ele>20.4</ele>
    <time>2026-08-15T09:09:50Z</time>
   </trkpt>
   <trkpt lat="22.7443070" lon="120.3376690">
    <ele>20.4</ele>
    <time>2026-08-15T09:09:51Z</time>
   </trkpt>
   <trkpt lat="22.7442970" lon="120.3376730">
    <ele>20.4</ele>
    <time>2026-08-15T09:09:52Z</time>
   </trkpt>
   <trkpt lat="22.7443030" lon="120.3376670">
    <ele>20.4</ele>
    <time>2026-08-15T09:09:53Z</time>
   </trkpt>
   <trkpt lat="22.7443000" lon="120.3376660">
    <ele>20.4</ele>
    <time>2026-08-15T09:09:54Z</time>
   </trkpt>
   <trkpt lat="22.7442870" lon="120.3376780">
    <ele>20.4</ele>
    <time>2026-08-15T09:09:55Z</time>
   </trkpt>
   <trkpt lat="22.7442930" lon="120.3376710">
    <ele>20.4</ele>
    <time>2026-08-15T09:09:56Z</time>
   </trkpt>
   <trkpt lat="22.7442980" lon="120.3376720">
    <ele>20.4</ele>
    <time>2026-08-15T09:09:57Z</time>
   </trkpt>
   <trkpt lat="22.7443080" lon="120.3376710">
    <ele>20.4</ele>
    <time>2026-08-15T09:09:58Z</time>
   </trkpt>
   <trkpt lat="22.7442930" lon="120.3376690">
    <ele>20.4</ele>
    <time>2026-08-15T09:09:59Z</time>
   </trkpt>
   <trkpt lat="22.7442850" lon="120.3376640">
    <ele>20.4</ele>
    <time>2026-08-15T09:10:00Z</time>
   </trkpt>
   <trkpt lat="22.7442830" lon="120.3376600">
    <ele>20.4</ele>
    <time>2026-08-15T09:10:01Z</time>
   </trkpt>
   <trkpt lat="22.7442840" lon="120.3376560">
    <ele>20.4</ele>
    <time>2026-08-15T09:10:02Z</time>
   </trkpt>
   <trkpt lat="22.7442710" lon="120.3376520">
    <ele>20.4</ele>
    <time>2026-08-15T09:10:03Z</time>
   </trkpt>
   <trkpt lat="22.7442700" lon="120.3376440">
    <ele>20.4</ele>
    <time>2026-08-15T09:10:04Z</time>
   </trkpt>
   <trkpt lat="22.7442720" lon="120.3376360">
    <ele>20.4</ele>
    <time>2026-08-15T09:10:05Z</time>
   </trkpt>
   <trkpt lat="22.7442650" lon="120.3376190">
    <ele>20.5</ele>
    <time>2026-08-15T09:10:06Z</time>
   </trkpt>
   <trkpt lat="22.7442640" lon="120.3376130">
    <ele>20.5</ele>
    <time>2026-08-15T09:10:07Z</time>
   </trkpt>
   <trkpt lat="22.7442510" lon="120.3376130">
    <ele>20.5</ele>
    <time>2026-08-15T09:10:08Z</time>
   </trkpt>
   <trkpt lat="22.7442330" lon="120.3376140">
    <ele>20.5</ele>
    <time>2026-08-15T09:10:09Z</time>
   </trkpt>
   <trkpt lat="22.7442160" lon="120.3376300">
    <ele>20.5</ele>
    <time>2026-08-15T09:10:10Z</time>
   </trkpt>
   <trkpt lat="22.7441900" lon="120.3376340">
    <ele>20.5</ele>
    <time>2026-08-15T09:10:11Z</time>
   </trkpt>
   <trkpt lat="22.7441710" lon="120.3376300">
    <ele>20.5</ele>
    <time>2026-08-15T09:10:12Z</time>
   </trkpt>
   <trkpt lat="22.7441710" lon="120.3376300">
    <ele>20.5</ele>
    <time>2026-08-15T09:10:13Z</time>
   </trkpt>
   <trkpt lat="22.7441510" lon="120.3376220">
    <ele>20.5</ele>
    <time>2026-08-15T09:10:14Z</time>
   </trkpt>
   <trkpt lat="22.7441400" lon="120.3376180">
    <ele>20.5</ele>
    <time>2026-08-15T09:10:15Z</time>
   </trkpt>
   <trkpt lat="22.7441290" lon="120.3376140">
    <ele>20.6</ele>
    <time>2026-08-15T09:10:16Z</time>
   </trkpt>
   <trkpt lat="22.7441180" lon="120.3376100">
    <ele>20.6</ele>
    <time>2026-08-15T09:10:17Z</time>
   </trkpt>
   <trkpt lat="22.7441240" lon="120.3376260">
    <ele>20.6</ele>
    <time>2026-08-15T09:10:18Z</time>
   </trkpt>
   <trkpt lat="22.7441380" lon="120.3376450">
    <ele>20.6</ele>
    <time>2026-08-15T09:10:19Z</time>
   </trkpt>
   <trkpt lat="22.7441380" lon="120.3376540">
    <ele>20.6</ele>
    <time>2026-08-15T09:10:20Z</time>
   </trkpt>
   <trkpt lat="22.7441420" lon="120.3376580">
    <ele>20.6</ele>
    <time>2026-08-15T09:10:21Z</time>
   </trkpt>
   <trkpt lat="22.7441480" lon="120.3376510">
    <ele>20.6</ele>
    <time>2026-08-15T09:10:22Z</time>
   </trkpt>
   <trkpt lat="22.7441460" lon="120.3376580">
    <ele>20.6</ele>
    <time>2026-08-15T09:10:23Z</time>
   </trkpt>
   <trkpt lat="22.7441540" lon="120.3376560">
    <ele>20.6</ele>
    <time>2026-08-15T09:10:24Z</time>
   </trkpt>
   <trkpt lat="22.7441620" lon="120.3376650">
    <ele>20.6</ele>
    <time>2026-08-15T09:10:25Z</time>
   </trkpt>
   <trkpt lat="22.7441540" lon="120.3376700">
    <ele>20.6</ele>
    <time>2026-08-15T09:10:26Z</time>
   </trkpt>
   <trkpt lat="22.7441380" lon="120.3376780">
    <ele>20.6</ele>
    <time>2026-08-15T09:10:27Z</time>
   </trkpt>
   <trkpt lat="22.7441350" lon="120.3376860">
    <ele>20.6</ele>
    <time>2026-08-15T09:10:28Z</time>
   </trkpt>
   <trkpt lat="22.7441370" lon="120.3376880">
    <ele>20.6</ele>
    <time>2026-08-15T09:10:29Z</time>
   </trkpt>
   <trkpt lat="22.7441330" lon="120.3376920">
    <ele>20.6</ele>
    <time>2026-08-15T09:10:30Z</time>
   </trkpt>
   <trkpt lat="22.7441330" lon="120.3376940">
    <ele>20.6</ele>
    <time>2026-08-15T09:10:31Z</time>
   </trkpt>
   <trkpt lat="22.7441390" lon="120.3376950">
    <ele>20.6</ele>
    <time>2026-08-15T09:10:32Z</time>
   </trkpt>
   <trkpt lat="22.7441420" lon="120.3376920">
    <ele>20.6</ele>
    <time>2026-08-15T09:10:33Z</time>
   </trkpt>
   <trkpt lat="22.7441380" lon="120.3376890">
    <ele>20.6</ele>
    <time>2026-08-15T09:10:34Z</time>
   </trkpt>
   <trkpt lat="22.7441380" lon="120.3376900">
    <ele>20.6</ele>
    <time>2026-08-15T09:10:35Z</time>
   </trkpt>
   <trkpt lat="22.7441340" lon="120.3376880">
    <ele>20.6</ele>
    <time>2026-08-15T09:10:36Z</time>
   </trkpt>
   <trkpt lat="22.7441350" lon="120.3376860">
    <ele>20.6</ele>
    <time>2026-08-15T09:10:37Z</time>
   </trkpt>
   <trkpt lat="22.7441270" lon="120.3377210">
    <ele>20.7</ele>
    <time>2026-08-15T09:10:40Z</time>
   </trkpt>
   <trkpt lat="22.7441150" lon="120.3377440">
    <ele>20.7</ele>
    <time>2026-08-15T09:10:41Z</time>
   </trkpt>
   <trkpt lat="22.7441110" lon="120.3377440">
    <ele>20.7</ele>
    <time>2026-08-15T09:10:42Z</time>
   </trkpt>
   <trkpt lat="22.7441100" lon="120.3377280">
    <ele>20.7</ele>
    <time>2026-08-15T09:10:43Z</time>
   </trkpt>
   <trkpt lat="22.7441120" lon="120.3377310">
    <ele>20.7</ele>
    <time>2026-08-15T09:10:44Z</time>
   </trkpt>
   <trkpt lat="22.7441120" lon="120.3377300">
    <ele>20.7</ele>
    <time>2026-08-15T09:10:45Z</time>
   </trkpt>
   <trkpt lat="22.7441140" lon="120.3377360">
    <ele>20.7</ele>
    <time>2026-08-15T09:10:46Z</time>
   </trkpt>
   <trkpt lat="22.7441220" lon="120.3377390">
    <ele>20.7</ele>
    <time>2026-08-15T09:10:47Z</time>
   </trkpt>
   <trkpt lat="22.7441270" lon="120.3377340">
    <ele>20.7</ele>
    <time>2026-08-15T09:10:48Z</time>
   </trkpt>
   <trkpt lat="22.7441340" lon="120.3377400">
    <ele>20.7</ele>
    <time>2026-08-15T09:10:49Z</time>
   </trkpt>
   <trkpt lat="22.7441370" lon="120.3377390">
    <ele>20.7</ele>
    <time>2026-08-15T09:10:50Z</time>
   </trkpt>
   <trkpt lat="22.7441270" lon="120.3377400">
    <ele>20.7</ele>
    <time>2026-08-15T09:10:51Z</time>
   </trkpt>
   <trkpt lat="22.7440790" lon="120.3378660">
    <ele>20.8</ele>
    <time>2026-08-15T09:11:19Z</time>
   </trkpt>
   <trkpt lat="22.7440810" lon="120.3378680">
    <ele>20.8</ele>
    <time>2026-08-15T09:11:20Z</time>
   </trkpt>
   <trkpt lat="22.7440810" lon="120.3378750">
    <ele>20.8</ele>
    <time>2026-08-15T09:11:21Z</time>
   </trkpt>
   <trkpt lat="22.7440840" lon="120.3378870">
    <ele>20.8</ele>
    <time>2026-08-15T09:11:22Z</time>
   </trkpt>
   <trkpt lat="22.7440830" lon="120.3378900">
    <ele>20.8</ele>
    <time>2026-08-15T09:11:23Z</time>
   </trkpt>
   <trkpt lat="22.7440730" lon="120.3378940">
    <ele>20.8</ele>
    <time>2026-08-15T09:11:24Z</time>
   </trkpt>
   <trkpt lat="22.7440810" lon="120.3378860">
    <ele>20.8</ele>
    <time>2026-08-15T09:11:25Z</time>
   </trkpt>
   <trkpt lat="22.7440890" lon="120.3378730">
    <ele>20.8</ele>
    <time>2026-08-15T09:11:26Z</time>
   </trkpt>
   <trkpt lat="22.7440910" lon="120.3378700">
    <ele>20.8</ele>
    <time>2026-08-15T09:11:27Z</time>
   </trkpt>
   <trkpt lat="22.7440750" lon="120.3378720">
    <ele>20.8</ele>
    <time>2026-08-15T09:11:28Z</time>
   </trkpt>
   <trkpt lat="22.7440640" lon="120.3378770">
    <ele>20.8</ele>
    <time>2026-08-15T09:11:29Z</time>
   </trkpt>
   <trkpt lat="22.7440520" lon="120.3378850">
    <ele>20.8</ele>
    <time>2026-08-15T09:11:30Z</time>
   </trkpt>
   <trkpt lat="22.7440530" lon="120.3378840">
    <ele>20.8</ele>
    <time>2026-08-15T09:11:31Z</time>
   </trkpt>
   <trkpt lat="22.7440520" lon="120.3378820">
    <ele>20.8</ele>
    <time>2026-08-15T09:11:32Z</time>
   </trkpt>
   <trkpt lat="22.7440400" lon="120.3378740">
    <ele>20.8</ele>
    <time>2026-08-15T09:11:33Z</time>
   </trkpt>
   <trkpt lat="22.7440440" lon="120.3378660">
    <ele>20.8</ele>
    <time>2026-08-15T09:11:34Z</time>
   </trkpt>
   <trkpt lat="22.7440370" lon="120.3378640">
    <ele>20.8</ele>
    <time>2026-08-15T09:11:35Z</time>
   </trkpt>
   <trkpt lat="22.7439540" lon="120.3380680">
    <ele>20.8</ele>
    <time>2026-08-15T09:12:35Z</time>
   </trkpt>
   <trkpt lat="22.7439530" lon="120.3380670">
    <ele>20.8</ele>
    <time>2026-08-15T09:12:36Z</time>
   </trkpt>
   <trkpt lat="22.7439520" lon="120.3380670">
    <ele>20.8</ele>
    <time>2026-08-15T09:12:37Z</time>
   </trkpt>
   <trkpt lat="22.7439420" lon="120.3380560">
    <ele>20.8</ele>
    <time>2026-08-15T09:12:38Z</time>
   </trkpt>
   <trkpt lat="22.7439440" lon="120.3380530">
    <ele>20.8</ele>
    <time>2026-08-15T09:12:39Z</time>
   </trkpt>
   <trkpt lat="22.7439530" lon="120.3380510">
    <ele>20.9</ele>
    <time>2026-08-15T09:12:40Z</time>
   </trkpt>
   <trkpt lat="22.7439580" lon="120.3380690">
    <ele>20.9</ele>
    <time>2026-08-15T09:12:41Z</time>
   </trkpt>
   <trkpt lat="22.7439370" lon="120.3380900">
    <ele>20.9</ele>
    <time>2026-08-15T09:12:42Z</time>
   </trkpt>
   <trkpt lat="22.7439390" lon="120.3380980">
    <ele>20.9</ele>
    <time>2026-08-15T09:12:43Z</time>
   </trkpt>
   <trkpt lat="22.7439360" lon="120.3381140">
    <ele>20.9</ele>
    <time>2026-08-15T09:12:44Z</time>
   </trkpt>
   <trkpt lat="22.7439280" lon="120.3381220">
    <ele>20.9</ele>
    <time>2026-08-15T09:12:45Z</time>
   </trkpt>
   <trkpt lat="22.7439010" lon="120.3381640">
    <ele>20.9</ele>
    <time>2026-08-15T09:12:57Z</time>
   </trkpt>
   <trkpt lat="22.7438940" lon="120.3381700">
    <ele>20.9</ele>
    <time>2026-08-15T09:12:58Z</time>
   </trkpt>
   <trkpt lat="22.7438890" lon="120.3381740">
    <ele>20.9</ele>
    <time>2026-08-15T09:12:59Z</time>
   </trkpt>
   <trkpt lat="22.7438850" lon="120.3381740">
    <ele>20.9</ele>
    <time>2026-08-15T09:13:00Z</time>
   </trkpt>
   <trkpt lat="22.7438860" lon="120.3381740">
    <ele>20.9</ele>
    <time>2026-08-15T09:13:01Z</time>
   </trkpt>
   <trkpt lat="22.7438840" lon="120.3381820">
    <ele>20.9</ele>
    <time>2026-08-15T09:13:02Z</time>
   </trkpt>
   <trkpt lat="22.7438850" lon="120.3381920">
    <ele>20.9</ele>
    <time>2026-08-15T09:13:03Z</time>
   </trkpt>
   <trkpt lat="22.7438770" lon="120.3382030">
    <ele>20.9</ele>
    <time>2026-08-15T09:13:04Z</time>
   </trkpt>
   <trkpt lat="22.7438700" lon="120.3382140">
    <ele>20.9</ele>
    <time>2026-08-15T09:13:05Z</time>
   </trkpt>
   <trkpt lat="22.7438730" lon="120.3382180">
    <ele>20.9</ele>
    <time>2026-08-15T09:13:06Z</time>
   </trkpt>
   <trkpt lat="22.7438730" lon="120.3382160">
    <ele>20.9</ele>
    <time>2026-08-15T09:13:07Z</time>
   </trkpt>
   <trkpt lat="22.7438740" lon="120.3382260">
    <ele>20.9</ele>
    <time>2026-08-15T09:13:08Z</time>
   </trkpt>
   <trkpt lat="22.7438770" lon="120.3382400">
    <ele>20.9</ele>
    <time>2026-08-15T09:13:09Z</time>
   </trkpt>
   <trkpt lat="22.7438740" lon="120.3382380">
    <ele>20.9</ele>
    <time>2026-08-15T09:13:10Z</time>
   </trkpt>
   <trkpt lat="22.7438700" lon="120.3382350">
    <ele>20.9</ele>
    <time>2026-08-15T09:13:11Z</time>
   </trkpt>
   <trkpt lat="22.7438740" lon="120.3382270">
    <ele>20.9</ele>
    <time>2026-08-15T09:13:12Z</time>
   </trkpt>
   <trkpt lat="22.7438540" lon="120.3382380">
    <ele>20.9</ele>
    <time>2026-08-15T09:13:13Z</time>
   </trkpt>
   <trkpt lat="22.7438450" lon="120.3382410">
    <ele>20.9</ele>
    <time>2026-08-15T09:13:14Z</time>
   </trkpt>
   <trkpt lat="22.7438370" lon="120.3382370">
    <ele>20.9</ele>
    <time>2026-08-15T09:13:15Z</time>
   </trkpt>
   <trkpt lat="22.7438390" lon="120.3382310">
    <ele>20.9</ele>
    <time>2026-08-15T09:13:16Z</time>
   </trkpt>
   <trkpt lat="22.7438370" lon="120.3382300">
    <ele>20.9</ele>
    <time>2026-08-15T09:13:17Z</time>
   </trkpt>
   <trkpt lat="22.7438330" lon="120.3382290">
    <ele>20.9</ele>
    <time>2026-08-15T09:13:18Z</time>
   </trkpt>
   <trkpt lat="22.7438280" lon="120.3382260">
    <ele>20.9</ele>
    <time>2026-08-15T09:13:19Z</time>
   </trkpt>
   <trkpt lat="22.7438290" lon="120.3382260">
    <ele>20.9</ele>
    <time>2026-08-15T09:13:20Z</time>
   </trkpt>
   <trkpt lat="22.7438290" lon="120.3382260">
    <ele>20.9</ele>
    <time>2026-08-15T09:13:21Z</time>
   </trkpt>
   <trkpt lat="22.7438250" lon="120.3382190">
    <ele>20.9</ele>
    <time>2026-08-15T09:13:22Z</time>
   </trkpt>
   <trkpt lat="22.7438210" lon="120.3382270">
    <ele>20.9</ele>
    <time>2026-08-15T09:13:23Z</time>
   </trkpt>
   <trkpt lat="22.7438210" lon="120.3382190">
    <ele>20.9</ele>
    <time>2026-08-15T09:13:24Z</time>
   </trkpt>
   <trkpt lat="22.7438200" lon="120.3382010">
    <ele>20.9</ele>
    <time>2026-08-15T09:13:25Z</time>
   </trkpt>
   <trkpt lat="22.7437950" lon="120.3382200">
    <ele>20.9</ele>
    <time>2026-08-15T09:13:38Z</time>
   </trkpt>
   <trkpt lat="22.7437950" lon="120.3382330">
    <ele>20.9</ele>
    <time>2026-08-15T09:13:39Z</time>
   </trkpt>
   <trkpt lat="22.7437960" lon="120.3382520">
    <ele>20.9</ele>
    <time>2026-08-15T09:13:40Z</time>
   </trkpt>
   <trkpt lat="22.7437980" lon="120.3382550">
    <ele>20.9</ele>
    <time>2026-08-15T09:13:41Z</time>
   </trkpt>
   <trkpt lat="22.7437990" lon="120.3382620">
    <ele>20.9</ele>
    <time>2026-08-15T09:13:42Z</time>
   </trkpt>
   <trkpt lat="22.7437940" lon="120.3382620">
    <ele>21.0</ele>
    <time>2026-08-15T09:13:43Z</time>
   </trkpt>
   <trkpt lat="22.7437880" lon="120.3382570">
    <ele>21.0</ele>
    <time>2026-08-15T09:13:44Z</time>
   </trkpt>
   <trkpt lat="22.7437870" lon="120.3382540">
    <ele>21.0</ele>
    <time>2026-08-15T09:13:45Z</time>
   </trkpt>
   <trkpt lat="22.7437810" lon="120.3382840">
    <ele>21.0</ele>
    <time>2026-08-15T09:13:46Z</time>
   </trkpt>
   <trkpt lat="22.7437940" lon="120.3382890">
    <ele>21.0</ele>
    <time>2026-08-15T09:13:47Z</time>
   </trkpt>
   <trkpt lat="22.7437800" lon="120.3382960">
    <ele>21.0</ele>
    <time>2026-08-15T09:13:48Z</time>
   </trkpt>
   <trkpt lat="22.7437790" lon="120.3383090">
    <ele>21.0</ele>
    <time>2026-08-15T09:13:49Z</time>
   </trkpt>
   <trkpt lat="22.7437730" lon="120.3383120">
    <ele>21.0</ele>
    <time>2026-08-15T09:13:50Z</time>
   </trkpt>
   <trkpt lat="22.7437740" lon="120.3382990">
    <ele>21.0</ele>
    <time>2026-08-15T09:13:51Z</time>
   </trkpt>
   <trkpt lat="22.7437710" lon="120.3382990">
    <ele>21.0</ele>
    <time>2026-08-15T09:13:52Z</time>
   </trkpt>
   <trkpt lat="22.7437660" lon="120.3382940">
    <ele>21.0</ele>
    <time>2026-08-15T09:13:53Z</time>
   </trkpt>
   <trkpt lat="22.7437630" lon="120.3382970">
    <ele>21.0</ele>
    <time>2026-08-15T09:13:54Z</time>
   </trkpt>
   <trkpt lat="22.7437570" lon="120.3383150">
    <ele>21.0</ele>
    <time>2026-08-15T09:13:55Z</time>
   </trkpt>
   <trkpt lat="22.7437470" lon="120.3383180">
    <ele>21.0</ele>
    <time>2026-08-15T09:13:56Z</time>
   </trkpt>
   <trkpt lat="22.7437370" lon="120.3383230">
    <ele>21.0</ele>
    <time>2026-08-15T09:13:57Z</time>
   </trkpt>
   <trkpt lat="22.7437250" lon="120.3383110">
    <ele>21.0</ele>
    <time>2026-08-15T09:13:58Z</time>
   </trkpt>
   <trkpt lat="22.7437160" lon="120.3383110">
    <ele>21.0</ele>
    <time>2026-08-15T09:13:59Z</time>
   </trkpt>
   <trkpt lat="22.7437110" lon="120.3383150">
    <ele>21.0</ele>
    <time>2026-08-15T09:14:00Z</time>
   </trkpt>
   <trkpt lat="22.7437020" lon="120.3383170">
    <ele>21.0</ele>
    <time>2026-08-15T09:14:01Z</time>
   </trkpt>
   <trkpt lat="22.7436830" lon="120.3383250">
    <ele>21.0</ele>
    <time>2026-08-15T09:14:02Z</time>
   </trkpt>
   <trkpt lat="22.7436750" lon="120.3383260">
    <ele>21.0</ele>
    <time>2026-08-15T09:14:03Z</time>
   </trkpt>
   <trkpt lat="22.7436610" lon="120.3383350">
    <ele>21.0</ele>
    <time>2026-08-15T09:14:04Z</time>
   </trkpt>
   <trkpt lat="22.7436530" lon="120.3383400">
    <ele>21.0</ele>
    <time>2026-08-15T09:14:05Z</time>
   </trkpt>
   <trkpt lat="22.7436370" lon="120.3383460">
    <ele>21.0</ele>
    <time>2026-08-15T09:14:06Z</time>
   </trkpt>
   <trkpt lat="22.7436270" lon="120.3383550">
    <ele>21.0</ele>
    <time>2026-08-15T09:14:07Z</time>
   </trkpt>
   <trkpt lat="22.7436250" lon="120.3383560">
    <ele>21.0</ele>
    <time>2026-08-15T09:14:08Z</time>
   </trkpt>
   <trkpt lat="22.7436230" lon="120.3383560">
    <ele>21.0</ele>
    <time>2026-08-15T09:14:09Z</time>
   </trkpt>
   <trkpt lat="22.7436210" lon="120.3383550">
    <ele>21.0</ele>
    <time>2026-08-15T09:14:10Z</time>
   </trkpt>
   <trkpt lat="22.7436200" lon="120.3383560">
    <ele>21.0</ele>
    <time>2026-08-15T09:14:11Z</time>
   </trkpt>
   <trkpt lat="22.7436160" lon="120.3383610">
    <ele>21.0</ele>
    <time>2026-08-15T09:14:12Z</time>
   </trkpt>
   <trkpt lat="22.7436210" lon="120.3383740">
    <ele>21.0</ele>
    <time>2026-08-15T09:14:13Z</time>
   </trkpt>
   <trkpt lat="22.7436220" lon="120.3383690">
    <ele>21.0</ele>
    <time>2026-08-15T09:14:14Z</time>
   </trkpt>
   <trkpt lat="22.7436220" lon="120.3383780">
    <ele>21.0</ele>
    <time>2026-08-15T09:14:15Z</time>
   </trkpt>
   <trkpt lat="22.7436250" lon="120.3383830">
    <ele>21.0</ele>
    <time>2026-08-15T09:14:16Z</time>
   </trkpt>
   <trkpt lat="22.7436250" lon="120.3383840">
    <ele>21.0</ele>
    <time>2026-08-15T09:14:17Z</time>
   </trkpt>
   <trkpt lat="22.7436160" lon="120.3383860">
    <ele>21.0</ele>
    <time>2026-08-15T09:14:18Z</time>
   </trkpt>
   <trkpt lat="22.7436280" lon="120.3384240">
    <ele>21.1</ele>
    <time>2026-08-15T09:14:20Z</time>
   </trkpt>
   <trkpt lat="22.7436420" lon="120.3384290">
    <ele>21.1</ele>
    <time>2026-08-15T09:14:21Z</time>
   </trkpt>
   <trkpt lat="22.7436420" lon="120.3384390">
    <ele>21.1</ele>
    <time>2026-08-15T09:14:22Z</time>
   </trkpt>
   <trkpt lat="22.7436360" lon="120.3384620">
    <ele>21.1</ele>
    <time>2026-08-15T09:14:23Z</time>
   </trkpt>
   <trkpt lat="22.7436420" lon="120.3384860">
    <ele>21.1</ele>
    <time>2026-08-15T09:14:24Z</time>
   </trkpt>
   <trkpt lat="22.7436340" lon="120.3384870">
    <ele>21.1</ele>
    <time>2026-08-15T09:14:25Z</time>
   </trkpt>
   <trkpt lat="22.7436290" lon="120.3384990">
    <ele>21.1</ele>
    <time>2026-08-15T09:14:26Z</time>
   </trkpt>
   <trkpt lat="22.7436240" lon="120.3385030">
    <ele>21.1</ele>
    <time>2026-08-15T09:14:27Z</time>
   </trkpt>
   <trkpt lat="22.7436160" lon="120.3385090">
    <ele>21.1</ele>
    <time>2026-08-15T09:14:28Z</time>
   </trkpt>
   <trkpt lat="22.7436110" lon="120.3385080">
    <ele>21.1</ele>
    <time>2026-08-15T09:14:29Z</time>
   </trkpt>
   <trkpt lat="22.7436040" lon="120.3385100">
    <ele>21.1</ele>
    <time>2026-08-15T09:14:30Z</time>
   </trkpt>
   <trkpt lat="22.7435950" lon="120.3385130">
    <ele>21.1</ele>
    <time>2026-08-15T09:14:31Z</time>
   </trkpt>
   <trkpt lat="22.7435880" lon="120.3385150">
    <ele>21.1</ele>
    <time>2026-08-15T09:14:32Z</time>
   </trkpt>
   <trkpt lat="22.7435790" lon="120.3385130">
    <ele>21.1</ele>
    <time>2026-08-15T09:14:33Z</time>
   </trkpt>
   <trkpt lat="22.7435680" lon="120.3385160">
    <ele>21.1</ele>
    <time>2026-08-15T09:14:34Z</time>
   </trkpt>
   <trkpt lat="22.7435220" lon="120.3385550">
    <ele>21.1</ele>
    <time>2026-08-15T09:14:44Z</time>
   </trkpt>
   <trkpt lat="22.7435080" lon="120.3385740">
    <ele>21.1</ele>
    <time>2026-08-15T09:14:45Z</time>
   </trkpt>
   <trkpt lat="22.7434950" lon="120.3385750">
    <ele>21.1</ele>
    <time>2026-08-15T09:14:46Z</time>
   </trkpt>
   <trkpt lat="22.7434810" lon="120.3385690">
    <ele>21.1</ele>
    <time>2026-08-15T09:14:47Z</time>
   </trkpt>
   <trkpt lat="22.7434700" lon="120.3385670">
    <ele>21.1</ele>
    <time>2026-08-15T09:14:48Z</time>
   </trkpt>
   <trkpt lat="22.7434630" lon="120.3385720">
    <ele>21.1</ele>
    <time>2026-08-15T09:14:49Z</time>
   </trkpt>
   <trkpt lat="22.7434480" lon="120.3385710">
    <ele>21.1</ele>
    <time>2026-08-15T09:14:50Z</time>
   </trkpt>
   <trkpt lat="22.7434330" lon="120.3385770">
    <ele>21.1</ele>
    <time>2026-08-15T09:14:51Z</time>
   </trkpt>
   <trkpt lat="22.7434320" lon="120.3385830">
    <ele>21.1</ele>
    <time>2026-08-15T09:14:52Z</time>
   </trkpt>
   <trkpt lat="22.7434200" lon="120.3385910">
    <ele>21.1</ele>
    <time>2026-08-15T09:14:53Z</time>
   </trkpt>
   <trkpt lat="22.7434110" lon="120.3386020">
    <ele>21.1</ele>
    <time>2026-08-15T09:14:54Z</time>
   </trkpt>
   <trkpt lat="22.7434040" lon="120.3386120">
    <ele>21.2</ele>
    <time>2026-08-15T09:14:55Z</time>
   </trkpt>
   <trkpt lat="22.7433970" lon="120.3386220">
    <ele>21.2</ele>
    <time>2026-08-15T09:14:56Z</time>
   </trkpt>
   <trkpt lat="22.7433860" lon="120.3386350">
    <ele>21.2</ele>
    <time>2026-08-15T09:14:57Z</time>
   </trkpt>
   <trkpt lat="22.7433720" lon="120.3386440">
    <ele>21.2</ele>
    <time>2026-08-15T09:14:58Z</time>
   </trkpt>
   <trkpt lat="22.7433640" lon="120.3386550">
    <ele>21.2</ele>
    <time>2026-08-15T09:14:59Z</time>
   </trkpt>
   <trkpt lat="22.7433540" lon="120.3386670">
    <ele>21.2</ele>
    <time>2026-08-15T09:15:00Z</time>
   </trkpt>
   <trkpt lat="22.7433410" lon="120.3386750">
    <ele>21.2</ele>
    <time>2026-08-15T09:15:01Z</time>
   </trkpt>
   <trkpt lat="22.7433290" lon="120.3386790">
    <ele>21.2</ele>
    <time>2026-08-15T09:15:02Z</time>
   </trkpt>
   <trkpt lat="22.7433240" lon="120.3386860">
    <ele>21.2</ele>
    <time>2026-08-15T09:15:03Z</time>
   </trkpt>
   <trkpt lat="22.7433220" lon="120.3386980">
    <ele>21.2</ele>
    <time>2026-08-15T09:15:04Z</time>
   </trkpt>
   <trkpt lat="22.7433330" lon="120.3387070">
    <ele>21.2</ele>
    <time>2026-08-15T09:15:05Z</time>
   </trkpt>
   <trkpt lat="22.7433410" lon="120.3387120">
    <ele>21.2</ele>
    <time>2026-08-15T09:15:06Z</time>
   </trkpt>
   <trkpt lat="22.7433430" lon="120.3387120">
    <ele>21.2</ele>
    <time>2026-08-15T09:15:07Z</time>
   </trkpt>
   <trkpt lat="22.7433530" lon="120.3387170">
    <ele>21.2</ele>
    <time>2026-08-15T09:15:08Z</time>
   </trkpt>
   <trkpt lat="22.7433670" lon="120.3387180">
    <ele>21.2</ele>
    <time>2026-08-15T09:15:09Z</time>
   </trkpt>
   <trkpt lat="22.7433860" lon="120.3387170">
    <ele>21.2</ele>
    <time>2026-08-15T09:15:10Z</time>
   </trkpt>
   <trkpt lat="22.7434010" lon="120.3387230">
    <ele>21.2</ele>
    <time>2026-08-15T09:15:11Z</time>
   </trkpt>
   <trkpt lat="22.7434100" lon="120.3387200">
    <ele>21.2</ele>
    <time>2026-08-15T09:15:12Z</time>
   </trkpt>
   <trkpt lat="22.7434140" lon="120.3387160">
    <ele>21.2</ele>
    <time>2026-08-15T09:15:13Z</time>
   </trkpt>
   <trkpt lat="22.7434270" lon="120.3387160">
    <ele>21.2</ele>
    <time>2026-08-15T09:15:14Z</time>
   </trkpt>
   <trkpt lat="22.7434340" lon="120.3387060">
    <ele>21.2</ele>
    <time>2026-08-15T09:15:15Z</time>
   </trkpt>
   <trkpt lat="22.7434420" lon="120.3387000">
    <ele>21.2</ele>
    <time>2026-08-15T09:15:16Z</time>
   </trkpt>
   <trkpt lat="22.7434550" lon="120.3386910">
    <ele>21.2</ele>
    <time>2026-08-15T09:15:17Z</time>
   </trkpt>
   <trkpt lat="22.7434610" lon="120.3386880">
    <ele>21.2</ele>
    <time>2026-08-15T09:15:18Z</time>
   </trkpt>
   <trkpt lat="22.7434680" lon="120.3386790">
    <ele>21.2</ele>
    <time>2026-08-15T09:15:19Z</time>
   </trkpt>
   <trkpt lat="22.7434820" lon="120.3386710">
    <ele>21.1</ele>
    <time>2026-08-15T09:15:20Z</time>
   </trkpt>
   <trkpt lat="22.7434850" lon="120.3386640">
    <ele>21.1</ele>
    <time>2026-08-15T09:15:21Z</time>
   </trkpt>
   <trkpt lat="22.7434840" lon="120.3386420">
    <ele>21.1</ele>
    <time>2026-08-15T09:15:22Z</time>
   </trkpt>
   <trkpt lat="22.7434910" lon="120.3386380">
    <ele>21.1</ele>
    <time>2026-08-15T09:15:23Z</time>
   </trkpt>
   <trkpt lat="22.7434990" lon="120.3386300">
    <ele>21.1</ele>
    <time>2026-08-15T09:15:24Z</time>
   </trkpt>
   <trkpt lat="22.7435060" lon="120.3386240">
    <ele>21.1</ele>
    <time>2026-08-15T09:15:25Z</time>
   </trkpt>
   <trkpt lat="22.7435130" lon="120.3386170">
    <ele>21.1</ele>
    <time>2026-08-15T09:15:26Z</time>
   </trkpt>
   <trkpt lat="22.7435190" lon="120.3386140">
    <ele>21.1</ele>
    <time>2026-08-15T09:15:27Z</time>
   </trkpt>
   <trkpt lat="22.7435240" lon="120.3386040">
    <ele>21.1</ele>
    <time>2026-08-15T09:15:28Z</time>
   </trkpt>
   <trkpt lat="22.7435350" lon="120.3385910">
    <ele>21.1</ele>
    <time>2026-08-15T09:15:29Z</time>
   </trkpt>
   <trkpt lat="22.7435440" lon="120.3385800">
    <ele>21.1</ele>
    <time>2026-08-15T09:15:30Z</time>
   </trkpt>
   <trkpt lat="22.7435510" lon="120.3385670">
    <ele>21.1</ele>
    <time>2026-08-15T09:15:31Z</time>
   </trkpt>
   <trkpt lat="22.7435520" lon="120.3385570">
    <ele>21.1</ele>
    <time>2026-08-15T09:15:32Z</time>
   </trkpt>
   <trkpt lat="22.7435550" lon="120.3385580">
    <ele>21.1</ele>
    <time>2026-08-15T09:15:33Z</time>
   </trkpt>
   <trkpt lat="22.7435610" lon="120.3385540">
    <ele>21.1</ele>
    <time>2026-08-15T09:15:34Z</time>
   </trkpt>
   <trkpt lat="22.7435590" lon="120.3385530">
    <ele>21.1</ele>
    <time>2026-08-15T09:15:35Z</time>
   </trkpt>
   <trkpt lat="22.7435530" lon="120.3385390">
    <ele>21.1</ele>
    <time>2026-08-15T09:15:36Z</time>
   </trkpt>
   <trkpt lat="22.7435410" lon="120.3385400">
    <ele>21.1</ele>
    <time>2026-08-15T09:15:37Z</time>
   </trkpt>
   <trkpt lat="22.7435530" lon="120.3385400">
    <ele>21.1</ele>
    <time>2026-08-15T09:15:38Z</time>
   </trkpt>
   <trkpt lat="22.7435600" lon="120.3385340">
    <ele>21.1</ele>
    <time>2026-08-15T09:15:39Z</time>
   </trkpt>
   <trkpt lat="22.7435670" lon="120.3385180">
    <ele>21.1</ele>
    <time>2026-08-15T09:15:40Z</time>
   </trkpt>
   <trkpt lat="22.7435670" lon="120.3385130">
    <ele>21.1</ele>
    <time>2026-08-15T09:15:41Z</time>
   </trkpt>
   <trkpt lat="22.7435660" lon="120.3384920">
    <ele>21.1</ele>
    <time>2026-08-15T09:15:42Z</time>
   </trkpt>
   <trkpt lat="22.7435640" lon="120.3384840">
    <ele>21.1</ele>
    <time>2026-08-15T09:15:43Z</time>
   </trkpt>
   <trkpt lat="22.7435630" lon="120.3384850">
    <ele>21.1</ele>
    <time>2026-08-15T09:15:44Z</time>
   </trkpt>
   <trkpt lat="22.7435880" lon="120.3384650">
    <ele>21.1</ele>
    <time>2026-08-15T09:15:45Z</time>
   </trkpt>
   <trkpt lat="22.7435890" lon="120.3384400">
    <ele>21.1</ele>
    <time>2026-08-15T09:15:46Z</time>
   </trkpt>
   <trkpt lat="22.7436030" lon="120.3383970">
    <ele>21.0</ele>
    <time>2026-08-15T09:15:47Z</time>
   </trkpt>
   <trkpt lat="22.7436200" lon="120.3384090">
    <ele>21.0</ele>
    <time>2026-08-15T09:15:48Z</time>
   </trkpt>
   <trkpt lat="22.7436440" lon="120.3383980">
    <ele>21.0</ele>
    <time>2026-08-15T09:15:49Z</time>
   </trkpt>
   <trkpt lat="22.7436670" lon="120.3384000">
    <ele>21.0</ele>
    <time>2026-08-15T09:15:50Z</time>
   </trkpt>
   <trkpt lat="22.7436740" lon="120.3383910">
    <ele>21.0</ele>
    <time>2026-08-15T09:15:51Z</time>
   </trkpt>
   <trkpt lat="22.7436740" lon="120.3383780">
    <ele>21.0</ele>
    <time>2026-08-15T09:15:52Z</time>
   </trkpt>
   <trkpt lat="22.7437010" lon="120.3383630">
    <ele>21.0</ele>
    <time>2026-08-15T09:15:53Z</time>
   </trkpt>
   <trkpt lat="22.7436990" lon="120.3383520">
    <ele>21.0</ele>
    <time>2026-08-15T09:15:54Z</time>
   </trkpt>
   <trkpt lat="22.7437120" lon="120.3383370">
    <ele>21.0</ele>
    <time>2026-08-15T09:15:55Z</time>
   </trkpt>
   <trkpt lat="22.7437110" lon="120.3383240">
    <ele>21.0</ele>
    <time>2026-08-15T09:15:56Z</time>
   </trkpt>
   <trkpt lat="22.7437060" lon="120.3383290">
    <ele>21.0</ele>
    <time>2026-08-15T09:15:57Z</time>
   </trkpt>
   <trkpt lat="22.7437160" lon="120.3383140">
    <ele>21.0</ele>
    <time>2026-08-15T09:15:58Z</time>
   </trkpt>
   <trkpt lat="22.7437170" lon="120.3382980">
    <ele>21.0</ele>
    <time>2026-08-15T09:15:59Z</time>
   </trkpt>
   <trkpt lat="22.7437220" lon="120.3382820">
    <ele>21.0</ele>
    <time>2026-08-15T09:16:00Z</time>
   </trkpt>
   <trkpt lat="22.7437360" lon="120.3382720">
    <ele>21.0</ele>
    <time>2026-08-15T09:16:01Z</time>
   </trkpt>
   <trkpt lat="22.7437440" lon="120.3382660">
    <ele>21.0</ele>
    <time>2026-08-15T09:16:02Z</time>
   </trkpt>
   <trkpt lat="22.7437560" lon="120.3382560">
    <ele>21.0</ele>
    <time>2026-08-15T09:16:03Z</time>
   </trkpt>
   <trkpt lat="22.7437630" lon="120.3382460">
    <ele>21.0</ele>
    <time>2026-08-15T09:16:04Z</time>
   </trkpt>
   <trkpt lat="22.7437750" lon="120.3382440">
    <ele>21.0</ele>
    <time>2026-08-15T09:16:05Z</time>
   </trkpt>
   <trkpt lat="22.7437780" lon="120.3382350">
    <ele>21.0</ele>
    <time>2026-08-15T09:16:06Z</time>
   </trkpt>
   <trkpt lat="22.7437890" lon="120.3382210">
    <ele>21.0</ele>
    <time>2026-08-15T09:16:07Z</time>
   </trkpt>
   <trkpt lat="22.7438050" lon="120.3382090">
    <ele>21.0</ele>
    <time>2026-08-15T09:16:08Z</time>
   </trkpt>
   <trkpt lat="22.7438120" lon="120.3381990">
    <ele>20.9</ele>
    <time>2026-08-15T09:16:09Z</time>
   </trkpt>
   <trkpt lat="22.7438110" lon="120.3381990">
    <ele>20.9</ele>
    <time>2026-08-15T09:16:10Z</time>
   </trkpt>
   <trkpt lat="22.7438120" lon="120.3382080">
    <ele>20.9</ele>
    <time>2026-08-15T09:16:11Z</time>
   </trkpt>
   <trkpt lat="22.7438100" lon="120.3382170">
    <ele>20.9</ele>
    <time>2026-08-15T09:16:12Z</time>
   </trkpt>
   <trkpt lat="22.7438040" lon="120.3382160">
    <ele>20.9</ele>
    <time>2026-08-15T09:16:13Z</time>
   </trkpt>
   <trkpt lat="22.7437970" lon="120.3382220">
    <ele>20.9</ele>
    <time>2026-08-15T09:16:14Z</time>
   </trkpt>
   <trkpt lat="22.7437880" lon="120.3382290">
    <ele>20.9</ele>
    <time>2026-08-15T09:16:15Z</time>
   </trkpt>
   <trkpt lat="22.7437970" lon="120.3382470">
    <ele>20.9</ele>
    <time>2026-08-15T09:16:16Z</time>
   </trkpt>
   <trkpt lat="22.7438080" lon="120.3382490">
    <ele>20.9</ele>
    <time>2026-08-15T09:16:17Z</time>
   </trkpt>
   <trkpt lat="22.7438260" lon="120.3382600">
    <ele>20.9</ele>
    <time>2026-08-15T09:16:18Z</time>
   </trkpt>
   <trkpt lat="22.7438220" lon="120.3382560">
    <ele>20.9</ele>
    <time>2026-08-15T09:16:19Z</time>
   </trkpt>
   <trkpt lat="22.7438220" lon="120.3382750">
    <ele>20.9</ele>
    <time>2026-08-15T09:16:20Z</time>
   </trkpt>
   <trkpt lat="22.7438380" lon="120.3382730">
    <ele>20.9</ele>
    <time>2026-08-15T09:16:21Z</time>
   </trkpt>
   <trkpt lat="22.7438320" lon="120.3382820">
    <ele>20.9</ele>
    <time>2026-08-15T09:16:22Z</time>
   </trkpt>
   <trkpt lat="22.7438520" lon="120.3382620">
    <ele>20.9</ele>
    <time>2026-08-15T09:16:23Z</time>
   </trkpt>
   <trkpt lat="22.7438290" lon="120.3382410">
    <ele>20.9</ele>
    <time>2026-08-15T09:16:24Z</time>
   </trkpt>
   <trkpt lat="22.7438040" lon="120.3382370">
    <ele>20.9</ele>
    <time>2026-08-15T09:16:25Z</time>
   </trkpt>
   <trkpt lat="22.7437800" lon="120.3381980">
    <ele>20.9</ele>
    <time>2026-08-15T09:16:26Z</time>
   </trkpt>
   <trkpt lat="22.7437780" lon="120.3381980">
    <ele>20.9</ele>
    <time>2026-08-15T09:16:27Z</time>
   </trkpt>
   <trkpt lat="22.7437530" lon="120.3382140">
    <ele>20.9</ele>
    <time>2026-08-15T09:16:28Z</time>
   </trkpt>
   <trkpt lat="22.7437590" lon="120.3382000">
    <ele>20.9</ele>
    <time>2026-08-15T09:16:29Z</time>
   </trkpt>
   <trkpt lat="22.7437660" lon="120.3381860">
    <ele>20.9</ele>
    <time>2026-08-15T09:16:30Z</time>
   </trkpt>
   <trkpt lat="22.7437720" lon="120.3381720">
    <ele>20.9</ele>
    <time>2026-08-15T09:16:31Z</time>
   </trkpt>
   <trkpt lat="22.7437780" lon="120.3381580">
    <ele>20.9</ele>
    <time>2026-08-15T09:16:32Z</time>
   </trkpt>
   <trkpt lat="22.7437940" lon="120.3381180">
    <ele>20.8</ele>
    <time>2026-08-15T09:16:33Z</time>
   </trkpt>
   <trkpt lat="22.7437770" lon="120.3380750">
    <ele>20.8</ele>
    <time>2026-08-15T09:16:34Z</time>
   </trkpt>
   <trkpt lat="22.7437940" lon="120.3380170">
    <ele>20.8</ele>
    <time>2026-08-15T09:16:35Z</time>
   </trkpt>
   <trkpt lat="22.7437910" lon="120.3380030">
    <ele>20.8</ele>
    <time>2026-08-15T09:16:36Z</time>
   </trkpt>
   <trkpt lat="22.7437690" lon="120.3380430">
    <ele>20.8</ele>
    <time>2026-08-15T09:16:37Z</time>
   </trkpt>
   <trkpt lat="22.7437590" lon="120.3381100">
    <ele>20.8</ele>
    <time>2026-08-15T09:16:38Z</time>
   </trkpt>
   <trkpt lat="22.7437450" lon="120.3381250">
    <ele>20.8</ele>
    <time>2026-08-15T09:16:39Z</time>
   </trkpt>
   <trkpt lat="22.7437180" lon="120.3380720">
    <ele>20.8</ele>
    <time>2026-08-15T09:16:40Z</time>
   </trkpt>
   <trkpt lat="22.7436810" lon="120.3380450">
    <ele>20.7</ele>
    <time>2026-08-15T09:16:41Z</time>
   </trkpt>
   <trkpt lat="22.7436690" lon="120.3380370">
    <ele>20.7</ele>
    <time>2026-08-15T09:16:42Z</time>
   </trkpt>
   <trkpt lat="22.7436770" lon="120.3380490">
    <ele>20.7</ele>
    <time>2026-08-15T09:16:43Z</time>
   </trkpt>
   <trkpt lat="22.7436720" lon="120.3380280">
    <ele>20.7</ele>
    <time>2026-08-15T09:16:44Z</time>
   </trkpt>
   <trkpt lat="22.7436570" lon="120.3379790">
    <ele>20.7</ele>
    <time>2026-08-15T09:16:45Z</time>
   </trkpt>
   <trkpt lat="22.7436140" lon="120.3379730">
    <ele>20.7</ele>
    <time>2026-08-15T09:16:46Z</time>
   </trkpt>
   <trkpt lat="22.7436320" lon="120.3379740">
    <ele>20.7</ele>
    <time>2026-08-15T09:16:47Z</time>
   </trkpt>
   <trkpt lat="22.7436790" lon="120.3379790">
    <ele>20.7</ele>
    <time>2026-08-15T09:16:48Z</time>
   </trkpt>
   <trkpt lat="22.7436970" lon="120.3379850">
    <ele>20.6</ele>
    <time>2026-08-15T09:16:49Z</time>
   </trkpt>
   <trkpt lat="22.7437150" lon="120.3379920">
    <ele>20.6</ele>
    <time>2026-08-15T09:16:50Z</time>
   </trkpt>
   <trkpt lat="22.7437330" lon="120.3379980">
    <ele>20.6</ele>
    <time>2026-08-15T09:16:51Z</time>
   </trkpt>
   <trkpt lat="22.7437410" lon="120.3379720">
    <ele>20.6</ele>
    <time>2026-08-15T09:16:52Z</time>
   </trkpt>
   <trkpt lat="22.7437510" lon="120.3379560">
    <ele>20.6</ele>
    <time>2026-08-15T09:16:53Z</time>
   </trkpt>
   <trkpt lat="22.7437740" lon="120.3379520">
    <ele>20.6</ele>
    <time>2026-08-15T09:16:54Z</time>
   </trkpt>
   <trkpt lat="22.7437770" lon="120.3379410">
    <ele>20.6</ele>
    <time>2026-08-15T09:16:55Z</time>
   </trkpt>
   <trkpt lat="22.7437820" lon="120.3379280">
    <ele>20.6</ele>
    <time>2026-08-15T09:16:56Z</time>
   </trkpt>
   <trkpt lat="22.7437960" lon="120.3379280">
    <ele>20.6</ele>
    <time>2026-08-15T09:16:57Z</time>
   </trkpt>
   <trkpt lat="22.7438220" lon="120.3379280">
    <ele>20.5</ele>
    <time>2026-08-15T09:16:58Z</time>
   </trkpt>
   <trkpt lat="22.7438440" lon="120.3379190">
    <ele>20.5</ele>
    <time>2026-08-15T09:16:59Z</time>
   </trkpt>
   <trkpt lat="22.7438640" lon="120.3379160">
    <ele>20.5</ele>
    <time>2026-08-15T09:17:00Z</time>
   </trkpt>
   <trkpt lat="22.7438750" lon="120.3379100">
    <ele>20.5</ele>
    <time>2026-08-15T09:17:01Z</time>
   </trkpt>
   <trkpt lat="22.7438880" lon="120.3379030">
    <ele>20.5</ele>
    <time>2026-08-15T09:17:02Z</time>
   </trkpt>
   <trkpt lat="22.7439010" lon="120.3379050">
    <ele>20.5</ele>
    <time>2026-08-15T09:17:03Z</time>
   </trkpt>
   <trkpt lat="22.7439200" lon="120.3378980">
    <ele>20.5</ele>
    <time>2026-08-15T09:17:04Z</time>
   </trkpt>
   <trkpt lat="22.7439390" lon="120.3378850">
    <ele>20.5</ele>
    <time>2026-08-15T09:17:05Z</time>
   </trkpt>
   <trkpt lat="22.7439480" lon="120.3378750">
    <ele>20.4</ele>
    <time>2026-08-15T09:17:06Z</time>
   </trkpt>
   <trkpt lat="22.7439600" lon="120.3378650">
    <ele>20.4</ele>
    <time>2026-08-15T09:17:07Z</time>
   </trkpt>
   <trkpt lat="22.7439770" lon="120.3378560">
    <ele>20.4</ele>
    <time>2026-08-15T09:17:08Z</time>
   </trkpt>
   <trkpt lat="22.7439900" lon="120.3378490">
    <ele>20.4</ele>
    <time>2026-08-15T09:17:09Z</time>
   </trkpt>
   <trkpt lat="22.7440030" lon="120.3378430">
    <ele>20.4</ele>
    <time>2026-08-15T09:17:10Z</time>
   </trkpt>
   <trkpt lat="22.7440130" lon="120.3378360">
    <ele>20.4</ele>
    <time>2026-08-15T09:17:11Z</time>
   </trkpt>
   <trkpt lat="22.7440190" lon="120.3378360">
    <ele>20.4</ele>
    <time>2026-08-15T09:17:13Z</time>
   </trkpt>
   <trkpt lat="22.7440270" lon="120.3378440">
    <ele>20.4</ele>
    <time>2026-08-15T09:17:14Z</time>
   </trkpt>
   <trkpt lat="22.7440330" lon="120.3378420">
    <ele>20.4</ele>
    <time>2026-08-15T09:17:15Z</time>
   </trkpt>
   <trkpt lat="22.7440380" lon="120.3378400">
    <ele>20.4</ele>
    <time>2026-08-15T09:17:16Z</time>
   </trkpt>
   <trkpt lat="22.7440560" lon="120.3378450">
    <ele>20.4</ele>
    <time>2026-08-15T09:17:17Z</time>
   </trkpt>
   <trkpt lat="22.7440660" lon="120.3378470">
    <ele>20.3</ele>
    <time>2026-08-15T09:17:18Z</time>
   </trkpt>
   <trkpt lat="22.7440680" lon="120.3378530">
    <ele>20.3</ele>
    <time>2026-08-15T09:17:19Z</time>
   </trkpt>
   <trkpt lat="22.7440820" lon="120.3378420">
    <ele>20.3</ele>
    <time>2026-08-15T09:17:20Z</time>
   </trkpt>
   <trkpt lat="22.7440920" lon="120.3378260">
    <ele>20.3</ele>
    <time>2026-08-15T09:17:21Z</time>
   </trkpt>
   <trkpt lat="22.7440950" lon="120.3378180">
    <ele>20.3</ele>
    <time>2026-08-15T09:17:22Z</time>
   </trkpt>
   <trkpt lat="22.7440970" lon="120.3378180">
    <ele>20.3</ele>
    <time>2026-08-15T09:17:23Z</time>
   </trkpt>
   <trkpt lat="22.7441060" lon="120.3377970">
    <ele>20.3</ele>
    <time>2026-08-15T09:17:24Z</time>
   </trkpt>
   <trkpt lat="22.7441130" lon="120.3377790">
    <ele>20.3</ele>
    <time>2026-08-15T09:17:25Z</time>
   </trkpt>
   <trkpt lat="22.7441200" lon="120.3377620">
    <ele>20.3</ele>
    <time>2026-08-15T09:17:26Z</time>
   </trkpt>
   <trkpt lat="22.7441230" lon="120.3377540">
    <ele>20.3</ele>
    <time>2026-08-15T09:17:27Z</time>
   </trkpt>
   <trkpt lat="22.7441300" lon="120.3377410">
    <ele>20.3</ele>
    <time>2026-08-15T09:17:28Z</time>
   </trkpt>
   <trkpt lat="22.7441350" lon="120.3377200">
    <ele>20.2</ele>
    <time>2026-08-15T09:17:29Z</time>
   </trkpt>
   <trkpt lat="22.7441460" lon="120.3377020">
    <ele>20.2</ele>
    <time>2026-08-15T09:17:30Z</time>
   </trkpt>
   <trkpt lat="22.7441490" lon="120.3376940">
    <ele>20.2</ele>
    <time>2026-08-15T09:17:31Z</time>
   </trkpt>
   <trkpt lat="22.7441490" lon="120.3376830">
    <ele>20.2</ele>
    <time>2026-08-15T09:17:32Z</time>
   </trkpt>
   <trkpt lat="22.7441540" lon="120.3376870">
    <ele>20.2</ele>
    <time>2026-08-15T09:17:33Z</time>
   </trkpt>
   <trkpt lat="22.7441610" lon="120.3376860">
    <ele>20.2</ele>
    <time>2026-08-15T09:17:34Z</time>
   </trkpt>
   <trkpt lat="22.7441560" lon="120.3376760">
    <ele>20.2</ele>
    <time>2026-08-15T09:17:35Z</time>
   </trkpt>
   <trkpt lat="22.7441580" lon="120.3376650">
    <ele>20.2</ele>
    <time>2026-08-15T09:17:36Z</time>
   </trkpt>
   <trkpt lat="22.7441540" lon="120.3376620">
    <ele>20.2</ele>
    <time>2026-08-15T09:17:37Z</time>
   </trkpt>
   <trkpt lat="22.7441580" lon="120.3376500">
    <ele>20.2</ele>
    <time>2026-08-15T09:17:38Z</time>
   </trkpt>
   <trkpt lat="22.7441630" lon="120.3376480">
    <ele>20.2</ele>
    <time>2026-08-15T09:17:39Z</time>
   </trkpt>
   <trkpt lat="22.7441730" lon="120.3376530">
    <ele>20.2</ele>
    <time>2026-08-15T09:17:40Z</time>
   </trkpt>
   <trkpt lat="22.7441820" lon="120.3376490">
    <ele>20.2</ele>
    <time>2026-08-15T09:17:41Z</time>
   </trkpt>
   <trkpt lat="22.7441900" lon="120.3376440">
    <ele>20.2</ele>
    <time>2026-08-15T09:17:42Z</time>
   </trkpt>
   <trkpt lat="22.7441940" lon="120.3376360">
    <ele>20.2</ele>
    <time>2026-08-15T09:17:43Z</time>
   </trkpt>
   <trkpt lat="22.7442030" lon="120.3376290">
    <ele>20.2</ele>
    <time>2026-08-15T09:17:44Z</time>
   </trkpt>
   <trkpt lat="22.7442140" lon="120.3376150">
    <ele>20.1</ele>
    <time>2026-08-15T09:17:45Z</time>
   </trkpt>
   <trkpt lat="22.7442220" lon="120.3376110">
    <ele>20.1</ele>
    <time>2026-08-15T09:17:46Z</time>
   </trkpt>
   <trkpt lat="22.7442220" lon="120.3376110">
    <ele>20.1</ele>
    <time>2026-08-15T09:17:47Z</time>
   </trkpt>
   <trkpt lat="22.7442330" lon="120.3376080">
    <ele>20.1</ele>
    <time>2026-08-15T09:17:48Z</time>
   </trkpt>
   <trkpt lat="22.7442400" lon="120.3376060">
    <ele>20.1</ele>
    <time>2026-08-15T09:17:49Z</time>
   </trkpt>
   <trkpt lat="22.7442430" lon="120.3376010">
    <ele>20.1</ele>
    <time>2026-08-15T09:17:50Z</time>
   </trkpt>
   <trkpt lat="22.7442440" lon="120.3376010">
    <ele>20.1</ele>
    <time>2026-08-15T09:17:51Z</time>
   </trkpt>
   <trkpt lat="22.7442430" lon="120.3375970">
    <ele>20.1</ele>
    <time>2026-08-15T09:17:52Z</time>
   </trkpt>
   <trkpt lat="22.7442510" lon="120.3376030">
    <ele>20.1</ele>
    <time>2026-08-15T09:17:53Z</time>
   </trkpt>
   <trkpt lat="22.7442580" lon="120.3375930">
    <ele>20.1</ele>
    <time>2026-08-15T09:17:54Z</time>
   </trkpt>
   <trkpt lat="22.7442660" lon="120.3375860">
    <ele>20.1</ele>
    <time>2026-08-15T09:17:55Z</time>
   </trkpt>
   <trkpt lat="22.7442780" lon="120.3375660">
    <ele>20.1</ele>
    <time>2026-08-15T09:17:56Z</time>
   </trkpt>
   <trkpt lat="22.7442840" lon="120.3375530">
    <ele>20.1</ele>
    <time>2026-08-15T09:17:57Z</time>
   </trkpt>
   <trkpt lat="22.7442880" lon="120.3375390">
    <ele>20.1</ele>
    <time>2026-08-15T09:17:58Z</time>
   </trkpt>
   <trkpt lat="22.7442810" lon="120.3375350">
    <ele>20.1</ele>
    <time>2026-08-15T09:17:59Z</time>
   </trkpt>
   <trkpt lat="22.7442790" lon="120.3375350">
    <ele>20.1</ele>
    <time>2026-08-15T09:18:00Z</time>
   </trkpt>
   <trkpt lat="22.7442800" lon="120.3375400">
    <ele>20.1</ele>
    <time>2026-08-15T09:18:01Z</time>
   </trkpt>
   <trkpt lat="22.7442760" lon="120.3375450">
    <ele>20.1</ele>
    <time>2026-08-15T09:18:02Z</time>
   </trkpt>
   <trkpt lat="22.7442700" lon="120.3375480">
    <ele>20.1</ele>
    <time>2026-08-15T09:18:03Z</time>
   </trkpt>
   <trkpt lat="22.7442690" lon="120.3375440">
    <ele>20.1</ele>
    <time>2026-08-15T09:18:04Z</time>
   </trkpt>
   <trkpt lat="22.7442680" lon="120.3375500">
    <ele>20.1</ele>
    <time>2026-08-15T09:18:05Z</time>
   </trkpt>
   <trkpt lat="22.7442650" lon="120.3375500">
    <ele>20.0</ele>
    <time>2026-08-15T09:18:06Z</time>
   </trkpt>
   <trkpt lat="22.7442600" lon="120.3375430">
    <ele>20.0</ele>
    <time>2026-08-15T09:18:07Z</time>
   </trkpt>
   <trkpt lat="22.7442550" lon="120.3375440">
    <ele>20.0</ele>
    <time>2026-08-15T09:18:08Z</time>
   </trkpt>
   <trkpt lat="22.7442550" lon="120.3375440">
    <ele>20.0</ele>
    <time>2026-08-15T09:18:09Z</time>
   </trkpt>
   <trkpt lat="22.7442820" lon="120.3375220">
    <ele>20.0</ele>
    <time>2026-08-15T09:18:42Z</time>
   </trkpt>
   <trkpt lat="22.7442880" lon="120.3375240">
    <ele>20.0</ele>
    <time>2026-08-15T09:18:43Z</time>
   </trkpt>
   <trkpt lat="22.7442910" lon="120.3375280">
    <ele>20.0</ele>
    <time>2026-08-15T09:18:44Z</time>
   </trkpt>
   <trkpt lat="22.7442930" lon="120.3375300">
    <ele>20.0</ele>
    <time>2026-08-15T09:18:45Z</time>
   </trkpt>
   <trkpt lat="22.7442890" lon="120.3375380">
    <ele>20.0</ele>
    <time>2026-08-15T09:18:46Z</time>
   </trkpt>
   <trkpt lat="22.7443030" lon="120.3375410">
    <ele>20.0</ele>
    <time>2026-08-15T09:18:47Z</time>
   </trkpt>
   <trkpt lat="22.7443210" lon="120.3375510">
    <ele>20.0</ele>
    <time>2026-08-15T09:18:48Z</time>
   </trkpt>
   <trkpt lat="22.7443550" lon="120.3375550">
    <ele>20.0</ele>
    <time>2026-08-15T09:18:49Z</time>
   </trkpt>
   <trkpt lat="22.7443940" lon="120.3375390">
    <ele>19.9</ele>
    <time>2026-08-15T09:18:50Z</time>
   </trkpt>
   <trkpt lat="22.7444270" lon="120.3375010">
    <ele>19.9</ele>
    <time>2026-08-15T09:18:51Z</time>
   </trkpt>
   <trkpt lat="22.7444530" lon="120.3374690">
    <ele>19.9</ele>
    <time>2026-08-15T09:18:52Z</time>
   </trkpt>
   <trkpt lat="22.7444670" lon="120.3374370">
    <ele>19.9</ele>
    <time>2026-08-15T09:18:53Z</time>
   </trkpt>
   <trkpt lat="22.7444920" lon="120.3374020">
    <ele>19.8</ele>
    <time>2026-08-15T09:18:54Z</time>
   </trkpt>
   <trkpt lat="22.7445220" lon="120.3373640">
    <ele>19.8</ele>
    <time>2026-08-15T09:18:55Z</time>
   </trkpt>
   <trkpt lat="22.7445470" lon="120.3373250">
    <ele>19.8</ele>
    <time>2026-08-15T09:18:56Z</time>
   </trkpt>
   <trkpt lat="22.7445710" lon="120.3372830">
    <ele>19.8</ele>
    <time>2026-08-15T09:18:57Z</time>
   </trkpt>
   <trkpt lat="22.7445970" lon="120.3372470">
    <ele>19.7</ele>
    <time>2026-08-15T09:18:58Z</time>
   </trkpt>
   <trkpt lat="22.7446220" lon="120.3372180">
    <ele>19.7</ele>
    <time>2026-08-15T09:18:59Z</time>
   </trkpt>
   <trkpt lat="22.7446430" lon="120.3372130">
    <ele>19.7</ele>
    <time>2026-08-15T09:19:00Z</time>
   </trkpt>
   <trkpt lat="22.7446630" lon="120.3371870">
    <ele>19.7</ele>
    <time>2026-08-15T09:19:01Z</time>
   </trkpt>
   <trkpt lat="22.7446840" lon="120.3371540">
    <ele>19.7</ele>
    <time>2026-08-15T09:19:02Z</time>
   </trkpt>
   <trkpt lat="22.7447060" lon="120.3371190">
    <ele>19.7</ele>
    <time>2026-08-15T09:19:03Z</time>
   </trkpt>
   <trkpt lat="22.7447330" lon="120.3370840">
    <ele>19.7</ele>
    <time>2026-08-15T09:19:04Z</time>
   </trkpt>
   <trkpt lat="22.7447640" lon="120.3370450">
    <ele>19.6</ele>
    <time>2026-08-15T09:19:05Z</time>
   </trkpt>
   <trkpt lat="22.7447910" lon="120.3370070">
    <ele>19.6</ele>
    <time>2026-08-15T09:19:06Z</time>
   </trkpt>
   <trkpt lat="22.7448180" lon="120.3369750">
    <ele>19.6</ele>
    <time>2026-08-15T09:19:07Z</time>
   </trkpt>
   <trkpt lat="22.7448420" lon="120.3369450">
    <ele>19.6</ele>
    <time>2026-08-15T09:19:08Z</time>
   </trkpt>
   <trkpt lat="22.7448660" lon="120.3369200">
    <ele>19.6</ele>
    <time>2026-08-15T09:19:09Z</time>
   </trkpt>
   <trkpt lat="22.7448860" lon="120.3368890">
    <ele>19.6</ele>
    <time>2026-08-15T09:19:10Z</time>
   </trkpt>
   <trkpt lat="22.7449130" lon="120.3368510">
    <ele>19.5</ele>
    <time>2026-08-15T09:19:11Z</time>
   </trkpt>
   <trkpt lat="22.7449270" lon="120.3368200">
    <ele>19.5</ele>
    <time>2026-08-15T09:19:12Z</time>
   </trkpt>
   <trkpt lat="22.7449350" lon="120.3367930">
    <ele>19.5</ele>
    <time>2026-08-15T09:19:13Z</time>
   </trkpt>
   <trkpt lat="22.7449450" lon="120.3367660">
    <ele>19.5</ele>
    <time>2026-08-15T09:19:14Z</time>
   </trkpt>
   <trkpt lat="22.7449550" lon="120.3367360">
    <ele>19.4</ele>
    <time>2026-08-15T09:19:15Z</time>
   </trkpt>
   <trkpt lat="22.7449660" lon="120.3367020">
    <ele>19.4</ele>
    <time>2026-08-15T09:19:16Z</time>
   </trkpt>
   <trkpt lat="22.7449820" lon="120.3366670">
    <ele>19.4</ele>
    <time>2026-08-15T09:19:17Z</time>
   </trkpt>
   <trkpt lat="22.7449930" lon="120.3366280">
    <ele>19.4</ele>
    <time>2026-08-15T09:19:18Z</time>
   </trkpt>
   <trkpt lat="22.7450040" lon="120.3365870">
    <ele>19.3</ele>
    <time>2026-08-15T09:19:19Z</time>
   </trkpt>
   <trkpt lat="22.7450130" lon="120.3365480">
    <ele>19.3</ele>
    <time>2026-08-15T09:19:20Z</time>
   </trkpt>
   <trkpt lat="22.7450190" lon="120.3365140">
    <ele>19.3</ele>
    <time>2026-08-15T09:19:21Z</time>
   </trkpt>
   <trkpt lat="22.7450300" lon="120.3364820">
    <ele>19.3</ele>
    <time>2026-08-15T09:19:22Z</time>
   </trkpt>
   <trkpt lat="22.7450470" lon="120.3364470">
    <ele>19.3</ele>
    <time>2026-08-15T09:19:23Z</time>
   </trkpt>
   <trkpt lat="22.7450600" lon="120.3364150">
    <ele>19.3</ele>
    <time>2026-08-15T09:19:24Z</time>
   </trkpt>
   <trkpt lat="22.7450680" lon="120.3363920">
    <ele>19.3</ele>
    <time>2026-08-15T09:19:25Z</time>
   </trkpt>
   <trkpt lat="22.7450700" lon="120.3363690">
    <ele>19.4</ele>
    <time>2026-08-15T09:19:26Z</time>
   </trkpt>
   <trkpt lat="22.7450700" lon="120.3363460">
    <ele>19.4</ele>
    <time>2026-08-15T09:19:27Z</time>
   </trkpt>
   <trkpt lat="22.7450630" lon="120.3363150">
    <ele>19.4</ele>
    <time>2026-08-15T09:19:28Z</time>
   </trkpt>
   <trkpt lat="22.7450500" lon="120.3362520">
    <ele>19.3</ele>
    <time>2026-08-15T09:19:29Z</time>
   </trkpt>
   <trkpt lat="22.7450440" lon="120.3361980">
    <ele>19.3</ele>
    <time>2026-08-15T09:19:30Z</time>
   </trkpt>
   <trkpt lat="22.7450390" lon="120.3361250">
    <ele>19.3</ele>
    <time>2026-08-15T09:19:31Z</time>
   </trkpt>
   <trkpt lat="22.7450380" lon="120.3360530">
    <ele>19.2</ele>
    <time>2026-08-15T09:19:32Z</time>
   </trkpt>
   <trkpt lat="22.7450380" lon="120.3359760">
    <ele>19.2</ele>
    <time>2026-08-15T09:19:33Z</time>
   </trkpt>
   <trkpt lat="22.7450360" lon="120.3359020">
    <ele>19.2</ele>
    <time>2026-08-15T09:19:34Z</time>
   </trkpt>
   <trkpt lat="22.7450330" lon="120.3358320">
    <ele>19.2</ele>
    <time>2026-08-15T09:19:35Z</time>
   </trkpt>
   <trkpt lat="22.7450310" lon="120.3357680">
    <ele>19.2</ele>
    <time>2026-08-15T09:19:36Z</time>
   </trkpt>
   <trkpt lat="22.7450280" lon="120.3357090">
    <ele>19.3</ele>
    <time>2026-08-15T09:19:37Z</time>
   </trkpt>
   <trkpt lat="22.7450270" lon="120.3356600">
    <ele>19.3</ele>
    <time>2026-08-15T09:19:38Z</time>
   </trkpt>
   <trkpt lat="22.7450300" lon="120.3356120">
    <ele>19.3</ele>
    <time>2026-08-15T09:19:39Z</time>
   </trkpt>
   <trkpt lat="22.7450330" lon="120.3355700">
    <ele>19.4</ele>
    <time>2026-08-15T09:19:40Z</time>
   </trkpt>
   <trkpt lat="22.7450330" lon="120.3355370">
    <ele>19.4</ele>
    <time>2026-08-15T09:19:41Z</time>
   </trkpt>
   <trkpt lat="22.7450310" lon="120.3355070">
    <ele>19.4</ele>
    <time>2026-08-15T09:19:42Z</time>
   </trkpt>
   <trkpt lat="22.7450270" lon="120.3354790">
    <ele>19.4</ele>
    <time>2026-08-15T09:19:43Z</time>
   </trkpt>
   <trkpt lat="22.7450180" lon="120.3354450">
    <ele>19.5</ele>
    <time>2026-08-15T09:19:44Z</time>
   </trkpt>
   <trkpt lat="22.7449920" lon="120.3354170">
    <ele>19.5</ele>
    <time>2026-08-15T09:19:45Z</time>
   </trkpt>
   <trkpt lat="22.7449540" lon="120.3353990">
    <ele>19.5</ele>
    <time>2026-08-15T09:19:46Z</time>
   </trkpt>
   <trkpt lat="22.7449100" lon="120.3353930">
    <ele>19.5</ele>
    <time>2026-08-15T09:19:47Z</time>
   </trkpt>
   <trkpt lat="22.7448630" lon="120.3353960">
    <ele>19.5</ele>
    <time>2026-08-15T09:19:48Z</time>
   </trkpt>
   <trkpt lat="22.7448090" lon="120.3354000">
    <ele>19.5</ele>
    <time>2026-08-15T09:19:49Z</time>
   </trkpt>
   <trkpt lat="22.7447580" lon="120.3353970">
    <ele>19.5</ele>
    <time>2026-08-15T09:19:50Z</time>
   </trkpt>
   <trkpt lat="22.7447110" lon="120.3353940">
    <ele>19.5</ele>
    <time>2026-08-15T09:19:51Z</time>
   </trkpt>
   <trkpt lat="22.7446770" lon="120.3353930">
    <ele>19.5</ele>
    <time>2026-08-15T09:19:52Z</time>
   </trkpt>
   <trkpt lat="22.7446490" lon="120.3353910">
    <ele>19.5</ele>
    <time>2026-08-15T09:19:53Z</time>
   </trkpt>
   <trkpt lat="22.7446230" lon="120.3353890">
    <ele>19.5</ele>
    <time>2026-08-15T09:19:54Z</time>
   </trkpt>
   <trkpt lat="22.7445940" lon="120.3353880">
    <ele>19.5</ele>
    <time>2026-08-15T09:19:55Z</time>
   </trkpt>
   <trkpt lat="22.7445620" lon="120.3353890">
    <ele>19.5</ele>
    <time>2026-08-15T09:19:56Z</time>
   </trkpt>
   <trkpt lat="22.7445320" lon="120.3353900">
    <ele>19.5</ele>
    <time>2026-08-15T09:19:57Z</time>
   </trkpt>
   <trkpt lat="22.7444980" lon="120.3353890">
    <ele>19.5</ele>
    <time>2026-08-15T09:19:58Z</time>
   </trkpt>
   <trkpt lat="22.7444660" lon="120.3353860">
    <ele>19.5</ele>
    <time>2026-08-15T09:19:59Z</time>
   </trkpt>
   <trkpt lat="22.7444400" lon="120.3353900">
    <ele>19.5</ele>
    <time>2026-08-15T09:20:00Z</time>
   </trkpt>
   <trkpt lat="22.7444180" lon="120.3353920">
    <ele>19.5</ele>
    <time>2026-08-15T09:20:01Z</time>
   </trkpt>
   <trkpt lat="22.7444020" lon="120.3353910">
    <ele>19.5</ele>
    <time>2026-08-15T09:20:02Z</time>
   </trkpt>
   <trkpt lat="22.7443920" lon="120.3353840">
    <ele>19.5</ele>
    <time>2026-08-15T09:20:03Z</time>
   </trkpt>
   <trkpt lat="22.7443890" lon="120.3353750">
    <ele>19.5</ele>
    <time>2026-08-15T09:20:04Z</time>
   </trkpt>
   <trkpt lat="22.7443870" lon="120.3353740">
    <ele>19.5</ele>
    <time>2026-08-15T09:20:05Z</time>
   </trkpt>
   <trkpt lat="22.7443860" lon="120.3353770">
    <ele>19.5</ele>
    <time>2026-08-15T09:20:06Z</time>
   </trkpt>
   <trkpt lat="22.7443850" lon="120.3353780">
    <ele>19.5</ele>
    <time>2026-08-15T09:20:07Z</time>
   </trkpt>
   <trkpt lat="22.7443830" lon="120.3353780">
    <ele>19.5</ele>
    <time>2026-08-15T09:20:08Z</time>
   </trkpt>
   <trkpt lat="22.7443810" lon="120.3353800">
    <ele>19.5</ele>
    <time>2026-08-15T09:20:09Z</time>
   </trkpt>
   <trkpt lat="22.7443780" lon="120.3353810">
    <ele>19.5</ele>
    <time>2026-08-15T09:20:10Z</time>
   </trkpt>
   <trkpt lat="22.7443780" lon="120.3353820">
    <ele>19.5</ele>
    <time>2026-08-15T09:20:11Z</time>
   </trkpt>
   <trkpt lat="22.7443780" lon="120.3353850">
    <ele>19.5</ele>
    <time>2026-08-15T09:20:12Z</time>
   </trkpt>
   <trkpt lat="22.7443780" lon="120.3353870">
    <ele>19.5</ele>
    <time>2026-08-15T09:20:13Z</time>
   </trkpt>
   <trkpt lat="22.7443720" lon="120.3353990">
    <ele>19.5</ele>
    <time>2026-08-15T09:20:31Z</time>
   </trkpt>
   <trkpt lat="22.7443670" lon="120.3353950">
    <ele>19.5</ele>
    <time>2026-08-15T09:20:32Z</time>
   </trkpt>
   <trkpt lat="22.7443590" lon="120.3354010">
    <ele>19.5</ele>
    <time>2026-08-15T09:20:33Z</time>
   </trkpt>
   <trkpt lat="22.7443510" lon="120.3354100">
    <ele>19.5</ele>
    <time>2026-08-15T09:20:34Z</time>
   </trkpt>
   <trkpt lat="22.7443410" lon="120.3354050">
    <ele>19.5</ele>
    <time>2026-08-15T09:20:35Z</time>
   </trkpt>
   <trkpt lat="22.7443390" lon="120.3353960">
    <ele>19.5</ele>
    <time>2026-08-15T09:20:36Z</time>
   </trkpt>
   <trkpt lat="22.7443370" lon="120.3353900">
    <ele>19.5</ele>
    <time>2026-08-15T09:20:37Z</time>
   </trkpt>
   <trkpt lat="22.7443340" lon="120.3353820">
    <ele>19.5</ele>
    <time>2026-08-15T09:20:38Z</time>
   </trkpt>
   <trkpt lat="22.7443330" lon="120.3353790">
    <ele>19.5</ele>
    <time>2026-08-15T09:20:39Z</time>
   </trkpt>
   <trkpt lat="22.7443310" lon="120.3353690">
    <ele>19.5</ele>
    <time>2026-08-15T09:20:40Z</time>
   </trkpt>
   <trkpt lat="22.7443280" lon="120.3353690">
    <ele>19.5</ele>
    <time>2026-08-15T09:20:41Z</time>
   </trkpt>
   <trkpt lat="22.7443350" lon="120.3353660">
    <ele>19.5</ele>
    <time>2026-08-15T09:20:42Z</time>
   </trkpt>
   <trkpt lat="22.7443270" lon="120.3353590">
    <ele>19.5</ele>
    <time>2026-08-15T09:20:43Z</time>
   </trkpt>
   <trkpt lat="22.7443270" lon="120.3353530">
    <ele>19.5</ele>
    <time>2026-08-15T09:20:44Z</time>
   </trkpt>
   <trkpt lat="22.7443320" lon="120.3353460">
    <ele>19.5</ele>
    <time>2026-08-15T09:20:45Z</time>
   </trkpt>
   <trkpt lat="22.7443460" lon="120.3352910">
    <ele>19.5</ele>
    <time>2026-08-15T09:20:48Z</time>
   </trkpt>
   <trkpt lat="22.7443590" lon="120.3352840">
    <ele>19.5</ele>
    <time>2026-08-15T09:20:49Z</time>
   </trkpt>
   <trkpt lat="22.7443650" lon="120.3352770">
    <ele>19.5</ele>
    <time>2026-08-15T09:20:50Z</time>
   </trkpt>
   <trkpt lat="22.7443620" lon="120.3352820">
    <ele>19.5</ele>
    <time>2026-08-15T09:20:51Z</time>
   </trkpt>
   <trkpt lat="22.7443560" lon="120.3352780">
    <ele>19.5</ele>
    <time>2026-08-15T09:20:52Z</time>
   </trkpt>
   <trkpt lat="22.7443420" lon="120.3352800">
    <ele>19.5</ele>
    <time>2026-08-15T09:20:53Z</time>
   </trkpt>
   <trkpt lat="22.7443520" lon="120.3352740">
    <ele>19.5</ele>
    <time>2026-08-15T09:20:54Z</time>
   </trkpt>
   <trkpt lat="22.7443660" lon="120.3352720">
    <ele>19.5</ele>
    <time>2026-08-15T09:20:55Z</time>
   </trkpt>
   <trkpt lat="22.7443880" lon="120.3352610">
    <ele>19.6</ele>
    <time>2026-08-15T09:20:56Z</time>
   </trkpt>
   <trkpt lat="22.7444240" lon="120.3352280">
    <ele>19.6</ele>
    <time>2026-08-15T09:20:57Z</time>
   </trkpt>
   <trkpt lat="22.7444200" lon="120.3352280">
    <ele>19.6</ele>
    <time>2026-08-15T09:20:58Z</time>
   </trkpt>
   <trkpt lat="22.7444280" lon="120.3352430">
    <ele>19.6</ele>
    <time>2026-08-15T09:20:59Z</time>
   </trkpt>
   <trkpt lat="22.7444460" lon="120.3352450">
    <ele>19.6</ele>
    <time>2026-08-15T09:21:00Z</time>
   </trkpt>
   <trkpt lat="22.7444430" lon="120.3352390">
    <ele>19.6</ele>
    <time>2026-08-15T09:21:01Z</time>
   </trkpt>
   <trkpt lat="22.7444570" lon="120.3352350">
    <ele>19.6</ele>
    <time>2026-08-15T09:21:02Z</time>
   </trkpt>
   <trkpt lat="22.7444620" lon="120.3352380">
    <ele>19.6</ele>
    <time>2026-08-15T09:21:03Z</time>
   </trkpt>
   <trkpt lat="22.7444690" lon="120.3352300">
    <ele>19.6</ele>
    <time>2026-08-15T09:21:04Z</time>
   </trkpt>
   <trkpt lat="22.7444750" lon="120.3352150">
    <ele>19.6</ele>
    <time>2026-08-15T09:21:05Z</time>
   </trkpt>
   <trkpt lat="22.7444750" lon="120.3352030">
    <ele>19.6</ele>
    <time>2026-08-15T09:21:06Z</time>
   </trkpt>
   <trkpt lat="22.7444720" lon="120.3351950">
    <ele>19.6</ele>
    <time>2026-08-15T09:21:07Z</time>
   </trkpt>
   <trkpt lat="22.7444680" lon="120.3352050">
    <ele>19.6</ele>
    <time>2026-08-15T09:21:08Z</time>
   </trkpt>
   <trkpt lat="22.7444620" lon="120.3352130">
    <ele>19.6</ele>
    <time>2026-08-15T09:21:09Z</time>
   </trkpt>
   <trkpt lat="22.7444840" lon="120.3352220">
    <ele>19.6</ele>
    <time>2026-08-15T09:21:10Z</time>
   </trkpt>
   <trkpt lat="22.7444970" lon="120.3352350">
    <ele>19.6</ele>
    <time>2026-08-15T09:21:11Z</time>
   </trkpt>
   <trkpt lat="22.7444980" lon="120.3352500">
    <ele>19.6</ele>
    <time>2026-08-15T09:21:12Z</time>
   </trkpt>
   <trkpt lat="22.7444990" lon="120.3352520">
    <ele>19.6</ele>
    <time>2026-08-15T09:21:13Z</time>
   </trkpt>
   <trkpt lat="22.7444950" lon="120.3352510">
    <ele>19.6</ele>
    <time>2026-08-15T09:21:14Z</time>
   </trkpt>
   <trkpt lat="22.7444980" lon="120.3352490">
    <ele>19.6</ele>
    <time>2026-08-15T09:21:15Z</time>
   </trkpt>
   <trkpt lat="22.7444990" lon="120.3352630">
    <ele>19.6</ele>
    <time>2026-08-15T09:21:16Z</time>
   </trkpt>
   <trkpt lat="22.7445080" lon="120.3352650">
    <ele>19.6</ele>
    <time>2026-08-15T09:21:17Z</time>
   </trkpt>
   <trkpt lat="22.7445010" lon="120.3352630">
    <ele>19.6</ele>
    <time>2026-08-15T09:21:18Z</time>
   </trkpt>
   <trkpt lat="22.7445040" lon="120.3352650">
    <ele>19.6</ele>
    <time>2026-08-15T09:21:19Z</time>
   </trkpt>
   <trkpt lat="22.7445130" lon="120.3352680">
    <ele>19.6</ele>
    <time>2026-08-15T09:21:20Z</time>
   </trkpt>
   <trkpt lat="22.7445280" lon="120.3352720">
    <ele>19.6</ele>
    <time>2026-08-15T09:21:21Z</time>
   </trkpt>
   <trkpt lat="22.7445450" lon="120.3352670">
    <ele>19.6</ele>
    <time>2026-08-15T09:21:22Z</time>
   </trkpt>
   <trkpt lat="22.7445380" lon="120.3352730">
    <ele>19.5</ele>
    <time>2026-08-15T09:21:23Z</time>
   </trkpt>
   <trkpt lat="22.7445410" lon="120.3352720">
    <ele>19.5</ele>
    <time>2026-08-15T09:21:24Z</time>
   </trkpt>
   <trkpt lat="22.7445400" lon="120.3352760">
    <ele>19.5</ele>
    <time>2026-08-15T09:21:25Z</time>
   </trkpt>
   <trkpt lat="22.7445350" lon="120.3352760">
    <ele>19.5</ele>
    <time>2026-08-15T09:21:26Z</time>
   </trkpt>
   <trkpt lat="22.7445340" lon="120.3352710">
    <ele>19.5</ele>
    <time>2026-08-15T09:21:27Z</time>
   </trkpt>
   <trkpt lat="22.7445320" lon="120.3352700">
    <ele>19.5</ele>
    <time>2026-08-15T09:21:28Z</time>
   </trkpt>
   <trkpt lat="22.7445320" lon="120.3352690">
    <ele>19.5</ele>
    <time>2026-08-15T09:21:29Z</time>
   </trkpt>
   <trkpt lat="22.7445310" lon="120.3352690">
    <ele>19.5</ele>
    <time>2026-08-15T09:21:30Z</time>
   </trkpt>
   <trkpt lat="22.7445320" lon="120.3352700">
    <ele>19.5</ele>
    <time>2026-08-15T09:21:31Z</time>
   </trkpt>
   <trkpt lat="22.7445290" lon="120.3352720">
    <ele>19.5</ele>
    <time>2026-08-15T09:21:32Z</time>
   </trkpt>
   <trkpt lat="22.7445270" lon="120.3352690">
    <ele>19.5</ele>
    <time>2026-08-15T09:21:33Z</time>
   </trkpt>
   <trkpt lat="22.7445650" lon="120.3352770">
    <ele>19.5</ele>
    <time>2026-08-15T09:21:38Z</time>
   </trkpt>
   <trkpt lat="22.7445600" lon="120.3352840">
    <ele>19.5</ele>
    <time>2026-08-15T09:21:39Z</time>
   </trkpt>
   <trkpt lat="22.7445580" lon="120.3352920">
    <ele>19.5</ele>
    <time>2026-08-15T09:21:40Z</time>
   </trkpt>
   <trkpt lat="22.7445590" lon="120.3353010">
    <ele>19.5</ele>
    <time>2026-08-15T09:21:41Z</time>
   </trkpt>
   <trkpt lat="22.7445650" lon="120.3353050">
    <ele>19.5</ele>
    <time>2026-08-15T09:21:42Z</time>
   </trkpt>
   <trkpt lat="22.7445600" lon="120.3353160">
    <ele>19.5</ele>
    <time>2026-08-15T09:21:43Z</time>
   </trkpt>
   <trkpt lat="22.7445520" lon="120.3353160">
    <ele>19.5</ele>
    <time>2026-08-15T09:21:44Z</time>
   </trkpt>
   <trkpt lat="22.7445520" lon="120.3353090">
    <ele>19.5</ele>
    <time>2026-08-15T09:21:45Z</time>
   </trkpt>
   <trkpt lat="22.7445570" lon="120.3353040">
    <ele>19.5</ele>
    <time>2026-08-15T09:21:46Z</time>
   </trkpt>
   <trkpt lat="22.7445560" lon="120.3353070">
    <ele>19.5</ele>
    <time>2026-08-15T09:21:47Z</time>
   </trkpt>
   <trkpt lat="22.7445920" lon="120.3353440">
    <ele>19.5</ele>
    <time>2026-08-15T09:21:58Z</time>
   </trkpt>
   <trkpt lat="22.7445970" lon="120.3353430">
    <ele>19.5</ele>
    <time>2026-08-15T09:21:59Z</time>
   </trkpt>
   <trkpt lat="22.7445950" lon="120.3353420">
    <ele>19.5</ele>
    <time>2026-08-15T09:22:00Z</time>
   </trkpt>
   <trkpt lat="22.7445920" lon="120.3353470">
    <ele>19.5</ele>
    <time>2026-08-15T09:22:01Z</time>
   </trkpt>
   <trkpt lat="22.7445930" lon="120.3353540">
    <ele>19.5</ele>
    <time>2026-08-15T09:22:02Z</time>
   </trkpt>
   <trkpt lat="22.7446030" lon="120.3353450">
    <ele>19.5</ele>
    <time>2026-08-15T09:22:03Z</time>
   </trkpt>
   <trkpt lat="22.7446050" lon="120.3353350">
    <ele>19.5</ele>
    <time>2026-08-15T09:22:04Z</time>
   </trkpt>
   <trkpt lat="22.7446000" lon="120.3353380">
    <ele>19.5</ele>
    <time>2026-08-15T09:22:05Z</time>
   </trkpt>
   <trkpt lat="22.7446070" lon="120.3353410">
    <ele>19.5</ele>
    <time>2026-08-15T09:22:06Z</time>
   </trkpt>
   <trkpt lat="22.7446060" lon="120.3353450">
    <ele>19.5</ele>
    <time>2026-08-15T09:22:07Z</time>
   </trkpt>
   <trkpt lat="22.7446110" lon="120.3353480">
    <ele>19.5</ele>
    <time>2026-08-15T09:22:08Z</time>
   </trkpt>
   <trkpt lat="22.7446150" lon="120.3353610">
    <ele>19.5</ele>
    <time>2026-08-15T09:22:09Z</time>
   </trkpt>
   <trkpt lat="22.7446120" lon="120.3353720">
    <ele>19.5</ele>
    <time>2026-08-15T09:22:10Z</time>
   </trkpt>
   <trkpt lat="22.7446070" lon="120.3353860">
    <ele>19.5</ele>
    <time>2026-08-15T09:22:11Z</time>
   </trkpt>
   <trkpt lat="22.7445990" lon="120.3353990">
    <ele>19.5</ele>
    <time>2026-08-15T09:22:12Z</time>
   </trkpt>
   <trkpt lat="22.7445990" lon="120.3354110">
    <ele>19.5</ele>
    <time>2026-08-15T09:22:13Z</time>
   </trkpt>
   <trkpt lat="22.7446080" lon="120.3354300">
    <ele>19.5</ele>
    <time>2026-08-15T09:22:14Z</time>
   </trkpt>
   <trkpt lat="22.7446160" lon="120.3354380">
    <ele>19.5</ele>
    <time>2026-08-15T09:22:15Z</time>
   </trkpt>
   <trkpt lat="22.7446210" lon="120.3354420">
    <ele>19.5</ele>
    <time>2026-08-15T09:22:16Z</time>
   </trkpt>
   <trkpt lat="22.7446210" lon="120.3354520">
    <ele>19.5</ele>
    <time>2026-08-15T09:22:17Z</time>
   </trkpt>
   <trkpt lat="22.7446190" lon="120.3354510">
    <ele>19.5</ele>
    <time>2026-08-15T09:22:19Z</time>
   </trkpt>
   <trkpt lat="22.7446190" lon="120.3354510">
    <ele>19.5</ele>
    <time>2026-08-15T09:22:20Z</time>
   </trkpt>
   <trkpt lat="22.7446190" lon="120.3354510">
    <ele>19.5</ele>
    <time>2026-08-15T09:22:21Z</time>
   </trkpt>
   <trkpt lat="22.7446190" lon="120.3354510">
    <ele>19.5</ele>
    <time>2026-08-15T09:22:22Z</time>
   </trkpt>
   <trkpt lat="22.7446320" lon="120.3354660">
    <ele>19.5</ele>
    <time>2026-08-15T09:22:23Z</time>
   </trkpt>
   <trkpt lat="22.7446320" lon="120.3354660">
    <ele>19.5</ele>
    <time>2026-08-15T09:22:24Z</time>
   </trkpt>
   <trkpt lat="22.7446340" lon="120.3354730">
    <ele>19.5</ele>
    <time>2026-08-15T09:22:25Z</time>
   </trkpt>
   <trkpt lat="22.7445660" lon="120.3354930">
    <ele>19.5</ele>
    <time>2026-08-15T09:23:09Z</time>
   </trkpt>
   <trkpt lat="22.7445770" lon="120.3354860">
    <ele>19.5</ele>
    <time>2026-08-15T09:23:10Z</time>
   </trkpt>
   <trkpt lat="22.7445750" lon="120.3354810">
    <ele>19.5</ele>
    <time>2026-08-15T09:23:11Z</time>
   </trkpt>
   <trkpt lat="22.7445910" lon="120.3354720">
    <ele>19.5</ele>
    <time>2026-08-15T09:23:12Z</time>
   </trkpt>
   <trkpt lat="22.7446090" lon="120.3354700">
    <ele>19.5</ele>
    <time>2026-08-15T09:23:13Z</time>
   </trkpt>
   <trkpt lat="22.7446330" lon="120.3354570">
    <ele>19.5</ele>
    <time>2026-08-15T09:23:14Z</time>
   </trkpt>
   <trkpt lat="22.7446620" lon="120.3354440">
    <ele>19.5</ele>
    <time>2026-08-15T09:23:15Z</time>
   </trkpt>
   <trkpt lat="22.7446740" lon="120.3354400">
    <ele>19.5</ele>
    <time>2026-08-15T09:23:16Z</time>
   </trkpt>
   <trkpt lat="22.7446780" lon="120.3354360">
    <ele>19.5</ele>
    <time>2026-08-15T09:23:17Z</time>
   </trkpt>
   <trkpt lat="22.7446810" lon="120.3354250">
    <ele>19.5</ele>
    <time>2026-08-15T09:23:18Z</time>
   </trkpt>
   <trkpt lat="22.7446770" lon="120.3354150">
    <ele>19.5</ele>
    <time>2026-08-15T09:23:19Z</time>
   </trkpt>
   <trkpt lat="22.7446870" lon="120.3354040">
    <ele>19.5</ele>
    <time>2026-08-15T09:23:20Z</time>
   </trkpt>
   <trkpt lat="22.7446900" lon="120.3354010">
    <ele>19.5</ele>
    <time>2026-08-15T09:23:21Z</time>
   </trkpt>
   <trkpt lat="22.7446940" lon="120.3353860">
    <ele>19.5</ele>
    <time>2026-08-15T09:23:22Z</time>
   </trkpt>
   <trkpt lat="22.7446990" lon="120.3353760">
    <ele>19.5</ele>
    <time>2026-08-15T09:23:23Z</time>
   </trkpt>
   <trkpt lat="22.7447190" lon="120.3353610">
    <ele>19.5</ele>
    <time>2026-08-15T09:23:24Z</time>
   </trkpt>
   <trkpt lat="22.7447280" lon="120.3353520">
    <ele>19.5</ele>
    <time>2026-08-15T09:23:25Z</time>
   </trkpt>
   <trkpt lat="22.7447350" lon="120.3353460">
    <ele>19.5</ele>
    <time>2026-08-15T09:23:26Z</time>
   </trkpt>
   <trkpt lat="22.7447330" lon="120.3353520">
    <ele>19.5</ele>
    <time>2026-08-15T09:23:27Z</time>
   </trkpt>
   <trkpt lat="22.7447430" lon="120.3353450">
    <ele>19.5</ele>
    <time>2026-08-15T09:23:28Z</time>
   </trkpt>
   <trkpt lat="22.7447470" lon="120.3353450">
    <ele>19.5</ele>
    <time>2026-08-15T09:23:29Z</time>
   </trkpt>
   <trkpt lat="22.7447470" lon="120.3353410">
    <ele>19.5</ele>
    <time>2026-08-15T09:23:30Z</time>
   </trkpt>
   <trkpt lat="22.7447560" lon="120.3353380">
    <ele>19.5</ele>
    <time>2026-08-15T09:23:31Z</time>
   </trkpt>
   <trkpt lat="22.7447660" lon="120.3353230">
    <ele>19.5</ele>
    <time>2026-08-15T09:23:32Z</time>
   </trkpt>
   <trkpt lat="22.7447690" lon="120.3353210">
    <ele>19.5</ele>
    <time>2026-08-15T09:23:33Z</time>
   </trkpt>
   <trkpt lat="22.7447750" lon="120.3353230">
    <ele>19.5</ele>
    <time>2026-08-15T09:23:34Z</time>
   </trkpt>
   <trkpt lat="22.7447660" lon="120.3353330">
    <ele>19.5</ele>
    <time>2026-08-15T09:23:35Z</time>
   </trkpt>
   <trkpt lat="22.7447730" lon="120.3353440">
    <ele>19.5</ele>
    <time>2026-08-15T09:23:36Z</time>
   </trkpt>
   <trkpt lat="22.7447700" lon="120.3353410">
    <ele>19.5</ele>
    <time>2026-08-15T09:23:37Z</time>
   </trkpt>
   <trkpt lat="22.7447640" lon="120.3353440">
    <ele>19.5</ele>
    <time>2026-08-15T09:23:38Z</time>
   </trkpt>
   <trkpt lat="22.7447620" lon="120.3353380">
    <ele>19.5</ele>
    <time>2026-08-15T09:23:39Z</time>
   </trkpt>
   <trkpt lat="22.7447650" lon="120.3353380">
    <ele>19.5</ele>
    <time>2026-08-15T09:23:40Z</time>
   </trkpt>
   <trkpt lat="22.7447690" lon="120.3353230">
    <ele>19.5</ele>
    <time>2026-08-15T09:23:41Z</time>
   </trkpt>
   <trkpt lat="22.7447990" lon="120.3353270">
    <ele>19.5</ele>
    <time>2026-08-15T09:23:45Z</time>
   </trkpt>
   <trkpt lat="22.7448010" lon="120.3353300">
    <ele>19.5</ele>
    <time>2026-08-15T09:23:46Z</time>
   </trkpt>
   <trkpt lat="22.7447980" lon="120.3353360">
    <ele>19.5</ele>
    <time>2026-08-15T09:23:47Z</time>
   </trkpt>
   <trkpt lat="22.7447910" lon="120.3353500">
    <ele>19.5</ele>
    <time>2026-08-15T09:23:48Z</time>
   </trkpt>
   <trkpt lat="22.7447910" lon="120.3353540">
    <ele>19.5</ele>
    <time>2026-08-15T09:23:49Z</time>
   </trkpt>
   <trkpt lat="22.7447880" lon="120.3353640">
    <ele>19.5</ele>
    <time>2026-08-15T09:23:50Z</time>
   </trkpt>
   <trkpt lat="22.7447840" lon="120.3353720">
    <ele>19.5</ele>
    <time>2026-08-15T09:23:51Z</time>
   </trkpt>
   <trkpt lat="22.7447870" lon="120.3353900">
    <ele>19.5</ele>
    <time>2026-08-15T09:23:52Z</time>
   </trkpt>
   <trkpt lat="22.7447860" lon="120.3353960">
    <ele>19.5</ele>
    <time>2026-08-15T09:23:53Z</time>
   </trkpt>
   <trkpt lat="22.7447870" lon="120.3353930">
    <ele>19.5</ele>
    <time>2026-08-15T09:23:54Z</time>
   </trkpt>
   <trkpt lat="22.7447890" lon="120.3353880">
    <ele>19.5</ele>
    <time>2026-08-15T09:23:55Z</time>
   </trkpt>
   <trkpt lat="22.7447940" lon="120.3353720">
    <ele>19.5</ele>
    <time>2026-08-15T09:23:56Z</time>
   </trkpt>
   <trkpt lat="22.7447880" lon="120.3353680">
    <ele>19.5</ele>
    <time>2026-08-15T09:23:57Z</time>
   </trkpt>
   <trkpt lat="22.7447890" lon="120.3353720">
    <ele>19.5</ele>
    <time>2026-08-15T09:23:58Z</time>
   </trkpt>
   <trkpt lat="22.7447930" lon="120.3353920">
    <ele>19.5</ele>
    <time>2026-08-15T09:23:59Z</time>
   </trkpt>
   <trkpt lat="22.7447940" lon="120.3353920">
    <ele>19.5</ele>
    <time>2026-08-15T09:24:00Z</time>
   </trkpt>
   <trkpt lat="22.7447990" lon="120.3354000">
    <ele>19.5</ele>
    <time>2026-08-15T09:24:01Z</time>
   </trkpt>
   <trkpt lat="22.7447930" lon="120.3353750">
    <ele>19.5</ele>
    <time>2026-08-15T09:24:02Z</time>
   </trkpt>
   <trkpt lat="22.7447900" lon="120.3353490">
    <ele>19.5</ele>
    <time>2026-08-15T09:24:03Z</time>
   </trkpt>
   <trkpt lat="22.7447950" lon="120.3353720">
    <ele>19.5</ele>
    <time>2026-08-15T09:24:04Z</time>
   </trkpt>
   <trkpt lat="22.7447950" lon="120.3353720">
    <ele>19.5</ele>
    <time>2026-08-15T09:24:05Z</time>
   </trkpt>
   <trkpt lat="22.7447950" lon="120.3353720">
    <ele>19.5</ele>
    <time>2026-08-15T09:24:06Z</time>
   </trkpt>
   <trkpt lat="22.7447670" lon="120.3353750">
    <ele>19.5</ele>
    <time>2026-08-15T09:24:07Z</time>
   </trkpt>
   <trkpt lat="22.7447630" lon="120.3353760">
    <ele>19.5</ele>
    <time>2026-08-15T09:24:08Z</time>
   </trkpt>
   <trkpt lat="22.7447590" lon="120.3353760">
    <ele>19.5</ele>
    <time>2026-08-15T09:24:09Z</time>
   </trkpt>
   <trkpt lat="22.7447560" lon="120.3353770">
    <ele>19.5</ele>
    <time>2026-08-15T09:24:10Z</time>
   </trkpt>
   <trkpt lat="22.7447520" lon="120.3353770">
    <ele>19.5</ele>
    <time>2026-08-15T09:24:11Z</time>
   </trkpt>
   <trkpt lat="22.7447480" lon="120.3353770">
    <ele>19.5</ele>
    <time>2026-08-15T09:24:12Z</time>
   </trkpt>
   <trkpt lat="22.7447440" lon="120.3353780">
    <ele>19.5</ele>
    <time>2026-08-15T09:24:13Z</time>
   </trkpt>
   <trkpt lat="22.7447400" lon="120.3353780">
    <ele>19.5</ele>
    <time>2026-08-15T09:24:14Z</time>
   </trkpt>
   <trkpt lat="22.7447370" lon="120.3353790">
    <ele>19.5</ele>
    <time>2026-08-15T09:24:15Z</time>
   </trkpt>
   <trkpt lat="22.7447330" lon="120.3353790">
    <ele>19.5</ele>
    <time>2026-08-15T09:24:16Z</time>
   </trkpt>
   <trkpt lat="22.7447290" lon="120.3353800">
    <ele>19.5</ele>
    <time>2026-08-15T09:24:17Z</time>
   </trkpt>
   <trkpt lat="22.7446460" lon="120.3353890">
    <ele>19.5</ele>
    <time>2026-08-15T09:24:39Z</time>
   </trkpt>
   <trkpt lat="22.7446430" lon="120.3353900">
    <ele>19.5</ele>
    <time>2026-08-15T09:24:40Z</time>
   </trkpt>
   <trkpt lat="22.7446390" lon="120.3353900">
    <ele>19.5</ele>
    <time>2026-08-15T09:24:41Z</time>
   </trkpt>
   <trkpt lat="22.7446350" lon="120.3353910">
    <ele>19.5</ele>
    <time>2026-08-15T09:24:42Z</time>
   </trkpt>
   <trkpt lat="22.7446310" lon="120.3353910">
    <ele>19.5</ele>
    <time>2026-08-15T09:24:43Z</time>
   </trkpt>
   <trkpt lat="22.7446310" lon="120.3353910">
    <ele>19.5</ele>
    <time>2026-08-15T09:24:44Z</time>
   </trkpt>
   <trkpt lat="22.7446310" lon="120.3353910">
    <ele>19.5</ele>
    <time>2026-08-15T09:24:45Z</time>
   </trkpt>
   <trkpt lat="22.7446310" lon="120.3353910">
    <ele>19.5</ele>
    <time>2026-08-15T09:24:46Z</time>
   </trkpt>
   <trkpt lat="22.7446310" lon="120.3353910">
    <ele>19.5</ele>
    <time>2026-08-15T09:24:47Z</time>
   </trkpt>
   <trkpt lat="22.7446090" lon="120.3353940">
    <ele>19.5</ele>
    <time>2026-08-15T09:24:48Z</time>
   </trkpt>
   <trkpt lat="22.7446050" lon="120.3353940">
    <ele>19.5</ele>
    <time>2026-08-15T09:24:49Z</time>
   </trkpt>
   <trkpt lat="22.7446010" lon="120.3353940">
    <ele>19.5</ele>
    <time>2026-08-15T09:24:50Z</time>
   </trkpt>
   <trkpt lat="22.7445790" lon="120.3353970">
    <ele>19.5</ele>
    <time>2026-08-15T09:24:56Z</time>
   </trkpt>
   <trkpt lat="22.7445750" lon="120.3353970">
    <ele>19.5</ele>
    <time>2026-08-15T09:24:57Z</time>
   </trkpt>
   <trkpt lat="22.7445710" lon="120.3353980">
    <ele>19.5</ele>
    <time>2026-08-15T09:24:58Z</time>
   </trkpt>
   <trkpt lat="22.7445670" lon="120.3353980">
    <ele>19.5</ele>
    <time>2026-08-15T09:24:59Z</time>
   </trkpt>
   <trkpt lat="22.7445640" lon="120.3353990">
    <ele>19.5</ele>
    <time>2026-08-15T09:25:00Z</time>
   </trkpt>
   <trkpt lat="22.7445600" lon="120.3353990">
    <ele>19.5</ele>
    <time>2026-08-15T09:25:01Z</time>
   </trkpt>
   <trkpt lat="22.7445560" lon="120.3354000">
    <ele>19.5</ele>
    <time>2026-08-15T09:25:02Z</time>
   </trkpt>
   <trkpt lat="22.7445520" lon="120.3354000">
    <ele>19.5</ele>
    <time>2026-08-15T09:25:03Z</time>
   </trkpt>
   <trkpt lat="22.7445490" lon="120.3354010">
    <ele>19.5</ele>
    <time>2026-08-15T09:25:04Z</time>
   </trkpt>
   <trkpt lat="22.7445450" lon="120.3354010">
    <ele>19.5</ele>
    <time>2026-08-15T09:25:05Z</time>
   </trkpt>
   <trkpt lat="22.7445410" lon="120.3354010">
    <ele>19.6</ele>
    <time>2026-08-15T09:25:06Z</time>
   </trkpt>
   <trkpt lat="22.7445370" lon="120.3354020">
    <ele>19.6</ele>
    <time>2026-08-15T09:25:07Z</time>
   </trkpt>
   <trkpt lat="22.7445330" lon="120.3354020">
    <ele>19.6</ele>
    <time>2026-08-15T09:25:08Z</time>
   </trkpt>
   <trkpt lat="22.7445330" lon="120.3354020">
    <ele>19.6</ele>
    <time>2026-08-15T09:25:09Z</time>
   </trkpt>
   <trkpt lat="22.7445100" lon="120.3354050">
    <ele>19.6</ele>
    <time>2026-08-15T09:25:10Z</time>
   </trkpt>
   <trkpt lat="22.7445100" lon="120.3354050">
    <ele>19.6</ele>
    <time>2026-08-15T09:25:11Z</time>
   </trkpt>
   <trkpt lat="22.7445100" lon="120.3354050">
    <ele>19.6</ele>
    <time>2026-08-15T09:25:12Z</time>
   </trkpt>
   <trkpt lat="22.7444880" lon="120.3354080">
    <ele>19.6</ele>
    <time>2026-08-15T09:25:13Z</time>
   </trkpt>
   <trkpt lat="22.7444880" lon="120.3354080">
    <ele>19.6</ele>
    <time>2026-08-15T09:25:14Z</time>
   </trkpt>
   <trkpt lat="22.7444880" lon="120.3354080">
    <ele>19.6</ele>
    <time>2026-08-15T09:25:15Z</time>
   </trkpt>
   <trkpt lat="22.7444880" lon="120.3354080">
    <ele>19.6</ele>
    <time>2026-08-15T09:25:16Z</time>
   </trkpt>
   <trkpt lat="22.7444880" lon="120.3354080">
    <ele>19.6</ele>
    <time>2026-08-15T09:25:17Z</time>
   </trkpt>
   <trkpt lat="22.7444880" lon="120.3354080">
    <ele>19.6</ele>
    <time>2026-08-15T09:25:18Z</time>
   </trkpt>
   <trkpt lat="22.7444880" lon="120.3354080">
    <ele>19.6</ele>
    <time>2026-08-15T09:25:19Z</time>
   </trkpt>
   <trkpt lat="22.7444880" lon="120.3354080">
    <ele>19.6</ele>
    <time>2026-08-15T09:25:20Z</time>
   </trkpt>
   <trkpt lat="22.7444880" lon="120.3354080">
    <ele>19.6</ele>
    <time>2026-08-15T09:25:21Z</time>
   </trkpt>
   <trkpt lat="22.7444640" lon="120.3354100">
    <ele>19.6</ele>
    <time>2026-08-15T09:25:22Z</time>
   </trkpt>
   <trkpt lat="22.7444570" lon="120.3354110">
    <ele>19.6</ele>
    <time>2026-08-15T09:25:23Z</time>
   </trkpt>
   <trkpt lat="22.7444500" lon="120.3354120">
    <ele>19.6</ele>
    <time>2026-08-15T09:25:24Z</time>
   </trkpt>
   <trkpt lat="22.7444430" lon="120.3354130">
    <ele>19.6</ele>
    <time>2026-08-15T09:25:25Z</time>
   </trkpt>
   <trkpt lat="22.7444370" lon="120.3354140">
    <ele>19.6</ele>
    <time>2026-08-15T09:25:26Z</time>
   </trkpt>
   <trkpt lat="22.7444300" lon="120.3354140">
    <ele>19.6</ele>
    <time>2026-08-15T09:25:27Z</time>
   </trkpt>
   <trkpt lat="22.7444230" lon="120.3354150">
    <ele>19.6</ele>
    <time>2026-08-15T09:25:28Z</time>
   </trkpt>
   <trkpt lat="22.7444160" lon="120.3354160">
    <ele>19.6</ele>
    <time>2026-08-15T09:25:29Z</time>
   </trkpt>
   <trkpt lat="22.7444150" lon="120.3354160">
    <ele>19.6</ele>
    <time>2026-08-15T09:25:30Z</time>
   </trkpt>
   <trkpt lat="22.7444130" lon="120.3354160">
    <ele>19.6</ele>
    <time>2026-08-15T09:25:31Z</time>
   </trkpt>
   <trkpt lat="22.7444110" lon="120.3354170">
    <ele>19.6</ele>
    <time>2026-08-15T09:25:32Z</time>
   </trkpt>
   <trkpt lat="22.7444090" lon="120.3354170">
    <ele>19.6</ele>
    <time>2026-08-15T09:25:33Z</time>
   </trkpt>
   <trkpt lat="22.7444070" lon="120.3354170">
    <ele>19.6</ele>
    <time>2026-08-15T09:25:34Z</time>
   </trkpt>
   <trkpt lat="22.7444050" lon="120.3354170">
    <ele>19.6</ele>
    <time>2026-08-15T09:25:35Z</time>
   </trkpt>
   <trkpt lat="22.7444040" lon="120.3354170">
    <ele>19.6</ele>
    <time>2026-08-15T09:25:36Z</time>
   </trkpt>
   <trkpt lat="22.7444020" lon="120.3354180">
    <ele>19.6</ele>
    <time>2026-08-15T09:25:37Z</time>
   </trkpt>
   <trkpt lat="22.7444000" lon="120.3354180">
    <ele>19.6</ele>
    <time>2026-08-15T09:25:38Z</time>
   </trkpt>
   <trkpt lat="22.7443980" lon="120.3354180">
    <ele>19.6</ele>
    <time>2026-08-15T09:25:39Z</time>
   </trkpt>
   <trkpt lat="22.7443810" lon="120.3354200">
    <ele>19.6</ele>
    <time>2026-08-15T09:25:48Z</time>
   </trkpt>
   <trkpt lat="22.7443800" lon="120.3354200">
    <ele>19.6</ele>
    <time>2026-08-15T09:25:49Z</time>
   </trkpt>
   <trkpt lat="22.7443780" lon="120.3354200">
    <ele>19.6</ele>
    <time>2026-08-15T09:25:50Z</time>
   </trkpt>
   <trkpt lat="22.7443760" lon="120.3354210">
    <ele>19.6</ele>
    <time>2026-08-15T09:25:51Z</time>
   </trkpt>
   <trkpt lat="22.7443740" lon="120.3354210">
    <ele>19.6</ele>
    <time>2026-08-15T09:25:52Z</time>
   </trkpt>
   <trkpt lat="22.7443740" lon="120.3354210">
    <ele>19.6</ele>
    <time>2026-08-15T09:25:53Z</time>
   </trkpt>
   <trkpt lat="22.7443730" lon="120.3354210">
    <ele>19.6</ele>
    <time>2026-08-15T09:25:54Z</time>
   </trkpt>
   <trkpt lat="22.7443730" lon="120.3354210">
    <ele>19.6</ele>
    <time>2026-08-15T09:25:55Z</time>
   </trkpt>
   <trkpt lat="22.7443730" lon="120.3354210">
    <ele>19.6</ele>
    <time>2026-08-15T09:25:56Z</time>
   </trkpt>
   <trkpt lat="22.7443730" lon="120.3354210">
    <ele>19.6</ele>
    <time>2026-08-15T09:25:57Z</time>
   </trkpt>
   <trkpt lat="22.7443140" lon="120.3354280">
    <ele>19.6</ele>
    <time>2026-08-15T09:28:59Z</time>
   </trkpt>
   <trkpt lat="22.7443140" lon="120.3354280">
    <ele>19.6</ele>
    <time>2026-08-15T09:29:00Z</time>
   </trkpt>
   <trkpt lat="22.7443130" lon="120.3354280">
    <ele>19.6</ele>
    <time>2026-08-15T09:29:01Z</time>
   </trkpt>
   <trkpt lat="22.7443130" lon="120.3354280">
    <ele>19.6</ele>
    <time>2026-08-15T09:29:02Z</time>
   </trkpt>
   <trkpt lat="22.7443130" lon="120.3354280">
    <ele>19.6</ele>
    <time>2026-08-15T09:29:03Z</time>
   </trkpt>
   <trkpt lat="22.7443120" lon="120.3354280">
    <ele>19.6</ele>
    <time>2026-08-15T09:29:04Z</time>
   </trkpt>
   <trkpt lat="22.7443120" lon="120.3354280">
    <ele>19.6</ele>
    <time>2026-08-15T09:29:05Z</time>
   </trkpt>
   <trkpt lat="22.7443120" lon="120.3354280">
    <ele>19.6</ele>
    <time>2026-08-15T09:29:06Z</time>
   </trkpt>
   <trkpt lat="22.7443110" lon="120.3354280">
    <ele>19.6</ele>
    <time>2026-08-15T09:29:07Z</time>
   </trkpt>
   <trkpt lat="22.7443110" lon="120.3354280">
    <ele>19.6</ele>
    <time>2026-08-15T09:29:08Z</time>
   </trkpt>
   <trkpt lat="22.7443110" lon="120.3354280">
    <ele>19.6</ele>
    <time>2026-08-15T09:29:09Z</time>
   </trkpt>
   <trkpt lat="22.7443030" lon="120.3354290">
    <ele>19.6</ele>
    <time>2026-08-15T09:29:32Z</time>
   </trkpt>
   <trkpt lat="22.7443030" lon="120.3354290">
    <ele>19.6</ele>
    <time>2026-08-15T09:29:33Z</time>
   </trkpt>
   <trkpt lat="22.7442750" lon="120.3354230">
    <ele>19.7</ele>
    <time>2026-08-15T09:29:34Z</time>
   </trkpt>
   <trkpt lat="22.7442550" lon="120.3354180">
    <ele>19.7</ele>
    <time>2026-08-15T09:29:35Z</time>
   </trkpt>
   <trkpt lat="22.7442390" lon="120.3354190">
    <ele>19.7</ele>
    <time>2026-08-15T09:29:36Z</time>
   </trkpt>
   <trkpt lat="22.7442250" lon="120.3354310">
    <ele>19.7</ele>
    <time>2026-08-15T09:29:37Z</time>
   </trkpt>
   <trkpt lat="22.7442050" lon="120.3354610">
    <ele>19.6</ele>
    <time>2026-08-15T09:29:38Z</time>
   </trkpt>
   <trkpt lat="22.7441930" lon="120.3355020">
    <ele>19.6</ele>
    <time>2026-08-15T09:29:39Z</time>
   </trkpt>
   <trkpt lat="22.7441920" lon="120.3355330">
    <ele>19.5</ele>
    <time>2026-08-15T09:29:40Z</time>
   </trkpt>
   <trkpt lat="22.7441920" lon="120.3355600">
    <ele>19.5</ele>
    <time>2026-08-15T09:29:41Z</time>
   </trkpt>
   <trkpt lat="22.7441930" lon="120.3355860">
    <ele>19.4</ele>
    <time>2026-08-15T09:29:42Z</time>
   </trkpt>
   <trkpt lat="22.7441960" lon="120.3356090">
    <ele>19.3</ele>
    <time>2026-08-15T09:29:43Z</time>
   </trkpt>
   <trkpt lat="22.7441980" lon="120.3356300">
    <ele>19.3</ele>
    <time>2026-08-15T09:29:44Z</time>
   </trkpt>
   <trkpt lat="22.7441990" lon="120.3356550">
    <ele>19.2</ele>
    <time>2026-08-15T09:29:45Z</time>
   </trkpt>
   <trkpt lat="22.7442000" lon="120.3356850">
    <ele>19.1</ele>
    <time>2026-08-15T09:29:46Z</time>
   </trkpt>
   <trkpt lat="22.7442020" lon="120.3357150">
    <ele>19.0</ele>
    <time>2026-08-15T09:29:47Z</time>
   </trkpt>
   <trkpt lat="22.7442000" lon="120.3357470">
    <ele>18.9</ele>
    <time>2026-08-15T09:29:48Z</time>
   </trkpt>
   <trkpt lat="22.7442020" lon="120.3357820">
    <ele>18.9</ele>
    <time>2026-08-15T09:29:49Z</time>
   </trkpt>
   <trkpt lat="22.7442070" lon="120.3358180">
    <ele>18.8</ele>
    <time>2026-08-15T09:29:50Z</time>
   </trkpt>
   <trkpt lat="22.7442130" lon="120.3358540">
    <ele>18.7</ele>
    <time>2026-08-15T09:29:51Z</time>
   </trkpt>
   <trkpt lat="22.7442090" lon="120.3358860">
    <ele>18.6</ele>
    <time>2026-08-15T09:29:52Z</time>
   </trkpt>
   <trkpt lat="22.7442100" lon="120.3359130">
    <ele>18.6</ele>
    <time>2026-08-15T09:29:53Z</time>
   </trkpt>
   <trkpt lat="22.7442010" lon="120.3359420">
    <ele>18.6</ele>
    <time>2026-08-15T09:29:54Z</time>
   </trkpt>
   <trkpt lat="22.7441950" lon="120.3359730">
    <ele>18.5</ele>
    <time>2026-08-15T09:29:55Z</time>
   </trkpt>
   <trkpt lat="22.7441970" lon="120.3359960">
    <ele>18.5</ele>
    <time>2026-08-15T09:29:56Z</time>
   </trkpt>
   <trkpt lat="22.7441990" lon="120.3360280">
    <ele>18.5</ele>
    <time>2026-08-15T09:29:57Z</time>
   </trkpt>
   <trkpt lat="22.7442040" lon="120.3360600">
    <ele>18.4</ele>
    <time>2026-08-15T09:29:58Z</time>
   </trkpt>
   <trkpt lat="22.7442060" lon="120.3360930">
    <ele>18.4</ele>
    <time>2026-08-15T09:29:59Z</time>
   </trkpt>
   <trkpt lat="22.7442030" lon="120.3361200">
    <ele>18.4</ele>
    <time>2026-08-15T09:30:00Z</time>
   </trkpt>
   <trkpt lat="22.7442020" lon="120.3361470">
    <ele>18.3</ele>
    <time>2026-08-15T09:30:01Z</time>
   </trkpt>
   <trkpt lat="22.7442030" lon="120.3361690">
    <ele>18.3</ele>
    <time>2026-08-15T09:30:02Z</time>
   </trkpt>
   <trkpt lat="22.7442090" lon="120.3361860">
    <ele>18.3</ele>
    <time>2026-08-15T09:30:03Z</time>
   </trkpt>
   <trkpt lat="22.7442160" lon="120.3362030">
    <ele>18.2</ele>
    <time>2026-08-15T09:30:04Z</time>
   </trkpt>
   <trkpt lat="22.7442330" lon="120.3362230">
    <ele>18.2</ele>
    <time>2026-08-15T09:30:05Z</time>
   </trkpt>
   <trkpt lat="22.7442650" lon="120.3362410">
    <ele>18.2</ele>
    <time>2026-08-15T09:30:06Z</time>
   </trkpt>
   <trkpt lat="22.7443100" lon="120.3362470">
    <ele>18.3</ele>
    <time>2026-08-15T09:30:07Z</time>
   </trkpt>
   <trkpt lat="22.7443550" lon="120.3362510">
    <ele>18.4</ele>
    <time>2026-08-15T09:30:08Z</time>
   </trkpt>
   <trkpt lat="22.7443900" lon="120.3362560">
    <ele>18.4</ele>
    <time>2026-08-15T09:30:09Z</time>
   </trkpt>
   <trkpt lat="22.7444170" lon="120.3362620">
    <ele>18.5</ele>
    <time>2026-08-15T09:30:10Z</time>
   </trkpt>
   <trkpt lat="22.7444430" lon="120.3362670">
    <ele>18.5</ele>
    <time>2026-08-15T09:30:11Z</time>
   </trkpt>
   <trkpt lat="22.7444710" lon="120.3362730">
    <ele>18.5</ele>
    <time>2026-08-15T09:30:12Z</time>
   </trkpt>
   <trkpt lat="22.7444970" lon="120.3362750">
    <ele>18.6</ele>
    <time>2026-08-15T09:30:13Z</time>
   </trkpt>
   <trkpt lat="22.7445240" lon="120.3362790">
    <ele>18.6</ele>
    <time>2026-08-15T09:30:14Z</time>
   </trkpt>
   <trkpt lat="22.7445520" lon="120.3362820">
    <ele>18.7</ele>
    <time>2026-08-15T09:30:15Z</time>
   </trkpt>
   <trkpt lat="22.7445760" lon="120.3362820">
    <ele>18.7</ele>
    <time>2026-08-15T09:30:16Z</time>
   </trkpt>
   <trkpt lat="22.7446040" lon="120.3362810">
    <ele>18.7</ele>
    <time>2026-08-15T09:30:17Z</time>
   </trkpt>
   <trkpt lat="22.7446350" lon="120.3362820">
    <ele>18.8</ele>
    <time>2026-08-15T09:30:18Z</time>
   </trkpt>
   <trkpt lat="22.7446670" lon="120.3362860">
    <ele>18.8</ele>
    <time>2026-08-15T09:30:19Z</time>
   </trkpt>
   <trkpt lat="22.7446950" lon="120.3362950">
    <ele>18.9</ele>
    <time>2026-08-15T09:30:20Z</time>
   </trkpt>
   <trkpt lat="22.7447270" lon="120.3363060">
    <ele>18.9</ele>
    <time>2026-08-15T09:30:21Z</time>
   </trkpt>
   <trkpt lat="22.7447560" lon="120.3363140">
    <ele>19.0</ele>
    <time>2026-08-15T09:30:22Z</time>
   </trkpt>
   <trkpt lat="22.7447860" lon="120.3363160">
    <ele>19.0</ele>
    <time>2026-08-15T09:30:23Z</time>
   </trkpt>
   <trkpt lat="22.7448180" lon="120.3363200">
    <ele>19.1</ele>
    <time>2026-08-15T09:30:24Z</time>
   </trkpt>
   <trkpt lat="22.7448520" lon="120.3363250">
    <ele>19.1</ele>
    <time>2026-08-15T09:30:25Z</time>
   </trkpt>
   <trkpt lat="22.7448840" lon="120.3363320">
    <ele>19.2</ele>
    <time>2026-08-15T09:30:26Z</time>
   </trkpt>
   <trkpt lat="22.7449160" lon="120.3363390">
    <ele>19.2</ele>
    <time>2026-08-15T09:30:27Z</time>
   </trkpt>
   <trkpt lat="22.7449440" lon="120.3363480">
    <ele>19.3</ele>
    <time>2026-08-15T09:30:28Z</time>
   </trkpt>
   <trkpt lat="22.7449630" lon="120.3363580">
    <ele>19.3</ele>
    <time>2026-08-15T09:30:29Z</time>
   </trkpt>
   <trkpt lat="22.7449770" lon="120.3363700">
    <ele>19.3</ele>
    <time>2026-08-15T09:30:30Z</time>
   </trkpt>
   <trkpt lat="22.7449830" lon="120.3363860">
    <ele>19.4</ele>
    <time>2026-08-15T09:30:31Z</time>
   </trkpt>
   <trkpt lat="22.7449960" lon="120.3364170">
    <ele>19.3</ele>
    <time>2026-08-15T09:30:32Z</time>
   </trkpt>
   <trkpt lat="22.7449940" lon="120.3364550">
    <ele>19.3</ele>
    <time>2026-08-15T09:30:33Z</time>
   </trkpt>
   <trkpt lat="22.7449850" lon="120.3364920">
    <ele>19.3</ele>
    <time>2026-08-15T09:30:34Z</time>
   </trkpt>
   <trkpt lat="22.7449680" lon="120.3365250">
    <ele>19.3</ele>
    <time>2026-08-15T09:30:35Z</time>
   </trkpt>
   <trkpt lat="22.7449530" lon="120.3365590">
    <ele>19.3</ele>
    <time>2026-08-15T09:30:36Z</time>
   </trkpt>
   <trkpt lat="22.7449400" lon="120.3365930">
    <ele>19.3</ele>
    <time>2026-08-15T09:30:37Z</time>
   </trkpt>
   <trkpt lat="22.7449270" lon="120.3366260">
    <ele>19.3</ele>
    <time>2026-08-15T09:30:38Z</time>
   </trkpt>
   <trkpt lat="22.7449130" lon="120.3366610">
    <ele>19.4</ele>
    <time>2026-08-15T09:30:39Z</time>
   </trkpt>
   <trkpt lat="22.7448960" lon="120.3367010">
    <ele>19.4</ele>
    <time>2026-08-15T09:30:40Z</time>
   </trkpt>
   <trkpt lat="22.7448760" lon="120.3367470">
    <ele>19.5</ele>
    <time>2026-08-15T09:30:41Z</time>
   </trkpt>
   <trkpt lat="22.7448530" lon="120.3367960">
    <ele>19.5</ele>
    <time>2026-08-15T09:30:42Z</time>
   </trkpt>
   <trkpt lat="22.7448280" lon="120.3368470">
    <ele>19.5</ele>
    <time>2026-08-15T09:30:43Z</time>
   </trkpt>
   <trkpt lat="22.7448000" lon="120.3368950">
    <ele>19.6</ele>
    <time>2026-08-15T09:30:44Z</time>
   </trkpt>
   <trkpt lat="22.7447710" lon="120.3369420">
    <ele>19.6</ele>
    <time>2026-08-15T09:30:45Z</time>
   </trkpt>
   <trkpt lat="22.7447380" lon="120.3369870">
    <ele>19.6</ele>
    <time>2026-08-15T09:30:46Z</time>
   </trkpt>
   <trkpt lat="22.7447070" lon="120.3370310">
    <ele>19.7</ele>
    <time>2026-08-15T09:30:47Z</time>
   </trkpt>
   <trkpt lat="22.7446790" lon="120.3370690">
    <ele>19.7</ele>
    <time>2026-08-15T09:30:48Z</time>
   </trkpt>
   <trkpt lat="22.7446500" lon="120.3371070">
    <ele>19.7</ele>
    <time>2026-08-15T09:30:49Z</time>
   </trkpt>
   <trkpt lat="22.7446220" lon="120.3371440">
    <ele>19.7</ele>
    <time>2026-08-15T09:30:50Z</time>
   </trkpt>
   <trkpt lat="22.7445960" lon="120.3371780">
    <ele>19.7</ele>
    <time>2026-08-15T09:30:51Z</time>
   </trkpt>
   <trkpt lat="22.7445730" lon="120.3372090">
    <ele>19.8</ele>
    <time>2026-08-15T09:30:52Z</time>
   </trkpt>
   <trkpt lat="22.7445490" lon="120.3372410">
    <ele>19.8</ele>
    <time>2026-08-15T09:30:53Z</time>
   </trkpt>
   <trkpt lat="22.7445300" lon="120.3372650">
    <ele>19.8</ele>
    <time>2026-08-15T09:30:54Z</time>
   </trkpt>
   <trkpt lat="22.7445060" lon="120.3372860">
    <ele>19.8</ele>
    <time>2026-08-15T09:30:55Z</time>
   </trkpt>
   <trkpt lat="22.7444750" lon="120.3372970">
    <ele>19.8</ele>
    <time>2026-08-15T09:30:56Z</time>
   </trkpt>
   <trkpt lat="22.7444420" lon="120.3372950">
    <ele>19.8</ele>
    <time>2026-08-15T09:30:57Z</time>
   </trkpt>
   <trkpt lat="22.7444090" lon="120.3372790">
    <ele>19.8</ele>
    <time>2026-08-15T09:30:58Z</time>
   </trkpt>
   <trkpt lat="22.7443780" lon="120.3372510">
    <ele>19.8</ele>
    <time>2026-08-15T09:30:59Z</time>
   </trkpt>
   <trkpt lat="22.7443520" lon="120.3372210">
    <ele>19.8</ele>
    <time>2026-08-15T09:31:00Z</time>
   </trkpt>
   <trkpt lat="22.7443250" lon="120.3371920">
    <ele>19.8</ele>
    <time>2026-08-15T09:31:01Z</time>
   </trkpt>
   <trkpt lat="22.7442980" lon="120.3371640">
    <ele>19.8</ele>
    <time>2026-08-15T09:31:02Z</time>
   </trkpt>
   <trkpt lat="22.7442720" lon="120.3371380">
    <ele>19.8</ele>
    <time>2026-08-15T09:31:03Z</time>
   </trkpt>
   <trkpt lat="22.7442460" lon="120.3371130">
    <ele>19.8</ele>
    <time>2026-08-15T09:31:04Z</time>
   </trkpt>
   <trkpt lat="22.7442210" lon="120.3370860">
    <ele>19.8</ele>
    <time>2026-08-15T09:31:05Z</time>
   </trkpt>
   <trkpt lat="22.7441980" lon="120.3370620">
    <ele>19.8</ele>
    <time>2026-08-15T09:31:06Z</time>
   </trkpt>
   <trkpt lat="22.7441780" lon="120.3370470">
    <ele>19.8</ele>
    <time>2026-08-15T09:31:07Z</time>
   </trkpt>
   <trkpt lat="22.7441570" lon="120.3370420">
    <ele>19.8</ele>
    <time>2026-08-15T09:31:08Z</time>
   </trkpt>
   <trkpt lat="22.7441440" lon="120.3370400">
    <ele>19.8</ele>
    <time>2026-08-15T09:31:09Z</time>
   </trkpt>
   <trkpt lat="22.7441360" lon="120.3370450">
    <ele>19.8</ele>
    <time>2026-08-15T09:31:10Z</time>
   </trkpt>
   <trkpt lat="22.7441340" lon="120.3370480">
    <ele>19.8</ele>
    <time>2026-08-15T09:31:11Z</time>
   </trkpt>
   <trkpt lat="22.7441360" lon="120.3370500">
    <ele>19.8</ele>
    <time>2026-08-15T09:31:12Z</time>
   </trkpt>
   <trkpt lat="22.7441360" lon="120.3370510">
    <ele>19.8</ele>
    <time>2026-08-15T09:31:13Z</time>
   </trkpt>
   <trkpt lat="22.7441230" lon="120.3370580">
    <ele>19.8</ele>
    <time>2026-08-15T09:31:14Z</time>
   </trkpt>
   <trkpt lat="22.7440990" lon="120.3370910">
    <ele>19.8</ele>
    <time>2026-08-15T09:31:15Z</time>
   </trkpt>
   <trkpt lat="22.7440800" lon="120.3371250">
    <ele>19.8</ele>
    <time>2026-08-15T09:31:16Z</time>
   </trkpt>
   <trkpt lat="22.7440640" lon="120.3371530">
    <ele>19.8</ele>
    <time>2026-08-15T09:31:17Z</time>
   </trkpt>
   <trkpt lat="22.7440460" lon="120.3371800">
    <ele>19.9</ele>
    <time>2026-08-15T09:31:18Z</time>
   </trkpt>
   <trkpt lat="22.7440270" lon="120.3372040">
    <ele>19.9</ele>
    <time>2026-08-15T09:31:19Z</time>
   </trkpt>
   <trkpt lat="22.7440050" lon="120.3372290">
    <ele>20.0</ele>
    <time>2026-08-15T09:31:20Z</time>
   </trkpt>
   <trkpt lat="22.7439840" lon="120.3372510">
    <ele>20.0</ele>
    <time>2026-08-15T09:31:21Z</time>
   </trkpt>
   <trkpt lat="22.7439660" lon="120.3372750">
    <ele>20.0</ele>
    <time>2026-08-15T09:31:22Z</time>
   </trkpt>
   <trkpt lat="22.7439490" lon="120.3373030">
    <ele>20.1</ele>
    <time>2026-08-15T09:31:23Z</time>
   </trkpt>
   <trkpt lat="22.7439350" lon="120.3373340">
    <ele>20.1</ele>
    <time>2026-08-15T09:31:24Z</time>
   </trkpt>
   <trkpt lat="22.7439250" lon="120.3373640">
    <ele>20.1</ele>
    <time>2026-08-15T09:31:25Z</time>
   </trkpt>
   <trkpt lat="22.7439060" lon="120.3373940">
    <ele>20.2</ele>
    <time>2026-08-15T09:31:26Z</time>
   </trkpt>
   <trkpt lat="22.7438830" lon="120.3374200">
    <ele>20.2</ele>
    <time>2026-08-15T09:31:27Z</time>
   </trkpt>
   <trkpt lat="22.7438580" lon="120.3374380">
    <ele>20.2</ele>
    <time>2026-08-15T09:31:28Z</time>
   </trkpt>
   <trkpt lat="22.7438320" lon="120.3374530">
    <ele>20.3</ele>
    <time>2026-08-15T09:31:29Z</time>
   </trkpt>
   <trkpt lat="22.7438100" lon="120.3374720">
    <ele>20.3</ele>
    <time>2026-08-15T09:31:30Z</time>
   </trkpt>
   <trkpt lat="22.7437920" lon="120.3374950">
    <ele>20.3</ele>
    <time>2026-08-15T09:31:31Z</time>
   </trkpt>
   <trkpt lat="22.7437730" lon="120.3375210">
    <ele>20.4</ele>
    <time>2026-08-15T09:31:32Z</time>
   </trkpt>
   <trkpt lat="22.7437550" lon="120.3375480">
    <ele>20.4</ele>
    <time>2026-08-15T09:31:33Z</time>
   </trkpt>
   <trkpt lat="22.7437350" lon="120.3375730">
    <ele>20.4</ele>
    <time>2026-08-15T09:31:34Z</time>
   </trkpt>
   <trkpt lat="22.7437190" lon="120.3376020">
    <ele>20.4</ele>
    <time>2026-08-15T09:31:35Z</time>
   </trkpt>
   <trkpt lat="22.7436960" lon="120.3376230">
    <ele>20.5</ele>
    <time>2026-08-15T09:31:36Z</time>
   </trkpt>
   <trkpt lat="22.7436790" lon="120.3376440">
    <ele>20.5</ele>
    <time>2026-08-15T09:31:37Z</time>
   </trkpt>
   <trkpt lat="22.7436610" lon="120.3376620">
    <ele>20.5</ele>
    <time>2026-08-15T09:31:38Z</time>
   </trkpt>
   <trkpt lat="22.7436380" lon="120.3376890">
    <ele>20.6</ele>
    <time>2026-08-15T09:31:39Z</time>
   </trkpt>
   <trkpt lat="22.7436180" lon="120.3377120">
    <ele>20.6</ele>
    <time>2026-08-15T09:31:40Z</time>
   </trkpt>
   <trkpt lat="22.7435960" lon="120.3377390">
    <ele>20.6</ele>
    <time>2026-08-15T09:31:41Z</time>
   </trkpt>
   <trkpt lat="22.7435760" lon="120.3377640">
    <ele>20.6</ele>
    <time>2026-08-15T09:31:42Z</time>
   </trkpt>
   <trkpt lat="22.7435550" lon="120.3377920">
    <ele>20.6</ele>
    <time>2026-08-15T09:31:43Z</time>
   </trkpt>
   <trkpt lat="22.7435350" lon="120.3378140">
    <ele>20.7</ele>
    <time>2026-08-15T09:31:44Z</time>
   </trkpt>
   <trkpt lat="22.7435180" lon="120.3378450">
    <ele>20.7</ele>
    <time>2026-08-15T09:31:45Z</time>
   </trkpt>
   <trkpt lat="22.7434930" lon="120.3378700">
    <ele>20.7</ele>
    <time>2026-08-15T09:31:46Z</time>
   </trkpt>
   <trkpt lat="22.7434720" lon="120.3378980">
    <ele>20.7</ele>
    <time>2026-08-15T09:31:47Z</time>
   </trkpt>
   <trkpt lat="22.7434470" lon="120.3379250">
    <ele>20.7</ele>
    <time>2026-08-15T09:31:48Z</time>
   </trkpt>
   <trkpt lat="22.7434250" lon="120.3379500">
    <ele>20.7</ele>
    <time>2026-08-15T09:31:49Z</time>
   </trkpt>
   <trkpt lat="22.7434080" lon="120.3379700">
    <ele>20.7</ele>
    <time>2026-08-15T09:31:50Z</time>
   </trkpt>
   <trkpt lat="22.7433890" lon="120.3379920">
    <ele>20.7</ele>
    <time>2026-08-15T09:31:51Z</time>
   </trkpt>
   <trkpt lat="22.7433700" lon="120.3380230">
    <ele>20.7</ele>
    <time>2026-08-15T09:31:52Z</time>
   </trkpt>
   <trkpt lat="22.7433480" lon="120.3380540">
    <ele>20.8</ele>
    <time>2026-08-15T09:31:53Z</time>
   </trkpt>
   <trkpt lat="22.7433200" lon="120.3380790">
    <ele>20.8</ele>
    <time>2026-08-15T09:31:54Z</time>
   </trkpt>
   <trkpt lat="22.7432980" lon="120.3381070">
    <ele>20.8</ele>
    <time>2026-08-15T09:31:55Z</time>
   </trkpt>
   <trkpt lat="22.7432750" lon="120.3381370">
    <ele>20.8</ele>
    <time>2026-08-15T09:31:56Z</time>
   </trkpt>
   <trkpt lat="22.7432510" lon="120.3381660">
    <ele>20.8</ele>
    <time>2026-08-15T09:31:57Z</time>
   </trkpt>
   <trkpt lat="22.7432320" lon="120.3381930">
    <ele>20.8</ele>
    <time>2026-08-15T09:31:58Z</time>
   </trkpt>
   <trkpt lat="22.7432200" lon="120.3382240">
    <ele>20.8</ele>
    <time>2026-08-15T09:31:59Z</time>
   </trkpt>
   <trkpt lat="22.7432060" lon="120.3382530">
    <ele>20.8</ele>
    <time>2026-08-15T09:32:00Z</time>
   </trkpt>
   <trkpt lat="22.7431870" lon="120.3382760">
    <ele>20.9</ele>
    <time>2026-08-15T09:32:01Z</time>
   </trkpt>
   <trkpt lat="22.7431620" lon="120.3383010">
    <ele>20.9</ele>
    <time>2026-08-15T09:32:02Z</time>
   </trkpt>
   <trkpt lat="22.7431380" lon="120.3383260">
    <ele>20.9</ele>
    <time>2026-08-15T09:32:03Z</time>
   </trkpt>
   <trkpt lat="22.7431170" lon="120.3383490">
    <ele>20.9</ele>
    <time>2026-08-15T09:32:04Z</time>
   </trkpt>
   <trkpt lat="22.7431010" lon="120.3383670">
    <ele>21.0</ele>
    <time>2026-08-15T09:32:05Z</time>
   </trkpt>
   <trkpt lat="22.7430840" lon="120.3383830">
    <ele>21.0</ele>
    <time>2026-08-15T09:32:06Z</time>
   </trkpt>
   <trkpt lat="22.7430630" lon="120.3383990">
    <ele>21.0</ele>
    <time>2026-08-15T09:32:07Z</time>
   </trkpt>
   <trkpt lat="22.7430420" lon="120.3384100">
    <ele>21.0</ele>
    <time>2026-08-15T09:32:08Z</time>
   </trkpt>
   <trkpt lat="22.7430210" lon="120.3384200">
    <ele>21.1</ele>
    <time>2026-08-15T09:32:09Z</time>
   </trkpt>
   <trkpt lat="22.7430550" lon="120.3384220">
    <ele>21.1</ele>
    <time>2026-08-15T09:32:10Z</time>
   </trkpt>
   <trkpt lat="22.7430580" lon="120.3384250">
    <ele>21.1</ele>
    <time>2026-08-15T09:32:11Z</time>
   </trkpt>
   <trkpt lat="22.7430570" lon="120.3384290">
    <ele>21.1</ele>
    <time>2026-08-15T09:32:12Z</time>
   </trkpt>
   <trkpt lat="22.7430570" lon="120.3384330">
    <ele>21.1</ele>
    <time>2026-08-15T09:32:13Z</time>
   </trkpt>
   <trkpt lat="22.7430560" lon="120.3384330">
    <ele>21.1</ele>
    <time>2026-08-15T09:32:14Z</time>
   </trkpt>
   <trkpt lat="22.7430560" lon="120.3384330">
    <ele>21.1</ele>
    <time>2026-08-15T09:32:15Z</time>
   </trkpt>
   <trkpt lat="22.7430560" lon="120.3384330">
    <ele>21.1</ele>
    <time>2026-08-15T09:32:16Z</time>
   </trkpt>
   <trkpt lat="22.7430510" lon="120.3384490">
    <ele>21.2</ele>
    <time>2026-08-15T09:32:17Z</time>
   </trkpt>
   <trkpt lat="22.7430470" lon="120.3384850">
    <ele>21.2</ele>
    <time>2026-08-15T09:32:18Z</time>
   </trkpt>
   <trkpt lat="22.7430620" lon="120.3385170">
    <ele>21.2</ele>
    <time>2026-08-15T09:32:19Z</time>
   </trkpt>
   <trkpt lat="22.7430870" lon="120.3385410">
    <ele>21.2</ele>
    <time>2026-08-15T09:32:20Z</time>
   </trkpt>
   <trkpt lat="22.7431240" lon="120.3385760">
    <ele>21.3</ele>
    <time>2026-08-15T09:32:21Z</time>
   </trkpt>
   <trkpt lat="22.7431480" lon="120.3386180">
    <ele>21.3</ele>
    <time>2026-08-15T09:32:22Z</time>
   </trkpt>
   <trkpt lat="22.7431610" lon="120.3386470">
    <ele>21.3</ele>
    <time>2026-08-15T09:32:23Z</time>
   </trkpt>
   <trkpt lat="22.7431870" lon="120.3386670">
    <ele>21.3</ele>
    <time>2026-08-15T09:32:24Z</time>
   </trkpt>
   <trkpt lat="22.7432220" lon="120.3386840">
    <ele>21.3</ele>
    <time>2026-08-15T09:32:25Z</time>
   </trkpt>
   <trkpt lat="22.7432530" lon="120.3386950">
    <ele>21.3</ele>
    <time>2026-08-15T09:32:26Z</time>
   </trkpt>
   <trkpt lat="22.7432850" lon="120.3387100">
    <ele>21.3</ele>
    <time>2026-08-15T09:32:27Z</time>
   </trkpt>
   <trkpt lat="22.7433070" lon="120.3387360">
    <ele>21.3</ele>
    <time>2026-08-15T09:32:28Z</time>
   </trkpt>
   <trkpt lat="22.7433120" lon="120.3387680">
    <ele>21.4</ele>
    <time>2026-08-15T09:32:29Z</time>
   </trkpt>
   <trkpt lat="22.7432950" lon="120.3388030">
    <ele>21.6</ele>
    <time>2026-08-15T09:32:30Z</time>
   </trkpt>
   <trkpt lat="22.7432740" lon="120.3388310">
    <ele>21.7</ele>
    <time>2026-08-15T09:32:31Z</time>
   </trkpt>
   <trkpt lat="22.7432290" lon="120.3388570">
    <ele>21.7</ele>
    <time>2026-08-15T09:32:32Z</time>
   </trkpt>
   <trkpt lat="22.7432150" lon="120.3388700">
    <ele>21.7</ele>
    <time>2026-08-15T09:32:33Z</time>
   </trkpt>
   <trkpt lat="22.7432070" lon="120.3388750">
    <ele>21.7</ele>
    <time>2026-08-15T09:32:34Z</time>
   </trkpt>
  </trkseg>
 </trk>
</gpx>
