<?xml version="1.0" encoding="UTF-8"?>
<gpx creator="StravaGPX" version="1.1" xmlns="http://www.topografix.com/GPX/1/1" xmlns:xsi="http://www.w3.org/2001/XMLSchema-instance" xsi:schemaLocation="http://www.topografix.com/GPX/1/1 http://www.topografix.com/GPX/1/1/gpx.xsd">
 <metadata>
  <time>2026-08-17T07:05:21Z</time>
 </metadata>
 <trk>
  <name>午後步行</name>
  <type>walking</type>
  <trkseg>
   <trkpt lat="22.7188170" lon="120.3134230">
    <ele>19.3</ele>
    <time>2026-08-17T07:05:21Z</time>
   </trkpt>
   <trkpt lat="22.7188170" lon="120.3134230">
    <ele>19.3</ele>
    <time>2026-08-17T07:05:24Z</time>
   </trkpt>
   <trkpt lat="22.7188360" lon="120.3134310">
    <ele>19.3</ele>
    <time>2026-08-17T07:05:25Z</time>
   </trkpt>
   <trkpt lat="22.7188440" lon="120.3134370">
    <ele>19.3</ele>
    <time>2026-08-17T07:05:26Z</time>
   </trkpt>
   <trkpt lat="22.7188460" lon="120.3134430">
    <ele>19.3</ele>
    <time>2026-08-17T07:05:27Z</time>
   </trkpt>
   <trkpt lat="22.7188350" lon="120.3134620">
    <ele>19.3</ele>
    <time>2026-08-17T07:05:28Z</time>
   </trkpt>
   <trkpt lat="22.7188440" lon="120.3134600">
    <ele>19.3</ele>
    <time>2026-08-17T07:05:29Z</time>
   </trkpt>
   <trkpt lat="22.7188500" lon="120.3134560">
    <ele>19.3</ele>
    <time>2026-08-17T07:05:30Z</time>
   </trkpt>
   <trkpt lat="22.7188540" lon="120.3134490">
    <ele>19.3</ele>
    <time>2026-08-17T07:05:31Z</time>
   </trkpt>
   <trkpt lat="22.7188540" lon="120.3134370">
    <ele>19.3</ele>
    <time>2026-08-17T07:05:32Z</time>
   </trkpt>
   <trkpt lat="22.7188510" lon="120.3134190">
    <ele>19.3</ele>
    <time>2026-08-17T07:05:33Z</time>
   </trkpt>
   <trkpt lat="22.7188460" lon="120.3133970">
    <ele>19.3</ele>
    <time>2026-08-17T07:05:34Z</time>
   </trkpt>
   <trkpt lat="22.7188430" lon="120.3133820">
    <ele>19.3</ele>
    <time>2026-08-17T07:05:35Z</time>
   </trkpt>
   <trkpt lat="22.7188400" lon="120.3133680">
    <ele>19.3</ele>
    <time>2026-08-17T07:05:36Z</time>
   </trkpt>
   <trkpt lat="22.7188360" lon="120.3133520">
    <ele>19.4</ele>
    <time>2026-08-17T07:05:37Z</time>
   </trkpt>
   <trkpt lat="22.7188340" lon="120.3133340">
    <ele>19.4</ele>
    <time>2026-08-17T07:05:38Z</time>
   </trkpt>
   <trkpt lat="22.7188360" lon="120.3133190">
    <ele>19.4</ele>
    <time>2026-08-17T07:05:39Z</time>
   </trkpt>
   <trkpt lat="22.7188390" lon="120.3132970">
    <ele>19.4</ele>
    <time>2026-08-17T07:05:40Z</time>
   </trkpt>
   <trkpt lat="22.7188440" lon="120.3132750">
    <ele>19.4</ele>
    <time>2026-08-17T07:05:41Z</time>
   </trkpt>
   <trkpt lat="22.7188430" lon="120.3132550">
    <ele>19.4</ele>
    <time>2026-08-17T07:05:42Z</time>
   </trkpt>
   <trkpt lat="22.7188430" lon="120.3132350">
    <ele>19.4</ele>
    <time>2026-08-17T07:05:43Z</time>
   </trkpt>
   <trkpt lat="22.7188450" lon="120.3132190">
    <ele>19.4</ele>
    <time>2026-08-17T07:05:44Z</time>
   </trkpt>
   <trkpt lat="22.7188450" lon="120.3132040">
    <ele>19.4</ele>
    <time>2026-08-17T07:05:45Z</time>
   </trkpt>
   <trkpt lat="22.7188410" lon="120.3131940">
    <ele>19.4</ele>
    <time>2026-08-17T07:05:46Z</time>
   </trkpt>
   <trkpt lat="22.7188360" lon="120.3131850">
    <ele>19.4</ele>
    <time>2026-08-17T07:05:47Z</time>
   </trkpt>
   <trkpt lat="22.7188400" lon="120.3131770">
    <ele>19.5</ele>
    <time>2026-08-17T07:05:48Z</time>
   </trkpt>
   <trkpt lat="22.7188380" lon="120.3131660">
    <ele>19.5</ele>
    <time>2026-08-17T07:05:49Z</time>
   </trkpt>
   <trkpt lat="22.7188340" lon="120.3131630">
    <ele>19.5</ele>
    <time>2026-08-17T07:05:50Z</time>
   </trkpt>
   <trkpt lat="22.7188340" lon="120.3131500">
    <ele>19.5</ele>
    <time>2026-08-17T07:05:51Z</time>
   </trkpt>
   <trkpt lat="22.7188270" lon="120.3131640">
    <ele>19.5</ele>
    <time>2026-08-17T07:05:52Z</time>
   </trkpt>
   <trkpt lat="22.7188220" lon="120.3131910">
    <ele>19.5</ele>
    <time>2026-08-17T07:05:53Z</time>
   </trkpt>
   <trkpt lat="22.7188310" lon="120.3132360">
    <ele>19.5</ele>
    <time>2026-08-17T07:05:54Z</time>
   </trkpt>
   <trkpt lat="22.7188370" lon="120.3132450">
    <ele>19.5</ele>
    <time>2026-08-17T07:05:55Z</time>
   </trkpt>
   <trkpt lat="22.7188510" lon="120.3132790">
    <ele>19.5</ele>
    <time>2026-08-17T07:05:56Z</time>
   </trkpt>
   <trkpt lat="22.7188630" lon="120.3132840">
    <ele>19.6</ele>
    <time>2026-08-17T07:05:57Z</time>
   </trkpt>
   <trkpt lat="22.7188650" lon="120.3132900">
    <ele>19.6</ele>
    <time>2026-08-17T07:05:58Z</time>
   </trkpt>
   <trkpt lat="22.7188610" lon="120.3132920">
    <ele>19.6</ele>
    <time>2026-08-17T07:05:59Z</time>
   </trkpt>
   <trkpt lat="22.7188710" lon="120.3132940">
    <ele>19.6</ele>
    <time>2026-08-17T07:06:00Z</time>
   </trkpt>
   <trkpt lat="22.7188800" lon="120.3133000">
    <ele>19.6</ele>
    <time>2026-08-17T07:06:01Z</time>
   </trkpt>
   <trkpt lat="22.7188820" lon="120.3133140">
    <ele>19.6</ele>
    <time>2026-08-17T07:06:02Z</time>
   </trkpt>
   <trkpt lat="22.7188880" lon="120.3133130">
    <ele>19.6</ele>
    <time>2026-08-17T07:06:03Z</time>
   </trkpt>
   <trkpt lat="22.7188900" lon="120.3133160">
    <ele>19.6</ele>
    <time>2026-08-17T07:06:04Z</time>
   </trkpt>
   <trkpt lat="22.7188900" lon="120.3133160">
    <ele>19.6</ele>
    <time>2026-08-17T07:06:05Z</time>
   </trkpt>
   <trkpt lat="22.7188900" lon="120.3133160">
    <ele>19.6</ele>
    <time>2026-08-17T07:06:06Z</time>
   </trkpt>
   <trkpt lat="22.7188880" lon="120.3133230">
    <ele>19.6</ele>
    <time>2026-08-17T07:06:07Z</time>
   </trkpt>
   <trkpt lat="22.7188880" lon="120.3133230">
    <ele>19.6</ele>
    <time>2026-08-17T07:06:08Z</time>
   </trkpt>
   <trkpt lat="22.7188880" lon="120.3133230">
    <ele>19.6</ele>
    <time>2026-08-17T07:06:09Z</time>
   </trkpt>
   <trkpt lat="22.7188880" lon="120.3133230">
    <ele>19.6</ele>
    <time>2026-08-17T07:06:10Z</time>
   </trkpt>
   <trkpt lat="22.7188880" lon="120.3133230">
    <ele>19.6</ele>
    <time>2026-08-17T07:06:11Z</time>
   </trkpt>
   <trkpt lat="22.7188770" lon="120.3133160">
    <ele>19.6</ele>
    <time>2026-08-17T07:06:12Z</time>
   </trkpt>
   <trkpt lat="22.7188730" lon="120.3133150">
    <ele>19.6</ele>
    <time>2026-08-17T07:06:13Z</time>
   </trkpt>
   <trkpt lat="22.7188770" lon="120.3133180">
    <ele>19.6</ele>
    <time>2026-08-17T07:06:14Z</time>
   </trkpt>
   <trkpt lat="22.7189020" lon="120.3133180">
    <ele>19.6</ele>
    <time>2026-08-17T07:06:15Z</time>
   </trkpt>
   <trkpt lat="22.7189130" lon="120.3133060">
    <ele>19.6</ele>
    <time>2026-08-17T07:06:16Z</time>
   </trkpt>
   <trkpt lat="22.7189110" lon="120.3132940">
    <ele>19.6</ele>
    <time>2026-08-17T07:06:17Z</time>
   </trkpt>
   <trkpt lat="22.7189080" lon="120.3132830">
    <ele>19.6</ele>
    <time>2026-08-17T07:06:18Z</time>
   </trkpt>
   <trkpt lat="22.7189120" lon="120.3132740">
    <ele>19.6</ele>
    <time>2026-08-17T07:06:19Z</time>
   </trkpt>
   <trkpt lat="22.7189100" lon="120.3132630">
    <ele>19.6</ele>
    <time>2026-08-17T07:06:20Z</time>
   </trkpt>
   <trkpt lat="22.7189070" lon="120.3132500">
    <ele>19.6</ele>
    <time>2026-08-17T07:06:21Z</time>
   </trkpt>
   <trkpt lat="22.7189100" lon="120.3132380">
    <ele>19.6</ele>
    <time>2026-08-17T07:06:22Z</time>
   </trkpt>
   <trkpt lat="22.7189160" lon="120.3132280">
    <ele>19.6</ele>
    <time>2026-08-17T07:06:23Z</time>
   </trkpt>
   <trkpt lat="22.7189180" lon="120.3132210">
    <ele>19.6</ele>
    <time>2026-08-17T07:06:24Z</time>
   </trkpt>
   <trkpt lat="22.7189170" lon="120.3132100">
    <ele>19.7</ele>
    <time>2026-08-17T07:06:25Z</time>
   </trkpt>
   <trkpt lat="22.7189150" lon="120.3131990">
    <ele>19.7</ele>
    <time>2026-08-17T07:06:26Z</time>
   </trkpt>
   <trkpt lat="22.7189070" lon="120.3131850">
    <ele>19.7</ele>
    <time>2026-08-17T07:06:27Z</time>
   </trkpt>
   <trkpt lat="22.7189070" lon="120.3131730">
    <ele>19.7</ele>
    <time>2026-08-17T07:06:28Z</time>
   </trkpt>
   <trkpt lat="22.7189080" lon="120.3131820">
    <ele>19.7</ele>
    <time>2026-08-17T07:06:29Z</time>
   </trkpt>
   <trkpt lat="22.7189050" lon="120.3131870">
    <ele>19.7</ele>
    <time>2026-08-17T07:06:30Z</time>
   </trkpt>
   <trkpt lat="22.7189030" lon="120.3131900">
    <ele>19.7</ele>
    <time>2026-08-17T07:06:31Z</time>
   </trkpt>
   <trkpt lat="22.7189050" lon="120.3131960">
    <ele>19.7</ele>
    <time>2026-08-17T07:06:32Z</time>
   </trkpt>
   <trkpt lat="22.7189150" lon="120.3131990">
    <ele>19.7</ele>
    <time>2026-08-17T07:06:33Z</time>
   </trkpt>
   <trkpt lat="22.7189210" lon="120.3131940">
    <ele>19.7</ele>
    <time>2026-08-17T07:06:34Z</time>
   </trkpt>
   <trkpt lat="22.7189220" lon="120.3132000">
    <ele>19.7</ele>
    <time>2026-08-17T07:06:35Z</time>
   </trkpt>
   <trkpt lat="22.7189290" lon="120.3132010">
    <ele>19.7</ele>
    <time>2026-08-17T07:06:36Z</time>
   </trkpt>
   <trkpt lat="22.7189350" lon="120.3132030">
    <ele>19.7</ele>
    <time>2026-08-17T07:06:37Z</time>
   </trkpt>
   <trkpt lat="22.7189380" lon="120.3131930">
    <ele>19.7</ele>
    <time>2026-08-17T07:06:38Z</time>
   </trkpt>
   <trkpt lat="22.7189410" lon="120.3131850">
    <ele>19.7</ele>
    <time>2026-08-17T07:06:39Z</time>
   </trkpt>
   <trkpt lat="22.7189290" lon="120.3131750">
    <ele>19.7</ele>
    <time>2026-08-17T07:06:40Z</time>
   </trkpt>
   <trkpt lat="22.7189240" lon="120.3131650">
    <ele>19.7</ele>
    <time>2026-08-17T07:06:41Z</time>
   </trkpt>
   <trkpt lat="22.7189320" lon="120.3131520">
    <ele>19.7</ele>
    <time>2026-08-17T07:06:42Z</time>
   </trkpt>
   <trkpt lat="22.7189260" lon="120.3131350">
    <ele>19.7</ele>
    <time>2026-08-17T07:06:43Z</time>
   </trkpt>
   <trkpt lat="22.7189250" lon="120.3131220">
    <ele>19.7</ele>
    <time>2026-08-17T07:06:44Z</time>
   </trkpt>
   <trkpt lat="22.7189270" lon="120.3131130">
    <ele>19.7</ele>
    <time>2026-08-17T07:06:45Z</time>
   </trkpt>
   <trkpt lat="22.7189290" lon="120.3131090">
    <ele>19.7</ele>
    <time>2026-08-17T07:06:46Z</time>
   </trkpt>
   <trkpt lat="22.7189360" lon="120.3131030">
    <ele>19.7</ele>
    <time>2026-08-17T07:06:47Z</time>
   </trkpt>
   <trkpt lat="22.7189470" lon="120.3130990">
    <ele>19.7</ele>
    <time>2026-08-17T07:06:48Z</time>
   </trkpt>
   <trkpt lat="22.7189500" lon="120.3130930">
    <ele>19.7</ele>
    <time>2026-08-17T07:06:49Z</time>
   </trkpt>
   <trkpt lat="22.7189490" lon="120.3130840">
    <ele>19.7</ele>
    <time>2026-08-17T07:06:50Z</time>
   </trkpt>
   <trkpt lat="22.7189490" lon="120.3130750">
    <ele>19.7</ele>
    <time>2026-08-17T07:06:51Z</time>
   </trkpt>
   <trkpt lat="22.7189470" lon="120.3130690">
    <ele>19.7</ele>
    <time>2026-08-17T07:06:52Z</time>
   </trkpt>
   <trkpt lat="22.7189460" lon="120.3130580">
    <ele>19.7</ele>
    <time>2026-08-17T07:06:53Z</time>
   </trkpt>
   <trkpt lat="22.7189440" lon="120.3130550">
    <ele>19.7</ele>
    <time>2026-08-17T07:06:54Z</time>
   </trkpt>
   <trkpt lat="22.7189470" lon="120.3130580">
    <ele>19.8</ele>
    <time>2026-08-17T07:06:55Z</time>
   </trkpt>
   <trkpt lat="22.7189470" lon="120.3130560">
    <ele>19.8</ele>
    <time>2026-08-17T07:06:56Z</time>
   </trkpt>
   <trkpt lat="22.7189480" lon="120.3130630">
    <ele>19.8</ele>
    <time>2026-08-17T07:06:57Z</time>
   </trkpt>
   <trkpt lat="22.7189510" lon="120.3130680">
    <ele>19.8</ele>
    <time>2026-08-17T07:06:58Z</time>
   </trkpt>
   <trkpt lat="22.7189520" lon="120.3130780">
    <ele>19.8</ele>
    <time>2026-08-17T07:06:59Z</time>
   </trkpt>
   <trkpt lat="22.7189550" lon="120.3130820">
    <ele>19.8</ele>
    <time>2026-08-17T07:07:00Z</time>
   </trkpt>
   <trkpt lat="22.7189480" lon="120.3130910">
    <ele>19.8</ele>
    <time>2026-08-17T07:07:01Z</time>
   </trkpt>
   <trkpt lat="22.7189600" lon="120.3130840">
    <ele>19.8</ele>
    <time>2026-08-17T07:07:02Z</time>
   </trkpt>
   <trkpt lat="22.7189710" lon="120.3130940">
    <ele>19.8</ele>
    <time>2026-08-17T07:07:03Z</time>
   </trkpt>
   <trkpt lat="22.7189750" lon="120.3130830">
    <ele>19.8</ele>
    <time>2026-08-17T07:07:04Z</time>
   </trkpt>
   <trkpt lat="22.7189820" lon="120.3130660">
    <ele>19.8</ele>
    <time>2026-08-17T07:07:05Z</time>
   </trkpt>
   <trkpt lat="22.7189880" lon="120.3130510">
    <ele>19.8</ele>
    <time>2026-08-17T07:07:06Z</time>
   </trkpt>
   <trkpt lat="22.7189920" lon="120.3130320">
    <ele>19.8</ele>
    <time>2026-08-17T07:07:07Z</time>
   </trkpt>
   <trkpt lat="22.7189930" lon="120.3130160">
    <ele>19.8</ele>
    <time>2026-08-17T07:07:08Z</time>
   </trkpt>
   <trkpt lat="22.7189970" lon="120.3130030">
    <ele>19.8</ele>
    <time>2026-08-17T07:07:09Z</time>
   </trkpt>
   <trkpt lat="22.7189980" lon="120.3129860">
    <ele>19.8</ele>
    <time>2026-08-17T07:07:10Z</time>
   </trkpt>
   <trkpt lat="22.7190040" lon="120.3129740">
    <ele>19.8</ele>
    <time>2026-08-17T07:07:11Z</time>
   </trkpt>
   <trkpt lat="22.7190090" lon="120.3129600">
    <ele>19.8</ele>
    <time>2026-08-17T07:07:12Z</time>
   </trkpt>
   <trkpt lat="22.7190150" lon="120.3129550">
    <ele>19.8</ele>
    <time>2026-08-17T07:07:13Z</time>
   </trkpt>
   <trkpt lat="22.7190200" lon="120.3129500">
    <ele>19.8</ele>
    <time>2026-08-17T07:07:14Z</time>
   </trkpt>
   <trkpt lat="22.7190240" lon="120.3129430">
    <ele>19.8</ele>
    <time>2026-08-17T07:07:15Z</time>
   </trkpt>
   <trkpt lat="22.7190320" lon="120.3129330">
    <ele>19.8</ele>
    <time>2026-08-17T07:07:16Z</time>
   </trkpt>
   <trkpt lat="22.7190360" lon="120.3129260">
    <ele>19.8</ele>
    <time>2026-08-17T07:07:17Z</time>
   </trkpt>
   <trkpt lat="22.7190350" lon="120.3129170">
    <ele>19.8</ele>
    <time>2026-08-17T07:07:18Z</time>
   </trkpt>
   <trkpt lat="22.7190290" lon="120.3129100">
    <ele>19.8</ele>
    <time>2026-08-17T07:07:19Z</time>
   </trkpt>
   <trkpt lat="22.7190350" lon="120.3129020">
    <ele>19.8</ele>
    <time>2026-08-17T07:07:20Z</time>
   </trkpt>
   <trkpt lat="22.7190410" lon="120.3128940">
    <ele>19.8</ele>
    <time>2026-08-17T07:07:21Z</time>
   </trkpt>
   <trkpt lat="22.7190430" lon="120.3128840">
    <ele>19.8</ele>
    <time>2026-08-17T07:07:22Z</time>
   </trkpt>
   <trkpt lat="22.7190410" lon="120.3128850">
    <ele>19.8</ele>
    <time>2026-08-17T07:07:23Z</time>
   </trkpt>
   <trkpt lat="22.7190410" lon="120.3128840">
    <ele>19.8</ele>
    <time>2026-08-17T07:07:24Z</time>
   </trkpt>
   <trkpt lat="22.7190390" lon="120.3128780">
    <ele>19.8</ele>
    <time>2026-08-17T07:07:25Z</time>
   </trkpt>
   <trkpt lat="22.7190390" lon="120.3128710">
    <ele>19.8</ele>
    <time>2026-08-17T07:07:26Z</time>
   </trkpt>
   <trkpt lat="22.7190400" lon="120.3128710">
    <ele>19.8</ele>
    <time>2026-08-17T07:07:27Z</time>
   </trkpt>
   <trkpt lat="22.7190390" lon="120.3128720">
    <ele>19.8</ele>
    <time>2026-08-17T07:07:28Z</time>
   </trkpt>
   <trkpt lat="22.7190410" lon="120.3128590">
    <ele>19.8</ele>
    <time>2026-08-17T07:07:29Z</time>
   </trkpt>
   <trkpt lat="22.7190450" lon="120.3128470">
    <ele>19.8</ele>
    <time>2026-08-17T07:07:30Z</time>
   </trkpt>
   <trkpt lat="22.7190480" lon="120.3128370">
    <ele>19.8</ele>
    <time>2026-08-17T07:07:31Z</time>
   </trkpt>
   <trkpt lat="22.7190530" lon="120.3128290">
    <ele>19.8</ele>
    <time>2026-08-17T07:07:32Z</time>
   </trkpt>
   <trkpt lat="22.7190540" lon="120.3128130">
    <ele>19.8</ele>
    <time>2026-08-17T07:07:33Z</time>
   </trkpt>
   <trkpt lat="22.7190590" lon="120.3128040">
    <ele>19.8</ele>
    <time>2026-08-17T07:07:34Z</time>
   </trkpt>
   <trkpt lat="22.7190640" lon="120.3127910">
    <ele>19.8</ele>
    <time>2026-08-17T07:07:35Z</time>
   </trkpt>
   <trkpt lat="22.7190660" lon="120.3127790">
    <ele>19.8</ele>
    <time>2026-08-17T07:07:36Z</time>
   </trkpt>
   <trkpt lat="22.7190710" lon="120.3127690">
    <ele>19.8</ele>
    <time>2026-08-17T07:07:37Z</time>
   </trkpt>
   <trkpt lat="22.7190760" lon="120.3127590">
    <ele>19.8</ele>
    <time>2026-08-17T07:07:38Z</time>
   </trkpt>
   <trkpt lat="22.7190820" lon="120.3127520">
    <ele>19.8</ele>
    <time>2026-08-17T07:07:39Z</time>
   </trkpt>
   <trkpt lat="22.7190840" lon="120.3127430">
    <ele>19.9</ele>
    <time>2026-08-17T07:07:40Z</time>
   </trkpt>
   <trkpt lat="22.7190790" lon="120.3127400">
    <ele>19.9</ele>
    <time>2026-08-17T07:07:41Z</time>
   </trkpt>
   <trkpt lat="22.7190850" lon="120.3127320">
    <ele>19.9</ele>
    <time>2026-08-17T07:07:42Z</time>
   </trkpt>
   <trkpt lat="22.7190890" lon="120.3127320">
    <ele>19.9</ele>
    <time>2026-08-17T07:07:43Z</time>
   </trkpt>
   <trkpt lat="22.7190910" lon="120.3127320">
    <ele>19.9</ele>
    <time>2026-08-17T07:07:44Z</time>
   </trkpt>
   <trkpt lat="22.7190940" lon="120.3127310">
    <ele>19.9</ele>
    <time>2026-08-17T07:07:45Z</time>
   </trkpt>
   <trkpt lat="22.7190940" lon="120.3127310">
    <ele>19.9</ele>
    <time>2026-08-17T07:07:46Z</time>
   </trkpt>
   <trkpt lat="22.7190940" lon="120.3127310">
    <ele>19.9</ele>
    <time>2026-08-17T07:07:47Z</time>
   </trkpt>
   <trkpt lat="22.7190940" lon="120.3127310">
    <ele>19.9</ele>
    <time>2026-08-17T07:07:48Z</time>
   </trkpt>
   <trkpt lat="22.7191090" lon="120.3127350">
    <ele>19.9</ele>
    <time>2026-08-17T07:07:49Z</time>
   </trkpt>
   <trkpt lat="22.7191090" lon="120.3127350">
    <ele>19.9</ele>
    <time>2026-08-17T07:07:50Z</time>
   </trkpt>
   <trkpt lat="22.7191120" lon="120.3127320">
    <ele>19.9</ele>
    <time>2026-08-17T07:07:51Z</time>
   </trkpt>
   <trkpt lat="22.7191140" lon="120.3127370">
    <ele>19.9</ele>
    <time>2026-08-17T07:07:52Z</time>
   </trkpt>
   <trkpt lat="22.7191160" lon="120.3127400">
    <ele>19.9</ele>
    <time>2026-08-17T07:07:53Z</time>
   </trkpt>
   <trkpt lat="22.7191160" lon="120.3127420">
    <ele>19.9</ele>
    <time>2026-08-17T07:07:54Z</time>
   </trkpt>
   <trkpt lat="22.7191150" lon="120.3127440">
    <ele>19.9</ele>
    <time>2026-08-17T07:07:55Z</time>
   </trkpt>
   <trkpt lat="22.7191120" lon="120.3127340">
    <ele>19.9</ele>
    <time>2026-08-17T07:07:56Z</time>
   </trkpt>
   <trkpt lat="22.7191180" lon="120.3127280">
    <ele>19.9</ele>
    <time>2026-08-17T07:07:57Z</time>
   </trkpt>
   <trkpt lat="22.7191240" lon="120.3127240">
    <ele>19.9</ele>
    <time>2026-08-17T07:07:58Z</time>
   </trkpt>
   <trkpt lat="22.7191250" lon="120.3127230">
    <ele>19.9</ele>
    <time>2026-08-17T07:07:59Z</time>
   </trkpt>
   <trkpt lat="22.7191340" lon="120.3127230">
    <ele>19.9</ele>
    <time>2026-08-17T07:08:00Z</time>
   </trkpt>
   <trkpt lat="22.7191340" lon="120.3127280">
    <ele>19.9</ele>
    <time>2026-08-17T07:08:01Z</time>
   </trkpt>
   <trkpt lat="22.7191300" lon="120.3127260">
    <ele>19.9</ele>
    <time>2026-08-17T07:08:02Z</time>
   </trkpt>
   <trkpt lat="22.7191290" lon="120.3127260">
    <ele>19.9</ele>
    <time>2026-08-17T07:08:03Z</time>
   </trkpt>
   <trkpt lat="22.7191300" lon="120.3127270">
    <ele>19.9</ele>
    <time>2026-08-17T07:08:04Z</time>
   </trkpt>
   <trkpt lat="22.7191320" lon="120.3127220">
    <ele>19.9</ele>
    <time>2026-08-17T07:08:05Z</time>
   </trkpt>
   <trkpt lat="22.7191350" lon="120.3127250">
    <ele>19.9</ele>
    <time>2026-08-17T07:08:06Z</time>
   </trkpt>
   <trkpt lat="22.7191380" lon="120.3127320">
    <ele>19.9</ele>
    <time>2026-08-17T07:08:07Z</time>
   </trkpt>
   <trkpt lat="22.7191430" lon="120.3127330">
    <ele>19.9</ele>
    <time>2026-08-17T07:08:08Z</time>
   </trkpt>
   <trkpt lat="22.7191430" lon="120.3127330">
    <ele>19.9</ele>
    <time>2026-08-17T07:08:09Z</time>
   </trkpt>
   <trkpt lat="22.7191510" lon="120.3127250">
    <ele>19.9</ele>
    <time>2026-08-17T07:08:10Z</time>
   </trkpt>
   <trkpt lat="22.7191540" lon="120.3127230">
    <ele>19.9</ele>
    <time>2026-08-17T07:08:11Z</time>
   </trkpt>
   <trkpt lat="22.7191630" lon="120.3127220">
    <ele>19.9</ele>
    <time>2026-08-17T07:08:12Z</time>
   </trkpt>
   <trkpt lat="22.7191590" lon="120.3127170">
    <ele>19.9</ele>
    <time>2026-08-17T07:08:13Z</time>
   </trkpt>
   <trkpt lat="22.7191520" lon="120.3127050">
    <ele>19.9</ele>
    <time>2026-08-17T07:08:14Z</time>
   </trkpt>
   <trkpt lat="22.7191440" lon="120.3126900">
    <ele>19.9</ele>
    <time>2026-08-17T07:08:15Z</time>
   </trkpt>
   <trkpt lat="22.7191410" lon="120.3126740">
    <ele>19.9</ele>
    <time>2026-08-17T07:08:16Z</time>
   </trkpt>
   <trkpt lat="22.7191420" lon="120.3126600">
    <ele>19.9</ele>
    <time>2026-08-17T07:08:17Z</time>
   </trkpt>
   <trkpt lat="22.7191430" lon="120.3126570">
    <ele>19.9</ele>
    <time>2026-08-17T07:08:18Z</time>
   </trkpt>
   <trkpt lat="22.7191440" lon="120.3126510">
    <ele>19.9</ele>
    <time>2026-08-17T07:08:19Z</time>
   </trkpt>
   <trkpt lat="22.7191450" lon="120.3126450">
    <ele>19.9</ele>
    <time>2026-08-17T07:08:20Z</time>
   </trkpt>
   <trkpt lat="22.7191480" lon="120.3126530">
    <ele>19.9</ele>
    <time>2026-08-17T07:08:21Z</time>
   </trkpt>
   <trkpt lat="22.7191530" lon="120.3126540">
    <ele>19.9</ele>
    <time>2026-08-17T07:08:22Z</time>
   </trkpt>
   <trkpt lat="22.7191600" lon="120.3126560">
    <ele>19.9</ele>
    <time>2026-08-17T07:08:23Z</time>
   </trkpt>
   <trkpt lat="22.7191620" lon="120.3126620">
    <ele>19.9</ele>
    <time>2026-08-17T07:08:24Z</time>
   </trkpt>
   <trkpt lat="22.7191640" lon="120.3126650">
    <ele>19.9</ele>
    <time>2026-08-17T07:08:25Z</time>
   </trkpt>
   <trkpt lat="22.7191610" lon="120.3126660">
    <ele>19.9</ele>
    <time>2026-08-17T07:08:26Z</time>
   </trkpt>
   <trkpt lat="22.7191720" lon="120.3126810">
    <ele>19.9</ele>
    <time>2026-08-17T07:08:27Z</time>
   </trkpt>
   <trkpt lat="22.7191810" lon="120.3126910">
    <ele>19.9</ele>
    <time>2026-08-17T07:08:28Z</time>
   </trkpt>
   <trkpt lat="22.7191840" lon="120.3126920">
    <ele>19.9</ele>
    <time>2026-08-17T07:08:29Z</time>
   </trkpt>
   <trkpt lat="22.7191870" lon="120.3126920">
    <ele>19.9</ele>
    <time>2026-08-17T07:08:30Z</time>
   </trkpt>
   <trkpt lat="22.7191940" lon="120.3126820">
    <ele>19.9</ele>
    <time>2026-08-17T07:08:31Z</time>
   </trkpt>
   <trkpt lat="22.7192010" lon="120.3126830">
    <ele>19.9</ele>
    <time>2026-08-17T07:08:32Z</time>
   </trkpt>
   <trkpt lat="22.7191940" lon="120.3126870">
    <ele>19.9</ele>
    <time>2026-08-17T07:08:33Z</time>
   </trkpt>
   <trkpt lat="22.7191850" lon="120.3126870">
    <ele>19.9</ele>
    <time>2026-08-17T07:08:34Z</time>
   </trkpt>
   <trkpt lat="22.7191800" lon="120.3126890">
    <ele>19.9</ele>
    <time>2026-08-17T07:08:35Z</time>
   </trkpt>
   <trkpt lat="22.7191770" lon="120.3126830">
    <ele>19.9</ele>
    <time>2026-08-17T07:08:36Z</time>
   </trkpt>
   <trkpt lat="22.7191780" lon="120.3126790">
    <ele>19.9</ele>
    <time>2026-08-17T07:08:37Z</time>
   </trkpt>
   <trkpt lat="22.7191830" lon="120.3126730">
    <ele>19.9</ele>
    <time>2026-08-17T07:08:38Z</time>
   </trkpt>
   <trkpt lat="22.7191840" lon="120.3126700">
    <ele>19.9</ele>
    <time>2026-08-17T07:08:39Z</time>
   </trkpt>
   <trkpt lat="22.7191830" lon="120.3126690">
    <ele>19.9</ele>
    <time>2026-08-17T07:08:40Z</time>
   </trkpt>
   <trkpt lat="22.7191750" lon="120.3126700">
    <ele>19.9</ele>
    <time>2026-08-17T07:08:41Z</time>
   </trkpt>
   <trkpt lat="22.7191750" lon="120.3126690">
    <ele>19.9</ele>
    <time>2026-08-17T07:08:42Z</time>
   </trkpt>
   <trkpt lat="22.7191810" lon="120.3126730">
    <ele>19.9</ele>
    <time>2026-08-17T07:08:43Z</time>
   </trkpt>
   <trkpt lat="22.7191760" lon="120.3126720">
    <ele>19.9</ele>
    <time>2026-08-17T07:08:44Z</time>
   </trkpt>
   <trkpt lat="22.7191740" lon="120.3126790">
    <ele>19.9</ele>
    <time>2026-08-17T07:08:45Z</time>
   </trkpt>
   <trkpt lat="22.7191810" lon="120.3126830">
    <ele>19.9</ele>
    <time>2026-08-17T07:08:46Z</time>
   </trkpt>
   <trkpt lat="22.7191780" lon="120.3126650">
    <ele>19.9</ele>
    <time>2026-08-17T07:08:47Z</time>
   </trkpt>
   <trkpt lat="22.7191920" lon="120.3126650">
    <ele>19.9</ele>
    <time>2026-08-17T07:08:48Z</time>
   </trkpt>
   <trkpt lat="22.7191950" lon="120.3126630">
    <ele>19.9</ele>
    <time>2026-08-17T07:08:49Z</time>
   </trkpt>
   <trkpt lat="22.7192030" lon="120.3126710">
    <ele>19.9</ele>
    <time>2026-08-17T07:08:50Z</time>
   </trkpt>
   <trkpt lat="22.7192070" lon="120.3126820">
    <ele>19.9</ele>
    <time>2026-08-17T07:08:51Z</time>
   </trkpt>
   <trkpt lat="22.7192100" lon="120.3126880">
    <ele>19.9</ele>
    <time>2026-08-17T07:08:52Z</time>
   </trkpt>
   <trkpt lat="22.7192170" lon="120.3126850">
    <ele>19.9</ele>
    <time>2026-08-17T07:08:53Z</time>
   </trkpt>
   <trkpt lat="22.7192230" lon="120.3126780">
    <ele>19.9</ele>
    <time>2026-08-17T07:08:54Z</time>
   </trkpt>
   <trkpt lat="22.7192310" lon="120.3126760">
    <ele>19.9</ele>
    <time>2026-08-17T07:08:55Z</time>
   </trkpt>
   <trkpt lat="22.7192320" lon="120.3126740">
    <ele>19.9</ele>
    <time>2026-08-17T07:08:56Z</time>
   </trkpt>
   <trkpt lat="22.7192300" lon="120.3126810">
    <ele>19.9</ele>
    <time>2026-08-17T07:08:57Z</time>
   </trkpt>
   <trkpt lat="22.7192330" lon="120.3126780">
    <ele>19.9</ele>
    <time>2026-08-17T07:08:58Z</time>
   </trkpt>
   <trkpt lat="22.7192270" lon="120.3126690">
    <ele>19.9</ele>
    <time>2026-08-17T07:08:59Z</time>
   </trkpt>
   <trkpt lat="22.7192350" lon="120.3126680">
    <ele>19.9</ele>
    <time>2026-08-17T07:09:00Z</time>
   </trkpt>
   <trkpt lat="22.7192520" lon="120.3126660">
    <ele>19.9</ele>
    <time>2026-08-17T07:09:01Z</time>
   </trkpt>
   <trkpt lat="22.7192650" lon="120.3126660">
    <ele>19.9</ele>
    <time>2026-08-17T07:09:02Z</time>
   </trkpt>
   <trkpt lat="22.7192700" lon="120.3126790">
    <ele>19.9</ele>
    <time>2026-08-17T07:09:03Z</time>
   </trkpt>
   <trkpt lat="22.7192750" lon="120.3126830">
    <ele>19.9</ele>
    <time>2026-08-17T07:09:04Z</time>
   </trkpt>
   <trkpt lat="22.7192830" lon="120.3126880">
    <ele>19.9</ele>
    <time>2026-08-17T07:09:05Z</time>
   </trkpt>
   <trkpt lat="22.7192910" lon="120.3126980">
    <ele>19.9</ele>
    <time>2026-08-17T07:09:06Z</time>
   </trkpt>
   <trkpt lat="22.7193020" lon="120.3127010">
    <ele>19.9</ele>
    <time>2026-08-17T07:09:07Z</time>
   </trkpt>
   <trkpt lat="22.7193080" lon="120.3127020">
    <ele>19.9</ele>
    <time>2026-08-17T07:09:08Z</time>
   </trkpt>
   <trkpt lat="22.7193120" lon="120.3127010">
    <ele>19.9</ele>
    <time>2026-08-17T07:09:09Z</time>
   </trkpt>
   <trkpt lat="22.7193100" lon="120.3127060">
    <ele>19.9</ele>
    <time>2026-08-17T07:09:10Z</time>
   </trkpt>
   <trkpt lat="22.7193140" lon="120.3127130">
    <ele>19.9</ele>
    <time>2026-08-17T07:09:11Z</time>
   </trkpt>
   <trkpt lat="22.7193150" lon="120.3127140">
    <ele>19.9</ele>
    <time>2026-08-17T07:09:12Z</time>
   </trkpt>
   <trkpt lat="22.7193130" lon="120.3127100">
    <ele>19.9</ele>
    <time>2026-08-17T07:09:13Z</time>
   </trkpt>
   <trkpt lat="22.7193100" lon="120.3127090">
    <ele>19.9</ele>
    <time>2026-08-17T07:09:14Z</time>
   </trkpt>
   <trkpt lat="22.7193180" lon="120.3127080">
    <ele>19.9</ele>
    <time>2026-08-17T07:09:15Z</time>
   </trkpt>
   <trkpt lat="22.7193240" lon="120.3127110">
    <ele>19.9</ele>
    <time>2026-08-17T07:09:16Z</time>
   </trkpt>
   <trkpt lat="22.7193420" lon="120.3127120">
    <ele>19.9</ele>
    <time>2026-08-17T07:09:17Z</time>
   </trkpt>
   <trkpt lat="22.7193570" lon="120.3127240">
    <ele>19.9</ele>
    <time>2026-08-17T07:09:18Z</time>
   </trkpt>
   <trkpt lat="22.7193650" lon="120.3127280">
    <ele>19.9</ele>
    <time>2026-08-17T07:09:19Z</time>
   </trkpt>
   <trkpt lat="22.7193470" lon="120.3127320">
    <ele>19.9</ele>
    <time>2026-08-17T07:09:20Z</time>
   </trkpt>
   <trkpt lat="22.7193570" lon="120.3127450">
    <ele>19.9</ele>
    <time>2026-08-17T07:09:21Z</time>
   </trkpt>
   <trkpt lat="22.7193660" lon="120.3127480">
    <ele>19.9</ele>
    <time>2026-08-17T07:09:22Z</time>
   </trkpt>
   <trkpt lat="22.7193770" lon="120.3127480">
    <ele>19.9</ele>
    <time>2026-08-17T07:09:23Z</time>
   </trkpt>
   <trkpt lat="22.7193770" lon="120.3127500">
    <ele>19.9</ele>
    <time>2026-08-17T07:09:24Z</time>
   </trkpt>
   <trkpt lat="22.7193810" lon="120.3127450">
    <ele>19.9</ele>
    <time>2026-08-17T07:09:25Z</time>
   </trkpt>
   <trkpt lat="22.7193770" lon="120.3127530">
    <ele>19.9</ele>
    <time>2026-08-17T07:09:26Z</time>
   </trkpt>
   <trkpt lat="22.7193780" lon="120.3127570">
    <ele>19.9</ele>
    <time>2026-08-17T07:09:27Z</time>
   </trkpt>
   <trkpt lat="22.7193770" lon="120.3127570">
    <ele>19.9</ele>
    <time>2026-08-17T07:09:28Z</time>
   </trkpt>
   <trkpt lat="22.7193770" lon="120.3127570">
    <ele>19.9</ele>
    <time>2026-08-17T07:09:29Z</time>
   </trkpt>
   <trkpt lat="22.7193740" lon="120.3127450">
    <ele>19.9</ele>
    <time>2026-08-17T07:09:30Z</time>
   </trkpt>
   <trkpt lat="22.7193740" lon="120.3127440">
    <ele>19.9</ele>
    <time>2026-08-17T07:09:31Z</time>
   </trkpt>
   <trkpt lat="22.7193750" lon="120.3127490">
    <ele>19.9</ele>
    <time>2026-08-17T07:09:32Z</time>
   </trkpt>
   <trkpt lat="22.7193710" lon="120.3127450">
    <ele>19.9</ele>
    <time>2026-08-17T07:09:33Z</time>
   </trkpt>
   <trkpt lat="22.7193740" lon="120.3127400">
    <ele>19.9</ele>
    <time>2026-08-17T07:09:34Z</time>
   </trkpt>
   <trkpt lat="22.7193740" lon="120.3127410">
    <ele>19.9</ele>
    <time>2026-08-17T07:09:35Z</time>
   </trkpt>
   <trkpt lat="22.7193720" lon="120.3127390">
    <ele>19.9</ele>
    <time>2026-08-17T07:09:36Z</time>
   </trkpt>
   <trkpt lat="22.7193640" lon="120.3127370">
    <ele>19.9</ele>
    <time>2026-08-17T07:09:37Z</time>
   </trkpt>
   <trkpt lat="22.7193570" lon="120.3127450">
    <ele>19.9</ele>
    <time>2026-08-17T07:09:38Z</time>
   </trkpt>
   <trkpt lat="22.7193550" lon="120.3127440">
    <ele>19.9</ele>
    <time>2026-08-17T07:09:39Z</time>
   </trkpt>
   <trkpt lat="22.7193460" lon="120.3127390">
    <ele>19.9</ele>
    <time>2026-08-17T07:09:40Z</time>
   </trkpt>
   <trkpt lat="22.7193350" lon="120.3127340">
    <ele>19.9</ele>
    <time>2026-08-17T07:09:41Z</time>
   </trkpt>
   <trkpt lat="22.7193310" lon="120.3127360">
    <ele>19.9</ele>
    <time>2026-08-17T07:09:42Z</time>
   </trkpt>
   <trkpt lat="22.7193260" lon="120.3127370">
    <ele>19.9</ele>
    <time>2026-08-17T07:09:43Z</time>
   </trkpt>
   <trkpt lat="22.7193230" lon="120.3127370">
    <ele>19.9</ele>
    <time>2026-08-17T07:09:44Z</time>
   </trkpt>
   <trkpt lat="22.7193210" lon="120.3127370">
    <ele>19.9</ele>
    <time>2026-08-17T07:09:45Z</time>
   </trkpt>
   <trkpt lat="22.7193210" lon="120.3127370">
    <ele>19.9</ele>
    <time>2026-08-17T07:09:46Z</time>
   </trkpt>
   <trkpt lat="22.7193210" lon="120.3127370">
    <ele>19.9</ele>
    <time>2026-08-17T07:09:47Z</time>
   </trkpt>
   <trkpt lat="22.7193250" lon="120.3127380">
    <ele>19.9</ele>
    <time>2026-08-17T07:09:48Z</time>
   </trkpt>
   <trkpt lat="22.7193310" lon="120.3127430">
    <ele>19.9</ele>
    <time>2026-08-17T07:09:49Z</time>
   </trkpt>
   <trkpt lat="22.7192950" lon="120.3127620">
    <ele>19.9</ele>
    <time>2026-08-17T07:09:50Z</time>
   </trkpt>
   <trkpt lat="22.7192860" lon="120.3127820">
    <ele>19.9</ele>
    <time>2026-08-17T07:09:51Z</time>
   </trkpt>
   <trkpt lat="22.7192830" lon="120.3127830">
    <ele>19.9</ele>
    <time>2026-08-17T07:09:52Z</time>
   </trkpt>
   <trkpt lat="22.7192800" lon="120.3127970">
    <ele>19.9</ele>
    <time>2026-08-17T07:09:53Z</time>
   </trkpt>
   <trkpt lat="22.7192670" lon="120.3127890">
    <ele>19.9</ele>
    <time>2026-08-17T07:09:54Z</time>
   </trkpt>
   <trkpt lat="22.7192670" lon="120.3127700">
    <ele>19.9</ele>
    <time>2026-08-17T07:09:55Z</time>
   </trkpt>
   <trkpt lat="22.7192530" lon="120.3127590">
    <ele>19.9</ele>
    <time>2026-08-17T07:09:56Z</time>
   </trkpt>
   <trkpt lat="22.7192370" lon="120.3127530">
    <ele>19.9</ele>
    <time>2026-08-17T07:09:57Z</time>
   </trkpt>
   <trkpt lat="22.7192270" lon="120.3127500">
    <ele>19.9</ele>
    <time>2026-08-17T07:09:58Z</time>
   </trkpt>
   <trkpt lat="22.7192210" lon="120.3127370">
    <ele>19.9</ele>
    <time>2026-08-17T07:09:59Z</time>
   </trkpt>
   <trkpt lat="22.7192170" lon="120.3127220">
    <ele>19.9</ele>
    <time>2026-08-17T07:10:00Z</time>
   </trkpt>
   <trkpt lat="22.7192080" lon="120.3127190">
    <ele>19.9</ele>
    <time>2026-08-17T07:10:01Z</time>
   </trkpt>
   <trkpt lat="22.7192010" lon="120.3127150">
    <ele>19.9</ele>
    <time>2026-08-17T07:10:02Z</time>
   </trkpt>
   <trkpt lat="22.7191920" lon="120.3127020">
    <ele>20.0</ele>
    <time>2026-08-17T07:10:03Z</time>
   </trkpt>
   <trkpt lat="22.7191830" lon="120.3127030">
    <ele>20.0</ele>
    <time>2026-08-17T07:10:04Z</time>
   </trkpt>
   <trkpt lat="22.7191770" lon="120.3127080">
    <ele>20.0</ele>
    <time>2026-08-17T07:10:05Z</time>
   </trkpt>
   <trkpt lat="22.7191530" lon="120.3126900">
    <ele>20.0</ele>
    <time>2026-08-17T07:10:06Z</time>
   </trkpt>
   <trkpt lat="22.7191350" lon="120.3126890">
    <ele>20.0</ele>
    <time>2026-08-17T07:10:07Z</time>
   </trkpt>
   <trkpt lat="22.7191430" lon="120.3126960">
    <ele>20.0</ele>
    <time>2026-08-17T07:10:08Z</time>
   </trkpt>
   <trkpt lat="22.7191560" lon="120.3127260">
    <ele>20.0</ele>
    <time>2026-08-17T07:10:09Z</time>
   </trkpt>
   <trkpt lat="22.7191580" lon="120.3127360">
    <ele>20.0</ele>
    <time>2026-08-17T07:10:10Z</time>
   </trkpt>
   <trkpt lat="22.7191660" lon="120.3127390">
    <ele>20.0</ele>
    <time>2026-08-17T07:10:11Z</time>
   </trkpt>
   <trkpt lat="22.7191570" lon="120.3127310">
    <ele>20.0</ele>
    <time>2026-08-17T07:10:12Z</time>
   </trkpt>
   <trkpt lat="22.7191680" lon="120.3127050">
    <ele>20.0</ele>
    <time>2026-08-17T07:10:13Z</time>
   </trkpt>
   <trkpt lat="22.7191760" lon="120.3126920">
    <ele>20.0</ele>
    <time>2026-08-17T07:10:14Z</time>
   </trkpt>
   <trkpt lat="22.7191740" lon="120.3126920">
    <ele>20.0</ele>
    <time>2026-08-17T07:10:15Z</time>
   </trkpt>
   <trkpt lat="22.7191720" lon="120.3126950">
    <ele>20.0</ele>
    <time>2026-08-17T07:10:16Z</time>
   </trkpt>
   <trkpt lat="22.7191680" lon="120.3126920">
    <ele>20.0</ele>
    <time>2026-08-17T07:10:17Z</time>
   </trkpt>
   <trkpt lat="22.7191680" lon="120.3126920">
    <ele>20.0</ele>
    <time>2026-08-17T07:10:18Z</time>
   </trkpt>
   <trkpt lat="22.7191670" lon="120.3127010">
    <ele>20.0</ele>
    <time>2026-08-17T07:10:19Z</time>
   </trkpt>
   <trkpt lat="22.7191640" lon="120.3127130">
    <ele>20.1</ele>
    <time>2026-08-17T07:10:20Z</time>
   </trkpt>
   <trkpt lat="22.7191600" lon="120.3127230">
    <ele>20.1</ele>
    <time>2026-08-17T07:10:21Z</time>
   </trkpt>
   <trkpt lat="22.7191550" lon="120.3127390">
    <ele>20.1</ele>
    <time>2026-08-17T07:10:22Z</time>
   </trkpt>
   <trkpt lat="22.7191730" lon="120.3127570">
    <ele>20.1</ele>
    <time>2026-08-17T07:10:23Z</time>
   </trkpt>
   <trkpt lat="22.7191630" lon="120.3127350">
    <ele>20.1</ele>
    <time>2026-08-17T07:10:24Z</time>
   </trkpt>
   <trkpt lat="22.7191480" lon="120.3127190">
    <ele>20.1</ele>
    <time>2026-08-17T07:10:25Z</time>
   </trkpt>
   <trkpt lat="22.7191460" lon="120.3127190">
    <ele>20.1</ele>
    <time>2026-08-17T07:10:26Z</time>
   </trkpt>
   <trkpt lat="22.7191360" lon="120.3126960">
    <ele>20.1</ele>
    <time>2026-08-17T07:10:27Z</time>
   </trkpt>
   <trkpt lat="22.7191200" lon="120.3126760">
    <ele>20.1</ele>
    <time>2026-08-17T07:10:28Z</time>
   </trkpt>
   <trkpt lat="22.7191150" lon="120.3126680">
    <ele>20.1</ele>
    <time>2026-08-17T07:10:29Z</time>
   </trkpt>
   <trkpt lat="22.7191190" lon="120.3126640">
    <ele>20.1</ele>
    <time>2026-08-17T07:10:30Z</time>
   </trkpt>
   <trkpt lat="22.7191290" lon="120.3126580">
    <ele>20.2</ele>
    <time>2026-08-17T07:10:31Z</time>
   </trkpt>
   <trkpt lat="22.7191360" lon="120.3126520">
    <ele>20.2</ele>
    <time>2026-08-17T07:10:32Z</time>
   </trkpt>
   <trkpt lat="22.7191390" lon="120.3126560">
    <ele>20.2</ele>
    <time>2026-08-17T07:10:33Z</time>
   </trkpt>
   <trkpt lat="22.7191420" lon="120.3126550">
    <ele>20.2</ele>
    <time>2026-08-17T07:10:34Z</time>
   </trkpt>
   <trkpt lat="22.7191420" lon="120.3126550">
    <ele>20.2</ele>
    <time>2026-08-17T07:10:35Z</time>
   </trkpt>
   <trkpt lat="22.7191430" lon="120.3126460">
    <ele>20.2</ele>
    <time>2026-08-17T07:10:36Z</time>
   </trkpt>
   <trkpt lat="22.7191450" lon="120.3126420">
    <ele>20.2</ele>
    <time>2026-08-17T07:10:37Z</time>
   </trkpt>
   <trkpt lat="22.7191440" lon="120.3126400">
    <ele>20.2</ele>
    <time>2026-08-17T07:10:38Z</time>
   </trkpt>
   <trkpt lat="22.7191470" lon="120.3126390">
    <ele>20.2</ele>
    <time>2026-08-17T07:10:39Z</time>
   </trkpt>
   <trkpt lat="22.7191480" lon="120.3126360">
    <ele>20.2</ele>
    <time>2026-08-17T07:10:40Z</time>
   </trkpt>
   <trkpt lat="22.7191510" lon="120.3126350">
    <ele>20.2</ele>
    <time>2026-08-17T07:10:41Z</time>
   </trkpt>
   <trkpt lat="22.7191570" lon="120.3126350">
    <ele>20.2</ele>
    <time>2026-08-17T07:10:42Z</time>
   </trkpt>
   <trkpt lat="22.7191580" lon="120.3126340">
    <ele>20.2</ele>
    <time>2026-08-17T07:10:43Z</time>
   </trkpt>
   <trkpt lat="22.7191630" lon="120.3126320">
    <ele>20.2</ele>
    <time>2026-08-17T07:10:44Z</time>
   </trkpt>
   <trkpt lat="22.7191720" lon="120.3126270">
    <ele>20.2</ele>
    <time>2026-08-17T07:10:45Z</time>
   </trkpt>
   <trkpt lat="22.7191790" lon="120.3126170">
    <ele>20.2</ele>
    <time>2026-08-17T07:10:46Z</time>
   </trkpt>
   <trkpt lat="22.7191810" lon="120.3126130">
    <ele>20.2</ele>
    <time>2026-08-17T07:10:47Z</time>
   </trkpt>
   <trkpt lat="22.7191800" lon="120.3126080">
    <ele>20.2</ele>
    <time>2026-08-17T07:10:48Z</time>
   </trkpt>
   <trkpt lat="22.7191800" lon="120.3126060">
    <ele>20.2</ele>
    <time>2026-08-17T07:10:49Z</time>
   </trkpt>
   <trkpt lat="22.7191840" lon="120.3126110">
    <ele>20.2</ele>
    <time>2026-08-17T07:10:50Z</time>
   </trkpt>
   <trkpt lat="22.7191850" lon="120.3126110">
    <ele>20.2</ele>
    <time>2026-08-17T07:10:51Z</time>
   </trkpt>
   <trkpt lat="22.7191850" lon="120.3126110">
    <ele>20.2</ele>
    <time>2026-08-17T07:10:52Z</time>
   </trkpt>
   <trkpt lat="22.7191850" lon="120.3126110">
    <ele>20.2</ele>
    <time>2026-08-17T07:10:53Z</time>
   </trkpt>
   <trkpt lat="22.7191910" lon="120.3126080">
    <ele>20.2</ele>
    <time>2026-08-17T07:10:54Z</time>
   </trkpt>
   <trkpt lat="22.7191950" lon="120.3126070">
    <ele>20.2</ele>
    <time>2026-08-17T07:10:55Z</time>
   </trkpt>
   <trkpt lat="22.7191970" lon="120.3126070">
    <ele>20.2</ele>
    <time>2026-08-17T07:10:56Z</time>
   </trkpt>
   <trkpt lat="22.7191980" lon="120.3126080">
    <ele>20.2</ele>
    <time>2026-08-17T07:10:57Z</time>
   </trkpt>
   <trkpt lat="22.7191990" lon="120.3126060">
    <ele>20.2</ele>
    <time>2026-08-17T07:10:58Z</time>
   </trkpt>
   <trkpt lat="22.7191970" lon="120.3125970">
    <ele>20.2</ele>
    <time>2026-08-17T07:10:59Z</time>
   </trkpt>
   <trkpt lat="22.7192050" lon="120.3125920">
    <ele>20.2</ele>
    <time>2026-08-17T07:11:00Z</time>
   </trkpt>
   <trkpt lat="22.7192130" lon="120.3125930">
    <ele>20.2</ele>
    <time>2026-08-17T07:11:01Z</time>
   </trkpt>
   <trkpt lat="22.7192150" lon="120.3125830">
    <ele>20.2</ele>
    <time>2026-08-17T07:11:02Z</time>
   </trkpt>
   <trkpt lat="22.7192140" lon="120.3125710">
    <ele>20.2</ele>
    <time>2026-08-17T07:11:03Z</time>
   </trkpt>
   <trkpt lat="22.7192130" lon="120.3125560">
    <ele>20.2</ele>
    <time>2026-08-17T07:11:04Z</time>
   </trkpt>
   <trkpt lat="22.7192110" lon="120.3125440">
    <ele>20.3</ele>
    <time>2026-08-17T07:11:05Z</time>
   </trkpt>
   <trkpt lat="22.7192050" lon="120.3125280">
    <ele>20.3</ele>
    <time>2026-08-17T07:11:06Z</time>
   </trkpt>
   <trkpt lat="22.7192070" lon="120.3125120">
    <ele>20.3</ele>
    <time>2026-08-17T07:11:07Z</time>
   </trkpt>
   <trkpt lat="22.7192150" lon="120.3125000">
    <ele>20.3</ele>
    <time>2026-08-17T07:11:08Z</time>
   </trkpt>
   <trkpt lat="22.7192220" lon="120.3124890">
    <ele>20.3</ele>
    <time>2026-08-17T07:11:09Z</time>
   </trkpt>
   <trkpt lat="22.7192250" lon="120.3124810">
    <ele>20.3</ele>
    <time>2026-08-17T07:11:10Z</time>
   </trkpt>
   <trkpt lat="22.7192320" lon="120.3124830">
    <ele>20.3</ele>
    <time>2026-08-17T07:11:11Z</time>
   </trkpt>
   <trkpt lat="22.7192420" lon="120.3124810">
    <ele>20.3</ele>
    <time>2026-08-17T07:11:12Z</time>
   </trkpt>
   <trkpt lat="22.7192500" lon="120.3124800">
    <ele>20.3</ele>
    <time>2026-08-17T07:11:13Z</time>
   </trkpt>
   <trkpt lat="22.7192530" lon="120.3124790">
    <ele>20.3</ele>
    <time>2026-08-17T07:11:14Z</time>
   </trkpt>
   <trkpt lat="22.7192620" lon="120.3124840">
    <ele>20.3</ele>
    <time>2026-08-17T07:11:15Z</time>
   </trkpt>
   <trkpt lat="22.7192750" lon="120.3124850">
    <ele>20.4</ele>
    <time>2026-08-17T07:11:16Z</time>
   </trkpt>
   <trkpt lat="22.7192820" lon="120.3124870">
    <ele>20.5</ele>
    <time>2026-08-17T07:11:17Z</time>
   </trkpt>
   <trkpt lat="22.7192930" lon="120.3124930">
    <ele>20.6</ele>
    <time>2026-08-17T07:11:18Z</time>
   </trkpt>
   <trkpt lat="22.7193030" lon="120.3125030">
    <ele>20.8</ele>
    <time>2026-08-17T07:11:19Z</time>
   </trkpt>
   <trkpt lat="22.7193100" lon="120.3125140">
    <ele>20.9</ele>
    <time>2026-08-17T07:11:20Z</time>
   </trkpt>
   <trkpt lat="22.7193210" lon="120.3125180">
    <ele>21.1</ele>
    <time>2026-08-17T07:11:21Z</time>
   </trkpt>
   <trkpt lat="22.7193290" lon="120.3125170">
    <ele>21.2</ele>
    <time>2026-08-17T07:11:22Z</time>
   </trkpt>
   <trkpt lat="22.7193360" lon="120.3125180">
    <ele>21.2</ele>
    <time>2026-08-17T07:11:23Z</time>
   </trkpt>
   <trkpt lat="22.7193430" lon="120.3125180">
    <ele>21.3</ele>
    <time>2026-08-17T07:11:24Z</time>
   </trkpt>
   <trkpt lat="22.7193520" lon="120.3125180">
    <ele>21.4</ele>
    <time>2026-08-17T07:11:25Z</time>
   </trkpt>
   <trkpt lat="22.7193620" lon="120.3125180">
    <ele>21.5</ele>
    <time>2026-08-17T07:11:26Z</time>
   </trkpt>
   <trkpt lat="22.7193500" lon="120.3125150">
    <ele>21.5</ele>
    <time>2026-08-17T07:11:27Z</time>
   </trkpt>
   <trkpt lat="22.7193400" lon="120.3125040">
    <ele>21.5</ele>
    <time>2026-08-17T07:11:28Z</time>
   </trkpt>
   <trkpt lat="22.7193310" lon="120.3124990">
    <ele>21.5</ele>
    <time>2026-08-17T07:11:29Z</time>
   </trkpt>
   <trkpt lat="22.7193220" lon="120.3125020">
    <ele>21.5</ele>
    <time>2026-08-17T07:11:30Z</time>
   </trkpt>
   <trkpt lat="22.7193160" lon="120.3125000">
    <ele>21.5</ele>
    <time>2026-08-17T07:11:31Z</time>
   </trkpt>
   <trkpt lat="22.7193140" lon="120.3124990">
    <ele>21.5</ele>
    <time>2026-08-17T07:11:32Z</time>
   </trkpt>
   <trkpt lat="22.7193080" lon="120.3124980">
    <ele>21.5</ele>
    <time>2026-08-17T07:11:33Z</time>
   </trkpt>
   <trkpt lat="22.7193020" lon="120.3125030">
    <ele>21.5</ele>
    <time>2026-08-17T07:11:34Z</time>
   </trkpt>
   <trkpt lat="22.7192930" lon="120.3125030">
    <ele>21.5</ele>
    <time>2026-08-17T07:11:35Z</time>
   </trkpt>
   <trkpt lat="22.7192920" lon="120.3124940">
    <ele>21.5</ele>
    <time>2026-08-17T07:11:36Z</time>
   </trkpt>
   <trkpt lat="22.7192900" lon="120.3124790">
    <ele>21.4</ele>
    <time>2026-08-17T07:11:37Z</time>
   </trkpt>
   <trkpt lat="22.7192930" lon="120.3124650">
    <ele>21.4</ele>
    <time>2026-08-17T07:11:38Z</time>
   </trkpt>
   <trkpt lat="22.7192940" lon="120.3124500">
    <ele>21.4</ele>
    <time>2026-08-17T07:11:39Z</time>
   </trkpt>
   <trkpt lat="22.7192950" lon="120.3124310">
    <ele>21.4</ele>
    <time>2026-08-17T07:11:40Z</time>
   </trkpt>
   <trkpt lat="22.7192970" lon="120.3124150">
    <ele>21.4</ele>
    <time>2026-08-17T07:11:41Z</time>
   </trkpt>
   <trkpt lat="22.7193010" lon="120.3124000">
    <ele>21.4</ele>
    <time>2026-08-17T07:11:43Z</time>
   </trkpt>
   <trkpt lat="22.7193080" lon="120.3123850">
    <ele>21.4</ele>
    <time>2026-08-17T07:11:44Z</time>
   </trkpt>
   <trkpt lat="22.7193120" lon="120.3123550">
    <ele>21.3</ele>
    <time>2026-08-17T07:11:45Z</time>
   </trkpt>
   <trkpt lat="22.7193160" lon="120.3123360">
    <ele>21.3</ele>
    <time>2026-08-17T07:11:46Z</time>
   </trkpt>
   <trkpt lat="22.7193170" lon="120.3123220">
    <ele>21.3</ele>
    <time>2026-08-17T07:11:47Z</time>
   </trkpt>
   <trkpt lat="22.7193170" lon="120.3123100">
    <ele>21.3</ele>
    <time>2026-08-17T07:11:48Z</time>
   </trkpt>
   <trkpt lat="22.7193180" lon="120.3122980">
    <ele>21.3</ele>
    <time>2026-08-17T07:11:49Z</time>
   </trkpt>
   <trkpt lat="22.7193230" lon="120.3122830">
    <ele>21.3</ele>
    <time>2026-08-17T07:11:50Z</time>
   </trkpt>
   <trkpt lat="22.7193260" lon="120.3122700">
    <ele>21.3</ele>
    <time>2026-08-17T07:11:51Z</time>
   </trkpt>
   <trkpt lat="22.7193370" lon="120.3122650">
    <ele>21.3</ele>
    <time>2026-08-17T07:11:52Z</time>
   </trkpt>
   <trkpt lat="22.7193450" lon="120.3122540">
    <ele>21.2</ele>
    <time>2026-08-17T07:11:53Z</time>
   </trkpt>
   <trkpt lat="22.7193460" lon="120.3122440">
    <ele>21.2</ele>
    <time>2026-08-17T07:11:54Z</time>
   </trkpt>
   <trkpt lat="22.7193490" lon="120.3122390">
    <ele>21.2</ele>
    <time>2026-08-17T07:11:55Z</time>
   </trkpt>
   <trkpt lat="22.7193540" lon="120.3122270">
    <ele>21.2</ele>
    <time>2026-08-17T07:11:56Z</time>
   </trkpt>
   <trkpt lat="22.7193520" lon="120.3122260">
    <ele>21.2</ele>
    <time>2026-08-17T07:11:57Z</time>
   </trkpt>
   <trkpt lat="22.7193590" lon="120.3122250">
    <ele>21.2</ele>
    <time>2026-08-17T07:11:58Z</time>
   </trkpt>
   <trkpt lat="22.7193600" lon="120.3122210">
    <ele>21.2</ele>
    <time>2026-08-17T07:11:59Z</time>
   </trkpt>
   <trkpt lat="22.7193560" lon="120.3122190">
    <ele>21.2</ele>
    <time>2026-08-17T07:12:00Z</time>
   </trkpt>
   <trkpt lat="22.7193560" lon="120.3122190">
    <ele>21.2</ele>
    <time>2026-08-17T07:12:01Z</time>
   </trkpt>
   <trkpt lat="22.7193550" lon="120.3122150">
    <ele>21.2</ele>
    <time>2026-08-17T07:12:02Z</time>
   </trkpt>
   <trkpt lat="22.7193550" lon="120.3122150">
    <ele>21.2</ele>
    <time>2026-08-17T07:12:03Z</time>
   </trkpt>
   <trkpt lat="22.7193570" lon="120.3122150">
    <ele>21.2</ele>
    <time>2026-08-17T07:12:04Z</time>
   </trkpt>
   <trkpt lat="22.7193610" lon="120.3122240">
    <ele>21.2</ele>
    <time>2026-08-17T07:12:05Z</time>
   </trkpt>
   <trkpt lat="22.7193610" lon="120.3122190">
    <ele>21.2</ele>
    <time>2026-08-17T07:12:06Z</time>
   </trkpt>
   <trkpt lat="22.7193600" lon="120.3122160">
    <ele>21.2</ele>
    <time>2026-08-17T07:12:07Z</time>
   </trkpt>
   <trkpt lat="22.7193610" lon="120.3122160">
    <ele>21.2</ele>
    <time>2026-08-17T07:12:08Z</time>
   </trkpt>
   <trkpt lat="22.7193610" lon="120.3122190">
    <ele>21.2</ele>
    <time>2026-08-17T07:12:09Z</time>
   </trkpt>
   <trkpt lat="22.7193610" lon="120.3122240">
    <ele>21.2</ele>
    <time>2026-08-17T07:12:10Z</time>
   </trkpt>
   <trkpt lat="22.7193580" lon="120.3122320">
    <ele>21.2</ele>
    <time>2026-08-17T07:12:11Z</time>
   </trkpt>
   <trkpt lat="22.7193580" lon="120.3122410">
    <ele>21.2</ele>
    <time>2026-08-17T07:12:12Z</time>
   </trkpt>
   <trkpt lat="22.7193500" lon="120.3122480">
    <ele>21.2</ele>
    <time>2026-08-17T07:12:13Z</time>
   </trkpt>
   <trkpt lat="22.7193440" lon="120.3122480">
    <ele>21.2</ele>
    <time>2026-08-17T07:12:14Z</time>
   </trkpt>
   <trkpt lat="22.7193360" lon="120.3122520">
    <ele>21.3</ele>
    <time>2026-08-17T07:12:15Z</time>
   </trkpt>
   <trkpt lat="22.7193290" lon="120.3122630">
    <ele>21.3</ele>
    <time>2026-08-17T07:12:16Z</time>
   </trkpt>
   <trkpt lat="22.7193270" lon="120.3122730">
    <ele>21.3</ele>
    <time>2026-08-17T07:12:17Z</time>
   </trkpt>
   <trkpt lat="22.7193180" lon="120.3122870">
    <ele>21.3</ele>
    <time>2026-08-17T07:12:18Z</time>
   </trkpt>
   <trkpt lat="22.7193140" lon="120.3122900">
    <ele>21.3</ele>
    <time>2026-08-17T07:12:19Z</time>
   </trkpt>
   <trkpt lat="22.7193120" lon="120.3123020">
    <ele>21.3</ele>
    <time>2026-08-17T07:12:20Z</time>
   </trkpt>
   <trkpt lat="22.7193090" lon="120.3123170">
    <ele>21.4</ele>
    <time>2026-08-17T07:12:21Z</time>
   </trkpt>
   <trkpt lat="22.7193050" lon="120.3123310">
    <ele>21.4</ele>
    <time>2026-08-17T07:12:22Z</time>
   </trkpt>
   <trkpt lat="22.7193070" lon="120.3123490">
    <ele>21.4</ele>
    <time>2026-08-17T07:12:23Z</time>
   </trkpt>
   <trkpt lat="22.7193020" lon="120.3123660">
    <ele>21.4</ele>
    <time>2026-08-17T07:12:24Z</time>
   </trkpt>
   <trkpt lat="22.7192950" lon="120.3123840">
    <ele>21.4</ele>
    <time>2026-08-17T07:12:25Z</time>
   </trkpt>
   <trkpt lat="22.7192890" lon="120.3124020">
    <ele>21.5</ele>
    <time>2026-08-17T07:12:26Z</time>
   </trkpt>
   <trkpt lat="22.7192800" lon="120.3124190">
    <ele>21.5</ele>
    <time>2026-08-17T07:12:27Z</time>
   </trkpt>
   <trkpt lat="22.7192720" lon="120.3124320">
    <ele>21.5</ele>
    <time>2026-08-17T07:12:28Z</time>
   </trkpt>
   <trkpt lat="22.7192650" lon="120.3124450">
    <ele>21.5</ele>
    <time>2026-08-17T07:12:29Z</time>
   </trkpt>
   <trkpt lat="22.7192540" lon="120.3124530">
    <ele>21.4</ele>
    <time>2026-08-17T07:12:30Z</time>
   </trkpt>
   <trkpt lat="22.7192420" lon="120.3124590">
    <ele>21.2</ele>
    <time>2026-08-17T07:12:31Z</time>
   </trkpt>
   <trkpt lat="22.7192260" lon="120.3124570">
    <ele>21.0</ele>
    <time>2026-08-17T07:12:32Z</time>
   </trkpt>
   <trkpt lat="22.7192160" lon="120.3124570">
    <ele>20.9</ele>
    <time>2026-08-17T07:12:33Z</time>
   </trkpt>
   <trkpt lat="22.7192020" lon="120.3124600">
    <ele>20.7</ele>
    <time>2026-08-17T07:12:34Z</time>
   </trkpt>
   <trkpt lat="22.7191950" lon="120.3124650">
    <ele>20.6</ele>
    <time>2026-08-17T07:12:35Z</time>
   </trkpt>
   <trkpt lat="22.7191890" lon="120.3124710">
    <ele>20.5</ele>
    <time>2026-08-17T07:12:36Z</time>
   </trkpt>
   <trkpt lat="22.7191800" lon="120.3124700">
    <ele>20.3</ele>
    <time>2026-08-17T07:12:37Z</time>
   </trkpt>
   <trkpt lat="22.7191700" lon="120.3124690">
    <ele>20.3</ele>
    <time>2026-08-17T07:12:38Z</time>
   </trkpt>
   <trkpt lat="22.7191640" lon="120.3124600">
    <ele>20.3</ele>
    <time>2026-08-17T07:12:39Z</time>
   </trkpt>
   <trkpt lat="22.7191580" lon="120.3124560">
    <ele>20.3</ele>
    <time>2026-08-17T07:12:40Z</time>
   </trkpt>
   <trkpt lat="22.7191500" lon="120.3124490">
    <ele>20.2</ele>
    <time>2026-08-17T07:12:41Z</time>
   </trkpt>
   <trkpt lat="22.7191430" lon="120.3124460">
    <ele>20.2</ele>
    <time>2026-08-17T07:12:42Z</time>
   </trkpt>
   <trkpt lat="22.7191350" lon="120.3124400">
    <ele>20.2</ele>
    <time>2026-08-17T07:12:43Z</time>
   </trkpt>
   <trkpt lat="22.7191360" lon="120.3124340">
    <ele>20.2</ele>
    <time>2026-08-17T07:12:44Z</time>
   </trkpt>
   <trkpt lat="22.7191410" lon="120.3124250">
    <ele>20.1</ele>
    <time>2026-08-17T07:12:45Z</time>
   </trkpt>
   <trkpt lat="22.7191470" lon="120.3124120">
    <ele>20.1</ele>
    <time>2026-08-17T07:12:46Z</time>
   </trkpt>
   <trkpt lat="22.7191490" lon="120.3124120">
    <ele>20.1</ele>
    <time>2026-08-17T07:12:47Z</time>
   </trkpt>
   <trkpt lat="22.7191470" lon="120.3124120">
    <ele>20.1</ele>
    <time>2026-08-17T07:12:48Z</time>
   </trkpt>
   <trkpt lat="22.7191410" lon="120.3124120">
    <ele>20.1</ele>
    <time>2026-08-17T07:12:49Z</time>
   </trkpt>
   <trkpt lat="22.7191410" lon="120.3124100">
    <ele>20.1</ele>
    <time>2026-08-17T07:12:50Z</time>
   </trkpt>
   <trkpt lat="22.7191350" lon="120.3124080">
    <ele>20.0</ele>
    <time>2026-08-17T07:12:51Z</time>
   </trkpt>
   <trkpt lat="22.7191380" lon="120.3124100">
    <ele>20.0</ele>
    <time>2026-08-17T07:12:52Z</time>
   </trkpt>
   <trkpt lat="22.7191360" lon="120.3124100">
    <ele>20.0</ele>
    <time>2026-08-17T07:12:53Z</time>
   </trkpt>
   <trkpt lat="22.7191360" lon="120.3124100">
    <ele>20.0</ele>
    <time>2026-08-17T07:12:54Z</time>
   </trkpt>
   <trkpt lat="22.7191360" lon="120.3124100">
    <ele>20.0</ele>
    <time>2026-08-17T07:12:55Z</time>
   </trkpt>
   <trkpt lat="22.7191330" lon="120.3124130">
    <ele>20.0</ele>
    <time>2026-08-17T07:12:56Z</time>
   </trkpt>
   <trkpt lat="22.7191330" lon="120.3124160">
    <ele>20.0</ele>
    <time>2026-08-17T07:12:57Z</time>
   </trkpt>
   <trkpt lat="22.7191330" lon="120.3124140">
    <ele>20.0</ele>
    <time>2026-08-17T07:12:58Z</time>
   </trkpt>
   <trkpt lat="22.7191360" lon="120.3124080">
    <ele>20.0</ele>
    <time>2026-08-17T07:12:59Z</time>
   </trkpt>
   <trkpt lat="22.7191320" lon="120.3124020">
    <ele>20.0</ele>
    <time>2026-08-17T07:13:00Z</time>
   </trkpt>
   <trkpt lat="22.7191360" lon="120.3123970">
    <ele>20.0</ele>
    <time>2026-08-17T07:13:01Z</time>
   </trkpt>
   <trkpt lat="22.7191420" lon="120.3123850">
    <ele>20.0</ele>
    <time>2026-08-17T07:13:02Z</time>
   </trkpt>
   <trkpt lat="22.7191500" lon="120.3123670">
    <ele>20.0</ele>
    <time>2026-08-17T07:13:03Z</time>
   </trkpt>
   <trkpt lat="22.7191470" lon="120.3123510">
    <ele>20.0</ele>
    <time>2026-08-17T07:13:04Z</time>
   </trkpt>
   <trkpt lat="22.7191460" lon="120.3123350">
    <ele>20.0</ele>
    <time>2026-08-17T07:13:05Z</time>
   </trkpt>
   <trkpt lat="22.7191500" lon="120.3123200">
    <ele>20.0</ele>
    <time>2026-08-17T07:13:06Z</time>
   </trkpt>
   <trkpt lat="22.7191550" lon="120.3123010">
    <ele>20.0</ele>
    <time>2026-08-17T07:13:07Z</time>
   </trkpt>
   <trkpt lat="22.7191560" lon="120.3122860">
    <ele>20.0</ele>
    <time>2026-08-17T07:13:08Z</time>
   </trkpt>
   <trkpt lat="22.7191570" lon="120.3122730">
    <ele>20.0</ele>
    <time>2026-08-17T07:13:09Z</time>
   </trkpt>
   <trkpt lat="22.7191630" lon="120.3122630">
    <ele>20.0</ele>
    <time>2026-08-17T07:13:10Z</time>
   </trkpt>
   <trkpt lat="22.7191650" lon="120.3122540">
    <ele>20.0</ele>
    <time>2026-08-17T07:13:11Z</time>
   </trkpt>
   <trkpt lat="22.7191700" lon="120.3122450">
    <ele>20.0</ele>
    <time>2026-08-17T07:13:12Z</time>
   </trkpt>
   <trkpt lat="22.7191740" lon="120.3122440">
    <ele>20.0</ele>
    <time>2026-08-17T07:13:13Z</time>
   </trkpt>
   <trkpt lat="22.7191770" lon="120.3122450">
    <ele>20.0</ele>
    <time>2026-08-17T07:13:14Z</time>
   </trkpt>
   <trkpt lat="22.7191760" lon="120.3122390">
    <ele>20.0</ele>
    <time>2026-08-17T07:13:15Z</time>
   </trkpt>
   <trkpt lat="22.7191780" lon="120.3122360">
    <ele>20.1</ele>
    <time>2026-08-17T07:13:16Z</time>
   </trkpt>
   <trkpt lat="22.7191780" lon="120.3122370">
    <ele>20.1</ele>
    <time>2026-08-17T07:13:17Z</time>
   </trkpt>
   <trkpt lat="22.7191880" lon="120.3122350">
    <ele>20.1</ele>
    <time>2026-08-17T07:13:18Z</time>
   </trkpt>
   <trkpt lat="22.7191900" lon="120.3122370">
    <ele>20.1</ele>
    <time>2026-08-17T07:13:20Z</time>
   </trkpt>
   <trkpt lat="22.7191930" lon="120.3122450">
    <ele>20.1</ele>
    <time>2026-08-17T07:13:21Z</time>
   </trkpt>
   <trkpt lat="22.7192010" lon="120.3122380">
    <ele>20.1</ele>
    <time>2026-08-17T07:13:22Z</time>
   </trkpt>
   <trkpt lat="22.7192020" lon="120.3122260">
    <ele>20.1</ele>
    <time>2026-08-17T07:13:23Z</time>
   </trkpt>
   <trkpt lat="22.7191990" lon="120.3122150">
    <ele>20.1</ele>
    <time>2026-08-17T07:13:24Z</time>
   </trkpt>
   <trkpt lat="22.7191990" lon="120.3122120">
    <ele>20.1</ele>
    <time>2026-08-17T07:13:25Z</time>
   </trkpt>
   <trkpt lat="22.7192010" lon="120.3122090">
    <ele>20.1</ele>
    <time>2026-08-17T07:13:26Z</time>
   </trkpt>
   <trkpt lat="22.7191960" lon="120.3122110">
    <ele>20.1</ele>
    <time>2026-08-17T07:13:27Z</time>
   </trkpt>
   <trkpt lat="22.7191930" lon="120.3122120">
    <ele>20.1</ele>
    <time>2026-08-17T07:13:28Z</time>
   </trkpt>
   <trkpt lat="22.7191880" lon="120.3122090">
    <ele>20.1</ele>
    <time>2026-08-17T07:13:29Z</time>
   </trkpt>
   <trkpt lat="22.7191890" lon="120.3122010">
    <ele>20.1</ele>
    <time>2026-08-17T07:13:30Z</time>
   </trkpt>
   <trkpt lat="22.7191890" lon="120.3122010">
    <ele>20.1</ele>
    <time>2026-08-17T07:13:31Z</time>
   </trkpt>
   <trkpt lat="22.7191890" lon="120.3122010">
    <ele>20.1</ele>
    <time>2026-08-17T07:13:32Z</time>
   </trkpt>
   <trkpt lat="22.7191890" lon="120.3122010">
    <ele>20.1</ele>
    <time>2026-08-17T07:13:33Z</time>
   </trkpt>
   <trkpt lat="22.7191860" lon="120.3122000">
    <ele>20.1</ele>
    <time>2026-08-17T07:13:34Z</time>
   </trkpt>
   <trkpt lat="22.7191870" lon="120.3122020">
    <ele>20.1</ele>
    <time>2026-08-17T07:13:35Z</time>
   </trkpt>
   <trkpt lat="22.7191830" lon="120.3122000">
    <ele>20.1</ele>
    <time>2026-08-17T07:13:36Z</time>
   </trkpt>
   <trkpt lat="22.7191830" lon="120.3122010">
    <ele>20.1</ele>
    <time>2026-08-17T07:13:37Z</time>
   </trkpt>
   <trkpt lat="22.7191830" lon="120.3122010">
    <ele>20.1</ele>
    <time>2026-08-17T07:13:38Z</time>
   </trkpt>
   <trkpt lat="22.7191830" lon="120.3122010">
    <ele>20.1</ele>
    <time>2026-08-17T07:13:39Z</time>
   </trkpt>
   <trkpt lat="22.7191750" lon="120.3121980">
    <ele>20.1</ele>
    <time>2026-08-17T07:13:40Z</time>
   </trkpt>
   <trkpt lat="22.7191720" lon="120.3121980">
    <ele>20.1</ele>
    <time>2026-08-17T07:13:41Z</time>
   </trkpt>
   <trkpt lat="22.7191720" lon="120.3121980">
    <ele>20.1</ele>
    <time>2026-08-17T07:13:42Z</time>
   </trkpt>
   <trkpt lat="22.7191780" lon="120.3121780">
    <ele>20.1</ele>
    <time>2026-08-17T07:13:43Z</time>
   </trkpt>
   <trkpt lat="22.7191770" lon="120.3121700">
    <ele>20.1</ele>
    <time>2026-08-17T07:13:44Z</time>
   </trkpt>
   <trkpt lat="22.7191750" lon="120.3121770">
    <ele>20.1</ele>
    <time>2026-08-17T07:13:45Z</time>
   </trkpt>
   <trkpt lat="22.7191770" lon="120.3121810">
    <ele>20.1</ele>
    <time>2026-08-17T07:13:46Z</time>
   </trkpt>
   <trkpt lat="22.7191820" lon="120.3121830">
    <ele>20.1</ele>
    <time>2026-08-17T07:13:47Z</time>
   </trkpt>
   <trkpt lat="22.7191850" lon="120.3121830">
    <ele>20.1</ele>
    <time>2026-08-17T07:13:48Z</time>
   </trkpt>
   <trkpt lat="22.7191880" lon="120.3121840">
    <ele>20.1</ele>
    <time>2026-08-17T07:13:49Z</time>
   </trkpt>
   <trkpt lat="22.7191880" lon="120.3121850">
    <ele>20.1</ele>
    <time>2026-08-17T07:13:50Z</time>
   </trkpt>
   <trkpt lat="22.7191860" lon="120.3121860">
    <ele>20.1</ele>
    <time>2026-08-17T07:13:51Z</time>
   </trkpt>
   <trkpt lat="22.7191880" lon="120.3121800">
    <ele>20.1</ele>
    <time>2026-08-17T07:13:52Z</time>
   </trkpt>
   <trkpt lat="22.7191920" lon="120.3121700">
    <ele>20.1</ele>
    <time>2026-08-17T07:13:53Z</time>
   </trkpt>
   <trkpt lat="22.7192070" lon="120.3121700">
    <ele>20.1</ele>
    <time>2026-08-17T07:13:54Z</time>
   </trkpt>
   <trkpt lat="22.7192070" lon="120.3121660">
    <ele>20.1</ele>
    <time>2026-08-17T07:13:55Z</time>
   </trkpt>
   <trkpt lat="22.7192100" lon="120.3121540">
    <ele>20.1</ele>
    <time>2026-08-17T07:13:56Z</time>
   </trkpt>
   <trkpt lat="22.7192060" lon="120.3121390">
    <ele>20.1</ele>
    <time>2026-08-17T07:13:57Z</time>
   </trkpt>
   <trkpt lat="22.7192080" lon="120.3121330">
    <ele>20.1</ele>
    <time>2026-08-17T07:13:58Z</time>
   </trkpt>
   <trkpt lat="22.7192060" lon="120.3121250">
    <ele>20.1</ele>
    <time>2026-08-17T07:13:59Z</time>
   </trkpt>
   <trkpt lat="22.7192080" lon="120.3121160">
    <ele>20.1</ele>
    <time>2026-08-17T07:14:00Z</time>
   </trkpt>
   <trkpt lat="22.7192080" lon="120.3121050">
    <ele>20.1</ele>
    <time>2026-08-17T07:14:01Z</time>
   </trkpt>
   <trkpt lat="22.7192080" lon="120.3120970">
    <ele>20.1</ele>
    <time>2026-08-17T07:14:02Z</time>
   </trkpt>
   <trkpt lat="22.7192080" lon="120.3120900">
    <ele>20.1</ele>
    <time>2026-08-17T07:14:03Z</time>
   </trkpt>
   <trkpt lat="22.7192110" lon="120.3120890">
    <ele>20.1</ele>
    <time>2026-08-17T07:14:04Z</time>
   </trkpt>
   <trkpt lat="22.7192190" lon="120.3120870">
    <ele>20.1</ele>
    <time>2026-08-17T07:14:05Z</time>
   </trkpt>
   <trkpt lat="22.7192270" lon="120.3120800">
    <ele>20.1</ele>
    <time>2026-08-17T07:14:06Z</time>
   </trkpt>
   <trkpt lat="22.7192250" lon="120.3120720">
    <ele>20.1</ele>
    <time>2026-08-17T07:14:07Z</time>
   </trkpt>
   <trkpt lat="22.7192220" lon="120.3120690">
    <ele>20.1</ele>
    <time>2026-08-17T07:14:08Z</time>
   </trkpt>
   <trkpt lat="22.7192160" lon="120.3120720">
    <ele>20.1</ele>
    <time>2026-08-17T07:14:09Z</time>
   </trkpt>
   <trkpt lat="22.7192180" lon="120.3120680">
    <ele>20.1</ele>
    <time>2026-08-17T07:14:10Z</time>
   </trkpt>
   <trkpt lat="22.7192210" lon="120.3120710">
    <ele>20.1</ele>
    <time>2026-08-17T07:14:11Z</time>
   </trkpt>
   <trkpt lat="22.7192290" lon="120.3120530">
    <ele>20.1</ele>
    <time>2026-08-17T07:14:12Z</time>
   </trkpt>
   <trkpt lat="22.7192310" lon="120.3120520">
    <ele>20.1</ele>
    <time>2026-08-17T07:14:13Z</time>
   </trkpt>
   <trkpt lat="22.7192310" lon="120.3120520">
    <ele>20.1</ele>
    <time>2026-08-17T07:14:14Z</time>
   </trkpt>
   <trkpt lat="22.7192310" lon="120.3120520">
    <ele>20.1</ele>
    <time>2026-08-17T07:14:15Z</time>
   </trkpt>
   <trkpt lat="22.7192310" lon="120.3120520">
    <ele>20.1</ele>
    <time>2026-08-17T07:14:16Z</time>
   </trkpt>
   <trkpt lat="22.7192310" lon="120.3120520">
    <ele>20.1</ele>
    <time>2026-08-17T07:14:17Z</time>
   </trkpt>
   <trkpt lat="22.7192330" lon="120.3120500">
    <ele>20.1</ele>
    <time>2026-08-17T07:14:18Z</time>
   </trkpt>
   <trkpt lat="22.7192330" lon="120.3120500">
    <ele>20.1</ele>
    <time>2026-08-17T07:14:19Z</time>
   </trkpt>
   <trkpt lat="22.7192330" lon="120.3120500">
    <ele>20.1</ele>
    <time>2026-08-17T07:14:20Z</time>
   </trkpt>
   <trkpt lat="22.7192330" lon="120.3120500">
    <ele>20.1</ele>
    <time>2026-08-17T07:14:21Z</time>
   </trkpt>
   <trkpt lat="22.7192330" lon="120.3120500">
    <ele>20.1</ele>
    <time>2026-08-17T07:14:22Z</time>
   </trkpt>
   <trkpt lat="22.7192330" lon="120.3120500">
    <ele>20.1</ele>
    <time>2026-08-17T07:14:23Z</time>
   </trkpt>
   <trkpt lat="22.7192330" lon="120.3120500">
    <ele>20.1</ele>
    <time>2026-08-17T07:14:24Z</time>
   </trkpt>
   <trkpt lat="22.7192330" lon="120.3120500">
    <ele>20.1</ele>
    <time>2026-08-17T07:14:25Z</time>
   </trkpt>
   <trkpt lat="22.7192330" lon="120.3120500">
    <ele>20.1</ele>
    <time>2026-08-17T07:14:26Z</time>
   </trkpt>
   <trkpt lat="22.7192330" lon="120.3120500">
    <ele>20.1</ele>
    <time>2026-08-17T07:14:27Z</time>
   </trkpt>
   <trkpt lat="22.7192330" lon="120.3120500">
    <ele>20.1</ele>
    <time>2026-08-17T07:14:28Z</time>
   </trkpt>
   <trkpt lat="22.7192330" lon="120.3120500">
    <ele>20.1</ele>
    <time>2026-08-17T07:14:29Z</time>
   </trkpt>
   <trkpt lat="22.7192330" lon="120.3120500">
    <ele>20.1</ele>
    <time>2026-08-17T07:14:30Z</time>
   </trkpt>
   <trkpt lat="22.7192350" lon="120.3120490">
    <ele>20.1</ele>
    <time>2026-08-17T07:14:31Z</time>
   </trkpt>
   <trkpt lat="22.7192360" lon="120.3120480">
    <ele>20.1</ele>
    <time>2026-08-17T07:14:32Z</time>
   </trkpt>
   <trkpt lat="22.7192380" lon="120.3120470">
    <ele>20.1</ele>
    <time>2026-08-17T07:14:33Z</time>
   </trkpt>
   <trkpt lat="22.7192880" lon="120.3120770">
    <ele>20.1</ele>
    <time>2026-08-17T07:14:34Z</time>
   </trkpt>
   <trkpt lat="22.7192910" lon="120.3120620">
    <ele>20.1</ele>
    <time>2026-08-17T07:14:35Z</time>
   </trkpt>
   <trkpt lat="22.7192910" lon="120.3120520">
    <ele>20.1</ele>
    <time>2026-08-17T07:14:36Z</time>
   </trkpt>
   <trkpt lat="22.7192970" lon="120.3120460">
    <ele>20.1</ele>
    <time>2026-08-17T07:14:37Z</time>
   </trkpt>
   <trkpt lat="22.7192990" lon="120.3120490">
    <ele>20.1</ele>
    <time>2026-08-17T07:14:38Z</time>
   </trkpt>
   <trkpt lat="22.7192920" lon="120.3120540">
    <ele>20.1</ele>
    <time>2026-08-17T07:14:39Z</time>
   </trkpt>
   <trkpt lat="22.7192860" lon="120.3120520">
    <ele>20.1</ele>
    <time>2026-08-17T07:14:40Z</time>
   </trkpt>
   <trkpt lat="22.7192830" lon="120.3120530">
    <ele>20.1</ele>
    <time>2026-08-17T07:14:41Z</time>
   </trkpt>
   <trkpt lat="22.7192800" lon="120.3120470">
    <ele>20.1</ele>
    <time>2026-08-17T07:14:42Z</time>
   </trkpt>
   <trkpt lat="22.7192800" lon="120.3120470">
    <ele>20.1</ele>
    <time>2026-08-17T07:14:43Z</time>
   </trkpt>
   <trkpt lat="22.7192830" lon="120.3120470">
    <ele>20.1</ele>
    <time>2026-08-17T07:14:44Z</time>
   </trkpt>
   <trkpt lat="22.7192690" lon="120.3120350">
    <ele>20.1</ele>
    <time>2026-08-17T07:14:45Z</time>
   </trkpt>
   <trkpt lat="22.7192670" lon="120.3120220">
    <ele>20.1</ele>
    <time>2026-08-17T07:14:46Z</time>
   </trkpt>
   <trkpt lat="22.7192630" lon="120.3120090">
    <ele>20.1</ele>
    <time>2026-08-17T07:14:47Z</time>
   </trkpt>
   <trkpt lat="22.7192690" lon="120.3120020">
    <ele>20.1</ele>
    <time>2026-08-17T07:14:48Z</time>
   </trkpt>
   <trkpt lat="22.7192810" lon="120.3119980">
    <ele>20.1</ele>
    <time>2026-08-17T07:14:49Z</time>
   </trkpt>
   <trkpt lat="22.7192800" lon="120.3119850">
    <ele>20.1</ele>
    <time>2026-08-17T07:14:50Z</time>
   </trkpt>
   <trkpt lat="22.7192820" lon="120.3119830">
    <ele>20.1</ele>
    <time>2026-08-17T07:14:51Z</time>
   </trkpt>
   <trkpt lat="22.7192910" lon="120.3119800">
    <ele>20.1</ele>
    <time>2026-08-17T07:14:52Z</time>
   </trkpt>
   <trkpt lat="22.7192910" lon="120.3119810">
    <ele>20.1</ele>
    <time>2026-08-17T07:14:53Z</time>
   </trkpt>
   <trkpt lat="22.7192830" lon="120.3119700">
    <ele>20.1</ele>
    <time>2026-08-17T07:14:54Z</time>
   </trkpt>
   <trkpt lat="22.7192830" lon="120.3119600">
    <ele>20.1</ele>
    <time>2026-08-17T07:14:55Z</time>
   </trkpt>
   <trkpt lat="22.7192890" lon="120.3119500">
    <ele>20.1</ele>
    <time>2026-08-17T07:14:56Z</time>
   </trkpt>
   <trkpt lat="22.7192860" lon="120.3119410">
    <ele>20.1</ele>
    <time>2026-08-17T07:14:57Z</time>
   </trkpt>
   <trkpt lat="22.7192820" lon="120.3119390">
    <ele>20.1</ele>
    <time>2026-08-17T07:14:58Z</time>
   </trkpt>
   <trkpt lat="22.7192820" lon="120.3119400">
    <ele>20.1</ele>
    <time>2026-08-17T07:14:59Z</time>
   </trkpt>
   <trkpt lat="22.7192830" lon="120.3119380">
    <ele>20.1</ele>
    <time>2026-08-17T07:15:00Z</time>
   </trkpt>
   <trkpt lat="22.7192830" lon="120.3119390">
    <ele>20.1</ele>
    <time>2026-08-17T07:15:02Z</time>
   </trkpt>
   <trkpt lat="22.7192880" lon="120.3119370">
    <ele>20.1</ele>
    <time>2026-08-17T07:15:03Z</time>
   </trkpt>
   <trkpt lat="22.7192900" lon="120.3119350">
    <ele>20.1</ele>
    <time>2026-08-17T07:15:04Z</time>
   </trkpt>
   <trkpt lat="22.7192980" lon="120.3119270">
    <ele>20.1</ele>
    <time>2026-08-17T07:15:05Z</time>
   </trkpt>
   <trkpt lat="22.7192970" lon="120.3119240">
    <ele>20.1</ele>
    <time>2026-08-17T07:15:06Z</time>
   </trkpt>
   <trkpt lat="22.7193010" lon="120.3119240">
    <ele>20.1</ele>
    <time>2026-08-17T07:15:07Z</time>
   </trkpt>
   <trkpt lat="22.7193010" lon="120.3119270">
    <ele>20.1</ele>
    <time>2026-08-17T07:15:08Z</time>
   </trkpt>
   <trkpt lat="22.7193000" lon="120.3119290">
    <ele>20.1</ele>
    <time>2026-08-17T07:15:09Z</time>
   </trkpt>
   <trkpt lat="22.7193000" lon="120.3119290">
    <ele>20.1</ele>
    <time>2026-08-17T07:15:10Z</time>
   </trkpt>
   <trkpt lat="22.7192950" lon="120.3119270">
    <ele>20.1</ele>
    <time>2026-08-17T07:15:11Z</time>
   </trkpt>
   <trkpt lat="22.7192950" lon="120.3119270">
    <ele>20.1</ele>
    <time>2026-08-17T07:15:12Z</time>
   </trkpt>
   <trkpt lat="22.7192950" lon="120.3119270">
    <ele>20.1</ele>
    <time>2026-08-17T07:15:13Z</time>
   </trkpt>
   <trkpt lat="22.7192870" lon="120.3119230">
    <ele>20.1</ele>
    <time>2026-08-17T07:15:14Z</time>
   </trkpt>
   <trkpt lat="22.7192860" lon="120.3119100">
    <ele>20.1</ele>
    <time>2026-08-17T07:15:15Z</time>
   </trkpt>
   <trkpt lat="22.7192850" lon="120.3118980">
    <ele>20.1</ele>
    <time>2026-08-17T07:15:16Z</time>
   </trkpt>
   <trkpt lat="22.7192830" lon="120.3118880">
    <ele>20.1</ele>
    <time>2026-08-17T07:15:17Z</time>
   </trkpt>
   <trkpt lat="22.7192850" lon="120.3118780">
    <ele>20.1</ele>
    <time>2026-08-17T07:15:18Z</time>
   </trkpt>
   <trkpt lat="22.7192830" lon="120.3118660">
    <ele>20.1</ele>
    <time>2026-08-17T07:15:19Z</time>
   </trkpt>
   <trkpt lat="22.7192830" lon="120.3118540">
    <ele>20.1</ele>
    <time>2026-08-17T07:15:20Z</time>
   </trkpt>
   <trkpt lat="22.7192930" lon="120.3118440">
    <ele>20.1</ele>
    <time>2026-08-17T07:15:21Z</time>
   </trkpt>
   <trkpt lat="22.7193060" lon="120.3118410">
    <ele>20.1</ele>
    <time>2026-08-17T07:15:22Z</time>
   </trkpt>
   <trkpt lat="22.7193090" lon="120.3118300">
    <ele>20.1</ele>
    <time>2026-08-17T07:15:23Z</time>
   </trkpt>
   <trkpt lat="22.7193150" lon="120.3118190">
    <ele>20.1</ele>
    <time>2026-08-17T07:15:24Z</time>
   </trkpt>
   <trkpt lat="22.7193240" lon="120.3118110">
    <ele>20.1</ele>
    <time>2026-08-17T07:15:25Z</time>
   </trkpt>
   <trkpt lat="22.7193330" lon="120.3118070">
    <ele>20.1</ele>
    <time>2026-08-17T07:15:26Z</time>
   </trkpt>
   <trkpt lat="22.7193370" lon="120.3118070">
    <ele>20.1</ele>
    <time>2026-08-17T07:15:27Z</time>
   </trkpt>
   <trkpt lat="22.7193400" lon="120.3118090">
    <ele>20.1</ele>
    <time>2026-08-17T07:15:28Z</time>
   </trkpt>
   <trkpt lat="22.7193330" lon="120.3118100">
    <ele>20.1</ele>
    <time>2026-08-17T07:15:29Z</time>
   </trkpt>
   <trkpt lat="22.7193310" lon="120.3118090">
    <ele>20.1</ele>
    <time>2026-08-17T07:15:30Z</time>
   </trkpt>
   <trkpt lat="22.7193290" lon="120.3118070">
    <ele>20.1</ele>
    <time>2026-08-17T07:15:31Z</time>
   </trkpt>
   <trkpt lat="22.7193290" lon="120.3118070">
    <ele>20.1</ele>
    <time>2026-08-17T07:15:32Z</time>
   </trkpt>
   <trkpt lat="22.7193240" lon="120.3118070">
    <ele>20.1</ele>
    <time>2026-08-17T07:15:33Z</time>
   </trkpt>
   <trkpt lat="22.7193230" lon="120.3117660">
    <ele>20.1</ele>
    <time>2026-08-17T07:15:34Z</time>
   </trkpt>
   <trkpt lat="22.7193210" lon="120.3118090">
    <ele>20.1</ele>
    <time>2026-08-17T07:15:35Z</time>
   </trkpt>
   <trkpt lat="22.7193190" lon="120.3117950">
    <ele>20.1</ele>
    <time>2026-08-17T07:15:36Z</time>
   </trkpt>
   <trkpt lat="22.7193210" lon="120.3117860">
    <ele>20.1</ele>
    <time>2026-08-17T07:15:37Z</time>
   </trkpt>
   <trkpt lat="22.7193140" lon="120.3117750">
    <ele>20.1</ele>
    <time>2026-08-17T07:15:38Z</time>
   </trkpt>
   <trkpt lat="22.7193230" lon="120.3117730">
    <ele>20.1</ele>
    <time>2026-08-17T07:15:39Z</time>
   </trkpt>
   <trkpt lat="22.7193380" lon="120.3117660">
    <ele>20.1</ele>
    <time>2026-08-17T07:15:40Z</time>
   </trkpt>
   <trkpt lat="22.7193470" lon="120.3117540">
    <ele>20.1</ele>
    <time>2026-08-17T07:15:41Z</time>
   </trkpt>
   <trkpt lat="22.7193530" lon="120.3117410">
    <ele>20.2</ele>
    <time>2026-08-17T07:15:42Z</time>
   </trkpt>
   <trkpt lat="22.7193570" lon="120.3117330">
    <ele>20.2</ele>
    <time>2026-08-17T07:15:43Z</time>
   </trkpt>
   <trkpt lat="22.7193680" lon="120.3117250">
    <ele>20.2</ele>
    <time>2026-08-17T07:15:44Z</time>
   </trkpt>
   <trkpt lat="22.7193720" lon="120.3117190">
    <ele>20.2</ele>
    <time>2026-08-17T07:15:45Z</time>
   </trkpt>
   <trkpt lat="22.7193780" lon="120.3117190">
    <ele>20.2</ele>
    <time>2026-08-17T07:15:46Z</time>
   </trkpt>
   <trkpt lat="22.7193970" lon="120.3117220">
    <ele>20.2</ele>
    <time>2026-08-17T07:15:47Z</time>
   </trkpt>
   <trkpt lat="22.7194000" lon="120.3117220">
    <ele>20.2</ele>
    <time>2026-08-17T07:15:48Z</time>
   </trkpt>
   <trkpt lat="22.7194020" lon="120.3117130">
    <ele>20.2</ele>
    <time>2026-08-17T07:15:49Z</time>
   </trkpt>
   <trkpt lat="22.7194130" lon="120.3117180">
    <ele>20.2</ele>
    <time>2026-08-17T07:15:50Z</time>
   </trkpt>
   <trkpt lat="22.7194120" lon="120.3117200">
    <ele>20.2</ele>
    <time>2026-08-17T07:15:51Z</time>
   </trkpt>
   <trkpt lat="22.7194110" lon="120.3117190">
    <ele>20.2</ele>
    <time>2026-08-17T07:15:52Z</time>
   </trkpt>
   <trkpt lat="22.7194150" lon="120.3117170">
    <ele>20.2</ele>
    <time>2026-08-17T07:15:53Z</time>
   </trkpt>
   <trkpt lat="22.7194190" lon="120.3117210">
    <ele>20.2</ele>
    <time>2026-08-17T07:15:54Z</time>
   </trkpt>
   <trkpt lat="22.7194170" lon="120.3117180">
    <ele>20.2</ele>
    <time>2026-08-17T07:15:55Z</time>
   </trkpt>
   <trkpt lat="22.7194150" lon="120.3117200">
    <ele>20.2</ele>
    <time>2026-08-17T07:15:56Z</time>
   </trkpt>
   <trkpt lat="22.7194150" lon="120.3117200">
    <ele>20.2</ele>
    <time>2026-08-17T07:15:57Z</time>
   </trkpt>
   <trkpt lat="22.7194150" lon="120.3117200">
    <ele>20.2</ele>
    <time>2026-08-17T07:15:58Z</time>
   </trkpt>
   <trkpt lat="22.7194150" lon="120.3117220">
    <ele>20.2</ele>
    <time>2026-08-17T07:15:59Z</time>
   </trkpt>
   <trkpt lat="22.7194150" lon="120.3117200">
    <ele>20.2</ele>
    <time>2026-08-17T07:16:00Z</time>
   </trkpt>
   <trkpt lat="22.7194140" lon="120.3117200">
    <ele>20.2</ele>
    <time>2026-08-17T07:16:01Z</time>
   </trkpt>
   <trkpt lat="22.7194150" lon="120.3117180">
    <ele>20.2</ele>
    <time>2026-08-17T07:16:02Z</time>
   </trkpt>
   <trkpt lat="22.7194110" lon="120.3117150">
    <ele>20.2</ele>
    <time>2026-08-17T07:16:03Z</time>
   </trkpt>
   <trkpt lat="22.7194070" lon="120.3117110">
    <ele>20.2</ele>
    <time>2026-08-17T07:16:04Z</time>
   </trkpt>
   <trkpt lat="22.7194160" lon="120.3117120">
    <ele>20.2</ele>
    <time>2026-08-17T07:16:05Z</time>
   </trkpt>
   <trkpt lat="22.7194240" lon="120.3117110">
    <ele>20.2</ele>
    <time>2026-08-17T07:16:06Z</time>
   </trkpt>
   <trkpt lat="22.7194290" lon="120.3117060">
    <ele>20.2</ele>
    <time>2026-08-17T07:16:07Z</time>
   </trkpt>
   <trkpt lat="22.7194330" lon="120.3117090">
    <ele>20.2</ele>
    <time>2026-08-17T07:16:08Z</time>
   </trkpt>
   <trkpt lat="22.7194350" lon="120.3117080">
    <ele>20.2</ele>
    <time>2026-08-17T07:16:09Z</time>
   </trkpt>
   <trkpt lat="22.7194430" lon="120.3117010">
    <ele>20.2</ele>
    <time>2026-08-17T07:16:10Z</time>
   </trkpt>
   <trkpt lat="22.7194420" lon="120.3117000">
    <ele>20.2</ele>
    <time>2026-08-17T07:16:11Z</time>
   </trkpt>
   <trkpt lat="22.7194410" lon="120.3116980">
    <ele>20.2</ele>
    <time>2026-08-17T07:16:12Z</time>
   </trkpt>
   <trkpt lat="22.7194400" lon="120.3116980">
    <ele>20.2</ele>
    <time>2026-08-17T07:16:13Z</time>
   </trkpt>
   <trkpt lat="22.7194380" lon="120.3116990">
    <ele>20.2</ele>
    <time>2026-08-17T07:16:14Z</time>
   </trkpt>
   <trkpt lat="22.7194380" lon="120.3117000">
    <ele>20.2</ele>
    <time>2026-08-17T07:16:15Z</time>
   </trkpt>
   <trkpt lat="22.7194390" lon="120.3116960">
    <ele>20.2</ele>
    <time>2026-08-17T07:16:16Z</time>
   </trkpt>
   <trkpt lat="22.7194440" lon="120.3116930">
    <ele>20.2</ele>
    <time>2026-08-17T07:16:17Z</time>
   </trkpt>
   <trkpt lat="22.7194510" lon="120.3116850">
    <ele>20.2</ele>
    <time>2026-08-17T07:16:18Z</time>
   </trkpt>
   <trkpt lat="22.7194660" lon="120.3116930">
    <ele>20.2</ele>
    <time>2026-08-17T07:16:19Z</time>
   </trkpt>
   <trkpt lat="22.7194720" lon="120.3116940">
    <ele>20.2</ele>
    <time>2026-08-17T07:16:20Z</time>
   </trkpt>
   <trkpt lat="22.7194780" lon="120.3116930">
    <ele>20.2</ele>
    <time>2026-08-17T07:16:21Z</time>
   </trkpt>
   <trkpt lat="22.7194810" lon="120.3116850">
    <ele>20.2</ele>
    <time>2026-08-17T07:16:22Z</time>
   </trkpt>
   <trkpt lat="22.7194740" lon="120.3116750">
    <ele>20.2</ele>
    <time>2026-08-17T07:16:23Z</time>
   </trkpt>
   <trkpt lat="22.7194670" lon="120.3116720">
    <ele>20.4</ele>
    <time>2026-08-17T07:16:24Z</time>
   </trkpt>
   <trkpt lat="22.7194490" lon="120.3116690">
    <ele>20.4</ele>
    <time>2026-08-17T07:16:25Z</time>
   </trkpt>
   <trkpt lat="22.7194360" lon="120.3116630">
    <ele>19.4</ele>
    <time>2026-08-17T07:16:26Z</time>
   </trkpt>
   <trkpt lat="22.7194260" lon="120.3116570">
    <ele>19.5</ele>
    <time>2026-08-17T07:16:27Z</time>
   </trkpt>
   <trkpt lat="22.7194200" lon="120.3116510">
    <ele>19.5</ele>
    <time>2026-08-17T07:16:28Z</time>
   </trkpt>
   <trkpt lat="22.7194130" lon="120.3116460">
    <ele>19.5</ele>
    <time>2026-08-17T07:16:29Z</time>
   </trkpt>
   <trkpt lat="22.7194020" lon="120.3116430">
    <ele>19.5</ele>
    <time>2026-08-17T07:16:30Z</time>
   </trkpt>
   <trkpt lat="22.7193950" lon="120.3116290">
    <ele>19.6</ele>
    <time>2026-08-17T07:16:31Z</time>
   </trkpt>
   <trkpt lat="22.7193870" lon="120.3116160">
    <ele>18.5</ele>
    <time>2026-08-17T07:16:32Z</time>
   </trkpt>
   <trkpt lat="22.7193710" lon="120.3116050">
    <ele>18.5</ele>
    <time>2026-08-17T07:16:33Z</time>
   </trkpt>
   <trkpt lat="22.7193560" lon="120.3115940">
    <ele>18.5</ele>
    <time>2026-08-17T07:16:34Z</time>
   </trkpt>
   <trkpt lat="22.7193450" lon="120.3115810">
    <ele>18.5</ele>
    <time>2026-08-17T07:16:35Z</time>
   </trkpt>
   <trkpt lat="22.7193370" lon="120.3115860">
    <ele>18.5</ele>
    <time>2026-08-17T07:16:36Z</time>
   </trkpt>
   <trkpt lat="22.7193300" lon="120.3115800">
    <ele>18.5</ele>
    <time>2026-08-17T07:16:37Z</time>
   </trkpt>
   <trkpt lat="22.7193160" lon="120.3115790">
    <ele>17.4</ele>
    <time>2026-08-17T07:16:38Z</time>
   </trkpt>
   <trkpt lat="22.7193060" lon="120.3115830">
    <ele>18.5</ele>
    <time>2026-08-17T07:16:39Z</time>
   </trkpt>
   <trkpt lat="22.7193020" lon="120.3115870">
    <ele>18.5</ele>
    <time>2026-08-17T07:16:40Z</time>
   </trkpt>
   <trkpt lat="22.7192940" lon="120.3115920">
    <ele>18.5</ele>
    <time>2026-08-17T07:16:41Z</time>
   </trkpt>
   <trkpt lat="22.7192950" lon="120.3115930">
    <ele>18.5</ele>
    <time>2026-08-17T07:16:42Z</time>
   </trkpt>
   <trkpt lat="22.7192950" lon="120.3115930">
    <ele>18.5</ele>
    <time>2026-08-17T07:16:43Z</time>
   </trkpt>
   <trkpt lat="22.7192950" lon="120.3115930">
    <ele>18.5</ele>
    <time>2026-08-17T07:16:44Z</time>
   </trkpt>
   <trkpt lat="22.7192810" lon="120.3116080">
    <ele>18.5</ele>
    <time>2026-08-17T07:16:45Z</time>
   </trkpt>
   <trkpt lat="22.7192710" lon="120.3116320">
    <ele>19.6</ele>
    <time>2026-08-17T07:16:46Z</time>
   </trkpt>
   <trkpt lat="22.7192710" lon="120.3116320">
    <ele>19.6</ele>
    <time>2026-08-17T07:16:47Z</time>
   </trkpt>
   <trkpt lat="22.7192730" lon="120.3116360">
    <ele>19.6</ele>
    <time>2026-08-17T07:16:48Z</time>
   </trkpt>
   <trkpt lat="22.7192730" lon="120.3116360">
    <ele>19.6</ele>
    <time>2026-08-17T07:16:49Z</time>
   </trkpt>
   <trkpt lat="22.7192730" lon="120.3116360">
    <ele>19.6</ele>
    <time>2026-08-17T07:16:50Z</time>
   </trkpt>
   <trkpt lat="22.7192730" lon="120.3116360">
    <ele>19.6</ele>
    <time>2026-08-17T07:16:51Z</time>
   </trkpt>
   <trkpt lat="22.7192530" lon="120.3116300">
    <ele>19.6</ele>
    <time>2026-08-17T07:16:52Z</time>
   </trkpt>
   <trkpt lat="22.7192570" lon="120.3116180">
    <ele>18.5</ele>
    <time>2026-08-17T07:16:53Z</time>
   </trkpt>
   <trkpt lat="22.7192610" lon="120.3116050">
    <ele>18.5</ele>
    <time>2026-08-17T07:16:54Z</time>
   </trkpt>
   <trkpt lat="22.7192650" lon="120.3115930">
    <ele>18.5</ele>
    <time>2026-08-17T07:16:55Z</time>
   </trkpt>
   <trkpt lat="22.7192690" lon="120.3115800">
    <ele>18.5</ele>
    <time>2026-08-17T07:16:56Z</time>
   </trkpt>
   <trkpt lat="22.7192550" lon="120.3116310">
    <ele>19.6</ele>
    <time>2026-08-17T07:16:57Z</time>
   </trkpt>
   <trkpt lat="22.7192560" lon="120.3116310">
    <ele>19.6</ele>
    <time>2026-08-17T07:16:58Z</time>
   </trkpt>
   <trkpt lat="22.7192450" lon="120.3116320">
    <ele>19.6</ele>
    <time>2026-08-17T07:17:00Z</time>
   </trkpt>
   <trkpt lat="22.7192480" lon="120.3116200">
    <ele>18.5</ele>
    <time>2026-08-17T07:17:01Z</time>
   </trkpt>
   <trkpt lat="22.7192390" lon="120.3116130">
    <ele>18.5</ele>
    <time>2026-08-17T07:17:02Z</time>
   </trkpt>
   <trkpt lat="22.7192390" lon="120.3116070">
    <ele>18.5</ele>
    <time>2026-08-17T07:17:03Z</time>
   </trkpt>
   <trkpt lat="22.7192280" lon="120.3115970">
    <ele>18.6</ele>
    <time>2026-08-17T07:17:04Z</time>
   </trkpt>
   <trkpt lat="22.7192230" lon="120.3115870">
    <ele>18.6</ele>
    <time>2026-08-17T07:17:05Z</time>
   </trkpt>
   <trkpt lat="22.7192210" lon="120.3115830">
    <ele>18.6</ele>
    <time>2026-08-17T07:17:06Z</time>
   </trkpt>
   <trkpt lat="22.7192200" lon="120.3115780">
    <ele>17.7</ele>
    <time>2026-08-17T07:17:07Z</time>
   </trkpt>
   <trkpt lat="22.7192230" lon="120.3115720">
    <ele>17.7</ele>
    <time>2026-08-17T07:17:08Z</time>
   </trkpt>
   <trkpt lat="22.7192220" lon="120.3115670">
    <ele>17.7</ele>
    <time>2026-08-17T07:17:09Z</time>
   </trkpt>
   <trkpt lat="22.7192150" lon="120.3115750">
    <ele>17.7</ele>
    <time>2026-08-17T07:17:10Z</time>
   </trkpt>
   <trkpt lat="22.7192220" lon="120.3115860">
    <ele>18.6</ele>
    <time>2026-08-17T07:17:11Z</time>
   </trkpt>
   <trkpt lat="22.7192190" lon="120.3115890">
    <ele>18.6</ele>
    <time>2026-08-17T07:17:12Z</time>
   </trkpt>
   <trkpt lat="22.7191940" lon="120.3115830">
    <ele>18.6</ele>
    <time>2026-08-17T07:17:13Z</time>
   </trkpt>
   <trkpt lat="22.7191890" lon="120.3115910">
    <ele>18.8</ele>
    <time>2026-08-17T07:17:14Z</time>
   </trkpt>
   <trkpt lat="22.7191900" lon="120.3115960">
    <ele>18.8</ele>
    <time>2026-08-17T07:17:15Z</time>
   </trkpt>
   <trkpt lat="22.7191940" lon="120.3115940">
    <ele>18.7</ele>
    <time>2026-08-17T07:17:16Z</time>
   </trkpt>
   <trkpt lat="22.7191950" lon="120.3115940">
    <ele>18.7</ele>
    <time>2026-08-17T07:17:17Z</time>
   </trkpt>
   <trkpt lat="22.7192010" lon="120.3115970">
    <ele>18.7</ele>
    <time>2026-08-17T07:17:18Z</time>
   </trkpt>
   <trkpt lat="22.7191990" lon="120.3116020">
    <ele>18.7</ele>
    <time>2026-08-17T07:17:19Z</time>
   </trkpt>
   <trkpt lat="22.7192000" lon="120.3116010">
    <ele>18.7</ele>
    <time>2026-08-17T07:17:20Z</time>
   </trkpt>
   <trkpt lat="22.7192000" lon="120.3116010">
    <ele>18.7</ele>
    <time>2026-08-17T07:17:21Z</time>
   </trkpt>
   <trkpt lat="22.7191990" lon="120.3116060">
    <ele>18.7</ele>
    <time>2026-08-17T07:17:22Z</time>
   </trkpt>
   <trkpt lat="22.7191960" lon="120.3116090">
    <ele>18.7</ele>
    <time>2026-08-17T07:17:23Z</time>
   </trkpt>
   <trkpt lat="22.7191960" lon="120.3116070">
    <ele>18.7</ele>
    <time>2026-08-17T07:17:24Z</time>
   </trkpt>
   <trkpt lat="22.7191950" lon="120.3116100">
    <ele>18.7</ele>
    <time>2026-08-17T07:17:25Z</time>
   </trkpt>
   <trkpt lat="22.7191990" lon="120.3116150">
    <ele>18.7</ele>
    <time>2026-08-17T07:17:26Z</time>
   </trkpt>
   <trkpt lat="22.7191950" lon="120.3116240">
    <ele>19.7</ele>
    <time>2026-08-17T07:17:27Z</time>
   </trkpt>
   <trkpt lat="22.7191840" lon="120.3116190">
    <ele>18.8</ele>
    <time>2026-08-17T07:17:28Z</time>
   </trkpt>
   <trkpt lat="22.7191720" lon="120.3116020">
    <ele>18.8</ele>
    <time>2026-08-17T07:17:29Z</time>
   </trkpt>
   <trkpt lat="22.7191540" lon="120.3115870">
    <ele>18.8</ele>
    <time>2026-08-17T07:17:30Z</time>
   </trkpt>
   <trkpt lat="22.7191380" lon="120.3115740">
    <ele>18.2</ele>
    <time>2026-08-17T07:17:31Z</time>
   </trkpt>
   <trkpt lat="22.7191410" lon="120.3115720">
    <ele>18.2</ele>
    <time>2026-08-17T07:17:32Z</time>
   </trkpt>
   <trkpt lat="22.7191410" lon="120.3115900">
    <ele>19.0</ele>
    <time>2026-08-17T07:17:33Z</time>
   </trkpt>
   <trkpt lat="22.7191400" lon="120.3115950">
    <ele>19.0</ele>
    <time>2026-08-17T07:17:34Z</time>
   </trkpt>
   <trkpt lat="22.7191410" lon="120.3115870">
    <ele>19.0</ele>
    <time>2026-08-17T07:17:35Z</time>
   </trkpt>
   <trkpt lat="22.7191390" lon="120.3115830">
    <ele>19.0</ele>
    <time>2026-08-17T07:17:36Z</time>
   </trkpt>
   <trkpt lat="22.7191330" lon="120.3115750">
    <ele>18.2</ele>
    <time>2026-08-17T07:17:37Z</time>
   </trkpt>
   <trkpt lat="22.7191260" lon="120.3115720">
    <ele>18.2</ele>
    <time>2026-08-17T07:17:38Z</time>
   </trkpt>
   <trkpt lat="22.7191190" lon="120.3115620">
    <ele>18.2</ele>
    <time>2026-08-17T07:17:39Z</time>
   </trkpt>
   <trkpt lat="22.7191070" lon="120.3115550">
    <ele>18.6</ele>
    <time>2026-08-17T07:17:40Z</time>
   </trkpt>
   <trkpt lat="22.7191000" lon="120.3115470">
    <ele>18.6</ele>
    <time>2026-08-17T07:17:41Z</time>
   </trkpt>
   <trkpt lat="22.7190860" lon="120.3115490">
    <ele>18.6</ele>
    <time>2026-08-17T07:17:42Z</time>
   </trkpt>
   <trkpt lat="22.7190670" lon="120.3115460">
    <ele>19.0</ele>
    <time>2026-08-17T07:17:43Z</time>
   </trkpt>
   <trkpt lat="22.7190510" lon="120.3115380">
    <ele>19.0</ele>
    <time>2026-08-17T07:17:44Z</time>
   </trkpt>
   <trkpt lat="22.7190400" lon="120.3115390">
    <ele>19.0</ele>
    <time>2026-08-17T07:17:45Z</time>
   </trkpt>
   <trkpt lat="22.7190280" lon="120.3115380">
    <ele>19.5</ele>
    <time>2026-08-17T07:17:46Z</time>
   </trkpt>
   <trkpt lat="22.7190180" lon="120.3115350">
    <ele>19.0</ele>
    <time>2026-08-17T07:17:47Z</time>
   </trkpt>
   <trkpt lat="22.7190090" lon="120.3115260">
    <ele>19.0</ele>
    <time>2026-08-17T07:17:48Z</time>
   </trkpt>
   <trkpt lat="22.7190040" lon="120.3115100">
    <ele>19.0</ele>
    <time>2026-08-17T07:17:49Z</time>
   </trkpt>
   <trkpt lat="22.7190010" lon="120.3114950">
    <ele>19.0</ele>
    <time>2026-08-17T07:17:50Z</time>
   </trkpt>
   <trkpt lat="22.7189970" lon="120.3114830">
    <ele>18.6</ele>
    <time>2026-08-17T07:17:51Z</time>
   </trkpt>
   <trkpt lat="22.7189790" lon="120.3114750">
    <ele>19.2</ele>
    <time>2026-08-17T07:17:52Z</time>
   </trkpt>
   <trkpt lat="22.7189380" lon="120.3115440">
    <ele>20.2</ele>
    <time>2026-08-17T07:17:53Z</time>
   </trkpt>
   <trkpt lat="22.7189140" lon="120.3115750">
    <ele>20.2</ele>
    <time>2026-08-17T07:17:54Z</time>
   </trkpt>
   <trkpt lat="22.7189000" lon="120.3115690">
    <ele>20.5</ele>
    <time>2026-08-17T07:17:55Z</time>
   </trkpt>
   <trkpt lat="22.7188990" lon="120.3115660">
    <ele>20.5</ele>
    <time>2026-08-17T07:17:56Z</time>
   </trkpt>
   <trkpt lat="22.7188960" lon="120.3115670">
    <ele>20.5</ele>
    <time>2026-08-17T07:17:57Z</time>
   </trkpt>
   <trkpt lat="22.7188920" lon="120.3115600">
    <ele>20.5</ele>
    <time>2026-08-17T07:17:58Z</time>
   </trkpt>
   <trkpt lat="22.7188930" lon="120.3115600">
    <ele>20.5</ele>
    <time>2026-08-17T07:17:59Z</time>
   </trkpt>
   <trkpt lat="22.7188970" lon="120.3115560">
    <ele>20.5</ele>
    <time>2026-08-17T07:18:00Z</time>
   </trkpt>
   <trkpt lat="22.7189070" lon="120.3115800">
    <ele>20.6</ele>
    <time>2026-08-17T07:18:01Z</time>
   </trkpt>
   <trkpt lat="22.7188910" lon="120.3115870">
    <ele>20.6</ele>
    <time>2026-08-17T07:18:02Z</time>
   </trkpt>
   <trkpt lat="22.7188900" lon="120.3115960">
    <ele>20.6</ele>
    <time>2026-08-17T07:18:03Z</time>
   </trkpt>
   <trkpt lat="22.7188890" lon="120.3115970">
    <ele>20.6</ele>
    <time>2026-08-17T07:18:04Z</time>
   </trkpt>
   <trkpt lat="22.7188880" lon="120.3115940">
    <ele>20.6</ele>
    <time>2026-08-17T07:18:05Z</time>
   </trkpt>
   <trkpt lat="22.7188840" lon="120.3115960">
    <ele>20.6</ele>
    <time>2026-08-17T07:18:06Z</time>
   </trkpt>
   <trkpt lat="22.7188640" lon="120.3115990">
    <ele>20.7</ele>
    <time>2026-08-17T07:18:07Z</time>
   </trkpt>
   <trkpt lat="22.7188580" lon="120.3115970">
    <ele>20.7</ele>
    <time>2026-08-17T07:18:08Z</time>
   </trkpt>
   <trkpt lat="22.7188470" lon="120.3115960">
    <ele>20.7</ele>
    <time>2026-08-17T07:18:09Z</time>
   </trkpt>
   <trkpt lat="22.7188450" lon="120.3116030">
    <ele>20.7</ele>
    <time>2026-08-17T07:18:10Z</time>
   </trkpt>
   <trkpt lat="22.7188380" lon="120.3116160">
    <ele>20.7</ele>
    <time>2026-08-17T07:18:11Z</time>
   </trkpt>
   <trkpt lat="22.7188340" lon="120.3116250">
    <ele>20.7</ele>
    <time>2026-08-17T07:18:12Z</time>
   </trkpt>
   <trkpt lat="22.7188330" lon="120.3116340">
    <ele>20.7</ele>
    <time>2026-08-17T07:18:13Z</time>
   </trkpt>
   <trkpt lat="22.7188370" lon="120.3116300">
    <ele>20.7</ele>
    <time>2026-08-17T07:18:14Z</time>
   </trkpt>
   <trkpt lat="22.7188450" lon="120.3116240">
    <ele>20.7</ele>
    <time>2026-08-17T07:18:15Z</time>
   </trkpt>
   <trkpt lat="22.7188440" lon="120.3116210">
    <ele>20.7</ele>
    <time>2026-08-17T07:18:16Z</time>
   </trkpt>
   <trkpt lat="22.7188440" lon="120.3116200">
    <ele>20.7</ele>
    <time>2026-08-17T07:18:17Z</time>
   </trkpt>
   <trkpt lat="22.7188440" lon="120.3116220">
    <ele>20.7</ele>
    <time>2026-08-17T07:18:18Z</time>
   </trkpt>
   <trkpt lat="22.7188360" lon="120.3116280">
    <ele>20.7</ele>
    <time>2026-08-17T07:18:19Z</time>
   </trkpt>
   <trkpt lat="22.7188390" lon="120.3116250">
    <ele>20.7</ele>
    <time>2026-08-17T07:18:20Z</time>
   </trkpt>
   <trkpt lat="22.7188300" lon="120.3116320">
    <ele>20.7</ele>
    <time>2026-08-17T07:18:21Z</time>
   </trkpt>
   <trkpt lat="22.7188220" lon="120.3116510">
    <ele>20.8</ele>
    <time>2026-08-17T07:18:22Z</time>
   </trkpt>
   <trkpt lat="22.7188260" lon="120.3116610">
    <ele>20.8</ele>
    <time>2026-08-17T07:18:23Z</time>
   </trkpt>
   <trkpt lat="22.7188260" lon="120.3116720">
    <ele>20.8</ele>
    <time>2026-08-17T07:18:24Z</time>
   </trkpt>
   <trkpt lat="22.7188260" lon="120.3116840">
    <ele>20.8</ele>
    <time>2026-08-17T07:18:25Z</time>
   </trkpt>
   <trkpt lat="22.7188220" lon="120.3116950">
    <ele>20.8</ele>
    <time>2026-08-17T07:18:26Z</time>
   </trkpt>
   <trkpt lat="22.7188140" lon="120.3117080">
    <ele>20.8</ele>
    <time>2026-08-17T07:18:27Z</time>
   </trkpt>
   <trkpt lat="22.7188160" lon="120.3117140">
    <ele>20.8</ele>
    <time>2026-08-17T07:18:28Z</time>
   </trkpt>
   <trkpt lat="22.7188210" lon="120.3117200">
    <ele>20.8</ele>
    <time>2026-08-17T07:18:29Z</time>
   </trkpt>
   <trkpt lat="22.7188190" lon="120.3117240">
    <ele>20.8</ele>
    <time>2026-08-17T07:18:30Z</time>
   </trkpt>
   <trkpt lat="22.7188060" lon="120.3117290">
    <ele>20.8</ele>
    <time>2026-08-17T07:18:31Z</time>
   </trkpt>
   <trkpt lat="22.7187940" lon="120.3117240">
    <ele>20.8</ele>
    <time>2026-08-17T07:18:32Z</time>
   </trkpt>
   <trkpt lat="22.7187810" lon="120.3117180">
    <ele>20.7</ele>
    <time>2026-08-17T07:18:33Z</time>
   </trkpt>
   <trkpt lat="22.7187730" lon="120.3117150">
    <ele>20.7</ele>
    <time>2026-08-17T07:18:34Z</time>
   </trkpt>
   <trkpt lat="22.7187670" lon="120.3117120">
    <ele>20.7</ele>
    <time>2026-08-17T07:18:35Z</time>
   </trkpt>
   <trkpt lat="22.7187590" lon="120.3117050">
    <ele>20.7</ele>
    <time>2026-08-17T07:18:37Z</time>
   </trkpt>
   <trkpt lat="22.7187500" lon="120.3117010">
    <ele>20.7</ele>
    <time>2026-08-17T07:18:38Z</time>
   </trkpt>
   <trkpt lat="22.7187410" lon="120.3116990">
    <ele>20.7</ele>
    <time>2026-08-17T07:18:39Z</time>
   </trkpt>
   <trkpt lat="22.7187320" lon="120.3116950">
    <ele>20.7</ele>
    <time>2026-08-17T07:18:40Z</time>
   </trkpt>
   <trkpt lat="22.7187240" lon="120.3116950">
    <ele>20.6</ele>
    <time>2026-08-17T07:18:41Z</time>
   </trkpt>
   <trkpt lat="22.7187120" lon="120.3116930">
    <ele>20.6</ele>
    <time>2026-08-17T07:18:42Z</time>
   </trkpt>
   <trkpt lat="22.7187040" lon="120.3116910">
    <ele>20.6</ele>
    <time>2026-08-17T07:18:43Z</time>
   </trkpt>
   <trkpt lat="22.7186950" lon="120.3116870">
    <ele>20.6</ele>
    <time>2026-08-17T07:18:44Z</time>
   </trkpt>
   <trkpt lat="22.7186850" lon="120.3116860">
    <ele>20.6</ele>
    <time>2026-08-17T07:18:45Z</time>
   </trkpt>
   <trkpt lat="22.7186710" lon="120.3116870">
    <ele>20.6</ele>
    <time>2026-08-17T07:18:46Z</time>
   </trkpt>
   <trkpt lat="22.7186620" lon="120.3116850">
    <ele>20.5</ele>
    <time>2026-08-17T07:18:47Z</time>
   </trkpt>
   <trkpt lat="22.7186500" lon="120.3116840">
    <ele>20.5</ele>
    <time>2026-08-17T07:18:48Z</time>
   </trkpt>
   <trkpt lat="22.7186380" lon="120.3116820">
    <ele>20.5</ele>
    <time>2026-08-17T07:18:49Z</time>
   </trkpt>
   <trkpt lat="22.7186270" lon="120.3116790">
    <ele>20.5</ele>
    <time>2026-08-17T07:18:50Z</time>
   </trkpt>
   <trkpt lat="22.7186150" lon="120.3116760">
    <ele>20.4</ele>
    <time>2026-08-17T07:18:51Z</time>
   </trkpt>
   <trkpt lat="22.7186030" lon="120.3116730">
    <ele>20.4</ele>
    <time>2026-08-17T07:18:52Z</time>
   </trkpt>
   <trkpt lat="22.7185900" lon="120.3116740">
    <ele>20.4</ele>
    <time>2026-08-17T07:18:53Z</time>
   </trkpt>
   <trkpt lat="22.7185820" lon="120.3116770">
    <ele>20.4</ele>
    <time>2026-08-17T07:18:54Z</time>
   </trkpt>
   <trkpt lat="22.7185720" lon="120.3116720">
    <ele>20.3</ele>
    <time>2026-08-17T07:18:55Z</time>
   </trkpt>
   <trkpt lat="22.7185600" lon="120.3116680">
    <ele>20.3</ele>
    <time>2026-08-17T07:18:56Z</time>
   </trkpt>
   <trkpt lat="22.7185460" lon="120.3116670">
    <ele>20.3</ele>
    <time>2026-08-17T07:18:57Z</time>
   </trkpt>
   <trkpt lat="22.7185350" lon="120.3116600">
    <ele>20.2</ele>
    <time>2026-08-17T07:18:58Z</time>
   </trkpt>
   <trkpt lat="22.7185290" lon="120.3116530">
    <ele>20.2</ele>
    <time>2026-08-17T07:18:59Z</time>
   </trkpt>
   <trkpt lat="22.7185190" lon="120.3116500">
    <ele>20.2</ele>
    <time>2026-08-17T07:19:00Z</time>
   </trkpt>
   <trkpt lat="22.7185100" lon="120.3116480">
    <ele>20.2</ele>
    <time>2026-08-17T07:19:01Z</time>
   </trkpt>
   <trkpt lat="22.7184950" lon="120.3116470">
    <ele>20.1</ele>
    <time>2026-08-17T07:19:02Z</time>
   </trkpt>
   <trkpt lat="22.7184840" lon="120.3116490">
    <ele>20.1</ele>
    <time>2026-08-17T07:19:03Z</time>
   </trkpt>
   <trkpt lat="22.7184700" lon="120.3116460">
    <ele>20.1</ele>
    <time>2026-08-17T07:19:04Z</time>
   </trkpt>
   <trkpt lat="22.7184590" lon="120.3116390">
    <ele>20.0</ele>
    <time>2026-08-17T07:19:05Z</time>
   </trkpt>
   <trkpt lat="22.7184460" lon="120.3116330">
    <ele>20.0</ele>
    <time>2026-08-17T07:19:06Z</time>
   </trkpt>
   <trkpt lat="22.7184380" lon="120.3116290">
    <ele>20.0</ele>
    <time>2026-08-17T07:19:07Z</time>
   </trkpt>
   <trkpt lat="22.7184280" lon="120.3116320">
    <ele>20.0</ele>
    <time>2026-08-17T07:19:08Z</time>
   </trkpt>
   <trkpt lat="22.7184150" lon="120.3116320">
    <ele>19.9</ele>
    <time>2026-08-17T07:19:09Z</time>
   </trkpt>
   <trkpt lat="22.7184060" lon="120.3116280">
    <ele>19.9</ele>
    <time>2026-08-17T07:19:10Z</time>
   </trkpt>
   <trkpt lat="22.7183970" lon="120.3116250">
    <ele>19.9</ele>
    <time>2026-08-17T07:19:11Z</time>
   </trkpt>
   <trkpt lat="22.7183890" lon="120.3116260">
    <ele>19.8</ele>
    <time>2026-08-17T07:19:12Z</time>
   </trkpt>
   <trkpt lat="22.7183830" lon="120.3116310">
    <ele>19.8</ele>
    <time>2026-08-17T07:19:13Z</time>
   </trkpt>
   <trkpt lat="22.7183840" lon="120.3116400">
    <ele>19.8</ele>
    <time>2026-08-17T07:19:14Z</time>
   </trkpt>
   <trkpt lat="22.7183810" lon="120.3116550">
    <ele>19.8</ele>
    <time>2026-08-17T07:19:15Z</time>
   </trkpt>
   <trkpt lat="22.7183790" lon="120.3116670">
    <ele>19.8</ele>
    <time>2026-08-17T07:19:16Z</time>
   </trkpt>
   <trkpt lat="22.7183780" lon="120.3116750">
    <ele>19.8</ele>
    <time>2026-08-17T07:19:17Z</time>
   </trkpt>
   <trkpt lat="22.7183740" lon="120.3116880">
    <ele>19.7</ele>
    <time>2026-08-17T07:19:18Z</time>
   </trkpt>
   <trkpt lat="22.7183690" lon="120.3117030">
    <ele>19.7</ele>
    <time>2026-08-17T07:19:19Z</time>
   </trkpt>
   <trkpt lat="22.7183650" lon="120.3117150">
    <ele>19.7</ele>
    <time>2026-08-17T07:19:20Z</time>
   </trkpt>
   <trkpt lat="22.7183630" lon="120.3117300">
    <ele>19.7</ele>
    <time>2026-08-17T07:19:21Z</time>
   </trkpt>
   <trkpt lat="22.7183610" lon="120.3117440">
    <ele>19.6</ele>
    <time>2026-08-17T07:19:22Z</time>
   </trkpt>
   <trkpt lat="22.7183580" lon="120.3117570">
    <ele>19.6</ele>
    <time>2026-08-17T07:19:23Z</time>
   </trkpt>
   <trkpt lat="22.7183550" lon="120.3117670">
    <ele>19.6</ele>
    <time>2026-08-17T07:19:24Z</time>
   </trkpt>
   <trkpt lat="22.7183530" lon="120.3117790">
    <ele>19.6</ele>
    <time>2026-08-17T07:19:25Z</time>
   </trkpt>
   <trkpt lat="22.7183490" lon="120.3117920">
    <ele>19.5</ele>
    <time>2026-08-17T07:19:26Z</time>
   </trkpt>
   <trkpt lat="22.7183450" lon="120.3118070">
    <ele>19.5</ele>
    <time>2026-08-17T07:19:27Z</time>
   </trkpt>
   <trkpt lat="22.7183440" lon="120.3118140">
    <ele>19.5</ele>
    <time>2026-08-17T07:19:28Z</time>
   </trkpt>
   <trkpt lat="22.7183420" lon="120.3118220">
    <ele>19.5</ele>
    <time>2026-08-17T07:19:29Z</time>
   </trkpt>
   <trkpt lat="22.7183420" lon="120.3118340">
    <ele>19.4</ele>
    <time>2026-08-17T07:19:30Z</time>
   </trkpt>
   <trkpt lat="22.7183390" lon="120.3118470">
    <ele>19.4</ele>
    <time>2026-08-17T07:19:31Z</time>
   </trkpt>
   <trkpt lat="22.7183370" lon="120.3118580">
    <ele>19.4</ele>
    <time>2026-08-17T07:19:32Z</time>
   </trkpt>
   <trkpt lat="22.7183330" lon="120.3118700">
    <ele>19.3</ele>
    <time>2026-08-17T07:19:33Z</time>
   </trkpt>
   <trkpt lat="22.7183290" lon="120.3118790">
    <ele>19.3</ele>
    <time>2026-08-17T07:19:34Z</time>
   </trkpt>
   <trkpt lat="22.7183250" lon="120.3118880">
    <ele>19.3</ele>
    <time>2026-08-17T07:19:35Z</time>
   </trkpt>
   <trkpt lat="22.7183270" lon="120.3119000">
    <ele>19.3</ele>
    <time>2026-08-17T07:19:36Z</time>
   </trkpt>
   <trkpt lat="22.7183270" lon="120.3119130">
    <ele>19.2</ele>
    <time>2026-08-17T07:19:37Z</time>
   </trkpt>
   <trkpt lat="22.7183270" lon="120.3119240">
    <ele>19.2</ele>
    <time>2026-08-17T07:19:38Z</time>
   </trkpt>
   <trkpt lat="22.7183240" lon="120.3119360">
    <ele>19.2</ele>
    <time>2026-08-17T07:19:39Z</time>
   </trkpt>
   <trkpt lat="22.7183220" lon="120.3119450">
    <ele>19.2</ele>
    <time>2026-08-17T07:19:40Z</time>
   </trkpt>
   <trkpt lat="22.7183220" lon="120.3119570">
    <ele>19.2</ele>
    <time>2026-08-17T07:19:41Z</time>
   </trkpt>
   <trkpt lat="22.7183200" lon="120.3119700">
    <ele>19.2</ele>
    <time>2026-08-17T07:19:42Z</time>
   </trkpt>
   <trkpt lat="22.7183230" lon="120.3119770">
    <ele>19.2</ele>
    <time>2026-08-17T07:19:43Z</time>
   </trkpt>
   <trkpt lat="22.7183240" lon="120.3119860">
    <ele>19.2</ele>
    <time>2026-08-17T07:19:44Z</time>
   </trkpt>
   <trkpt lat="22.7183240" lon="120.3119930">
    <ele>19.2</ele>
    <time>2026-08-17T07:19:45Z</time>
   </trkpt>
   <trkpt lat="22.7183300" lon="120.3119940">
    <ele>19.2</ele>
    <time>2026-08-17T07:19:46Z</time>
   </trkpt>
   <trkpt lat="22.7183350" lon="120.3119920">
    <ele>19.2</ele>
    <time>2026-08-17T07:19:47Z</time>
   </trkpt>
   <trkpt lat="22.7183450" lon="120.3119910">
    <ele>19.2</ele>
    <time>2026-08-17T07:19:48Z</time>
   </trkpt>
   <trkpt lat="22.7183510" lon="120.3119930">
    <ele>19.2</ele>
    <time>2026-08-17T07:19:49Z</time>
   </trkpt>
   <trkpt lat="22.7183580" lon="120.3119950">
    <ele>19.2</ele>
    <time>2026-08-17T07:19:50Z</time>
   </trkpt>
   <trkpt lat="22.7183560" lon="120.3119950">
    <ele>19.1</ele>
    <time>2026-08-17T07:19:51Z</time>
   </trkpt>
   <trkpt lat="22.7183530" lon="120.3119920">
    <ele>19.1</ele>
    <time>2026-08-17T07:19:52Z</time>
   </trkpt>
   <trkpt lat="22.7183510" lon="120.3119910">
    <ele>19.1</ele>
    <time>2026-08-17T07:19:53Z</time>
   </trkpt>
   <trkpt lat="22.7183500" lon="120.3119880">
    <ele>19.1</ele>
    <time>2026-08-17T07:19:54Z</time>
   </trkpt>
   <trkpt lat="22.7183390" lon="120.3119890">
    <ele>19.1</ele>
    <time>2026-08-17T07:19:55Z</time>
   </trkpt>
   <trkpt lat="22.7183270" lon="120.3119910">
    <ele>19.1</ele>
    <time>2026-08-17T07:19:56Z</time>
   </trkpt>
   <trkpt lat="22.7183180" lon="120.3119930">
    <ele>19.1</ele>
    <time>2026-08-17T07:19:57Z</time>
   </trkpt>
   <trkpt lat="22.7183080" lon="120.3119950">
    <ele>19.1</ele>
    <time>2026-08-17T07:19:58Z</time>
   </trkpt>
   <trkpt lat="22.7183000" lon="120.3120010">
    <ele>19.1</ele>
    <time>2026-08-17T07:19:59Z</time>
   </trkpt>
   <trkpt lat="22.7182960" lon="120.3120160">
    <ele>19.1</ele>
    <time>2026-08-17T07:20:00Z</time>
   </trkpt>
   <trkpt lat="22.7182860" lon="120.3120220">
    <ele>19.1</ele>
    <time>2026-08-17T07:20:01Z</time>
   </trkpt>
   <trkpt lat="22.7182780" lon="120.3120310">
    <ele>19.1</ele>
    <time>2026-08-17T07:20:02Z</time>
   </trkpt>
   <trkpt lat="22.7182740" lon="120.3120360">
    <ele>19.1</ele>
    <time>2026-08-17T07:20:03Z</time>
   </trkpt>
   <trkpt lat="22.7182760" lon="120.3120340">
    <ele>19.1</ele>
    <time>2026-08-17T07:20:04Z</time>
   </trkpt>
   <trkpt lat="22.7182780" lon="120.3120290">
    <ele>19.1</ele>
    <time>2026-08-17T07:20:05Z</time>
   </trkpt>
   <trkpt lat="22.7182820" lon="120.3120250">
    <ele>19.1</ele>
    <time>2026-08-17T07:20:06Z</time>
   </trkpt>
   <trkpt lat="22.7182880" lon="120.3120270">
    <ele>19.1</ele>
    <time>2026-08-17T07:20:07Z</time>
   </trkpt>
   <trkpt lat="22.7182880" lon="120.3120280">
    <ele>19.1</ele>
    <time>2026-08-17T07:20:08Z</time>
   </trkpt>
   <trkpt lat="22.7182930" lon="120.3120300">
    <ele>19.1</ele>
    <time>2026-08-17T07:20:09Z</time>
   </trkpt>
   <trkpt lat="22.7182980" lon="120.3120310">
    <ele>19.1</ele>
    <time>2026-08-17T07:20:10Z</time>
   </trkpt>
   <trkpt lat="22.7183010" lon="120.3120370">
    <ele>19.1</ele>
    <time>2026-08-17T07:20:11Z</time>
   </trkpt>
   <trkpt lat="22.7183040" lon="120.3120500">
    <ele>19.1</ele>
    <time>2026-08-17T07:20:12Z</time>
   </trkpt>
   <trkpt lat="22.7183030" lon="120.3120560">
    <ele>19.1</ele>
    <time>2026-08-17T07:20:13Z</time>
   </trkpt>
   <trkpt lat="22.7182990" lon="120.3120660">
    <ele>19.1</ele>
    <time>2026-08-17T07:20:14Z</time>
   </trkpt>
   <trkpt lat="22.7182950" lon="120.3120740">
    <ele>19.1</ele>
    <time>2026-08-17T07:20:15Z</time>
   </trkpt>
   <trkpt lat="22.7182970" lon="120.3120660">
    <ele>19.1</ele>
    <time>2026-08-17T07:20:16Z</time>
   </trkpt>
   <trkpt lat="22.7183010" lon="120.3120660">
    <ele>19.1</ele>
    <time>2026-08-17T07:20:17Z</time>
   </trkpt>
   <trkpt lat="22.7182990" lon="120.3120650">
    <ele>19.1</ele>
    <time>2026-08-17T07:20:18Z</time>
   </trkpt>
   <trkpt lat="22.7182960" lon="120.3120690">
    <ele>19.1</ele>
    <time>2026-08-17T07:20:19Z</time>
   </trkpt>
   <trkpt lat="22.7182940" lon="120.3120730">
    <ele>19.1</ele>
    <time>2026-08-17T07:20:20Z</time>
   </trkpt>
   <trkpt lat="22.7182940" lon="120.3120750">
    <ele>19.1</ele>
    <time>2026-08-17T07:20:21Z</time>
   </trkpt>
   <trkpt lat="22.7182970" lon="120.3120800">
    <ele>19.1</ele>
    <time>2026-08-17T07:20:22Z</time>
   </trkpt>
   <trkpt lat="22.7182940" lon="120.3120890">
    <ele>19.1</ele>
    <time>2026-08-17T07:20:23Z</time>
   </trkpt>
   <trkpt lat="22.7182850" lon="120.3120960">
    <ele>19.1</ele>
    <time>2026-08-17T07:20:24Z</time>
   </trkpt>
   <trkpt lat="22.7182880" lon="120.3121050">
    <ele>19.1</ele>
    <time>2026-08-17T07:20:25Z</time>
   </trkpt>
   <trkpt lat="22.7182890" lon="120.3121070">
    <ele>19.1</ele>
    <time>2026-08-17T07:20:26Z</time>
   </trkpt>
   <trkpt lat="22.7183030" lon="120.3121100">
    <ele>19.1</ele>
    <time>2026-08-17T07:20:27Z</time>
   </trkpt>
   <trkpt lat="22.7183040" lon="120.3121120">
    <ele>19.1</ele>
    <time>2026-08-17T07:20:28Z</time>
   </trkpt>
   <trkpt lat="22.7183030" lon="120.3121120">
    <ele>19.1</ele>
    <time>2026-08-17T07:20:29Z</time>
   </trkpt>
   <trkpt lat="22.7182970" lon="120.3121150">
    <ele>19.1</ele>
    <time>2026-08-17T07:20:30Z</time>
   </trkpt>
   <trkpt lat="22.7182970" lon="120.3121170">
    <ele>19.1</ele>
    <time>2026-08-17T07:20:31Z</time>
   </trkpt>
   <trkpt lat="22.7182990" lon="120.3121210">
    <ele>19.1</ele>
    <time>2026-08-17T07:20:32Z</time>
   </trkpt>
   <trkpt lat="22.7183000" lon="120.3121230">
    <ele>19.1</ele>
    <time>2026-08-17T07:20:33Z</time>
   </trkpt>
   <trkpt lat="22.7182990" lon="120.3121250">
    <ele>19.1</ele>
    <time>2026-08-17T07:20:34Z</time>
   </trkpt>
   <trkpt lat="22.7182960" lon="120.3121270">
    <ele>19.1</ele>
    <time>2026-08-17T07:20:35Z</time>
   </trkpt>
   <trkpt lat="22.7182940" lon="120.3121330">
    <ele>19.1</ele>
    <time>2026-08-17T07:20:36Z</time>
   </trkpt>
   <trkpt lat="22.7182870" lon="120.3121420">
    <ele>19.1</ele>
    <time>2026-08-17T07:20:37Z</time>
   </trkpt>
   <trkpt lat="22.7182840" lon="120.3121560">
    <ele>19.1</ele>
    <time>2026-08-17T07:20:38Z</time>
   </trkpt>
   <trkpt lat="22.7182780" lon="120.3121550">
    <ele>19.1</ele>
    <time>2026-08-17T07:20:39Z</time>
   </trkpt>
   <trkpt lat="22.7182780" lon="120.3121530">
    <ele>19.1</ele>
    <time>2026-08-17T07:20:41Z</time>
   </trkpt>
   <trkpt lat="22.7182820" lon="120.3121520">
    <ele>19.1</ele>
    <time>2026-08-17T07:20:42Z</time>
   </trkpt>
   <trkpt lat="22.7182820" lon="120.3121520">
    <ele>19.1</ele>
    <time>2026-08-17T07:20:43Z</time>
   </trkpt>
   <trkpt lat="22.7182830" lon="120.3121520">
    <ele>19.1</ele>
    <time>2026-08-17T07:20:44Z</time>
   </trkpt>
   <trkpt lat="22.7182830" lon="120.3121520">
    <ele>19.1</ele>
    <time>2026-08-17T07:20:45Z</time>
   </trkpt>
   <trkpt lat="22.7182840" lon="120.3121520">
    <ele>19.1</ele>
    <time>2026-08-17T07:20:46Z</time>
   </trkpt>
   <trkpt lat="22.7182840" lon="120.3121520">
    <ele>19.1</ele>
    <time>2026-08-17T07:20:47Z</time>
   </trkpt>
   <trkpt lat="22.7182840" lon="120.3121520">
    <ele>19.1</ele>
    <time>2026-08-17T07:20:48Z</time>
   </trkpt>
   <trkpt lat="22.7182830" lon="120.3121530">
    <ele>19.1</ele>
    <time>2026-08-17T07:20:49Z</time>
   </trkpt>
   <trkpt lat="22.7182860" lon="120.3121530">
    <ele>19.1</ele>
    <time>2026-08-17T07:20:50Z</time>
   </trkpt>
   <trkpt lat="22.7182870" lon="120.3121560">
    <ele>19.1</ele>
    <time>2026-08-17T07:20:51Z</time>
   </trkpt>
   <trkpt lat="22.7182910" lon="120.3121660">
    <ele>19.1</ele>
    <time>2026-08-17T07:20:52Z</time>
   </trkpt>
   <trkpt lat="22.7182930" lon="120.3121760">
    <ele>19.1</ele>
    <time>2026-08-17T07:20:53Z</time>
   </trkpt>
   <trkpt lat="22.7182860" lon="120.3121840">
    <ele>19.1</ele>
    <time>2026-08-17T07:20:54Z</time>
   </trkpt>
   <trkpt lat="22.7182830" lon="120.3121910">
    <ele>19.1</ele>
    <time>2026-08-17T07:20:55Z</time>
   </trkpt>
   <trkpt lat="22.7182760" lon="120.3121970">
    <ele>19.1</ele>
    <time>2026-08-17T07:20:56Z</time>
   </trkpt>
   <trkpt lat="22.7182790" lon="120.3121900">
    <ele>19.1</ele>
    <time>2026-08-17T07:20:57Z</time>
   </trkpt>
   <trkpt lat="22.7182790" lon="120.3121920">
    <ele>19.1</ele>
    <time>2026-08-17T07:20:58Z</time>
   </trkpt>
   <trkpt lat="22.7182760" lon="120.3121950">
    <ele>19.1</ele>
    <time>2026-08-17T07:20:59Z</time>
   </trkpt>
   <trkpt lat="22.7182750" lon="120.3122080">
    <ele>19.1</ele>
    <time>2026-08-17T07:21:00Z</time>
   </trkpt>
   <trkpt lat="22.7182830" lon="120.3122240">
    <ele>19.1</ele>
    <time>2026-08-17T07:21:01Z</time>
   </trkpt>
   <trkpt lat="22.7182850" lon="120.3122360">
    <ele>19.1</ele>
    <time>2026-08-17T07:21:02Z</time>
   </trkpt>
   <trkpt lat="22.7182800" lon="120.3122420">
    <ele>19.1</ele>
    <time>2026-08-17T07:21:03Z</time>
   </trkpt>
   <trkpt lat="22.7182790" lon="120.3122460">
    <ele>19.1</ele>
    <time>2026-08-17T07:21:04Z</time>
   </trkpt>
   <trkpt lat="22.7182760" lon="120.3122440">
    <ele>19.1</ele>
    <time>2026-08-17T07:21:05Z</time>
   </trkpt>
   <trkpt lat="22.7182680" lon="120.3122390">
    <ele>19.1</ele>
    <time>2026-08-17T07:21:06Z</time>
   </trkpt>
   <trkpt lat="22.7182660" lon="120.3122350">
    <ele>19.1</ele>
    <time>2026-08-17T07:21:07Z</time>
   </trkpt>
   <trkpt lat="22.7182680" lon="120.3122350">
    <ele>19.1</ele>
    <time>2026-08-17T07:21:08Z</time>
   </trkpt>
   <trkpt lat="22.7182700" lon="120.3122330">
    <ele>19.1</ele>
    <time>2026-08-17T07:21:09Z</time>
   </trkpt>
   <trkpt lat="22.7182690" lon="120.3122340">
    <ele>19.1</ele>
    <time>2026-08-17T07:21:10Z</time>
   </trkpt>
   <trkpt lat="22.7182680" lon="120.3122360">
    <ele>19.1</ele>
    <time>2026-08-17T07:21:11Z</time>
   </trkpt>
   <trkpt lat="22.7182700" lon="120.3122470">
    <ele>19.1</ele>
    <time>2026-08-17T07:21:12Z</time>
   </trkpt>
   <trkpt lat="22.7182750" lon="120.3122450">
    <ele>19.1</ele>
    <time>2026-08-17T07:21:13Z</time>
   </trkpt>
   <trkpt lat="22.7182800" lon="120.3122490">
    <ele>19.1</ele>
    <time>2026-08-17T07:21:14Z</time>
   </trkpt>
   <trkpt lat="22.7182850" lon="120.3122590">
    <ele>19.1</ele>
    <time>2026-08-17T07:21:15Z</time>
   </trkpt>
   <trkpt lat="22.7182850" lon="120.3122670">
    <ele>19.1</ele>
    <time>2026-08-17T07:21:16Z</time>
   </trkpt>
   <trkpt lat="22.7182830" lon="120.3122790">
    <ele>19.1</ele>
    <time>2026-08-17T07:21:17Z</time>
   </trkpt>
   <trkpt lat="22.7182770" lon="120.3122900">
    <ele>19.1</ele>
    <time>2026-08-17T07:21:18Z</time>
   </trkpt>
   <trkpt lat="22.7182680" lon="120.3123010">
    <ele>19.1</ele>
    <time>2026-08-17T07:21:19Z</time>
   </trkpt>
   <trkpt lat="22.7182680" lon="120.3123120">
    <ele>19.1</ele>
    <time>2026-08-17T07:21:20Z</time>
   </trkpt>
   <trkpt lat="22.7182710" lon="120.3123240">
    <ele>19.1</ele>
    <time>2026-08-17T07:21:21Z</time>
   </trkpt>
   <trkpt lat="22.7182670" lon="120.3123340">
    <ele>19.1</ele>
    <time>2026-08-17T07:21:22Z</time>
   </trkpt>
   <trkpt lat="22.7182620" lon="120.3123450">
    <ele>19.1</ele>
    <time>2026-08-17T07:21:23Z</time>
   </trkpt>
   <trkpt lat="22.7182550" lon="120.3123550">
    <ele>19.1</ele>
    <time>2026-08-17T07:21:24Z</time>
   </trkpt>
   <trkpt lat="22.7182500" lon="120.3123650">
    <ele>19.1</ele>
    <time>2026-08-17T07:21:25Z</time>
   </trkpt>
   <trkpt lat="22.7182480" lon="120.3123770">
    <ele>19.1</ele>
    <time>2026-08-17T07:21:26Z</time>
   </trkpt>
   <trkpt lat="22.7182450" lon="120.3123900">
    <ele>19.1</ele>
    <time>2026-08-17T07:21:27Z</time>
   </trkpt>
   <trkpt lat="22.7182400" lon="120.3124020">
    <ele>19.1</ele>
    <time>2026-08-17T07:21:28Z</time>
   </trkpt>
   <trkpt lat="22.7182410" lon="120.3124090">
    <ele>19.1</ele>
    <time>2026-08-17T07:21:29Z</time>
   </trkpt>
   <trkpt lat="22.7182430" lon="120.3124150">
    <ele>19.1</ele>
    <time>2026-08-17T07:21:30Z</time>
   </trkpt>
   <trkpt lat="22.7182460" lon="120.3124270">
    <ele>19.1</ele>
    <time>2026-08-17T07:21:31Z</time>
   </trkpt>
   <trkpt lat="22.7182500" lon="120.3124290">
    <ele>19.1</ele>
    <time>2026-08-17T07:21:32Z</time>
   </trkpt>
   <trkpt lat="22.7182530" lon="120.3124330">
    <ele>19.1</ele>
    <time>2026-08-17T07:21:33Z</time>
   </trkpt>
   <trkpt lat="22.7182530" lon="120.3124320">
    <ele>19.1</ele>
    <time>2026-08-17T07:21:34Z</time>
   </trkpt>
   <trkpt lat="22.7182530" lon="120.3124320">
    <ele>19.1</ele>
    <time>2026-08-17T07:21:35Z</time>
   </trkpt>
   <trkpt lat="22.7182580" lon="120.3124400">
    <ele>19.1</ele>
    <time>2026-08-17T07:21:36Z</time>
   </trkpt>
   <trkpt lat="22.7182580" lon="120.3124410">
    <ele>19.1</ele>
    <time>2026-08-17T07:21:37Z</time>
   </trkpt>
   <trkpt lat="22.7182640" lon="120.3124370">
    <ele>19.1</ele>
    <time>2026-08-17T07:21:38Z</time>
   </trkpt>
   <trkpt lat="22.7182660" lon="120.3124380">
    <ele>19.1</ele>
    <time>2026-08-17T07:21:39Z</time>
   </trkpt>
   <trkpt lat="22.7182680" lon="120.3124450">
    <ele>19.1</ele>
    <time>2026-08-17T07:21:40Z</time>
   </trkpt>
   <trkpt lat="22.7182720" lon="120.3124530">
    <ele>19.1</ele>
    <time>2026-08-17T07:21:41Z</time>
   </trkpt>
   <trkpt lat="22.7182570" lon="120.3124530">
    <ele>19.1</ele>
    <time>2026-08-17T07:21:42Z</time>
   </trkpt>
   <trkpt lat="22.7182500" lon="120.3124640">
    <ele>19.1</ele>
    <time>2026-08-17T07:21:43Z</time>
   </trkpt>
   <trkpt lat="22.7182470" lon="120.3124760">
    <ele>19.1</ele>
    <time>2026-08-17T07:21:44Z</time>
   </trkpt>
   <trkpt lat="22.7182440" lon="120.3124870">
    <ele>19.1</ele>
    <time>2026-08-17T07:21:45Z</time>
   </trkpt>
   <trkpt lat="22.7182380" lon="120.3124980">
    <ele>19.1</ele>
    <time>2026-08-17T07:21:46Z</time>
   </trkpt>
   <trkpt lat="22.7182290" lon="120.3125080">
    <ele>19.1</ele>
    <time>2026-08-17T07:21:47Z</time>
   </trkpt>
   <trkpt lat="22.7182180" lon="120.3125110">
    <ele>19.1</ele>
    <time>2026-08-17T07:21:48Z</time>
   </trkpt>
   <trkpt lat="22.7182180" lon="120.3125200">
    <ele>19.1</ele>
    <time>2026-08-17T07:21:49Z</time>
   </trkpt>
   <trkpt lat="22.7182150" lon="120.3125280">
    <ele>19.1</ele>
    <time>2026-08-17T07:21:50Z</time>
   </trkpt>
   <trkpt lat="22.7182110" lon="120.3125360">
    <ele>19.1</ele>
    <time>2026-08-17T07:21:51Z</time>
   </trkpt>
   <trkpt lat="22.7182110" lon="120.3125520">
    <ele>19.1</ele>
    <time>2026-08-17T07:21:52Z</time>
   </trkpt>
   <trkpt lat="22.7182070" lon="120.3125630">
    <ele>19.1</ele>
    <time>2026-08-17T07:21:53Z</time>
   </trkpt>
   <trkpt lat="22.7182060" lon="120.3125720">
    <ele>19.1</ele>
    <time>2026-08-17T07:21:54Z</time>
   </trkpt>
   <trkpt lat="22.7181970" lon="120.3125820">
    <ele>19.1</ele>
    <time>2026-08-17T07:21:55Z</time>
   </trkpt>
   <trkpt lat="22.7181940" lon="120.3125930">
    <ele>19.1</ele>
    <time>2026-08-17T07:21:56Z</time>
   </trkpt>
   <trkpt lat="22.7181830" lon="120.3126010">
    <ele>19.2</ele>
    <time>2026-08-17T07:21:57Z</time>
   </trkpt>
   <trkpt lat="22.7181740" lon="120.3126110">
    <ele>19.2</ele>
    <time>2026-08-17T07:21:58Z</time>
   </trkpt>
   <trkpt lat="22.7181650" lon="120.3126220">
    <ele>19.2</ele>
    <time>2026-08-17T07:21:59Z</time>
   </trkpt>
   <trkpt lat="22.7181570" lon="120.3126290">
    <ele>19.2</ele>
    <time>2026-08-17T07:22:00Z</time>
   </trkpt>
   <trkpt lat="22.7181480" lon="120.3126340">
    <ele>19.2</ele>
    <time>2026-08-17T07:22:01Z</time>
   </trkpt>
   <trkpt lat="22.7181390" lon="120.3126420">
    <ele>19.2</ele>
    <time>2026-08-17T07:22:02Z</time>
   </trkpt>
   <trkpt lat="22.7181310" lon="120.3126480">
    <ele>19.2</ele>
    <time>2026-08-17T07:22:03Z</time>
   </trkpt>
   <trkpt lat="22.7181220" lon="120.3126550">
    <ele>19.2</ele>
    <time>2026-08-17T07:22:04Z</time>
   </trkpt>
   <trkpt lat="22.7181130" lon="120.3126580">
    <ele>19.2</ele>
    <time>2026-08-17T07:22:05Z</time>
   </trkpt>
   <trkpt lat="22.7181020" lon="120.3126610">
    <ele>19.2</ele>
    <time>2026-08-17T07:22:06Z</time>
   </trkpt>
   <trkpt lat="22.7180940" lon="120.3126710">
    <ele>19.2</ele>
    <time>2026-08-17T07:22:07Z</time>
   </trkpt>
   <trkpt lat="22.7180880" lon="120.3126770">
    <ele>19.2</ele>
    <time>2026-08-17T07:22:08Z</time>
   </trkpt>
   <trkpt lat="22.7180770" lon="120.3126800">
    <ele>19.2</ele>
    <time>2026-08-17T07:22:09Z</time>
   </trkpt>
   <trkpt lat="22.7180710" lon="120.3126890">
    <ele>19.2</ele>
    <time>2026-08-17T07:22:10Z</time>
   </trkpt>
   <trkpt lat="22.7180650" lon="120.3127020">
    <ele>19.3</ele>
    <time>2026-08-17T07:22:11Z</time>
   </trkpt>
   <trkpt lat="22.7180630" lon="120.3127090">
    <ele>19.3</ele>
    <time>2026-08-17T07:22:12Z</time>
   </trkpt>
   <trkpt lat="22.7180510" lon="120.3127400">
    <ele>19.3</ele>
    <time>2026-08-17T07:22:13Z</time>
   </trkpt>
   <trkpt lat="22.7180490" lon="120.3127510">
    <ele>19.3</ele>
    <time>2026-08-17T07:22:14Z</time>
   </trkpt>
   <trkpt lat="22.7180490" lon="120.3127640">
    <ele>19.3</ele>
    <time>2026-08-17T07:22:15Z</time>
   </trkpt>
   <trkpt lat="22.7180470" lon="120.3127690">
    <ele>19.3</ele>
    <time>2026-08-17T07:22:16Z</time>
   </trkpt>
   <trkpt lat="22.7180430" lon="120.3127740">
    <ele>19.3</ele>
    <time>2026-08-17T07:22:17Z</time>
   </trkpt>
   <trkpt lat="22.7180290" lon="120.3127820">
    <ele>19.3</ele>
    <time>2026-08-17T07:22:18Z</time>
   </trkpt>
   <trkpt lat="22.7180190" lon="120.3127900">
    <ele>19.4</ele>
    <time>2026-08-17T07:22:19Z</time>
   </trkpt>
   <trkpt lat="22.7180030" lon="120.3127950">
    <ele>19.4</ele>
    <time>2026-08-17T07:22:20Z</time>
   </trkpt>
   <trkpt lat="22.7179880" lon="120.3127960">
    <ele>19.4</ele>
    <time>2026-08-17T07:22:21Z</time>
   </trkpt>
   <trkpt lat="22.7179780" lon="120.3127880">
    <ele>19.4</ele>
    <time>2026-08-17T07:22:22Z</time>
   </trkpt>
   <trkpt lat="22.7179630" lon="120.3127870">
    <ele>19.4</ele>
    <time>2026-08-17T07:22:23Z</time>
   </trkpt>
   <trkpt lat="22.7179510" lon="120.3127840">
    <ele>19.4</ele>
    <time>2026-08-17T07:22:24Z</time>
   </trkpt>
   <trkpt lat="22.7179380" lon="120.3127830">
    <ele>19.4</ele>
    <time>2026-08-17T07:22:25Z</time>
   </trkpt>
   <trkpt lat="22.7179310" lon="120.3127840">
    <ele>19.4</ele>
    <time>2026-08-17T07:22:26Z</time>
   </trkpt>
   <trkpt lat="22.7179180" lon="120.3127800">
    <ele>19.4</ele>
    <time>2026-08-17T07:22:27Z</time>
   </trkpt>
   <trkpt lat="22.7179060" lon="120.3127800">
    <ele>19.4</ele>
    <time>2026-08-17T07:22:28Z</time>
   </trkpt>
   <trkpt lat="22.7178940" lon="120.3127800">
    <ele>19.4</ele>
    <time>2026-08-17T07:22:29Z</time>
   </trkpt>
   <trkpt lat="22.7178800" lon="120.3127820">
    <ele>19.4</ele>
    <time>2026-08-17T07:22:30Z</time>
   </trkpt>
   <trkpt lat="22.7178640" lon="120.3127850">
    <ele>19.4</ele>
    <time>2026-08-17T07:22:31Z</time>
   </trkpt>
   <trkpt lat="22.7178490" lon="120.3127890">
    <ele>19.4</ele>
    <time>2026-08-17T07:22:32Z</time>
   </trkpt>
   <trkpt lat="22.7178370" lon="120.3127950">
    <ele>19.4</ele>
    <time>2026-08-17T07:22:33Z</time>
   </trkpt>
   <trkpt lat="22.7178230" lon="120.3128020">
    <ele>19.4</ele>
    <time>2026-08-17T07:22:34Z</time>
   </trkpt>
   <trkpt lat="22.7178140" lon="120.3128040">
    <ele>19.4</ele>
    <time>2026-08-17T07:22:35Z</time>
   </trkpt>
   <trkpt lat="22.7178010" lon="120.3128040">
    <ele>19.4</ele>
    <time>2026-08-17T07:22:36Z</time>
   </trkpt>
   <trkpt lat="22.7177860" lon="120.3128010">
    <ele>19.4</ele>
    <time>2026-08-17T07:22:37Z</time>
   </trkpt>
   <trkpt lat="22.7177740" lon="120.3128020">
    <ele>19.4</ele>
    <time>2026-08-17T07:22:38Z</time>
   </trkpt>
   <trkpt lat="22.7177590" lon="120.3128010">
    <ele>19.4</ele>
    <time>2026-08-17T07:22:39Z</time>
   </trkpt>
   <trkpt lat="22.7177460" lon="120.3128020">
    <ele>19.4</ele>
    <time>2026-08-17T07:22:40Z</time>
   </trkpt>
   <trkpt lat="22.7177370" lon="120.3127990">
    <ele>19.4</ele>
    <time>2026-08-17T07:22:41Z</time>
   </trkpt>
   <trkpt lat="22.7177280" lon="120.3127970">
    <ele>19.4</ele>
    <time>2026-08-17T07:22:42Z</time>
   </trkpt>
   <trkpt lat="22.7177190" lon="120.3127980">
    <ele>19.4</ele>
    <time>2026-08-17T07:22:43Z</time>
   </trkpt>
   <trkpt lat="22.7177040" lon="120.3127960">
    <ele>19.4</ele>
    <time>2026-08-17T07:22:45Z</time>
   </trkpt>
   <trkpt lat="22.7176930" lon="120.3127940">
    <ele>19.4</ele>
    <time>2026-08-17T07:22:46Z</time>
   </trkpt>
   <trkpt lat="22.7176810" lon="120.3127870">
    <ele>19.4</ele>
    <time>2026-08-17T07:22:47Z</time>
   </trkpt>
   <trkpt lat="22.7176730" lon="120.3127890">
    <ele>19.4</ele>
    <time>2026-08-17T07:22:48Z</time>
   </trkpt>
   <trkpt lat="22.7176620" lon="120.3127870">
    <ele>19.4</ele>
    <time>2026-08-17T07:22:49Z</time>
   </trkpt>
   <trkpt lat="22.7176490" lon="120.3127850">
    <ele>19.4</ele>
    <time>2026-08-17T07:22:50Z</time>
   </trkpt>
   <trkpt lat="22.7176380" lon="120.3127800">
    <ele>19.4</ele>
    <time>2026-08-17T07:22:51Z</time>
   </trkpt>
   <trkpt lat="22.7176260" lon="120.3127760">
    <ele>19.4</ele>
    <time>2026-08-17T07:22:52Z</time>
   </trkpt>
   <trkpt lat="22.7176160" lon="120.3127730">
    <ele>19.4</ele>
    <time>2026-08-17T07:22:53Z</time>
   </trkpt>
   <trkpt lat="22.7176100" lon="120.3127630">
    <ele>19.4</ele>
    <time>2026-08-17T07:22:54Z</time>
   </trkpt>
   <trkpt lat="22.7176000" lon="120.3127550">
    <ele>19.4</ele>
    <time>2026-08-17T07:22:55Z</time>
   </trkpt>
   <trkpt lat="22.7175960" lon="120.3127460">
    <ele>19.4</ele>
    <time>2026-08-17T07:22:56Z</time>
   </trkpt>
   <trkpt lat="22.7175950" lon="120.3127370">
    <ele>19.4</ele>
    <time>2026-08-17T07:22:57Z</time>
   </trkpt>
   <trkpt lat="22.7175980" lon="120.3127170">
    <ele>19.4</ele>
    <time>2026-08-17T07:22:58Z</time>
   </trkpt>
   <trkpt lat="22.7176010" lon="120.3126950">
    <ele>19.4</ele>
    <time>2026-08-17T07:22:59Z</time>
   </trkpt>
   <trkpt lat="22.7176110" lon="120.3126740">
    <ele>19.3</ele>
    <time>2026-08-17T07:23:00Z</time>
   </trkpt>
   <trkpt lat="22.7176200" lon="120.3126550">
    <ele>19.3</ele>
    <time>2026-08-17T07:23:01Z</time>
   </trkpt>
   <trkpt lat="22.7176240" lon="120.3126400">
    <ele>19.3</ele>
    <time>2026-08-17T07:23:02Z</time>
   </trkpt>
   <trkpt lat="22.7176310" lon="120.3126240">
    <ele>19.3</ele>
    <time>2026-08-17T07:23:03Z</time>
   </trkpt>
   <trkpt lat="22.7176370" lon="120.3126120">
    <ele>19.3</ele>
    <time>2026-08-17T07:23:04Z</time>
   </trkpt>
   <trkpt lat="22.7176410" lon="120.3125980">
    <ele>19.3</ele>
    <time>2026-08-17T07:23:05Z</time>
   </trkpt>
   <trkpt lat="22.7176470" lon="120.3125820">
    <ele>19.2</ele>
    <time>2026-08-17T07:23:06Z</time>
   </trkpt>
   <trkpt lat="22.7176500" lon="120.3125640">
    <ele>19.2</ele>
    <time>2026-08-17T07:23:07Z</time>
   </trkpt>
   <trkpt lat="22.7176530" lon="120.3125470">
    <ele>19.2</ele>
    <time>2026-08-17T07:23:08Z</time>
   </trkpt>
   <trkpt lat="22.7176530" lon="120.3125310">
    <ele>19.2</ele>
    <time>2026-08-17T07:23:09Z</time>
   </trkpt>
   <trkpt lat="22.7176570" lon="120.3125200">
    <ele>19.2</ele>
    <time>2026-08-17T07:23:10Z</time>
   </trkpt>
   <trkpt lat="22.7176690" lon="120.3125170">
    <ele>19.2</ele>
    <time>2026-08-17T07:23:11Z</time>
   </trkpt>
   <trkpt lat="22.7176780" lon="120.3125120">
    <ele>19.1</ele>
    <time>2026-08-17T07:23:12Z</time>
   </trkpt>
   <trkpt lat="22.7176850" lon="120.3125040">
    <ele>19.1</ele>
    <time>2026-08-17T07:23:13Z</time>
   </trkpt>
   <trkpt lat="22.7176850" lon="120.3124970">
    <ele>19.1</ele>
    <time>2026-08-17T07:23:14Z</time>
   </trkpt>
   <trkpt lat="22.7176860" lon="120.3124850">
    <ele>19.1</ele>
    <time>2026-08-17T07:23:15Z</time>
   </trkpt>
   <trkpt lat="22.7176850" lon="120.3124840">
    <ele>19.1</ele>
    <time>2026-08-17T07:23:16Z</time>
   </trkpt>
   <trkpt lat="22.7176810" lon="120.3124860">
    <ele>19.1</ele>
    <time>2026-08-17T07:23:17Z</time>
   </trkpt>
   <trkpt lat="22.7176750" lon="120.3124810">
    <ele>19.1</ele>
    <time>2026-08-17T07:23:18Z</time>
   </trkpt>
   <trkpt lat="22.7176750" lon="120.3124810">
    <ele>19.1</ele>
    <time>2026-08-17T07:23:19Z</time>
   </trkpt>
   <trkpt lat="22.7176640" lon="120.3124720">
    <ele>19.1</ele>
    <time>2026-08-17T07:23:20Z</time>
   </trkpt>
   <trkpt lat="22.7176570" lon="120.3124650">
    <ele>19.1</ele>
    <time>2026-08-17T07:23:21Z</time>
   </trkpt>
   <trkpt lat="22.7176570" lon="120.3124620">
    <ele>19.1</ele>
    <time>2026-08-17T07:23:22Z</time>
   </trkpt>
   <trkpt lat="22.7176630" lon="120.3124590">
    <ele>19.1</ele>
    <time>2026-08-17T07:23:23Z</time>
   </trkpt>
   <trkpt lat="22.7176680" lon="120.3124510">
    <ele>19.1</ele>
    <time>2026-08-17T07:23:24Z</time>
   </trkpt>
   <trkpt lat="22.7176720" lon="120.3124540">
    <ele>19.1</ele>
    <time>2026-08-17T07:23:25Z</time>
   </trkpt>
   <trkpt lat="22.7176760" lon="120.3124540">
    <ele>19.1</ele>
    <time>2026-08-17T07:23:26Z</time>
   </trkpt>
   <trkpt lat="22.7176750" lon="120.3124510">
    <ele>19.1</ele>
    <time>2026-08-17T07:23:27Z</time>
   </trkpt>
   <trkpt lat="22.7176720" lon="120.3124530">
    <ele>19.1</ele>
    <time>2026-08-17T07:23:28Z</time>
   </trkpt>
   <trkpt lat="22.7176690" lon="120.3124640">
    <ele>19.1</ele>
    <time>2026-08-17T07:23:29Z</time>
   </trkpt>
   <trkpt lat="22.7176700" lon="120.3124700">
    <ele>19.1</ele>
    <time>2026-08-17T07:23:30Z</time>
   </trkpt>
   <trkpt lat="22.7176780" lon="120.3124740">
    <ele>19.1</ele>
    <time>2026-08-17T07:23:31Z</time>
   </trkpt>
   <trkpt lat="22.7176890" lon="120.3124740">
    <ele>19.1</ele>
    <time>2026-08-17T07:23:32Z</time>
   </trkpt>
   <trkpt lat="22.7176980" lon="120.3124800">
    <ele>19.1</ele>
    <time>2026-08-17T07:23:33Z</time>
   </trkpt>
   <trkpt lat="22.7177020" lon="120.3124770">
    <ele>19.1</ele>
    <time>2026-08-17T07:23:34Z</time>
   </trkpt>
   <trkpt lat="22.7177070" lon="120.3124740">
    <ele>19.1</ele>
    <time>2026-08-17T07:23:35Z</time>
   </trkpt>
   <trkpt lat="22.7177110" lon="120.3124650">
    <ele>19.1</ele>
    <time>2026-08-17T07:23:36Z</time>
   </trkpt>
   <trkpt lat="22.7177140" lon="120.3124580">
    <ele>19.1</ele>
    <time>2026-08-17T07:23:37Z</time>
   </trkpt>
   <trkpt lat="22.7177170" lon="120.3124460">
    <ele>19.1</ele>
    <time>2026-08-17T07:23:38Z</time>
   </trkpt>
   <trkpt lat="22.7177290" lon="120.3124420">
    <ele>19.1</ele>
    <time>2026-08-17T07:23:39Z</time>
   </trkpt>
   <trkpt lat="22.7177350" lon="120.3124510">
    <ele>19.1</ele>
    <time>2026-08-17T07:23:40Z</time>
   </trkpt>
   <trkpt lat="22.7177360" lon="120.3124600">
    <ele>19.1</ele>
    <time>2026-08-17T07:23:41Z</time>
   </trkpt>
   <trkpt lat="22.7177330" lon="120.3124710">
    <ele>19.1</ele>
    <time>2026-08-17T07:23:42Z</time>
   </trkpt>
   <trkpt lat="22.7177340" lon="120.3124720">
    <ele>19.1</ele>
    <time>2026-08-17T07:23:43Z</time>
   </trkpt>
   <trkpt lat="22.7177380" lon="120.3124670">
    <ele>19.1</ele>
    <time>2026-08-17T07:23:44Z</time>
   </trkpt>
   <trkpt lat="22.7177390" lon="120.3124620">
    <ele>19.1</ele>
    <time>2026-08-17T07:23:45Z</time>
   </trkpt>
   <trkpt lat="22.7177420" lon="120.3124640">
    <ele>19.1</ele>
    <time>2026-08-17T07:23:46Z</time>
   </trkpt>
   <trkpt lat="22.7177420" lon="120.3124640">
    <ele>19.1</ele>
    <time>2026-08-17T07:23:47Z</time>
   </trkpt>
   <trkpt lat="22.7177430" lon="120.3124600">
    <ele>19.1</ele>
    <time>2026-08-17T07:23:48Z</time>
   </trkpt>
   <trkpt lat="22.7177460" lon="120.3124490">
    <ele>19.1</ele>
    <time>2026-08-17T07:23:49Z</time>
   </trkpt>
   <trkpt lat="22.7177480" lon="120.3124470">
    <ele>19.1</ele>
    <time>2026-08-17T07:23:50Z</time>
   </trkpt>
   <trkpt lat="22.7177510" lon="120.3124400">
    <ele>19.1</ele>
    <time>2026-08-17T07:23:51Z</time>
   </trkpt>
   <trkpt lat="22.7177550" lon="120.3124330">
    <ele>19.1</ele>
    <time>2026-08-17T07:23:52Z</time>
   </trkpt>
   <trkpt lat="22.7177550" lon="120.3124260">
    <ele>19.1</ele>
    <time>2026-08-17T07:23:53Z</time>
   </trkpt>
   <trkpt lat="22.7177550" lon="120.3124210">
    <ele>19.1</ele>
    <time>2026-08-17T07:23:54Z</time>
   </trkpt>
   <trkpt lat="22.7177540" lon="120.3124170">
    <ele>19.1</ele>
    <time>2026-08-17T07:23:55Z</time>
   </trkpt>
   <trkpt lat="22.7177440" lon="120.3124100">
    <ele>19.1</ele>
    <time>2026-08-17T07:23:56Z</time>
   </trkpt>
   <trkpt lat="22.7177390" lon="120.3124220">
    <ele>19.1</ele>
    <time>2026-08-17T07:23:57Z</time>
   </trkpt>
   <trkpt lat="22.7177360" lon="120.3124110">
    <ele>19.1</ele>
    <time>2026-08-17T07:23:58Z</time>
   </trkpt>
   <trkpt lat="22.7177300" lon="120.3124130">
    <ele>19.1</ele>
    <time>2026-08-17T07:23:59Z</time>
   </trkpt>
   <trkpt lat="22.7177270" lon="120.3124100">
    <ele>19.1</ele>
    <time>2026-08-17T07:24:00Z</time>
   </trkpt>
   <trkpt lat="22.7177280" lon="120.3124110">
    <ele>19.1</ele>
    <time>2026-08-17T07:24:01Z</time>
   </trkpt>
   <trkpt lat="22.7177190" lon="120.3124090">
    <ele>19.1</ele>
    <time>2026-08-17T07:24:02Z</time>
   </trkpt>
   <trkpt lat="22.7177140" lon="120.3124050">
    <ele>19.1</ele>
    <time>2026-08-17T07:24:03Z</time>
   </trkpt>
   <trkpt lat="22.7177150" lon="120.3123990">
    <ele>19.1</ele>
    <time>2026-08-17T07:24:04Z</time>
   </trkpt>
   <trkpt lat="22.7177170" lon="120.3123880">
    <ele>19.1</ele>
    <time>2026-08-17T07:24:05Z</time>
   </trkpt>
   <trkpt lat="22.7177220" lon="120.3123810">
    <ele>19.1</ele>
    <time>2026-08-17T07:24:06Z</time>
   </trkpt>
   <trkpt lat="22.7177230" lon="120.3123760">
    <ele>19.1</ele>
    <time>2026-08-17T07:24:07Z</time>
   </trkpt>
   <trkpt lat="22.7177330" lon="120.3123600">
    <ele>19.1</ele>
    <time>2026-08-17T07:24:08Z</time>
   </trkpt>
   <trkpt lat="22.7177400" lon="120.3123490">
    <ele>19.1</ele>
    <time>2026-08-17T07:24:09Z</time>
   </trkpt>
   <trkpt lat="22.7177420" lon="120.3123410">
    <ele>19.1</ele>
    <time>2026-08-17T07:24:10Z</time>
   </trkpt>
   <trkpt lat="22.7177440" lon="120.3123300">
    <ele>19.1</ele>
    <time>2026-08-17T07:24:11Z</time>
   </trkpt>
   <trkpt lat="22.7177410" lon="120.3123160">
    <ele>19.1</ele>
    <time>2026-08-17T07:24:12Z</time>
   </trkpt>
   <trkpt lat="22.7177410" lon="120.3123030">
    <ele>19.1</ele>
    <time>2026-08-17T07:24:13Z</time>
   </trkpt>
   <trkpt lat="22.7177430" lon="120.3122900">
    <ele>19.1</ele>
    <time>2026-08-17T07:24:14Z</time>
   </trkpt>
   <trkpt lat="22.7177440" lon="120.3122780">
    <ele>19.1</ele>
    <time>2026-08-17T07:24:15Z</time>
   </trkpt>
   <trkpt lat="22.7177460" lon="120.3122720">
    <ele>19.1</ele>
    <time>2026-08-17T07:24:16Z</time>
   </trkpt>
   <trkpt lat="22.7177460" lon="120.3122670">
    <ele>19.1</ele>
    <time>2026-08-17T07:24:17Z</time>
   </trkpt>
   <trkpt lat="22.7177500" lon="120.3122550">
    <ele>19.1</ele>
    <time>2026-08-17T07:24:18Z</time>
   </trkpt>
   <trkpt lat="22.7177630" lon="120.3122340">
    <ele>19.1</ele>
    <time>2026-08-17T07:24:19Z</time>
   </trkpt>
   <trkpt lat="22.7177720" lon="120.3122250">
    <ele>19.1</ele>
    <time>2026-08-17T07:24:20Z</time>
   </trkpt>
   <trkpt lat="22.7177810" lon="120.3122180">
    <ele>19.1</ele>
    <time>2026-08-17T07:24:21Z</time>
   </trkpt>
   <trkpt lat="22.7177890" lon="120.3122080">
    <ele>19.1</ele>
    <time>2026-08-17T07:24:22Z</time>
   </trkpt>
   <trkpt lat="22.7177960" lon="120.3121960">
    <ele>19.1</ele>
    <time>2026-08-17T07:24:23Z</time>
   </trkpt>
   <trkpt lat="22.7178010" lon="120.3121900">
    <ele>19.1</ele>
    <time>2026-08-17T07:24:24Z</time>
   </trkpt>
   <trkpt lat="22.7178020" lon="120.3121870">
    <ele>19.1</ele>
    <time>2026-08-17T07:24:25Z</time>
   </trkpt>
   <trkpt lat="22.7178010" lon="120.3121780">
    <ele>19.1</ele>
    <time>2026-08-17T07:24:26Z</time>
   </trkpt>
   <trkpt lat="22.7177990" lon="120.3121650">
    <ele>19.1</ele>
    <time>2026-08-17T07:24:27Z</time>
   </trkpt>
   <trkpt lat="22.7177950" lon="120.3121640">
    <ele>19.1</ele>
    <time>2026-08-17T07:24:28Z</time>
   </trkpt>
   <trkpt lat="22.7177970" lon="120.3121580">
    <ele>19.1</ele>
    <time>2026-08-17T07:24:29Z</time>
   </trkpt>
   <trkpt lat="22.7177940" lon="120.3121550">
    <ele>19.1</ele>
    <time>2026-08-17T07:24:30Z</time>
   </trkpt>
   <trkpt lat="22.7177930" lon="120.3121520">
    <ele>19.1</ele>
    <time>2026-08-17T07:24:31Z</time>
   </trkpt>
   <trkpt lat="22.7177910" lon="120.3121490">
    <ele>19.1</ele>
    <time>2026-08-17T07:24:32Z</time>
   </trkpt>
   <trkpt lat="22.7177890" lon="120.3121460">
    <ele>19.1</ele>
    <time>2026-08-17T07:24:33Z</time>
   </trkpt>
   <trkpt lat="22.7177900" lon="120.3121400">
    <ele>19.1</ele>
    <time>2026-08-17T07:24:34Z</time>
   </trkpt>
   <trkpt lat="22.7177930" lon="120.3121280">
    <ele>19.1</ele>
    <time>2026-08-17T07:24:35Z</time>
   </trkpt>
   <trkpt lat="22.7177990" lon="120.3121160">
    <ele>19.1</ele>
    <time>2026-08-17T07:24:36Z</time>
   </trkpt>
   <trkpt lat="22.7178010" lon="120.3121080">
    <ele>19.1</ele>
    <time>2026-08-17T07:24:37Z</time>
   </trkpt>
   <trkpt lat="22.7178080" lon="120.3120960">
    <ele>19.1</ele>
    <time>2026-08-17T07:24:38Z</time>
   </trkpt>
   <trkpt lat="22.7178150" lon="120.3120840">
    <ele>19.1</ele>
    <time>2026-08-17T07:24:39Z</time>
   </trkpt>
   <trkpt lat="22.7178190" lon="120.3120760">
    <ele>19.1</ele>
    <time>2026-08-17T07:24:40Z</time>
   </trkpt>
   <trkpt lat="22.7178210" lon="120.3120730">
    <ele>19.1</ele>
    <time>2026-08-17T07:24:41Z</time>
   </trkpt>
   <trkpt lat="22.7178220" lon="120.3120640">
    <ele>19.1</ele>
    <time>2026-08-17T07:24:42Z</time>
   </trkpt>
   <trkpt lat="22.7178290" lon="120.3120560">
    <ele>19.1</ele>
    <time>2026-08-17T07:24:43Z</time>
   </trkpt>
   <trkpt lat="22.7178380" lon="120.3120520">
    <ele>19.2</ele>
    <time>2026-08-17T07:24:44Z</time>
   </trkpt>
   <trkpt lat="22.7178400" lon="120.3120450">
    <ele>19.2</ele>
    <time>2026-08-17T07:24:45Z</time>
   </trkpt>
   <trkpt lat="22.7178380" lon="120.3120400">
    <ele>19.2</ele>
    <time>2026-08-17T07:24:46Z</time>
   </trkpt>
   <trkpt lat="22.7178360" lon="120.3120380">
    <ele>19.2</ele>
    <time>2026-08-17T07:24:47Z</time>
   </trkpt>
   <trkpt lat="22.7178350" lon="120.3120380">
    <ele>19.2</ele>
    <time>2026-08-17T07:24:48Z</time>
   </trkpt>
   <trkpt lat="22.7178340" lon="120.3120390">
    <ele>19.2</ele>
    <time>2026-08-17T07:24:49Z</time>
   </trkpt>
   <trkpt lat="22.7178270" lon="120.3120370">
    <ele>19.2</ele>
    <time>2026-08-17T07:24:50Z</time>
   </trkpt>
   <trkpt lat="22.7178270" lon="120.3120380">
    <ele>19.2</ele>
    <time>2026-08-17T07:24:51Z</time>
   </trkpt>
   <trkpt lat="22.7178270" lon="120.3120380">
    <ele>19.2</ele>
    <time>2026-08-17T07:24:53Z</time>
   </trkpt>
   <trkpt lat="22.7178300" lon="120.3120380">
    <ele>19.2</ele>
    <time>2026-08-17T07:24:54Z</time>
   </trkpt>
   <trkpt lat="22.7178260" lon="120.3120270">
    <ele>19.2</ele>
    <time>2026-08-17T07:24:55Z</time>
   </trkpt>
   <trkpt lat="22.7178300" lon="120.3120160">
    <ele>19.2</ele>
    <time>2026-08-17T07:24:56Z</time>
   </trkpt>
   <trkpt lat="22.7178280" lon="120.3120010">
    <ele>19.2</ele>
    <time>2026-08-17T07:24:57Z</time>
   </trkpt>
   <trkpt lat="22.7178290" lon="120.3119850">
    <ele>19.2</ele>
    <time>2026-08-17T07:24:58Z</time>
   </trkpt>
   <trkpt lat="22.7178310" lon="120.3119730">
    <ele>19.2</ele>
    <time>2026-08-17T07:24:59Z</time>
   </trkpt>
   <trkpt lat="22.7178350" lon="120.3119650">
    <ele>19.2</ele>
    <time>2026-08-17T07:25:00Z</time>
   </trkpt>
   <trkpt lat="22.7178360" lon="120.3119510">
    <ele>19.2</ele>
    <time>2026-08-17T07:25:01Z</time>
   </trkpt>
   <trkpt lat="22.7178370" lon="120.3119420">
    <ele>19.2</ele>
    <time>2026-08-17T07:25:02Z</time>
   </trkpt>
   <trkpt lat="22.7178380" lon="120.3119360">
    <ele>19.2</ele>
    <time>2026-08-17T07:25:03Z</time>
   </trkpt>
   <trkpt lat="22.7178420" lon="120.3119320">
    <ele>19.2</ele>
    <time>2026-08-17T07:25:04Z</time>
   </trkpt>
   <trkpt lat="22.7178400" lon="120.3119230">
    <ele>19.2</ele>
    <time>2026-08-17T07:25:05Z</time>
   </trkpt>
   <trkpt lat="22.7178430" lon="120.3119150">
    <ele>19.2</ele>
    <time>2026-08-17T07:25:06Z</time>
   </trkpt>
   <trkpt lat="22.7178450" lon="120.3119100">
    <ele>19.2</ele>
    <time>2026-08-17T07:25:07Z</time>
   </trkpt>
   <trkpt lat="22.7178450" lon="120.3118970">
    <ele>19.2</ele>
    <time>2026-08-17T07:25:08Z</time>
   </trkpt>
   <trkpt lat="22.7178500" lon="120.3118840">
    <ele>19.2</ele>
    <time>2026-08-17T07:25:09Z</time>
   </trkpt>
   <trkpt lat="22.7178570" lon="120.3118780">
    <ele>19.2</ele>
    <time>2026-08-17T07:25:10Z</time>
   </trkpt>
   <trkpt lat="22.7178630" lon="120.3118700">
    <ele>19.2</ele>
    <time>2026-08-17T07:25:11Z</time>
   </trkpt>
   <trkpt lat="22.7178670" lon="120.3118630">
    <ele>19.2</ele>
    <time>2026-08-17T07:25:12Z</time>
   </trkpt>
   <trkpt lat="22.7178700" lon="120.3118630">
    <ele>19.2</ele>
    <time>2026-08-17T07:25:13Z</time>
   </trkpt>
   <trkpt lat="22.7178720" lon="120.3118610">
    <ele>19.2</ele>
    <time>2026-08-17T07:25:14Z</time>
   </trkpt>
   <trkpt lat="22.7178700" lon="120.3118600">
    <ele>19.2</ele>
    <time>2026-08-17T07:25:15Z</time>
   </trkpt>
   <trkpt lat="22.7178690" lon="120.3118610">
    <ele>19.2</ele>
    <time>2026-08-17T07:25:16Z</time>
   </trkpt>
   <trkpt lat="22.7178700" lon="120.3118610">
    <ele>19.2</ele>
    <time>2026-08-17T07:25:17Z</time>
   </trkpt>
   <trkpt lat="22.7178700" lon="120.3118620">
    <ele>19.2</ele>
    <time>2026-08-17T07:25:18Z</time>
   </trkpt>
   <trkpt lat="22.7178690" lon="120.3118630">
    <ele>19.2</ele>
    <time>2026-08-17T07:25:19Z</time>
   </trkpt>
   <trkpt lat="22.7178710" lon="120.3118630">
    <ele>19.2</ele>
    <time>2026-08-17T07:25:20Z</time>
   </trkpt>
   <trkpt lat="22.7178730" lon="120.3118630">
    <ele>19.2</ele>
    <time>2026-08-17T07:25:21Z</time>
   </trkpt>
   <trkpt lat="22.7178690" lon="120.3118560">
    <ele>19.2</ele>
    <time>2026-08-17T07:25:22Z</time>
   </trkpt>
   <trkpt lat="22.7178660" lon="120.3118520">
    <ele>19.2</ele>
    <time>2026-08-17T07:25:23Z</time>
   </trkpt>
   <trkpt lat="22.7178640" lon="120.3118500">
    <ele>19.2</ele>
    <time>2026-08-17T07:25:24Z</time>
   </trkpt>
   <trkpt lat="22.7178700" lon="120.3118500">
    <ele>19.2</ele>
    <time>2026-08-17T07:25:25Z</time>
   </trkpt>
   <trkpt lat="22.7178700" lon="120.3118500">
    <ele>19.2</ele>
    <time>2026-08-17T07:25:26Z</time>
   </trkpt>
   <trkpt lat="22.7178660" lon="120.3118510">
    <ele>19.2</ele>
    <time>2026-08-17T07:25:27Z</time>
   </trkpt>
   <trkpt lat="22.7178640" lon="120.3118490">
    <ele>19.2</ele>
    <time>2026-08-17T07:25:28Z</time>
   </trkpt>
   <trkpt lat="22.7178580" lon="120.3118450">
    <ele>19.2</ele>
    <time>2026-08-17T07:25:29Z</time>
   </trkpt>
   <trkpt lat="22.7178580" lon="120.3118420">
    <ele>19.2</ele>
    <time>2026-08-17T07:25:30Z</time>
   </trkpt>
   <trkpt lat="22.7178550" lon="120.3118360">
    <ele>19.2</ele>
    <time>2026-08-17T07:25:31Z</time>
   </trkpt>
   <trkpt lat="22.7178610" lon="120.3118320">
    <ele>19.2</ele>
    <time>2026-08-17T07:25:32Z</time>
   </trkpt>
   <trkpt lat="22.7178660" lon="120.3118250">
    <ele>19.2</ele>
    <time>2026-08-17T07:25:33Z</time>
   </trkpt>
   <trkpt lat="22.7178700" lon="120.3118200">
    <ele>19.2</ele>
    <time>2026-08-17T07:25:34Z</time>
   </trkpt>
   <trkpt lat="22.7178760" lon="120.3118210">
    <ele>19.2</ele>
    <time>2026-08-17T07:25:35Z</time>
   </trkpt>
   <trkpt lat="22.7178870" lon="120.3118240">
    <ele>19.2</ele>
    <time>2026-08-17T07:25:36Z</time>
   </trkpt>
   <trkpt lat="22.7178950" lon="120.3118270">
    <ele>19.2</ele>
    <time>2026-08-17T07:25:37Z</time>
   </trkpt>
   <trkpt lat="22.7178980" lon="120.3118330">
    <ele>19.2</ele>
    <time>2026-08-17T07:25:38Z</time>
   </trkpt>
   <trkpt lat="22.7179020" lon="120.3118320">
    <ele>19.2</ele>
    <time>2026-08-17T07:25:39Z</time>
   </trkpt>
   <trkpt lat="22.7179050" lon="120.3118300">
    <ele>19.2</ele>
    <time>2026-08-17T07:25:40Z</time>
   </trkpt>
   <trkpt lat="22.7179120" lon="120.3118250">
    <ele>19.2</ele>
    <time>2026-08-17T07:25:41Z</time>
   </trkpt>
   <trkpt lat="22.7179210" lon="120.3118240">
    <ele>19.2</ele>
    <time>2026-08-17T07:25:42Z</time>
   </trkpt>
   <trkpt lat="22.7179370" lon="120.3118120">
    <ele>19.2</ele>
    <time>2026-08-17T07:25:43Z</time>
   </trkpt>
   <trkpt lat="22.7179440" lon="120.3118050">
    <ele>19.1</ele>
    <time>2026-08-17T07:25:44Z</time>
   </trkpt>
   <trkpt lat="22.7179520" lon="120.3117930">
    <ele>19.1</ele>
    <time>2026-08-17T07:25:45Z</time>
   </trkpt>
   <trkpt lat="22.7179560" lon="120.3117830">
    <ele>19.1</ele>
    <time>2026-08-17T07:25:46Z</time>
   </trkpt>
   <trkpt lat="22.7179480" lon="120.3117790">
    <ele>19.1</ele>
    <time>2026-08-17T07:25:47Z</time>
   </trkpt>
   <trkpt lat="22.7179390" lon="120.3117930">
    <ele>19.1</ele>
    <time>2026-08-17T07:25:48Z</time>
   </trkpt>
   <trkpt lat="22.7179350" lon="120.3118010">
    <ele>19.1</ele>
    <time>2026-08-17T07:25:49Z</time>
   </trkpt>
   <trkpt lat="22.7179330" lon="120.3118000">
    <ele>19.1</ele>
    <time>2026-08-17T07:25:50Z</time>
   </trkpt>
   <trkpt lat="22.7179320" lon="120.3118000">
    <ele>19.1</ele>
    <time>2026-08-17T07:25:51Z</time>
   </trkpt>
   <trkpt lat="22.7179350" lon="120.3117970">
    <ele>19.1</ele>
    <time>2026-08-17T07:25:52Z</time>
   </trkpt>
   <trkpt lat="22.7179370" lon="120.3117990">
    <ele>19.1</ele>
    <time>2026-08-17T07:25:53Z</time>
   </trkpt>
   <trkpt lat="22.7179370" lon="120.3117960">
    <ele>19.1</ele>
    <time>2026-08-17T07:25:54Z</time>
   </trkpt>
   <trkpt lat="22.7179370" lon="120.3117960">
    <ele>19.1</ele>
    <time>2026-08-17T07:25:55Z</time>
   </trkpt>
   <trkpt lat="22.7179360" lon="120.3117940">
    <ele>19.1</ele>
    <time>2026-08-17T07:25:56Z</time>
   </trkpt>
   <trkpt lat="22.7179410" lon="120.3117900">
    <ele>19.1</ele>
    <time>2026-08-17T07:25:57Z</time>
   </trkpt>
   <trkpt lat="22.7179480" lon="120.3117810">
    <ele>19.1</ele>
    <time>2026-08-17T07:25:58Z</time>
   </trkpt>
   <trkpt lat="22.7179540" lon="120.3117720">
    <ele>19.1</ele>
    <time>2026-08-17T07:25:59Z</time>
   </trkpt>
   <trkpt lat="22.7179600" lon="120.3117650">
    <ele>19.1</ele>
    <time>2026-08-17T07:26:00Z</time>
   </trkpt>
   <trkpt lat="22.7179650" lon="120.3117530">
    <ele>19.1</ele>
    <time>2026-08-17T07:26:01Z</time>
   </trkpt>
   <trkpt lat="22.7179650" lon="120.3117420">
    <ele>19.1</ele>
    <time>2026-08-17T07:26:02Z</time>
   </trkpt>
   <trkpt lat="22.7179640" lon="120.3117280">
    <ele>19.2</ele>
    <time>2026-08-17T07:26:03Z</time>
   </trkpt>
   <trkpt lat="22.7179670" lon="120.3117180">
    <ele>19.2</ele>
    <time>2026-08-17T07:26:04Z</time>
   </trkpt>
   <trkpt lat="22.7179680" lon="120.3117060">
    <ele>19.2</ele>
    <time>2026-08-17T07:26:05Z</time>
   </trkpt>
   <trkpt lat="22.7179680" lon="120.3116930">
    <ele>19.2</ele>
    <time>2026-08-17T07:26:06Z</time>
   </trkpt>
   <trkpt lat="22.7179710" lon="120.3116820">
    <ele>19.2</ele>
    <time>2026-08-17T07:26:07Z</time>
   </trkpt>
   <trkpt lat="22.7179720" lon="120.3116700">
    <ele>19.2</ele>
    <time>2026-08-17T07:26:08Z</time>
   </trkpt>
   <trkpt lat="22.7179740" lon="120.3116650">
    <ele>19.2</ele>
    <time>2026-08-17T07:26:09Z</time>
   </trkpt>
   <trkpt lat="22.7179830" lon="120.3116670">
    <ele>19.2</ele>
    <time>2026-08-17T07:26:10Z</time>
   </trkpt>
   <trkpt lat="22.7179900" lon="120.3116700">
    <ele>19.2</ele>
    <time>2026-08-17T07:26:11Z</time>
   </trkpt>
   <trkpt lat="22.7179850" lon="120.3116700">
    <ele>19.2</ele>
    <time>2026-08-17T07:26:12Z</time>
   </trkpt>
   <trkpt lat="22.7179840" lon="120.3116710">
    <ele>19.2</ele>
    <time>2026-08-17T07:26:13Z</time>
   </trkpt>
   <trkpt lat="22.7179840" lon="120.3116770">
    <ele>19.3</ele>
    <time>2026-08-17T07:26:14Z</time>
   </trkpt>
   <trkpt lat="22.7179830" lon="120.3116690">
    <ele>19.3</ele>
    <time>2026-08-17T07:26:15Z</time>
   </trkpt>
   <trkpt lat="22.7179870" lon="120.3116690">
    <ele>19.3</ele>
    <time>2026-08-17T07:26:16Z</time>
   </trkpt>
   <trkpt lat="22.7179930" lon="120.3116650">
    <ele>19.3</ele>
    <time>2026-08-17T07:26:17Z</time>
   </trkpt>
   <trkpt lat="22.7180000" lon="120.3116540">
    <ele>19.3</ele>
    <time>2026-08-17T07:26:18Z</time>
   </trkpt>
   <trkpt lat="22.7180020" lon="120.3116390">
    <ele>19.3</ele>
    <time>2026-08-17T07:26:19Z</time>
   </trkpt>
   <trkpt lat="22.7180030" lon="120.3116260">
    <ele>19.3</ele>
    <time>2026-08-17T07:26:20Z</time>
   </trkpt>
   <trkpt lat="22.7180050" lon="120.3116170">
    <ele>19.3</ele>
    <time>2026-08-17T07:26:21Z</time>
   </trkpt>
   <trkpt lat="22.7180090" lon="120.3116040">
    <ele>19.3</ele>
    <time>2026-08-17T07:26:22Z</time>
   </trkpt>
   <trkpt lat="22.7180130" lon="120.3115930">
    <ele>19.4</ele>
    <time>2026-08-17T07:26:23Z</time>
   </trkpt>
   <trkpt lat="22.7180140" lon="120.3115830">
    <ele>19.4</ele>
    <time>2026-08-17T07:26:24Z</time>
   </trkpt>
   <trkpt lat="22.7180240" lon="120.3115550">
    <ele>19.4</ele>
    <time>2026-08-17T07:26:25Z</time>
   </trkpt>
   <trkpt lat="22.7180240" lon="120.3115470">
    <ele>19.4</ele>
    <time>2026-08-17T07:26:26Z</time>
   </trkpt>
   <trkpt lat="22.7180220" lon="120.3115320">
    <ele>19.4</ele>
    <time>2026-08-17T07:26:27Z</time>
   </trkpt>
   <trkpt lat="22.7180180" lon="120.3115300">
    <ele>19.4</ele>
    <time>2026-08-17T07:26:28Z</time>
   </trkpt>
   <trkpt lat="22.7180110" lon="120.3115370">
    <ele>19.4</ele>
    <time>2026-08-17T07:26:29Z</time>
   </trkpt>
   <trkpt lat="22.7180070" lon="120.3115440">
    <ele>19.4</ele>
    <time>2026-08-17T07:26:30Z</time>
   </trkpt>
   <trkpt lat="22.7180050" lon="120.3115490">
    <ele>19.4</ele>
    <time>2026-08-17T07:26:31Z</time>
   </trkpt>
   <trkpt lat="22.7180050" lon="120.3115490">
    <ele>19.4</ele>
    <time>2026-08-17T07:26:32Z</time>
   </trkpt>
   <trkpt lat="22.7180080" lon="120.3115460">
    <ele>19.4</ele>
    <time>2026-08-17T07:26:33Z</time>
   </trkpt>
   <trkpt lat="22.7180080" lon="120.3115450">
    <ele>19.4</ele>
    <time>2026-08-17T07:26:34Z</time>
   </trkpt>
   <trkpt lat="22.7180080" lon="120.3115450">
    <ele>19.4</ele>
    <time>2026-08-17T07:26:35Z</time>
   </trkpt>
   <trkpt lat="22.7180110" lon="120.3115430">
    <ele>19.4</ele>
    <time>2026-08-17T07:26:36Z</time>
   </trkpt>
   <trkpt lat="22.7180170" lon="120.3115410">
    <ele>19.4</ele>
    <time>2026-08-17T07:26:37Z</time>
   </trkpt>
   <trkpt lat="22.7180160" lon="120.3115360">
    <ele>19.5</ele>
    <time>2026-08-17T07:26:38Z</time>
   </trkpt>
   <trkpt lat="22.7180120" lon="120.3115210">
    <ele>19.5</ele>
    <time>2026-08-17T07:26:39Z</time>
   </trkpt>
   <trkpt lat="22.7180090" lon="120.3115150">
    <ele>19.5</ele>
    <time>2026-08-17T07:26:40Z</time>
   </trkpt>
   <trkpt lat="22.7180090" lon="120.3115090">
    <ele>19.5</ele>
    <time>2026-08-17T07:26:41Z</time>
   </trkpt>
   <trkpt lat="22.7180100" lon="120.3114990">
    <ele>19.5</ele>
    <time>2026-08-17T07:26:42Z</time>
   </trkpt>
   <trkpt lat="22.7180130" lon="120.3114890">
    <ele>19.5</ele>
    <time>2026-08-17T07:26:43Z</time>
   </trkpt>
   <trkpt lat="22.7180130" lon="120.3114860">
    <ele>19.5</ele>
    <time>2026-08-17T07:26:44Z</time>
   </trkpt>
   <trkpt lat="22.7180000" lon="120.3114890">
    <ele>19.5</ele>
    <time>2026-08-17T07:26:45Z</time>
   </trkpt>
   <trkpt lat="22.7179850" lon="120.3114930">
    <ele>19.5</ele>
    <time>2026-08-17T07:26:46Z</time>
   </trkpt>
   <trkpt lat="22.7179800" lon="120.3115020">
    <ele>19.5</ele>
    <time>2026-08-17T07:26:47Z</time>
   </trkpt>
   <trkpt lat="22.7179790" lon="120.3115130">
    <ele>19.5</ele>
    <time>2026-08-17T07:26:48Z</time>
   </trkpt>
   <trkpt lat="22.7179780" lon="120.3115160">
    <ele>19.5</ele>
    <time>2026-08-17T07:26:49Z</time>
   </trkpt>
   <trkpt lat="22.7179820" lon="120.3115190">
    <ele>19.5</ele>
    <time>2026-08-17T07:26:50Z</time>
   </trkpt>
   <trkpt lat="22.7179800" lon="120.3115180">
    <ele>19.5</ele>
    <time>2026-08-17T07:26:51Z</time>
   </trkpt>
   <trkpt lat="22.7179820" lon="120.3115150">
    <ele>19.5</ele>
    <time>2026-08-17T07:26:52Z</time>
   </trkpt>
   <trkpt lat="22.7179820" lon="120.3115150">
    <ele>19.5</ele>
    <time>2026-08-17T07:26:53Z</time>
   </trkpt>
   <trkpt lat="22.7179820" lon="120.3115150">
    <ele>19.5</ele>
    <time>2026-08-17T07:26:54Z</time>
   </trkpt>
   <trkpt lat="22.7179840" lon="120.3115140">
    <ele>19.5</ele>
    <time>2026-08-17T07:26:55Z</time>
   </trkpt>
   <trkpt lat="22.7179870" lon="120.3115130">
    <ele>19.5</ele>
    <time>2026-08-17T07:26:56Z</time>
   </trkpt>
   <trkpt lat="22.7179850" lon="120.3115140">
    <ele>19.5</ele>
    <time>2026-08-17T07:26:57Z</time>
   </trkpt>
   <trkpt lat="22.7179790" lon="120.3115110">
    <ele>19.5</ele>
    <time>2026-08-17T07:26:58Z</time>
   </trkpt>
   <trkpt lat="22.7179700" lon="120.3115060">
    <ele>19.5</ele>
    <time>2026-08-17T07:27:00Z</time>
   </trkpt>
   <trkpt lat="22.7179570" lon="120.3115020">
    <ele>19.6</ele>
    <time>2026-08-17T07:27:01Z</time>
   </trkpt>
   <trkpt lat="22.7179530" lon="120.3114930">
    <ele>19.6</ele>
    <time>2026-08-17T07:27:02Z</time>
   </trkpt>
   <trkpt lat="22.7179470" lon="120.3114880">
    <ele>19.6</ele>
    <time>2026-08-17T07:27:03Z</time>
   </trkpt>
   <trkpt lat="22.7179450" lon="120.3114900">
    <ele>19.6</ele>
    <time>2026-08-17T07:27:04Z</time>
   </trkpt>
   <trkpt lat="22.7179520" lon="120.3114950">
    <ele>19.6</ele>
    <time>2026-08-17T07:27:05Z</time>
   </trkpt>
   <trkpt lat="22.7179550" lon="120.3114960">
    <ele>19.6</ele>
    <time>2026-08-17T07:27:06Z</time>
   </trkpt>
   <trkpt lat="22.7179570" lon="120.3114950">
    <ele>19.6</ele>
    <time>2026-08-17T07:27:07Z</time>
   </trkpt>
   <trkpt lat="22.7179520" lon="120.3114920">
    <ele>19.6</ele>
    <time>2026-08-17T07:27:08Z</time>
   </trkpt>
   <trkpt lat="22.7179460" lon="120.3114800">
    <ele>19.6</ele>
    <time>2026-08-17T07:27:09Z</time>
   </trkpt>
   <trkpt lat="22.7179470" lon="120.3114760">
    <ele>19.6</ele>
    <time>2026-08-17T07:27:10Z</time>
   </trkpt>
   <trkpt lat="22.7179530" lon="120.3114740">
    <ele>19.6</ele>
    <time>2026-08-17T07:27:11Z</time>
   </trkpt>
   <trkpt lat="22.7179530" lon="120.3114720">
    <ele>19.6</ele>
    <time>2026-08-17T07:27:12Z</time>
   </trkpt>
   <trkpt lat="22.7179530" lon="120.3114720">
    <ele>19.6</ele>
    <time>2026-08-17T07:27:13Z</time>
   </trkpt>
   <trkpt lat="22.7179530" lon="120.3114640">
    <ele>19.6</ele>
    <time>2026-08-17T07:27:14Z</time>
   </trkpt>
   <trkpt lat="22.7179530" lon="120.3114600">
    <ele>19.6</ele>
    <time>2026-08-17T07:27:15Z</time>
   </trkpt>
   <trkpt lat="22.7179520" lon="120.3114530">
    <ele>19.6</ele>
    <time>2026-08-17T07:27:16Z</time>
   </trkpt>
   <trkpt lat="22.7179490" lon="120.3114450">
    <ele>19.6</ele>
    <time>2026-08-17T07:27:17Z</time>
   </trkpt>
   <trkpt lat="22.7179390" lon="120.3114320">
    <ele>19.6</ele>
    <time>2026-08-17T07:27:18Z</time>
   </trkpt>
   <trkpt lat="22.7179320" lon="120.3114260">
    <ele>19.6</ele>
    <time>2026-08-17T07:27:19Z</time>
   </trkpt>
   <trkpt lat="22.7179250" lon="120.3114250">
    <ele>19.6</ele>
    <time>2026-08-17T07:27:20Z</time>
   </trkpt>
   <trkpt lat="22.7179190" lon="120.3114160">
    <ele>19.6</ele>
    <time>2026-08-17T07:27:21Z</time>
   </trkpt>
   <trkpt lat="22.7179110" lon="120.3114080">
    <ele>19.6</ele>
    <time>2026-08-17T07:27:22Z</time>
   </trkpt>
   <trkpt lat="22.7179090" lon="120.3114130">
    <ele>19.6</ele>
    <time>2026-08-17T07:27:23Z</time>
   </trkpt>
   <trkpt lat="22.7179090" lon="120.3114100">
    <ele>19.6</ele>
    <time>2026-08-17T07:27:24Z</time>
   </trkpt>
   <trkpt lat="22.7179050" lon="120.3114030">
    <ele>19.7</ele>
    <time>2026-08-17T07:27:25Z</time>
   </trkpt>
   <trkpt lat="22.7178890" lon="120.3113950">
    <ele>19.7</ele>
    <time>2026-08-17T07:27:26Z</time>
   </trkpt>
   <trkpt lat="22.7178750" lon="120.3113920">
    <ele>19.7</ele>
    <time>2026-08-17T07:27:27Z</time>
   </trkpt>
   <trkpt lat="22.7178660" lon="120.3113920">
    <ele>19.7</ele>
    <time>2026-08-17T07:27:28Z</time>
   </trkpt>
   <trkpt lat="22.7178560" lon="120.3113960">
    <ele>19.7</ele>
    <time>2026-08-17T07:27:29Z</time>
   </trkpt>
   <trkpt lat="22.7178470" lon="120.3114000">
    <ele>19.7</ele>
    <time>2026-08-17T07:27:30Z</time>
   </trkpt>
   <trkpt lat="22.7178430" lon="120.3114050">
    <ele>19.7</ele>
    <time>2026-08-17T07:27:31Z</time>
   </trkpt>
   <trkpt lat="22.7178410" lon="120.3114100">
    <ele>19.7</ele>
    <time>2026-08-17T07:27:32Z</time>
   </trkpt>
   <trkpt lat="22.7178430" lon="120.3114110">
    <ele>19.7</ele>
    <time>2026-08-17T07:27:33Z</time>
   </trkpt>
   <trkpt lat="22.7178390" lon="120.3114170">
    <ele>19.7</ele>
    <time>2026-08-17T07:27:34Z</time>
   </trkpt>
   <trkpt lat="22.7178300" lon="120.3114220">
    <ele>19.7</ele>
    <time>2026-08-17T07:27:35Z</time>
   </trkpt>
   <trkpt lat="22.7178310" lon="120.3114200">
    <ele>19.7</ele>
    <time>2026-08-17T07:27:36Z</time>
   </trkpt>
   <trkpt lat="22.7178310" lon="120.3114230">
    <ele>19.7</ele>
    <time>2026-08-17T07:27:37Z</time>
   </trkpt>
   <trkpt lat="22.7178190" lon="120.3114200">
    <ele>19.7</ele>
    <time>2026-08-17T07:27:38Z</time>
   </trkpt>
   <trkpt lat="22.7178110" lon="120.3114120">
    <ele>19.7</ele>
    <time>2026-08-17T07:27:39Z</time>
   </trkpt>
   <trkpt lat="22.7178020" lon="120.3114070">
    <ele>19.7</ele>
    <time>2026-08-17T07:27:40Z</time>
   </trkpt>
   <trkpt lat="22.7177920" lon="120.3114130">
    <ele>19.7</ele>
    <time>2026-08-17T07:27:41Z</time>
   </trkpt>
   <trkpt lat="22.7177840" lon="120.3114220">
    <ele>19.8</ele>
    <time>2026-08-17T07:27:42Z</time>
   </trkpt>
   <trkpt lat="22.7177850" lon="120.3114300">
    <ele>19.8</ele>
    <time>2026-08-17T07:27:43Z</time>
   </trkpt>
   <trkpt lat="22.7177880" lon="120.3114410">
    <ele>19.8</ele>
    <time>2026-08-17T07:27:44Z</time>
   </trkpt>
   <trkpt lat="22.7177900" lon="120.3114410">
    <ele>19.8</ele>
    <time>2026-08-17T07:27:45Z</time>
   </trkpt>
   <trkpt lat="22.7177920" lon="120.3114360">
    <ele>19.8</ele>
    <time>2026-08-17T07:27:46Z</time>
   </trkpt>
   <trkpt lat="22.7177930" lon="120.3114350">
    <ele>19.8</ele>
    <time>2026-08-17T07:27:47Z</time>
   </trkpt>
   <trkpt lat="22.7177950" lon="120.3114370">
    <ele>19.8</ele>
    <time>2026-08-17T07:27:48Z</time>
   </trkpt>
   <trkpt lat="22.7177950" lon="120.3114370">
    <ele>19.8</ele>
    <time>2026-08-17T07:27:49Z</time>
   </trkpt>
   <trkpt lat="22.7177970" lon="120.3114400">
    <ele>19.8</ele>
    <time>2026-08-17T07:27:50Z</time>
   </trkpt>
   <trkpt lat="22.7177990" lon="120.3114410">
    <ele>19.8</ele>
    <time>2026-08-17T07:27:51Z</time>
   </trkpt>
   <trkpt lat="22.7178000" lon="120.3114370">
    <ele>19.8</ele>
    <time>2026-08-17T07:27:52Z</time>
   </trkpt>
   <trkpt lat="22.7177980" lon="120.3114370">
    <ele>19.8</ele>
    <time>2026-08-17T07:27:53Z</time>
   </trkpt>
   <trkpt lat="22.7178160" lon="120.3114270">
    <ele>19.8</ele>
    <time>2026-08-17T07:27:54Z</time>
   </trkpt>
   <trkpt lat="22.7178060" lon="120.3114310">
    <ele>19.8</ele>
    <time>2026-08-17T07:27:55Z</time>
   </trkpt>
   <trkpt lat="22.7178100" lon="120.3114170">
    <ele>19.8</ele>
    <time>2026-08-17T07:27:56Z</time>
   </trkpt>
   <trkpt lat="22.7178080" lon="120.3114120">
    <ele>19.8</ele>
    <time>2026-08-17T07:27:57Z</time>
   </trkpt>
   <trkpt lat="22.7178050" lon="120.3114020">
    <ele>19.8</ele>
    <time>2026-08-17T07:27:58Z</time>
   </trkpt>
   <trkpt lat="22.7178010" lon="120.3113890">
    <ele>19.8</ele>
    <time>2026-08-17T07:27:59Z</time>
   </trkpt>
   <trkpt lat="22.7177930" lon="120.3113870">
    <ele>19.8</ele>
    <time>2026-08-17T07:28:00Z</time>
   </trkpt>
   <trkpt lat="22.7177850" lon="120.3113830">
    <ele>19.8</ele>
    <time>2026-08-17T07:28:01Z</time>
   </trkpt>
   <trkpt lat="22.7177800" lon="120.3113780">
    <ele>19.8</ele>
    <time>2026-08-17T07:28:02Z</time>
   </trkpt>
   <trkpt lat="22.7177790" lon="120.3113770">
    <ele>19.8</ele>
    <time>2026-08-17T07:28:03Z</time>
   </trkpt>
   <trkpt lat="22.7177830" lon="120.3113840">
    <ele>19.8</ele>
    <time>2026-08-17T07:28:04Z</time>
   </trkpt>
   <trkpt lat="22.7177840" lon="120.3113760">
    <ele>19.8</ele>
    <time>2026-08-17T07:28:05Z</time>
   </trkpt>
   <trkpt lat="22.7177860" lon="120.3113780">
    <ele>19.8</ele>
    <time>2026-08-17T07:28:06Z</time>
   </trkpt>
   <trkpt lat="22.7177870" lon="120.3113810">
    <ele>19.8</ele>
    <time>2026-08-17T07:28:07Z</time>
   </trkpt>
   <trkpt lat="22.7177910" lon="120.3113810">
    <ele>19.8</ele>
    <time>2026-08-17T07:28:08Z</time>
   </trkpt>
   <trkpt lat="22.7177940" lon="120.3113810">
    <ele>19.8</ele>
    <time>2026-08-17T07:28:09Z</time>
   </trkpt>
   <trkpt lat="22.7177940" lon="120.3113820">
    <ele>19.8</ele>
    <time>2026-08-17T07:28:10Z</time>
   </trkpt>
   <trkpt lat="22.7177940" lon="120.3113820">
    <ele>19.8</ele>
    <time>2026-08-17T07:28:11Z</time>
   </trkpt>
   <trkpt lat="22.7178020" lon="120.3113750">
    <ele>19.9</ele>
    <time>2026-08-17T07:28:12Z</time>
   </trkpt>
   <trkpt lat="22.7178070" lon="120.3113670">
    <ele>19.9</ele>
    <time>2026-08-17T07:28:13Z</time>
   </trkpt>
   <trkpt lat="22.7178070" lon="120.3113600">
    <ele>19.9</ele>
    <time>2026-08-17T07:28:14Z</time>
   </trkpt>
   <trkpt lat="22.7178090" lon="120.3113520">
    <ele>19.9</ele>
    <time>2026-08-17T07:28:15Z</time>
   </trkpt>
   <trkpt lat="22.7178100" lon="120.3113520">
    <ele>19.9</ele>
    <time>2026-08-17T07:28:16Z</time>
   </trkpt>
   <trkpt lat="22.7178120" lon="120.3113500">
    <ele>19.9</ele>
    <time>2026-08-17T07:28:17Z</time>
   </trkpt>
   <trkpt lat="22.7178110" lon="120.3113440">
    <ele>19.9</ele>
    <time>2026-08-17T07:28:18Z</time>
   </trkpt>
   <trkpt lat="22.7178130" lon="120.3113470">
    <ele>19.9</ele>
    <time>2026-08-17T07:28:19Z</time>
   </trkpt>
   <trkpt lat="22.7178170" lon="120.3113530">
    <ele>19.9</ele>
    <time>2026-08-17T07:28:20Z</time>
   </trkpt>
   <trkpt lat="22.7178220" lon="120.3113460">
    <ele>19.9</ele>
    <time>2026-08-17T07:28:21Z</time>
   </trkpt>
   <trkpt lat="22.7178390" lon="120.3113360">
    <ele>19.9</ele>
    <time>2026-08-17T07:28:22Z</time>
   </trkpt>
   <trkpt lat="22.7178420" lon="120.3113300">
    <ele>19.9</ele>
    <time>2026-08-17T07:28:23Z</time>
   </trkpt>
   <trkpt lat="22.7178450" lon="120.3113240">
    <ele>19.9</ele>
    <time>2026-08-17T07:28:24Z</time>
   </trkpt>
   <trkpt lat="22.7178440" lon="120.3113160">
    <ele>19.9</ele>
    <time>2026-08-17T07:28:25Z</time>
   </trkpt>
   <trkpt lat="22.7178410" lon="120.3112950">
    <ele>19.9</ele>
    <time>2026-08-17T07:28:26Z</time>
   </trkpt>
   <trkpt lat="22.7178430" lon="120.3112890">
    <ele>19.9</ele>
    <time>2026-08-17T07:28:27Z</time>
   </trkpt>
   <trkpt lat="22.7178520" lon="120.3112910">
    <ele>19.9</ele>
    <time>2026-08-17T07:28:28Z</time>
   </trkpt>
   <trkpt lat="22.7178490" lon="120.3112850">
    <ele>19.9</ele>
    <time>2026-08-17T07:28:29Z</time>
   </trkpt>
   <trkpt lat="22.7178490" lon="120.3112880">
    <ele>19.9</ele>
    <time>2026-08-17T07:28:30Z</time>
   </trkpt>
   <trkpt lat="22.7178590" lon="120.3112880">
    <ele>19.9</ele>
    <time>2026-08-17T07:28:31Z</time>
   </trkpt>
   <trkpt lat="22.7178660" lon="120.3112730">
    <ele>19.9</ele>
    <time>2026-08-17T07:28:32Z</time>
   </trkpt>
   <trkpt lat="22.7178710" lon="120.3112580">
    <ele>20.0</ele>
    <time>2026-08-17T07:28:33Z</time>
   </trkpt>
   <trkpt lat="22.7178770" lon="120.3112460">
    <ele>20.0</ele>
    <time>2026-08-17T07:28:34Z</time>
   </trkpt>
   <trkpt lat="22.7178900" lon="120.3112330">
    <ele>20.0</ele>
    <time>2026-08-17T07:28:35Z</time>
   </trkpt>
   <trkpt lat="22.7179020" lon="120.3112220">
    <ele>20.0</ele>
    <time>2026-08-17T07:28:36Z</time>
   </trkpt>
   <trkpt lat="22.7179110" lon="120.3112130">
    <ele>20.0</ele>
    <time>2026-08-17T07:28:37Z</time>
   </trkpt>
   <trkpt lat="22.7179210" lon="120.3112030">
    <ele>20.0</ele>
    <time>2026-08-17T07:28:38Z</time>
   </trkpt>
   <trkpt lat="22.7179190" lon="120.3111880">
    <ele>20.0</ele>
    <time>2026-08-17T07:28:39Z</time>
   </trkpt>
   <trkpt lat="22.7179200" lon="120.3111810">
    <ele>20.0</ele>
    <time>2026-08-17T07:28:40Z</time>
   </trkpt>
   <trkpt lat="22.7179170" lon="120.3111790">
    <ele>20.0</ele>
    <time>2026-08-17T07:28:41Z</time>
   </trkpt>
   <trkpt lat="22.7179160" lon="120.3111850">
    <ele>20.0</ele>
    <time>2026-08-17T07:28:42Z</time>
   </trkpt>
   <trkpt lat="22.7179160" lon="120.3111840">
    <ele>20.0</ele>
    <time>2026-08-17T07:28:43Z</time>
   </trkpt>
   <trkpt lat="22.7179180" lon="120.3111840">
    <ele>20.0</ele>
    <time>2026-08-17T07:28:44Z</time>
   </trkpt>
   <trkpt lat="22.7179170" lon="120.3111850">
    <ele>20.0</ele>
    <time>2026-08-17T07:28:45Z</time>
   </trkpt>
   <trkpt lat="22.7179160" lon="120.3111860">
    <ele>20.0</ele>
    <time>2026-08-17T07:28:46Z</time>
   </trkpt>
   <trkpt lat="22.7179220" lon="120.3111810">
    <ele>20.0</ele>
    <time>2026-08-17T07:28:47Z</time>
   </trkpt>
   <trkpt lat="22.7179230" lon="120.3111780">
    <ele>20.0</ele>
    <time>2026-08-17T07:28:48Z</time>
   </trkpt>
   <trkpt lat="22.7179210" lon="120.3111690">
    <ele>20.0</ele>
    <time>2026-08-17T07:28:49Z</time>
   </trkpt>
   <trkpt lat="22.7179270" lon="120.3111580">
    <ele>20.0</ele>
    <time>2026-08-17T07:28:50Z</time>
   </trkpt>
   <trkpt lat="22.7179300" lon="120.3111550">
    <ele>20.0</ele>
    <time>2026-08-17T07:28:51Z</time>
   </trkpt>
   <trkpt lat="22.7179340" lon="120.3111550">
    <ele>20.0</ele>
    <time>2026-08-17T07:28:52Z</time>
   </trkpt>
   <trkpt lat="22.7179330" lon="120.3111520">
    <ele>20.0</ele>
    <time>2026-08-17T07:28:53Z</time>
   </trkpt>
   <trkpt lat="22.7179350" lon="120.3111530">
    <ele>20.0</ele>
    <time>2026-08-17T07:28:54Z</time>
   </trkpt>
   <trkpt lat="22.7179350" lon="120.3111530">
    <ele>20.0</ele>
    <time>2026-08-17T07:28:55Z</time>
   </trkpt>
   <trkpt lat="22.7179350" lon="120.3111530">
    <ele>20.0</ele>
    <time>2026-08-17T07:28:56Z</time>
   </trkpt>
   <trkpt lat="22.7179360" lon="120.3111570">
    <ele>20.0</ele>
    <time>2026-08-17T07:28:57Z</time>
   </trkpt>
   <trkpt lat="22.7179380" lon="120.3111530">
    <ele>20.0</ele>
    <time>2026-08-17T07:28:58Z</time>
   </trkpt>
   <trkpt lat="22.7179370" lon="120.3111400">
    <ele>20.1</ele>
    <time>2026-08-17T07:28:59Z</time>
   </trkpt>
   <trkpt lat="22.7179410" lon="120.3111300">
    <ele>20.1</ele>
    <time>2026-08-17T07:29:00Z</time>
   </trkpt>
   <trkpt lat="22.7179450" lon="120.3111200">
    <ele>20.1</ele>
    <time>2026-08-17T07:29:01Z</time>
   </trkpt>
   <trkpt lat="22.7179520" lon="120.3111110">
    <ele>20.1</ele>
    <time>2026-08-17T07:29:02Z</time>
   </trkpt>
   <trkpt lat="22.7179480" lon="120.3111080">
    <ele>20.1</ele>
    <time>2026-08-17T07:29:04Z</time>
   </trkpt>
   <trkpt lat="22.7179440" lon="120.3111010">
    <ele>20.1</ele>
    <time>2026-08-17T07:29:05Z</time>
   </trkpt>
   <trkpt lat="22.7179450" lon="120.3110950">
    <ele>20.1</ele>
    <time>2026-08-17T07:29:06Z</time>
   </trkpt>
   <trkpt lat="22.7179470" lon="120.3110910">
    <ele>20.1</ele>
    <time>2026-08-17T07:29:07Z</time>
   </trkpt>
   <trkpt lat="22.7179460" lon="120.3110960">
    <ele>20.1</ele>
    <time>2026-08-17T07:29:08Z</time>
   </trkpt>
   <trkpt lat="22.7179430" lon="120.3111030">
    <ele>20.1</ele>
    <time>2026-08-17T07:29:09Z</time>
   </trkpt>
   <trkpt lat="22.7179470" lon="120.3111110">
    <ele>20.1</ele>
    <time>2026-08-17T07:29:10Z</time>
   </trkpt>
   <trkpt lat="22.7179440" lon="120.3111170">
    <ele>20.1</ele>
    <time>2026-08-17T07:29:11Z</time>
   </trkpt>
   <trkpt lat="22.7179390" lon="120.3111200">
    <ele>20.1</ele>
    <time>2026-08-17T07:29:12Z</time>
   </trkpt>
   <trkpt lat="22.7179390" lon="120.3111230">
    <ele>20.1</ele>
    <time>2026-08-17T07:29:13Z</time>
   </trkpt>
   <trkpt lat="22.7179400" lon="120.3111250">
    <ele>20.1</ele>
    <time>2026-08-17T07:29:14Z</time>
   </trkpt>
   <trkpt lat="22.7179410" lon="120.3111250">
    <ele>20.1</ele>
    <time>2026-08-17T07:29:15Z</time>
   </trkpt>
   <trkpt lat="22.7179440" lon="120.3111100">
    <ele>20.1</ele>
    <time>2026-08-17T07:29:16Z</time>
   </trkpt>
   <trkpt lat="22.7179470" lon="120.3111070">
    <ele>20.1</ele>
    <time>2026-08-17T07:29:17Z</time>
   </trkpt>
   <trkpt lat="22.7179450" lon="120.3111070">
    <ele>20.1</ele>
    <time>2026-08-17T07:29:18Z</time>
   </trkpt>
   <trkpt lat="22.7179390" lon="120.3111170">
    <ele>20.1</ele>
    <time>2026-08-17T07:29:19Z</time>
   </trkpt>
   <trkpt lat="22.7179250" lon="120.3111240">
    <ele>20.1</ele>
    <time>2026-08-17T07:29:20Z</time>
   </trkpt>
   <trkpt lat="22.7179210" lon="120.3111240">
    <ele>20.1</ele>
    <time>2026-08-17T07:29:21Z</time>
   </trkpt>
   <trkpt lat="22.7179240" lon="120.3111170">
    <ele>20.1</ele>
    <time>2026-08-17T07:29:22Z</time>
   </trkpt>
   <trkpt lat="22.7179210" lon="120.3111070">
    <ele>20.1</ele>
    <time>2026-08-17T07:29:23Z</time>
   </trkpt>
   <trkpt lat="22.7179290" lon="120.3111000">
    <ele>20.2</ele>
    <time>2026-08-17T07:29:24Z</time>
   </trkpt>
   <trkpt lat="22.7179340" lon="120.3110930">
    <ele>20.2</ele>
    <time>2026-08-17T07:29:25Z</time>
   </trkpt>
   <trkpt lat="22.7179390" lon="120.3110800">
    <ele>20.2</ele>
    <time>2026-08-17T07:29:26Z</time>
   </trkpt>
   <trkpt lat="22.7179430" lon="120.3110720">
    <ele>20.2</ele>
    <time>2026-08-17T07:29:27Z</time>
   </trkpt>
   <trkpt lat="22.7179460" lon="120.3110580">
    <ele>20.2</ele>
    <time>2026-08-17T07:29:28Z</time>
   </trkpt>
   <trkpt lat="22.7179440" lon="120.3110490">
    <ele>20.2</ele>
    <time>2026-08-17T07:29:29Z</time>
   </trkpt>
   <trkpt lat="22.7179440" lon="120.3110380">
    <ele>20.2</ele>
    <time>2026-08-17T07:29:30Z</time>
   </trkpt>
   <trkpt lat="22.7179500" lon="120.3110280">
    <ele>20.2</ele>
    <time>2026-08-17T07:29:31Z</time>
   </trkpt>
   <trkpt lat="22.7179450" lon="120.3110180">
    <ele>20.2</ele>
    <time>2026-08-17T07:29:32Z</time>
   </trkpt>
   <trkpt lat="22.7179450" lon="120.3110040">
    <ele>20.2</ele>
    <time>2026-08-17T07:29:33Z</time>
   </trkpt>
   <trkpt lat="22.7179450" lon="120.3109930">
    <ele>20.2</ele>
    <time>2026-08-17T07:29:34Z</time>
   </trkpt>
   <trkpt lat="22.7179420" lon="120.3109810">
    <ele>20.2</ele>
    <time>2026-08-17T07:29:35Z</time>
   </trkpt>
   <trkpt lat="22.7179470" lon="120.3109660">
    <ele>20.2</ele>
    <time>2026-08-17T07:29:36Z</time>
   </trkpt>
   <trkpt lat="22.7179490" lon="120.3109570">
    <ele>20.2</ele>
    <time>2026-08-17T07:29:37Z</time>
   </trkpt>
   <trkpt lat="22.7179480" lon="120.3109550">
    <ele>20.2</ele>
    <time>2026-08-17T07:29:38Z</time>
   </trkpt>
   <trkpt lat="22.7179450" lon="120.3109470">
    <ele>20.2</ele>
    <time>2026-08-17T07:29:39Z</time>
   </trkpt>
   <trkpt lat="22.7179520" lon="120.3109320">
    <ele>20.2</ele>
    <time>2026-08-17T07:29:40Z</time>
   </trkpt>
   <trkpt lat="22.7179540" lon="120.3109250">
    <ele>20.2</ele>
    <time>2026-08-17T07:29:41Z</time>
   </trkpt>
   <trkpt lat="22.7179620" lon="120.3109170">
    <ele>20.2</ele>
    <time>2026-08-17T07:29:42Z</time>
   </trkpt>
   <trkpt lat="22.7179710" lon="120.3109130">
    <ele>20.2</ele>
    <time>2026-08-17T07:29:43Z</time>
   </trkpt>
   <trkpt lat="22.7179840" lon="120.3109140">
    <ele>20.2</ele>
    <time>2026-08-17T07:29:44Z</time>
   </trkpt>
   <trkpt lat="22.7180020" lon="120.3109070">
    <ele>20.2</ele>
    <time>2026-08-17T07:29:45Z</time>
   </trkpt>
   <trkpt lat="22.7180130" lon="120.3109080">
    <ele>20.2</ele>
    <time>2026-08-17T07:29:46Z</time>
   </trkpt>
   <trkpt lat="22.7180200" lon="120.3108970">
    <ele>20.2</ele>
    <time>2026-08-17T07:29:47Z</time>
   </trkpt>
   <trkpt lat="22.7180330" lon="120.3108870">
    <ele>20.2</ele>
    <time>2026-08-17T07:29:48Z</time>
   </trkpt>
   <trkpt lat="22.7180480" lon="120.3108860">
    <ele>20.2</ele>
    <time>2026-08-17T07:29:49Z</time>
   </trkpt>
   <trkpt lat="22.7180580" lon="120.3108880">
    <ele>20.2</ele>
    <time>2026-08-17T07:29:50Z</time>
   </trkpt>
   <trkpt lat="22.7180650" lon="120.3108820">
    <ele>20.2</ele>
    <time>2026-08-17T07:29:51Z</time>
   </trkpt>
   <trkpt lat="22.7180710" lon="120.3108770">
    <ele>20.2</ele>
    <time>2026-08-17T07:29:52Z</time>
   </trkpt>
   <trkpt lat="22.7180770" lon="120.3108780">
    <ele>20.2</ele>
    <time>2026-08-17T07:29:53Z</time>
   </trkpt>
   <trkpt lat="22.7180870" lon="120.3108740">
    <ele>20.2</ele>
    <time>2026-08-17T07:29:54Z</time>
   </trkpt>
   <trkpt lat="22.7180940" lon="120.3108750">
    <ele>20.2</ele>
    <time>2026-08-17T07:29:55Z</time>
   </trkpt>
   <trkpt lat="22.7181010" lon="120.3108750">
    <ele>20.2</ele>
    <time>2026-08-17T07:29:56Z</time>
   </trkpt>
   <trkpt lat="22.7181160" lon="120.3108700">
    <ele>20.3</ele>
    <time>2026-08-17T07:29:57Z</time>
   </trkpt>
   <trkpt lat="22.7181210" lon="120.3108750">
    <ele>20.2</ele>
    <time>2026-08-17T07:29:58Z</time>
   </trkpt>
   <trkpt lat="22.7181280" lon="120.3108770">
    <ele>20.2</ele>
    <time>2026-08-17T07:29:59Z</time>
   </trkpt>
   <trkpt lat="22.7181370" lon="120.3108770">
    <ele>20.2</ele>
    <time>2026-08-17T07:30:00Z</time>
   </trkpt>
   <trkpt lat="22.7181520" lon="120.3108760">
    <ele>20.2</ele>
    <time>2026-08-17T07:30:01Z</time>
   </trkpt>
   <trkpt lat="22.7181610" lon="120.3108770">
    <ele>20.2</ele>
    <time>2026-08-17T07:30:02Z</time>
   </trkpt>
   <trkpt lat="22.7181620" lon="120.3108820">
    <ele>20.2</ele>
    <time>2026-08-17T07:30:03Z</time>
   </trkpt>
   <trkpt lat="22.7181690" lon="120.3108810">
    <ele>20.2</ele>
    <time>2026-08-17T07:30:04Z</time>
   </trkpt>
   <trkpt lat="22.7181670" lon="120.3108800">
    <ele>20.2</ele>
    <time>2026-08-17T07:30:05Z</time>
   </trkpt>
   <trkpt lat="22.7181690" lon="120.3108820">
    <ele>20.2</ele>
    <time>2026-08-17T07:30:06Z</time>
   </trkpt>
   <trkpt lat="22.7181740" lon="120.3108830">
    <ele>20.2</ele>
    <time>2026-08-17T07:30:07Z</time>
   </trkpt>
   <trkpt lat="22.7181800" lon="120.3108960">
    <ele>20.2</ele>
    <time>2026-08-17T07:30:08Z</time>
   </trkpt>
   <trkpt lat="22.7181800" lon="120.3109060">
    <ele>20.2</ele>
    <time>2026-08-17T07:30:09Z</time>
   </trkpt>
   <trkpt lat="22.7181780" lon="120.3109150">
    <ele>20.2</ele>
    <time>2026-08-17T07:30:10Z</time>
   </trkpt>
   <trkpt lat="22.7181760" lon="120.3109270">
    <ele>20.2</ele>
    <time>2026-08-17T07:30:11Z</time>
   </trkpt>
   <trkpt lat="22.7181720" lon="120.3109420">
    <ele>20.2</ele>
    <time>2026-08-17T07:30:12Z</time>
   </trkpt>
   <trkpt lat="22.7181700" lon="120.3109550">
    <ele>20.2</ele>
    <time>2026-08-17T07:30:13Z</time>
   </trkpt>
   <trkpt lat="22.7181700" lon="120.3109660">
    <ele>20.2</ele>
    <time>2026-08-17T07:30:14Z</time>
   </trkpt>
   <trkpt lat="22.7181650" lon="120.3109720">
    <ele>20.2</ele>
    <time>2026-08-17T07:30:15Z</time>
   </trkpt>
   <trkpt lat="22.7181590" lon="120.3109770">
    <ele>20.2</ele>
    <time>2026-08-17T07:30:16Z</time>
   </trkpt>
   <trkpt lat="22.7181580" lon="120.3109850">
    <ele>20.2</ele>
    <time>2026-08-17T07:30:17Z</time>
   </trkpt>
   <trkpt lat="22.7181560" lon="120.3109950">
    <ele>20.2</ele>
    <time>2026-08-17T07:30:18Z</time>
   </trkpt>
   <trkpt lat="22.7181530" lon="120.3110100">
    <ele>20.1</ele>
    <time>2026-08-17T07:30:19Z</time>
   </trkpt>
   <trkpt lat="22.7181530" lon="120.3110270">
    <ele>20.1</ele>
    <time>2026-08-17T07:30:20Z</time>
   </trkpt>
   <trkpt lat="22.7181470" lon="120.3110340">
    <ele>20.1</ele>
    <time>2026-08-17T07:30:21Z</time>
   </trkpt>
   <trkpt lat="22.7181460" lon="120.3110390">
    <ele>20.1</ele>
    <time>2026-08-17T07:30:22Z</time>
   </trkpt>
   <trkpt lat="22.7181420" lon="120.3110440">
    <ele>20.1</ele>
    <time>2026-08-17T07:30:23Z</time>
   </trkpt>
   <trkpt lat="22.7181370" lon="120.3110540">
    <ele>20.1</ele>
    <time>2026-08-17T07:30:24Z</time>
   </trkpt>
   <trkpt lat="22.7181330" lon="120.3110610">
    <ele>20.1</ele>
    <time>2026-08-17T07:30:25Z</time>
   </trkpt>
   <trkpt lat="22.7181300" lon="120.3110730">
    <ele>20.1</ele>
    <time>2026-08-17T07:30:26Z</time>
   </trkpt>
   <trkpt lat="22.7181360" lon="120.3110830">
    <ele>20.1</ele>
    <time>2026-08-17T07:30:27Z</time>
   </trkpt>
   <trkpt lat="22.7181450" lon="120.3110920">
    <ele>20.1</ele>
    <time>2026-08-17T07:30:28Z</time>
   </trkpt>
   <trkpt lat="22.7181420" lon="120.3110960">
    <ele>20.0</ele>
    <time>2026-08-17T07:30:29Z</time>
   </trkpt>
   <trkpt lat="22.7181470" lon="120.3111090">
    <ele>20.0</ele>
    <time>2026-08-17T07:30:30Z</time>
   </trkpt>
   <trkpt lat="22.7181490" lon="120.3111240">
    <ele>20.0</ele>
    <time>2026-08-17T07:30:31Z</time>
   </trkpt>
   <trkpt lat="22.7181480" lon="120.3111330">
    <ele>20.0</ele>
    <time>2026-08-17T07:30:32Z</time>
   </trkpt>
   <trkpt lat="22.7181430" lon="120.3111400">
    <ele>20.0</ele>
    <time>2026-08-17T07:30:33Z</time>
   </trkpt>
   <trkpt lat="22.7181380" lon="120.3111560">
    <ele>20.0</ele>
    <time>2026-08-17T07:30:34Z</time>
   </trkpt>
   <trkpt lat="22.7181310" lon="120.3111700">
    <ele>20.0</ele>
    <time>2026-08-17T07:30:35Z</time>
   </trkpt>
   <trkpt lat="22.7181270" lon="120.3111820">
    <ele>20.0</ele>
    <time>2026-08-17T07:30:36Z</time>
   </trkpt>
   <trkpt lat="22.7181160" lon="120.3112000">
    <ele>19.9</ele>
    <time>2026-08-17T07:30:37Z</time>
   </trkpt>
   <trkpt lat="22.7181150" lon="120.3112160">
    <ele>19.9</ele>
    <time>2026-08-17T07:30:38Z</time>
   </trkpt>
   <trkpt lat="22.7181190" lon="120.3112360">
    <ele>19.9</ele>
    <time>2026-08-17T07:30:40Z</time>
   </trkpt>
   <trkpt lat="22.7181270" lon="120.3112470">
    <ele>19.9</ele>
    <time>2026-08-17T07:30:41Z</time>
   </trkpt>
   <trkpt lat="22.7181310" lon="120.3112560">
    <ele>19.9</ele>
    <time>2026-08-17T07:30:43Z</time>
   </trkpt>
   <trkpt lat="22.7181340" lon="120.3112630">
    <ele>19.9</ele>
    <time>2026-08-17T07:30:44Z</time>
   </trkpt>
   <trkpt lat="22.7181380" lon="120.3112690">
    <ele>19.9</ele>
    <time>2026-08-17T07:30:45Z</time>
   </trkpt>
   <trkpt lat="22.7181330" lon="120.3112760">
    <ele>19.8</ele>
    <time>2026-08-17T07:30:46Z</time>
   </trkpt>
   <trkpt lat="22.7181310" lon="120.3112730">
    <ele>19.8</ele>
    <time>2026-08-17T07:30:47Z</time>
   </trkpt>
   <trkpt lat="22.7181310" lon="120.3112730">
    <ele>19.8</ele>
    <time>2026-08-17T07:30:48Z</time>
   </trkpt>
   <trkpt lat="22.7181310" lon="120.3112740">
    <ele>19.8</ele>
    <time>2026-08-17T07:30:49Z</time>
   </trkpt>
   <trkpt lat="22.7181320" lon="120.3112730">
    <ele>19.8</ele>
    <time>2026-08-17T07:30:50Z</time>
   </trkpt>
   <trkpt lat="22.7181210" lon="120.3112770">
    <ele>19.8</ele>
    <time>2026-08-17T07:30:51Z</time>
   </trkpt>
   <trkpt lat="22.7181230" lon="120.3112750">
    <ele>19.8</ele>
    <time>2026-08-17T07:30:52Z</time>
   </trkpt>
   <trkpt lat="22.7181270" lon="120.3112740">
    <ele>19.8</ele>
    <time>2026-08-17T07:30:53Z</time>
   </trkpt>
   <trkpt lat="22.7181240" lon="120.3112770">
    <ele>19.8</ele>
    <time>2026-08-17T07:30:54Z</time>
   </trkpt>
   <trkpt lat="22.7181090" lon="120.3112750">
    <ele>19.8</ele>
    <time>2026-08-17T07:30:55Z</time>
   </trkpt>
   <trkpt lat="22.7181060" lon="120.3112680">
    <ele>19.8</ele>
    <time>2026-08-17T07:30:56Z</time>
   </trkpt>
   <trkpt lat="22.7181030" lon="120.3112620">
    <ele>19.8</ele>
    <time>2026-08-17T07:30:57Z</time>
   </trkpt>
   <trkpt lat="22.7181020" lon="120.3112560">
    <ele>19.8</ele>
    <time>2026-08-17T07:30:58Z</time>
   </trkpt>
   <trkpt lat="22.7180960" lon="120.3112550">
    <ele>19.8</ele>
    <time>2026-08-17T07:30:59Z</time>
   </trkpt>
   <trkpt lat="22.7180990" lon="120.3112570">
    <ele>19.8</ele>
    <time>2026-08-17T07:31:00Z</time>
   </trkpt>
   <trkpt lat="22.7181040" lon="120.3112590">
    <ele>19.8</ele>
    <time>2026-08-17T07:31:01Z</time>
   </trkpt>
   <trkpt lat="22.7181070" lon="120.3112600">
    <ele>19.8</ele>
    <time>2026-08-17T07:31:02Z</time>
   </trkpt>
   <trkpt lat="22.7181080" lon="120.3112630">
    <ele>19.8</ele>
    <time>2026-08-17T07:31:03Z</time>
   </trkpt>
   <trkpt lat="22.7181080" lon="120.3112930">
    <ele>19.7</ele>
    <time>2026-08-17T07:31:04Z</time>
   </trkpt>
   <trkpt lat="22.7181060" lon="120.3113030">
    <ele>19.7</ele>
    <time>2026-08-17T07:31:05Z</time>
   </trkpt>
   <trkpt lat="22.7181020" lon="120.3113180">
    <ele>19.7</ele>
    <time>2026-08-17T07:31:06Z</time>
   </trkpt>
   <trkpt lat="22.7181000" lon="120.3113250">
    <ele>19.7</ele>
    <time>2026-08-17T07:31:07Z</time>
   </trkpt>
   <trkpt lat="22.7181020" lon="120.3113390">
    <ele>19.7</ele>
    <time>2026-08-17T07:31:08Z</time>
   </trkpt>
   <trkpt lat="22.7181030" lon="120.3113490">
    <ele>19.7</ele>
    <time>2026-08-17T07:31:09Z</time>
   </trkpt>
   <trkpt lat="22.7181030" lon="120.3113570">
    <ele>19.7</ele>
    <time>2026-08-17T07:31:10Z</time>
   </trkpt>
   <trkpt lat="22.7181030" lon="120.3113690">
    <ele>19.6</ele>
    <time>2026-08-17T07:31:11Z</time>
   </trkpt>
   <trkpt lat="22.7181000" lon="120.3113770">
    <ele>19.6</ele>
    <time>2026-08-17T07:31:12Z</time>
   </trkpt>
   <trkpt lat="22.7180920" lon="120.3113870">
    <ele>19.6</ele>
    <time>2026-08-17T07:31:13Z</time>
   </trkpt>
   <trkpt lat="22.7180880" lon="120.3113910">
    <ele>19.6</ele>
    <time>2026-08-17T07:31:14Z</time>
   </trkpt>
   <trkpt lat="22.7180820" lon="120.3114020">
    <ele>19.6</ele>
    <time>2026-08-17T07:31:15Z</time>
   </trkpt>
   <trkpt lat="22.7180790" lon="120.3114120">
    <ele>19.6</ele>
    <time>2026-08-17T07:31:16Z</time>
   </trkpt>
   <trkpt lat="22.7180720" lon="120.3114230">
    <ele>19.6</ele>
    <time>2026-08-17T07:31:17Z</time>
   </trkpt>
   <trkpt lat="22.7180680" lon="120.3114330">
    <ele>19.6</ele>
    <time>2026-08-17T07:31:18Z</time>
   </trkpt>
   <trkpt lat="22.7180650" lon="120.3114410">
    <ele>19.6</ele>
    <time>2026-08-17T07:31:19Z</time>
   </trkpt>
   <trkpt lat="22.7180590" lon="120.3114530">
    <ele>19.5</ele>
    <time>2026-08-17T07:31:20Z</time>
   </trkpt>
   <trkpt lat="22.7180500" lon="120.3114640">
    <ele>19.5</ele>
    <time>2026-08-17T07:31:21Z</time>
   </trkpt>
   <trkpt lat="22.7180400" lon="120.3114670">
    <ele>19.5</ele>
    <time>2026-08-17T07:31:22Z</time>
   </trkpt>
   <trkpt lat="22.7180320" lon="120.3114710">
    <ele>19.5</ele>
    <time>2026-08-17T07:31:23Z</time>
   </trkpt>
   <trkpt lat="22.7180230" lon="120.3114780">
    <ele>19.5</ele>
    <time>2026-08-17T07:31:24Z</time>
   </trkpt>
   <trkpt lat="22.7180090" lon="120.3114830">
    <ele>19.5</ele>
    <time>2026-08-17T07:31:25Z</time>
   </trkpt>
   <trkpt lat="22.7179970" lon="120.3114840">
    <ele>19.5</ele>
    <time>2026-08-17T07:31:26Z</time>
   </trkpt>
   <trkpt lat="22.7179840" lon="120.3114860">
    <ele>19.5</ele>
    <time>2026-08-17T07:31:27Z</time>
   </trkpt>
   <trkpt lat="22.7179740" lon="120.3114800">
    <ele>19.6</ele>
    <time>2026-08-17T07:31:28Z</time>
   </trkpt>
   <trkpt lat="22.7179650" lon="120.3114740">
    <ele>19.6</ele>
    <time>2026-08-17T07:31:29Z</time>
   </trkpt>
   <trkpt lat="22.7179550" lon="120.3114670">
    <ele>19.6</ele>
    <time>2026-08-17T07:31:30Z</time>
   </trkpt>
   <trkpt lat="22.7179440" lon="120.3114630">
    <ele>19.6</ele>
    <time>2026-08-17T07:31:31Z</time>
   </trkpt>
   <trkpt lat="22.7179340" lon="120.3114600">
    <ele>19.6</ele>
    <time>2026-08-17T07:31:32Z</time>
   </trkpt>
   <trkpt lat="22.7179270" lon="120.3114570">
    <ele>19.6</ele>
    <time>2026-08-17T07:31:33Z</time>
   </trkpt>
   <trkpt lat="22.7179140" lon="120.3114520">
    <ele>19.6</ele>
    <time>2026-08-17T07:31:34Z</time>
   </trkpt>
   <trkpt lat="22.7179030" lon="120.3114500">
    <ele>19.7</ele>
    <time>2026-08-17T07:31:35Z</time>
   </trkpt>
   <trkpt lat="22.7178930" lon="120.3114450">
    <ele>19.7</ele>
    <time>2026-08-17T07:31:36Z</time>
   </trkpt>
   <trkpt lat="22.7178810" lon="120.3114450">
    <ele>19.7</ele>
    <time>2026-08-17T07:31:37Z</time>
   </trkpt>
   <trkpt lat="22.7178700" lon="120.3114460">
    <ele>19.7</ele>
    <time>2026-08-17T07:31:38Z</time>
   </trkpt>
   <trkpt lat="22.7178620" lon="120.3114440">
    <ele>19.7</ele>
    <time>2026-08-17T07:31:39Z</time>
   </trkpt>
   <trkpt lat="22.7178480" lon="120.3114470">
    <ele>19.7</ele>
    <time>2026-08-17T07:31:40Z</time>
   </trkpt>
   <trkpt lat="22.7178320" lon="120.3114520">
    <ele>19.7</ele>
    <time>2026-08-17T07:31:41Z</time>
   </trkpt>
   <trkpt lat="22.7178210" lon="120.3114490">
    <ele>19.7</ele>
    <time>2026-08-17T07:31:42Z</time>
   </trkpt>
   <trkpt lat="22.7178080" lon="120.3114440">
    <ele>19.7</ele>
    <time>2026-08-17T07:31:43Z</time>
   </trkpt>
   <trkpt lat="22.7177990" lon="120.3114390">
    <ele>19.7</ele>
    <time>2026-08-17T07:31:44Z</time>
   </trkpt>
   <trkpt lat="22.7177910" lon="120.3114310">
    <ele>19.8</ele>
    <time>2026-08-17T07:31:45Z</time>
   </trkpt>
   <trkpt lat="22.7177790" lon="120.3114240">
    <ele>19.8</ele>
    <time>2026-08-17T07:31:46Z</time>
   </trkpt>
   <trkpt lat="22.7177640" lon="120.3114200">
    <ele>19.8</ele>
    <time>2026-08-17T07:31:47Z</time>
   </trkpt>
   <trkpt lat="22.7177520" lon="120.3114200">
    <ele>19.8</ele>
    <time>2026-08-17T07:31:48Z</time>
   </trkpt>
   <trkpt lat="22.7177410" lon="120.3114200">
    <ele>19.8</ele>
    <time>2026-08-17T07:31:49Z</time>
   </trkpt>
   <trkpt lat="22.7177290" lon="120.3114190">
    <ele>19.8</ele>
    <time>2026-08-17T07:31:50Z</time>
   </trkpt>
   <trkpt lat="22.7177180" lon="120.3114150">
    <ele>19.8</ele>
    <time>2026-08-17T07:31:51Z</time>
   </trkpt>
   <trkpt lat="22.7177060" lon="120.3114110">
    <ele>19.8</ele>
    <time>2026-08-17T07:31:52Z</time>
   </trkpt>
   <trkpt lat="22.7176940" lon="120.3114090">
    <ele>19.8</ele>
    <time>2026-08-17T07:31:53Z</time>
   </trkpt>
   <trkpt lat="22.7176830" lon="120.3114080">
    <ele>19.8</ele>
    <time>2026-08-17T07:31:54Z</time>
   </trkpt>
   <trkpt lat="22.7176710" lon="120.3114040">
    <ele>19.9</ele>
    <time>2026-08-17T07:31:55Z</time>
   </trkpt>
   <trkpt lat="22.7176550" lon="120.3114040">
    <ele>19.9</ele>
    <time>2026-08-17T07:31:56Z</time>
   </trkpt>
   <trkpt lat="22.7176470" lon="120.3113960">
    <ele>19.9</ele>
    <time>2026-08-17T07:31:57Z</time>
   </trkpt>
   <trkpt lat="22.7176380" lon="120.3113940">
    <ele>19.9</ele>
    <time>2026-08-17T07:31:58Z</time>
   </trkpt>
   <trkpt lat="22.7176300" lon="120.3113960">
    <ele>19.9</ele>
    <time>2026-08-17T07:31:59Z</time>
   </trkpt>
   <trkpt lat="22.7176180" lon="120.3114020">
    <ele>19.9</ele>
    <time>2026-08-17T07:32:00Z</time>
   </trkpt>
   <trkpt lat="22.7176130" lon="120.3114000">
    <ele>19.9</ele>
    <time>2026-08-17T07:32:01Z</time>
   </trkpt>
   <trkpt lat="22.7176040" lon="120.3113980">
    <ele>20.0</ele>
    <time>2026-08-17T07:32:02Z</time>
   </trkpt>
   <trkpt lat="22.7175900" lon="120.3113930">
    <ele>20.0</ele>
    <time>2026-08-17T07:32:03Z</time>
   </trkpt>
   <trkpt lat="22.7175780" lon="120.3113840">
    <ele>20.0</ele>
    <time>2026-08-17T07:32:04Z</time>
   </trkpt>
   <trkpt lat="22.7175690" lon="120.3113800">
    <ele>20.0</ele>
    <time>2026-08-17T07:32:05Z</time>
   </trkpt>
   <trkpt lat="22.7175610" lon="120.3113770">
    <ele>20.0</ele>
    <time>2026-08-17T07:32:06Z</time>
   </trkpt>
   <trkpt lat="22.7175460" lon="120.3113790">
    <ele>20.0</ele>
    <time>2026-08-17T07:32:07Z</time>
   </trkpt>
   <trkpt lat="22.7175330" lon="120.3113880">
    <ele>20.0</ele>
    <time>2026-08-17T07:32:08Z</time>
   </trkpt>
   <trkpt lat="22.7175250" lon="120.3113980">
    <ele>20.0</ele>
    <time>2026-08-17T07:32:09Z</time>
   </trkpt>
   <trkpt lat="22.7175170" lon="120.3114110">
    <ele>20.0</ele>
    <time>2026-08-17T07:32:10Z</time>
   </trkpt>
   <trkpt lat="22.7175090" lon="120.3114210">
    <ele>20.0</ele>
    <time>2026-08-17T07:32:11Z</time>
   </trkpt>
   <trkpt lat="22.7175000" lon="120.3114350">
    <ele>20.0</ele>
    <time>2026-08-17T07:32:12Z</time>
   </trkpt>
   <trkpt lat="22.7174970" lon="120.3114490">
    <ele>20.0</ele>
    <time>2026-08-17T07:32:13Z</time>
   </trkpt>
   <trkpt lat="22.7174960" lon="120.3114620">
    <ele>20.0</ele>
    <time>2026-08-17T07:32:14Z</time>
   </trkpt>
   <trkpt lat="22.7174950" lon="120.3114730">
    <ele>20.0</ele>
    <time>2026-08-17T07:32:15Z</time>
   </trkpt>
   <trkpt lat="22.7174950" lon="120.3114870">
    <ele>20.0</ele>
    <time>2026-08-17T07:32:16Z</time>
   </trkpt>
   <trkpt lat="22.7174930" lon="120.3114980">
    <ele>20.0</ele>
    <time>2026-08-17T07:32:17Z</time>
   </trkpt>
   <trkpt lat="22.7174890" lon="120.3115060">
    <ele>20.0</ele>
    <time>2026-08-17T07:32:18Z</time>
   </trkpt>
   <trkpt lat="22.7174840" lon="120.3115150">
    <ele>20.0</ele>
    <time>2026-08-17T07:32:19Z</time>
   </trkpt>
   <trkpt lat="22.7174860" lon="120.3115280">
    <ele>20.0</ele>
    <time>2026-08-17T07:32:20Z</time>
   </trkpt>
   <trkpt lat="22.7174890" lon="120.3115400">
    <ele>19.9</ele>
    <time>2026-08-17T07:32:21Z</time>
   </trkpt>
   <trkpt lat="22.7174900" lon="120.3115520">
    <ele>19.9</ele>
    <time>2026-08-17T07:32:22Z</time>
   </trkpt>
   <trkpt lat="22.7174890" lon="120.3115620">
    <ele>19.9</ele>
    <time>2026-08-17T07:32:23Z</time>
   </trkpt>
   <trkpt lat="22.7174830" lon="120.3115750">
    <ele>19.9</ele>
    <time>2026-08-17T07:32:24Z</time>
   </trkpt>
   <trkpt lat="22.7174810" lon="120.3115880">
    <ele>19.9</ele>
    <time>2026-08-17T07:32:25Z</time>
   </trkpt>
   <trkpt lat="22.7174810" lon="120.3115990">
    <ele>19.9</ele>
    <time>2026-08-17T07:32:26Z</time>
   </trkpt>
   <trkpt lat="22.7174780" lon="120.3116110">
    <ele>19.9</ele>
    <time>2026-08-17T07:32:27Z</time>
   </trkpt>
   <trkpt lat="22.7174710" lon="120.3116210">
    <ele>19.9</ele>
    <time>2026-08-17T07:32:28Z</time>
   </trkpt>
   <trkpt lat="22.7174690" lon="120.3116330">
    <ele>19.9</ele>
    <time>2026-08-17T07:32:29Z</time>
   </trkpt>
   <trkpt lat="22.7174630" lon="120.3116470">
    <ele>19.9</ele>
    <time>2026-08-17T07:32:30Z</time>
   </trkpt>
   <trkpt lat="22.7174570" lon="120.3116550">
    <ele>19.9</ele>
    <time>2026-08-17T07:32:31Z</time>
   </trkpt>
   <trkpt lat="22.7174500" lon="120.3116670">
    <ele>19.9</ele>
    <time>2026-08-17T07:32:32Z</time>
   </trkpt>
   <trkpt lat="22.7174460" lon="120.3116760">
    <ele>19.8</ele>
    <time>2026-08-17T07:32:33Z</time>
   </trkpt>
   <trkpt lat="22.7174400" lon="120.3116890">
    <ele>19.8</ele>
    <time>2026-08-17T07:32:34Z</time>
   </trkpt>
   <trkpt lat="22.7174340" lon="120.3116990">
    <ele>19.8</ele>
    <time>2026-08-17T07:32:35Z</time>
   </trkpt>
   <trkpt lat="22.7174320" lon="120.3117070">
    <ele>19.8</ele>
    <time>2026-08-17T07:32:36Z</time>
   </trkpt>
   <trkpt lat="22.7174270" lon="120.3117220">
    <ele>19.8</ele>
    <time>2026-08-17T07:32:37Z</time>
   </trkpt>
   <trkpt lat="22.7174240" lon="120.3117350">
    <ele>19.8</ele>
    <time>2026-08-17T07:32:38Z</time>
   </trkpt>
   <trkpt lat="22.7174170" lon="120.3117430">
    <ele>19.8</ele>
    <time>2026-08-17T07:32:39Z</time>
   </trkpt>
   <trkpt lat="22.7174100" lon="120.3117510">
    <ele>19.8</ele>
    <time>2026-08-17T07:32:40Z</time>
   </trkpt>
   <trkpt lat="22.7174040" lon="120.3117620">
    <ele>19.8</ele>
    <time>2026-08-17T07:32:41Z</time>
   </trkpt>
   <trkpt lat="22.7174010" lon="120.3117720">
    <ele>19.8</ele>
    <time>2026-08-17T07:32:42Z</time>
   </trkpt>
   <trkpt lat="22.7173850" lon="120.3117900">
    <ele>19.8</ele>
    <time>2026-08-17T07:32:43Z</time>
   </trkpt>
   <trkpt lat="22.7173770" lon="120.3117990">
    <ele>19.7</ele>
    <time>2026-08-17T07:32:44Z</time>
   </trkpt>
   <trkpt lat="22.7173710" lon="120.3118130">
    <ele>19.7</ele>
    <time>2026-08-17T07:32:45Z</time>
   </trkpt>
   <trkpt lat="22.7173680" lon="120.3118220">
    <ele>19.7</ele>
    <time>2026-08-17T07:32:46Z</time>
   </trkpt>
   <trkpt lat="22.7173630" lon="120.3118320">
    <ele>19.7</ele>
    <time>2026-08-17T07:32:47Z</time>
   </trkpt>
   <trkpt lat="22.7173560" lon="120.3118400">
    <ele>19.7</ele>
    <time>2026-08-17T07:32:48Z</time>
   </trkpt>
   <trkpt lat="22.7173520" lon="120.3118520">
    <ele>19.7</ele>
    <time>2026-08-17T07:32:49Z</time>
   </trkpt>
   <trkpt lat="22.7173490" lon="120.3118630">
    <ele>19.7</ele>
    <time>2026-08-17T07:32:50Z</time>
   </trkpt>
   <trkpt lat="22.7173430" lon="120.3118720">
    <ele>19.7</ele>
    <time>2026-08-17T07:32:51Z</time>
   </trkpt>
   <trkpt lat="22.7173340" lon="120.3118800">
    <ele>19.7</ele>
    <time>2026-08-17T07:32:52Z</time>
   </trkpt>
   <trkpt lat="22.7173310" lon="120.3118850">
    <ele>19.7</ele>
    <time>2026-08-17T07:32:53Z</time>
   </trkpt>
   <trkpt lat="22.7173250" lon="120.3118960">
    <ele>19.7</ele>
    <time>2026-08-17T07:32:54Z</time>
   </trkpt>
   <trkpt lat="22.7173200" lon="120.3119100">
    <ele>19.7</ele>
    <time>2026-08-17T07:32:55Z</time>
   </trkpt>
   <trkpt lat="22.7173140" lon="120.3119230">
    <ele>19.6</ele>
    <time>2026-08-17T07:32:56Z</time>
   </trkpt>
   <trkpt lat="22.7173070" lon="120.3119340">
    <ele>19.6</ele>
    <time>2026-08-17T07:32:58Z</time>
   </trkpt>
   <trkpt lat="22.7172980" lon="120.3119420">
    <ele>19.6</ele>
    <time>2026-08-17T07:32:59Z</time>
   </trkpt>
   <trkpt lat="22.7172900" lon="120.3119510">
    <ele>19.6</ele>
    <time>2026-08-17T07:33:00Z</time>
   </trkpt>
   <trkpt lat="22.7172880" lon="120.3119580">
    <ele>19.6</ele>
    <time>2026-08-17T07:33:01Z</time>
   </trkpt>
   <trkpt lat="22.7172800" lon="120.3119660">
    <ele>19.6</ele>
    <time>2026-08-17T07:33:02Z</time>
   </trkpt>
   <trkpt lat="22.7172710" lon="120.3119760">
    <ele>19.6</ele>
    <time>2026-08-17T07:33:03Z</time>
   </trkpt>
   <trkpt lat="22.7172660" lon="120.3119860">
    <ele>19.6</ele>
    <time>2026-08-17T07:33:04Z</time>
   </trkpt>
   <trkpt lat="22.7172620" lon="120.3119970">
    <ele>19.6</ele>
    <time>2026-08-17T07:33:05Z</time>
   </trkpt>
   <trkpt lat="22.7172580" lon="120.3120070">
    <ele>19.5</ele>
    <time>2026-08-17T07:33:06Z</time>
   </trkpt>
   <trkpt lat="22.7172530" lon="120.3120170">
    <ele>19.5</ele>
    <time>2026-08-17T07:33:07Z</time>
   </trkpt>
   <trkpt lat="22.7172430" lon="120.3120240">
    <ele>19.5</ele>
    <time>2026-08-17T07:33:08Z</time>
   </trkpt>
   <trkpt lat="22.7172300" lon="120.3120320">
    <ele>19.5</ele>
    <time>2026-08-17T07:33:09Z</time>
   </trkpt>
   <trkpt lat="22.7172160" lon="120.3120390">
    <ele>19.5</ele>
    <time>2026-08-17T07:33:10Z</time>
   </trkpt>
   <trkpt lat="22.7172080" lon="120.3120440">
    <ele>19.5</ele>
    <time>2026-08-17T07:33:11Z</time>
   </trkpt>
   <trkpt lat="22.7171980" lon="120.3120510">
    <ele>19.5</ele>
    <time>2026-08-17T07:33:12Z</time>
   </trkpt>
   <trkpt lat="22.7171900" lon="120.3120580">
    <ele>19.4</ele>
    <time>2026-08-17T07:33:13Z</time>
   </trkpt>
   <trkpt lat="22.7171790" lon="120.3120690">
    <ele>19.4</ele>
    <time>2026-08-17T07:33:14Z</time>
   </trkpt>
   <trkpt lat="22.7171690" lon="120.3120810">
    <ele>19.4</ele>
    <time>2026-08-17T07:33:15Z</time>
   </trkpt>
   <trkpt lat="22.7171580" lon="120.3120870">
    <ele>19.4</ele>
    <time>2026-08-17T07:33:16Z</time>
   </trkpt>
   <trkpt lat="22.7171500" lon="120.3120920">
    <ele>19.4</ele>
    <time>2026-08-17T07:33:17Z</time>
   </trkpt>
   <trkpt lat="22.7171410" lon="120.3121010">
    <ele>19.4</ele>
    <time>2026-08-17T07:33:18Z</time>
   </trkpt>
   <trkpt lat="22.7171310" lon="120.3121100">
    <ele>19.4</ele>
    <time>2026-08-17T07:33:19Z</time>
   </trkpt>
   <trkpt lat="22.7171220" lon="120.3121190">
    <ele>19.4</ele>
    <time>2026-08-17T07:33:20Z</time>
   </trkpt>
   <trkpt lat="22.7171140" lon="120.3121240">
    <ele>19.3</ele>
    <time>2026-08-17T07:33:21Z</time>
   </trkpt>
   <trkpt lat="22.7171040" lon="120.3121290">
    <ele>19.3</ele>
    <time>2026-08-17T07:33:22Z</time>
   </trkpt>
   <trkpt lat="22.7170940" lon="120.3121370">
    <ele>19.3</ele>
    <time>2026-08-17T07:33:23Z</time>
   </trkpt>
   <trkpt lat="22.7170880" lon="120.3121450">
    <ele>19.3</ele>
    <time>2026-08-17T07:33:24Z</time>
   </trkpt>
   <trkpt lat="22.7170770" lon="120.3121580">
    <ele>19.3</ele>
    <time>2026-08-17T07:33:25Z</time>
   </trkpt>
   <trkpt lat="22.7170700" lon="120.3121680">
    <ele>19.3</ele>
    <time>2026-08-17T07:33:26Z</time>
   </trkpt>
   <trkpt lat="22.7170640" lon="120.3121810">
    <ele>19.3</ele>
    <time>2026-08-17T07:33:27Z</time>
   </trkpt>
   <trkpt lat="22.7170610" lon="120.3121930">
    <ele>19.2</ele>
    <time>2026-08-17T07:33:28Z</time>
   </trkpt>
   <trkpt lat="22.7170570" lon="120.3122030">
    <ele>19.2</ele>
    <time>2026-08-17T07:33:29Z</time>
   </trkpt>
   <trkpt lat="22.7170570" lon="120.3122130">
    <ele>19.2</ele>
    <time>2026-08-17T07:33:30Z</time>
   </trkpt>
   <trkpt lat="22.7170600" lon="120.3122310">
    <ele>19.2</ele>
    <time>2026-08-17T07:33:31Z</time>
   </trkpt>
   <trkpt lat="22.7170590" lon="120.3122520">
    <ele>19.2</ele>
    <time>2026-08-17T07:33:32Z</time>
   </trkpt>
   <trkpt lat="22.7170660" lon="120.3122650">
    <ele>19.2</ele>
    <time>2026-08-17T07:33:33Z</time>
   </trkpt>
   <trkpt lat="22.7170730" lon="120.3122740">
    <ele>19.2</ele>
    <time>2026-08-17T07:33:34Z</time>
   </trkpt>
   <trkpt lat="22.7170760" lon="120.3122800">
    <ele>19.2</ele>
    <time>2026-08-17T07:33:35Z</time>
   </trkpt>
   <trkpt lat="22.7170770" lon="120.3122780">
    <ele>19.2</ele>
    <time>2026-08-17T07:33:36Z</time>
   </trkpt>
   <trkpt lat="22.7170860" lon="120.3122810">
    <ele>19.2</ele>
    <time>2026-08-17T07:33:37Z</time>
   </trkpt>
   <trkpt lat="22.7170890" lon="120.3122820">
    <ele>19.2</ele>
    <time>2026-08-17T07:33:38Z</time>
   </trkpt>
   <trkpt lat="22.7170880" lon="120.3122880">
    <ele>19.2</ele>
    <time>2026-08-17T07:33:39Z</time>
   </trkpt>
   <trkpt lat="22.7170810" lon="120.3122950">
    <ele>19.2</ele>
    <time>2026-08-17T07:33:40Z</time>
   </trkpt>
   <trkpt lat="22.7170710" lon="120.3123080">
    <ele>19.2</ele>
    <time>2026-08-17T07:33:41Z</time>
   </trkpt>
   <trkpt lat="22.7170650" lon="120.3123240">
    <ele>19.2</ele>
    <time>2026-08-17T07:33:42Z</time>
   </trkpt>
   <trkpt lat="22.7170600" lon="120.3123330">
    <ele>19.2</ele>
    <time>2026-08-17T07:33:43Z</time>
   </trkpt>
   <trkpt lat="22.7170550" lon="120.3123440">
    <ele>19.2</ele>
    <time>2026-08-17T07:33:44Z</time>
   </trkpt>
   <trkpt lat="22.7170490" lon="120.3123510">
    <ele>19.2</ele>
    <time>2026-08-17T07:33:45Z</time>
   </trkpt>
   <trkpt lat="22.7170440" lon="120.3123580">
    <ele>19.2</ele>
    <time>2026-08-17T07:33:46Z</time>
   </trkpt>
   <trkpt lat="22.7170420" lon="120.3123590">
    <ele>19.2</ele>
    <time>2026-08-17T07:33:47Z</time>
   </trkpt>
   <trkpt lat="22.7170370" lon="120.3123610">
    <ele>19.2</ele>
    <time>2026-08-17T07:33:48Z</time>
   </trkpt>
   <trkpt lat="22.7170390" lon="120.3123600">
    <ele>19.2</ele>
    <time>2026-08-17T07:33:49Z</time>
   </trkpt>
   <trkpt lat="22.7170440" lon="120.3123600">
    <ele>19.2</ele>
    <time>2026-08-17T07:33:50Z</time>
   </trkpt>
   <trkpt lat="22.7170440" lon="120.3123600">
    <ele>19.2</ele>
    <time>2026-08-17T07:33:51Z</time>
   </trkpt>
   <trkpt lat="22.7170510" lon="120.3123560">
    <ele>19.2</ele>
    <time>2026-08-17T07:33:52Z</time>
   </trkpt>
   <trkpt lat="22.7170540" lon="120.3123540">
    <ele>19.2</ele>
    <time>2026-08-17T07:33:53Z</time>
   </trkpt>
   <trkpt lat="22.7170540" lon="120.3123530">
    <ele>19.2</ele>
    <time>2026-08-17T07:33:54Z</time>
   </trkpt>
   <trkpt lat="22.7170540" lon="120.3123530">
    <ele>19.2</ele>
    <time>2026-08-17T07:33:55Z</time>
   </trkpt>
   <trkpt lat="22.7170600" lon="120.3123500">
    <ele>19.2</ele>
    <time>2026-08-17T07:33:56Z</time>
   </trkpt>
   <trkpt lat="22.7170610" lon="120.3123500">
    <ele>19.2</ele>
    <time>2026-08-17T07:33:57Z</time>
   </trkpt>
   <trkpt lat="22.7170700" lon="120.3123470">
    <ele>19.2</ele>
    <time>2026-08-17T07:33:58Z</time>
   </trkpt>
   <trkpt lat="22.7170890" lon="120.3123550">
    <ele>19.2</ele>
    <time>2026-08-17T07:33:59Z</time>
   </trkpt>
   <trkpt lat="22.7170990" lon="120.3123620">
    <ele>19.2</ele>
    <time>2026-08-17T07:34:00Z</time>
   </trkpt>
   <trkpt lat="22.7171070" lon="120.3123700">
    <ele>19.2</ele>
    <time>2026-08-17T07:34:01Z</time>
   </trkpt>
   <trkpt lat="22.7171130" lon="120.3123750">
    <ele>19.2</ele>
    <time>2026-08-17T07:34:02Z</time>
   </trkpt>
   <trkpt lat="22.7171200" lon="120.3123840">
    <ele>19.2</ele>
    <time>2026-08-17T07:34:03Z</time>
   </trkpt>
   <trkpt lat="22.7171260" lon="120.3123930">
    <ele>19.2</ele>
    <time>2026-08-17T07:34:04Z</time>
   </trkpt>
   <trkpt lat="22.7171320" lon="120.3124010">
    <ele>19.2</ele>
    <time>2026-08-17T07:34:05Z</time>
   </trkpt>
   <trkpt lat="22.7171360" lon="120.3124140">
    <ele>19.2</ele>
    <time>2026-08-17T07:34:06Z</time>
   </trkpt>
   <trkpt lat="22.7171450" lon="120.3124210">
    <ele>19.2</ele>
    <time>2026-08-17T07:34:07Z</time>
   </trkpt>
   <trkpt lat="22.7171560" lon="120.3124290">
    <ele>19.2</ele>
    <time>2026-08-17T07:34:08Z</time>
   </trkpt>
   <trkpt lat="22.7171670" lon="120.3124350">
    <ele>19.2</ele>
    <time>2026-08-17T07:34:09Z</time>
   </trkpt>
   <trkpt lat="22.7171690" lon="120.3124400">
    <ele>19.2</ele>
    <time>2026-08-17T07:34:10Z</time>
   </trkpt>
   <trkpt lat="22.7171630" lon="120.3124460">
    <ele>19.2</ele>
    <time>2026-08-17T07:34:11Z</time>
   </trkpt>
   <trkpt lat="22.7171610" lon="120.3124520">
    <ele>19.2</ele>
    <time>2026-08-17T07:34:12Z</time>
   </trkpt>
   <trkpt lat="22.7171620" lon="120.3124510">
    <ele>19.2</ele>
    <time>2026-08-17T07:34:13Z</time>
   </trkpt>
   <trkpt lat="22.7171620" lon="120.3124500">
    <ele>19.2</ele>
    <time>2026-08-17T07:34:14Z</time>
   </trkpt>
   <trkpt lat="22.7171640" lon="120.3124480">
    <ele>19.2</ele>
    <time>2026-08-17T07:34:15Z</time>
   </trkpt>
   <trkpt lat="22.7171640" lon="120.3124480">
    <ele>19.2</ele>
    <time>2026-08-17T07:34:16Z</time>
   </trkpt>
   <trkpt lat="22.7171640" lon="120.3124480">
    <ele>19.2</ele>
    <time>2026-08-17T07:34:17Z</time>
   </trkpt>
   <trkpt lat="22.7171640" lon="120.3124480">
    <ele>19.2</ele>
    <time>2026-08-17T07:34:18Z</time>
   </trkpt>
   <trkpt lat="22.7171770" lon="120.3124370">
    <ele>19.2</ele>
    <time>2026-08-17T07:34:19Z</time>
   </trkpt>
   <trkpt lat="22.7171800" lon="120.3124330">
    <ele>19.2</ele>
    <time>2026-08-17T07:34:20Z</time>
   </trkpt>
   <trkpt lat="22.7171860" lon="120.3124380">
    <ele>19.2</ele>
    <time>2026-08-17T07:34:21Z</time>
   </trkpt>
   <trkpt lat="22.7171930" lon="120.3124400">
    <ele>19.2</ele>
    <time>2026-08-17T07:34:22Z</time>
   </trkpt>
   <trkpt lat="22.7172020" lon="120.3124510">
    <ele>19.2</ele>
    <time>2026-08-17T07:34:23Z</time>
   </trkpt>
   <trkpt lat="22.7172110" lon="120.3124660">
    <ele>19.2</ele>
    <time>2026-08-17T07:34:24Z</time>
   </trkpt>
   <trkpt lat="22.7172240" lon="120.3124690">
    <ele>19.2</ele>
    <time>2026-08-17T07:34:25Z</time>
   </trkpt>
   <trkpt lat="22.7172350" lon="120.3124780">
    <ele>19.3</ele>
    <time>2026-08-17T07:34:26Z</time>
   </trkpt>
   <trkpt lat="22.7172420" lon="120.3124790">
    <ele>19.3</ele>
    <time>2026-08-17T07:34:27Z</time>
   </trkpt>
   <trkpt lat="22.7172450" lon="120.3124900">
    <ele>19.3</ele>
    <time>2026-08-17T07:34:28Z</time>
   </trkpt>
   <trkpt lat="22.7172500" lon="120.3125010">
    <ele>19.3</ele>
    <time>2026-08-17T07:34:29Z</time>
   </trkpt>
   <trkpt lat="22.7172550" lon="120.3125110">
    <ele>19.3</ele>
    <time>2026-08-17T07:34:30Z</time>
   </trkpt>
   <trkpt lat="22.7172600" lon="120.3125150">
    <ele>19.3</ele>
    <time>2026-08-17T07:34:31Z</time>
   </trkpt>
   <trkpt lat="22.7172630" lon="120.3125240">
    <ele>19.3</ele>
    <time>2026-08-17T07:34:32Z</time>
   </trkpt>
   <trkpt lat="22.7172670" lon="120.3125340">
    <ele>19.3</ele>
    <time>2026-08-17T07:34:33Z</time>
   </trkpt>
   <trkpt lat="22.7172660" lon="120.3125360">
    <ele>19.3</ele>
    <time>2026-08-17T07:34:34Z</time>
   </trkpt>
   <trkpt lat="22.7172680" lon="120.3125380">
    <ele>19.3</ele>
    <time>2026-08-17T07:34:35Z</time>
   </trkpt>
   <trkpt lat="22.7172750" lon="120.3125510">
    <ele>19.3</ele>
    <time>2026-08-17T07:34:36Z</time>
   </trkpt>
   <trkpt lat="22.7172790" lon="120.3125610">
    <ele>19.3</ele>
    <time>2026-08-17T07:34:37Z</time>
   </trkpt>
   <trkpt lat="22.7172830" lon="120.3125650">
    <ele>19.3</ele>
    <time>2026-08-17T07:34:38Z</time>
   </trkpt>
   <trkpt lat="22.7172890" lon="120.3125710">
    <ele>19.3</ele>
    <time>2026-08-17T07:34:39Z</time>
   </trkpt>
   <trkpt lat="22.7172910" lon="120.3125790">
    <ele>19.3</ele>
    <time>2026-08-17T07:34:40Z</time>
   </trkpt>
   <trkpt lat="22.7172930" lon="120.3125890">
    <ele>19.3</ele>
    <time>2026-08-17T07:34:41Z</time>
   </trkpt>
   <trkpt lat="22.7172990" lon="120.3125970">
    <ele>19.3</ele>
    <time>2026-08-17T07:34:42Z</time>
   </trkpt>
   <trkpt lat="22.7173040" lon="120.3126040">
    <ele>19.3</ele>
    <time>2026-08-17T07:34:43Z</time>
   </trkpt>
   <trkpt lat="22.7173020" lon="120.3126080">
    <ele>19.3</ele>
    <time>2026-08-17T07:34:44Z</time>
   </trkpt>
   <trkpt lat="22.7173060" lon="120.3126150">
    <ele>19.3</ele>
    <time>2026-08-17T07:34:45Z</time>
   </trkpt>
   <trkpt lat="22.7173090" lon="120.3126190">
    <ele>19.3</ele>
    <time>2026-08-17T07:34:46Z</time>
   </trkpt>
   <trkpt lat="22.7173070" lon="120.3126230">
    <ele>19.3</ele>
    <time>2026-08-17T07:34:47Z</time>
   </trkpt>
   <trkpt lat="22.7173050" lon="120.3126350">
    <ele>19.3</ele>
    <time>2026-08-17T07:34:48Z</time>
   </trkpt>
   <trkpt lat="22.7173020" lon="120.3126440">
    <ele>19.3</ele>
    <time>2026-08-17T07:34:49Z</time>
   </trkpt>
   <trkpt lat="22.7173020" lon="120.3126450">
    <ele>19.3</ele>
    <time>2026-08-17T07:34:50Z</time>
   </trkpt>
   <trkpt lat="22.7173010" lon="120.3126470">
    <ele>19.3</ele>
    <time>2026-08-17T07:34:51Z</time>
   </trkpt>
   <trkpt lat="22.7173010" lon="120.3126460">
    <ele>19.3</ele>
    <time>2026-08-17T07:34:52Z</time>
   </trkpt>
   <trkpt lat="22.7172990" lon="120.3126440">
    <ele>19.3</ele>
    <time>2026-08-17T07:34:53Z</time>
   </trkpt>
   <trkpt lat="22.7172970" lon="120.3126440">
    <ele>19.3</ele>
    <time>2026-08-17T07:34:54Z</time>
   </trkpt>
   <trkpt lat="22.7172970" lon="120.3126460">
    <ele>19.3</ele>
    <time>2026-08-17T07:34:55Z</time>
   </trkpt>
   <trkpt lat="22.7172980" lon="120.3126380">
    <ele>19.3</ele>
    <time>2026-08-17T07:34:56Z</time>
   </trkpt>
   <trkpt lat="22.7173010" lon="120.3126220">
    <ele>19.3</ele>
    <time>2026-08-17T07:34:57Z</time>
   </trkpt>
   <trkpt lat="22.7173150" lon="120.3126290">
    <ele>19.3</ele>
    <time>2026-08-17T07:34:58Z</time>
   </trkpt>
   <trkpt lat="22.7173330" lon="120.3126290">
    <ele>19.3</ele>
    <time>2026-08-17T07:34:59Z</time>
   </trkpt>
   <trkpt lat="22.7173420" lon="120.3126360">
    <ele>19.3</ele>
    <time>2026-08-17T07:35:00Z</time>
   </trkpt>
   <trkpt lat="22.7173460" lon="120.3126350">
    <ele>19.3</ele>
    <time>2026-08-17T07:35:01Z</time>
   </trkpt>
   <trkpt lat="22.7173530" lon="120.3126370">
    <ele>19.3</ele>
    <time>2026-08-17T07:35:02Z</time>
   </trkpt>
   <trkpt lat="22.7173630" lon="120.3126390">
    <ele>19.3</ele>
    <time>2026-08-17T07:35:04Z</time>
   </trkpt>
   <trkpt lat="22.7173690" lon="120.3126390">
    <ele>19.3</ele>
    <time>2026-08-17T07:35:05Z</time>
   </trkpt>
   <trkpt lat="22.7173650" lon="120.3126300">
    <ele>19.3</ele>
    <time>2026-08-17T07:35:06Z</time>
   </trkpt>
   <trkpt lat="22.7173670" lon="120.3126220">
    <ele>19.3</ele>
    <time>2026-08-17T07:35:07Z</time>
   </trkpt>
   <trkpt lat="22.7173700" lon="120.3126180">
    <ele>19.3</ele>
    <time>2026-08-17T07:35:08Z</time>
   </trkpt>
   <trkpt lat="22.7173690" lon="120.3126160">
    <ele>19.3</ele>
    <time>2026-08-17T07:35:09Z</time>
   </trkpt>
   <trkpt lat="22.7173710" lon="120.3126130">
    <ele>19.3</ele>
    <time>2026-08-17T07:35:10Z</time>
   </trkpt>
   <trkpt lat="22.7173730" lon="120.3126140">
    <ele>19.3</ele>
    <time>2026-08-17T07:35:11Z</time>
   </trkpt>
   <trkpt lat="22.7173710" lon="120.3126130">
    <ele>19.3</ele>
    <time>2026-08-17T07:35:12Z</time>
   </trkpt>
   <trkpt lat="22.7173860" lon="120.3126250">
    <ele>19.3</ele>
    <time>2026-08-17T07:35:13Z</time>
   </trkpt>
   <trkpt lat="22.7174030" lon="120.3126270">
    <ele>19.3</ele>
    <time>2026-08-17T07:35:14Z</time>
   </trkpt>
   <trkpt lat="22.7174090" lon="120.3126280">
    <ele>19.3</ele>
    <time>2026-08-17T07:35:15Z</time>
   </trkpt>
   <trkpt lat="22.7174200" lon="120.3126370">
    <ele>19.3</ele>
    <time>2026-08-17T07:35:16Z</time>
   </trkpt>
   <trkpt lat="22.7174240" lon="120.3126390">
    <ele>19.3</ele>
    <time>2026-08-17T07:35:17Z</time>
   </trkpt>
   <trkpt lat="22.7174300" lon="120.3126350">
    <ele>19.3</ele>
    <time>2026-08-17T07:35:18Z</time>
   </trkpt>
   <trkpt lat="22.7174320" lon="120.3126250">
    <ele>19.3</ele>
    <time>2026-08-17T07:35:19Z</time>
   </trkpt>
   <trkpt lat="22.7174380" lon="120.3126230">
    <ele>19.3</ele>
    <time>2026-08-17T07:35:20Z</time>
   </trkpt>
   <trkpt lat="22.7174480" lon="120.3126250">
    <ele>19.3</ele>
    <time>2026-08-17T07:35:21Z</time>
   </trkpt>
   <trkpt lat="22.7174450" lon="120.3126270">
    <ele>19.3</ele>
    <time>2026-08-17T07:35:22Z</time>
   </trkpt>
   <trkpt lat="22.7174400" lon="120.3126300">
    <ele>19.3</ele>
    <time>2026-08-17T07:35:23Z</time>
   </trkpt>
   <trkpt lat="22.7174410" lon="120.3126300">
    <ele>19.3</ele>
    <time>2026-08-17T07:35:24Z</time>
   </trkpt>
   <trkpt lat="22.7174460" lon="120.3126310">
    <ele>19.3</ele>
    <time>2026-08-17T07:35:25Z</time>
   </trkpt>
   <trkpt lat="22.7174510" lon="120.3126340">
    <ele>19.3</ele>
    <time>2026-08-17T07:35:26Z</time>
   </trkpt>
   <trkpt lat="22.7174540" lon="120.3126390">
    <ele>19.3</ele>
    <time>2026-08-17T07:35:27Z</time>
   </trkpt>
   <trkpt lat="22.7174590" lon="120.3126440">
    <ele>19.3</ele>
    <time>2026-08-17T07:35:28Z</time>
   </trkpt>
   <trkpt lat="22.7174700" lon="120.3126500">
    <ele>19.3</ele>
    <time>2026-08-17T07:35:29Z</time>
   </trkpt>
   <trkpt lat="22.7174780" lon="120.3126520">
    <ele>19.4</ele>
    <time>2026-08-17T07:35:30Z</time>
   </trkpt>
   <trkpt lat="22.7174860" lon="120.3126530">
    <ele>19.4</ele>
    <time>2026-08-17T07:35:31Z</time>
   </trkpt>
   <trkpt lat="22.7174990" lon="120.3126540">
    <ele>19.4</ele>
    <time>2026-08-17T07:35:32Z</time>
   </trkpt>
   <trkpt lat="22.7175130" lon="120.3126490">
    <ele>19.4</ele>
    <time>2026-08-17T07:35:33Z</time>
   </trkpt>
   <trkpt lat="22.7175260" lon="120.3126460">
    <ele>19.4</ele>
    <time>2026-08-17T07:35:34Z</time>
   </trkpt>
   <trkpt lat="22.7175350" lon="120.3126520">
    <ele>19.4</ele>
    <time>2026-08-17T07:35:35Z</time>
   </trkpt>
   <trkpt lat="22.7175480" lon="120.3126550">
    <ele>19.4</ele>
    <time>2026-08-17T07:35:36Z</time>
   </trkpt>
   <trkpt lat="22.7175610" lon="120.3126620">
    <ele>19.4</ele>
    <time>2026-08-17T07:35:37Z</time>
   </trkpt>
   <trkpt lat="22.7175760" lon="120.3126630">
    <ele>19.4</ele>
    <time>2026-08-17T07:35:38Z</time>
   </trkpt>
   <trkpt lat="22.7175840" lon="120.3126640">
    <ele>19.4</ele>
    <time>2026-08-17T07:35:39Z</time>
   </trkpt>
   <trkpt lat="22.7175970" lon="120.3126660">
    <ele>19.4</ele>
    <time>2026-08-17T07:35:40Z</time>
   </trkpt>
   <trkpt lat="22.7176090" lon="120.3126720">
    <ele>19.4</ele>
    <time>2026-08-17T07:35:41Z</time>
   </trkpt>
   <trkpt lat="22.7176170" lon="120.3126780">
    <ele>19.4</ele>
    <time>2026-08-17T07:35:42Z</time>
   </trkpt>
   <trkpt lat="22.7176230" lon="120.3126790">
    <ele>19.4</ele>
    <time>2026-08-17T07:35:43Z</time>
   </trkpt>
   <trkpt lat="22.7176310" lon="120.3126850">
    <ele>19.4</ele>
    <time>2026-08-17T07:35:44Z</time>
   </trkpt>
   <trkpt lat="22.7176320" lon="120.3126910">
    <ele>19.4</ele>
    <time>2026-08-17T07:35:45Z</time>
   </trkpt>
   <trkpt lat="22.7176220" lon="120.3127010">
    <ele>19.4</ele>
    <time>2026-08-17T07:35:46Z</time>
   </trkpt>
   <trkpt lat="22.7176150" lon="120.3127100">
    <ele>19.4</ele>
    <time>2026-08-17T07:35:47Z</time>
   </trkpt>
   <trkpt lat="22.7176110" lon="120.3127140">
    <ele>19.4</ele>
    <time>2026-08-17T07:35:48Z</time>
   </trkpt>
   <trkpt lat="22.7176130" lon="120.3127130">
    <ele>19.4</ele>
    <time>2026-08-17T07:35:49Z</time>
   </trkpt>
   <trkpt lat="22.7176130" lon="120.3127130">
    <ele>19.4</ele>
    <time>2026-08-17T07:35:50Z</time>
   </trkpt>
   <trkpt lat="22.7176110" lon="120.3127160">
    <ele>19.4</ele>
    <time>2026-08-17T07:35:51Z</time>
   </trkpt>
   <trkpt lat="22.7176110" lon="120.3127160">
    <ele>19.4</ele>
    <time>2026-08-17T07:35:52Z</time>
   </trkpt>
   <trkpt lat="22.7176110" lon="120.3127160">
    <ele>19.4</ele>
    <time>2026-08-17T07:35:53Z</time>
   </trkpt>
   <trkpt lat="22.7176080" lon="120.3127200">
    <ele>19.4</ele>
    <time>2026-08-17T07:35:54Z</time>
   </trkpt>
   <trkpt lat="22.7176080" lon="120.3127220">
    <ele>19.4</ele>
    <time>2026-08-17T07:35:55Z</time>
   </trkpt>
   <trkpt lat="22.7176130" lon="120.3127220">
    <ele>19.4</ele>
    <time>2026-08-17T07:35:56Z</time>
   </trkpt>
   <trkpt lat="22.7176110" lon="120.3127210">
    <ele>19.4</ele>
    <time>2026-08-17T07:35:57Z</time>
   </trkpt>
   <trkpt lat="22.7176350" lon="120.3127180">
    <ele>19.4</ele>
    <time>2026-08-17T07:35:58Z</time>
   </trkpt>
   <trkpt lat="22.7176430" lon="120.3127240">
    <ele>19.4</ele>
    <time>2026-08-17T07:35:59Z</time>
   </trkpt>
   <trkpt lat="22.7176490" lon="120.3127250">
    <ele>19.4</ele>
    <time>2026-08-17T07:36:00Z</time>
   </trkpt>
   <trkpt lat="22.7176580" lon="120.3127220">
    <ele>19.4</ele>
    <time>2026-08-17T07:36:01Z</time>
   </trkpt>
   <trkpt lat="22.7176680" lon="120.3127240">
    <ele>19.4</ele>
    <time>2026-08-17T07:36:02Z</time>
   </trkpt>
   <trkpt lat="22.7176780" lon="120.3127230">
    <ele>19.4</ele>
    <time>2026-08-17T07:36:03Z</time>
   </trkpt>
   <trkpt lat="22.7176930" lon="120.3127250">
    <ele>19.4</ele>
    <time>2026-08-17T07:36:04Z</time>
   </trkpt>
   <trkpt lat="22.7177000" lon="120.3127270">
    <ele>19.4</ele>
    <time>2026-08-17T07:36:05Z</time>
   </trkpt>
   <trkpt lat="22.7177050" lon="120.3127290">
    <ele>19.4</ele>
    <time>2026-08-17T07:36:06Z</time>
   </trkpt>
   <trkpt lat="22.7177150" lon="120.3127260">
    <ele>19.4</ele>
    <time>2026-08-17T07:36:07Z</time>
   </trkpt>
   <trkpt lat="22.7177320" lon="120.3127190">
    <ele>19.4</ele>
    <time>2026-08-17T07:36:08Z</time>
   </trkpt>
   <trkpt lat="22.7177420" lon="120.3127210">
    <ele>19.4</ele>
    <time>2026-08-17T07:36:09Z</time>
   </trkpt>
   <trkpt lat="22.7177560" lon="120.3127160">
    <ele>19.4</ele>
    <time>2026-08-17T07:36:10Z</time>
   </trkpt>
   <trkpt lat="22.7177630" lon="120.3127150">
    <ele>19.4</ele>
    <time>2026-08-17T07:36:11Z</time>
   </trkpt>
   <trkpt lat="22.7177740" lon="120.3127100">
    <ele>19.4</ele>
    <time>2026-08-17T07:36:12Z</time>
   </trkpt>
   <trkpt lat="22.7177890" lon="120.3127060">
    <ele>19.4</ele>
    <time>2026-08-17T07:36:13Z</time>
   </trkpt>
   <trkpt lat="22.7178000" lon="120.3127080">
    <ele>19.4</ele>
    <time>2026-08-17T07:36:14Z</time>
   </trkpt>
   <trkpt lat="22.7178060" lon="120.3127090">
    <ele>19.4</ele>
    <time>2026-08-17T07:36:15Z</time>
   </trkpt>
   <trkpt lat="22.7178150" lon="120.3127110">
    <ele>19.4</ele>
    <time>2026-08-17T07:36:16Z</time>
   </trkpt>
   <trkpt lat="22.7178230" lon="120.3127140">
    <ele>19.4</ele>
    <time>2026-08-17T07:36:17Z</time>
   </trkpt>
   <trkpt lat="22.7178350" lon="120.3127180">
    <ele>19.4</ele>
    <time>2026-08-17T07:36:18Z</time>
   </trkpt>
   <trkpt lat="22.7178470" lon="120.3127210">
    <ele>19.4</ele>
    <time>2026-08-17T07:36:19Z</time>
   </trkpt>
   <trkpt lat="22.7178590" lon="120.3127280">
    <ele>19.4</ele>
    <time>2026-08-17T07:36:20Z</time>
   </trkpt>
   <trkpt lat="22.7178690" lon="120.3127320">
    <ele>19.4</ele>
    <time>2026-08-17T07:36:21Z</time>
   </trkpt>
   <trkpt lat="22.7178760" lon="120.3127350">
    <ele>19.4</ele>
    <time>2026-08-17T07:36:22Z</time>
   </trkpt>
   <trkpt lat="22.7178840" lon="120.3127410">
    <ele>19.4</ele>
    <time>2026-08-17T07:36:23Z</time>
   </trkpt>
   <trkpt lat="22.7178940" lon="120.3127410">
    <ele>19.4</ele>
    <time>2026-08-17T07:36:24Z</time>
   </trkpt>
   <trkpt lat="22.7179040" lon="120.3127490">
    <ele>19.4</ele>
    <time>2026-08-17T07:36:25Z</time>
   </trkpt>
   <trkpt lat="22.7179170" lon="120.3127520">
    <ele>19.4</ele>
    <time>2026-08-17T07:36:26Z</time>
   </trkpt>
   <trkpt lat="22.7179280" lon="120.3127570">
    <ele>19.4</ele>
    <time>2026-08-17T07:36:27Z</time>
   </trkpt>
   <trkpt lat="22.7179360" lon="120.3127630">
    <ele>19.4</ele>
    <time>2026-08-17T07:36:28Z</time>
   </trkpt>
   <trkpt lat="22.7179510" lon="120.3127690">
    <ele>19.4</ele>
    <time>2026-08-17T07:36:29Z</time>
   </trkpt>
   <trkpt lat="22.7179590" lon="120.3127690">
    <ele>19.4</ele>
    <time>2026-08-17T07:36:30Z</time>
   </trkpt>
   <trkpt lat="22.7179680" lon="120.3127730">
    <ele>19.4</ele>
    <time>2026-08-17T07:36:31Z</time>
   </trkpt>
   <trkpt lat="22.7179770" lon="120.3127750">
    <ele>19.4</ele>
    <time>2026-08-17T07:36:32Z</time>
   </trkpt>
   <trkpt lat="22.7179810" lon="120.3127750">
    <ele>19.4</ele>
    <time>2026-08-17T07:36:33Z</time>
   </trkpt>
   <trkpt lat="22.7179940" lon="120.3127750">
    <ele>19.4</ele>
    <time>2026-08-17T07:36:34Z</time>
   </trkpt>
   <trkpt lat="22.7180080" lon="120.3127750">
    <ele>19.4</ele>
    <time>2026-08-17T07:36:35Z</time>
   </trkpt>
   <trkpt lat="22.7180220" lon="120.3127790">
    <ele>19.5</ele>
    <time>2026-08-17T07:36:36Z</time>
   </trkpt>
   <trkpt lat="22.7180330" lon="120.3127840">
    <ele>19.5</ele>
    <time>2026-08-17T07:36:37Z</time>
   </trkpt>
   <trkpt lat="22.7180460" lon="120.3127900">
    <ele>19.5</ele>
    <time>2026-08-17T07:36:38Z</time>
   </trkpt>
   <trkpt lat="22.7180540" lon="120.3128000">
    <ele>19.5</ele>
    <time>2026-08-17T07:36:39Z</time>
   </trkpt>
   <trkpt lat="22.7180700" lon="120.3128080">
    <ele>19.5</ele>
    <time>2026-08-17T07:36:40Z</time>
   </trkpt>
   <trkpt lat="22.7180810" lon="120.3128150">
    <ele>19.5</ele>
    <time>2026-08-17T07:36:41Z</time>
   </trkpt>
   <trkpt lat="22.7180930" lon="120.3128250">
    <ele>19.5</ele>
    <time>2026-08-17T07:36:42Z</time>
   </trkpt>
   <trkpt lat="22.7181070" lon="120.3128360">
    <ele>19.5</ele>
    <time>2026-08-17T07:36:43Z</time>
   </trkpt>
   <trkpt lat="22.7181150" lon="120.3128520">
    <ele>19.5</ele>
    <time>2026-08-17T07:36:44Z</time>
   </trkpt>
   <trkpt lat="22.7181160" lon="120.3128630">
    <ele>19.5</ele>
    <time>2026-08-17T07:36:45Z</time>
   </trkpt>
   <trkpt lat="22.7181220" lon="120.3128800">
    <ele>19.5</ele>
    <time>2026-08-17T07:36:46Z</time>
   </trkpt>
   <trkpt lat="22.7181270" lon="120.3128900">
    <ele>19.5</ele>
    <time>2026-08-17T07:36:47Z</time>
   </trkpt>
   <trkpt lat="22.7181280" lon="120.3129000">
    <ele>19.5</ele>
    <time>2026-08-17T07:36:48Z</time>
   </trkpt>
   <trkpt lat="22.7181400" lon="120.3129080">
    <ele>19.5</ele>
    <time>2026-08-17T07:36:49Z</time>
   </trkpt>
   <trkpt lat="22.7181480" lon="120.3129170">
    <ele>19.5</ele>
    <time>2026-08-17T07:36:50Z</time>
   </trkpt>
   <trkpt lat="22.7181440" lon="120.3129180">
    <ele>19.5</ele>
    <time>2026-08-17T07:36:51Z</time>
   </trkpt>
   <trkpt lat="22.7181410" lon="120.3129200">
    <ele>19.5</ele>
    <time>2026-08-17T07:36:52Z</time>
   </trkpt>
   <trkpt lat="22.7181380" lon="120.3129230">
    <ele>19.5</ele>
    <time>2026-08-17T07:36:53Z</time>
   </trkpt>
   <trkpt lat="22.7181360" lon="120.3129260">
    <ele>19.5</ele>
    <time>2026-08-17T07:36:54Z</time>
   </trkpt>
   <trkpt lat="22.7181350" lon="120.3129310">
    <ele>19.5</ele>
    <time>2026-08-17T07:36:55Z</time>
   </trkpt>
   <trkpt lat="22.7181300" lon="120.3129310">
    <ele>19.6</ele>
    <time>2026-08-17T07:36:56Z</time>
   </trkpt>
   <trkpt lat="22.7181360" lon="120.3129300">
    <ele>19.5</ele>
    <time>2026-08-17T07:36:57Z</time>
   </trkpt>
   <trkpt lat="22.7181440" lon="120.3129260">
    <ele>19.5</ele>
    <time>2026-08-17T07:36:58Z</time>
   </trkpt>
   <trkpt lat="22.7181540" lon="120.3129240">
    <ele>19.5</ele>
    <time>2026-08-17T07:36:59Z</time>
   </trkpt>
   <trkpt lat="22.7181570" lon="120.3129290">
    <ele>19.5</ele>
    <time>2026-08-17T07:37:00Z</time>
   </trkpt>
   <trkpt lat="22.7181620" lon="120.3129350">
    <ele>19.5</ele>
    <time>2026-08-17T07:37:01Z</time>
   </trkpt>
   <trkpt lat="22.7181710" lon="120.3129370">
    <ele>19.5</ele>
    <time>2026-08-17T07:37:02Z</time>
   </trkpt>
   <trkpt lat="22.7181770" lon="120.3129360">
    <ele>19.5</ele>
    <time>2026-08-17T07:37:03Z</time>
   </trkpt>
   <trkpt lat="22.7181810" lon="120.3129370">
    <ele>19.5</ele>
    <time>2026-08-17T07:37:04Z</time>
   </trkpt>
   <trkpt lat="22.7181970" lon="120.3129480">
    <ele>19.5</ele>
    <time>2026-08-17T07:37:05Z</time>
   </trkpt>
   <trkpt lat="22.7182240" lon="120.3129460">
    <ele>19.5</ele>
    <time>2026-08-17T07:37:07Z</time>
   </trkpt>
   <trkpt lat="22.7182280" lon="120.3129480">
    <ele>19.5</ele>
    <time>2026-08-17T07:37:08Z</time>
   </trkpt>
   <trkpt lat="22.7182280" lon="120.3129530">
    <ele>19.5</ele>
    <time>2026-08-17T07:37:09Z</time>
   </trkpt>
   <trkpt lat="22.7182250" lon="120.3129490">
    <ele>19.5</ele>
    <time>2026-08-17T07:37:10Z</time>
   </trkpt>
   <trkpt lat="22.7182240" lon="120.3129490">
    <ele>19.5</ele>
    <time>2026-08-17T07:37:12Z</time>
   </trkpt>
   <trkpt lat="22.7182310" lon="120.3129480">
    <ele>19.5</ele>
    <time>2026-08-17T07:37:13Z</time>
   </trkpt>
   <trkpt lat="22.7182340" lon="120.3129480">
    <ele>19.5</ele>
    <time>2026-08-17T07:37:14Z</time>
   </trkpt>
   <trkpt lat="22.7182340" lon="120.3129480">
    <ele>19.5</ele>
    <time>2026-08-17T07:37:15Z</time>
   </trkpt>
   <trkpt lat="22.7182340" lon="120.3129480">
    <ele>19.5</ele>
    <time>2026-08-17T07:37:16Z</time>
   </trkpt>
   <trkpt lat="22.7182340" lon="120.3129480">
    <ele>19.5</ele>
    <time>2026-08-17T07:37:17Z</time>
   </trkpt>
   <trkpt lat="22.7182420" lon="120.3129430">
    <ele>19.5</ele>
    <time>2026-08-17T07:37:18Z</time>
   </trkpt>
   <trkpt lat="22.7182420" lon="120.3129430">
    <ele>19.5</ele>
    <time>2026-08-17T07:37:19Z</time>
   </trkpt>
   <trkpt lat="22.7182440" lon="120.3129400">
    <ele>19.5</ele>
    <time>2026-08-17T07:37:20Z</time>
   </trkpt>
   <trkpt lat="22.7182450" lon="120.3129300">
    <ele>19.5</ele>
    <time>2026-08-17T07:37:21Z</time>
   </trkpt>
   <trkpt lat="22.7182500" lon="120.3129260">
    <ele>19.5</ele>
    <time>2026-08-17T07:37:22Z</time>
   </trkpt>
   <trkpt lat="22.7182500" lon="120.3129250">
    <ele>19.5</ele>
    <time>2026-08-17T07:37:23Z</time>
   </trkpt>
   <trkpt lat="22.7182540" lon="120.3129220">
    <ele>19.5</ele>
    <time>2026-08-17T07:37:24Z</time>
   </trkpt>
   <trkpt lat="22.7182650" lon="120.3129220">
    <ele>19.5</ele>
    <time>2026-08-17T07:37:25Z</time>
   </trkpt>
   <trkpt lat="22.7182740" lon="120.3129240">
    <ele>19.5</ele>
    <time>2026-08-17T07:37:26Z</time>
   </trkpt>
   <trkpt lat="22.7182840" lon="120.3129250">
    <ele>19.5</ele>
    <time>2026-08-17T07:37:27Z</time>
   </trkpt>
   <trkpt lat="22.7182940" lon="120.3129350">
    <ele>19.5</ele>
    <time>2026-08-17T07:37:28Z</time>
   </trkpt>
   <trkpt lat="22.7182980" lon="120.3129340">
    <ele>19.5</ele>
    <time>2026-08-17T07:37:29Z</time>
   </trkpt>
   <trkpt lat="22.7182970" lon="120.3129320">
    <ele>19.5</ele>
    <time>2026-08-17T07:37:30Z</time>
   </trkpt>
   <trkpt lat="22.7182980" lon="120.3129270">
    <ele>19.5</ele>
    <time>2026-08-17T07:37:31Z</time>
   </trkpt>
   <trkpt lat="22.7183040" lon="120.3129240">
    <ele>19.5</ele>
    <time>2026-08-17T07:37:32Z</time>
   </trkpt>
   <trkpt lat="22.7183040" lon="120.3129230">
    <ele>19.5</ele>
    <time>2026-08-17T07:37:33Z</time>
   </trkpt>
   <trkpt lat="22.7183040" lon="120.3129230">
    <ele>19.5</ele>
    <time>2026-08-17T07:37:34Z</time>
   </trkpt>
   <trkpt lat="22.7183090" lon="120.3129310">
    <ele>19.5</ele>
    <time>2026-08-17T07:37:35Z</time>
   </trkpt>
   <trkpt lat="22.7183160" lon="120.3129270">
    <ele>19.5</ele>
    <time>2026-08-17T07:37:36Z</time>
   </trkpt>
   <trkpt lat="22.7183230" lon="120.3129340">
    <ele>19.5</ele>
    <time>2026-08-17T07:37:37Z</time>
   </trkpt>
   <trkpt lat="22.7183300" lon="120.3129380">
    <ele>19.5</ele>
    <time>2026-08-17T07:37:38Z</time>
   </trkpt>
   <trkpt lat="22.7183380" lon="120.3129440">
    <ele>19.5</ele>
    <time>2026-08-17T07:37:39Z</time>
   </trkpt>
   <trkpt lat="22.7183490" lon="120.3129550">
    <ele>19.5</ele>
    <time>2026-08-17T07:37:40Z</time>
   </trkpt>
   <trkpt lat="22.7183540" lon="120.3129620">
    <ele>19.5</ele>
    <time>2026-08-17T07:37:41Z</time>
   </trkpt>
   <trkpt lat="22.7183620" lon="120.3129760">
    <ele>19.5</ele>
    <time>2026-08-17T07:37:42Z</time>
   </trkpt>
   <trkpt lat="22.7183690" lon="120.3129850">
    <ele>19.5</ele>
    <time>2026-08-17T07:37:43Z</time>
   </trkpt>
   <trkpt lat="22.7183770" lon="120.3129950">
    <ele>19.5</ele>
    <time>2026-08-17T07:37:44Z</time>
   </trkpt>
   <trkpt lat="22.7183820" lon="120.3130050">
    <ele>19.5</ele>
    <time>2026-08-17T07:37:45Z</time>
   </trkpt>
   <trkpt lat="22.7183820" lon="120.3130180">
    <ele>19.5</ele>
    <time>2026-08-17T07:37:46Z</time>
   </trkpt>
   <trkpt lat="22.7183850" lon="120.3130330">
    <ele>19.5</ele>
    <time>2026-08-17T07:37:47Z</time>
   </trkpt>
   <trkpt lat="22.7183850" lon="120.3130410">
    <ele>19.5</ele>
    <time>2026-08-17T07:37:48Z</time>
   </trkpt>
   <trkpt lat="22.7183860" lon="120.3130420">
    <ele>19.5</ele>
    <time>2026-08-17T07:37:49Z</time>
   </trkpt>
   <trkpt lat="22.7183950" lon="120.3130480">
    <ele>19.5</ele>
    <time>2026-08-17T07:37:50Z</time>
   </trkpt>
   <trkpt lat="22.7184100" lon="120.3130630">
    <ele>19.5</ele>
    <time>2026-08-17T07:37:51Z</time>
   </trkpt>
   <trkpt lat="22.7184180" lon="120.3130720">
    <ele>19.5</ele>
    <time>2026-08-17T07:37:52Z</time>
   </trkpt>
   <trkpt lat="22.7184240" lon="120.3130860">
    <ele>19.5</ele>
    <time>2026-08-17T07:37:53Z</time>
   </trkpt>
   <trkpt lat="22.7184310" lon="120.3130940">
    <ele>19.5</ele>
    <time>2026-08-17T07:37:54Z</time>
   </trkpt>
   <trkpt lat="22.7184390" lon="120.3131040">
    <ele>19.5</ele>
    <time>2026-08-17T07:37:55Z</time>
   </trkpt>
   <trkpt lat="22.7184450" lon="120.3131140">
    <ele>19.5</ele>
    <time>2026-08-17T07:37:56Z</time>
   </trkpt>
   <trkpt lat="22.7184610" lon="120.3131200">
    <ele>19.5</ele>
    <time>2026-08-17T07:37:57Z</time>
   </trkpt>
   <trkpt lat="22.7184710" lon="120.3131270">
    <ele>19.5</ele>
    <time>2026-08-17T07:37:58Z</time>
   </trkpt>
   <trkpt lat="22.7184840" lon="120.3131330">
    <ele>19.5</ele>
    <time>2026-08-17T07:37:59Z</time>
   </trkpt>
   <trkpt lat="22.7184950" lon="120.3131410">
    <ele>19.5</ele>
    <time>2026-08-17T07:38:00Z</time>
   </trkpt>
   <trkpt lat="22.7185070" lon="120.3131490">
    <ele>19.5</ele>
    <time>2026-08-17T07:38:01Z</time>
   </trkpt>
   <trkpt lat="22.7185190" lon="120.3131510">
    <ele>19.5</ele>
    <time>2026-08-17T07:38:02Z</time>
   </trkpt>
   <trkpt lat="22.7185270" lon="120.3131600">
    <ele>19.5</ele>
    <time>2026-08-17T07:38:03Z</time>
   </trkpt>
   <trkpt lat="22.7185390" lon="120.3131680">
    <ele>19.5</ele>
    <time>2026-08-17T07:38:04Z</time>
   </trkpt>
   <trkpt lat="22.7185460" lon="120.3131810">
    <ele>19.5</ele>
    <time>2026-08-17T07:38:05Z</time>
   </trkpt>
   <trkpt lat="22.7185520" lon="120.3131920">
    <ele>19.5</ele>
    <time>2026-08-17T07:38:06Z</time>
   </trkpt>
   <trkpt lat="22.7185520" lon="120.3132100">
    <ele>19.5</ele>
    <time>2026-08-17T07:38:07Z</time>
   </trkpt>
   <trkpt lat="22.7185490" lon="120.3132220">
    <ele>19.5</ele>
    <time>2026-08-17T07:38:08Z</time>
   </trkpt>
   <trkpt lat="22.7185460" lon="120.3132350">
    <ele>19.5</ele>
    <time>2026-08-17T07:38:09Z</time>
   </trkpt>
   <trkpt lat="22.7185390" lon="120.3132460">
    <ele>19.5</ele>
    <time>2026-08-17T07:38:10Z</time>
   </trkpt>
   <trkpt lat="22.7185300" lon="120.3132520">
    <ele>19.5</ele>
    <time>2026-08-17T07:38:11Z</time>
   </trkpt>
   <trkpt lat="22.7185250" lon="120.3132620">
    <ele>19.5</ele>
    <time>2026-08-17T07:38:12Z</time>
   </trkpt>
   <trkpt lat="22.7185180" lon="120.3132730">
    <ele>19.5</ele>
    <time>2026-08-17T07:38:13Z</time>
   </trkpt>
   <trkpt lat="22.7185060" lon="120.3132760">
    <ele>19.5</ele>
    <time>2026-08-17T07:38:14Z</time>
   </trkpt>
   <trkpt lat="22.7185010" lon="120.3132830">
    <ele>19.5</ele>
    <time>2026-08-17T07:38:15Z</time>
   </trkpt>
   <trkpt lat="22.7184930" lon="120.3132900">
    <ele>19.5</ele>
    <time>2026-08-17T07:38:16Z</time>
   </trkpt>
   <trkpt lat="22.7184850" lon="120.3133010">
    <ele>19.5</ele>
    <time>2026-08-17T07:38:17Z</time>
   </trkpt>
   <trkpt lat="22.7184820" lon="120.3133060">
    <ele>19.5</ele>
    <time>2026-08-17T07:38:18Z</time>
   </trkpt>
   <trkpt lat="22.7184760" lon="120.3133070">
    <ele>19.5</ele>
    <time>2026-08-17T07:38:19Z</time>
   </trkpt>
   <trkpt lat="22.7184680" lon="120.3133280">
    <ele>19.5</ele>
    <time>2026-08-17T07:38:20Z</time>
   </trkpt>
   <trkpt lat="22.7184640" lon="120.3133320">
    <ele>19.5</ele>
    <time>2026-08-17T07:38:21Z</time>
   </trkpt>
   <trkpt lat="22.7184580" lon="120.3133480">
    <ele>19.5</ele>
    <time>2026-08-17T07:38:22Z</time>
   </trkpt>
   <trkpt lat="22.7184480" lon="120.3133710">
    <ele>19.5</ele>
    <time>2026-08-17T07:38:23Z</time>
   </trkpt>
   <trkpt lat="22.7184410" lon="120.3133840">
    <ele>19.5</ele>
    <time>2026-08-17T07:38:24Z</time>
   </trkpt>
   <trkpt lat="22.7184430" lon="120.3134030">
    <ele>19.5</ele>
    <time>2026-08-17T07:38:25Z</time>
   </trkpt>
   <trkpt lat="22.7184610" lon="120.3134170">
    <ele>19.5</ele>
    <time>2026-08-17T07:38:26Z</time>
   </trkpt>
   <trkpt lat="22.7184650" lon="120.3134150">
    <ele>19.5</ele>
    <time>2026-08-17T07:38:27Z</time>
   </trkpt>
   <trkpt lat="22.7184570" lon="120.3134070">
    <ele>19.5</ele>
    <time>2026-08-17T07:38:28Z</time>
   </trkpt>
   <trkpt lat="22.7184590" lon="120.3134080">
    <ele>19.5</ele>
    <time>2026-08-17T07:38:29Z</time>
   </trkpt>
   <trkpt lat="22.7184580" lon="120.3134080">
    <ele>19.5</ele>
    <time>2026-08-17T07:38:30Z</time>
   </trkpt>
   <trkpt lat="22.7184580" lon="120.3134080">
    <ele>19.5</ele>
    <time>2026-08-17T07:38:31Z</time>
   </trkpt>
   <trkpt lat="22.7184580" lon="120.3134080">
    <ele>19.5</ele>
    <time>2026-08-17T07:38:32Z</time>
   </trkpt>
   <trkpt lat="22.7184540" lon="120.3134160">
    <ele>19.5</ele>
    <time>2026-08-17T07:38:33Z</time>
   </trkpt>
   <trkpt lat="22.7184540" lon="120.3134190">
    <ele>19.5</ele>
    <time>2026-08-17T07:38:34Z</time>
   </trkpt>
   <trkpt lat="22.7184540" lon="120.3134170">
    <ele>19.5</ele>
    <time>2026-08-17T07:38:35Z</time>
   </trkpt>
   <trkpt lat="22.7184550" lon="120.3134230">
    <ele>19.5</ele>
    <time>2026-08-17T07:38:36Z</time>
   </trkpt>
   <trkpt lat="22.7184370" lon="120.3134480">
    <ele>19.5</ele>
    <time>2026-08-17T07:38:37Z</time>
   </trkpt>
   <trkpt lat="22.7184390" lon="120.3134550">
    <ele>19.5</ele>
    <time>2026-08-17T07:38:38Z</time>
   </trkpt>
   <trkpt lat="22.7184370" lon="120.3134590">
    <ele>19.5</ele>
    <time>2026-08-17T07:38:39Z</time>
   </trkpt>
   <trkpt lat="22.7184290" lon="120.3134800">
    <ele>19.5</ele>
    <time>2026-08-17T07:38:40Z</time>
   </trkpt>
   <trkpt lat="22.7184270" lon="120.3134910">
    <ele>19.5</ele>
    <time>2026-08-17T07:38:41Z</time>
   </trkpt>
   <trkpt lat="22.7184260" lon="120.3134950">
    <ele>19.5</ele>
    <time>2026-08-17T07:38:42Z</time>
   </trkpt>
   <trkpt lat="22.7184260" lon="120.3135030">
    <ele>19.5</ele>
    <time>2026-08-17T07:38:43Z</time>
   </trkpt>
   <trkpt lat="22.7184280" lon="120.3135010">
    <ele>19.5</ele>
    <time>2026-08-17T07:38:44Z</time>
   </trkpt>
   <trkpt lat="22.7184310" lon="120.3134910">
    <ele>19.5</ele>
    <time>2026-08-17T07:38:45Z</time>
   </trkpt>
   <trkpt lat="22.7184330" lon="120.3134710">
    <ele>19.5</ele>
    <time>2026-08-17T07:38:46Z</time>
   </trkpt>
   <trkpt lat="22.7184330" lon="120.3134600">
    <ele>19.5</ele>
    <time>2026-08-17T07:38:47Z</time>
   </trkpt>
   <trkpt lat="22.7184320" lon="120.3134510">
    <ele>19.5</ele>
    <time>2026-08-17T07:38:48Z</time>
   </trkpt>
   <trkpt lat="22.7184330" lon="120.3134390">
    <ele>19.5</ele>
    <time>2026-08-17T07:38:49Z</time>
   </trkpt>
   <trkpt lat="22.7184400" lon="120.3134210">
    <ele>19.5</ele>
    <time>2026-08-17T07:38:50Z</time>
   </trkpt>
   <trkpt lat="22.7184440" lon="120.3134030">
    <ele>19.5</ele>
    <time>2026-08-17T07:38:51Z</time>
   </trkpt>
   <trkpt lat="22.7184450" lon="120.3133880">
    <ele>19.5</ele>
    <time>2026-08-17T07:38:52Z</time>
   </trkpt>
   <trkpt lat="22.7184490" lon="120.3133750">
    <ele>19.5</ele>
    <time>2026-08-17T07:38:53Z</time>
   </trkpt>
   <trkpt lat="22.7184520" lon="120.3133610">
    <ele>19.5</ele>
    <time>2026-08-17T07:38:54Z</time>
   </trkpt>
   <trkpt lat="22.7184580" lon="120.3133460">
    <ele>19.5</ele>
    <time>2026-08-17T07:38:55Z</time>
   </trkpt>
   <trkpt lat="22.7184640" lon="120.3133350">
    <ele>19.5</ele>
    <time>2026-08-17T07:38:56Z</time>
   </trkpt>
   <trkpt lat="22.7184670" lon="120.3133250">
    <ele>19.5</ele>
    <time>2026-08-17T07:38:57Z</time>
   </trkpt>
   <trkpt lat="22.7184690" lon="120.3133140">
    <ele>19.5</ele>
    <time>2026-08-17T07:38:58Z</time>
   </trkpt>
   <trkpt lat="22.7184630" lon="120.3132990">
    <ele>19.5</ele>
    <time>2026-08-17T07:38:59Z</time>
   </trkpt>
   <trkpt lat="22.7184660" lon="120.3132860">
    <ele>19.5</ele>
    <time>2026-08-17T07:39:00Z</time>
   </trkpt>
   <trkpt lat="22.7184770" lon="120.3132660">
    <ele>19.5</ele>
    <time>2026-08-17T07:39:01Z</time>
   </trkpt>
   <trkpt lat="22.7184820" lon="120.3132520">
    <ele>19.5</ele>
    <time>2026-08-17T07:39:02Z</time>
   </trkpt>
   <trkpt lat="22.7184930" lon="120.3132380">
    <ele>19.5</ele>
    <time>2026-08-17T07:39:03Z</time>
   </trkpt>
   <trkpt lat="22.7185010" lon="120.3132310">
    <ele>19.5</ele>
    <time>2026-08-17T07:39:04Z</time>
   </trkpt>
   <trkpt lat="22.7185100" lon="120.3132260">
    <ele>19.5</ele>
    <time>2026-08-17T07:39:05Z</time>
   </trkpt>
   <trkpt lat="22.7185160" lon="120.3132270">
    <ele>19.5</ele>
    <time>2026-08-17T07:39:06Z</time>
   </trkpt>
   <trkpt lat="22.7185350" lon="120.3132340">
    <ele>19.4</ele>
    <time>2026-08-17T07:39:07Z</time>
   </trkpt>
   <trkpt lat="22.7185540" lon="120.3132440">
    <ele>19.4</ele>
    <time>2026-08-17T07:39:08Z</time>
   </trkpt>
   <trkpt lat="22.7185670" lon="120.3132520">
    <ele>19.4</ele>
    <time>2026-08-17T07:39:10Z</time>
   </trkpt>
   <trkpt lat="22.7185750" lon="120.3132560">
    <ele>19.4</ele>
    <time>2026-08-17T07:39:11Z</time>
   </trkpt>
   <trkpt lat="22.7185740" lon="120.3132570">
    <ele>19.4</ele>
    <time>2026-08-17T07:39:12Z</time>
   </trkpt>
   <trkpt lat="22.7185730" lon="120.3132630">
    <ele>19.4</ele>
    <time>2026-08-17T07:39:13Z</time>
   </trkpt>
   <trkpt lat="22.7185740" lon="120.3132670">
    <ele>19.4</ele>
    <time>2026-08-17T07:39:14Z</time>
   </trkpt>
   <trkpt lat="22.7185810" lon="120.3132690">
    <ele>19.4</ele>
    <time>2026-08-17T07:39:15Z</time>
   </trkpt>
   <trkpt lat="22.7185810" lon="120.3132680">
    <ele>19.4</ele>
    <time>2026-08-17T07:39:16Z</time>
   </trkpt>
   <trkpt lat="22.7185780" lon="120.3132630">
    <ele>19.4</ele>
    <time>2026-08-17T07:39:17Z</time>
   </trkpt>
   <trkpt lat="22.7185800" lon="120.3132620">
    <ele>19.4</ele>
    <time>2026-08-17T07:39:18Z</time>
   </trkpt>
   <trkpt lat="22.7185860" lon="120.3132520">
    <ele>19.4</ele>
    <time>2026-08-17T07:39:19Z</time>
   </trkpt>
   <trkpt lat="22.7185850" lon="120.3132510">
    <ele>19.4</ele>
    <time>2026-08-17T07:39:20Z</time>
   </trkpt>
   <trkpt lat="22.7185890" lon="120.3132610">
    <ele>19.4</ele>
    <time>2026-08-17T07:39:21Z</time>
   </trkpt>
   <trkpt lat="22.7185900" lon="120.3132710">
    <ele>19.4</ele>
    <time>2026-08-17T07:39:22Z</time>
   </trkpt>
   <trkpt lat="22.7186010" lon="120.3132730">
    <ele>19.4</ele>
    <time>2026-08-17T07:39:23Z</time>
   </trkpt>
   <trkpt lat="22.7186070" lon="120.3132830">
    <ele>19.4</ele>
    <time>2026-08-17T07:39:24Z</time>
   </trkpt>
   <trkpt lat="22.7186110" lon="120.3132980">
    <ele>19.4</ele>
    <time>2026-08-17T07:39:25Z</time>
   </trkpt>
   <trkpt lat="22.7186130" lon="120.3133090">
    <ele>19.4</ele>
    <time>2026-08-17T07:39:26Z</time>
   </trkpt>
   <trkpt lat="22.7186150" lon="120.3133170">
    <ele>19.4</ele>
    <time>2026-08-17T07:39:27Z</time>
   </trkpt>
   <trkpt lat="22.7186200" lon="120.3133230">
    <ele>19.4</ele>
    <time>2026-08-17T07:39:28Z</time>
   </trkpt>
   <trkpt lat="22.7186230" lon="120.3133270">
    <ele>19.4</ele>
    <time>2026-08-17T07:39:29Z</time>
   </trkpt>
   <trkpt lat="22.7186240" lon="120.3133250">
    <ele>19.4</ele>
    <time>2026-08-17T07:39:30Z</time>
   </trkpt>
   <trkpt lat="22.7186280" lon="120.3133190">
    <ele>19.4</ele>
    <time>2026-08-17T07:39:31Z</time>
   </trkpt>
   <trkpt lat="22.7186370" lon="120.3133150">
    <ele>19.4</ele>
    <time>2026-08-17T07:39:32Z</time>
   </trkpt>
   <trkpt lat="22.7186380" lon="120.3133100">
    <ele>19.4</ele>
    <time>2026-08-17T07:39:33Z</time>
   </trkpt>
   <trkpt lat="22.7186410" lon="120.3133080">
    <ele>19.4</ele>
    <time>2026-08-17T07:39:34Z</time>
   </trkpt>
   <trkpt lat="22.7186500" lon="120.3133080">
    <ele>19.4</ele>
    <time>2026-08-17T07:39:35Z</time>
   </trkpt>
   <trkpt lat="22.7186560" lon="120.3133090">
    <ele>19.4</ele>
    <time>2026-08-17T07:39:36Z</time>
   </trkpt>
   <trkpt lat="22.7186550" lon="120.3133080">
    <ele>19.4</ele>
    <time>2026-08-17T07:39:37Z</time>
   </trkpt>
   <trkpt lat="22.7186530" lon="120.3133110">
    <ele>19.4</ele>
    <time>2026-08-17T07:39:38Z</time>
   </trkpt>
   <trkpt lat="22.7186590" lon="120.3133070">
    <ele>19.4</ele>
    <time>2026-08-17T07:39:39Z</time>
   </trkpt>
   <trkpt lat="22.7186620" lon="120.3133030">
    <ele>19.4</ele>
    <time>2026-08-17T07:39:40Z</time>
   </trkpt>
   <trkpt lat="22.7186710" lon="120.3133080">
    <ele>19.4</ele>
    <time>2026-08-17T07:39:41Z</time>
   </trkpt>
   <trkpt lat="22.7186820" lon="120.3133160">
    <ele>19.4</ele>
    <time>2026-08-17T07:39:42Z</time>
   </trkpt>
   <trkpt lat="22.7186850" lon="120.3133280">
    <ele>19.4</ele>
    <time>2026-08-17T07:39:43Z</time>
   </trkpt>
   <trkpt lat="22.7186790" lon="120.3133450">
    <ele>19.4</ele>
    <time>2026-08-17T07:39:44Z</time>
   </trkpt>
   <trkpt lat="22.7186750" lon="120.3133560">
    <ele>19.4</ele>
    <time>2026-08-17T07:39:45Z</time>
   </trkpt>
   <trkpt lat="22.7186780" lon="120.3133660">
    <ele>19.4</ele>
    <time>2026-08-17T07:39:46Z</time>
   </trkpt>
   <trkpt lat="22.7186780" lon="120.3133750">
    <ele>19.4</ele>
    <time>2026-08-17T07:39:47Z</time>
   </trkpt>
   <trkpt lat="22.7186820" lon="120.3133780">
    <ele>19.4</ele>
    <time>2026-08-17T07:39:48Z</time>
   </trkpt>
   <trkpt lat="22.7186870" lon="120.3133860">
    <ele>19.4</ele>
    <time>2026-08-17T07:39:49Z</time>
   </trkpt>
   <trkpt lat="22.7186940" lon="120.3133930">
    <ele>19.4</ele>
    <time>2026-08-17T07:39:50Z</time>
   </trkpt>
   <trkpt lat="22.7187040" lon="120.3133940">
    <ele>19.4</ele>
    <time>2026-08-17T07:39:51Z</time>
   </trkpt>
   <trkpt lat="22.7187160" lon="120.3133990">
    <ele>19.4</ele>
    <time>2026-08-17T07:39:52Z</time>
   </trkpt>
   <trkpt lat="22.7187340" lon="120.3134040">
    <ele>19.3</ele>
    <time>2026-08-17T07:39:53Z</time>
   </trkpt>
   <trkpt lat="22.7187450" lon="120.3134080">
    <ele>19.3</ele>
    <time>2026-08-17T07:39:54Z</time>
   </trkpt>
   <trkpt lat="22.7187560" lon="120.3134140">
    <ele>19.3</ele>
    <time>2026-08-17T07:39:55Z</time>
   </trkpt>
   <trkpt lat="22.7187690" lon="120.3134100">
    <ele>19.3</ele>
    <time>2026-08-17T07:39:56Z</time>
   </trkpt>
   <trkpt lat="22.7187810" lon="120.3134210">
    <ele>19.3</ele>
    <time>2026-08-17T07:39:57Z</time>
   </trkpt>
   <trkpt lat="22.7187850" lon="120.3134290">
    <ele>19.3</ele>
    <time>2026-08-17T07:39:58Z</time>
   </trkpt>
   <trkpt lat="22.7187980" lon="120.3134360">
    <ele>19.3</ele>
    <time>2026-08-17T07:39:59Z</time>
   </trkpt>
   <trkpt lat="22.7188060" lon="120.3134420">
    <ele>19.3</ele>
    <time>2026-08-17T07:40:00Z</time>
   </trkpt>
   <trkpt lat="22.7188170" lon="120.3134470">
    <ele>19.3</ele>
    <time>2026-08-17T07:40:01Z</time>
   </trkpt>
   <trkpt lat="22.7188230" lon="120.3134530">
    <ele>19.3</ele>
    <time>2026-08-17T07:40:02Z</time>
   </trkpt>
   <trkpt lat="22.7188300" lon="120.3134590">
    <ele>19.3</ele>
    <time>2026-08-17T07:40:03Z</time>
   </trkpt>
   <trkpt lat="22.7188410" lon="120.3134640">
    <ele>19.3</ele>
    <time>2026-08-17T07:40:04Z</time>
   </trkpt>
   <trkpt lat="22.7188450" lon="120.3134720">
    <ele>19.3</ele>
    <time>2026-08-17T07:40:05Z</time>
   </trkpt>
   <trkpt lat="22.7188540" lon="120.3134760">
    <ele>19.3</ele>
    <time>2026-08-17T07:40:06Z</time>
   </trkpt>
   <trkpt lat="22.7188660" lon="120.3134810">
    <ele>19.2</ele>
    <time>2026-08-17T07:40:07Z</time>
   </trkpt>
   <trkpt lat="22.7188760" lon="120.3134840">
    <ele>19.2</ele>
    <time>2026-08-17T07:40:08Z</time>
   </trkpt>
   <trkpt lat="22.7188870" lon="120.3134820">
    <ele>19.2</ele>
    <time>2026-08-17T07:40:09Z</time>
   </trkpt>
   <trkpt lat="22.7189010" lon="120.3134790">
    <ele>19.2</ele>
    <time>2026-08-17T07:40:10Z</time>
   </trkpt>
   <trkpt lat="22.7189090" lon="120.3134810">
    <ele>19.2</ele>
    <time>2026-08-17T07:40:11Z</time>
   </trkpt>
   <trkpt lat="22.7189230" lon="120.3134800">
    <ele>19.2</ele>
    <time>2026-08-17T07:40:12Z</time>
   </trkpt>
   <trkpt lat="22.7189380" lon="120.3134810">
    <ele>19.2</ele>
    <time>2026-08-17T07:40:13Z</time>
   </trkpt>
   <trkpt lat="22.7189490" lon="120.3134820">
    <ele>19.2</ele>
    <time>2026-08-17T07:40:14Z</time>
   </trkpt>
   <trkpt lat="22.7189610" lon="120.3134810">
    <ele>19.2</ele>
    <time>2026-08-17T07:40:15Z</time>
   </trkpt>
   <trkpt lat="22.7189700" lon="120.3134840">
    <ele>19.2</ele>
    <time>2026-08-17T07:40:16Z</time>
   </trkpt>
   <trkpt lat="22.7189850" lon="120.3134850">
    <ele>19.2</ele>
    <time>2026-08-17T07:40:17Z</time>
   </trkpt>
   <trkpt lat="22.7190050" lon="120.3134890">
    <ele>19.2</ele>
    <time>2026-08-17T07:40:18Z</time>
   </trkpt>
   <trkpt lat="22.7190180" lon="120.3134940">
    <ele>19.1</ele>
    <time>2026-08-17T07:40:19Z</time>
   </trkpt>
   <trkpt lat="22.7190330" lon="120.3134950">
    <ele>19.1</ele>
    <time>2026-08-17T07:40:20Z</time>
   </trkpt>
   <trkpt lat="22.7190450" lon="120.3135000">
    <ele>19.1</ele>
    <time>2026-08-17T07:40:21Z</time>
   </trkpt>
   <trkpt lat="22.7190560" lon="120.3135060">
    <ele>19.1</ele>
    <time>2026-08-17T07:40:22Z</time>
   </trkpt>
   <trkpt lat="22.7190590" lon="120.3135070">
    <ele>19.1</ele>
    <time>2026-08-17T07:40:23Z</time>
   </trkpt>
   <trkpt lat="22.7190680" lon="120.3135130">
    <ele>19.1</ele>
    <time>2026-08-17T07:40:24Z</time>
   </trkpt>
   <trkpt lat="22.7190640" lon="120.3135200">
    <ele>19.1</ele>
    <time>2026-08-17T07:40:25Z</time>
   </trkpt>
   <trkpt lat="22.7190660" lon="120.3135200">
    <ele>19.1</ele>
    <time>2026-08-17T07:40:26Z</time>
   </trkpt>
   <trkpt lat="22.7190680" lon="120.3135220">
    <ele>19.1</ele>
    <time>2026-08-17T07:40:27Z</time>
   </trkpt>
   <trkpt lat="22.7190670" lon="120.3135250">
    <ele>19.1</ele>
    <time>2026-08-17T07:40:28Z</time>
   </trkpt>
   <trkpt lat="22.7190700" lon="120.3135240">
    <ele>19.1</ele>
    <time>2026-08-17T07:40:29Z</time>
   </trkpt>
   <trkpt lat="22.7190690" lon="120.3135240">
    <ele>19.1</ele>
    <time>2026-08-17T07:40:30Z</time>
   </trkpt>
   <trkpt lat="22.7190690" lon="120.3135270">
    <ele>19.1</ele>
    <time>2026-08-17T07:40:31Z</time>
   </trkpt>
   <trkpt lat="22.7190660" lon="120.3135310">
    <ele>19.1</ele>
    <time>2026-08-17T07:40:32Z</time>
   </trkpt>
   <trkpt lat="22.7190660" lon="120.3135360">
    <ele>19.1</ele>
    <time>2026-08-17T07:40:33Z</time>
   </trkpt>
   <trkpt lat="22.7190610" lon="120.3135440">
    <ele>19.1</ele>
    <time>2026-08-17T07:40:34Z</time>
   </trkpt>
   <trkpt lat="22.7190620" lon="120.3135430">
    <ele>19.1</ele>
    <time>2026-08-17T07:40:35Z</time>
   </trkpt>
   <trkpt lat="22.7190600" lon="120.3135480">
    <ele>19.1</ele>
    <time>2026-08-17T07:40:36Z</time>
   </trkpt>
   <trkpt lat="22.7190600" lon="120.3135500">
    <ele>19.1</ele>
    <time>2026-08-17T07:40:37Z</time>
   </trkpt>
   <trkpt lat="22.7190550" lon="120.3135590">
    <ele>19.0</ele>
    <time>2026-08-17T07:40:38Z</time>
   </trkpt>
   <trkpt lat="22.7190580" lon="120.3135650">
    <ele>19.0</ele>
    <time>2026-08-17T07:40:39Z</time>
   </trkpt>
   <trkpt lat="22.7190700" lon="120.3135760">
    <ele>19.0</ele>
    <time>2026-08-17T07:40:40Z</time>
   </trkpt>
   <trkpt lat="22.7190820" lon="120.3135820">
    <ele>19.0</ele>
    <time>2026-08-17T07:40:41Z</time>
   </trkpt>
   <trkpt lat="22.7190900" lon="120.3135920">
    <ele>19.0</ele>
    <time>2026-08-17T07:40:42Z</time>
   </trkpt>
   <trkpt lat="22.7190990" lon="120.3135910">
    <ele>19.0</ele>
    <time>2026-08-17T07:40:43Z</time>
   </trkpt>
   <trkpt lat="22.7191100" lon="120.3135900">
    <ele>19.0</ele>
    <time>2026-08-17T07:40:44Z</time>
   </trkpt>
   <trkpt lat="22.7191190" lon="120.3135880">
    <ele>19.0</ele>
    <time>2026-08-17T07:40:45Z</time>
   </trkpt>
   <trkpt lat="22.7191300" lon="120.3135790">
    <ele>18.9</ele>
    <time>2026-08-17T07:40:46Z</time>
   </trkpt>
   <trkpt lat="22.7191400" lon="120.3135740">
    <ele>18.9</ele>
    <time>2026-08-17T07:40:47Z</time>
   </trkpt>
   <trkpt lat="22.7191510" lon="120.3135710">
    <ele>18.9</ele>
    <time>2026-08-17T07:40:48Z</time>
   </trkpt>
   <trkpt lat="22.7191600" lon="120.3135700">
    <ele>18.9</ele>
    <time>2026-08-17T07:40:49Z</time>
   </trkpt>
   <trkpt lat="22.7191680" lon="120.3135730">
    <ele>18.9</ele>
    <time>2026-08-17T07:40:50Z</time>
   </trkpt>
   <trkpt lat="22.7191830" lon="120.3135750">
    <ele>18.9</ele>
    <time>2026-08-17T07:40:51Z</time>
   </trkpt>
   <trkpt lat="22.7192010" lon="120.3135770">
    <ele>18.9</ele>
    <time>2026-08-17T07:40:52Z</time>
   </trkpt>
   <trkpt lat="22.7192140" lon="120.3135790">
    <ele>18.8</ele>
    <time>2026-08-17T07:40:53Z</time>
   </trkpt>
   <trkpt lat="22.7192260" lon="120.3135870">
    <ele>18.8</ele>
    <time>2026-08-17T07:40:54Z</time>
   </trkpt>
   <trkpt lat="22.7192400" lon="120.3135910">
    <ele>18.8</ele>
    <time>2026-08-17T07:40:55Z</time>
   </trkpt>
   <trkpt lat="22.7192560" lon="120.3135900">
    <ele>18.8</ele>
    <time>2026-08-17T07:40:56Z</time>
   </trkpt>
   <trkpt lat="22.7192680" lon="120.3135890">
    <ele>18.8</ele>
    <time>2026-08-17T07:40:57Z</time>
   </trkpt>
   <trkpt lat="22.7192810" lon="120.3135870">
    <ele>18.8</ele>
    <time>2026-08-17T07:40:58Z</time>
   </trkpt>
   <trkpt lat="22.7192960" lon="120.3135880">
    <ele>18.7</ele>
    <time>2026-08-17T07:40:59Z</time>
   </trkpt>
   <trkpt lat="22.7193070" lon="120.3135920">
    <ele>18.7</ele>
    <time>2026-08-17T07:41:00Z</time>
   </trkpt>
   <trkpt lat="22.7193110" lon="120.3135890">
    <ele>18.7</ele>
    <time>2026-08-17T07:41:01Z</time>
   </trkpt>
   <trkpt lat="22.7193150" lon="120.3135740">
    <ele>18.7</ele>
    <time>2026-08-17T07:41:02Z</time>
   </trkpt>
   <trkpt lat="22.7193160" lon="120.3135580">
    <ele>18.7</ele>
    <time>2026-08-17T07:41:03Z</time>
   </trkpt>
   <trkpt lat="22.7193150" lon="120.3135530">
    <ele>18.7</ele>
    <time>2026-08-17T07:41:04Z</time>
   </trkpt>
   <trkpt lat="22.7193220" lon="120.3135430">
    <ele>18.7</ele>
    <time>2026-08-17T07:41:05Z</time>
   </trkpt>
   <trkpt lat="22.7193330" lon="120.3135400">
    <ele>18.6</ele>
    <time>2026-08-17T07:41:06Z</time>
   </trkpt>
   <trkpt lat="22.7193350" lon="120.3135420">
    <ele>18.6</ele>
    <time>2026-08-17T07:41:07Z</time>
   </trkpt>
   <trkpt lat="22.7193340" lon="120.3135450">
    <ele>18.6</ele>
    <time>2026-08-17T07:41:08Z</time>
   </trkpt>
   <trkpt lat="22.7193410" lon="120.3135430">
    <ele>18.6</ele>
    <time>2026-08-17T07:41:09Z</time>
   </trkpt>
   <trkpt lat="22.7193400" lon="120.3135430">
    <ele>18.6</ele>
    <time>2026-08-17T07:41:10Z</time>
   </trkpt>
   <trkpt lat="22.7193500" lon="120.3135400">
    <ele>18.6</ele>
    <time>2026-08-17T07:41:11Z</time>
   </trkpt>
   <trkpt lat="22.7193590" lon="120.3135430">
    <ele>18.6</ele>
    <time>2026-08-17T07:41:12Z</time>
   </trkpt>
   <trkpt lat="22.7193670" lon="120.3135530">
    <ele>18.6</ele>
    <time>2026-08-17T07:41:13Z</time>
   </trkpt>
   <trkpt lat="22.7193760" lon="120.3135580">
    <ele>18.6</ele>
    <time>2026-08-17T07:41:15Z</time>
   </trkpt>
   <trkpt lat="22.7193860" lon="120.3135680">
    <ele>18.6</ele>
    <time>2026-08-17T07:41:16Z</time>
   </trkpt>
   <trkpt lat="22.7193960" lon="120.3135740">
    <ele>18.6</ele>
    <time>2026-08-17T07:41:17Z</time>
   </trkpt>
   <trkpt lat="22.7194040" lon="120.3135800">
    <ele>18.6</ele>
    <time>2026-08-17T07:41:18Z</time>
   </trkpt>
   <trkpt lat="22.7194130" lon="120.3135860">
    <ele>18.6</ele>
    <time>2026-08-17T07:41:19Z</time>
   </trkpt>
   <trkpt lat="22.7194220" lon="120.3135930">
    <ele>18.7</ele>
    <time>2026-08-17T07:41:20Z</time>
   </trkpt>
   <trkpt lat="22.7194310" lon="120.3136010">
    <ele>18.7</ele>
    <time>2026-08-17T07:41:21Z</time>
   </trkpt>
   <trkpt lat="22.7194400" lon="120.3136070">
    <ele>18.7</ele>
    <time>2026-08-17T07:41:22Z</time>
   </trkpt>
   <trkpt lat="22.7194480" lon="120.3136140">
    <ele>18.7</ele>
    <time>2026-08-17T07:41:23Z</time>
   </trkpt>
   <trkpt lat="22.7194570" lon="120.3136200">
    <ele>18.7</ele>
    <time>2026-08-17T07:41:24Z</time>
   </trkpt>
   <trkpt lat="22.7194680" lon="120.3136250">
    <ele>18.7</ele>
    <time>2026-08-17T07:41:25Z</time>
   </trkpt>
   <trkpt lat="22.7194750" lon="120.3136250">
    <ele>18.7</ele>
    <time>2026-08-17T07:41:26Z</time>
   </trkpt>
   <trkpt lat="22.7194840" lon="120.3136300">
    <ele>18.7</ele>
    <time>2026-08-17T07:41:27Z</time>
   </trkpt>
   <trkpt lat="22.7194910" lon="120.3136390">
    <ele>18.7</ele>
    <time>2026-08-17T07:41:28Z</time>
   </trkpt>
   <trkpt lat="22.7194990" lon="120.3136550">
    <ele>18.7</ele>
    <time>2026-08-17T07:41:29Z</time>
   </trkpt>
   <trkpt lat="22.7195060" lon="120.3136610">
    <ele>18.7</ele>
    <time>2026-08-17T07:41:30Z</time>
   </trkpt>
   <trkpt lat="22.7195140" lon="120.3136650">
    <ele>18.7</ele>
    <time>2026-08-17T07:41:31Z</time>
   </trkpt>
   <trkpt lat="22.7195260" lon="120.3136690">
    <ele>18.7</ele>
    <time>2026-08-17T07:41:32Z</time>
   </trkpt>
   <trkpt lat="22.7195340" lon="120.3136760">
    <ele>18.7</ele>
    <time>2026-08-17T07:41:33Z</time>
   </trkpt>
   <trkpt lat="22.7195440" lon="120.3136790">
    <ele>18.7</ele>
    <time>2026-08-17T07:41:34Z</time>
   </trkpt>
   <trkpt lat="22.7195550" lon="120.3136870">
    <ele>18.7</ele>
    <time>2026-08-17T07:41:35Z</time>
   </trkpt>
   <trkpt lat="22.7195660" lon="120.3136940">
    <ele>18.7</ele>
    <time>2026-08-17T07:41:36Z</time>
   </trkpt>
   <trkpt lat="22.7195770" lon="120.3137020">
    <ele>18.8</ele>
    <time>2026-08-17T07:41:37Z</time>
   </trkpt>
   <trkpt lat="22.7195870" lon="120.3137090">
    <ele>18.8</ele>
    <time>2026-08-17T07:41:38Z</time>
   </trkpt>
   <trkpt lat="22.7195910" lon="120.3137180">
    <ele>18.8</ele>
    <time>2026-08-17T07:41:39Z</time>
   </trkpt>
   <trkpt lat="22.7195970" lon="120.3137280">
    <ele>18.8</ele>
    <time>2026-08-17T07:41:40Z</time>
   </trkpt>
   <trkpt lat="22.7196020" lon="120.3137420">
    <ele>18.8</ele>
    <time>2026-08-17T07:41:41Z</time>
   </trkpt>
   <trkpt lat="22.7195940" lon="120.3137190">
    <ele>18.8</ele>
    <time>2026-08-17T07:41:42Z</time>
   </trkpt>
   <trkpt lat="22.7196180" lon="120.3137490">
    <ele>18.8</ele>
    <time>2026-08-17T07:41:43Z</time>
   </trkpt>
   <trkpt lat="22.7196230" lon="120.3137500">
    <ele>18.8</ele>
    <time>2026-08-17T07:41:44Z</time>
   </trkpt>
   <trkpt lat="22.7196320" lon="120.3137600">
    <ele>18.8</ele>
    <time>2026-08-17T07:41:45Z</time>
   </trkpt>
   <trkpt lat="22.7196370" lon="120.3137690">
    <ele>18.8</ele>
    <time>2026-08-17T07:41:46Z</time>
   </trkpt>
   <trkpt lat="22.7196470" lon="120.3137750">
    <ele>18.8</ele>
    <time>2026-08-17T07:41:47Z</time>
   </trkpt>
   <trkpt lat="22.7196590" lon="120.3137810">
    <ele>18.8</ele>
    <time>2026-08-17T07:41:48Z</time>
   </trkpt>
   <trkpt lat="22.7196650" lon="120.3137850">
    <ele>18.8</ele>
    <time>2026-08-17T07:41:49Z</time>
   </trkpt>
   <trkpt lat="22.7196710" lon="120.3137950">
    <ele>18.8</ele>
    <time>2026-08-17T07:41:50Z</time>
   </trkpt>
   <trkpt lat="22.7196790" lon="120.3138070">
    <ele>18.8</ele>
    <time>2026-08-17T07:41:51Z</time>
   </trkpt>
   <trkpt lat="22.7196840" lon="120.3138140">
    <ele>18.9</ele>
    <time>2026-08-17T07:41:52Z</time>
   </trkpt>
   <trkpt lat="22.7196860" lon="120.3138190">
    <ele>18.9</ele>
    <time>2026-08-17T07:41:53Z</time>
   </trkpt>
   <trkpt lat="22.7196850" lon="120.3138160">
    <ele>18.9</ele>
    <time>2026-08-17T07:41:54Z</time>
   </trkpt>
   <trkpt lat="22.7196910" lon="120.3138200">
    <ele>18.9</ele>
    <time>2026-08-17T07:41:55Z</time>
   </trkpt>
   <trkpt lat="22.7196990" lon="120.3138310">
    <ele>18.9</ele>
    <time>2026-08-17T07:41:56Z</time>
   </trkpt>
   <trkpt lat="22.7197050" lon="120.3138410">
    <ele>18.9</ele>
    <time>2026-08-17T07:41:57Z</time>
   </trkpt>
   <trkpt lat="22.7197100" lon="120.3138520">
    <ele>18.9</ele>
    <time>2026-08-17T07:41:58Z</time>
   </trkpt>
   <trkpt lat="22.7197070" lon="120.3138640">
    <ele>18.9</ele>
    <time>2026-08-17T07:41:59Z</time>
   </trkpt>
   <trkpt lat="22.7196970" lon="120.3138740">
    <ele>19.0</ele>
    <time>2026-08-17T07:42:00Z</time>
   </trkpt>
   <trkpt lat="22.7196870" lon="120.3138830">
    <ele>19.0</ele>
    <time>2026-08-17T07:42:01Z</time>
   </trkpt>
   <trkpt lat="22.7196790" lon="120.3138960">
    <ele>19.1</ele>
    <time>2026-08-17T07:42:02Z</time>
   </trkpt>
   <trkpt lat="22.7196780" lon="120.3139060">
    <ele>19.2</ele>
    <time>2026-08-17T07:42:03Z</time>
   </trkpt>
   <trkpt lat="22.7196740" lon="120.3139170">
    <ele>19.3</ele>
    <time>2026-08-17T07:42:04Z</time>
   </trkpt>
   <trkpt lat="22.7196690" lon="120.3139290">
    <ele>19.3</ele>
    <time>2026-08-17T07:42:05Z</time>
   </trkpt>
   <trkpt lat="22.7196610" lon="120.3139440">
    <ele>19.4</ele>
    <time>2026-08-17T07:42:06Z</time>
   </trkpt>
   <trkpt lat="22.7196550" lon="120.3139540">
    <ele>19.5</ele>
    <time>2026-08-17T07:42:07Z</time>
   </trkpt>
   <trkpt lat="22.7196470" lon="120.3139640">
    <ele>19.6</ele>
    <time>2026-08-17T07:42:08Z</time>
   </trkpt>
   <trkpt lat="22.7196390" lon="120.3139710">
    <ele>19.7</ele>
    <time>2026-08-17T07:42:09Z</time>
   </trkpt>
   <trkpt lat="22.7196320" lon="120.3139790">
    <ele>19.7</ele>
    <time>2026-08-17T07:42:10Z</time>
   </trkpt>
   <trkpt lat="22.7196260" lon="120.3139880">
    <ele>19.8</ele>
    <time>2026-08-17T07:42:11Z</time>
   </trkpt>
   <trkpt lat="22.7196210" lon="120.3139980">
    <ele>19.9</ele>
    <time>2026-08-17T07:42:12Z</time>
   </trkpt>
   <trkpt lat="22.7196160" lon="120.3140070">
    <ele>19.9</ele>
    <time>2026-08-17T07:42:13Z</time>
   </trkpt>
   <trkpt lat="22.7196040" lon="120.3140170">
    <ele>20.0</ele>
    <time>2026-08-17T07:42:14Z</time>
   </trkpt>
   <trkpt lat="22.7195990" lon="120.3140310">
    <ele>20.1</ele>
    <time>2026-08-17T07:42:15Z</time>
   </trkpt>
   <trkpt lat="22.7195980" lon="120.3140460">
    <ele>20.2</ele>
    <time>2026-08-17T07:42:16Z</time>
   </trkpt>
   <trkpt lat="22.7195910" lon="120.3140580">
    <ele>20.3</ele>
    <time>2026-08-17T07:42:17Z</time>
   </trkpt>
   <trkpt lat="22.7195890" lon="120.3140690">
    <ele>20.4</ele>
    <time>2026-08-17T07:42:18Z</time>
   </trkpt>
   <trkpt lat="22.7195800" lon="120.3140800">
    <ele>20.5</ele>
    <time>2026-08-17T07:42:19Z</time>
   </trkpt>
   <trkpt lat="22.7195730" lon="120.3140890">
    <ele>20.5</ele>
    <time>2026-08-17T07:42:20Z</time>
   </trkpt>
   <trkpt lat="22.7195620" lon="120.3140980">
    <ele>20.6</ele>
    <time>2026-08-17T07:42:21Z</time>
   </trkpt>
   <trkpt lat="22.7195560" lon="120.3141050">
    <ele>20.7</ele>
    <time>2026-08-17T07:42:22Z</time>
   </trkpt>
   <trkpt lat="22.7195470" lon="120.3141150">
    <ele>20.8</ele>
    <time>2026-08-17T07:42:23Z</time>
   </trkpt>
   <trkpt lat="22.7195380" lon="120.3141250">
    <ele>20.9</ele>
    <time>2026-08-17T07:42:24Z</time>
   </trkpt>
   <trkpt lat="22.7195250" lon="120.3141360">
    <ele>20.9</ele>
    <time>2026-08-17T07:42:25Z</time>
   </trkpt>
   <trkpt lat="22.7195150" lon="120.3141430">
    <ele>21.0</ele>
    <time>2026-08-17T07:42:26Z</time>
   </trkpt>
   <trkpt lat="22.7195060" lon="120.3141550">
    <ele>21.0</ele>
    <time>2026-08-17T07:42:27Z</time>
   </trkpt>
   <trkpt lat="22.7195010" lon="120.3141630">
    <ele>21.0</ele>
    <time>2026-08-17T07:42:28Z</time>
   </trkpt>
   <trkpt lat="22.7195000" lon="120.3141690">
    <ele>21.0</ele>
    <time>2026-08-17T07:42:29Z</time>
   </trkpt>
   <trkpt lat="22.7194990" lon="120.3141750">
    <ele>21.1</ele>
    <time>2026-08-17T07:42:30Z</time>
   </trkpt>
   <trkpt lat="22.7194990" lon="120.3141780">
    <ele>21.1</ele>
    <time>2026-08-17T07:42:31Z</time>
   </trkpt>
   <trkpt lat="22.7194950" lon="120.3141870">
    <ele>21.1</ele>
    <time>2026-08-17T07:42:32Z</time>
   </trkpt>
   <trkpt lat="22.7194920" lon="120.3141980">
    <ele>21.1</ele>
    <time>2026-08-17T07:42:33Z</time>
   </trkpt>
   <trkpt lat="22.7194880" lon="120.3142070">
    <ele>21.2</ele>
    <time>2026-08-17T07:42:34Z</time>
   </trkpt>
   <trkpt lat="22.7194880" lon="120.3142150">
    <ele>21.2</ele>
    <time>2026-08-17T07:42:35Z</time>
   </trkpt>
   <trkpt lat="22.7194830" lon="120.3142220">
    <ele>21.2</ele>
    <time>2026-08-17T07:42:36Z</time>
   </trkpt>
   <trkpt lat="22.7194780" lon="120.3142320">
    <ele>21.2</ele>
    <time>2026-08-17T07:42:37Z</time>
   </trkpt>
   <trkpt lat="22.7194740" lon="120.3142390">
    <ele>21.3</ele>
    <time>2026-08-17T07:42:38Z</time>
   </trkpt>
   <trkpt lat="22.7194710" lon="120.3142410">
    <ele>21.3</ele>
    <time>2026-08-17T07:42:39Z</time>
   </trkpt>
   <trkpt lat="22.7194700" lon="120.3142400">
    <ele>21.3</ele>
    <time>2026-08-17T07:42:40Z</time>
   </trkpt>
   <trkpt lat="22.7194710" lon="120.3142430">
    <ele>21.3</ele>
    <time>2026-08-17T07:42:41Z</time>
   </trkpt>
   <trkpt lat="22.7194700" lon="120.3142430">
    <ele>21.3</ele>
    <time>2026-08-17T07:42:42Z</time>
   </trkpt>
   <trkpt lat="22.7194750" lon="120.3142470">
    <ele>21.3</ele>
    <time>2026-08-17T07:42:43Z</time>
   </trkpt>
   <trkpt lat="22.7194770" lon="120.3142470">
    <ele>21.3</ele>
    <time>2026-08-17T07:42:44Z</time>
   </trkpt>
   <trkpt lat="22.7194830" lon="120.3142580">
    <ele>21.3</ele>
    <time>2026-08-17T07:42:45Z</time>
   </trkpt>
   <trkpt lat="22.7194870" lon="120.3142670">
    <ele>21.4</ele>
    <time>2026-08-17T07:42:46Z</time>
   </trkpt>
   <trkpt lat="22.7194840" lon="120.3142790">
    <ele>21.4</ele>
    <time>2026-08-17T07:42:47Z</time>
   </trkpt>
   <trkpt lat="22.7194840" lon="120.3142820">
    <ele>21.4</ele>
    <time>2026-08-17T07:42:48Z</time>
   </trkpt>
   <trkpt lat="22.7194780" lon="120.3142920">
    <ele>21.4</ele>
    <time>2026-08-17T07:42:49Z</time>
   </trkpt>
   <trkpt lat="22.7194710" lon="120.3142990">
    <ele>21.4</ele>
    <time>2026-08-17T07:42:50Z</time>
   </trkpt>
   <trkpt lat="22.7194650" lon="120.3143050">
    <ele>21.5</ele>
    <time>2026-08-17T07:42:51Z</time>
   </trkpt>
   <trkpt lat="22.7194620" lon="120.3143050">
    <ele>21.5</ele>
    <time>2026-08-17T07:42:52Z</time>
   </trkpt>
   <trkpt lat="22.7194630" lon="120.3143040">
    <ele>21.5</ele>
    <time>2026-08-17T07:42:53Z</time>
   </trkpt>
   <trkpt lat="22.7194710" lon="120.3143010">
    <ele>21.5</ele>
    <time>2026-08-17T07:42:54Z</time>
   </trkpt>
   <trkpt lat="22.7194740" lon="120.3142940">
    <ele>21.5</ele>
    <time>2026-08-17T07:42:55Z</time>
   </trkpt>
   <trkpt lat="22.7194750" lon="120.3142900">
    <ele>21.5</ele>
    <time>2026-08-17T07:42:56Z</time>
   </trkpt>
   <trkpt lat="22.7194820" lon="120.3142910">
    <ele>21.5</ele>
    <time>2026-08-17T07:42:57Z</time>
   </trkpt>
   <trkpt lat="22.7194820" lon="120.3142900">
    <ele>21.5</ele>
    <time>2026-08-17T07:42:58Z</time>
   </trkpt>
   <trkpt lat="22.7194820" lon="120.3142900">
    <ele>21.5</ele>
    <time>2026-08-17T07:42:59Z</time>
   </trkpt>
   <trkpt lat="22.7194820" lon="120.3142900">
    <ele>21.5</ele>
    <time>2026-08-17T07:43:00Z</time>
   </trkpt>
   <trkpt lat="22.7194910" lon="120.3142900">
    <ele>21.6</ele>
    <time>2026-08-17T07:43:01Z</time>
   </trkpt>
   <trkpt lat="22.7194900" lon="120.3142940">
    <ele>21.6</ele>
    <time>2026-08-17T07:43:02Z</time>
   </trkpt>
   <trkpt lat="22.7194870" lon="120.3143020">
    <ele>21.6</ele>
    <time>2026-08-17T07:43:03Z</time>
   </trkpt>
   <trkpt lat="22.7194840" lon="120.3143080">
    <ele>21.6</ele>
    <time>2026-08-17T07:43:04Z</time>
   </trkpt>
   <trkpt lat="22.7194800" lon="120.3143180">
    <ele>21.6</ele>
    <time>2026-08-17T07:43:05Z</time>
   </trkpt>
   <trkpt lat="22.7194720" lon="120.3143250">
    <ele>21.6</ele>
    <time>2026-08-17T07:43:06Z</time>
   </trkpt>
   <trkpt lat="22.7194650" lon="120.3143310">
    <ele>21.7</ele>
    <time>2026-08-17T07:43:07Z</time>
   </trkpt>
   <trkpt lat="22.7194600" lon="120.3143410">
    <ele>21.7</ele>
    <time>2026-08-17T07:43:08Z</time>
   </trkpt>
   <trkpt lat="22.7194590" lon="120.3143440">
    <ele>21.7</ele>
    <time>2026-08-17T07:43:09Z</time>
   </trkpt>
   <trkpt lat="22.7194600" lon="120.3143430">
    <ele>21.7</ele>
    <time>2026-08-17T07:43:10Z</time>
   </trkpt>
   <trkpt lat="22.7194600" lon="120.3143430">
    <ele>21.7</ele>
    <time>2026-08-17T07:43:11Z</time>
   </trkpt>
   <trkpt lat="22.7194600" lon="120.3143430">
    <ele>21.7</ele>
    <time>2026-08-17T07:43:12Z</time>
   </trkpt>
   <trkpt lat="22.7194530" lon="120.3143460">
    <ele>21.7</ele>
    <time>2026-08-17T07:43:13Z</time>
   </trkpt>
   <trkpt lat="22.7194490" lon="120.3143530">
    <ele>21.7</ele>
    <time>2026-08-17T07:43:14Z</time>
   </trkpt>
   <trkpt lat="22.7194490" lon="120.3143600">
    <ele>21.7</ele>
    <time>2026-08-17T07:43:15Z</time>
   </trkpt>
   <trkpt lat="22.7194390" lon="120.3143700">
    <ele>21.8</ele>
    <time>2026-08-17T07:43:16Z</time>
   </trkpt>
   <trkpt lat="22.7194360" lon="120.3143740">
    <ele>21.8</ele>
    <time>2026-08-17T07:43:17Z</time>
   </trkpt>
   <trkpt lat="22.7194350" lon="120.3143820">
    <ele>21.8</ele>
    <time>2026-08-17T07:43:18Z</time>
   </trkpt>
   <trkpt lat="22.7194320" lon="120.3143890">
    <ele>21.8</ele>
    <time>2026-08-17T07:43:19Z</time>
   </trkpt>
   <trkpt lat="22.7194350" lon="120.3143870">
    <ele>21.8</ele>
    <time>2026-08-17T07:43:20Z</time>
   </trkpt>
   <trkpt lat="22.7194360" lon="120.3143830">
    <ele>21.8</ele>
    <time>2026-08-17T07:43:21Z</time>
   </trkpt>
   <trkpt lat="22.7194350" lon="120.3143830">
    <ele>21.8</ele>
    <time>2026-08-17T07:43:22Z</time>
   </trkpt>
   <trkpt lat="22.7194360" lon="120.3143900">
    <ele>21.8</ele>
    <time>2026-08-17T07:43:23Z</time>
   </trkpt>
   <trkpt lat="22.7194350" lon="120.3144000">
    <ele>21.9</ele>
    <time>2026-08-17T07:43:24Z</time>
   </trkpt>
   <trkpt lat="22.7194380" lon="120.3144150">
    <ele>21.9</ele>
    <time>2026-08-17T07:43:25Z</time>
   </trkpt>
   <trkpt lat="22.7194380" lon="120.3144210">
    <ele>21.9</ele>
    <time>2026-08-17T07:43:26Z</time>
   </trkpt>
   <trkpt lat="22.7194330" lon="120.3144270">
    <ele>21.9</ele>
    <time>2026-08-17T07:43:27Z</time>
   </trkpt>
   <trkpt lat="22.7194300" lon="120.3144370">
    <ele>21.9</ele>
    <time>2026-08-17T07:43:28Z</time>
   </trkpt>
   <trkpt lat="22.7194270" lon="120.3144440">
    <ele>22.0</ele>
    <time>2026-08-17T07:43:29Z</time>
   </trkpt>
   <trkpt lat="22.7194310" lon="120.3144420">
    <ele>22.0</ele>
    <time>2026-08-17T07:43:30Z</time>
   </trkpt>
   <trkpt lat="22.7194330" lon="120.3144410">
    <ele>22.0</ele>
    <time>2026-08-17T07:43:31Z</time>
   </trkpt>
   <trkpt lat="22.7194330" lon="120.3144410">
    <ele>22.0</ele>
    <time>2026-08-17T07:43:32Z</time>
   </trkpt>
   <trkpt lat="22.7194330" lon="120.3144410">
    <ele>22.0</ele>
    <time>2026-08-17T07:43:33Z</time>
   </trkpt>
   <trkpt lat="22.7194310" lon="120.3144420">
    <ele>22.0</ele>
    <time>2026-08-17T07:43:34Z</time>
   </trkpt>
   <trkpt lat="22.7194300" lon="120.3144480">
    <ele>22.0</ele>
    <time>2026-08-17T07:43:35Z</time>
   </trkpt>
   <trkpt lat="22.7194290" lon="120.3144560">
    <ele>22.0</ele>
    <time>2026-08-17T07:43:36Z</time>
   </trkpt>
   <trkpt lat="22.7194260" lon="120.3144650">
    <ele>22.0</ele>
    <time>2026-08-17T07:43:37Z</time>
   </trkpt>
   <trkpt lat="22.7194240" lon="120.3144710">
    <ele>22.0</ele>
    <time>2026-08-17T07:43:38Z</time>
   </trkpt>
   <trkpt lat="22.7194230" lon="120.3144710">
    <ele>22.0</ele>
    <time>2026-08-17T07:43:39Z</time>
   </trkpt>
   <trkpt lat="22.7194230" lon="120.3144780">
    <ele>22.1</ele>
    <time>2026-08-17T07:43:40Z</time>
   </trkpt>
   <trkpt lat="22.7194210" lon="120.3144800">
    <ele>22.1</ele>
    <time>2026-08-17T07:43:41Z</time>
   </trkpt>
   <trkpt lat="22.7194210" lon="120.3144790">
    <ele>22.1</ele>
    <time>2026-08-17T07:43:42Z</time>
   </trkpt>
   <trkpt lat="22.7194210" lon="120.3144770">
    <ele>22.1</ele>
    <time>2026-08-17T07:43:43Z</time>
   </trkpt>
   <trkpt lat="22.7194220" lon="120.3144790">
    <ele>22.1</ele>
    <time>2026-08-17T07:43:44Z</time>
   </trkpt>
   <trkpt lat="22.7194220" lon="120.3144790">
    <ele>22.1</ele>
    <time>2026-08-17T07:43:45Z</time>
   </trkpt>
   <trkpt lat="22.7194240" lon="120.3144810">
    <ele>22.1</ele>
    <time>2026-08-17T07:43:46Z</time>
   </trkpt>
   <trkpt lat="22.7194240" lon="120.3144810">
    <ele>22.1</ele>
    <time>2026-08-17T07:43:47Z</time>
   </trkpt>
   <trkpt lat="22.7194240" lon="120.3144810">
    <ele>22.1</ele>
    <time>2026-08-17T07:43:48Z</time>
   </trkpt>
   <trkpt lat="22.7194240" lon="120.3144810">
    <ele>22.1</ele>
    <time>2026-08-17T07:43:49Z</time>
   </trkpt>
   <trkpt lat="22.7194330" lon="120.3144830">
    <ele>22.1</ele>
    <time>2026-08-17T07:43:50Z</time>
   </trkpt>
   <trkpt lat="22.7194330" lon="120.3144830">
    <ele>22.1</ele>
    <time>2026-08-17T07:43:51Z</time>
   </trkpt>
   <trkpt lat="22.7194330" lon="120.3144830">
    <ele>22.1</ele>
    <time>2026-08-17T07:43:52Z</time>
   </trkpt>
   <trkpt lat="22.7194330" lon="120.3144830">
    <ele>22.1</ele>
    <time>2026-08-17T07:43:53Z</time>
   </trkpt>
   <trkpt lat="22.7194340" lon="120.3144910">
    <ele>22.1</ele>
    <time>2026-08-17T07:43:54Z</time>
   </trkpt>
   <trkpt lat="22.7194280" lon="120.3144970">
    <ele>22.1</ele>
    <time>2026-08-17T07:43:55Z</time>
   </trkpt>
   <trkpt lat="22.7194250" lon="120.3145010">
    <ele>22.2</ele>
    <time>2026-08-17T07:43:56Z</time>
   </trkpt>
   <trkpt lat="22.7194200" lon="120.3145040">
    <ele>22.2</ele>
    <time>2026-08-17T07:43:57Z</time>
   </trkpt>
   <trkpt lat="22.7194130" lon="120.3145090">
    <ele>22.2</ele>
    <time>2026-08-17T07:43:58Z</time>
   </trkpt>
   <trkpt lat="22.7194060" lon="120.3145210">
    <ele>22.2</ele>
    <time>2026-08-17T07:43:59Z</time>
   </trkpt>
   <trkpt lat="22.7194000" lon="120.3145260">
    <ele>22.2</ele>
    <time>2026-08-17T07:44:00Z</time>
   </trkpt>
   <trkpt lat="22.7193990" lon="120.3145350">
    <ele>22.3</ele>
    <time>2026-08-17T07:44:01Z</time>
   </trkpt>
   <trkpt lat="22.7193950" lon="120.3145470">
    <ele>22.3</ele>
    <time>2026-08-17T07:44:02Z</time>
   </trkpt>
   <trkpt lat="22.7193930" lon="120.3145520">
    <ele>22.3</ele>
    <time>2026-08-17T07:44:03Z</time>
   </trkpt>
   <trkpt lat="22.7193910" lon="120.3145650">
    <ele>22.3</ele>
    <time>2026-08-17T07:44:04Z</time>
   </trkpt>
   <trkpt lat="22.7193880" lon="120.3145740">
    <ele>22.4</ele>
    <time>2026-08-17T07:44:05Z</time>
   </trkpt>
   <trkpt lat="22.7193800" lon="120.3145790">
    <ele>22.4</ele>
    <time>2026-08-17T07:44:06Z</time>
   </trkpt>
   <trkpt lat="22.7193740" lon="120.3145880">
    <ele>22.4</ele>
    <time>2026-08-17T07:44:07Z</time>
   </trkpt>
   <trkpt lat="22.7193690" lon="120.3146010">
    <ele>22.4</ele>
    <time>2026-08-17T07:44:08Z</time>
   </trkpt>
   <trkpt lat="22.7193740" lon="120.3146100">
    <ele>22.5</ele>
    <time>2026-08-17T07:44:09Z</time>
   </trkpt>
   <trkpt lat="22.7193790" lon="120.3146230">
    <ele>22.5</ele>
    <time>2026-08-17T07:44:10Z</time>
   </trkpt>
   <trkpt lat="22.7193770" lon="120.3146340">
    <ele>22.5</ele>
    <time>2026-08-17T07:44:11Z</time>
   </trkpt>
   <trkpt lat="22.7193740" lon="120.3146470">
    <ele>22.5</ele>
    <time>2026-08-17T07:44:12Z</time>
   </trkpt>
   <trkpt lat="22.7193690" lon="120.3146570">
    <ele>22.6</ele>
    <time>2026-08-17T07:44:13Z</time>
   </trkpt>
   <trkpt lat="22.7193620" lon="120.3146650">
    <ele>22.6</ele>
    <time>2026-08-17T07:44:14Z</time>
   </trkpt>
   <trkpt lat="22.7193570" lon="120.3146710">
    <ele>22.6</ele>
    <time>2026-08-17T07:44:15Z</time>
   </trkpt>
   <trkpt lat="22.7193450" lon="120.3146730">
    <ele>22.6</ele>
    <time>2026-08-17T07:44:16Z</time>
   </trkpt>
   <trkpt lat="22.7193380" lon="120.3146840">
    <ele>22.7</ele>
    <time>2026-08-17T07:44:17Z</time>
   </trkpt>
   <trkpt lat="22.7193320" lon="120.3146950">
    <ele>22.7</ele>
    <time>2026-08-17T07:44:18Z</time>
   </trkpt>
   <trkpt lat="22.7193240" lon="120.3147070">
    <ele>22.7</ele>
    <time>2026-08-17T07:44:19Z</time>
   </trkpt>
   <trkpt lat="22.7193100" lon="120.3147180">
    <ele>22.7</ele>
    <time>2026-08-17T07:44:20Z</time>
   </trkpt>
   <trkpt lat="22.7193020" lon="120.3147180">
    <ele>22.8</ele>
    <time>2026-08-17T07:44:21Z</time>
   </trkpt>
   <trkpt lat="22.7192970" lon="120.3147270">
    <ele>22.8</ele>
    <time>2026-08-17T07:44:22Z</time>
   </trkpt>
   <trkpt lat="22.7192860" lon="120.3147410">
    <ele>22.8</ele>
    <time>2026-08-17T07:44:23Z</time>
   </trkpt>
   <trkpt lat="22.7192760" lon="120.3147490">
    <ele>22.8</ele>
    <time>2026-08-17T07:44:24Z</time>
   </trkpt>
   <trkpt lat="22.7192670" lon="120.3147600">
    <ele>22.8</ele>
    <time>2026-08-17T07:44:25Z</time>
   </trkpt>
   <trkpt lat="22.7192660" lon="120.3147690">
    <ele>22.9</ele>
    <time>2026-08-17T07:44:26Z</time>
   </trkpt>
   <trkpt lat="22.7192670" lon="120.3147750">
    <ele>22.9</ele>
    <time>2026-08-17T07:44:27Z</time>
   </trkpt>
   <trkpt lat="22.7192560" lon="120.3147710">
    <ele>22.9</ele>
    <time>2026-08-17T07:44:28Z</time>
   </trkpt>
   <trkpt lat="22.7192460" lon="120.3147720">
    <ele>22.9</ele>
    <time>2026-08-17T07:44:29Z</time>
   </trkpt>
   <trkpt lat="22.7192390" lon="120.3147690">
    <ele>22.9</ele>
    <time>2026-08-17T07:44:30Z</time>
   </trkpt>
   <trkpt lat="22.7192350" lon="120.3147750">
    <ele>22.9</ele>
    <time>2026-08-17T07:44:31Z</time>
   </trkpt>
   <trkpt lat="22.7192310" lon="120.3147750">
    <ele>22.9</ele>
    <time>2026-08-17T07:44:32Z</time>
   </trkpt>
   <trkpt lat="22.7192350" lon="120.3147690">
    <ele>22.9</ele>
    <time>2026-08-17T07:44:33Z</time>
   </trkpt>
   <trkpt lat="22.7192460" lon="120.3147750">
    <ele>22.9</ele>
    <time>2026-08-17T07:44:34Z</time>
   </trkpt>
   <trkpt lat="22.7192470" lon="120.3147730">
    <ele>22.8</ele>
    <time>2026-08-17T07:44:35Z</time>
   </trkpt>
   <trkpt lat="22.7192470" lon="120.3147740">
    <ele>22.8</ele>
    <time>2026-08-17T07:44:36Z</time>
   </trkpt>
   <trkpt lat="22.7192500" lon="120.3147770">
    <ele>22.8</ele>
    <time>2026-08-17T07:44:37Z</time>
   </trkpt>
   <trkpt lat="22.7192480" lon="120.3147840">
    <ele>22.8</ele>
    <time>2026-08-17T07:44:38Z</time>
   </trkpt>
   <trkpt lat="22.7192420" lon="120.3147870">
    <ele>22.7</ele>
    <time>2026-08-17T07:44:39Z</time>
   </trkpt>
   <trkpt lat="22.7192330" lon="120.3147950">
    <ele>22.6</ele>
    <time>2026-08-17T07:44:40Z</time>
   </trkpt>
   <trkpt lat="22.7192370" lon="120.3148020">
    <ele>22.6</ele>
    <time>2026-08-17T07:44:41Z</time>
   </trkpt>
   <trkpt lat="22.7192350" lon="120.3148020">
    <ele>22.6</ele>
    <time>2026-08-17T07:44:42Z</time>
   </trkpt>
   <trkpt lat="22.7192260" lon="120.3147940">
    <ele>22.5</ele>
    <time>2026-08-17T07:44:43Z</time>
   </trkpt>
   <trkpt lat="22.7192190" lon="120.3147860">
    <ele>22.4</ele>
    <time>2026-08-17T07:44:44Z</time>
   </trkpt>
   <trkpt lat="22.7192080" lon="120.3147730">
    <ele>22.3</ele>
    <time>2026-08-17T07:44:45Z</time>
   </trkpt>
   <trkpt lat="22.7191970" lon="120.3147650">
    <ele>22.2</ele>
    <time>2026-08-17T07:44:46Z</time>
   </trkpt>
   <trkpt lat="22.7191880" lon="120.3147600">
    <ele>22.1</ele>
    <time>2026-08-17T07:44:47Z</time>
   </trkpt>
   <trkpt lat="22.7191780" lon="120.3147540">
    <ele>22.0</ele>
    <time>2026-08-17T07:44:48Z</time>
   </trkpt>
   <trkpt lat="22.7191680" lon="120.3147540">
    <ele>22.0</ele>
    <time>2026-08-17T07:44:49Z</time>
   </trkpt>
   <trkpt lat="22.7191620" lon="120.3147470">
    <ele>21.9</ele>
    <time>2026-08-17T07:44:50Z</time>
   </trkpt>
   <trkpt lat="22.7191580" lon="120.3147330">
    <ele>21.8</ele>
    <time>2026-08-17T07:44:51Z</time>
   </trkpt>
   <trkpt lat="22.7191480" lon="120.3147290">
    <ele>21.7</ele>
    <time>2026-08-17T07:44:52Z</time>
   </trkpt>
   <trkpt lat="22.7191440" lon="120.3147140">
    <ele>21.6</ele>
    <time>2026-08-17T07:44:53Z</time>
   </trkpt>
   <trkpt lat="22.7191390" lon="120.3147020">
    <ele>21.6</ele>
    <time>2026-08-17T07:44:54Z</time>
   </trkpt>
   <trkpt lat="22.7191340" lon="120.3146950">
    <ele>21.5</ele>
    <time>2026-08-17T07:44:55Z</time>
   </trkpt>
   <trkpt lat="22.7191280" lon="120.3146870">
    <ele>21.4</ele>
    <time>2026-08-17T07:44:56Z</time>
   </trkpt>
   <trkpt lat="22.7191110" lon="120.3146840">
    <ele>21.3</ele>
    <time>2026-08-17T07:44:57Z</time>
   </trkpt>
   <trkpt lat="22.7190930" lon="120.3146790">
    <ele>21.2</ele>
    <time>2026-08-17T07:44:58Z</time>
   </trkpt>
   <trkpt lat="22.7190840" lon="120.3146740">
    <ele>21.1</ele>
    <time>2026-08-17T07:44:59Z</time>
   </trkpt>
   <trkpt lat="22.7190760" lon="120.3146780">
    <ele>21.1</ele>
    <time>2026-08-17T07:45:00Z</time>
   </trkpt>
   <trkpt lat="22.7190640" lon="120.3146710">
    <ele>21.0</ele>
    <time>2026-08-17T07:45:01Z</time>
   </trkpt>
   <trkpt lat="22.7190570" lon="120.3146670">
    <ele>20.9</ele>
    <time>2026-08-17T07:45:02Z</time>
   </trkpt>
   <trkpt lat="22.7190400" lon="120.3146610">
    <ele>20.8</ele>
    <time>2026-08-17T07:45:03Z</time>
   </trkpt>
   <trkpt lat="22.7190270" lon="120.3146550">
    <ele>20.7</ele>
    <time>2026-08-17T07:45:04Z</time>
   </trkpt>
   <trkpt lat="22.7190290" lon="120.3146580">
    <ele>20.7</ele>
    <time>2026-08-17T07:45:05Z</time>
   </trkpt>
   <trkpt lat="22.7190220" lon="120.3146560">
    <ele>20.6</ele>
    <time>2026-08-17T07:45:06Z</time>
   </trkpt>
   <trkpt lat="22.7190090" lon="120.3146590">
    <ele>20.6</ele>
    <time>2026-08-17T07:45:07Z</time>
   </trkpt>
   <trkpt lat="22.7190070" lon="120.3146580">
    <ele>20.5</ele>
    <time>2026-08-17T07:45:08Z</time>
   </trkpt>
   <trkpt lat="22.7190000" lon="120.3146600">
    <ele>20.5</ele>
    <time>2026-08-17T07:45:09Z</time>
   </trkpt>
   <trkpt lat="22.7190040" lon="120.3146610">
    <ele>20.5</ele>
    <time>2026-08-17T07:45:10Z</time>
   </trkpt>
   <trkpt lat="22.7189990" lon="120.3146550">
    <ele>20.4</ele>
    <time>2026-08-17T07:45:11Z</time>
   </trkpt>
   <trkpt lat="22.7189880" lon="120.3146500">
    <ele>20.4</ele>
    <time>2026-08-17T07:45:12Z</time>
   </trkpt>
   <trkpt lat="22.7189810" lon="120.3146490">
    <ele>20.3</ele>
    <time>2026-08-17T07:45:13Z</time>
   </trkpt>
   <trkpt lat="22.7189690" lon="120.3146510">
    <ele>20.2</ele>
    <time>2026-08-17T07:45:14Z</time>
   </trkpt>
   <trkpt lat="22.7189670" lon="120.3146470">
    <ele>20.2</ele>
    <time>2026-08-17T07:45:15Z</time>
   </trkpt>
   <trkpt lat="22.7189650" lon="120.3146470">
    <ele>20.2</ele>
    <time>2026-08-17T07:45:16Z</time>
   </trkpt>
   <trkpt lat="22.7189510" lon="120.3146440">
    <ele>20.1</ele>
    <time>2026-08-17T07:45:17Z</time>
   </trkpt>
   <trkpt lat="22.7189390" lon="120.3146360">
    <ele>20.0</ele>
    <time>2026-08-17T07:45:18Z</time>
   </trkpt>
   <trkpt lat="22.7189290" lon="120.3146260">
    <ele>19.9</ele>
    <time>2026-08-17T07:45:19Z</time>
   </trkpt>
   <trkpt lat="22.7189160" lon="120.3146170">
    <ele>19.8</ele>
    <time>2026-08-17T07:45:20Z</time>
   </trkpt>
   <trkpt lat="22.7189020" lon="120.3146180">
    <ele>19.7</ele>
    <time>2026-08-17T07:45:21Z</time>
   </trkpt>
   <trkpt lat="22.7188910" lon="120.3146140">
    <ele>19.7</ele>
    <time>2026-08-17T07:45:22Z</time>
   </trkpt>
   <trkpt lat="22.7188810" lon="120.3146150">
    <ele>19.6</ele>
    <time>2026-08-17T07:45:23Z</time>
   </trkpt>
   <trkpt lat="22.7188810" lon="120.3146100">
    <ele>19.6</ele>
    <time>2026-08-17T07:45:24Z</time>
   </trkpt>
   <trkpt lat="22.7188800" lon="120.3145970">
    <ele>19.5</ele>
    <time>2026-08-17T07:45:25Z</time>
   </trkpt>
   <trkpt lat="22.7188700" lon="120.3145840">
    <ele>19.4</ele>
    <time>2026-08-17T07:45:26Z</time>
   </trkpt>
   <trkpt lat="22.7188620" lon="120.3145760">
    <ele>19.3</ele>
    <time>2026-08-17T07:45:27Z</time>
   </trkpt>
   <trkpt lat="22.7188600" lon="120.3145640">
    <ele>19.2</ele>
    <time>2026-08-17T07:45:28Z</time>
   </trkpt>
   <trkpt lat="22.7188570" lon="120.3145520">
    <ele>19.2</ele>
    <time>2026-08-17T07:45:29Z</time>
   </trkpt>
   <trkpt lat="22.7188570" lon="120.3145440">
    <ele>19.1</ele>
    <time>2026-08-17T07:45:30Z</time>
   </trkpt>
   <trkpt lat="22.7188680" lon="120.3145340">
    <ele>19.0</ele>
    <time>2026-08-17T07:45:31Z</time>
   </trkpt>
   <trkpt lat="22.7188670" lon="120.3145340">
    <ele>19.0</ele>
    <time>2026-08-17T07:45:32Z</time>
   </trkpt>
   <trkpt lat="22.7188690" lon="120.3145340">
    <ele>19.0</ele>
    <time>2026-08-17T07:45:33Z</time>
   </trkpt>
   <trkpt lat="22.7188640" lon="120.3145260">
    <ele>18.9</ele>
    <time>2026-08-17T07:45:34Z</time>
   </trkpt>
   <trkpt lat="22.7188650" lon="120.3145120">
    <ele>18.9</ele>
    <time>2026-08-17T07:45:35Z</time>
   </trkpt>
   <trkpt lat="22.7188680" lon="120.3144910">
    <ele>18.7</ele>
    <time>2026-08-17T07:45:36Z</time>
   </trkpt>
   <trkpt lat="22.7188500" lon="120.3144840">
    <ele>18.7</ele>
    <time>2026-08-17T07:45:37Z</time>
   </trkpt>
   <trkpt lat="22.7188510" lon="120.3144740">
    <ele>18.7</ele>
    <time>2026-08-17T07:45:38Z</time>
   </trkpt>
   <trkpt lat="22.7188470" lon="120.3144710">
    <ele>18.7</ele>
    <time>2026-08-17T07:45:39Z</time>
   </trkpt>
   <trkpt lat="22.7188420" lon="120.3144690">
    <ele>18.7</ele>
    <time>2026-08-17T07:45:40Z</time>
   </trkpt>
   <trkpt lat="22.7188420" lon="120.3144700">
    <ele>18.7</ele>
    <time>2026-08-17T07:45:41Z</time>
   </trkpt>
   <trkpt lat="22.7188420" lon="120.3144700">
    <ele>18.7</ele>
    <time>2026-08-17T07:45:42Z</time>
   </trkpt>
   <trkpt lat="22.7188520" lon="120.3144670">
    <ele>18.7</ele>
    <time>2026-08-17T07:45:43Z</time>
   </trkpt>
   <trkpt lat="22.7188460" lon="120.3144640">
    <ele>18.7</ele>
    <time>2026-08-17T07:45:44Z</time>
   </trkpt>
   <trkpt lat="22.7188390" lon="120.3144530">
    <ele>18.7</ele>
    <time>2026-08-17T07:45:45Z</time>
   </trkpt>
   <trkpt lat="22.7188350" lon="120.3144510">
    <ele>18.7</ele>
    <time>2026-08-17T07:45:46Z</time>
   </trkpt>
   <trkpt lat="22.7188330" lon="120.3144480">
    <ele>18.7</ele>
    <time>2026-08-17T07:45:47Z</time>
   </trkpt>
   <trkpt lat="22.7188360" lon="120.3144400">
    <ele>18.7</ele>
    <time>2026-08-17T07:45:48Z</time>
   </trkpt>
   <trkpt lat="22.7188490" lon="120.3144230">
    <ele>18.7</ele>
    <time>2026-08-17T07:45:49Z</time>
   </trkpt>
   <trkpt lat="22.7188630" lon="120.3144040">
    <ele>18.7</ele>
    <time>2026-08-17T07:45:50Z</time>
   </trkpt>
   <trkpt lat="22.7188740" lon="120.3143880">
    <ele>18.7</ele>
    <time>2026-08-17T07:45:51Z</time>
   </trkpt>
   <trkpt lat="22.7188780" lon="120.3143760">
    <ele>18.7</ele>
    <time>2026-08-17T07:45:52Z</time>
   </trkpt>
   <trkpt lat="22.7188890" lon="120.3143610">
    <ele>18.7</ele>
    <time>2026-08-17T07:45:53Z</time>
   </trkpt>
   <trkpt lat="22.7188920" lon="120.3143490">
    <ele>18.7</ele>
    <time>2026-08-17T07:45:54Z</time>
   </trkpt>
   <trkpt lat="22.7188950" lon="120.3143350">
    <ele>18.8</ele>
    <time>2026-08-17T07:45:55Z</time>
   </trkpt>
   <trkpt lat="22.7189070" lon="120.3143250">
    <ele>18.8</ele>
    <time>2026-08-17T07:45:56Z</time>
   </trkpt>
   <trkpt lat="22.7189200" lon="120.3143150">
    <ele>18.8</ele>
    <time>2026-08-17T07:45:57Z</time>
   </trkpt>
   <trkpt lat="22.7189290" lon="120.3143050">
    <ele>18.8</ele>
    <time>2026-08-17T07:45:58Z</time>
   </trkpt>
   <trkpt lat="22.7189370" lon="120.3142980">
    <ele>18.8</ele>
    <time>2026-08-17T07:45:59Z</time>
   </trkpt>
   <trkpt lat="22.7189400" lon="120.3142890">
    <ele>18.8</ele>
    <time>2026-08-17T07:46:00Z</time>
   </trkpt>
   <trkpt lat="22.7189440" lon="120.3142820">
    <ele>18.8</ele>
    <time>2026-08-17T07:46:01Z</time>
   </trkpt>
   <trkpt lat="22.7189490" lon="120.3142680">
    <ele>18.8</ele>
    <time>2026-08-17T07:46:02Z</time>
   </trkpt>
   <trkpt lat="22.7189510" lon="120.3142530">
    <ele>18.8</ele>
    <time>2026-08-17T07:46:03Z</time>
   </trkpt>
   <trkpt lat="22.7189530" lon="120.3142400">
    <ele>18.8</ele>
    <time>2026-08-17T07:46:04Z</time>
   </trkpt>
   <trkpt lat="22.7189570" lon="120.3142270">
    <ele>18.8</ele>
    <time>2026-08-17T07:46:05Z</time>
   </trkpt>
   <trkpt lat="22.7189630" lon="120.3142220">
    <ele>18.8</ele>
    <time>2026-08-17T07:46:06Z</time>
   </trkpt>
   <trkpt lat="22.7189700" lon="120.3142060">
    <ele>18.8</ele>
    <time>2026-08-17T07:46:07Z</time>
   </trkpt>
   <trkpt lat="22.7189770" lon="120.3141960">
    <ele>18.8</ele>
    <time>2026-08-17T07:46:08Z</time>
   </trkpt>
   <trkpt lat="22.7189780" lon="120.3142000">
    <ele>18.8</ele>
    <time>2026-08-17T07:46:09Z</time>
   </trkpt>
   <trkpt lat="22.7189730" lon="120.3142040">
    <ele>18.8</ele>
    <time>2026-08-17T07:46:10Z</time>
   </trkpt>
   <trkpt lat="22.7189750" lon="120.3142030">
    <ele>18.8</ele>
    <time>2026-08-17T07:46:11Z</time>
   </trkpt>
   <trkpt lat="22.7189720" lon="120.3142010">
    <ele>18.8</ele>
    <time>2026-08-17T07:46:12Z</time>
   </trkpt>
   <trkpt lat="22.7189750" lon="120.3141950">
    <ele>18.8</ele>
    <time>2026-08-17T07:46:13Z</time>
   </trkpt>
   <trkpt lat="22.7189830" lon="120.3141810">
    <ele>18.8</ele>
    <time>2026-08-17T07:46:14Z</time>
   </trkpt>
   <trkpt lat="22.7189920" lon="120.3141630">
    <ele>18.8</ele>
    <time>2026-08-17T07:46:15Z</time>
   </trkpt>
   <trkpt lat="22.7189970" lon="120.3141610">
    <ele>18.8</ele>
    <time>2026-08-17T07:46:16Z</time>
   </trkpt>
   <trkpt lat="22.7190060" lon="120.3141480">
    <ele>18.8</ele>
    <time>2026-08-17T07:46:17Z</time>
   </trkpt>
   <trkpt lat="22.7190140" lon="120.3141420">
    <ele>18.8</ele>
    <time>2026-08-17T07:46:18Z</time>
   </trkpt>
   <trkpt lat="22.7190240" lon="120.3141460">
    <ele>18.8</ele>
    <time>2026-08-17T07:46:19Z</time>
   </trkpt>
   <trkpt lat="22.7190310" lon="120.3141400">
    <ele>18.8</ele>
    <time>2026-08-17T07:46:20Z</time>
   </trkpt>
   <trkpt lat="22.7190340" lon="120.3141400">
    <ele>18.8</ele>
    <time>2026-08-17T07:46:21Z</time>
   </trkpt>
   <trkpt lat="22.7190460" lon="120.3141300">
    <ele>18.8</ele>
    <time>2026-08-17T07:46:22Z</time>
   </trkpt>
   <trkpt lat="22.7190480" lon="120.3141280">
    <ele>18.8</ele>
    <time>2026-08-17T07:46:23Z</time>
   </trkpt>
   <trkpt lat="22.7190390" lon="120.3141280">
    <ele>18.8</ele>
    <time>2026-08-17T07:46:24Z</time>
   </trkpt>
   <trkpt lat="22.7190290" lon="120.3141260">
    <ele>18.8</ele>
    <time>2026-08-17T07:46:25Z</time>
   </trkpt>
   <trkpt lat="22.7190270" lon="120.3141300">
    <ele>18.8</ele>
    <time>2026-08-17T07:46:26Z</time>
   </trkpt>
   <trkpt lat="22.7190270" lon="120.3141240">
    <ele>18.8</ele>
    <time>2026-08-17T07:46:27Z</time>
   </trkpt>
   <trkpt lat="22.7190220" lon="120.3141210">
    <ele>18.8</ele>
    <time>2026-08-17T07:46:28Z</time>
   </trkpt>
   <trkpt lat="22.7190150" lon="120.3141070">
    <ele>18.8</ele>
    <time>2026-08-17T07:46:29Z</time>
   </trkpt>
   <trkpt lat="22.7190140" lon="120.3141030">
    <ele>18.8</ele>
    <time>2026-08-17T07:46:30Z</time>
   </trkpt>
   <trkpt lat="22.7190180" lon="120.3141030">
    <ele>18.8</ele>
    <time>2026-08-17T07:46:31Z</time>
   </trkpt>
   <trkpt lat="22.7190220" lon="120.3140910">
    <ele>18.8</ele>
    <time>2026-08-17T07:46:32Z</time>
   </trkpt>
   <trkpt lat="22.7190300" lon="120.3140930">
    <ele>18.8</ele>
    <time>2026-08-17T07:46:33Z</time>
   </trkpt>
   <trkpt lat="22.7190400" lon="120.3140830">
    <ele>18.8</ele>
    <time>2026-08-17T07:46:34Z</time>
   </trkpt>
   <trkpt lat="22.7190450" lon="120.3140870">
    <ele>18.8</ele>
    <time>2026-08-17T07:46:35Z</time>
   </trkpt>
   <trkpt lat="22.7190450" lon="120.3140790">
    <ele>18.8</ele>
    <time>2026-08-17T07:46:36Z</time>
   </trkpt>
   <trkpt lat="22.7190470" lon="120.3140780">
    <ele>18.8</ele>
    <time>2026-08-17T07:46:37Z</time>
   </trkpt>
   <trkpt lat="22.7190470" lon="120.3140740">
    <ele>18.8</ele>
    <time>2026-08-17T07:46:38Z</time>
   </trkpt>
   <trkpt lat="22.7190390" lon="120.3140740">
    <ele>18.8</ele>
    <time>2026-08-17T07:46:39Z</time>
   </trkpt>
   <trkpt lat="22.7190340" lon="120.3140790">
    <ele>18.8</ele>
    <time>2026-08-17T07:46:40Z</time>
   </trkpt>
   <trkpt lat="22.7190310" lon="120.3140740">
    <ele>18.8</ele>
    <time>2026-08-17T07:46:41Z</time>
   </trkpt>
   <trkpt lat="22.7190370" lon="120.3140650">
    <ele>18.8</ele>
    <time>2026-08-17T07:46:42Z</time>
   </trkpt>
   <trkpt lat="22.7190440" lon="120.3140490">
    <ele>18.8</ele>
    <time>2026-08-17T07:46:43Z</time>
   </trkpt>
   <trkpt lat="22.7190550" lon="120.3140390">
    <ele>18.8</ele>
    <time>2026-08-17T07:46:44Z</time>
   </trkpt>
   <trkpt lat="22.7190630" lon="120.3140350">
    <ele>18.8</ele>
    <time>2026-08-17T07:46:45Z</time>
   </trkpt>
   <trkpt lat="22.7190660" lon="120.3140270">
    <ele>18.8</ele>
    <time>2026-08-17T07:46:46Z</time>
   </trkpt>
   <trkpt lat="22.7190700" lon="120.3140150">
    <ele>18.8</ele>
    <time>2026-08-17T07:46:47Z</time>
   </trkpt>
   <trkpt lat="22.7190750" lon="120.3140060">
    <ele>18.8</ele>
    <time>2026-08-17T07:46:48Z</time>
   </trkpt>
   <trkpt lat="22.7190780" lon="120.3139960">
    <ele>18.8</ele>
    <time>2026-08-17T07:46:49Z</time>
   </trkpt>
   <trkpt lat="22.7190790" lon="120.3139870">
    <ele>18.8</ele>
    <time>2026-08-17T07:46:50Z</time>
   </trkpt>
   <trkpt lat="22.7190800" lon="120.3139840">
    <ele>18.8</ele>
    <time>2026-08-17T07:46:51Z</time>
   </trkpt>
   <trkpt lat="22.7190790" lon="120.3139830">
    <ele>18.8</ele>
    <time>2026-08-17T07:46:52Z</time>
   </trkpt>
   <trkpt lat="22.7190770" lon="120.3139800">
    <ele>18.8</ele>
    <time>2026-08-17T07:46:53Z</time>
   </trkpt>
   <trkpt lat="22.7190740" lon="120.3139800">
    <ele>18.8</ele>
    <time>2026-08-17T07:46:54Z</time>
   </trkpt>
   <trkpt lat="22.7190760" lon="120.3139630">
    <ele>18.8</ele>
    <time>2026-08-17T07:46:55Z</time>
   </trkpt>
   <trkpt lat="22.7190790" lon="120.3139530">
    <ele>18.8</ele>
    <time>2026-08-17T07:46:56Z</time>
   </trkpt>
   <trkpt lat="22.7190820" lon="120.3139430">
    <ele>18.8</ele>
    <time>2026-08-17T07:46:57Z</time>
   </trkpt>
   <trkpt lat="22.7190890" lon="120.3139320">
    <ele>18.8</ele>
    <time>2026-08-17T07:46:58Z</time>
   </trkpt>
   <trkpt lat="22.7191010" lon="120.3139220">
    <ele>18.8</ele>
    <time>2026-08-17T07:46:59Z</time>
   </trkpt>
   <trkpt lat="22.7191040" lon="120.3139160">
    <ele>18.8</ele>
    <time>2026-08-17T07:47:00Z</time>
   </trkpt>
   <trkpt lat="22.7191050" lon="120.3139080">
    <ele>18.7</ele>
    <time>2026-08-17T07:47:01Z</time>
   </trkpt>
   <trkpt lat="22.7191060" lon="120.3138990">
    <ele>18.7</ele>
    <time>2026-08-17T07:47:02Z</time>
   </trkpt>
   <trkpt lat="22.7191160" lon="120.3138900">
    <ele>18.7</ele>
    <time>2026-08-17T07:47:03Z</time>
   </trkpt>
   <trkpt lat="22.7191130" lon="120.3138790">
    <ele>18.7</ele>
    <time>2026-08-17T07:47:04Z</time>
   </trkpt>
   <trkpt lat="22.7191200" lon="120.3138630">
    <ele>18.7</ele>
    <time>2026-08-17T07:47:05Z</time>
   </trkpt>
   <trkpt lat="22.7191260" lon="120.3138480">
    <ele>18.7</ele>
    <time>2026-08-17T07:47:06Z</time>
   </trkpt>
   <trkpt lat="22.7191300" lon="120.3138350">
    <ele>18.7</ele>
    <time>2026-08-17T07:47:07Z</time>
   </trkpt>
   <trkpt lat="22.7191310" lon="120.3138240">
    <ele>18.7</ele>
    <time>2026-08-17T07:47:08Z</time>
   </trkpt>
   <trkpt lat="22.7191360" lon="120.3138160">
    <ele>18.7</ele>
    <time>2026-08-17T07:47:09Z</time>
   </trkpt>
   <trkpt lat="22.7191340" lon="120.3137990">
    <ele>18.7</ele>
    <time>2026-08-17T07:47:10Z</time>
   </trkpt>
   <trkpt lat="22.7191390" lon="120.3137920">
    <ele>18.7</ele>
    <time>2026-08-17T07:47:11Z</time>
   </trkpt>
   <trkpt lat="22.7191460" lon="120.3137900">
    <ele>18.7</ele>
    <time>2026-08-17T07:47:12Z</time>
   </trkpt>
   <trkpt lat="22.7191570" lon="120.3137900">
    <ele>18.7</ele>
    <time>2026-08-17T07:47:13Z</time>
   </trkpt>
   <trkpt lat="22.7191730" lon="120.3137860">
    <ele>18.7</ele>
    <time>2026-08-17T07:47:14Z</time>
   </trkpt>
   <trkpt lat="22.7191860" lon="120.3137820">
    <ele>18.7</ele>
    <time>2026-08-17T07:47:15Z</time>
   </trkpt>
   <trkpt lat="22.7191930" lon="120.3137760">
    <ele>18.7</ele>
    <time>2026-08-17T07:47:16Z</time>
   </trkpt>
   <trkpt lat="22.7192030" lon="120.3137680">
    <ele>18.7</ele>
    <time>2026-08-17T07:47:17Z</time>
   </trkpt>
   <trkpt lat="22.7192110" lon="120.3137580">
    <ele>18.7</ele>
    <time>2026-08-17T07:47:18Z</time>
   </trkpt>
   <trkpt lat="22.7192210" lon="120.3137490">
    <ele>18.7</ele>
    <time>2026-08-17T07:47:19Z</time>
   </trkpt>
   <trkpt lat="22.7192280" lon="120.3137380">
    <ele>18.7</ele>
    <time>2026-08-17T07:47:20Z</time>
   </trkpt>
   <trkpt lat="22.7192290" lon="120.3137290">
    <ele>18.7</ele>
    <time>2026-08-17T07:47:21Z</time>
   </trkpt>
   <trkpt lat="22.7192400" lon="120.3137250">
    <ele>18.7</ele>
    <time>2026-08-17T07:47:22Z</time>
   </trkpt>
   <trkpt lat="22.7192500" lon="120.3137150">
    <ele>18.7</ele>
    <time>2026-08-17T07:47:23Z</time>
   </trkpt>
   <trkpt lat="22.7192610" lon="120.3137010">
    <ele>18.7</ele>
    <time>2026-08-17T07:47:24Z</time>
   </trkpt>
   <trkpt lat="22.7192660" lon="120.3136860">
    <ele>18.6</ele>
    <time>2026-08-17T07:47:25Z</time>
   </trkpt>
   <trkpt lat="22.7192680" lon="120.3136730">
    <ele>18.6</ele>
    <time>2026-08-17T07:47:26Z</time>
   </trkpt>
   <trkpt lat="22.7192700" lon="120.3136690">
    <ele>18.6</ele>
    <time>2026-08-17T07:47:27Z</time>
   </trkpt>
   <trkpt lat="22.7192720" lon="120.3136600">
    <ele>18.6</ele>
    <time>2026-08-17T07:47:28Z</time>
   </trkpt>
   <trkpt lat="22.7192750" lon="120.3136480">
    <ele>18.6</ele>
    <time>2026-08-17T07:47:29Z</time>
   </trkpt>
   <trkpt lat="22.7192740" lon="120.3136350">
    <ele>18.6</ele>
    <time>2026-08-17T07:47:30Z</time>
   </trkpt>
   <trkpt lat="22.7192850" lon="120.3136260">
    <ele>18.6</ele>
    <time>2026-08-17T07:47:31Z</time>
   </trkpt>
   <trkpt lat="22.7192950" lon="120.3136160">
    <ele>18.6</ele>
    <time>2026-08-17T07:47:32Z</time>
   </trkpt>
   <trkpt lat="22.7193010" lon="120.3136040">
    <ele>18.6</ele>
    <time>2026-08-17T07:47:33Z</time>
   </trkpt>
   <trkpt lat="22.7193100" lon="120.3135910">
    <ele>18.6</ele>
    <time>2026-08-17T07:47:34Z</time>
   </trkpt>
   <trkpt lat="22.7193170" lon="120.3135820">
    <ele>18.6</ele>
    <time>2026-08-17T07:47:35Z</time>
   </trkpt>
   <trkpt lat="22.7193180" lon="120.3135780">
    <ele>18.6</ele>
    <time>2026-08-17T07:47:36Z</time>
   </trkpt>
   <trkpt lat="22.7193240" lon="120.3135660">
    <ele>18.6</ele>
    <time>2026-08-17T07:47:37Z</time>
   </trkpt>
   <trkpt lat="22.7193270" lon="120.3135570">
    <ele>18.6</ele>
    <time>2026-08-17T07:47:38Z</time>
   </trkpt>
   <trkpt lat="22.7193280" lon="120.3135510">
    <ele>18.6</ele>
    <time>2026-08-17T07:47:39Z</time>
   </trkpt>
   <trkpt lat="22.7193320" lon="120.3135460">
    <ele>18.6</ele>
    <time>2026-08-17T07:47:40Z</time>
   </trkpt>
   <trkpt lat="22.7193410" lon="120.3135320">
    <ele>18.6</ele>
    <time>2026-08-17T07:47:41Z</time>
   </trkpt>
   <trkpt lat="22.7193490" lon="120.3135220">
    <ele>18.5</ele>
    <time>2026-08-17T07:47:42Z</time>
   </trkpt>
   <trkpt lat="22.7193570" lon="120.3135140">
    <ele>18.5</ele>
    <time>2026-08-17T07:47:43Z</time>
   </trkpt>
   <trkpt lat="22.7193650" lon="120.3135100">
    <ele>18.5</ele>
    <time>2026-08-17T07:47:44Z</time>
   </trkpt>
   <trkpt lat="22.7193710" lon="120.3135120">
    <ele>18.5</ele>
    <time>2026-08-17T07:47:45Z</time>
   </trkpt>
   <trkpt lat="22.7193790" lon="120.3135100">
    <ele>18.5</ele>
    <time>2026-08-17T07:47:46Z</time>
   </trkpt>
   <trkpt lat="22.7193840" lon="120.3134990">
    <ele>18.5</ele>
    <time>2026-08-17T07:47:47Z</time>
   </trkpt>
   <trkpt lat="22.7193950" lon="120.3134900">
    <ele>18.5</ele>
    <time>2026-08-17T07:47:48Z</time>
   </trkpt>
   <trkpt lat="22.7194020" lon="120.3134850">
    <ele>18.5</ele>
    <time>2026-08-17T07:47:49Z</time>
   </trkpt>
   <trkpt lat="22.7194090" lon="120.3134760">
    <ele>18.5</ele>
    <time>2026-08-17T07:47:50Z</time>
   </trkpt>
   <trkpt lat="22.7194160" lon="120.3134660">
    <ele>18.5</ele>
    <time>2026-08-17T07:47:51Z</time>
   </trkpt>
   <trkpt lat="22.7194200" lon="120.3134560">
    <ele>18.5</ele>
    <time>2026-08-17T07:47:52Z</time>
   </trkpt>
   <trkpt lat="22.7194200" lon="120.3134490">
    <ele>18.5</ele>
    <time>2026-08-17T07:47:53Z</time>
   </trkpt>
   <trkpt lat="22.7194270" lon="120.3134380">
    <ele>18.5</ele>
    <time>2026-08-17T07:47:54Z</time>
   </trkpt>
   <trkpt lat="22.7194300" lon="120.3134260">
    <ele>18.5</ele>
    <time>2026-08-17T07:47:55Z</time>
   </trkpt>
   <trkpt lat="22.7194330" lon="120.3134160">
    <ele>18.5</ele>
    <time>2026-08-17T07:47:56Z</time>
   </trkpt>
   <trkpt lat="22.7194340" lon="120.3134020">
    <ele>18.5</ele>
    <time>2026-08-17T07:47:57Z</time>
   </trkpt>
   <trkpt lat="22.7194390" lon="120.3133930">
    <ele>18.5</ele>
    <time>2026-08-17T07:47:58Z</time>
   </trkpt>
   <trkpt lat="22.7194440" lon="120.3133880">
    <ele>18.5</ele>
    <time>2026-08-17T07:47:59Z</time>
   </trkpt>
   <trkpt lat="22.7194510" lon="120.3133780">
    <ele>18.5</ele>
    <time>2026-08-17T07:48:00Z</time>
   </trkpt>
   <trkpt lat="22.7194550" lon="120.3133700">
    <ele>18.4</ele>
    <time>2026-08-17T07:48:01Z</time>
   </trkpt>
   <trkpt lat="22.7194570" lon="120.3133560">
    <ele>18.4</ele>
    <time>2026-08-17T07:48:02Z</time>
   </trkpt>
   <trkpt lat="22.7194560" lon="120.3133500">
    <ele>18.4</ele>
    <time>2026-08-17T07:48:03Z</time>
   </trkpt>
   <trkpt lat="22.7194590" lon="120.3133400">
    <ele>18.4</ele>
    <time>2026-08-17T07:48:04Z</time>
   </trkpt>
   <trkpt lat="22.7194600" lon="120.3133280">
    <ele>18.4</ele>
    <time>2026-08-17T07:48:05Z</time>
   </trkpt>
   <trkpt lat="22.7194570" lon="120.3133200">
    <ele>18.4</ele>
    <time>2026-08-17T07:48:06Z</time>
   </trkpt>
   <trkpt lat="22.7194560" lon="120.3133070">
    <ele>18.4</ele>
    <time>2026-08-17T07:48:07Z</time>
   </trkpt>
   <trkpt lat="22.7194530" lon="120.3132990">
    <ele>18.4</ele>
    <time>2026-08-17T07:48:08Z</time>
   </trkpt>
   <trkpt lat="22.7194510" lon="120.3132890">
    <ele>18.4</ele>
    <time>2026-08-17T07:48:09Z</time>
   </trkpt>
   <trkpt lat="22.7194480" lon="120.3132810">
    <ele>18.4</ele>
    <time>2026-08-17T07:48:10Z</time>
   </trkpt>
   <trkpt lat="22.7194430" lon="120.3132780">
    <ele>18.5</ele>
    <time>2026-08-17T07:48:11Z</time>
   </trkpt>
   <trkpt lat="22.7194410" lon="120.3132700">
    <ele>18.5</ele>
    <time>2026-08-17T07:48:12Z</time>
   </trkpt>
   <trkpt lat="22.7194290" lon="120.3132680">
    <ele>18.5</ele>
    <time>2026-08-17T07:48:13Z</time>
   </trkpt>
   <trkpt lat="22.7194350" lon="120.3132780">
    <ele>18.5</ele>
    <time>2026-08-17T07:48:14Z</time>
   </trkpt>
   <trkpt lat="22.7194390" lon="120.3132740">
    <ele>18.5</ele>
    <time>2026-08-17T07:48:15Z</time>
   </trkpt>
   <trkpt lat="22.7194430" lon="120.3132700">
    <ele>18.5</ele>
    <time>2026-08-17T07:48:16Z</time>
   </trkpt>
   <trkpt lat="22.7194500" lon="120.3132660">
    <ele>18.5</ele>
    <time>2026-08-17T07:48:17Z</time>
   </trkpt>
   <trkpt lat="22.7194570" lon="120.3132610">
    <ele>18.5</ele>
    <time>2026-08-17T07:48:18Z</time>
   </trkpt>
   <trkpt lat="22.7194610" lon="120.3132550">
    <ele>18.5</ele>
    <time>2026-08-17T07:48:19Z</time>
   </trkpt>
   <trkpt lat="22.7194630" lon="120.3132470">
    <ele>18.5</ele>
    <time>2026-08-17T07:48:20Z</time>
   </trkpt>
   <trkpt lat="22.7194640" lon="120.3132370">
    <ele>18.5</ele>
    <time>2026-08-17T07:48:21Z</time>
   </trkpt>
   <trkpt lat="22.7194640" lon="120.3132280">
    <ele>18.5</ele>
    <time>2026-08-17T07:48:22Z</time>
   </trkpt>
   <trkpt lat="22.7194610" lon="120.3132170">
    <ele>18.5</ele>
    <time>2026-08-17T07:48:23Z</time>
   </trkpt>
   <trkpt lat="22.7194610" lon="120.3132070">
    <ele>18.5</ele>
    <time>2026-08-17T07:48:24Z</time>
   </trkpt>
   <trkpt lat="22.7194610" lon="120.3131980">
    <ele>18.5</ele>
    <time>2026-08-17T07:48:25Z</time>
   </trkpt>
   <trkpt lat="22.7194550" lon="120.3131860">
    <ele>18.5</ele>
    <time>2026-08-17T07:48:26Z</time>
   </trkpt>
   <trkpt lat="22.7194560" lon="120.3131760">
    <ele>18.5</ele>
    <time>2026-08-17T07:48:27Z</time>
   </trkpt>
   <trkpt lat="22.7194610" lon="120.3131660">
    <ele>18.5</ele>
    <time>2026-08-17T07:48:28Z</time>
   </trkpt>
   <trkpt lat="22.7194670" lon="120.3131540">
    <ele>18.5</ele>
    <time>2026-08-17T07:48:29Z</time>
   </trkpt>
   <trkpt lat="22.7194750" lon="120.3131330">
    <ele>18.5</ele>
    <time>2026-08-17T07:48:30Z</time>
   </trkpt>
   <trkpt lat="22.7194770" lon="120.3131230">
    <ele>18.5</ele>
    <time>2026-08-17T07:48:31Z</time>
   </trkpt>
   <trkpt lat="22.7194790" lon="120.3131140">
    <ele>18.5</ele>
    <time>2026-08-17T07:48:32Z</time>
   </trkpt>
   <trkpt lat="22.7194820" lon="120.3131110">
    <ele>18.5</ele>
    <time>2026-08-17T07:48:33Z</time>
   </trkpt>
   <trkpt lat="22.7194890" lon="120.3131010">
    <ele>18.5</ele>
    <time>2026-08-17T07:48:34Z</time>
   </trkpt>
   <trkpt lat="22.7194970" lon="120.3130870">
    <ele>18.5</ele>
    <time>2026-08-17T07:48:35Z</time>
   </trkpt>
   <trkpt lat="22.7195000" lon="120.3130770">
    <ele>18.5</ele>
    <time>2026-08-17T07:48:36Z</time>
   </trkpt>
   <trkpt lat="22.7195100" lon="120.3130670">
    <ele>18.5</ele>
    <time>2026-08-17T07:48:37Z</time>
   </trkpt>
   <trkpt lat="22.7195140" lon="120.3130540">
    <ele>18.5</ele>
    <time>2026-08-17T07:48:38Z</time>
   </trkpt>
   <trkpt lat="22.7195130" lon="120.3130420">
    <ele>18.5</ele>
    <time>2026-08-17T07:48:39Z</time>
   </trkpt>
   <trkpt lat="22.7195150" lon="120.3130340">
    <ele>18.5</ele>
    <time>2026-08-17T07:48:40Z</time>
   </trkpt>
   <trkpt lat="22.7195150" lon="120.3130260">
    <ele>18.5</ele>
    <time>2026-08-17T07:48:41Z</time>
   </trkpt>
   <trkpt lat="22.7195170" lon="120.3130170">
    <ele>18.5</ele>
    <time>2026-08-17T07:48:42Z</time>
   </trkpt>
   <trkpt lat="22.7195230" lon="120.3130080">
    <ele>18.5</ele>
    <time>2026-08-17T07:48:43Z</time>
   </trkpt>
   <trkpt lat="22.7195290" lon="120.3129980">
    <ele>18.5</ele>
    <time>2026-08-17T07:48:44Z</time>
   </trkpt>
   <trkpt lat="22.7195310" lon="120.3129860">
    <ele>18.5</ele>
    <time>2026-08-17T07:48:45Z</time>
   </trkpt>
   <trkpt lat="22.7195370" lon="120.3129740">
    <ele>18.5</ele>
    <time>2026-08-17T07:48:46Z</time>
   </trkpt>
   <trkpt lat="22.7195410" lon="120.3129650">
    <ele>18.6</ele>
    <time>2026-08-17T07:48:47Z</time>
   </trkpt>
   <trkpt lat="22.7195440" lon="120.3129560">
    <ele>18.6</ele>
    <time>2026-08-17T07:48:48Z</time>
   </trkpt>
   <trkpt lat="22.7195540" lon="120.3129460">
    <ele>18.6</ele>
    <time>2026-08-17T07:48:49Z</time>
   </trkpt>
   <trkpt lat="22.7195590" lon="120.3129350">
    <ele>18.6</ele>
    <time>2026-08-17T07:48:50Z</time>
   </trkpt>
   <trkpt lat="22.7195680" lon="120.3129310">
    <ele>18.6</ele>
    <time>2026-08-17T07:48:51Z</time>
   </trkpt>
   <trkpt lat="22.7195870" lon="120.3129220">
    <ele>18.6</ele>
    <time>2026-08-17T07:48:52Z</time>
   </trkpt>
   <trkpt lat="22.7195990" lon="120.3129190">
    <ele>18.6</ele>
    <time>2026-08-17T07:48:53Z</time>
   </trkpt>
   <trkpt lat="22.7196080" lon="120.3129190">
    <ele>18.6</ele>
    <time>2026-08-17T07:48:54Z</time>
   </trkpt>
   <trkpt lat="22.7196210" lon="120.3129230">
    <ele>18.6</ele>
    <time>2026-08-17T07:48:55Z</time>
   </trkpt>
   <trkpt lat="22.7196350" lon="120.3129210">
    <ele>18.6</ele>
    <time>2026-08-17T07:48:56Z</time>
   </trkpt>
   <trkpt lat="22.7196460" lon="120.3129300">
    <ele>18.7</ele>
    <time>2026-08-17T07:48:57Z</time>
   </trkpt>
   <trkpt lat="22.7196680" lon="120.3129410">
    <ele>18.7</ele>
    <time>2026-08-17T07:48:58Z</time>
   </trkpt>
   <trkpt lat="22.7196850" lon="120.3129490">
    <ele>18.7</ele>
    <time>2026-08-17T07:48:59Z</time>
   </trkpt>
   <trkpt lat="22.7196980" lon="120.3129520">
    <ele>18.7</ele>
    <time>2026-08-17T07:49:00Z</time>
   </trkpt>
   <trkpt lat="22.7197080" lon="120.3129530">
    <ele>18.8</ele>
    <time>2026-08-17T07:49:01Z</time>
   </trkpt>
   <trkpt lat="22.7197200" lon="120.3129490">
    <ele>18.8</ele>
    <time>2026-08-17T07:49:02Z</time>
   </trkpt>
   <trkpt lat="22.7197340" lon="120.3129550">
    <ele>18.8</ele>
    <time>2026-08-17T07:49:03Z</time>
   </trkpt>
   <trkpt lat="22.7197480" lon="120.3129520">
    <ele>18.8</ele>
    <time>2026-08-17T07:49:04Z</time>
   </trkpt>
   <trkpt lat="22.7197640" lon="120.3129520">
    <ele>18.9</ele>
    <time>2026-08-17T07:49:05Z</time>
   </trkpt>
   <trkpt lat="22.7197810" lon="120.3129530">
    <ele>18.9</ele>
    <time>2026-08-17T07:49:06Z</time>
   </trkpt>
   <trkpt lat="22.7197880" lon="120.3129550">
    <ele>18.9</ele>
    <time>2026-08-17T07:49:07Z</time>
   </trkpt>
   <trkpt lat="22.7198010" lon="120.3129590">
    <ele>18.9</ele>
    <time>2026-08-17T07:49:08Z</time>
   </trkpt>
   <trkpt lat="22.7198080" lon="120.3129640">
    <ele>19.0</ele>
    <time>2026-08-17T07:49:09Z</time>
   </trkpt>
   <trkpt lat="22.7198170" lon="120.3129670">
    <ele>19.0</ele>
    <time>2026-08-17T07:49:10Z</time>
   </trkpt>
   <trkpt lat="22.7198280" lon="120.3129740">
    <ele>19.0</ele>
    <time>2026-08-17T07:49:11Z</time>
   </trkpt>
   <trkpt lat="22.7198380" lon="120.3129850">
    <ele>19.0</ele>
    <time>2026-08-17T07:49:12Z</time>
   </trkpt>
   <trkpt lat="22.7198420" lon="120.3129950">
    <ele>19.1</ele>
    <time>2026-08-17T07:49:13Z</time>
   </trkpt>
   <trkpt lat="22.7198450" lon="120.3130020">
    <ele>19.1</ele>
    <time>2026-08-17T07:49:14Z</time>
   </trkpt>
   <trkpt lat="22.7198490" lon="120.3130150">
    <ele>19.1</ele>
    <time>2026-08-17T07:49:15Z</time>
   </trkpt>
   <trkpt lat="22.7198540" lon="120.3130260">
    <ele>19.1</ele>
    <time>2026-08-17T07:49:16Z</time>
   </trkpt>
   <trkpt lat="22.7198670" lon="120.3130310">
    <ele>19.2</ele>
    <time>2026-08-17T07:49:17Z</time>
   </trkpt>
   <trkpt lat="22.7198830" lon="120.3130390">
    <ele>19.2</ele>
    <time>2026-08-17T07:49:18Z</time>
   </trkpt>
   <trkpt lat="22.7198890" lon="120.3130480">
    <ele>19.2</ele>
    <time>2026-08-17T07:49:19Z</time>
   </trkpt>
   <trkpt lat="22.7199050" lon="120.3130530">
    <ele>19.3</ele>
    <time>2026-08-17T07:49:20Z</time>
   </trkpt>
   <trkpt lat="22.7199180" lon="120.3130590">
    <ele>19.3</ele>
    <time>2026-08-17T07:49:21Z</time>
   </trkpt>
   <trkpt lat="22.7199260" lon="120.3130590">
    <ele>19.3</ele>
    <time>2026-08-17T07:49:22Z</time>
   </trkpt>
   <trkpt lat="22.7199350" lon="120.3130580">
    <ele>19.4</ele>
    <time>2026-08-17T07:49:23Z</time>
   </trkpt>
   <trkpt lat="22.7199450" lon="120.3130670">
    <ele>19.4</ele>
    <time>2026-08-17T07:49:24Z</time>
   </trkpt>
   <trkpt lat="22.7199480" lon="120.3130770">
    <ele>19.4</ele>
    <time>2026-08-17T07:49:25Z</time>
   </trkpt>
   <trkpt lat="22.7199530" lon="120.3130870">
    <ele>19.5</ele>
    <time>2026-08-17T07:49:26Z</time>
   </trkpt>
   <trkpt lat="22.7199640" lon="120.3130890">
    <ele>19.5</ele>
    <time>2026-08-17T07:49:27Z</time>
   </trkpt>
   <trkpt lat="22.7199750" lon="120.3130920">
    <ele>19.5</ele>
    <time>2026-08-17T07:49:28Z</time>
   </trkpt>
   <trkpt lat="22.7199900" lon="120.3130950">
    <ele>19.5</ele>
    <time>2026-08-17T07:49:29Z</time>
   </trkpt>
   <trkpt lat="22.7200060" lon="120.3130980">
    <ele>19.6</ele>
    <time>2026-08-17T07:49:30Z</time>
   </trkpt>
   <trkpt lat="22.7200170" lon="120.3131020">
    <ele>19.6</ele>
    <time>2026-08-17T07:49:31Z</time>
   </trkpt>
   <trkpt lat="22.7200250" lon="120.3131090">
    <ele>19.6</ele>
    <time>2026-08-17T07:49:32Z</time>
   </trkpt>
   <trkpt lat="22.7200340" lon="120.3131190">
    <ele>19.7</ele>
    <time>2026-08-17T07:49:33Z</time>
   </trkpt>
   <trkpt lat="22.7200440" lon="120.3131220">
    <ele>19.7</ele>
    <time>2026-08-17T07:49:34Z</time>
   </trkpt>
   <trkpt lat="22.7200620" lon="120.3131320">
    <ele>19.6</ele>
    <time>2026-08-17T07:49:35Z</time>
   </trkpt>
   <trkpt lat="22.7200680" lon="120.3131340">
    <ele>19.6</ele>
    <time>2026-08-17T07:49:36Z</time>
   </trkpt>
   <trkpt lat="22.7200750" lon="120.3131320">
    <ele>19.6</ele>
    <time>2026-08-17T07:49:37Z</time>
   </trkpt>
   <trkpt lat="22.7200730" lon="120.3131290">
    <ele>19.6</ele>
    <time>2026-08-17T07:49:38Z</time>
   </trkpt>
   <trkpt lat="22.7200780" lon="120.3131250">
    <ele>19.6</ele>
    <time>2026-08-17T07:49:39Z</time>
   </trkpt>
   <trkpt lat="22.7200770" lon="120.3131540">
    <ele>19.6</ele>
    <time>2026-08-17T07:49:40Z</time>
   </trkpt>
   <trkpt lat="22.7200740" lon="120.3131790">
    <ele>19.6</ele>
    <time>2026-08-17T07:49:41Z</time>
   </trkpt>
   <trkpt lat="22.7200790" lon="120.3131770">
    <ele>19.6</ele>
    <time>2026-08-17T07:49:42Z</time>
   </trkpt>
   <trkpt lat="22.7200830" lon="120.3131870">
    <ele>19.5</ele>
    <time>2026-08-17T07:49:43Z</time>
   </trkpt>
   <trkpt lat="22.7200850" lon="120.3131980">
    <ele>19.5</ele>
    <time>2026-08-17T07:49:44Z</time>
   </trkpt>
   <trkpt lat="22.7200920" lon="120.3132110">
    <ele>19.5</ele>
    <time>2026-08-17T07:49:45Z</time>
   </trkpt>
   <trkpt lat="22.7200970" lon="120.3132210">
    <ele>19.5</ele>
    <time>2026-08-17T07:49:46Z</time>
   </trkpt>
   <trkpt lat="22.7201050" lon="120.3132240">
    <ele>19.5</ele>
    <time>2026-08-17T07:49:47Z</time>
   </trkpt>
   <trkpt lat="22.7201170" lon="120.3132250">
    <ele>19.5</ele>
    <time>2026-08-17T07:49:48Z</time>
   </trkpt>
   <trkpt lat="22.7201300" lon="120.3132290">
    <ele>19.5</ele>
    <time>2026-08-17T07:49:49Z</time>
   </trkpt>
   <trkpt lat="22.7201430" lon="120.3132340">
    <ele>19.4</ele>
    <time>2026-08-17T07:49:50Z</time>
   </trkpt>
   <trkpt lat="22.7201490" lon="120.3132410">
    <ele>19.4</ele>
    <time>2026-08-17T07:49:51Z</time>
   </trkpt>
   <trkpt lat="22.7201620" lon="120.3132440">
    <ele>19.4</ele>
    <time>2026-08-17T07:49:52Z</time>
   </trkpt>
   <trkpt lat="22.7201770" lon="120.3132490">
    <ele>19.4</ele>
    <time>2026-08-17T07:49:53Z</time>
   </trkpt>
   <trkpt lat="22.7201880" lon="120.3132570">
    <ele>19.4</ele>
    <time>2026-08-17T07:49:54Z</time>
   </trkpt>
   <trkpt lat="22.7202030" lon="120.3132610">
    <ele>19.4</ele>
    <time>2026-08-17T07:49:55Z</time>
   </trkpt>
   <trkpt lat="22.7202170" lon="120.3132590">
    <ele>19.3</ele>
    <time>2026-08-17T07:49:56Z</time>
   </trkpt>
   <trkpt lat="22.7202220" lon="120.3132650">
    <ele>19.3</ele>
    <time>2026-08-17T07:49:57Z</time>
   </trkpt>
   <trkpt lat="22.7202340" lon="120.3132740">
    <ele>19.3</ele>
    <time>2026-08-17T07:49:58Z</time>
   </trkpt>
   <trkpt lat="22.7202460" lon="120.3132850">
    <ele>19.3</ele>
    <time>2026-08-17T07:49:59Z</time>
   </trkpt>
   <trkpt lat="22.7202560" lon="120.3132870">
    <ele>19.3</ele>
    <time>2026-08-17T07:50:00Z</time>
   </trkpt>
   <trkpt lat="22.7202610" lon="120.3132980">
    <ele>19.3</ele>
    <time>2026-08-17T07:50:01Z</time>
   </trkpt>
   <trkpt lat="22.7202640" lon="120.3133070">
    <ele>19.3</ele>
    <time>2026-08-17T07:50:02Z</time>
   </trkpt>
   <trkpt lat="22.7202720" lon="120.3133210">
    <ele>19.2</ele>
    <time>2026-08-17T07:50:03Z</time>
   </trkpt>
   <trkpt lat="22.7202810" lon="120.3133360">
    <ele>19.2</ele>
    <time>2026-08-17T07:50:04Z</time>
   </trkpt>
   <trkpt lat="22.7202900" lon="120.3133520">
    <ele>19.2</ele>
    <time>2026-08-17T07:50:05Z</time>
   </trkpt>
   <trkpt lat="22.7202950" lon="120.3133620">
    <ele>19.2</ele>
    <time>2026-08-17T07:50:06Z</time>
   </trkpt>
   <trkpt lat="22.7203020" lon="120.3133680">
    <ele>19.2</ele>
    <time>2026-08-17T07:50:07Z</time>
   </trkpt>
   <trkpt lat="22.7203100" lon="120.3133690">
    <ele>19.2</ele>
    <time>2026-08-17T07:50:08Z</time>
   </trkpt>
   <trkpt lat="22.7203180" lon="120.3133740">
    <ele>19.2</ele>
    <time>2026-08-17T07:50:09Z</time>
   </trkpt>
   <trkpt lat="22.7203350" lon="120.3133800">
    <ele>19.3</ele>
    <time>2026-08-17T07:50:10Z</time>
   </trkpt>
   <trkpt lat="22.7203400" lon="120.3133880">
    <ele>19.3</ele>
    <time>2026-08-17T07:50:11Z</time>
   </trkpt>
   <trkpt lat="22.7203520" lon="120.3133910">
    <ele>19.4</ele>
    <time>2026-08-17T07:50:12Z</time>
   </trkpt>
   <trkpt lat="22.7203640" lon="120.3133950">
    <ele>19.4</ele>
    <time>2026-08-17T07:50:13Z</time>
   </trkpt>
   <trkpt lat="22.7203710" lon="120.3134040">
    <ele>19.4</ele>
    <time>2026-08-17T07:50:14Z</time>
   </trkpt>
   <trkpt lat="22.7203800" lon="120.3134150">
    <ele>19.5</ele>
    <time>2026-08-17T07:50:15Z</time>
   </trkpt>
   <trkpt lat="22.7203870" lon="120.3134200">
    <ele>19.5</ele>
    <time>2026-08-17T07:50:16Z</time>
   </trkpt>
   <trkpt lat="22.7203890" lon="120.3134240">
    <ele>19.5</ele>
    <time>2026-08-17T07:50:17Z</time>
   </trkpt>
   <trkpt lat="22.7203990" lon="120.3134290">
    <ele>19.6</ele>
    <time>2026-08-17T07:50:18Z</time>
   </trkpt>
   <trkpt lat="22.7204090" lon="120.3134380">
    <ele>19.6</ele>
    <time>2026-08-17T07:50:19Z</time>
   </trkpt>
   <trkpt lat="22.7204210" lon="120.3134450">
    <ele>19.7</ele>
    <time>2026-08-17T07:50:20Z</time>
   </trkpt>
   <trkpt lat="22.7204290" lon="120.3134460">
    <ele>19.7</ele>
    <time>2026-08-17T07:50:21Z</time>
   </trkpt>
   <trkpt lat="22.7204370" lon="120.3134470">
    <ele>19.7</ele>
    <time>2026-08-17T07:50:22Z</time>
   </trkpt>
   <trkpt lat="22.7204510" lon="120.3134510">
    <ele>19.8</ele>
    <time>2026-08-17T07:50:23Z</time>
   </trkpt>
   <trkpt lat="22.7204620" lon="120.3134530">
    <ele>19.8</ele>
    <time>2026-08-17T07:50:24Z</time>
   </trkpt>
   <trkpt lat="22.7204640" lon="120.3134550">
    <ele>19.8</ele>
    <time>2026-08-17T07:50:25Z</time>
   </trkpt>
   <trkpt lat="22.7204680" lon="120.3134670">
    <ele>19.8</ele>
    <time>2026-08-17T07:50:26Z</time>
   </trkpt>
   <trkpt lat="22.7204750" lon="120.3134800">
    <ele>19.9</ele>
    <time>2026-08-17T07:50:27Z</time>
   </trkpt>
   <trkpt lat="22.7204820" lon="120.3134840">
    <ele>19.9</ele>
    <time>2026-08-17T07:50:28Z</time>
   </trkpt>
   <trkpt lat="22.7204750" lon="120.3134810">
    <ele>19.9</ele>
    <time>2026-08-17T07:50:29Z</time>
   </trkpt>
   <trkpt lat="22.7204560" lon="120.3134780">
    <ele>19.8</ele>
    <time>2026-08-17T07:50:30Z</time>
   </trkpt>
   <trkpt lat="22.7204450" lon="120.3134730">
    <ele>19.8</ele>
    <time>2026-08-17T07:50:31Z</time>
   </trkpt>
   <trkpt lat="22.7204360" lon="120.3134610">
    <ele>19.7</ele>
    <time>2026-08-17T07:50:32Z</time>
   </trkpt>
   <trkpt lat="22.7204280" lon="120.3134590">
    <ele>19.7</ele>
    <time>2026-08-17T07:50:33Z</time>
   </trkpt>
   <trkpt lat="22.7204250" lon="120.3134540">
    <ele>19.6</ele>
    <time>2026-08-17T07:50:34Z</time>
   </trkpt>
   <trkpt lat="22.7204120" lon="120.3134430">
    <ele>19.6</ele>
    <time>2026-08-17T07:50:35Z</time>
   </trkpt>
   <trkpt lat="22.7204040" lon="120.3134350">
    <ele>19.5</ele>
    <time>2026-08-17T07:50:36Z</time>
   </trkpt>
   <trkpt lat="22.7203950" lon="120.3134340">
    <ele>19.5</ele>
    <time>2026-08-17T07:50:37Z</time>
   </trkpt>
   <trkpt lat="22.7203840" lon="120.3134320">
    <ele>19.4</ele>
    <time>2026-08-17T07:50:38Z</time>
   </trkpt>
   <trkpt lat="22.7203710" lon="120.3134290">
    <ele>19.4</ele>
    <time>2026-08-17T07:50:39Z</time>
   </trkpt>
   <trkpt lat="22.7203620" lon="120.3134240">
    <ele>19.3</ele>
    <time>2026-08-17T07:50:40Z</time>
   </trkpt>
   <trkpt lat="22.7203550" lon="120.3134220">
    <ele>19.3</ele>
    <time>2026-08-17T07:50:41Z</time>
   </trkpt>
   <trkpt lat="22.7203460" lon="120.3134160">
    <ele>19.3</ele>
    <time>2026-08-17T07:50:42Z</time>
   </trkpt>
   <trkpt lat="22.7203320" lon="120.3134120">
    <ele>19.2</ele>
    <time>2026-08-17T07:50:43Z</time>
   </trkpt>
   <trkpt lat="22.7203210" lon="120.3134050">
    <ele>19.2</ele>
    <time>2026-08-17T07:50:44Z</time>
   </trkpt>
   <trkpt lat="22.7203190" lon="120.3133950">
    <ele>19.2</ele>
    <time>2026-08-17T07:50:45Z</time>
   </trkpt>
   <trkpt lat="22.7203110" lon="120.3133860">
    <ele>19.2</ele>
    <time>2026-08-17T07:50:46Z</time>
   </trkpt>
   <trkpt lat="22.7203040" lon="120.3133790">
    <ele>19.2</ele>
    <time>2026-08-17T07:50:47Z</time>
   </trkpt>
   <trkpt lat="22.7202940" lon="120.3133720">
    <ele>19.2</ele>
    <time>2026-08-17T07:50:48Z</time>
   </trkpt>
   <trkpt lat="22.7202830" lon="120.3133690">
    <ele>19.3</ele>
    <time>2026-08-17T07:50:49Z</time>
   </trkpt>
   <trkpt lat="22.7202710" lon="120.3133690">
    <ele>19.3</ele>
    <time>2026-08-17T07:50:50Z</time>
   </trkpt>
   <trkpt lat="22.7202580" lon="120.3133640">
    <ele>19.3</ele>
    <time>2026-08-17T07:50:51Z</time>
   </trkpt>
   <trkpt lat="22.7202460" lon="120.3133620">
    <ele>19.3</ele>
    <time>2026-08-17T07:50:52Z</time>
   </trkpt>
   <trkpt lat="22.7202450" lon="120.3133610">
    <ele>19.3</ele>
    <time>2026-08-17T07:50:53Z</time>
   </trkpt>
   <trkpt lat="22.7202390" lon="120.3133570">
    <ele>19.3</ele>
    <time>2026-08-17T07:50:54Z</time>
   </trkpt>
   <trkpt lat="22.7202370" lon="120.3133500">
    <ele>19.3</ele>
    <time>2026-08-17T07:50:55Z</time>
   </trkpt>
   <trkpt lat="22.7202280" lon="120.3133580">
    <ele>19.3</ele>
    <time>2026-08-17T07:50:56Z</time>
   </trkpt>
   <trkpt lat="22.7202160" lon="120.3133500">
    <ele>19.3</ele>
    <time>2026-08-17T07:50:57Z</time>
   </trkpt>
   <trkpt lat="22.7202030" lon="120.3133470">
    <ele>19.3</ele>
    <time>2026-08-17T07:50:58Z</time>
   </trkpt>
   <trkpt lat="22.7201960" lon="120.3133370">
    <ele>19.4</ele>
    <time>2026-08-17T07:50:59Z</time>
   </trkpt>
   <trkpt lat="22.7201950" lon="120.3133280">
    <ele>19.4</ele>
    <time>2026-08-17T07:51:00Z</time>
   </trkpt>
   <trkpt lat="22.7201810" lon="120.3133250">
    <ele>19.4</ele>
    <time>2026-08-17T07:51:01Z</time>
   </trkpt>
   <trkpt lat="22.7201710" lon="120.3133220">
    <ele>19.4</ele>
    <time>2026-08-17T07:51:02Z</time>
   </trkpt>
   <trkpt lat="22.7201590" lon="120.3133140">
    <ele>19.4</ele>
    <time>2026-08-17T07:51:03Z</time>
   </trkpt>
   <trkpt lat="22.7201480" lon="120.3133030">
    <ele>19.4</ele>
    <time>2026-08-17T07:51:04Z</time>
   </trkpt>
   <trkpt lat="22.7201410" lon="120.3132960">
    <ele>19.4</ele>
    <time>2026-08-17T07:51:05Z</time>
   </trkpt>
   <trkpt lat="22.7201310" lon="120.3132900">
    <ele>19.5</ele>
    <time>2026-08-17T07:51:06Z</time>
   </trkpt>
   <trkpt lat="22.7201280" lon="120.3132820">
    <ele>19.5</ele>
    <time>2026-08-17T07:51:07Z</time>
   </trkpt>
   <trkpt lat="22.7201220" lon="120.3132750">
    <ele>19.5</ele>
    <time>2026-08-17T07:51:08Z</time>
   </trkpt>
   <trkpt lat="22.7201140" lon="120.3132690">
    <ele>19.5</ele>
    <time>2026-08-17T07:51:09Z</time>
   </trkpt>
   <trkpt lat="22.7201040" lon="120.3132600">
    <ele>19.5</ele>
    <time>2026-08-17T07:51:10Z</time>
   </trkpt>
   <trkpt lat="22.7200970" lon="120.3132510">
    <ele>19.5</ele>
    <time>2026-08-17T07:51:11Z</time>
   </trkpt>
   <trkpt lat="22.7200890" lon="120.3132470">
    <ele>19.5</ele>
    <time>2026-08-17T07:51:12Z</time>
   </trkpt>
   <trkpt lat="22.7200800" lon="120.3132430">
    <ele>19.5</ele>
    <time>2026-08-17T07:51:13Z</time>
   </trkpt>
   <trkpt lat="22.7200750" lon="120.3132350">
    <ele>19.6</ele>
    <time>2026-08-17T07:51:14Z</time>
   </trkpt>
   <trkpt lat="22.7200700" lon="120.3132180">
    <ele>19.6</ele>
    <time>2026-08-17T07:51:15Z</time>
   </trkpt>
   <trkpt lat="22.7200660" lon="120.3132100">
    <ele>19.6</ele>
    <time>2026-08-17T07:51:16Z</time>
   </trkpt>
   <trkpt lat="22.7200600" lon="120.3131950">
    <ele>19.6</ele>
    <time>2026-08-17T07:51:17Z</time>
   </trkpt>
   <trkpt lat="22.7200560" lon="120.3131820">
    <ele>19.6</ele>
    <time>2026-08-17T07:51:18Z</time>
   </trkpt>
   <trkpt lat="22.7200500" lon="120.3131780">
    <ele>19.6</ele>
    <time>2026-08-17T07:51:19Z</time>
   </trkpt>
   <trkpt lat="22.7200410" lon="120.3131720">
    <ele>19.6</ele>
    <time>2026-08-17T07:51:20Z</time>
   </trkpt>
   <trkpt lat="22.7200270" lon="120.3131710">
    <ele>19.6</ele>
    <time>2026-08-17T07:51:21Z</time>
   </trkpt>
   <trkpt lat="22.7200280" lon="120.3131670">
    <ele>19.6</ele>
    <time>2026-08-17T07:51:22Z</time>
   </trkpt>
   <trkpt lat="22.7200240" lon="120.3131570">
    <ele>19.7</ele>
    <time>2026-08-17T07:51:23Z</time>
   </trkpt>
   <trkpt lat="22.7200190" lon="120.3131440">
    <ele>19.7</ele>
    <time>2026-08-17T07:51:24Z</time>
   </trkpt>
   <trkpt lat="22.7200180" lon="120.3131350">
    <ele>19.7</ele>
    <time>2026-08-17T07:51:25Z</time>
   </trkpt>
   <trkpt lat="22.7200070" lon="120.3131260">
    <ele>19.6</ele>
    <time>2026-08-17T07:51:26Z</time>
   </trkpt>
   <trkpt lat="22.7199960" lon="120.3131190">
    <ele>19.6</ele>
    <time>2026-08-17T07:51:27Z</time>
   </trkpt>
   <trkpt lat="22.7199870" lon="120.3131100">
    <ele>19.6</ele>
    <time>2026-08-17T07:51:28Z</time>
   </trkpt>
   <trkpt lat="22.7199760" lon="120.3131070">
    <ele>19.6</ele>
    <time>2026-08-17T07:51:29Z</time>
   </trkpt>
   <trkpt lat="22.7199690" lon="120.3131070">
    <ele>19.5</ele>
    <time>2026-08-17T07:51:30Z</time>
   </trkpt>
   <trkpt lat="22.7199560" lon="120.3131030">
    <ele>19.5</ele>
    <time>2026-08-17T07:51:31Z</time>
   </trkpt>
   <trkpt lat="22.7199420" lon="120.3130980">
    <ele>19.5</ele>
    <time>2026-08-17T07:51:32Z</time>
   </trkpt>
   <trkpt lat="22.7199340" lon="120.3130960">
    <ele>19.4</ele>
    <time>2026-08-17T07:51:33Z</time>
   </trkpt>
   <trkpt lat="22.7199290" lon="120.3130880">
    <ele>19.4</ele>
    <time>2026-08-17T07:51:34Z</time>
   </trkpt>
   <trkpt lat="22.7199260" lon="120.3130770">
    <ele>19.4</ele>
    <time>2026-08-17T07:51:35Z</time>
   </trkpt>
   <trkpt lat="22.7199220" lon="120.3130650">
    <ele>19.4</ele>
    <time>2026-08-17T07:51:36Z</time>
   </trkpt>
   <trkpt lat="22.7199180" lon="120.3130560">
    <ele>19.3</ele>
    <time>2026-08-17T07:51:37Z</time>
   </trkpt>
   <trkpt lat="22.7199120" lon="120.3130430">
    <ele>19.3</ele>
    <time>2026-08-17T07:51:38Z</time>
   </trkpt>
   <trkpt lat="22.7199070" lon="120.3130350">
    <ele>19.3</ele>
    <time>2026-08-17T07:51:39Z</time>
   </trkpt>
   <trkpt lat="22.7199000" lon="120.3130270">
    <ele>19.3</ele>
    <time>2026-08-17T07:51:40Z</time>
   </trkpt>
   <trkpt lat="22.7198900" lon="120.3130240">
    <ele>19.2</ele>
    <time>2026-08-17T07:51:41Z</time>
   </trkpt>
   <trkpt lat="22.7198810" lon="120.3130250">
    <ele>19.2</ele>
    <time>2026-08-17T07:51:42Z</time>
   </trkpt>
   <trkpt lat="22.7198730" lon="120.3130240">
    <ele>19.2</ele>
    <time>2026-08-17T07:51:43Z</time>
   </trkpt>
   <trkpt lat="22.7198670" lon="120.3130230">
    <ele>19.2</ele>
    <time>2026-08-17T07:51:44Z</time>
   </trkpt>
   <trkpt lat="22.7198600" lon="120.3130220">
    <ele>19.2</ele>
    <time>2026-08-17T07:51:45Z</time>
   </trkpt>
   <trkpt lat="22.7198500" lon="120.3130210">
    <ele>19.1</ele>
    <time>2026-08-17T07:51:46Z</time>
   </trkpt>
   <trkpt lat="22.7198410" lon="120.3130170">
    <ele>19.1</ele>
    <time>2026-08-17T07:51:47Z</time>
   </trkpt>
   <trkpt lat="22.7198300" lon="120.3130120">
    <ele>19.1</ele>
    <time>2026-08-17T07:51:48Z</time>
   </trkpt>
   <trkpt lat="22.7198220" lon="120.3130020">
    <ele>19.0</ele>
    <time>2026-08-17T07:51:49Z</time>
   </trkpt>
   <trkpt lat="22.7198140" lon="120.3129980">
    <ele>19.0</ele>
    <time>2026-08-17T07:51:50Z</time>
   </trkpt>
   <trkpt lat="22.7198050" lon="120.3129980">
    <ele>19.0</ele>
    <time>2026-08-17T07:51:51Z</time>
   </trkpt>
   <trkpt lat="22.7197960" lon="120.3129990">
    <ele>19.0</ele>
    <time>2026-08-17T07:51:52Z</time>
   </trkpt>
   <trkpt lat="22.7197840" lon="120.3129960">
    <ele>19.0</ele>
    <time>2026-08-17T07:51:53Z</time>
   </trkpt>
   <trkpt lat="22.7197670" lon="120.3129860">
    <ele>18.9</ele>
    <time>2026-08-17T07:51:54Z</time>
   </trkpt>
   <trkpt lat="22.7197580" lon="120.3129860">
    <ele>18.9</ele>
    <time>2026-08-17T07:51:55Z</time>
   </trkpt>
   <trkpt lat="22.7197460" lon="120.3129830">
    <ele>18.9</ele>
    <time>2026-08-17T07:51:56Z</time>
   </trkpt>
   <trkpt lat="22.7197330" lon="120.3129820">
    <ele>18.8</ele>
    <time>2026-08-17T07:51:57Z</time>
   </trkpt>
   <trkpt lat="22.7197200" lon="120.3129760">
    <ele>18.8</ele>
    <time>2026-08-17T07:51:58Z</time>
   </trkpt>
   <trkpt lat="22.7197070" lon="120.3129760">
    <ele>18.8</ele>
    <time>2026-08-17T07:51:59Z</time>
   </trkpt>
   <trkpt lat="22.7196970" lon="120.3129670">
    <ele>18.8</ele>
    <time>2026-08-17T07:52:00Z</time>
   </trkpt>
   <trkpt lat="22.7196840" lon="120.3129640">
    <ele>18.8</ele>
    <time>2026-08-17T07:52:01Z</time>
   </trkpt>
   <trkpt lat="22.7196690" lon="120.3129610">
    <ele>18.7</ele>
    <time>2026-08-17T07:52:02Z</time>
   </trkpt>
   <trkpt lat="22.7196560" lon="120.3129530">
    <ele>18.7</ele>
    <time>2026-08-17T07:52:03Z</time>
   </trkpt>
   <trkpt lat="22.7196490" lon="120.3129380">
    <ele>18.7</ele>
    <time>2026-08-17T07:52:04Z</time>
   </trkpt>
   <trkpt lat="22.7196430" lon="120.3129210">
    <ele>18.7</ele>
    <time>2026-08-17T07:52:05Z</time>
   </trkpt>
   <trkpt lat="22.7196420" lon="120.3129020">
    <ele>18.6</ele>
    <time>2026-08-17T07:52:06Z</time>
   </trkpt>
   <trkpt lat="22.7196430" lon="120.3128790">
    <ele>18.6</ele>
    <time>2026-08-17T07:52:07Z</time>
   </trkpt>
   <trkpt lat="22.7196430" lon="120.3128530">
    <ele>18.6</ele>
    <time>2026-08-17T07:52:08Z</time>
   </trkpt>
   <trkpt lat="22.7196510" lon="120.3128340">
    <ele>18.6</ele>
    <time>2026-08-17T07:52:09Z</time>
   </trkpt>
   <trkpt lat="22.7196580" lon="120.3128240">
    <ele>18.6</ele>
    <time>2026-08-17T07:52:10Z</time>
   </trkpt>
   <trkpt lat="22.7196640" lon="120.3128080">
    <ele>18.6</ele>
    <time>2026-08-17T07:52:11Z</time>
   </trkpt>
   <trkpt lat="22.7196730" lon="120.3127920">
    <ele>18.6</ele>
    <time>2026-08-17T07:52:12Z</time>
   </trkpt>
   <trkpt lat="22.7196770" lon="120.3127840">
    <ele>18.6</ele>
    <time>2026-08-17T07:52:13Z</time>
   </trkpt>
   <trkpt lat="22.7196850" lon="120.3127710">
    <ele>18.6</ele>
    <time>2026-08-17T07:52:14Z</time>
   </trkpt>
   <trkpt lat="22.7196910" lon="120.3127550">
    <ele>18.6</ele>
    <time>2026-08-17T07:52:15Z</time>
   </trkpt>
   <trkpt lat="22.7196950" lon="120.3127440">
    <ele>18.6</ele>
    <time>2026-08-17T07:52:16Z</time>
   </trkpt>
   <trkpt lat="22.7196940" lon="120.3127350">
    <ele>18.6</ele>
    <time>2026-08-17T07:52:17Z</time>
   </trkpt>
   <trkpt lat="22.7196980" lon="120.3127210">
    <ele>18.6</ele>
    <time>2026-08-17T07:52:18Z</time>
   </trkpt>
   <trkpt lat="22.7197020" lon="120.3127080">
    <ele>18.6</ele>
    <time>2026-08-17T07:52:19Z</time>
   </trkpt>
   <trkpt lat="22.7197020" lon="120.3126970">
    <ele>18.6</ele>
    <time>2026-08-17T07:52:20Z</time>
   </trkpt>
   <trkpt lat="22.7197060" lon="120.3126800">
    <ele>18.6</ele>
    <time>2026-08-17T07:52:21Z</time>
   </trkpt>
   <trkpt lat="22.7197090" lon="120.3126700">
    <ele>18.6</ele>
    <time>2026-08-17T07:52:22Z</time>
   </trkpt>
   <trkpt lat="22.7197070" lon="120.3126580">
    <ele>18.6</ele>
    <time>2026-08-17T07:52:23Z</time>
   </trkpt>
   <trkpt lat="22.7197090" lon="120.3126470">
    <ele>18.6</ele>
    <time>2026-08-17T07:52:24Z</time>
   </trkpt>
   <trkpt lat="22.7197140" lon="120.3126400">
    <ele>18.6</ele>
    <time>2026-08-17T07:52:25Z</time>
   </trkpt>
   <trkpt lat="22.7197180" lon="120.3126290">
    <ele>18.6</ele>
    <time>2026-08-17T07:52:26Z</time>
   </trkpt>
   <trkpt lat="22.7197310" lon="120.3126130">
    <ele>18.6</ele>
    <time>2026-08-17T07:52:27Z</time>
   </trkpt>
   <trkpt lat="22.7197390" lon="120.3126070">
    <ele>18.6</ele>
    <time>2026-08-17T07:52:28Z</time>
   </trkpt>
   <trkpt lat="22.7197470" lon="120.3125980">
    <ele>18.6</ele>
    <time>2026-08-17T07:52:29Z</time>
   </trkpt>
   <trkpt lat="22.7197530" lon="120.3125870">
    <ele>18.7</ele>
    <time>2026-08-17T07:52:30Z</time>
   </trkpt>
   <trkpt lat="22.7197530" lon="120.3125740">
    <ele>18.7</ele>
    <time>2026-08-17T07:52:31Z</time>
   </trkpt>
   <trkpt lat="22.7197540" lon="120.3125610">
    <ele>18.7</ele>
    <time>2026-08-17T07:52:32Z</time>
   </trkpt>
   <trkpt lat="22.7197560" lon="120.3125480">
    <ele>18.7</ele>
    <time>2026-08-17T07:52:33Z</time>
   </trkpt>
   <trkpt lat="22.7197620" lon="120.3125340">
    <ele>18.7</ele>
    <time>2026-08-17T07:52:34Z</time>
   </trkpt>
   <trkpt lat="22.7197660" lon="120.3125190">
    <ele>18.7</ele>
    <time>2026-08-17T07:52:35Z</time>
   </trkpt>
   <trkpt lat="22.7197710" lon="120.3125110">
    <ele>18.8</ele>
    <time>2026-08-17T07:52:36Z</time>
   </trkpt>
   <trkpt lat="22.7197730" lon="120.3125030">
    <ele>18.8</ele>
    <time>2026-08-17T07:52:37Z</time>
   </trkpt>
   <trkpt lat="22.7197790" lon="120.3124930">
    <ele>18.8</ele>
    <time>2026-08-17T07:52:38Z</time>
   </trkpt>
   <trkpt lat="22.7197860" lon="120.3124840">
    <ele>18.8</ele>
    <time>2026-08-17T07:52:39Z</time>
   </trkpt>
   <trkpt lat="22.7197880" lon="120.3124740">
    <ele>18.8</ele>
    <time>2026-08-17T07:52:40Z</time>
   </trkpt>
   <trkpt lat="22.7197930" lon="120.3124610">
    <ele>18.8</ele>
    <time>2026-08-17T07:52:41Z</time>
   </trkpt>
   <trkpt lat="22.7197980" lon="120.3124510">
    <ele>18.9</ele>
    <time>2026-08-17T07:52:42Z</time>
   </trkpt>
   <trkpt lat="22.7198030" lon="120.3124360">
    <ele>18.9</ele>
    <time>2026-08-17T07:52:43Z</time>
   </trkpt>
   <trkpt lat="22.7198100" lon="120.3124260">
    <ele>18.9</ele>
    <time>2026-08-17T07:52:44Z</time>
   </trkpt>
   <trkpt lat="22.7198170" lon="120.3124160">
    <ele>18.9</ele>
    <time>2026-08-17T07:52:45Z</time>
   </trkpt>
   <trkpt lat="22.7198230" lon="120.3124070">
    <ele>18.9</ele>
    <time>2026-08-17T07:52:46Z</time>
   </trkpt>
   <trkpt lat="22.7198290" lon="120.3123940">
    <ele>19.0</ele>
    <time>2026-08-17T07:52:47Z</time>
   </trkpt>
   <trkpt lat="22.7198330" lon="120.3123880">
    <ele>19.0</ele>
    <time>2026-08-17T07:52:48Z</time>
   </trkpt>
   <trkpt lat="22.7198320" lon="120.3123780">
    <ele>19.0</ele>
    <time>2026-08-17T07:52:49Z</time>
   </trkpt>
   <trkpt lat="22.7198320" lon="120.3123690">
    <ele>19.0</ele>
    <time>2026-08-17T07:52:50Z</time>
   </trkpt>
   <trkpt lat="22.7198310" lon="120.3123560">
    <ele>19.0</ele>
    <time>2026-08-17T07:52:51Z</time>
   </trkpt>
   <trkpt lat="22.7198270" lon="120.3123440">
    <ele>19.1</ele>
    <time>2026-08-17T07:52:52Z</time>
   </trkpt>
   <trkpt lat="22.7198260" lon="120.3123310">
    <ele>19.1</ele>
    <time>2026-08-17T07:52:53Z</time>
   </trkpt>
   <trkpt lat="22.7198240" lon="120.3123220">
    <ele>19.1</ele>
    <time>2026-08-17T07:52:54Z</time>
   </trkpt>
   <trkpt lat="22.7198310" lon="120.3123090">
    <ele>19.1</ele>
    <time>2026-08-17T07:52:55Z</time>
   </trkpt>
   <trkpt lat="22.7198330" lon="120.3122940">
    <ele>19.2</ele>
    <time>2026-08-17T07:52:56Z</time>
   </trkpt>
   <trkpt lat="22.7198310" lon="120.3122880">
    <ele>19.2</ele>
    <time>2026-08-17T07:52:57Z</time>
   </trkpt>
   <trkpt lat="22.7198350" lon="120.3122790">
    <ele>19.2</ele>
    <time>2026-08-17T07:52:58Z</time>
   </trkpt>
   <trkpt lat="22.7198430" lon="120.3122660">
    <ele>19.3</ele>
    <time>2026-08-17T07:52:59Z</time>
   </trkpt>
   <trkpt lat="22.7198490" lon="120.3122540">
    <ele>19.3</ele>
    <time>2026-08-17T07:53:00Z</time>
   </trkpt>
   <trkpt lat="22.7198540" lon="120.3122480">
    <ele>19.3</ele>
    <time>2026-08-17T07:53:01Z</time>
   </trkpt>
   <trkpt lat="22.7198580" lon="120.3122410">
    <ele>19.3</ele>
    <time>2026-08-17T07:53:02Z</time>
   </trkpt>
   <trkpt lat="22.7198690" lon="120.3122310">
    <ele>19.4</ele>
    <time>2026-08-17T07:53:03Z</time>
   </trkpt>
   <trkpt lat="22.7198770" lon="120.3122240">
    <ele>19.4</ele>
    <time>2026-08-17T07:53:04Z</time>
   </trkpt>
   <trkpt lat="22.7198810" lon="120.3122150">
    <ele>19.4</ele>
    <time>2026-08-17T07:53:05Z</time>
   </trkpt>
   <trkpt lat="22.7198830" lon="120.3122040">
    <ele>19.5</ele>
    <time>2026-08-17T07:53:06Z</time>
   </trkpt>
   <trkpt lat="22.7198870" lon="120.3121960">
    <ele>19.5</ele>
    <time>2026-08-17T07:53:07Z</time>
   </trkpt>
   <trkpt lat="22.7198940" lon="120.3121850">
    <ele>19.5</ele>
    <time>2026-08-17T07:53:08Z</time>
   </trkpt>
   <trkpt lat="22.7199010" lon="120.3121740">
    <ele>19.6</ele>
    <time>2026-08-17T07:53:09Z</time>
   </trkpt>
   <trkpt lat="22.7199120" lon="120.3121650">
    <ele>19.6</ele>
    <time>2026-08-17T07:53:10Z</time>
   </trkpt>
   <trkpt lat="22.7199180" lon="120.3121580">
    <ele>19.6</ele>
    <time>2026-08-17T07:53:11Z</time>
   </trkpt>
   <trkpt lat="22.7199220" lon="120.3121420">
    <ele>19.7</ele>
    <time>2026-08-17T07:53:12Z</time>
   </trkpt>
   <trkpt lat="22.7199290" lon="120.3121290">
    <ele>19.7</ele>
    <time>2026-08-17T07:53:13Z</time>
   </trkpt>
   <trkpt lat="22.7199370" lon="120.3121170">
    <ele>19.8</ele>
    <time>2026-08-17T07:53:14Z</time>
   </trkpt>
   <trkpt lat="22.7199460" lon="120.3121080">
    <ele>19.8</ele>
    <time>2026-08-17T07:53:15Z</time>
   </trkpt>
   <trkpt lat="22.7199510" lon="120.3121000">
    <ele>19.8</ele>
    <time>2026-08-17T07:53:16Z</time>
   </trkpt>
   <trkpt lat="22.7199540" lon="120.3120900">
    <ele>19.8</ele>
    <time>2026-08-17T07:53:17Z</time>
   </trkpt>
   <trkpt lat="22.7199620" lon="120.3120800">
    <ele>19.9</ele>
    <time>2026-08-17T07:53:18Z</time>
   </trkpt>
   <trkpt lat="22.7199670" lon="120.3120690">
    <ele>19.9</ele>
    <time>2026-08-17T07:53:19Z</time>
   </trkpt>
   <trkpt lat="22.7199730" lon="120.3120610">
    <ele>19.9</ele>
    <time>2026-08-17T07:53:20Z</time>
   </trkpt>
   <trkpt lat="22.7199770" lon="120.3120480">
    <ele>19.9</ele>
    <time>2026-08-17T07:53:21Z</time>
   </trkpt>
   <trkpt lat="22.7199890" lon="120.3120410">
    <ele>20.0</ele>
    <time>2026-08-17T07:53:22Z</time>
   </trkpt>
   <trkpt lat="22.7200010" lon="120.3120410">
    <ele>20.0</ele>
    <time>2026-08-17T07:53:23Z</time>
   </trkpt>
   <trkpt lat="22.7200170" lon="120.3120430">
    <ele>20.0</ele>
    <time>2026-08-17T07:53:24Z</time>
   </trkpt>
   <trkpt lat="22.7200290" lon="120.3120400">
    <ele>20.0</ele>
    <time>2026-08-17T07:53:25Z</time>
   </trkpt>
   <trkpt lat="22.7200420" lon="120.3120420">
    <ele>20.0</ele>
    <time>2026-08-17T07:53:26Z</time>
   </trkpt>
   <trkpt lat="22.7200510" lon="120.3120450">
    <ele>20.0</ele>
    <time>2026-08-17T07:53:27Z</time>
   </trkpt>
   <trkpt lat="22.7200570" lon="120.3120560">
    <ele>20.0</ele>
    <time>2026-08-17T07:53:28Z</time>
   </trkpt>
   <trkpt lat="22.7200720" lon="120.3120620">
    <ele>20.0</ele>
    <time>2026-08-17T07:53:29Z</time>
   </trkpt>
   <trkpt lat="22.7200830" lon="120.3120680">
    <ele>20.0</ele>
    <time>2026-08-17T07:53:30Z</time>
   </trkpt>
   <trkpt lat="22.7200940" lon="120.3120740">
    <ele>20.0</ele>
    <time>2026-08-17T07:53:31Z</time>
   </trkpt>
   <trkpt lat="22.7201030" lon="120.3120810">
    <ele>20.0</ele>
    <time>2026-08-17T07:53:32Z</time>
   </trkpt>
   <trkpt lat="22.7201110" lon="120.3120890">
    <ele>20.0</ele>
    <time>2026-08-17T07:53:33Z</time>
   </trkpt>
   <trkpt lat="22.7201200" lon="120.3120960">
    <ele>20.0</ele>
    <time>2026-08-17T07:53:34Z</time>
   </trkpt>
   <trkpt lat="22.7201310" lon="120.3121030">
    <ele>19.9</ele>
    <time>2026-08-17T07:53:35Z</time>
   </trkpt>
   <trkpt lat="22.7201430" lon="120.3121070">
    <ele>19.9</ele>
    <time>2026-08-17T07:53:36Z</time>
   </trkpt>
   <trkpt lat="22.7201490" lon="120.3121130">
    <ele>19.9</ele>
    <time>2026-08-17T07:53:37Z</time>
   </trkpt>
   <trkpt lat="22.7201540" lon="120.3121240">
    <ele>19.9</ele>
    <time>2026-08-17T07:53:38Z</time>
   </trkpt>
   <trkpt lat="22.7201600" lon="120.3121320">
    <ele>19.9</ele>
    <time>2026-08-17T07:53:39Z</time>
   </trkpt>
   <trkpt lat="22.7201660" lon="120.3121410">
    <ele>19.9</ele>
    <time>2026-08-17T07:53:40Z</time>
   </trkpt>
   <trkpt lat="22.7201700" lon="120.3121420">
    <ele>19.9</ele>
    <time>2026-08-17T07:53:41Z</time>
   </trkpt>
   <trkpt lat="22.7201830" lon="120.3121490">
    <ele>19.9</ele>
    <time>2026-08-17T07:53:42Z</time>
   </trkpt>
   <trkpt lat="22.7201910" lon="120.3121570">
    <ele>19.9</ele>
    <time>2026-08-17T07:53:43Z</time>
   </trkpt>
   <trkpt lat="22.7201950" lon="120.3121610">
    <ele>19.9</ele>
    <time>2026-08-17T07:53:44Z</time>
   </trkpt>
   <trkpt lat="22.7202100" lon="120.3121700">
    <ele>19.9</ele>
    <time>2026-08-17T07:53:45Z</time>
   </trkpt>
   <trkpt lat="22.7202190" lon="120.3121820">
    <ele>19.9</ele>
    <time>2026-08-17T07:53:46Z</time>
   </trkpt>
   <trkpt lat="22.7202270" lon="120.3121870">
    <ele>19.9</ele>
    <time>2026-08-17T07:53:47Z</time>
   </trkpt>
   <trkpt lat="22.7202310" lon="120.3121890">
    <ele>19.9</ele>
    <time>2026-08-17T07:53:48Z</time>
   </trkpt>
   <trkpt lat="22.7202290" lon="120.3121940">
    <ele>19.9</ele>
    <time>2026-08-17T07:53:49Z</time>
   </trkpt>
   <trkpt lat="22.7202330" lon="120.3122040">
    <ele>19.9</ele>
    <time>2026-08-17T07:53:50Z</time>
   </trkpt>
   <trkpt lat="22.7202430" lon="120.3122150">
    <ele>19.9</ele>
    <time>2026-08-17T07:53:51Z</time>
   </trkpt>
   <trkpt lat="22.7202490" lon="120.3122280">
    <ele>19.9</ele>
    <time>2026-08-17T07:53:52Z</time>
   </trkpt>
   <trkpt lat="22.7202500" lon="120.3122340">
    <ele>19.9</ele>
    <time>2026-08-17T07:53:53Z</time>
   </trkpt>
   <trkpt lat="22.7202530" lon="120.3122400">
    <ele>19.9</ele>
    <time>2026-08-17T07:53:54Z</time>
   </trkpt>
   <trkpt lat="22.7202570" lon="120.3122440">
    <ele>19.9</ele>
    <time>2026-08-17T07:53:55Z</time>
   </trkpt>
   <trkpt lat="22.7202590" lon="120.3122540">
    <ele>19.9</ele>
    <time>2026-08-17T07:53:56Z</time>
   </trkpt>
   <trkpt lat="22.7202630" lon="120.3122620">
    <ele>19.9</ele>
    <time>2026-08-17T07:53:57Z</time>
   </trkpt>
   <trkpt lat="22.7202760" lon="120.3122720">
    <ele>19.9</ele>
    <time>2026-08-17T07:53:58Z</time>
   </trkpt>
   <trkpt lat="22.7202860" lon="120.3122760">
    <ele>19.9</ele>
    <time>2026-08-17T07:53:59Z</time>
   </trkpt>
   <trkpt lat="22.7202920" lon="120.3122850">
    <ele>19.9</ele>
    <time>2026-08-17T07:54:00Z</time>
   </trkpt>
   <trkpt lat="22.7202990" lon="120.3122960">
    <ele>19.9</ele>
    <time>2026-08-17T07:54:01Z</time>
   </trkpt>
   <trkpt lat="22.7203060" lon="120.3123070">
    <ele>19.9</ele>
    <time>2026-08-17T07:54:02Z</time>
   </trkpt>
   <trkpt lat="22.7203130" lon="120.3123170">
    <ele>19.9</ele>
    <time>2026-08-17T07:54:03Z</time>
   </trkpt>
   <trkpt lat="22.7203240" lon="120.3123250">
    <ele>19.9</ele>
    <time>2026-08-17T07:54:04Z</time>
   </trkpt>
   <trkpt lat="22.7203350" lon="120.3123310">
    <ele>19.9</ele>
    <time>2026-08-17T07:54:05Z</time>
   </trkpt>
   <trkpt lat="22.7203470" lon="120.3123350">
    <ele>19.9</ele>
    <time>2026-08-17T07:54:06Z</time>
   </trkpt>
   <trkpt lat="22.7203520" lon="120.3123430">
    <ele>19.9</ele>
    <time>2026-08-17T07:54:07Z</time>
   </trkpt>
   <trkpt lat="22.7203570" lon="120.3123510">
    <ele>19.9</ele>
    <time>2026-08-17T07:54:08Z</time>
   </trkpt>
   <trkpt lat="22.7203650" lon="120.3123610">
    <ele>19.9</ele>
    <time>2026-08-17T07:54:09Z</time>
   </trkpt>
   <trkpt lat="22.7203710" lon="120.3123690">
    <ele>19.9</ele>
    <time>2026-08-17T07:54:10Z</time>
   </trkpt>
   <trkpt lat="22.7203790" lon="120.3123750">
    <ele>19.9</ele>
    <time>2026-08-17T07:54:11Z</time>
   </trkpt>
   <trkpt lat="22.7203910" lon="120.3123810">
    <ele>19.9</ele>
    <time>2026-08-17T07:54:12Z</time>
   </trkpt>
   <trkpt lat="22.7204030" lon="120.3123910">
    <ele>19.9</ele>
    <time>2026-08-17T07:54:13Z</time>
   </trkpt>
   <trkpt lat="22.7204090" lon="120.3123970">
    <ele>19.9</ele>
    <time>2026-08-17T07:54:14Z</time>
   </trkpt>
   <trkpt lat="22.7204150" lon="120.3124050">
    <ele>19.9</ele>
    <time>2026-08-17T07:54:15Z</time>
   </trkpt>
   <trkpt lat="22.7204300" lon="120.3124120">
    <ele>19.9</ele>
    <time>2026-08-17T07:54:16Z</time>
   </trkpt>
   <trkpt lat="22.7204400" lon="120.3124190">
    <ele>19.9</ele>
    <time>2026-08-17T07:54:17Z</time>
   </trkpt>
   <trkpt lat="22.7204510" lon="120.3124250">
    <ele>19.9</ele>
    <time>2026-08-17T07:54:18Z</time>
   </trkpt>
   <trkpt lat="22.7204580" lon="120.3124290">
    <ele>19.9</ele>
    <time>2026-08-17T07:54:19Z</time>
   </trkpt>
   <trkpt lat="22.7204670" lon="120.3124420">
    <ele>19.9</ele>
    <time>2026-08-17T07:54:20Z</time>
   </trkpt>
   <trkpt lat="22.7204730" lon="120.3124500">
    <ele>19.9</ele>
    <time>2026-08-17T07:54:21Z</time>
   </trkpt>
   <trkpt lat="22.7204840" lon="120.3124610">
    <ele>19.9</ele>
    <time>2026-08-17T07:54:22Z</time>
   </trkpt>
   <trkpt lat="22.7204900" lon="120.3124640">
    <ele>19.9</ele>
    <time>2026-08-17T07:54:23Z</time>
   </trkpt>
   <trkpt lat="22.7204810" lon="120.3124580">
    <ele>19.9</ele>
    <time>2026-08-17T07:54:24Z</time>
   </trkpt>
   <trkpt lat="22.7204780" lon="120.3124560">
    <ele>19.9</ele>
    <time>2026-08-17T07:54:25Z</time>
   </trkpt>
   <trkpt lat="22.7204760" lon="120.3124490">
    <ele>19.9</ele>
    <time>2026-08-17T07:54:26Z</time>
   </trkpt>
   <trkpt lat="22.7204840" lon="120.3124460">
    <ele>19.9</ele>
    <time>2026-08-17T07:54:27Z</time>
   </trkpt>
   <trkpt lat="22.7204910" lon="120.3124510">
    <ele>20.0</ele>
    <time>2026-08-17T07:54:28Z</time>
   </trkpt>
   <trkpt lat="22.7205010" lon="120.3124500">
    <ele>20.0</ele>
    <time>2026-08-17T07:54:29Z</time>
   </trkpt>
   <trkpt lat="22.7205050" lon="120.3124510">
    <ele>20.0</ele>
    <time>2026-08-17T07:54:30Z</time>
   </trkpt>
   <trkpt lat="22.7204800" lon="120.3124440">
    <ele>20.0</ele>
    <time>2026-08-17T07:54:31Z</time>
   </trkpt>
   <trkpt lat="22.7204880" lon="120.3124420">
    <ele>20.0</ele>
    <time>2026-08-17T07:54:32Z</time>
   </trkpt>
   <trkpt lat="22.7204870" lon="120.3124310">
    <ele>20.0</ele>
    <time>2026-08-17T07:54:33Z</time>
   </trkpt>
   <trkpt lat="22.7204820" lon="120.3124220">
    <ele>20.0</ele>
    <time>2026-08-17T07:54:34Z</time>
   </trkpt>
   <trkpt lat="22.7204930" lon="120.3124030">
    <ele>20.0</ele>
    <time>2026-08-17T07:54:35Z</time>
   </trkpt>
   <trkpt lat="22.7204800" lon="120.3123950">
    <ele>20.0</ele>
    <time>2026-08-17T07:54:36Z</time>
   </trkpt>
   <trkpt lat="22.7204780" lon="120.3123910">
    <ele>20.0</ele>
    <time>2026-08-17T07:54:37Z</time>
   </trkpt>
   <trkpt lat="22.7204760" lon="120.3123830">
    <ele>20.0</ele>
    <time>2026-08-17T07:54:38Z</time>
   </trkpt>
   <trkpt lat="22.7204670" lon="120.3123820">
    <ele>20.0</ele>
    <time>2026-08-17T07:54:39Z</time>
   </trkpt>
   <trkpt lat="22.7204590" lon="120.3123830">
    <ele>20.0</ele>
    <time>2026-08-17T07:54:40Z</time>
   </trkpt>
   <trkpt lat="22.7204600" lon="120.3123870">
    <ele>20.0</ele>
    <time>2026-08-17T07:54:41Z</time>
   </trkpt>
   <trkpt lat="22.7204570" lon="120.3123870">
    <ele>20.0</ele>
    <time>2026-08-17T07:54:42Z</time>
   </trkpt>
   <trkpt lat="22.7204570" lon="120.3123820">
    <ele>20.0</ele>
    <time>2026-08-17T07:54:43Z</time>
   </trkpt>
   <trkpt lat="22.7204520" lon="120.3123970">
    <ele>20.0</ele>
    <time>2026-08-17T07:54:44Z</time>
   </trkpt>
   <trkpt lat="22.7204550" lon="120.3124000">
    <ele>20.0</ele>
    <time>2026-08-17T07:54:45Z</time>
   </trkpt>
   <trkpt lat="22.7204550" lon="120.3124000">
    <ele>20.0</ele>
    <time>2026-08-17T07:54:46Z</time>
   </trkpt>
   <trkpt lat="22.7204550" lon="120.3124000">
    <ele>20.0</ele>
    <time>2026-08-17T07:54:47Z</time>
   </trkpt>
   <trkpt lat="22.7204550" lon="120.3124000">
    <ele>20.0</ele>
    <time>2026-08-17T07:54:48Z</time>
   </trkpt>
   <trkpt lat="22.7204610" lon="120.3123990">
    <ele>20.0</ele>
    <time>2026-08-17T07:54:49Z</time>
   </trkpt>
   <trkpt lat="22.7204600" lon="120.3124060">
    <ele>20.0</ele>
    <time>2026-08-17T07:54:50Z</time>
   </trkpt>
   <trkpt lat="22.7204510" lon="120.3124050">
    <ele>20.0</ele>
    <time>2026-08-17T07:54:51Z</time>
   </trkpt>
   <trkpt lat="22.7204470" lon="120.3124040">
    <ele>20.0</ele>
    <time>2026-08-17T07:54:52Z</time>
   </trkpt>
   <trkpt lat="22.7204470" lon="120.3124040">
    <ele>20.0</ele>
    <time>2026-08-17T07:54:53Z</time>
   </trkpt>
   <trkpt lat="22.7204430" lon="120.3124090">
    <ele>20.0</ele>
    <time>2026-08-17T07:54:54Z</time>
   </trkpt>
   <trkpt lat="22.7204480" lon="120.3124060">
    <ele>20.0</ele>
    <time>2026-08-17T07:54:55Z</time>
   </trkpt>
   <trkpt lat="22.7204500" lon="120.3124030">
    <ele>20.0</ele>
    <time>2026-08-17T07:54:56Z</time>
   </trkpt>
   <trkpt lat="22.7204480" lon="120.3124040">
    <ele>20.0</ele>
    <time>2026-08-17T07:54:57Z</time>
   </trkpt>
   <trkpt lat="22.7204490" lon="120.3124050">
    <ele>20.0</ele>
    <time>2026-08-17T07:54:58Z</time>
   </trkpt>
   <trkpt lat="22.7204510" lon="120.3124110">
    <ele>20.0</ele>
    <time>2026-08-17T07:54:59Z</time>
   </trkpt>
   <trkpt lat="22.7204540" lon="120.3124170">
    <ele>20.0</ele>
    <time>2026-08-17T07:55:00Z</time>
   </trkpt>
   <trkpt lat="22.7204510" lon="120.3124200">
    <ele>20.0</ele>
    <time>2026-08-17T07:55:01Z</time>
   </trkpt>
   <trkpt lat="22.7204510" lon="120.3124270">
    <ele>20.0</ele>
    <time>2026-08-17T07:55:02Z</time>
   </trkpt>
   <trkpt lat="22.7204550" lon="120.3124160">
    <ele>20.0</ele>
    <time>2026-08-17T07:55:03Z</time>
   </trkpt>
   <trkpt lat="22.7204580" lon="120.3124210">
    <ele>20.0</ele>
    <time>2026-08-17T07:55:04Z</time>
   </trkpt>
   <trkpt lat="22.7204580" lon="120.3124240">
    <ele>20.0</ele>
    <time>2026-08-17T07:55:05Z</time>
   </trkpt>
   <trkpt lat="22.7204580" lon="120.3124240">
    <ele>20.0</ele>
    <time>2026-08-17T07:55:06Z</time>
   </trkpt>
   <trkpt lat="22.7204600" lon="120.3124260">
    <ele>20.0</ele>
    <time>2026-08-17T07:55:07Z</time>
   </trkpt>
   <trkpt lat="22.7204610" lon="120.3124250">
    <ele>20.0</ele>
    <time>2026-08-17T07:55:08Z</time>
   </trkpt>
   <trkpt lat="22.7204560" lon="120.3124210">
    <ele>20.0</ele>
    <time>2026-08-17T07:55:09Z</time>
   </trkpt>
   <trkpt lat="22.7204550" lon="120.3124210">
    <ele>20.0</ele>
    <time>2026-08-17T07:55:10Z</time>
   </trkpt>
   <trkpt lat="22.7204550" lon="120.3124210">
    <ele>20.0</ele>
    <time>2026-08-17T07:55:11Z</time>
   </trkpt>
   <trkpt lat="22.7204550" lon="120.3124210">
    <ele>20.0</ele>
    <time>2026-08-17T07:55:12Z</time>
   </trkpt>
   <trkpt lat="22.7204730" lon="120.3124340">
    <ele>20.0</ele>
    <time>2026-08-17T07:55:13Z</time>
   </trkpt>
   <trkpt lat="22.7200160" lon="120.3119850">
    <ele>20.0</ele>
    <time>2026-08-17T07:55:29Z</time>
   </trkpt>
   <trkpt lat="22.7200540" lon="120.3119940">
    <ele>20.0</ele>
    <time>2026-08-17T07:55:30Z</time>
   </trkpt>
   <trkpt lat="22.7201040" lon="120.3120430">
    <ele>19.9</ele>
    <time>2026-08-17T07:55:31Z</time>
   </trkpt>
   <trkpt lat="22.7201540" lon="120.3120910">
    <ele>19.9</ele>
    <time>2026-08-17T07:55:32Z</time>
   </trkpt>
   <trkpt lat="22.7202050" lon="120.3121400">
    <ele>19.9</ele>
    <time>2026-08-17T07:55:33Z</time>
   </trkpt>
   <trkpt lat="22.7202550" lon="120.3121890">
    <ele>19.9</ele>
    <time>2026-08-17T07:55:34Z</time>
   </trkpt>
   <trkpt lat="22.7203050" lon="120.3122370">
    <ele>19.9</ele>
    <time>2026-08-17T07:55:35Z</time>
   </trkpt>
   <trkpt lat="22.7203550" lon="120.3122860">
    <ele>19.9</ele>
    <time>2026-08-17T07:55:36Z</time>
   </trkpt>
   <trkpt lat="22.7204380" lon="120.3123680">
    <ele>19.9</ele>
    <time>2026-08-17T07:55:37Z</time>
   </trkpt>
   <trkpt lat="22.7204380" lon="120.3123680">
    <ele>19.9</ele>
    <time>2026-08-17T07:55:38Z</time>
   </trkpt>
   <trkpt lat="22.7204480" lon="120.3123840">
    <ele>19.9</ele>
    <time>2026-08-17T07:55:39Z</time>
   </trkpt>
   <trkpt lat="22.7204570" lon="120.3124000">
    <ele>19.9</ele>
    <time>2026-08-17T07:55:40Z</time>
   </trkpt>
   <trkpt lat="22.7204670" lon="120.3124160">
    <ele>19.9</ele>
    <time>2026-08-17T07:55:41Z</time>
   </trkpt>
   <trkpt lat="22.7204700" lon="120.3124220">
    <ele>19.9</ele>
    <time>2026-08-17T07:55:42Z</time>
   </trkpt>
   <trkpt lat="22.7204730" lon="120.3124260">
    <ele>19.9</ele>
    <time>2026-08-17T07:55:43Z</time>
   </trkpt>
   <trkpt lat="22.7204730" lon="120.3124260">
    <ele>19.9</ele>
    <time>2026-08-17T07:55:44Z</time>
   </trkpt>
   <trkpt lat="22.7204730" lon="120.3124260">
    <ele>19.9</ele>
    <time>2026-08-17T07:55:45Z</time>
   </trkpt>
   <trkpt lat="22.7204910" lon="120.3124310">
    <ele>19.9</ele>
    <time>2026-08-17T07:55:46Z</time>
   </trkpt>
   <trkpt lat="22.7204910" lon="120.3124310">
    <ele>19.9</ele>
    <time>2026-08-17T07:55:47Z</time>
   </trkpt>
   <trkpt lat="22.7204910" lon="120.3124310">
    <ele>19.9</ele>
    <time>2026-08-17T07:55:48Z</time>
   </trkpt>
   <trkpt lat="22.7204910" lon="120.3124310">
    <ele>19.9</ele>
    <time>2026-08-17T07:55:49Z</time>
   </trkpt>
   <trkpt lat="22.7204910" lon="120.3124310">
    <ele>19.9</ele>
    <time>2026-08-17T07:55:50Z</time>
   </trkpt>
   <trkpt lat="22.7204910" lon="120.3124310">
    <ele>19.9</ele>
    <time>2026-08-17T07:55:51Z</time>
   </trkpt>
   <trkpt lat="22.7204910" lon="120.3124310">
    <ele>19.9</ele>
    <time>2026-08-17T07:55:52Z</time>
   </trkpt>
   <trkpt lat="22.7204910" lon="120.3124310">
    <ele>19.9</ele>
    <time>2026-08-17T07:55:53Z</time>
   </trkpt>
   <trkpt lat="22.7204910" lon="120.3124310">
    <ele>19.9</ele>
    <time>2026-08-17T07:55:54Z</time>
   </trkpt>
   <trkpt lat="22.7204910" lon="120.3124310">
    <ele>19.9</ele>
    <time>2026-08-17T07:55:55Z</time>
   </trkpt>
   <trkpt lat="22.7205000" lon="120.3124530">
    <ele>20.0</ele>
    <time>2026-08-17T07:55:56Z</time>
   </trkpt>
   <trkpt lat="22.7205030" lon="120.3124520">
    <ele>20.0</ele>
    <time>2026-08-17T07:55:57Z</time>
   </trkpt>
   <trkpt lat="22.7205030" lon="120.3124520">
    <ele>20.0</ele>
    <time>2026-08-17T07:55:58Z</time>
   </trkpt>
   <trkpt lat="22.7205030" lon="120.3124520">
    <ele>20.0</ele>
    <time>2026-08-17T07:55:59Z</time>
   </trkpt>
   <trkpt lat="22.7205030" lon="120.3124520">
    <ele>20.0</ele>
    <time>2026-08-17T07:56:00Z</time>
   </trkpt>
   <trkpt lat="22.7205030" lon="120.3124470">
    <ele>20.0</ele>
    <time>2026-08-17T07:56:01Z</time>
   </trkpt>
   <trkpt lat="22.7205030" lon="120.3124470">
    <ele>20.0</ele>
    <time>2026-08-17T07:56:02Z</time>
   </trkpt>
   <trkpt lat="22.7205030" lon="120.3124470">
    <ele>20.0</ele>
    <time>2026-08-17T07:56:03Z</time>
   </trkpt>
   <trkpt lat="22.7205010" lon="120.3124440">
    <ele>20.0</ele>
    <time>2026-08-17T07:56:04Z</time>
   </trkpt>
   <trkpt lat="22.7205010" lon="120.3124440">
    <ele>20.0</ele>
    <time>2026-08-17T07:56:05Z</time>
   </trkpt>
   <trkpt lat="22.7205010" lon="120.3124440">
    <ele>20.0</ele>
    <time>2026-08-17T07:56:06Z</time>
   </trkpt>
   <trkpt lat="22.7205010" lon="120.3124440">
    <ele>20.0</ele>
    <time>2026-08-17T07:56:07Z</time>
   </trkpt>
   <trkpt lat="22.7205020" lon="120.3124420">
    <ele>20.0</ele>
    <time>2026-08-17T07:56:08Z</time>
   </trkpt>
   <trkpt lat="22.7205030" lon="120.3124420">
    <ele>20.0</ele>
    <time>2026-08-17T07:56:09Z</time>
   </trkpt>
   <trkpt lat="22.7205050" lon="120.3124440">
    <ele>20.0</ele>
    <time>2026-08-17T07:56:10Z</time>
   </trkpt>
   <trkpt lat="22.7205050" lon="120.3124440">
    <ele>20.0</ele>
    <time>2026-08-17T07:56:11Z</time>
   </trkpt>
   <trkpt lat="22.7205120" lon="120.3124490">
    <ele>20.0</ele>
    <time>2026-08-17T07:56:12Z</time>
   </trkpt>
   <trkpt lat="22.7205170" lon="120.3124540">
    <ele>20.0</ele>
    <time>2026-08-17T07:56:13Z</time>
   </trkpt>
   <trkpt lat="22.7205200" lon="120.3124560">
    <ele>20.0</ele>
    <time>2026-08-17T07:56:14Z</time>
   </trkpt>
   <trkpt lat="22.7205250" lon="120.3124360">
    <ele>20.0</ele>
    <time>2026-08-17T07:56:15Z</time>
   </trkpt>
   <trkpt lat="22.7205130" lon="120.3124310">
    <ele>20.0</ele>
    <time>2026-08-17T07:56:16Z</time>
   </trkpt>
   <trkpt lat="22.7205000" lon="120.3124260">
    <ele>20.0</ele>
    <time>2026-08-17T07:56:17Z</time>
   </trkpt>
   <trkpt lat="22.7204880" lon="120.3124220">
    <ele>20.0</ele>
    <time>2026-08-17T07:56:18Z</time>
   </trkpt>
   <trkpt lat="22.7204750" lon="120.3124170">
    <ele>20.0</ele>
    <time>2026-08-17T07:56:19Z</time>
   </trkpt>
   <trkpt lat="22.7204630" lon="120.3124120">
    <ele>20.0</ele>
    <time>2026-08-17T07:56:20Z</time>
   </trkpt>
   <trkpt lat="22.7204350" lon="120.3124060">
    <ele>20.0</ele>
    <time>2026-08-17T07:56:21Z</time>
   </trkpt>
   <trkpt lat="22.7204470" lon="120.3123930">
    <ele>20.0</ele>
    <time>2026-08-17T07:56:22Z</time>
   </trkpt>
   <trkpt lat="22.7204580" lon="120.3123800">
    <ele>20.0</ele>
    <time>2026-08-17T07:56:23Z</time>
   </trkpt>
   <trkpt lat="22.7204700" lon="120.3123670">
    <ele>20.0</ele>
    <time>2026-08-17T07:56:24Z</time>
   </trkpt>
   <trkpt lat="22.7204820" lon="120.3123540">
    <ele>20.0</ele>
    <time>2026-08-17T07:56:25Z</time>
   </trkpt>
   <trkpt lat="22.7204930" lon="120.3123410">
    <ele>20.0</ele>
    <time>2026-08-17T07:56:26Z</time>
   </trkpt>
   <trkpt lat="22.7205050" lon="120.3123280">
    <ele>20.0</ele>
    <time>2026-08-17T07:56:27Z</time>
   </trkpt>
   <trkpt lat="22.7205080" lon="120.3123160">
    <ele>20.0</ele>
    <time>2026-08-17T07:56:28Z</time>
   </trkpt>
   <trkpt lat="22.7204940" lon="120.3122970">
    <ele>20.0</ele>
    <time>2026-08-17T07:56:29Z</time>
   </trkpt>
   <trkpt lat="22.7204630" lon="120.3122510">
    <ele>19.9</ele>
    <time>2026-08-17T07:56:30Z</time>
   </trkpt>
   <trkpt lat="22.7204630" lon="120.3122510">
    <ele>19.9</ele>
    <time>2026-08-17T07:56:31Z</time>
   </trkpt>
   <trkpt lat="22.7204560" lon="120.3122580">
    <ele>19.9</ele>
    <time>2026-08-17T07:56:32Z</time>
   </trkpt>
   <trkpt lat="22.7204580" lon="120.3122610">
    <ele>19.9</ele>
    <time>2026-08-17T07:56:33Z</time>
   </trkpt>
   <trkpt lat="22.7204580" lon="120.3122610">
    <ele>19.9</ele>
    <time>2026-08-17T07:56:34Z</time>
   </trkpt>
   <trkpt lat="22.7204720" lon="120.3122590">
    <ele>19.9</ele>
    <time>2026-08-17T07:56:35Z</time>
   </trkpt>
   <trkpt lat="22.7204820" lon="120.3122400">
    <ele>19.9</ele>
    <time>2026-08-17T07:56:36Z</time>
   </trkpt>
   <trkpt lat="22.7205090" lon="120.3122330">
    <ele>19.9</ele>
    <time>2026-08-17T07:56:37Z</time>
   </trkpt>
   <trkpt lat="22.7205360" lon="120.3122420">
    <ele>19.9</ele>
    <time>2026-08-17T07:56:38Z</time>
   </trkpt>
   <trkpt lat="22.7205210" lon="120.3122540">
    <ele>19.9</ele>
    <time>2026-08-17T07:56:39Z</time>
   </trkpt>
   <trkpt lat="22.7204920" lon="120.3122490">
    <ele>19.9</ele>
    <time>2026-08-17T07:56:40Z</time>
   </trkpt>
   <trkpt lat="22.7204750" lon="120.3122470">
    <ele>19.9</ele>
    <time>2026-08-17T07:56:41Z</time>
   </trkpt>
   <trkpt lat="22.7204430" lon="120.3122260">
    <ele>19.9</ele>
    <time>2026-08-17T07:56:42Z</time>
   </trkpt>
   <trkpt lat="22.7204160" lon="120.3122070">
    <ele>19.9</ele>
    <time>2026-08-17T07:56:43Z</time>
   </trkpt>
   <trkpt lat="22.7203990" lon="120.3122150">
    <ele>19.9</ele>
    <time>2026-08-17T07:56:44Z</time>
   </trkpt>
   <trkpt lat="22.7204010" lon="120.3122230">
    <ele>19.9</ele>
    <time>2026-08-17T07:56:45Z</time>
   </trkpt>
   <trkpt lat="22.7204010" lon="120.3122210">
    <ele>19.9</ele>
    <time>2026-08-17T07:56:46Z</time>
   </trkpt>
   <trkpt lat="22.7204010" lon="120.3122100">
    <ele>19.9</ele>
    <time>2026-08-17T07:56:47Z</time>
   </trkpt>
   <trkpt lat="22.7204070" lon="120.3122290">
    <ele>19.9</ele>
    <time>2026-08-17T07:56:48Z</time>
   </trkpt>
   <trkpt lat="22.7204150" lon="120.3123010">
    <ele>19.9</ele>
    <time>2026-08-17T07:56:49Z</time>
   </trkpt>
   <trkpt lat="22.7204500" lon="120.3123620">
    <ele>19.9</ele>
    <time>2026-08-17T07:56:50Z</time>
   </trkpt>
   <trkpt lat="22.7204680" lon="120.3123510">
    <ele>19.9</ele>
    <time>2026-08-17T07:56:51Z</time>
   </trkpt>
   <trkpt lat="22.7204520" lon="120.3123220">
    <ele>19.9</ele>
    <time>2026-08-17T07:56:52Z</time>
   </trkpt>
   <trkpt lat="22.7204600" lon="120.3123430">
    <ele>19.9</ele>
    <time>2026-08-17T07:56:53Z</time>
   </trkpt>
   <trkpt lat="22.7204560" lon="120.3123500">
    <ele>19.9</ele>
    <time>2026-08-17T07:56:54Z</time>
   </trkpt>
   <trkpt lat="22.7204560" lon="120.3123610">
    <ele>19.9</ele>
    <time>2026-08-17T07:56:55Z</time>
   </trkpt>
   <trkpt lat="22.7204460" lon="120.3123690">
    <ele>19.9</ele>
    <time>2026-08-17T07:56:56Z</time>
   </trkpt>
   <trkpt lat="22.7204380" lon="120.3123650">
    <ele>19.9</ele>
    <time>2026-08-17T07:56:57Z</time>
   </trkpt>
   <trkpt lat="22.7204300" lon="120.3123650">
    <ele>19.9</ele>
    <time>2026-08-17T07:56:58Z</time>
   </trkpt>
   <trkpt lat="22.7204230" lon="120.3123630">
    <ele>19.9</ele>
    <time>2026-08-17T07:56:59Z</time>
   </trkpt>
   <trkpt lat="22.7204140" lon="120.3123570">
    <ele>19.9</ele>
    <time>2026-08-17T07:57:00Z</time>
   </trkpt>
   <trkpt lat="22.7204070" lon="120.3123580">
    <ele>19.9</ele>
    <time>2026-08-17T07:57:01Z</time>
   </trkpt>
   <trkpt lat="22.7204010" lon="120.3123540">
    <ele>19.9</ele>
    <time>2026-08-17T07:57:02Z</time>
   </trkpt>
   <trkpt lat="22.7204030" lon="120.3123450">
    <ele>19.9</ele>
    <time>2026-08-17T07:57:03Z</time>
   </trkpt>
   <trkpt lat="22.7204010" lon="120.3123360">
    <ele>19.9</ele>
    <time>2026-08-17T07:57:04Z</time>
   </trkpt>
   <trkpt lat="22.7203950" lon="120.3123280">
    <ele>19.9</ele>
    <time>2026-08-17T07:57:05Z</time>
   </trkpt>
   <trkpt lat="22.7203910" lon="120.3123190">
    <ele>19.9</ele>
    <time>2026-08-17T07:57:06Z</time>
   </trkpt>
   <trkpt lat="22.7203840" lon="120.3123130">
    <ele>19.9</ele>
    <time>2026-08-17T07:57:07Z</time>
   </trkpt>
   <trkpt lat="22.7203860" lon="120.3123050">
    <ele>19.9</ele>
    <time>2026-08-17T07:57:08Z</time>
   </trkpt>
   <trkpt lat="22.7203780" lon="120.3123010">
    <ele>19.9</ele>
    <time>2026-08-17T07:57:09Z</time>
   </trkpt>
   <trkpt lat="22.7203720" lon="120.3122960">
    <ele>19.9</ele>
    <time>2026-08-17T07:57:10Z</time>
   </trkpt>
   <trkpt lat="22.7203610" lon="120.3122880">
    <ele>19.9</ele>
    <time>2026-08-17T07:57:11Z</time>
   </trkpt>
   <trkpt lat="22.7203530" lon="120.3122830">
    <ele>19.9</ele>
    <time>2026-08-17T07:57:12Z</time>
   </trkpt>
   <trkpt lat="22.7203420" lon="120.3122780">
    <ele>19.9</ele>
    <time>2026-08-17T07:57:13Z</time>
   </trkpt>
   <trkpt lat="22.7203380" lon="120.3122800">
    <ele>19.9</ele>
    <time>2026-08-17T07:57:14Z</time>
   </trkpt>
   <trkpt lat="22.7203270" lon="120.3122820">
    <ele>19.9</ele>
    <time>2026-08-17T07:57:15Z</time>
   </trkpt>
   <trkpt lat="22.7203160" lon="120.3122750">
    <ele>19.9</ele>
    <time>2026-08-17T07:57:16Z</time>
   </trkpt>
   <trkpt lat="22.7203050" lon="120.3122600">
    <ele>19.9</ele>
    <time>2026-08-17T07:57:17Z</time>
   </trkpt>
   <trkpt lat="22.7202960" lon="120.3122560">
    <ele>19.9</ele>
    <time>2026-08-17T07:57:18Z</time>
   </trkpt>
   <trkpt lat="22.7202840" lon="120.3122510">
    <ele>19.9</ele>
    <time>2026-08-17T07:57:19Z</time>
   </trkpt>
   <trkpt lat="22.7202740" lon="120.3122430">
    <ele>19.9</ele>
    <time>2026-08-17T07:57:20Z</time>
   </trkpt>
   <trkpt lat="22.7202630" lon="120.3122400">
    <ele>19.9</ele>
    <time>2026-08-17T07:57:21Z</time>
   </trkpt>
   <trkpt lat="22.7202530" lon="120.3122350">
    <ele>19.9</ele>
    <time>2026-08-17T07:57:22Z</time>
   </trkpt>
   <trkpt lat="22.7202400" lon="120.3122280">
    <ele>19.9</ele>
    <time>2026-08-17T07:57:23Z</time>
   </trkpt>
   <trkpt lat="22.7202300" lon="120.3122260">
    <ele>20.0</ele>
    <time>2026-08-17T07:57:24Z</time>
   </trkpt>
   <trkpt lat="22.7202250" lon="120.3122190">
    <ele>20.0</ele>
    <time>2026-08-17T07:57:25Z</time>
   </trkpt>
   <trkpt lat="22.7202220" lon="120.3122080">
    <ele>20.0</ele>
    <time>2026-08-17T07:57:26Z</time>
   </trkpt>
   <trkpt lat="22.7202200" lon="120.3121960">
    <ele>20.0</ele>
    <time>2026-08-17T07:57:27Z</time>
   </trkpt>
   <trkpt lat="22.7202130" lon="120.3121890">
    <ele>20.0</ele>
    <time>2026-08-17T07:57:28Z</time>
   </trkpt>
   <trkpt lat="22.7202050" lon="120.3121840">
    <ele>20.0</ele>
    <time>2026-08-17T07:57:29Z</time>
   </trkpt>
   <trkpt lat="22.7202010" lon="120.3121730">
    <ele>20.0</ele>
    <time>2026-08-17T07:57:30Z</time>
   </trkpt>
   <trkpt lat="22.7201940" lon="120.3121670">
    <ele>20.0</ele>
    <time>2026-08-17T07:57:31Z</time>
   </trkpt>
   <trkpt lat="22.7201880" lon="120.3121620">
    <ele>20.0</ele>
    <time>2026-08-17T07:57:32Z</time>
   </trkpt>
   <trkpt lat="22.7201780" lon="120.3121580">
    <ele>20.0</ele>
    <time>2026-08-17T07:57:33Z</time>
   </trkpt>
   <trkpt lat="22.7201690" lon="120.3121490">
    <ele>20.0</ele>
    <time>2026-08-17T07:57:34Z</time>
   </trkpt>
   <trkpt lat="22.7201620" lon="120.3121430">
    <ele>20.0</ele>
    <time>2026-08-17T07:57:35Z</time>
   </trkpt>
   <trkpt lat="22.7201550" lon="120.3121400">
    <ele>20.0</ele>
    <time>2026-08-17T07:57:36Z</time>
   </trkpt>
   <trkpt lat="22.7201450" lon="120.3121320">
    <ele>20.0</ele>
    <time>2026-08-17T07:57:37Z</time>
   </trkpt>
   <trkpt lat="22.7201390" lon="120.3121250">
    <ele>20.0</ele>
    <time>2026-08-17T07:57:38Z</time>
   </trkpt>
   <trkpt lat="22.7201320" lon="120.3121140">
    <ele>20.0</ele>
    <time>2026-08-17T07:57:39Z</time>
   </trkpt>
   <trkpt lat="22.7201260" lon="120.3121060">
    <ele>20.0</ele>
    <time>2026-08-17T07:57:40Z</time>
   </trkpt>
   <trkpt lat="22.7201210" lon="120.3120940">
    <ele>20.0</ele>
    <time>2026-08-17T07:57:41Z</time>
   </trkpt>
   <trkpt lat="22.7201160" lon="120.3120890">
    <ele>20.0</ele>
    <time>2026-08-17T07:57:42Z</time>
   </trkpt>
   <trkpt lat="22.7201090" lon="120.3120780">
    <ele>20.0</ele>
    <time>2026-08-17T07:57:43Z</time>
   </trkpt>
   <trkpt lat="22.7201010" lon="120.3120710">
    <ele>20.0</ele>
    <time>2026-08-17T07:57:44Z</time>
   </trkpt>
   <trkpt lat="22.7200940" lon="120.3120660">
    <ele>20.0</ele>
    <time>2026-08-17T07:57:45Z</time>
   </trkpt>
   <trkpt lat="22.7200870" lon="120.3120610">
    <ele>20.0</ele>
    <time>2026-08-17T07:57:46Z</time>
   </trkpt>
   <trkpt lat="22.7200760" lon="120.3120590">
    <ele>20.0</ele>
    <time>2026-08-17T07:57:47Z</time>
   </trkpt>
   <trkpt lat="22.7200660" lon="120.3120550">
    <ele>20.0</ele>
    <time>2026-08-17T07:57:48Z</time>
   </trkpt>
   <trkpt lat="22.7200570" lon="120.3120490">
    <ele>20.0</ele>
    <time>2026-08-17T07:57:49Z</time>
   </trkpt>
   <trkpt lat="22.7200500" lon="120.3120440">
    <ele>20.0</ele>
    <time>2026-08-17T07:57:50Z</time>
   </trkpt>
   <trkpt lat="22.7200420" lon="120.3120380">
    <ele>20.0</ele>
    <time>2026-08-17T07:57:51Z</time>
   </trkpt>
   <trkpt lat="22.7200330" lon="120.3120390">
    <ele>20.0</ele>
    <time>2026-08-17T07:57:52Z</time>
   </trkpt>
   <trkpt lat="22.7200260" lon="120.3120420">
    <ele>20.0</ele>
    <time>2026-08-17T07:57:53Z</time>
   </trkpt>
   <trkpt lat="22.7200170" lon="120.3120440">
    <ele>20.0</ele>
    <time>2026-08-17T07:57:54Z</time>
   </trkpt>
   <trkpt lat="22.7199950" lon="120.3120520">
    <ele>19.9</ele>
    <time>2026-08-17T07:57:55Z</time>
   </trkpt>
   <trkpt lat="22.7199890" lon="120.3120600">
    <ele>19.9</ele>
    <time>2026-08-17T07:57:56Z</time>
   </trkpt>
   <trkpt lat="22.7199850" lon="120.3120640">
    <ele>19.9</ele>
    <time>2026-08-17T07:57:57Z</time>
   </trkpt>
   <trkpt lat="22.7199750" lon="120.3120680">
    <ele>19.9</ele>
    <time>2026-08-17T07:57:58Z</time>
   </trkpt>
   <trkpt lat="22.7199690" lon="120.3120670">
    <ele>19.8</ele>
    <time>2026-08-17T07:57:59Z</time>
   </trkpt>
   <trkpt lat="22.7199640" lon="120.3120670">
    <ele>19.8</ele>
    <time>2026-08-17T07:58:00Z</time>
   </trkpt>
   <trkpt lat="22.7199550" lon="120.3120730">
    <ele>19.8</ele>
    <time>2026-08-17T07:58:01Z</time>
   </trkpt>
   <trkpt lat="22.7199540" lon="120.3120810">
    <ele>19.8</ele>
    <time>2026-08-17T07:58:02Z</time>
   </trkpt>
   <trkpt lat="22.7199520" lon="120.3120910">
    <ele>19.8</ele>
    <time>2026-08-17T07:58:03Z</time>
   </trkpt>
   <trkpt lat="22.7199510" lon="120.3120990">
    <ele>19.7</ele>
    <time>2026-08-17T07:58:04Z</time>
   </trkpt>
   <trkpt lat="22.7199490" lon="120.3121130">
    <ele>19.7</ele>
    <time>2026-08-17T07:58:05Z</time>
   </trkpt>
   <trkpt lat="22.7199490" lon="120.3121200">
    <ele>19.7</ele>
    <time>2026-08-17T07:58:06Z</time>
   </trkpt>
   <trkpt lat="22.7199490" lon="120.3121290">
    <ele>19.7</ele>
    <time>2026-08-17T07:58:07Z</time>
   </trkpt>
   <trkpt lat="22.7199450" lon="120.3121360">
    <ele>19.6</ele>
    <time>2026-08-17T07:58:08Z</time>
   </trkpt>
   <trkpt lat="22.7199440" lon="120.3121460">
    <ele>19.6</ele>
    <time>2026-08-17T07:58:09Z</time>
   </trkpt>
   <trkpt lat="22.7199400" lon="120.3121550">
    <ele>19.6</ele>
    <time>2026-08-17T07:58:10Z</time>
   </trkpt>
   <trkpt lat="22.7199340" lon="120.3121640">
    <ele>19.6</ele>
    <time>2026-08-17T07:58:11Z</time>
   </trkpt>
   <trkpt lat="22.7199320" lon="120.3121700">
    <ele>19.5</ele>
    <time>2026-08-17T07:58:12Z</time>
   </trkpt>
   <trkpt lat="22.7199260" lon="120.3121780">
    <ele>19.5</ele>
    <time>2026-08-17T07:58:13Z</time>
   </trkpt>
   <trkpt lat="22.7199200" lon="120.3121870">
    <ele>19.5</ele>
    <time>2026-08-17T07:58:14Z</time>
   </trkpt>
   <trkpt lat="22.7199160" lon="120.3121870">
    <ele>19.5</ele>
    <time>2026-08-17T07:58:15Z</time>
   </trkpt>
   <trkpt lat="22.7199130" lon="120.3121910">
    <ele>19.4</ele>
    <time>2026-08-17T07:58:16Z</time>
   </trkpt>
   <trkpt lat="22.7199080" lon="120.3122060">
    <ele>19.4</ele>
    <time>2026-08-17T07:58:17Z</time>
   </trkpt>
   <trkpt lat="22.7199020" lon="120.3122140">
    <ele>19.4</ele>
    <time>2026-08-17T07:58:18Z</time>
   </trkpt>
   <trkpt lat="22.7198990" lon="120.3122240">
    <ele>19.3</ele>
    <time>2026-08-17T07:58:19Z</time>
   </trkpt>
   <trkpt lat="22.7198970" lon="120.3122340">
    <ele>19.3</ele>
    <time>2026-08-17T07:58:20Z</time>
   </trkpt>
   <trkpt lat="22.7198950" lon="120.3122440">
    <ele>19.3</ele>
    <time>2026-08-17T07:58:21Z</time>
   </trkpt>
   <trkpt lat="22.7198870" lon="120.3122530">
    <ele>19.2</ele>
    <time>2026-08-17T07:58:22Z</time>
   </trkpt>
   <trkpt lat="22.7198860" lon="120.3122630">
    <ele>19.2</ele>
    <time>2026-08-17T07:58:23Z</time>
   </trkpt>
   <trkpt lat="22.7198840" lon="120.3122720">
    <ele>19.2</ele>
    <time>2026-08-17T07:58:24Z</time>
   </trkpt>
   <trkpt lat="22.7198810" lon="120.3122840">
    <ele>19.2</ele>
    <time>2026-08-17T07:58:25Z</time>
   </trkpt>
   <trkpt lat="22.7198780" lon="120.3122970">
    <ele>19.1</ele>
    <time>2026-08-17T07:58:26Z</time>
   </trkpt>
   <trkpt lat="22.7198780" lon="120.3123040">
    <ele>19.1</ele>
    <time>2026-08-17T07:58:27Z</time>
   </trkpt>
   <trkpt lat="22.7198770" lon="120.3123180">
    <ele>19.1</ele>
    <time>2026-08-17T07:58:28Z</time>
   </trkpt>
   <trkpt lat="22.7198780" lon="120.3123280">
    <ele>19.1</ele>
    <time>2026-08-17T07:58:29Z</time>
   </trkpt>
   <trkpt lat="22.7198780" lon="120.3123340">
    <ele>19.0</ele>
    <time>2026-08-17T07:58:30Z</time>
   </trkpt>
   <trkpt lat="22.7198710" lon="120.3123420">
    <ele>19.0</ele>
    <time>2026-08-17T07:58:31Z</time>
   </trkpt>
   <trkpt lat="22.7198650" lon="120.3123510">
    <ele>19.0</ele>
    <time>2026-08-17T07:58:32Z</time>
   </trkpt>
   <trkpt lat="22.7198650" lon="120.3123640">
    <ele>19.0</ele>
    <time>2026-08-17T07:58:33Z</time>
   </trkpt>
   <trkpt lat="22.7198630" lon="120.3123720">
    <ele>19.0</ele>
    <time>2026-08-17T07:58:34Z</time>
   </trkpt>
   <trkpt lat="22.7198540" lon="120.3123790">
    <ele>18.9</ele>
    <time>2026-08-17T07:58:35Z</time>
   </trkpt>
   <trkpt lat="22.7198470" lon="120.3123870">
    <ele>18.9</ele>
    <time>2026-08-17T07:58:36Z</time>
   </trkpt>
   <trkpt lat="22.7198450" lon="120.3123940">
    <ele>18.9</ele>
    <time>2026-08-17T07:58:37Z</time>
   </trkpt>
   <trkpt lat="22.7198460" lon="120.3124010">
    <ele>18.9</ele>
    <time>2026-08-17T07:58:38Z</time>
   </trkpt>
   <trkpt lat="22.7198480" lon="120.3124130">
    <ele>18.9</ele>
    <time>2026-08-17T07:58:39Z</time>
   </trkpt>
   <trkpt lat="22.7198460" lon="120.3124250">
    <ele>18.9</ele>
    <time>2026-08-17T07:58:40Z</time>
   </trkpt>
   <trkpt lat="22.7198410" lon="120.3124380">
    <ele>18.8</ele>
    <time>2026-08-17T07:58:41Z</time>
   </trkpt>
   <trkpt lat="22.7198360" lon="120.3124450">
    <ele>18.8</ele>
    <time>2026-08-17T07:58:42Z</time>
   </trkpt>
   <trkpt lat="22.7198290" lon="120.3124550">
    <ele>18.8</ele>
    <time>2026-08-17T07:58:43Z</time>
   </trkpt>
   <trkpt lat="22.7198250" lon="120.3124650">
    <ele>18.8</ele>
    <time>2026-08-17T07:58:44Z</time>
   </trkpt>
   <trkpt lat="22.7198190" lon="120.3124740">
    <ele>18.8</ele>
    <time>2026-08-17T07:58:45Z</time>
   </trkpt>
   <trkpt lat="22.7198140" lon="120.3124830">
    <ele>18.8</ele>
    <time>2026-08-17T07:58:46Z</time>
   </trkpt>
   <trkpt lat="22.7198090" lon="120.3124920">
    <ele>18.7</ele>
    <time>2026-08-17T07:58:47Z</time>
   </trkpt>
   <trkpt lat="22.7198050" lon="120.3125030">
    <ele>18.7</ele>
    <time>2026-08-17T07:58:48Z</time>
   </trkpt>
   <trkpt lat="22.7198010" lon="120.3125130">
    <ele>18.7</ele>
    <time>2026-08-17T07:58:49Z</time>
   </trkpt>
   <trkpt lat="22.7197990" lon="120.3125220">
    <ele>18.7</ele>
    <time>2026-08-17T07:58:50Z</time>
   </trkpt>
   <trkpt lat="22.7197950" lon="120.3125330">
    <ele>18.7</ele>
    <time>2026-08-17T07:58:51Z</time>
   </trkpt>
   <trkpt lat="22.7197900" lon="120.3125410">
    <ele>18.7</ele>
    <time>2026-08-17T07:58:52Z</time>
   </trkpt>
   <trkpt lat="22.7197860" lon="120.3125510">
    <ele>18.7</ele>
    <time>2026-08-17T07:58:53Z</time>
   </trkpt>
   <trkpt lat="22.7197780" lon="120.3125590">
    <ele>18.6</ele>
    <time>2026-08-17T07:58:54Z</time>
   </trkpt>
   <trkpt lat="22.7197760" lon="120.3125690">
    <ele>18.6</ele>
    <time>2026-08-17T07:58:55Z</time>
   </trkpt>
   <trkpt lat="22.7197710" lon="120.3125780">
    <ele>18.6</ele>
    <time>2026-08-17T07:58:56Z</time>
   </trkpt>
   <trkpt lat="22.7197670" lon="120.3125880">
    <ele>18.6</ele>
    <time>2026-08-17T07:58:57Z</time>
   </trkpt>
   <trkpt lat="22.7197600" lon="120.3125960">
    <ele>18.6</ele>
    <time>2026-08-17T07:58:58Z</time>
   </trkpt>
   <trkpt lat="22.7197550" lon="120.3126090">
    <ele>18.6</ele>
    <time>2026-08-17T07:58:59Z</time>
   </trkpt>
   <trkpt lat="22.7197520" lon="120.3126200">
    <ele>18.6</ele>
    <time>2026-08-17T07:59:00Z</time>
   </trkpt>
   <trkpt lat="22.7197450" lon="120.3126230">
    <ele>18.6</ele>
    <time>2026-08-17T07:59:01Z</time>
   </trkpt>
   <trkpt lat="22.7197380" lon="120.3126280">
    <ele>18.7</ele>
    <time>2026-08-17T07:59:02Z</time>
   </trkpt>
   <trkpt lat="22.7197310" lon="120.3126300">
    <ele>18.8</ele>
    <time>2026-08-17T07:59:03Z</time>
   </trkpt>
   <trkpt lat="22.7197250" lon="120.3126250">
    <ele>18.8</ele>
    <time>2026-08-17T07:59:04Z</time>
   </trkpt>
   <trkpt lat="22.7197140" lon="120.3126200">
    <ele>19.0</ele>
    <time>2026-08-17T07:59:05Z</time>
   </trkpt>
   <trkpt lat="22.7197010" lon="120.3126270">
    <ele>19.1</ele>
    <time>2026-08-17T07:59:06Z</time>
   </trkpt>
   <trkpt lat="22.7196930" lon="120.3126250">
    <ele>19.2</ele>
    <time>2026-08-17T07:59:07Z</time>
   </trkpt>
   <trkpt lat="22.7196830" lon="120.3126230">
    <ele>19.3</ele>
    <time>2026-08-17T07:59:08Z</time>
   </trkpt>
   <trkpt lat="22.7196780" lon="120.3126170">
    <ele>19.3</ele>
    <time>2026-08-17T07:59:09Z</time>
   </trkpt>
   <trkpt lat="22.7196700" lon="120.3126180">
    <ele>19.4</ele>
    <time>2026-08-17T07:59:10Z</time>
   </trkpt>
   <trkpt lat="22.7196600" lon="120.3126160">
    <ele>19.5</ele>
    <time>2026-08-17T07:59:11Z</time>
   </trkpt>
   <trkpt lat="22.7196500" lon="120.3126120">
    <ele>19.6</ele>
    <time>2026-08-17T07:59:12Z</time>
   </trkpt>
   <trkpt lat="22.7196360" lon="120.3126060">
    <ele>19.7</ele>
    <time>2026-08-17T07:59:13Z</time>
   </trkpt>
   <trkpt lat="22.7196270" lon="120.3125990">
    <ele>19.8</ele>
    <time>2026-08-17T07:59:14Z</time>
   </trkpt>
   <trkpt lat="22.7196220" lon="120.3125930">
    <ele>19.9</ele>
    <time>2026-08-17T07:59:15Z</time>
   </trkpt>
   <trkpt lat="22.7196170" lon="120.3125880">
    <ele>20.0</ele>
    <time>2026-08-17T07:59:16Z</time>
   </trkpt>
   <trkpt lat="22.7196130" lon="120.3125830">
    <ele>20.0</ele>
    <time>2026-08-17T07:59:17Z</time>
   </trkpt>
   <trkpt lat="22.7195970" lon="120.3125740">
    <ele>20.2</ele>
    <time>2026-08-17T07:59:18Z</time>
   </trkpt>
   <trkpt lat="22.7195830" lon="120.3125780">
    <ele>20.3</ele>
    <time>2026-08-17T07:59:19Z</time>
   </trkpt>
   <trkpt lat="22.7195740" lon="120.3125760">
    <ele>20.4</ele>
    <time>2026-08-17T07:59:20Z</time>
   </trkpt>
   <trkpt lat="22.7195650" lon="120.3125730">
    <ele>20.5</ele>
    <time>2026-08-17T07:59:21Z</time>
   </trkpt>
   <trkpt lat="22.7195590" lon="120.3125720">
    <ele>20.6</ele>
    <time>2026-08-17T07:59:22Z</time>
   </trkpt>
   <trkpt lat="22.7195470" lon="120.3125650">
    <ele>20.7</ele>
    <time>2026-08-17T07:59:23Z</time>
   </trkpt>
   <trkpt lat="22.7195350" lon="120.3125610">
    <ele>20.8</ele>
    <time>2026-08-17T07:59:24Z</time>
   </trkpt>
   <trkpt lat="22.7195270" lon="120.3125570">
    <ele>20.9</ele>
    <time>2026-08-17T07:59:25Z</time>
   </trkpt>
   <trkpt lat="22.7195210" lon="120.3125560">
    <ele>20.9</ele>
    <time>2026-08-17T07:59:26Z</time>
   </trkpt>
   <trkpt lat="22.7195160" lon="120.3125540">
    <ele>21.0</ele>
    <time>2026-08-17T07:59:27Z</time>
   </trkpt>
   <trkpt lat="22.7195060" lon="120.3125530">
    <ele>21.1</ele>
    <time>2026-08-17T07:59:28Z</time>
   </trkpt>
   <trkpt lat="22.7194950" lon="120.3125490">
    <ele>21.2</ele>
    <time>2026-08-17T07:59:29Z</time>
   </trkpt>
   <trkpt lat="22.7194930" lon="120.3125490">
    <ele>21.2</ele>
    <time>2026-08-17T07:59:30Z</time>
   </trkpt>
   <trkpt lat="22.7194860" lon="120.3125460">
    <ele>21.3</ele>
    <time>2026-08-17T07:59:31Z</time>
   </trkpt>
   <trkpt lat="22.7194770" lon="120.3125440">
    <ele>21.3</ele>
    <time>2026-08-17T07:59:32Z</time>
   </trkpt>
   <trkpt lat="22.7194690" lon="120.3125420">
    <ele>21.4</ele>
    <time>2026-08-17T07:59:33Z</time>
   </trkpt>
   <trkpt lat="22.7194630" lon="120.3125400">
    <ele>21.5</ele>
    <time>2026-08-17T07:59:34Z</time>
   </trkpt>
   <trkpt lat="22.7194530" lon="120.3125370">
    <ele>21.6</ele>
    <time>2026-08-17T07:59:35Z</time>
   </trkpt>
   <trkpt lat="22.7194440" lon="120.3125310">
    <ele>21.7</ele>
    <time>2026-08-17T07:59:36Z</time>
   </trkpt>
   <trkpt lat="22.7194350" lon="120.3125250">
    <ele>21.8</ele>
    <time>2026-08-17T07:59:37Z</time>
   </trkpt>
   <trkpt lat="22.7194200" lon="120.3125190">
    <ele>21.8</ele>
    <time>2026-08-17T07:59:38Z</time>
   </trkpt>
   <trkpt lat="22.7194130" lon="120.3125120">
    <ele>21.8</ele>
    <time>2026-08-17T07:59:39Z</time>
   </trkpt>
   <trkpt lat="22.7194060" lon="120.3125050">
    <ele>21.8</ele>
    <time>2026-08-17T07:59:40Z</time>
   </trkpt>
   <trkpt lat="22.7194010" lon="120.3124960">
    <ele>21.8</ele>
    <time>2026-08-17T07:59:41Z</time>
   </trkpt>
   <trkpt lat="22.7193920" lon="120.3124930">
    <ele>21.8</ele>
    <time>2026-08-17T07:59:42Z</time>
   </trkpt>
   <trkpt lat="22.7193870" lon="120.3124840">
    <ele>21.8</ele>
    <time>2026-08-17T07:59:43Z</time>
   </trkpt>
   <trkpt lat="22.7193780" lon="120.3124840">
    <ele>21.8</ele>
    <time>2026-08-17T07:59:44Z</time>
   </trkpt>
   <trkpt lat="22.7193650" lon="120.3124790">
    <ele>21.8</ele>
    <time>2026-08-17T07:59:45Z</time>
   </trkpt>
   <trkpt lat="22.7193540" lon="120.3124760">
    <ele>21.8</ele>
    <time>2026-08-17T07:59:46Z</time>
   </trkpt>
   <trkpt lat="22.7193470" lon="120.3124680">
    <ele>21.8</ele>
    <time>2026-08-17T07:59:47Z</time>
   </trkpt>
   <trkpt lat="22.7193390" lon="120.3124640">
    <ele>21.8</ele>
    <time>2026-08-17T07:59:48Z</time>
   </trkpt>
   <trkpt lat="22.7193320" lon="120.3124600">
    <ele>21.7</ele>
    <time>2026-08-17T07:59:49Z</time>
   </trkpt>
   <trkpt lat="22.7193230" lon="120.3124590">
    <ele>21.7</ele>
    <time>2026-08-17T07:59:50Z</time>
   </trkpt>
   <trkpt lat="22.7193260" lon="120.3124490">
    <ele>21.7</ele>
    <time>2026-08-17T07:59:51Z</time>
   </trkpt>
   <trkpt lat="22.7193210" lon="120.3124460">
    <ele>21.7</ele>
    <time>2026-08-17T07:59:52Z</time>
   </trkpt>
   <trkpt lat="22.7193100" lon="120.3124450">
    <ele>21.7</ele>
    <time>2026-08-17T07:59:53Z</time>
   </trkpt>
   <trkpt lat="22.7192980" lon="120.3124440">
    <ele>21.7</ele>
    <time>2026-08-17T07:59:54Z</time>
   </trkpt>
   <trkpt lat="22.7192840" lon="120.3124370">
    <ele>21.6</ele>
    <time>2026-08-17T07:59:55Z</time>
   </trkpt>
   <trkpt lat="22.7192770" lon="120.3124370">
    <ele>21.6</ele>
    <time>2026-08-17T07:59:56Z</time>
   </trkpt>
   <trkpt lat="22.7192660" lon="120.3124390">
    <ele>21.6</ele>
    <time>2026-08-17T07:59:57Z</time>
   </trkpt>
   <trkpt lat="22.7192580" lon="120.3124390">
    <ele>21.6</ele>
    <time>2026-08-17T07:59:58Z</time>
   </trkpt>
   <trkpt lat="22.7192490" lon="120.3124380">
    <ele>21.6</ele>
    <time>2026-08-17T07:59:59Z</time>
   </trkpt>
   <trkpt lat="22.7192440" lon="120.3124400">
    <ele>21.5</ele>
    <time>2026-08-17T08:00:00Z</time>
   </trkpt>
   <trkpt lat="22.7192430" lon="120.3124390">
    <ele>21.5</ele>
    <time>2026-08-17T08:00:01Z</time>
   </trkpt>
   <trkpt lat="22.7192380" lon="120.3124400">
    <ele>21.5</ele>
    <time>2026-08-17T08:00:02Z</time>
   </trkpt>
   <trkpt lat="22.7192400" lon="120.3124420">
    <ele>21.5</ele>
    <time>2026-08-17T08:00:03Z</time>
   </trkpt>
   <trkpt lat="22.7192400" lon="120.3124380">
    <ele>21.5</ele>
    <time>2026-08-17T08:00:04Z</time>
   </trkpt>
   <trkpt lat="22.7192410" lon="120.3124400">
    <ele>21.4</ele>
    <time>2026-08-17T08:00:05Z</time>
   </trkpt>
   <trkpt lat="22.7192410" lon="120.3124400">
    <ele>21.4</ele>
    <time>2026-08-17T08:00:06Z</time>
   </trkpt>
   <trkpt lat="22.7192410" lon="120.3124400">
    <ele>21.4</ele>
    <time>2026-08-17T08:00:07Z</time>
   </trkpt>
   <trkpt lat="22.7192450" lon="120.3124370">
    <ele>21.4</ele>
    <time>2026-08-17T08:00:08Z</time>
   </trkpt>
   <trkpt lat="22.7192470" lon="120.3124360">
    <ele>21.4</ele>
    <time>2026-08-17T08:00:09Z</time>
   </trkpt>
   <trkpt lat="22.7192470" lon="120.3124360">
    <ele>21.4</ele>
    <time>2026-08-17T08:00:10Z</time>
   </trkpt>
   <trkpt lat="22.7192470" lon="120.3124360">
    <ele>21.4</ele>
    <time>2026-08-17T08:00:11Z</time>
   </trkpt>
   <trkpt lat="22.7192500" lon="120.3124340">
    <ele>21.4</ele>
    <time>2026-08-17T08:00:12Z</time>
   </trkpt>
   <trkpt lat="22.7192510" lon="120.3124320">
    <ele>21.4</ele>
    <time>2026-08-17T08:00:13Z</time>
   </trkpt>
   <trkpt lat="22.7192520" lon="120.3124310">
    <ele>21.4</ele>
    <time>2026-08-17T08:00:14Z</time>
   </trkpt>
   <trkpt lat="22.7192520" lon="120.3124310">
    <ele>21.4</ele>
    <time>2026-08-17T08:00:15Z</time>
   </trkpt>
   <trkpt lat="22.7192520" lon="120.3124320">
    <ele>21.4</ele>
    <time>2026-08-17T08:00:16Z</time>
   </trkpt>
   <trkpt lat="22.7192520" lon="120.3124330">
    <ele>21.4</ele>
    <time>2026-08-17T08:00:17Z</time>
   </trkpt>
   <trkpt lat="22.7192520" lon="120.3124330">
    <ele>21.4</ele>
    <time>2026-08-17T08:00:18Z</time>
   </trkpt>
   <trkpt lat="22.7192520" lon="120.3124330">
    <ele>21.4</ele>
    <time>2026-08-17T08:00:19Z</time>
   </trkpt>
   <trkpt lat="22.7192520" lon="120.3124330">
    <ele>21.4</ele>
    <time>2026-08-17T08:00:20Z</time>
   </trkpt>
   <trkpt lat="22.7192520" lon="120.3124330">
    <ele>21.4</ele>
    <time>2026-08-17T08:00:21Z</time>
   </trkpt>
   <trkpt lat="22.7192520" lon="120.3124330">
    <ele>21.4</ele>
    <time>2026-08-17T08:00:22Z</time>
   </trkpt>
   <trkpt lat="22.7192530" lon="120.3124340">
    <ele>21.4</ele>
    <time>2026-08-17T08:00:23Z</time>
   </trkpt>
   <trkpt lat="22.7192530" lon="120.3124350">
    <ele>21.4</ele>
    <time>2026-08-17T08:00:24Z</time>
   </trkpt>
   <trkpt lat="22.7192540" lon="120.3124350">
    <ele>21.4</ele>
    <time>2026-08-17T08:00:25Z</time>
   </trkpt>
   <trkpt lat="22.7192540" lon="120.3124350">
    <ele>21.4</ele>
    <time>2026-08-17T08:00:26Z</time>
   </trkpt>
   <trkpt lat="22.7192540" lon="120.3124350">
    <ele>21.4</ele>
    <time>2026-08-17T08:00:27Z</time>
   </trkpt>
   <trkpt lat="22.7192540" lon="120.3124380">
    <ele>21.3</ele>
    <time>2026-08-17T08:00:28Z</time>
   </trkpt>
   <trkpt lat="22.7192550" lon="120.3124390">
    <ele>21.3</ele>
    <time>2026-08-17T08:00:29Z</time>
   </trkpt>
   <trkpt lat="22.7192550" lon="120.3124390">
    <ele>21.3</ele>
    <time>2026-08-17T08:00:30Z</time>
   </trkpt>
   <trkpt lat="22.7192550" lon="120.3124380">
    <ele>21.3</ele>
    <time>2026-08-17T08:00:31Z</time>
   </trkpt>
   <trkpt lat="22.7192550" lon="120.3124380">
    <ele>21.3</ele>
    <time>2026-08-17T08:00:32Z</time>
   </trkpt>
   <trkpt lat="22.7192550" lon="120.3124380">
    <ele>21.3</ele>
    <time>2026-08-17T08:00:33Z</time>
   </trkpt>
   <trkpt lat="22.7192550" lon="120.3124380">
    <ele>21.3</ele>
    <time>2026-08-17T08:00:34Z</time>
   </trkpt>
   <trkpt lat="22.7192560" lon="120.3124360">
    <ele>21.3</ele>
    <time>2026-08-17T08:00:35Z</time>
   </trkpt>
   <trkpt lat="22.7192570" lon="120.3124360">
    <ele>21.3</ele>
    <time>2026-08-17T08:00:36Z</time>
   </trkpt>
   <trkpt lat="22.7192570" lon="120.3124360">
    <ele>21.3</ele>
    <time>2026-08-17T08:00:37Z</time>
   </trkpt>
   <trkpt lat="22.7192570" lon="120.3124360">
    <ele>21.3</ele>
    <time>2026-08-17T08:00:38Z</time>
   </trkpt>
   <trkpt lat="22.7192570" lon="120.3124360">
    <ele>21.3</ele>
    <time>2026-08-17T08:00:39Z</time>
   </trkpt>
   <trkpt lat="22.7192570" lon="120.3124360">
    <ele>21.3</ele>
    <time>2026-08-17T08:00:40Z</time>
   </trkpt>
   <trkpt lat="22.7192510" lon="120.3124320">
    <ele>21.3</ele>
    <time>2026-08-17T08:00:41Z</time>
   </trkpt>
   <trkpt lat="22.7192510" lon="120.3124320">
    <ele>21.3</ele>
    <time>2026-08-17T08:00:42Z</time>
   </trkpt>
   <trkpt lat="22.7192560" lon="120.3124200">
    <ele>21.2</ele>
    <time>2026-08-17T08:00:43Z</time>
   </trkpt>
   <trkpt lat="22.7192540" lon="120.3124200">
    <ele>21.2</ele>
    <time>2026-08-17T08:00:44Z</time>
   </trkpt>
   <trkpt lat="22.7192500" lon="120.3124220">
    <ele>21.2</ele>
    <time>2026-08-17T08:00:45Z</time>
   </trkpt>
   <trkpt lat="22.7192470" lon="120.3124230">
    <ele>21.2</ele>
    <time>2026-08-17T08:00:46Z</time>
   </trkpt>
   <trkpt lat="22.7192420" lon="120.3124270">
    <ele>21.2</ele>
    <time>2026-08-17T08:00:47Z</time>
   </trkpt>
   <trkpt lat="22.7192380" lon="120.3124340">
    <ele>21.1</ele>
    <time>2026-08-17T08:00:48Z</time>
   </trkpt>
   <trkpt lat="22.7192300" lon="120.3124420">
    <ele>21.1</ele>
    <time>2026-08-17T08:00:49Z</time>
   </trkpt>
   <trkpt lat="22.7192210" lon="120.3124450">
    <ele>21.0</ele>
    <time>2026-08-17T08:00:50Z</time>
   </trkpt>
   <trkpt lat="22.7192180" lon="120.3124540">
    <ele>21.0</ele>
    <time>2026-08-17T08:00:51Z</time>
   </trkpt>
   <trkpt lat="22.7192180" lon="120.3124540">
    <ele>21.0</ele>
    <time>2026-08-17T08:00:52Z</time>
   </trkpt>
   <trkpt lat="22.7192250" lon="120.3124470">
    <ele>20.9</ele>
    <time>2026-08-17T08:00:53Z</time>
   </trkpt>
   <trkpt lat="22.7192220" lon="120.3124420">
    <ele>20.9</ele>
    <time>2026-08-17T08:00:54Z</time>
   </trkpt>
   <trkpt lat="22.7192230" lon="120.3124390">
    <ele>20.9</ele>
    <time>2026-08-17T08:00:55Z</time>
   </trkpt>
   <trkpt lat="22.7192300" lon="120.3124380">
    <ele>20.9</ele>
    <time>2026-08-17T08:00:56Z</time>
   </trkpt>
   <trkpt lat="22.7192340" lon="120.3124330">
    <ele>20.8</ele>
    <time>2026-08-17T08:00:57Z</time>
   </trkpt>
   <trkpt lat="22.7192400" lon="120.3124360">
    <ele>20.8</ele>
    <time>2026-08-17T08:00:58Z</time>
   </trkpt>
   <trkpt lat="22.7192450" lon="120.3124370">
    <ele>20.8</ele>
    <time>2026-08-17T08:00:59Z</time>
   </trkpt>
   <trkpt lat="22.7192550" lon="120.3124390">
    <ele>20.7</ele>
    <time>2026-08-17T08:01:00Z</time>
   </trkpt>
   <trkpt lat="22.7192600" lon="120.3124410">
    <ele>20.7</ele>
    <time>2026-08-17T08:01:01Z</time>
   </trkpt>
   <trkpt lat="22.7192640" lon="120.3124450">
    <ele>20.7</ele>
    <time>2026-08-17T08:01:02Z</time>
   </trkpt>
   <trkpt lat="22.7192600" lon="120.3124460">
    <ele>20.7</ele>
    <time>2026-08-17T08:01:03Z</time>
   </trkpt>
   <trkpt lat="22.7192560" lon="120.3124480">
    <ele>20.6</ele>
    <time>2026-08-17T08:01:04Z</time>
   </trkpt>
   <trkpt lat="22.7192540" lon="120.3124470">
    <ele>20.6</ele>
    <time>2026-08-17T08:01:05Z</time>
   </trkpt>
   <trkpt lat="22.7192500" lon="120.3124440">
    <ele>20.6</ele>
    <time>2026-08-17T08:01:06Z</time>
   </trkpt>
   <trkpt lat="22.7192490" lon="120.3124450">
    <ele>20.6</ele>
    <time>2026-08-17T08:01:07Z</time>
   </trkpt>
   <trkpt lat="22.7192440" lon="120.3124540">
    <ele>20.5</ele>
    <time>2026-08-17T08:01:08Z</time>
   </trkpt>
   <trkpt lat="22.7192380" lon="120.3124550">
    <ele>20.3</ele>
    <time>2026-08-17T08:01:09Z</time>
   </trkpt>
   <trkpt lat="22.7192400" lon="120.3124640">
    <ele>20.3</ele>
    <time>2026-08-17T08:01:10Z</time>
   </trkpt>
   <trkpt lat="22.7192310" lon="120.3124730">
    <ele>20.3</ele>
    <time>2026-08-17T08:01:11Z</time>
   </trkpt>
   <trkpt lat="22.7192200" lon="120.3124810">
    <ele>20.3</ele>
    <time>2026-08-17T08:01:12Z</time>
   </trkpt>
   <trkpt lat="22.7192150" lon="120.3125030">
    <ele>20.3</ele>
    <time>2026-08-17T08:01:13Z</time>
   </trkpt>
   <trkpt lat="22.7192090" lon="120.3125160">
    <ele>20.2</ele>
    <time>2026-08-17T08:01:14Z</time>
   </trkpt>
   <trkpt lat="22.7192060" lon="120.3125240">
    <ele>20.2</ele>
    <time>2026-08-17T08:01:15Z</time>
   </trkpt>
   <trkpt lat="22.7192060" lon="120.3125290">
    <ele>20.2</ele>
    <time>2026-08-17T08:01:16Z</time>
   </trkpt>
   <trkpt lat="22.7192040" lon="120.3125390">
    <ele>20.2</ele>
    <time>2026-08-17T08:01:17Z</time>
   </trkpt>
   <trkpt lat="22.7192000" lon="120.3125490">
    <ele>20.2</ele>
    <time>2026-08-17T08:01:18Z</time>
   </trkpt>
   <trkpt lat="22.7191940" lon="120.3125570">
    <ele>20.2</ele>
    <time>2026-08-17T08:01:19Z</time>
   </trkpt>
   <trkpt lat="22.7191890" lon="120.3125600">
    <ele>20.2</ele>
    <time>2026-08-17T08:01:20Z</time>
   </trkpt>
   <trkpt lat="22.7191820" lon="120.3125700">
    <ele>20.2</ele>
    <time>2026-08-17T08:01:21Z</time>
   </trkpt>
   <trkpt lat="22.7191780" lon="120.3125760">
    <ele>20.2</ele>
    <time>2026-08-17T08:01:22Z</time>
   </trkpt>
   <trkpt lat="22.7191720" lon="120.3125830">
    <ele>20.2</ele>
    <time>2026-08-17T08:01:23Z</time>
   </trkpt>
   <trkpt lat="22.7191660" lon="120.3125900">
    <ele>20.2</ele>
    <time>2026-08-17T08:01:24Z</time>
   </trkpt>
   <trkpt lat="22.7191580" lon="120.3125950">
    <ele>20.1</ele>
    <time>2026-08-17T08:01:25Z</time>
   </trkpt>
   <trkpt lat="22.7191530" lon="120.3126030">
    <ele>20.1</ele>
    <time>2026-08-17T08:01:26Z</time>
   </trkpt>
   <trkpt lat="22.7191490" lon="120.3126070">
    <ele>20.1</ele>
    <time>2026-08-17T08:01:27Z</time>
   </trkpt>
   <trkpt lat="22.7191450" lon="120.3126170">
    <ele>20.1</ele>
    <time>2026-08-17T08:01:28Z</time>
   </trkpt>
   <trkpt lat="22.7191400" lon="120.3126240">
    <ele>20.1</ele>
    <time>2026-08-17T08:01:29Z</time>
   </trkpt>
   <trkpt lat="22.7191320" lon="120.3126350">
    <ele>20.1</ele>
    <time>2026-08-17T08:01:30Z</time>
   </trkpt>
   <trkpt lat="22.7191230" lon="120.3126390">
    <ele>20.1</ele>
    <time>2026-08-17T08:01:31Z</time>
   </trkpt>
   <trkpt lat="22.7191180" lon="120.3126440">
    <ele>20.1</ele>
    <time>2026-08-17T08:01:32Z</time>
   </trkpt>
   <trkpt lat="22.7191180" lon="120.3126490">
    <ele>20.1</ele>
    <time>2026-08-17T08:01:33Z</time>
   </trkpt>
   <trkpt lat="22.7191130" lon="120.3126540">
    <ele>20.1</ele>
    <time>2026-08-17T08:01:34Z</time>
   </trkpt>
   <trkpt lat="22.7191080" lon="120.3126650">
    <ele>20.1</ele>
    <time>2026-08-17T08:01:35Z</time>
   </trkpt>
   <trkpt lat="22.7191040" lon="120.3126740">
    <ele>20.0</ele>
    <time>2026-08-17T08:01:36Z</time>
   </trkpt>
   <trkpt lat="22.7190990" lon="120.3126830">
    <ele>20.0</ele>
    <time>2026-08-17T08:01:37Z</time>
   </trkpt>
   <trkpt lat="22.7190960" lon="120.3126890">
    <ele>20.0</ele>
    <time>2026-08-17T08:01:39Z</time>
   </trkpt>
   <trkpt lat="22.7190930" lon="120.3126970">
    <ele>20.0</ele>
    <time>2026-08-17T08:01:40Z</time>
   </trkpt>
   <trkpt lat="22.7190790" lon="120.3127070">
    <ele>20.0</ele>
    <time>2026-08-17T08:01:41Z</time>
   </trkpt>
   <trkpt lat="22.7190710" lon="120.3127130">
    <ele>20.0</ele>
    <time>2026-08-17T08:01:42Z</time>
   </trkpt>
   <trkpt lat="22.7190700" lon="120.3127200">
    <ele>20.0</ele>
    <time>2026-08-17T08:01:43Z</time>
   </trkpt>
   <trkpt lat="22.7190620" lon="120.3127270">
    <ele>20.0</ele>
    <time>2026-08-17T08:01:44Z</time>
   </trkpt>
   <trkpt lat="22.7190630" lon="120.3127350">
    <ele>20.0</ele>
    <time>2026-08-17T08:01:45Z</time>
   </trkpt>
   <trkpt lat="22.7190620" lon="120.3127440">
    <ele>20.0</ele>
    <time>2026-08-17T08:01:46Z</time>
   </trkpt>
   <trkpt lat="22.7190570" lon="120.3127530">
    <ele>20.0</ele>
    <time>2026-08-17T08:01:47Z</time>
   </trkpt>
   <trkpt lat="22.7190560" lon="120.3127630">
    <ele>20.0</ele>
    <time>2026-08-17T08:01:48Z</time>
   </trkpt>
   <trkpt lat="22.7190520" lon="120.3127740">
    <ele>19.9</ele>
    <time>2026-08-17T08:01:49Z</time>
   </trkpt>
   <trkpt lat="22.7190470" lon="120.3127830">
    <ele>19.9</ele>
    <time>2026-08-17T08:01:50Z</time>
   </trkpt>
   <trkpt lat="22.7190470" lon="120.3127860">
    <ele>19.9</ele>
    <time>2026-08-17T08:01:51Z</time>
   </trkpt>
   <trkpt lat="22.7190470" lon="120.3127970">
    <ele>19.9</ele>
    <time>2026-08-17T08:01:52Z</time>
   </trkpt>
   <trkpt lat="22.7190440" lon="120.3128060">
    <ele>19.9</ele>
    <time>2026-08-17T08:01:53Z</time>
   </trkpt>
   <trkpt lat="22.7190430" lon="120.3128140">
    <ele>19.9</ele>
    <time>2026-08-17T08:01:54Z</time>
   </trkpt>
   <trkpt lat="22.7190400" lon="120.3128220">
    <ele>19.9</ele>
    <time>2026-08-17T08:01:55Z</time>
   </trkpt>
   <trkpt lat="22.7190400" lon="120.3128320">
    <ele>19.9</ele>
    <time>2026-08-17T08:01:56Z</time>
   </trkpt>
   <trkpt lat="22.7190420" lon="120.3128440">
    <ele>19.9</ele>
    <time>2026-08-17T08:01:57Z</time>
   </trkpt>
   <trkpt lat="22.7190410" lon="120.3128540">
    <ele>19.9</ele>
    <time>2026-08-17T08:01:58Z</time>
   </trkpt>
   <trkpt lat="22.7190400" lon="120.3128610">
    <ele>19.9</ele>
    <time>2026-08-17T08:01:59Z</time>
   </trkpt>
   <trkpt lat="22.7190400" lon="120.3128690">
    <ele>19.9</ele>
    <time>2026-08-17T08:02:00Z</time>
   </trkpt>
   <trkpt lat="22.7190380" lon="120.3128810">
    <ele>19.9</ele>
    <time>2026-08-17T08:02:01Z</time>
   </trkpt>
   <trkpt lat="22.7190360" lon="120.3128900">
    <ele>19.9</ele>
    <time>2026-08-17T08:02:02Z</time>
   </trkpt>
   <trkpt lat="22.7190350" lon="120.3128980">
    <ele>19.9</ele>
    <time>2026-08-17T08:02:03Z</time>
   </trkpt>
   <trkpt lat="22.7190370" lon="120.3129010">
    <ele>19.9</ele>
    <time>2026-08-17T08:02:04Z</time>
   </trkpt>
   <trkpt lat="22.7190400" lon="120.3129060">
    <ele>19.9</ele>
    <time>2026-08-17T08:02:05Z</time>
   </trkpt>
   <trkpt lat="22.7190330" lon="120.3129220">
    <ele>19.9</ele>
    <time>2026-08-17T08:02:06Z</time>
   </trkpt>
   <trkpt lat="22.7190290" lon="120.3129270">
    <ele>19.9</ele>
    <time>2026-08-17T08:02:07Z</time>
   </trkpt>
   <trkpt lat="22.7190260" lon="120.3129310">
    <ele>19.9</ele>
    <time>2026-08-17T08:02:08Z</time>
   </trkpt>
   <trkpt lat="22.7190250" lon="120.3129350">
    <ele>19.9</ele>
    <time>2026-08-17T08:02:09Z</time>
   </trkpt>
   <trkpt lat="22.7190240" lon="120.3129420">
    <ele>19.9</ele>
    <time>2026-08-17T08:02:10Z</time>
   </trkpt>
   <trkpt lat="22.7190220" lon="120.3129440">
    <ele>19.9</ele>
    <time>2026-08-17T08:02:11Z</time>
   </trkpt>
   <trkpt lat="22.7190230" lon="120.3129490">
    <ele>19.9</ele>
    <time>2026-08-17T08:02:12Z</time>
   </trkpt>
   <trkpt lat="22.7190290" lon="120.3129550">
    <ele>19.9</ele>
    <time>2026-08-17T08:02:13Z</time>
   </trkpt>
   <trkpt lat="22.7190290" lon="120.3129550">
    <ele>19.9</ele>
    <time>2026-08-17T08:02:14Z</time>
   </trkpt>
   <trkpt lat="22.7190320" lon="120.3129610">
    <ele>19.9</ele>
    <time>2026-08-17T08:02:15Z</time>
   </trkpt>
   <trkpt lat="22.7190340" lon="120.3129640">
    <ele>19.9</ele>
    <time>2026-08-17T08:02:16Z</time>
   </trkpt>
   <trkpt lat="22.7190340" lon="120.3129680">
    <ele>19.9</ele>
    <time>2026-08-17T08:02:17Z</time>
   </trkpt>
   <trkpt lat="22.7190340" lon="120.3129680">
    <ele>19.9</ele>
    <time>2026-08-17T08:02:18Z</time>
   </trkpt>
   <trkpt lat="22.7190340" lon="120.3129680">
    <ele>19.9</ele>
    <time>2026-08-17T08:02:19Z</time>
   </trkpt>
   <trkpt lat="22.7190340" lon="120.3129680">
    <ele>19.9</ele>
    <time>2026-08-17T08:02:20Z</time>
   </trkpt>
   <trkpt lat="22.7190340" lon="120.3129680">
    <ele>19.9</ele>
    <time>2026-08-17T08:02:21Z</time>
   </trkpt>
   <trkpt lat="22.7190290" lon="120.3129620">
    <ele>19.9</ele>
    <time>2026-08-17T08:02:22Z</time>
   </trkpt>
   <trkpt lat="22.7190290" lon="120.3129610">
    <ele>19.9</ele>
    <time>2026-08-17T08:02:23Z</time>
   </trkpt>
   <trkpt lat="22.7190280" lon="120.3129620">
    <ele>19.9</ele>
    <time>2026-08-17T08:02:24Z</time>
   </trkpt>
   <trkpt lat="22.7190280" lon="120.3129620">
    <ele>19.9</ele>
    <time>2026-08-17T08:02:25Z</time>
   </trkpt>
   <trkpt lat="22.7190290" lon="120.3129610">
    <ele>19.9</ele>
    <time>2026-08-17T08:02:26Z</time>
   </trkpt>
   <trkpt lat="22.7190280" lon="120.3129610">
    <ele>19.9</ele>
    <time>2026-08-17T08:02:27Z</time>
   </trkpt>
   <trkpt lat="22.7190310" lon="120.3129630">
    <ele>19.9</ele>
    <time>2026-08-17T08:02:28Z</time>
   </trkpt>
   <trkpt lat="22.7190360" lon="120.3129650">
    <ele>19.9</ele>
    <time>2026-08-17T08:02:29Z</time>
   </trkpt>
   <trkpt lat="22.7190370" lon="120.3129640">
    <ele>19.9</ele>
    <time>2026-08-17T08:02:30Z</time>
   </trkpt>
   <trkpt lat="22.7190380" lon="120.3129650">
    <ele>19.9</ele>
    <time>2026-08-17T08:02:31Z</time>
   </trkpt>
   <trkpt lat="22.7190360" lon="120.3129620">
    <ele>19.9</ele>
    <time>2026-08-17T08:02:32Z</time>
   </trkpt>
   <trkpt lat="22.7190380" lon="120.3129630">
    <ele>19.9</ele>
    <time>2026-08-17T08:02:33Z</time>
   </trkpt>
   <trkpt lat="22.7190380" lon="120.3129610">
    <ele>19.9</ele>
    <time>2026-08-17T08:02:34Z</time>
   </trkpt>
   <trkpt lat="22.7190350" lon="120.3129600">
    <ele>19.9</ele>
    <time>2026-08-17T08:02:35Z</time>
   </trkpt>
   <trkpt lat="22.7190300" lon="120.3129600">
    <ele>19.9</ele>
    <time>2026-08-17T08:02:36Z</time>
   </trkpt>
   <trkpt lat="22.7190300" lon="120.3129600">
    <ele>19.9</ele>
    <time>2026-08-17T08:02:37Z</time>
   </trkpt>
   <trkpt lat="22.7190300" lon="120.3129580">
    <ele>19.9</ele>
    <time>2026-08-17T08:02:38Z</time>
   </trkpt>
   <trkpt lat="22.7190320" lon="120.3129580">
    <ele>19.9</ele>
    <time>2026-08-17T08:02:39Z</time>
   </trkpt>
   <trkpt lat="22.7190340" lon="120.3129570">
    <ele>19.9</ele>
    <time>2026-08-17T08:02:40Z</time>
   </trkpt>
   <trkpt lat="22.7190280" lon="120.3129520">
    <ele>19.9</ele>
    <time>2026-08-17T08:02:41Z</time>
   </trkpt>
   <trkpt lat="22.7190280" lon="120.3129540">
    <ele>19.9</ele>
    <time>2026-08-17T08:02:42Z</time>
   </trkpt>
   <trkpt lat="22.7190300" lon="120.3129550">
    <ele>19.9</ele>
    <time>2026-08-17T08:02:43Z</time>
   </trkpt>
   <trkpt lat="22.7190280" lon="120.3129530">
    <ele>19.9</ele>
    <time>2026-08-17T08:02:44Z</time>
   </trkpt>
   <trkpt lat="22.7190240" lon="120.3129560">
    <ele>19.9</ele>
    <time>2026-08-17T08:02:45Z</time>
   </trkpt>
   <trkpt lat="22.7190250" lon="120.3129560">
    <ele>19.9</ele>
    <time>2026-08-17T08:02:46Z</time>
   </trkpt>
   <trkpt lat="22.7190270" lon="120.3129580">
    <ele>19.9</ele>
    <time>2026-08-17T08:02:47Z</time>
   </trkpt>
   <trkpt lat="22.7190270" lon="120.3129580">
    <ele>19.9</ele>
    <time>2026-08-17T08:02:48Z</time>
   </trkpt>
   <trkpt lat="22.7190270" lon="120.3129580">
    <ele>19.9</ele>
    <time>2026-08-17T08:02:49Z</time>
   </trkpt>
   <trkpt lat="22.7190260" lon="120.3129540">
    <ele>19.9</ele>
    <time>2026-08-17T08:02:50Z</time>
   </trkpt>
   <trkpt lat="22.7190270" lon="120.3129540">
    <ele>19.9</ele>
    <time>2026-08-17T08:02:51Z</time>
   </trkpt>
   <trkpt lat="22.7190270" lon="120.3129540">
    <ele>19.9</ele>
    <time>2026-08-17T08:02:53Z</time>
   </trkpt>
   <trkpt lat="22.7190270" lon="120.3129540">
    <ele>19.9</ele>
    <time>2026-08-17T08:02:54Z</time>
   </trkpt>
   <trkpt lat="22.7190250" lon="120.3129500">
    <ele>19.9</ele>
    <time>2026-08-17T08:02:55Z</time>
   </trkpt>
   <trkpt lat="22.7190260" lon="120.3129500">
    <ele>19.9</ele>
    <time>2026-08-17T08:02:56Z</time>
   </trkpt>
   <trkpt lat="22.7190260" lon="120.3129500">
    <ele>19.9</ele>
    <time>2026-08-17T08:02:57Z</time>
   </trkpt>
   <trkpt lat="22.7190260" lon="120.3129500">
    <ele>19.9</ele>
    <time>2026-08-17T08:02:58Z</time>
   </trkpt>
   <trkpt lat="22.7190280" lon="120.3129450">
    <ele>19.9</ele>
    <time>2026-08-17T08:02:59Z</time>
   </trkpt>
   <trkpt lat="22.7190230" lon="120.3129480">
    <ele>19.9</ele>
    <time>2026-08-17T08:03:00Z</time>
   </trkpt>
   <trkpt lat="22.7190240" lon="120.3129490">
    <ele>19.9</ele>
    <time>2026-08-17T08:03:01Z</time>
   </trkpt>
   <trkpt lat="22.7190240" lon="120.3129490">
    <ele>19.9</ele>
    <time>2026-08-17T08:03:02Z</time>
   </trkpt>
   <trkpt lat="22.7190250" lon="120.3129520">
    <ele>19.9</ele>
    <time>2026-08-17T08:03:03Z</time>
   </trkpt>
   <trkpt lat="22.7190260" lon="120.3129520">
    <ele>19.9</ele>
    <time>2026-08-17T08:03:04Z</time>
   </trkpt>
   <trkpt lat="22.7190260" lon="120.3129520">
    <ele>19.9</ele>
    <time>2026-08-17T08:03:05Z</time>
   </trkpt>
   <trkpt lat="22.7190260" lon="120.3129520">
    <ele>19.9</ele>
    <time>2026-08-17T08:03:06Z</time>
   </trkpt>
   <trkpt lat="22.7190260" lon="120.3129520">
    <ele>19.9</ele>
    <time>2026-08-17T08:03:07Z</time>
   </trkpt>
   <trkpt lat="22.7190260" lon="120.3129520">
    <ele>19.9</ele>
    <time>2026-08-17T08:03:08Z</time>
   </trkpt>
   <trkpt lat="22.7190260" lon="120.3129520">
    <ele>19.9</ele>
    <time>2026-08-17T08:03:09Z</time>
   </trkpt>
   <trkpt lat="22.7190260" lon="120.3129520">
    <ele>19.9</ele>
    <time>2026-08-17T08:03:10Z</time>
   </trkpt>
   <trkpt lat="22.7190260" lon="120.3129520">
    <ele>19.9</ele>
    <time>2026-08-17T08:03:11Z</time>
   </trkpt>
   <trkpt lat="22.7190240" lon="120.3129440">
    <ele>19.9</ele>
    <time>2026-08-17T08:03:12Z</time>
   </trkpt>
   <trkpt lat="22.7190240" lon="120.3129440">
    <ele>19.9</ele>
    <time>2026-08-17T08:03:13Z</time>
   </trkpt>
   <trkpt lat="22.7190240" lon="120.3129440">
    <ele>19.9</ele>
    <time>2026-08-17T08:03:14Z</time>
   </trkpt>
   <trkpt lat="22.7190240" lon="120.3129440">
    <ele>19.9</ele>
    <time>2026-08-17T08:03:15Z</time>
   </trkpt>
   <trkpt lat="22.7190240" lon="120.3129440">
    <ele>19.9</ele>
    <time>2026-08-17T08:03:16Z</time>
   </trkpt>
   <trkpt lat="22.7190240" lon="120.3129440">
    <ele>19.9</ele>
    <time>2026-08-17T08:03:17Z</time>
   </trkpt>
   <trkpt lat="22.7190240" lon="120.3129440">
    <ele>19.9</ele>
    <time>2026-08-17T08:03:18Z</time>
   </trkpt>
   <trkpt lat="22.7190240" lon="120.3129440">
    <ele>19.9</ele>
    <time>2026-08-17T08:03:19Z</time>
   </trkpt>
   <trkpt lat="22.7190240" lon="120.3129440">
    <ele>19.9</ele>
    <time>2026-08-17T08:03:20Z</time>
   </trkpt>
   <trkpt lat="22.7190240" lon="120.3129440">
    <ele>19.9</ele>
    <time>2026-08-17T08:03:21Z</time>
   </trkpt>
   <trkpt lat="22.7190130" lon="120.3129400">
    <ele>19.9</ele>
    <time>2026-08-17T08:03:22Z</time>
   </trkpt>
   <trkpt lat="22.7190130" lon="120.3129400">
    <ele>19.9</ele>
    <time>2026-08-17T08:03:23Z</time>
   </trkpt>
   <trkpt lat="22.7190130" lon="120.3129400">
    <ele>19.9</ele>
    <time>2026-08-17T08:03:24Z</time>
   </trkpt>
   <trkpt lat="22.7190130" lon="120.3129400">
    <ele>19.9</ele>
    <time>2026-08-17T08:03:25Z</time>
   </trkpt>
   <trkpt lat="22.7190130" lon="120.3129400">
    <ele>19.9</ele>
    <time>2026-08-17T08:03:26Z</time>
   </trkpt>
   <trkpt lat="22.7190130" lon="120.3129400">
    <ele>19.9</ele>
    <time>2026-08-17T08:03:27Z</time>
   </trkpt>
   <trkpt lat="22.7190080" lon="120.3129320">
    <ele>19.9</ele>
    <time>2026-08-17T08:03:28Z</time>
   </trkpt>
   <trkpt lat="22.7190070" lon="120.3129320">
    <ele>19.9</ele>
    <time>2026-08-17T08:03:29Z</time>
   </trkpt>
   <trkpt lat="22.7190070" lon="120.3129330">
    <ele>19.9</ele>
    <time>2026-08-17T08:03:30Z</time>
   </trkpt>
   <trkpt lat="22.7190080" lon="120.3129310">
    <ele>19.9</ele>
    <time>2026-08-17T08:03:31Z</time>
   </trkpt>
   <trkpt lat="22.7190080" lon="120.3129310">
    <ele>19.9</ele>
    <time>2026-08-17T08:03:32Z</time>
   </trkpt>
   <trkpt lat="22.7190080" lon="120.3129310">
    <ele>19.9</ele>
    <time>2026-08-17T08:03:33Z</time>
   </trkpt>
   <trkpt lat="22.7190080" lon="120.3129310">
    <ele>19.9</ele>
    <time>2026-08-17T08:03:34Z</time>
   </trkpt>
   <trkpt lat="22.7190080" lon="120.3129300">
    <ele>19.9</ele>
    <time>2026-08-17T08:03:35Z</time>
   </trkpt>
   <trkpt lat="22.7190080" lon="120.3129300">
    <ele>19.9</ele>
    <time>2026-08-17T08:03:36Z</time>
   </trkpt>
   <trkpt lat="22.7190080" lon="120.3129320">
    <ele>19.9</ele>
    <time>2026-08-17T08:03:37Z</time>
   </trkpt>
   <trkpt lat="22.7190090" lon="120.3129320">
    <ele>19.9</ele>
    <time>2026-08-17T08:03:38Z</time>
   </trkpt>
   <trkpt lat="22.7190080" lon="120.3129320">
    <ele>19.9</ele>
    <time>2026-08-17T08:03:39Z</time>
   </trkpt>
   <trkpt lat="22.7190070" lon="120.3129330">
    <ele>19.9</ele>
    <time>2026-08-17T08:03:40Z</time>
   </trkpt>
   <trkpt lat="22.7190070" lon="120.3129330">
    <ele>19.9</ele>
    <time>2026-08-17T08:03:41Z</time>
   </trkpt>
   <trkpt lat="22.7190070" lon="120.3129340">
    <ele>19.9</ele>
    <time>2026-08-17T08:03:42Z</time>
   </trkpt>
   <trkpt lat="22.7190070" lon="120.3129340">
    <ele>19.9</ele>
    <time>2026-08-17T08:03:43Z</time>
   </trkpt>
   <trkpt lat="22.7190070" lon="120.3129360">
    <ele>19.9</ele>
    <time>2026-08-17T08:03:44Z</time>
   </trkpt>
   <trkpt lat="22.7190070" lon="120.3129350">
    <ele>19.9</ele>
    <time>2026-08-17T08:03:45Z</time>
   </trkpt>
   <trkpt lat="22.7190070" lon="120.3129370">
    <ele>19.9</ele>
    <time>2026-08-17T08:03:46Z</time>
   </trkpt>
   <trkpt lat="22.7190070" lon="120.3129370">
    <ele>19.9</ele>
    <time>2026-08-17T08:03:47Z</time>
   </trkpt>
   <trkpt lat="22.7190070" lon="120.3129370">
    <ele>19.9</ele>
    <time>2026-08-17T08:03:48Z</time>
   </trkpt>
   <trkpt lat="22.7190070" lon="120.3129370">
    <ele>19.9</ele>
    <time>2026-08-17T08:03:49Z</time>
   </trkpt>
   <trkpt lat="22.7190070" lon="120.3129370">
    <ele>19.9</ele>
    <time>2026-08-17T08:03:50Z</time>
   </trkpt>
   <trkpt lat="22.7190070" lon="120.3129370">
    <ele>19.9</ele>
    <time>2026-08-17T08:03:51Z</time>
   </trkpt>
   <trkpt lat="22.7190070" lon="120.3129380">
    <ele>19.9</ele>
    <time>2026-08-17T08:03:52Z</time>
   </trkpt>
   <trkpt lat="22.7190070" lon="120.3129370">
    <ele>19.9</ele>
    <time>2026-08-17T08:03:53Z</time>
   </trkpt>
   <trkpt lat="22.7190070" lon="120.3129380">
    <ele>19.9</ele>
    <time>2026-08-17T08:03:54Z</time>
   </trkpt>
   <trkpt lat="22.7190080" lon="120.3129380">
    <ele>19.9</ele>
    <time>2026-08-17T08:03:55Z</time>
   </trkpt>
   <trkpt lat="22.7190080" lon="120.3129380">
    <ele>19.9</ele>
    <time>2026-08-17T08:03:56Z</time>
   </trkpt>
   <trkpt lat="22.7190080" lon="120.3129380">
    <ele>19.9</ele>
    <time>2026-08-17T08:03:57Z</time>
   </trkpt>
   <trkpt lat="22.7190080" lon="120.3129380">
    <ele>19.9</ele>
    <time>2026-08-17T08:03:58Z</time>
   </trkpt>
   <trkpt lat="22.7190100" lon="120.3129380">
    <ele>19.9</ele>
    <time>2026-08-17T08:03:59Z</time>
   </trkpt>
   <trkpt lat="22.7190110" lon="120.3129400">
    <ele>19.9</ele>
    <time>2026-08-17T08:04:00Z</time>
   </trkpt>
   <trkpt lat="22.7190110" lon="120.3129400">
    <ele>19.9</ele>
    <time>2026-08-17T08:04:01Z</time>
   </trkpt>
   <trkpt lat="22.7190110" lon="120.3129400">
    <ele>19.9</ele>
    <time>2026-08-17T08:04:02Z</time>
   </trkpt>
   <trkpt lat="22.7190110" lon="120.3129400">
    <ele>19.9</ele>
    <time>2026-08-17T08:04:03Z</time>
   </trkpt>
   <trkpt lat="22.7190110" lon="120.3129400">
    <ele>19.9</ele>
    <time>2026-08-17T08:04:04Z</time>
   </trkpt>
   <trkpt lat="22.7190110" lon="120.3129400">
    <ele>19.9</ele>
    <time>2026-08-17T08:04:05Z</time>
   </trkpt>
   <trkpt lat="22.7190110" lon="120.3129400">
    <ele>19.9</ele>
    <time>2026-08-17T08:04:06Z</time>
   </trkpt>
   <trkpt lat="22.7190160" lon="120.3129420">
    <ele>19.9</ele>
    <time>2026-08-17T08:04:07Z</time>
   </trkpt>
   <trkpt lat="22.7190150" lon="120.3129420">
    <ele>19.9</ele>
    <time>2026-08-17T08:04:08Z</time>
   </trkpt>
   <trkpt lat="22.7190160" lon="120.3129420">
    <ele>19.9</ele>
    <time>2026-08-17T08:04:09Z</time>
   </trkpt>
   <trkpt lat="22.7190160" lon="120.3129420">
    <ele>19.9</ele>
    <time>2026-08-17T08:04:10Z</time>
   </trkpt>
   <trkpt lat="22.7190160" lon="120.3129420">
    <ele>19.9</ele>
    <time>2026-08-17T08:04:11Z</time>
   </trkpt>
   <trkpt lat="22.7190170" lon="120.3129430">
    <ele>19.9</ele>
    <time>2026-08-17T08:04:12Z</time>
   </trkpt>
   <trkpt lat="22.7190170" lon="120.3129430">
    <ele>19.9</ele>
    <time>2026-08-17T08:04:13Z</time>
   </trkpt>
   <trkpt lat="22.7190170" lon="120.3129430">
    <ele>19.9</ele>
    <time>2026-08-17T08:04:14Z</time>
   </trkpt>
   <trkpt lat="22.7190150" lon="120.3129420">
    <ele>19.9</ele>
    <time>2026-08-17T08:04:15Z</time>
   </trkpt>
   <trkpt lat="22.7190160" lon="120.3129420">
    <ele>19.9</ele>
    <time>2026-08-17T08:04:16Z</time>
   </trkpt>
   <trkpt lat="22.7190160" lon="120.3129440">
    <ele>19.9</ele>
    <time>2026-08-17T08:04:17Z</time>
   </trkpt>
   <trkpt lat="22.7190170" lon="120.3129440">
    <ele>19.9</ele>
    <time>2026-08-17T08:04:18Z</time>
   </trkpt>
   <trkpt lat="22.7190170" lon="120.3129440">
    <ele>19.9</ele>
    <time>2026-08-17T08:04:19Z</time>
   </trkpt>
   <trkpt lat="22.7190170" lon="120.3129440">
    <ele>19.9</ele>
    <time>2026-08-17T08:04:20Z</time>
   </trkpt>
   <trkpt lat="22.7190170" lon="120.3129440">
    <ele>19.9</ele>
    <time>2026-08-17T08:04:21Z</time>
   </trkpt>
   <trkpt lat="22.7190170" lon="120.3129440">
    <ele>19.9</ele>
    <time>2026-08-17T08:04:22Z</time>
   </trkpt>
   <trkpt lat="22.7190170" lon="120.3129440">
    <ele>19.9</ele>
    <time>2026-08-17T08:04:23Z</time>
   </trkpt>
   <trkpt lat="22.7190170" lon="120.3129440">
    <ele>19.9</ele>
    <time>2026-08-17T08:04:24Z</time>
   </trkpt>
   <trkpt lat="22.7190170" lon="120.3129440">
    <ele>19.9</ele>
    <time>2026-08-17T08:04:25Z</time>
   </trkpt>
   <trkpt lat="22.7190170" lon="120.3129440">
    <ele>19.9</ele>
    <time>2026-08-17T08:04:26Z</time>
   </trkpt>
   <trkpt lat="22.7190160" lon="120.3129500">
    <ele>19.9</ele>
    <time>2026-08-17T08:04:27Z</time>
   </trkpt>
   <trkpt lat="22.7190170" lon="120.3129500">
    <ele>19.9</ele>
    <time>2026-08-17T08:04:28Z</time>
   </trkpt>
   <trkpt lat="22.7190170" lon="120.3129500">
    <ele>19.9</ele>
    <time>2026-08-17T08:04:29Z</time>
   </trkpt>
   <trkpt lat="22.7190170" lon="120.3129500">
    <ele>19.9</ele>
    <time>2026-08-17T08:04:30Z</time>
   </trkpt>
   <trkpt lat="22.7190170" lon="120.3129500">
    <ele>19.9</ele>
    <time>2026-08-17T08:04:31Z</time>
   </trkpt>
   <trkpt lat="22.7190180" lon="120.3129560">
    <ele>19.9</ele>
    <time>2026-08-17T08:04:32Z</time>
   </trkpt>
   <trkpt lat="22.7190180" lon="120.3129560">
    <ele>19.9</ele>
    <time>2026-08-17T08:04:33Z</time>
   </trkpt>
   <trkpt lat="22.7190180" lon="120.3129560">
    <ele>19.9</ele>
    <time>2026-08-17T08:04:34Z</time>
   </trkpt>
   <trkpt lat="22.7190180" lon="120.3129560">
    <ele>19.9</ele>
    <time>2026-08-17T08:04:35Z</time>
   </trkpt>
   <trkpt lat="22.7190210" lon="120.3129580">
    <ele>19.9</ele>
    <time>2026-08-17T08:04:36Z</time>
   </trkpt>
   <trkpt lat="22.7190220" lon="120.3129580">
    <ele>19.9</ele>
    <time>2026-08-17T08:04:37Z</time>
   </trkpt>
   <trkpt lat="22.7190220" lon="120.3129580">
    <ele>19.9</ele>
    <time>2026-08-17T08:04:38Z</time>
   </trkpt>
   <trkpt lat="22.7190230" lon="120.3129560">
    <ele>19.9</ele>
    <time>2026-08-17T08:04:39Z</time>
   </trkpt>
   <trkpt lat="22.7190240" lon="120.3129560">
    <ele>19.9</ele>
    <time>2026-08-17T08:04:40Z</time>
   </trkpt>
   <trkpt lat="22.7190240" lon="120.3129560">
    <ele>19.9</ele>
    <time>2026-08-17T08:04:41Z</time>
   </trkpt>
   <trkpt lat="22.7190240" lon="120.3129560">
    <ele>19.9</ele>
    <time>2026-08-17T08:04:42Z</time>
   </trkpt>
   <trkpt lat="22.7190190" lon="120.3129620">
    <ele>19.9</ele>
    <time>2026-08-17T08:04:43Z</time>
   </trkpt>
   <trkpt lat="22.7190190" lon="120.3129620">
    <ele>19.9</ele>
    <time>2026-08-17T08:04:44Z</time>
   </trkpt>
   <trkpt lat="22.7190140" lon="120.3129630">
    <ele>19.9</ele>
    <time>2026-08-17T08:04:45Z</time>
   </trkpt>
   <trkpt lat="22.7190100" lon="120.3129640">
    <ele>19.9</ele>
    <time>2026-08-17T08:04:46Z</time>
   </trkpt>
   <trkpt lat="22.7190110" lon="120.3129640">
    <ele>19.9</ele>
    <time>2026-08-17T08:04:47Z</time>
   </trkpt>
   <trkpt lat="22.7190110" lon="120.3129640">
    <ele>19.9</ele>
    <time>2026-08-17T08:04:48Z</time>
   </trkpt>
   <trkpt lat="22.7190160" lon="120.3129580">
    <ele>19.9</ele>
    <time>2026-08-17T08:04:49Z</time>
   </trkpt>
   <trkpt lat="22.7190180" lon="120.3129570">
    <ele>19.9</ele>
    <time>2026-08-17T08:04:50Z</time>
   </trkpt>
   <trkpt lat="22.7190180" lon="120.3129550">
    <ele>19.9</ele>
    <time>2026-08-17T08:04:51Z</time>
   </trkpt>
   <trkpt lat="22.7190190" lon="120.3129540">
    <ele>19.9</ele>
    <time>2026-08-17T08:04:52Z</time>
   </trkpt>
   <trkpt lat="22.7190190" lon="120.3129540">
    <ele>19.9</ele>
    <time>2026-08-17T08:04:53Z</time>
   </trkpt>
   <trkpt lat="22.7190190" lon="120.3129540">
    <ele>19.9</ele>
    <time>2026-08-17T08:04:54Z</time>
   </trkpt>
   <trkpt lat="22.7190190" lon="120.3129540">
    <ele>19.9</ele>
    <time>2026-08-17T08:04:55Z</time>
   </trkpt>
   <trkpt lat="22.7190190" lon="120.3129540">
    <ele>19.9</ele>
    <time>2026-08-17T08:04:56Z</time>
   </trkpt>
   <trkpt lat="22.7190270" lon="120.3129450">
    <ele>19.9</ele>
    <time>2026-08-17T08:04:57Z</time>
   </trkpt>
   <trkpt lat="22.7190270" lon="120.3129450">
    <ele>19.9</ele>
    <time>2026-08-17T08:04:58Z</time>
   </trkpt>
   <trkpt lat="22.7190270" lon="120.3129450">
    <ele>19.9</ele>
    <time>2026-08-17T08:04:59Z</time>
   </trkpt>
   <trkpt lat="22.7190220" lon="120.3129450">
    <ele>19.9</ele>
    <time>2026-08-17T08:05:00Z</time>
   </trkpt>
   <trkpt lat="22.7190220" lon="120.3129450">
    <ele>19.9</ele>
    <time>2026-08-17T08:05:01Z</time>
   </trkpt>
   <trkpt lat="22.7190180" lon="120.3129410">
    <ele>19.9</ele>
    <time>2026-08-17T08:05:02Z</time>
   </trkpt>
   <trkpt lat="22.7190180" lon="120.3129390">
    <ele>19.9</ele>
    <time>2026-08-17T08:05:03Z</time>
   </trkpt>
   <trkpt lat="22.7190200" lon="120.3129400">
    <ele>19.9</ele>
    <time>2026-08-17T08:05:04Z</time>
   </trkpt>
   <trkpt lat="22.7190210" lon="120.3129390">
    <ele>19.9</ele>
    <time>2026-08-17T08:05:05Z</time>
   </trkpt>
   <trkpt lat="22.7190200" lon="120.3129380">
    <ele>19.9</ele>
    <time>2026-08-17T08:05:06Z</time>
   </trkpt>
   <trkpt lat="22.7190210" lon="120.3129380">
    <ele>19.9</ele>
    <time>2026-08-17T08:05:07Z</time>
   </trkpt>
   <trkpt lat="22.7190230" lon="120.3129410">
    <ele>19.9</ele>
    <time>2026-08-17T08:05:08Z</time>
   </trkpt>
   <trkpt lat="22.7190210" lon="120.3129400">
    <ele>19.9</ele>
    <time>2026-08-17T08:05:09Z</time>
   </trkpt>
   <trkpt lat="22.7190210" lon="120.3129390">
    <ele>19.9</ele>
    <time>2026-08-17T08:05:10Z</time>
   </trkpt>
   <trkpt lat="22.7190210" lon="120.3129390">
    <ele>19.9</ele>
    <time>2026-08-17T08:05:11Z</time>
   </trkpt>
   <trkpt lat="22.7190220" lon="120.3129410">
    <ele>19.9</ele>
    <time>2026-08-17T08:05:12Z</time>
   </trkpt>
   <trkpt lat="22.7190180" lon="120.3129410">
    <ele>19.9</ele>
    <time>2026-08-17T08:05:13Z</time>
   </trkpt>
   <trkpt lat="22.7190220" lon="120.3129450">
    <ele>19.9</ele>
    <time>2026-08-17T08:05:14Z</time>
   </trkpt>
   <trkpt lat="22.7190210" lon="120.3129440">
    <ele>19.9</ele>
    <time>2026-08-17T08:05:15Z</time>
   </trkpt>
   <trkpt lat="22.7190210" lon="120.3129440">
    <ele>19.9</ele>
    <time>2026-08-17T08:05:16Z</time>
   </trkpt>
   <trkpt lat="22.7190200" lon="120.3129440">
    <ele>19.9</ele>
    <time>2026-08-17T08:05:17Z</time>
   </trkpt>
   <trkpt lat="22.7190190" lon="120.3129440">
    <ele>19.9</ele>
    <time>2026-08-17T08:05:18Z</time>
   </trkpt>
   <trkpt lat="22.7190190" lon="120.3129470">
    <ele>19.9</ele>
    <time>2026-08-17T08:05:19Z</time>
   </trkpt>
   <trkpt lat="22.7190200" lon="120.3129480">
    <ele>19.9</ele>
    <time>2026-08-17T08:05:21Z</time>
   </trkpt>
   <trkpt lat="22.7190200" lon="120.3129480">
    <ele>19.9</ele>
    <time>2026-08-17T08:05:22Z</time>
   </trkpt>
   <trkpt lat="22.7190200" lon="120.3129480">
    <ele>19.9</ele>
    <time>2026-08-17T08:05:23Z</time>
   </trkpt>
   <trkpt lat="22.7190200" lon="120.3129480">
    <ele>19.9</ele>
    <time>2026-08-17T08:05:24Z</time>
   </trkpt>
   <trkpt lat="22.7190200" lon="120.3129480">
    <ele>19.9</ele>
    <time>2026-08-17T08:05:25Z</time>
   </trkpt>
   <trkpt lat="22.7190230" lon="120.3129490">
    <ele>19.9</ele>
    <time>2026-08-17T08:05:26Z</time>
   </trkpt>
   <trkpt lat="22.7190230" lon="120.3129490">
    <ele>19.9</ele>
    <time>2026-08-17T08:05:27Z</time>
   </trkpt>
   <trkpt lat="22.7190230" lon="120.3129480">
    <ele>19.9</ele>
    <time>2026-08-17T08:05:28Z</time>
   </trkpt>
  </trkseg>
 </trk>
</gpx>
