<?xml version="1.0" encoding="UTF-8"?>
<gpx creator="StravaGPX" version="1.1" xmlns="http://www.topografix.com/GPX/1/1" xmlns:xsi="http://www.w3.org/2001/XMLSchema-instance" xsi:schemaLocation="http://www.topografix.com/GPX/1/1 http://www.topografix.com/GPX/1/1/gpx.xsd">
 <metadata>
  <time>2026-08-17T07:42:11Z</time>
 </metadata>
 <trk>
  <name>Afternoon Run</name>
  <type>running</type>
  <trkseg>
   <trkpt lat="22.7371520" lon="120.3303950">
    <ele>19.9</ele>
    <time>2026-08-17T07:42:11Z</time>
   </trkpt>
   <trkpt lat="22.7371510" lon="120.3303930">
    <ele>19.9</ele>
    <time>2026-08-17T07:42:17Z</time>
   </trkpt>
   <trkpt lat="22.7371700" lon="120.3304110">
    <ele>19.9</ele>
    <time>2026-08-17T07:42:18Z</time>
   </trkpt>
   <trkpt lat="22.7371800" lon="120.3304120">
    <ele>19.9</ele>
    <time>2026-08-17T07:42:20Z</time>
   </trkpt>
   <trkpt lat="22.7371940" lon="120.3304150">
    <ele>19.9</ele>
    <time>2026-08-17T07:42:21Z</time>
   </trkpt>
   <trkpt lat="22.7372160" lon="120.3304200">
    <ele>19.8</ele>
    <time>2026-08-17T07:42:23Z</time>
   </trkpt>
   <trkpt lat="22.7372110" lon="120.3304230">
    <ele>19.8</ele>
    <time>2026-08-17T07:42:24Z</time>
   </trkpt>
   <trkpt lat="22.7372180" lon="120.3304240">
    <ele>19.8</ele>
    <time>2026-08-17T07:42:26Z</time>
   </trkpt>
   <trkpt lat="22.7372310" lon="120.3304210">
    <ele>19.8</ele>
    <time>2026-08-17T07:42:27Z</time>
   </trkpt>
   <trkpt lat="22.7372440" lon="120.3304140">
    <ele>19.8</ele>
    <time>2026-08-17T07:42:28Z</time>
   </trkpt>
   <trkpt lat="22.7372570" lon="120.3304080">
    <ele>19.8</ele>
    <time>2026-08-17T07:42:29Z</time>
   </trkpt>
   <trkpt lat="22.7372530" lon="120.3303930">
    <ele>19.8</ele>
    <time>2026-08-17T07:42:31Z</time>
   </trkpt>
   <trkpt lat="22.7372590" lon="120.3303830">
    <ele>19.8</ele>
    <time>2026-08-17T07:42:32Z</time>
   </trkpt>
   <trkpt lat="22.7372690" lon="120.3303730">
    <ele>19.8</ele>
    <time>2026-08-17T07:42:33Z</time>
   </trkpt>
   <trkpt lat="22.7372760" lon="120.3303670">
    <ele>19.8</ele>
    <time>2026-08-17T07:42:34Z</time>
   </trkpt>
   <trkpt lat="22.7372610" lon="120.3303530">
    <ele>19.8</ele>
    <time>2026-08-17T07:42:36Z</time>
   </trkpt>
   <trkpt lat="22.7372690" lon="120.3303450">
    <ele>19.8</ele>
    <time>2026-08-17T07:42:37Z</time>
   </trkpt>
   <trkpt lat="22.7372790" lon="120.3303370">
    <ele>19.8</ele>
    <time>2026-08-17T07:42:38Z</time>
   </trkpt>
   <trkpt lat="22.7372880" lon="120.3303280">
    <ele>19.8</ele>
    <time>2026-08-17T07:42:39Z</time>
   </trkpt>
   <trkpt lat="22.7372800" lon="120.3303230">
    <ele>19.8</ele>
    <time>2026-08-17T07:42:41Z</time>
   </trkpt>
   <trkpt lat="22.7372820" lon="120.3303160">
    <ele>19.8</ele>
    <time>2026-08-17T07:42:42Z</time>
   </trkpt>
   <trkpt lat="22.7372920" lon="120.3303150">
    <ele>19.8</ele>
    <time>2026-08-17T07:42:43Z</time>
   </trkpt>
   <trkpt lat="22.7373040" lon="120.3303240">
    <ele>19.8</ele>
    <time>2026-08-17T07:42:44Z</time>
   </trkpt>
   <trkpt lat="22.7373240" lon="120.3303310">
    <ele>19.8</ele>
    <time>2026-08-17T07:42:46Z</time>
   </trkpt>
   <trkpt lat="22.7373540" lon="120.3303320">
    <ele>19.8</ele>
    <time>2026-08-17T07:42:47Z</time>
   </trkpt>
   <trkpt lat="22.7373570" lon="120.3303190">
    <ele>19.8</ele>
    <time>2026-08-17T07:42:49Z</time>
   </trkpt>
   <trkpt lat="22.7373690" lon="120.3303150">
    <ele>19.8</ele>
    <time>2026-08-17T07:42:51Z</time>
   </trkpt>
   <trkpt lat="22.7373980" lon="120.3303080">
    <ele>19.8</ele>
    <time>2026-08-17T07:42:52Z</time>
   </trkpt>
   <trkpt lat="22.7374090" lon="120.3303030">
    <ele>19.8</ele>
    <time>2026-08-17T07:42:53Z</time>
   </trkpt>
   <trkpt lat="22.7374150" lon="120.3302970">
    <ele>19.8</ele>
    <time>2026-08-17T07:42:54Z</time>
   </trkpt>
   <trkpt lat="22.7374180" lon="120.3302910">
    <ele>19.8</ele>
    <time>2026-08-17T07:42:56Z</time>
   </trkpt>
   <trkpt lat="22.7374290" lon="120.3302700">
    <ele>19.8</ele>
    <time>2026-08-17T07:42:57Z</time>
   </trkpt>
   <trkpt lat="22.7374510" lon="120.3302600">
    <ele>19.8</ele>
    <time>2026-08-17T07:42:59Z</time>
   </trkpt>
   <trkpt lat="22.7374650" lon="120.3302550">
    <ele>19.8</ele>
    <time>2026-08-17T07:43:01Z</time>
   </trkpt>
   <trkpt lat="22.7374900" lon="120.3302440">
    <ele>19.8</ele>
    <time>2026-08-17T07:43:02Z</time>
   </trkpt>
   <trkpt lat="22.7375140" lon="120.3302560">
    <ele>19.8</ele>
    <time>2026-08-17T07:43:04Z</time>
   </trkpt>
   <trkpt lat="22.7375260" lon="120.3302630">
    <ele>19.8</ele>
    <time>2026-08-17T07:43:06Z</time>
   </trkpt>
   <trkpt lat="22.7375380" lon="120.3302660">
    <ele>19.8</ele>
    <time>2026-08-17T07:43:07Z</time>
   </trkpt>
   <trkpt lat="22.7375480" lon="120.3302750">
    <ele>19.8</ele>
    <time>2026-08-17T07:43:08Z</time>
   </trkpt>
   <trkpt lat="22.7375550" lon="120.3302830">
    <ele>19.8</ele>
    <time>2026-08-17T07:43:09Z</time>
   </trkpt>
   <trkpt lat="22.7375640" lon="120.3302920">
    <ele>19.9</ele>
    <time>2026-08-17T07:43:10Z</time>
   </trkpt>
   <trkpt lat="22.7375730" lon="120.3303000">
    <ele>19.9</ele>
    <time>2026-08-17T07:43:11Z</time>
   </trkpt>
   <trkpt lat="22.7375810" lon="120.3303080">
    <ele>19.9</ele>
    <time>2026-08-17T07:43:12Z</time>
   </trkpt>
   <trkpt lat="22.7375900" lon="120.3303170">
    <ele>19.9</ele>
    <time>2026-08-17T07:43:13Z</time>
   </trkpt>
   <trkpt lat="22.7375970" lon="120.3303260">
    <ele>19.9</ele>
    <time>2026-08-17T07:43:14Z</time>
   </trkpt>
   <trkpt lat="22.7376030" lon="120.3303350">
    <ele>19.9</ele>
    <time>2026-08-17T07:43:15Z</time>
   </trkpt>
   <trkpt lat="22.7376270" lon="120.3303700">
    <ele>19.9</ele>
    <time>2026-08-17T07:43:16Z</time>
   </trkpt>
   <trkpt lat="22.7376340" lon="120.3303830">
    <ele>19.9</ele>
    <time>2026-08-17T07:43:18Z</time>
   </trkpt>
   <trkpt lat="22.7376420" lon="120.3303940">
    <ele>19.9</ele>
    <time>2026-08-17T07:43:19Z</time>
   </trkpt>
   <trkpt lat="22.7376480" lon="120.3304030">
    <ele>19.9</ele>
    <time>2026-08-17T07:43:20Z</time>
   </trkpt>
   <trkpt lat="22.7376600" lon="120.3304270">
    <ele>19.9</ele>
    <time>2026-08-17T07:43:21Z</time>
   </trkpt>
   <trkpt lat="22.7376670" lon="120.3304540">
    <ele>20.0</ele>
    <time>2026-08-17T07:43:23Z</time>
   </trkpt>
   <trkpt lat="22.7376720" lon="120.3304630">
    <ele>20.0</ele>
    <time>2026-08-17T07:43:25Z</time>
   </trkpt>
   <trkpt lat="22.7376730" lon="120.3304710">
    <ele>20.0</ele>
    <time>2026-08-17T07:43:26Z</time>
   </trkpt>
   <trkpt lat="22.7376670" lon="120.3304800">
    <ele>20.0</ele>
    <time>2026-08-17T07:43:27Z</time>
   </trkpt>
   <trkpt lat="22.7376700" lon="120.3304870">
    <ele>20.0</ele>
    <time>2026-08-17T07:43:28Z</time>
   </trkpt>
   <trkpt lat="22.7376750" lon="120.3304950">
    <ele>20.0</ele>
    <time>2026-08-17T07:43:29Z</time>
   </trkpt>
   <trkpt lat="22.7376810" lon="120.3304930">
    <ele>20.0</ele>
    <time>2026-08-17T07:43:30Z</time>
   </trkpt>
   <trkpt lat="22.7376830" lon="120.3304930">
    <ele>20.0</ele>
    <time>2026-08-17T07:43:31Z</time>
   </trkpt>
   <trkpt lat="22.7376810" lon="120.3304940">
    <ele>20.0</ele>
    <time>2026-08-17T07:43:32Z</time>
   </trkpt>
   <trkpt lat="22.7376790" lon="120.3304920">
    <ele>20.0</ele>
    <time>2026-08-17T07:43:33Z</time>
   </trkpt>
   <trkpt lat="22.7376730" lon="120.3304910">
    <ele>20.0</ele>
    <time>2026-08-17T07:43:34Z</time>
   </trkpt>
   <trkpt lat="22.7376680" lon="120.3304860">
    <ele>20.0</ele>
    <time>2026-08-17T07:43:35Z</time>
   </trkpt>
   <trkpt lat="22.7376670" lon="120.3304830">
    <ele>20.0</ele>
    <time>2026-08-17T07:43:36Z</time>
   </trkpt>
   <trkpt lat="22.7376660" lon="120.3304810">
    <ele>20.0</ele>
    <time>2026-08-17T07:43:37Z</time>
   </trkpt>
   <trkpt lat="22.7376660" lon="120.3304800">
    <ele>20.0</ele>
    <time>2026-08-17T07:43:38Z</time>
   </trkpt>
   <trkpt lat="22.7376670" lon="120.3304810">
    <ele>20.0</ele>
    <time>2026-08-17T07:43:39Z</time>
   </trkpt>
   <trkpt lat="22.7376680" lon="120.3304820">
    <ele>20.0</ele>
    <time>2026-08-17T07:43:40Z</time>
   </trkpt>
   <trkpt lat="22.7376670" lon="120.3304810">
    <ele>20.0</ele>
    <time>2026-08-17T07:43:41Z</time>
   </trkpt>
   <trkpt lat="22.7376680" lon="120.3304810">
    <ele>20.0</ele>
    <time>2026-08-17T07:43:42Z</time>
   </trkpt>
   <trkpt lat="22.7376670" lon="120.3304820">
    <ele>20.0</ele>
    <time>2026-08-17T07:43:43Z</time>
   </trkpt>
   <trkpt lat="22.7376670" lon="120.3304820">
    <ele>20.0</ele>
    <time>2026-08-17T07:43:44Z</time>
   </trkpt>
   <trkpt lat="22.7376670" lon="120.3304830">
    <ele>20.0</ele>
    <time>2026-08-17T07:43:45Z</time>
   </trkpt>
   <trkpt lat="22.7376670" lon="120.3304830">
    <ele>20.0</ele>
    <time>2026-08-17T07:43:46Z</time>
   </trkpt>
   <trkpt lat="22.7376660" lon="120.3304840">
    <ele>20.0</ele>
    <time>2026-08-17T07:43:47Z</time>
   </trkpt>
   <trkpt lat="22.7376730" lon="120.3304920">
    <ele>20.0</ele>
    <time>2026-08-17T07:43:48Z</time>
   </trkpt>
   <trkpt lat="22.7376740" lon="120.3304940">
    <ele>20.0</ele>
    <time>2026-08-17T07:43:49Z</time>
   </trkpt>
   <trkpt lat="22.7376750" lon="120.3304940">
    <ele>20.0</ele>
    <time>2026-08-17T07:43:50Z</time>
   </trkpt>
   <trkpt lat="22.7376770" lon="120.3304940">
    <ele>20.0</ele>
    <time>2026-08-17T07:43:51Z</time>
   </trkpt>
   <trkpt lat="22.7376770" lon="120.3304940">
    <ele>20.0</ele>
    <time>2026-08-17T07:43:52Z</time>
   </trkpt>
   <trkpt lat="22.7376790" lon="120.3304950">
    <ele>20.0</ele>
    <time>2026-08-17T07:43:53Z</time>
   </trkpt>
   <trkpt lat="22.7376800" lon="120.3304960">
    <ele>20.0</ele>
    <time>2026-08-17T07:43:54Z</time>
   </trkpt>
   <trkpt lat="22.7376810" lon="120.3304970">
    <ele>20.0</ele>
    <time>2026-08-17T07:43:55Z</time>
   </trkpt>
   <trkpt lat="22.7376820" lon="120.3304980">
    <ele>20.0</ele>
    <time>2026-08-17T07:43:56Z</time>
   </trkpt>
   <trkpt lat="22.7376820" lon="120.3304980">
    <ele>20.0</ele>
    <time>2026-08-17T07:43:57Z</time>
   </trkpt>
   <trkpt lat="22.7376820" lon="120.3304990">
    <ele>20.0</ele>
    <time>2026-08-17T07:43:58Z</time>
   </trkpt>
   <trkpt lat="22.7376840" lon="120.3305020">
    <ele>20.0</ele>
    <time>2026-08-17T07:43:59Z</time>
   </trkpt>
   <trkpt lat="22.7376820" lon="120.3305030">
    <ele>20.0</ele>
    <time>2026-08-17T07:44:00Z</time>
   </trkpt>
   <trkpt lat="22.7376820" lon="120.3305040">
    <ele>20.0</ele>
    <time>2026-08-17T07:44:01Z</time>
   </trkpt>
   <trkpt lat="22.7376800" lon="120.3305040">
    <ele>20.0</ele>
    <time>2026-08-17T07:44:02Z</time>
   </trkpt>
   <trkpt lat="22.7376780" lon="120.3305050">
    <ele>20.0</ele>
    <time>2026-08-17T07:44:03Z</time>
   </trkpt>
   <trkpt lat="22.7376780" lon="120.3305080">
    <ele>20.0</ele>
    <time>2026-08-17T07:44:04Z</time>
   </trkpt>
   <trkpt lat="22.7376790" lon="120.3305100">
    <ele>20.0</ele>
    <time>2026-08-17T07:44:05Z</time>
   </trkpt>
   <trkpt lat="22.7376790" lon="120.3305100">
    <ele>20.0</ele>
    <time>2026-08-17T07:44:06Z</time>
   </trkpt>
   <trkpt lat="22.7376790" lon="120.3305100">
    <ele>20.0</ele>
    <time>2026-08-17T07:44:07Z</time>
   </trkpt>
   <trkpt lat="22.7376780" lon="120.3305110">
    <ele>20.0</ele>
    <time>2026-08-17T07:44:09Z</time>
   </trkpt>
   <trkpt lat="22.7376770" lon="120.3305110">
    <ele>20.0</ele>
    <time>2026-08-17T07:44:10Z</time>
   </trkpt>
   <trkpt lat="22.7377260" lon="120.3306340">
    <ele>20.0</ele>
    <time>2026-08-17T07:44:31Z</time>
   </trkpt>
   <trkpt lat="22.7376980" lon="120.3306290">
    <ele>19.9</ele>
    <time>2026-08-17T07:44:33Z</time>
   </trkpt>
   <trkpt lat="22.7376850" lon="120.3306320">
    <ele>19.9</ele>
    <time>2026-08-17T07:44:34Z</time>
   </trkpt>
   <trkpt lat="22.7376840" lon="120.3306320">
    <ele>19.9</ele>
    <time>2026-08-17T07:44:36Z</time>
   </trkpt>
   <trkpt lat="22.7376830" lon="120.3306330">
    <ele>19.9</ele>
    <time>2026-08-17T07:44:37Z</time>
   </trkpt>
   <trkpt lat="22.7376830" lon="120.3306350">
    <ele>19.9</ele>
    <time>2026-08-17T07:44:38Z</time>
   </trkpt>
   <trkpt lat="22.7376840" lon="120.3306200">
    <ele>19.9</ele>
    <time>2026-08-17T07:44:39Z</time>
   </trkpt>
   <trkpt lat="22.7376840" lon="120.3306130">
    <ele>19.9</ele>
    <time>2026-08-17T07:44:40Z</time>
   </trkpt>
   <trkpt lat="22.7376830" lon="120.3306020">
    <ele>19.9</ele>
    <time>2026-08-17T07:44:41Z</time>
   </trkpt>
   <trkpt lat="22.7376790" lon="120.3305900">
    <ele>19.9</ele>
    <time>2026-08-17T07:44:42Z</time>
   </trkpt>
   <trkpt lat="22.7376830" lon="120.3306060">
    <ele>19.8</ele>
    <time>2026-08-17T07:44:44Z</time>
   </trkpt>
   <trkpt lat="22.7376860" lon="120.3306120">
    <ele>19.8</ele>
    <time>2026-08-17T07:44:45Z</time>
   </trkpt>
   <trkpt lat="22.7376910" lon="120.3306120">
    <ele>19.8</ele>
    <time>2026-08-17T07:44:47Z</time>
   </trkpt>
   <trkpt lat="22.7376930" lon="120.3306130">
    <ele>19.8</ele>
    <time>2026-08-17T07:44:48Z</time>
   </trkpt>
   <trkpt lat="22.7376900" lon="120.3306140">
    <ele>19.8</ele>
    <time>2026-08-17T07:44:49Z</time>
   </trkpt>
   <trkpt lat="22.7376880" lon="120.3306150">
    <ele>19.8</ele>
    <time>2026-08-17T07:44:50Z</time>
   </trkpt>
   <trkpt lat="22.7376870" lon="120.3306160">
    <ele>19.8</ele>
    <time>2026-08-17T07:44:51Z</time>
   </trkpt>
   <trkpt lat="22.7376910" lon="120.3306220">
    <ele>19.8</ele>
    <time>2026-08-17T07:44:52Z</time>
   </trkpt>
   <trkpt lat="22.7376910" lon="120.3306240">
    <ele>19.8</ele>
    <time>2026-08-17T07:44:53Z</time>
   </trkpt>
   <trkpt lat="22.7376910" lon="120.3306260">
    <ele>19.8</ele>
    <time>2026-08-17T07:44:54Z</time>
   </trkpt>
   <trkpt lat="22.7376910" lon="120.3306280">
    <ele>19.8</ele>
    <time>2026-08-17T07:44:55Z</time>
   </trkpt>
   <trkpt lat="22.7376990" lon="120.3306360">
    <ele>19.8</ele>
    <time>2026-08-17T07:44:57Z</time>
   </trkpt>
   <trkpt lat="22.7376960" lon="120.3306380">
    <ele>19.8</ele>
    <time>2026-08-17T07:44:58Z</time>
   </trkpt>
   <trkpt lat="22.7376950" lon="120.3306370">
    <ele>19.8</ele>
    <time>2026-08-17T07:45:00Z</time>
   </trkpt>
   <trkpt lat="22.7376950" lon="120.3306360">
    <ele>19.8</ele>
    <time>2026-08-17T07:45:01Z</time>
   </trkpt>
   <trkpt lat="22.7376940" lon="120.3306440">
    <ele>19.7</ele>
    <time>2026-08-17T07:45:02Z</time>
   </trkpt>
   <trkpt lat="22.7376970" lon="120.3306510">
    <ele>19.7</ele>
    <time>2026-08-17T07:45:04Z</time>
   </trkpt>
   <trkpt lat="22.7376970" lon="120.3306510">
    <ele>19.7</ele>
    <time>2026-08-17T07:45:05Z</time>
   </trkpt>
   <trkpt lat="22.7376960" lon="120.3306520">
    <ele>19.7</ele>
    <time>2026-08-17T07:45:06Z</time>
   </trkpt>
   <trkpt lat="22.7376960" lon="120.3306520">
    <ele>19.7</ele>
    <time>2026-08-17T07:45:07Z</time>
   </trkpt>
   <trkpt lat="22.7376970" lon="120.3306530">
    <ele>19.7</ele>
    <time>2026-08-17T07:45:08Z</time>
   </trkpt>
   <trkpt lat="22.7377010" lon="120.3306540">
    <ele>19.7</ele>
    <time>2026-08-17T07:45:10Z</time>
   </trkpt>
   <trkpt lat="22.7377000" lon="120.3306540">
    <ele>19.7</ele>
    <time>2026-08-17T07:45:12Z</time>
   </trkpt>
   <trkpt lat="22.7376990" lon="120.3306560">
    <ele>19.7</ele>
    <time>2026-08-17T07:45:13Z</time>
   </trkpt>
   <trkpt lat="22.7376990" lon="120.3306580">
    <ele>19.7</ele>
    <time>2026-08-17T07:45:14Z</time>
   </trkpt>
   <trkpt lat="22.7377000" lon="120.3306600">
    <ele>19.7</ele>
    <time>2026-08-17T07:45:15Z</time>
   </trkpt>
   <trkpt lat="22.7377070" lon="120.3306700">
    <ele>19.7</ele>
    <time>2026-08-17T07:45:16Z</time>
   </trkpt>
   <trkpt lat="22.7377090" lon="120.3306740">
    <ele>19.7</ele>
    <time>2026-08-17T07:45:17Z</time>
   </trkpt>
   <trkpt lat="22.7377110" lon="120.3306790">
    <ele>19.7</ele>
    <time>2026-08-17T07:45:18Z</time>
   </trkpt>
   <trkpt lat="22.7377130" lon="120.3306840">
    <ele>19.7</ele>
    <time>2026-08-17T07:45:19Z</time>
   </trkpt>
   <trkpt lat="22.7377150" lon="120.3306900">
    <ele>19.7</ele>
    <time>2026-08-17T07:45:20Z</time>
   </trkpt>
   <trkpt lat="22.7377180" lon="120.3307000">
    <ele>19.7</ele>
    <time>2026-08-17T07:45:22Z</time>
   </trkpt>
   <trkpt lat="22.7377330" lon="120.3307250">
    <ele>19.6</ele>
    <time>2026-08-17T07:45:23Z</time>
   </trkpt>
   <trkpt lat="22.7377360" lon="120.3307270">
    <ele>19.6</ele>
    <time>2026-08-17T07:45:24Z</time>
   </trkpt>
   <trkpt lat="22.7377380" lon="120.3307280">
    <ele>19.6</ele>
    <time>2026-08-17T07:45:25Z</time>
   </trkpt>
   <trkpt lat="22.7377410" lon="120.3307280">
    <ele>19.6</ele>
    <time>2026-08-17T07:45:26Z</time>
   </trkpt>
   <trkpt lat="22.7377440" lon="120.3307300">
    <ele>19.6</ele>
    <time>2026-08-17T07:45:28Z</time>
   </trkpt>
   <trkpt lat="22.7377580" lon="120.3307410">
    <ele>19.6</ele>
    <time>2026-08-17T07:45:29Z</time>
   </trkpt>
   <trkpt lat="22.7377630" lon="120.3307480">
    <ele>19.6</ele>
    <time>2026-08-17T07:45:30Z</time>
   </trkpt>
   <trkpt lat="22.7377680" lon="120.3307630">
    <ele>19.6</ele>
    <time>2026-08-17T07:45:32Z</time>
   </trkpt>
   <trkpt lat="22.7377730" lon="120.3307670">
    <ele>19.6</ele>
    <time>2026-08-17T07:45:34Z</time>
   </trkpt>
   <trkpt lat="22.7377760" lon="120.3307700">
    <ele>19.6</ele>
    <time>2026-08-17T07:45:35Z</time>
   </trkpt>
   <trkpt lat="22.7377800" lon="120.3307680">
    <ele>19.6</ele>
    <time>2026-08-17T07:45:36Z</time>
   </trkpt>
   <trkpt lat="22.7377830" lon="120.3307660">
    <ele>19.6</ele>
    <time>2026-08-17T07:45:37Z</time>
   </trkpt>
   <trkpt lat="22.7377880" lon="120.3307640">
    <ele>19.6</ele>
    <time>2026-08-17T07:45:38Z</time>
   </trkpt>
   <trkpt lat="22.7377910" lon="120.3307650">
    <ele>19.6</ele>
    <time>2026-08-17T07:45:39Z</time>
   </trkpt>
   <trkpt lat="22.7377950" lon="120.3307660">
    <ele>19.6</ele>
    <time>2026-08-17T07:45:40Z</time>
   </trkpt>
   <trkpt lat="22.7377980" lon="120.3307690">
    <ele>19.6</ele>
    <time>2026-08-17T07:45:41Z</time>
   </trkpt>
   <trkpt lat="22.7378000" lon="120.3307730">
    <ele>19.6</ele>
    <time>2026-08-17T07:45:42Z</time>
   </trkpt>
   <trkpt lat="22.7378030" lon="120.3307740">
    <ele>19.6</ele>
    <time>2026-08-17T07:45:43Z</time>
   </trkpt>
   <trkpt lat="22.7378040" lon="120.3307750">
    <ele>19.6</ele>
    <time>2026-08-17T07:45:44Z</time>
   </trkpt>
   <trkpt lat="22.7378050" lon="120.3307730">
    <ele>19.6</ele>
    <time>2026-08-17T07:45:45Z</time>
   </trkpt>
   <trkpt lat="22.7378050" lon="120.3307720">
    <ele>19.6</ele>
    <time>2026-08-17T07:45:46Z</time>
   </trkpt>
   <trkpt lat="22.7378060" lon="120.3307700">
    <ele>19.6</ele>
    <time>2026-08-17T07:45:47Z</time>
   </trkpt>
   <trkpt lat="22.7378080" lon="120.3307690">
    <ele>19.6</ele>
    <time>2026-08-17T07:45:48Z</time>
   </trkpt>
   <trkpt lat="22.7378100" lon="120.3307670">
    <ele>19.6</ele>
    <time>2026-08-17T07:45:49Z</time>
   </trkpt>
   <trkpt lat="22.7378120" lon="120.3307660">
    <ele>19.6</ele>
    <time>2026-08-17T07:45:50Z</time>
   </trkpt>
   <trkpt lat="22.7378130" lon="120.3307660">
    <ele>19.6</ele>
    <time>2026-08-17T07:45:51Z</time>
   </trkpt>
   <trkpt lat="22.7378130" lon="120.3307660">
    <ele>19.6</ele>
    <time>2026-08-17T07:45:52Z</time>
   </trkpt>
   <trkpt lat="22.7378130" lon="120.3307670">
    <ele>19.6</ele>
    <time>2026-08-17T07:45:53Z</time>
   </trkpt>
   <trkpt lat="22.7378140" lon="120.3307670">
    <ele>19.6</ele>
    <time>2026-08-17T07:45:54Z</time>
   </trkpt>
   <trkpt lat="22.7378140" lon="120.3307680">
    <ele>19.6</ele>
    <time>2026-08-17T07:45:55Z</time>
   </trkpt>
   <trkpt lat="22.7378160" lon="120.3307730">
    <ele>19.6</ele>
    <time>2026-08-17T07:45:56Z</time>
   </trkpt>
   <trkpt lat="22.7378170" lon="120.3307750">
    <ele>19.6</ele>
    <time>2026-08-17T07:45:57Z</time>
   </trkpt>
   <trkpt lat="22.7378180" lon="120.3307780">
    <ele>19.6</ele>
    <time>2026-08-17T07:45:58Z</time>
   </trkpt>
   <trkpt lat="22.7378210" lon="120.3307840">
    <ele>19.6</ele>
    <time>2026-08-17T07:45:59Z</time>
   </trkpt>
   <trkpt lat="22.7378220" lon="120.3307920">
    <ele>19.6</ele>
    <time>2026-08-17T07:46:00Z</time>
   </trkpt>
   <trkpt lat="22.7378230" lon="120.3308010">
    <ele>19.6</ele>
    <time>2026-08-17T07:46:01Z</time>
   </trkpt>
   <trkpt lat="22.7378240" lon="120.3308070">
    <ele>19.6</ele>
    <time>2026-08-17T07:46:02Z</time>
   </trkpt>
   <trkpt lat="22.7378280" lon="120.3308110">
    <ele>19.6</ele>
    <time>2026-08-17T07:46:03Z</time>
   </trkpt>
   <trkpt lat="22.7378290" lon="120.3308120">
    <ele>19.6</ele>
    <time>2026-08-17T07:46:04Z</time>
   </trkpt>
   <trkpt lat="22.7378280" lon="120.3308120">
    <ele>19.6</ele>
    <time>2026-08-17T07:46:05Z</time>
   </trkpt>
   <trkpt lat="22.7378280" lon="120.3308120">
    <ele>19.6</ele>
    <time>2026-08-17T07:46:06Z</time>
   </trkpt>
   <trkpt lat="22.7378280" lon="120.3308120">
    <ele>19.6</ele>
    <time>2026-08-17T07:46:07Z</time>
   </trkpt>
   <trkpt lat="22.7378330" lon="120.3308250">
    <ele>19.6</ele>
    <time>2026-08-17T07:46:09Z</time>
   </trkpt>
   <trkpt lat="22.7378390" lon="120.3308360">
    <ele>19.5</ele>
    <time>2026-08-17T07:46:10Z</time>
   </trkpt>
   <trkpt lat="22.7378420" lon="120.3308400">
    <ele>19.5</ele>
    <time>2026-08-17T07:46:11Z</time>
   </trkpt>
   <trkpt lat="22.7378440" lon="120.3308440">
    <ele>19.5</ele>
    <time>2026-08-17T07:46:12Z</time>
   </trkpt>
   <trkpt lat="22.7378460" lon="120.3308680">
    <ele>19.5</ele>
    <time>2026-08-17T07:46:13Z</time>
   </trkpt>
   <trkpt lat="22.7378440" lon="120.3308790">
    <ele>19.5</ele>
    <time>2026-08-17T07:46:15Z</time>
   </trkpt>
   <trkpt lat="22.7378450" lon="120.3308860">
    <ele>19.5</ele>
    <time>2026-08-17T07:46:16Z</time>
   </trkpt>
   <trkpt lat="22.7378480" lon="120.3308880">
    <ele>19.5</ele>
    <time>2026-08-17T07:46:17Z</time>
   </trkpt>
   <trkpt lat="22.7378530" lon="120.3308880">
    <ele>19.5</ele>
    <time>2026-08-17T07:46:18Z</time>
   </trkpt>
   <trkpt lat="22.7378560" lon="120.3308900">
    <ele>19.5</ele>
    <time>2026-08-17T07:46:19Z</time>
   </trkpt>
   <trkpt lat="22.7378580" lon="120.3308940">
    <ele>19.5</ele>
    <time>2026-08-17T07:46:20Z</time>
   </trkpt>
   <trkpt lat="22.7378620" lon="120.3309020">
    <ele>19.5</ele>
    <time>2026-08-17T07:46:21Z</time>
   </trkpt>
   <trkpt lat="22.7378630" lon="120.3309060">
    <ele>19.4</ele>
    <time>2026-08-17T07:46:22Z</time>
   </trkpt>
   <trkpt lat="22.7378630" lon="120.3309070">
    <ele>19.4</ele>
    <time>2026-08-17T07:46:23Z</time>
   </trkpt>
   <trkpt lat="22.7378670" lon="120.3309080">
    <ele>19.4</ele>
    <time>2026-08-17T07:46:24Z</time>
   </trkpt>
   <trkpt lat="22.7378680" lon="120.3309090">
    <ele>19.4</ele>
    <time>2026-08-17T07:46:25Z</time>
   </trkpt>
   <trkpt lat="22.7378690" lon="120.3309090">
    <ele>19.4</ele>
    <time>2026-08-17T07:46:26Z</time>
   </trkpt>
   <trkpt lat="22.7378700" lon="120.3309090">
    <ele>19.4</ele>
    <time>2026-08-17T07:46:27Z</time>
   </trkpt>
   <trkpt lat="22.7378710" lon="120.3309100">
    <ele>19.4</ele>
    <time>2026-08-17T07:46:28Z</time>
   </trkpt>
   <trkpt lat="22.7378700" lon="120.3309110">
    <ele>19.4</ele>
    <time>2026-08-17T07:46:29Z</time>
   </trkpt>
   <trkpt lat="22.7378700" lon="120.3309100">
    <ele>19.4</ele>
    <time>2026-08-17T07:46:30Z</time>
   </trkpt>
   <trkpt lat="22.7378710" lon="120.3309090">
    <ele>19.4</ele>
    <time>2026-08-17T07:46:31Z</time>
   </trkpt>
   <trkpt lat="22.7378720" lon="120.3309100">
    <ele>19.4</ele>
    <time>2026-08-17T07:46:32Z</time>
   </trkpt>
   <trkpt lat="22.7378720" lon="120.3309100">
    <ele>19.4</ele>
    <time>2026-08-17T07:46:33Z</time>
   </trkpt>
   <trkpt lat="22.7378720" lon="120.3309090">
    <ele>19.4</ele>
    <time>2026-08-17T07:46:34Z</time>
   </trkpt>
   <trkpt lat="22.7378710" lon="120.3309070">
    <ele>19.4</ele>
    <time>2026-08-17T07:46:35Z</time>
   </trkpt>
   <trkpt lat="22.7378720" lon="120.3309070">
    <ele>19.4</ele>
    <time>2026-08-17T07:46:36Z</time>
   </trkpt>
   <trkpt lat="22.7378780" lon="120.3309090">
    <ele>19.4</ele>
    <time>2026-08-17T07:46:37Z</time>
   </trkpt>
   <trkpt lat="22.7378850" lon="120.3309120">
    <ele>19.4</ele>
    <time>2026-08-17T07:46:38Z</time>
   </trkpt>
   <trkpt lat="22.7378930" lon="120.3309150">
    <ele>19.4</ele>
    <time>2026-08-17T07:46:39Z</time>
   </trkpt>
   <trkpt lat="22.7378960" lon="120.3309200">
    <ele>19.4</ele>
    <time>2026-08-17T07:46:41Z</time>
   </trkpt>
   <trkpt lat="22.7378990" lon="120.3309200">
    <ele>19.4</ele>
    <time>2026-08-17T07:46:42Z</time>
   </trkpt>
   <trkpt lat="22.7378980" lon="120.3309160">
    <ele>19.4</ele>
    <time>2026-08-17T07:46:43Z</time>
   </trkpt>
   <trkpt lat="22.7378950" lon="120.3309220">
    <ele>19.4</ele>
    <time>2026-08-17T07:46:44Z</time>
   </trkpt>
   <trkpt lat="22.7378940" lon="120.3309270">
    <ele>19.4</ele>
    <time>2026-08-17T07:46:45Z</time>
   </trkpt>
   <trkpt lat="22.7378930" lon="120.3309290">
    <ele>19.4</ele>
    <time>2026-08-17T07:46:46Z</time>
   </trkpt>
   <trkpt lat="22.7378930" lon="120.3309320">
    <ele>19.4</ele>
    <time>2026-08-17T07:46:47Z</time>
   </trkpt>
   <trkpt lat="22.7378930" lon="120.3309330">
    <ele>19.4</ele>
    <time>2026-08-17T07:46:48Z</time>
   </trkpt>
   <trkpt lat="22.7378930" lon="120.3309330">
    <ele>19.4</ele>
    <time>2026-08-17T07:46:49Z</time>
   </trkpt>
   <trkpt lat="22.7378930" lon="120.3309320">
    <ele>19.4</ele>
    <time>2026-08-17T07:46:50Z</time>
   </trkpt>
   <trkpt lat="22.7378930" lon="120.3309310">
    <ele>19.4</ele>
    <time>2026-08-17T07:46:51Z</time>
   </trkpt>
   <trkpt lat="22.7378920" lon="120.3309300">
    <ele>19.4</ele>
    <time>2026-08-17T07:46:52Z</time>
   </trkpt>
   <trkpt lat="22.7378910" lon="120.3309300">
    <ele>19.4</ele>
    <time>2026-08-17T07:46:53Z</time>
   </trkpt>
   <trkpt lat="22.7378900" lon="120.3309280">
    <ele>19.4</ele>
    <time>2026-08-17T07:46:54Z</time>
   </trkpt>
   <trkpt lat="22.7378880" lon="120.3309240">
    <ele>19.4</ele>
    <time>2026-08-17T07:46:55Z</time>
   </trkpt>
   <trkpt lat="22.7378860" lon="120.3309200">
    <ele>19.4</ele>
    <time>2026-08-17T07:46:56Z</time>
   </trkpt>
   <trkpt lat="22.7378840" lon="120.3309120">
    <ele>19.4</ele>
    <time>2026-08-17T07:46:57Z</time>
   </trkpt>
   <trkpt lat="22.7378800" lon="120.3309080">
    <ele>19.4</ele>
    <time>2026-08-17T07:46:58Z</time>
   </trkpt>
   <trkpt lat="22.7378770" lon="120.3309080">
    <ele>19.4</ele>
    <time>2026-08-17T07:46:59Z</time>
   </trkpt>
   <trkpt lat="22.7378730" lon="120.3309040">
    <ele>19.4</ele>
    <time>2026-08-17T07:47:00Z</time>
   </trkpt>
   <trkpt lat="22.7378690" lon="120.3309040">
    <ele>19.4</ele>
    <time>2026-08-17T07:47:02Z</time>
   </trkpt>
   <trkpt lat="22.7378660" lon="120.3309020">
    <ele>19.4</ele>
    <time>2026-08-17T07:47:03Z</time>
   </trkpt>
   <trkpt lat="22.7378570" lon="120.3308930">
    <ele>19.4</ele>
    <time>2026-08-17T07:47:04Z</time>
   </trkpt>
   <trkpt lat="22.7378550" lon="120.3308780">
    <ele>19.5</ele>
    <time>2026-08-17T07:47:05Z</time>
   </trkpt>
   <trkpt lat="22.7378630" lon="120.3308800">
    <ele>19.5</ele>
    <time>2026-08-17T07:47:07Z</time>
   </trkpt>
   <trkpt lat="22.7378700" lon="120.3308770">
    <ele>19.5</ele>
    <time>2026-08-17T07:47:08Z</time>
   </trkpt>
   <trkpt lat="22.7378710" lon="120.3308760">
    <ele>19.5</ele>
    <time>2026-08-17T07:47:09Z</time>
   </trkpt>
   <trkpt lat="22.7378690" lon="120.3308720">
    <ele>19.5</ele>
    <time>2026-08-17T07:47:10Z</time>
   </trkpt>
   <trkpt lat="22.7378620" lon="120.3308690">
    <ele>19.5</ele>
    <time>2026-08-17T07:47:11Z</time>
   </trkpt>
   <trkpt lat="22.7378510" lon="120.3308580">
    <ele>19.5</ele>
    <time>2026-08-17T07:47:12Z</time>
   </trkpt>
   <trkpt lat="22.7378410" lon="120.3308450">
    <ele>19.5</ele>
    <time>2026-08-17T07:47:14Z</time>
   </trkpt>
   <trkpt lat="22.7378330" lon="120.3308170">
    <ele>19.6</ele>
    <time>2026-08-17T07:47:15Z</time>
   </trkpt>
   <trkpt lat="22.7378320" lon="120.3308030">
    <ele>19.6</ele>
    <time>2026-08-17T07:47:16Z</time>
   </trkpt>
   <trkpt lat="22.7378300" lon="120.3307900">
    <ele>19.6</ele>
    <time>2026-08-17T07:47:18Z</time>
   </trkpt>
   <trkpt lat="22.7378310" lon="120.3307820">
    <ele>19.6</ele>
    <time>2026-08-17T07:47:19Z</time>
   </trkpt>
   <trkpt lat="22.7378350" lon="120.3307780">
    <ele>19.6</ele>
    <time>2026-08-17T07:47:20Z</time>
   </trkpt>
   <trkpt lat="22.7378370" lon="120.3307800">
    <ele>19.6</ele>
    <time>2026-08-17T07:47:21Z</time>
   </trkpt>
   <trkpt lat="22.7378400" lon="120.3307790">
    <ele>19.6</ele>
    <time>2026-08-17T07:47:22Z</time>
   </trkpt>
   <trkpt lat="22.7378400" lon="120.3307740">
    <ele>19.6</ele>
    <time>2026-08-17T07:47:23Z</time>
   </trkpt>
   <trkpt lat="22.7378380" lon="120.3307710">
    <ele>19.6</ele>
    <time>2026-08-17T07:47:24Z</time>
   </trkpt>
   <trkpt lat="22.7378370" lon="120.3307720">
    <ele>19.6</ele>
    <time>2026-08-17T07:47:25Z</time>
   </trkpt>
   <trkpt lat="22.7378380" lon="120.3307720">
    <ele>19.6</ele>
    <time>2026-08-17T07:47:27Z</time>
   </trkpt>
   <trkpt lat="22.7378380" lon="120.3307720">
    <ele>19.6</ele>
    <time>2026-08-17T07:47:28Z</time>
   </trkpt>
   <trkpt lat="22.7378370" lon="120.3307710">
    <ele>19.6</ele>
    <time>2026-08-17T07:47:29Z</time>
   </trkpt>
   <trkpt lat="22.7378360" lon="120.3307690">
    <ele>19.6</ele>
    <time>2026-08-17T07:47:30Z</time>
   </trkpt>
   <trkpt lat="22.7378340" lon="120.3307670">
    <ele>19.6</ele>
    <time>2026-08-17T07:47:31Z</time>
   </trkpt>
   <trkpt lat="22.7378340" lon="120.3307630">
    <ele>19.6</ele>
    <time>2026-08-17T07:47:32Z</time>
   </trkpt>
   <trkpt lat="22.7378240" lon="120.3307560">
    <ele>19.6</ele>
    <time>2026-08-17T07:47:34Z</time>
   </trkpt>
   <trkpt lat="22.7378220" lon="120.3307520">
    <ele>19.6</ele>
    <time>2026-08-17T07:47:35Z</time>
   </trkpt>
   <trkpt lat="22.7378160" lon="120.3307530">
    <ele>19.6</ele>
    <time>2026-08-17T07:47:36Z</time>
   </trkpt>
   <trkpt lat="22.7378030" lon="120.3307490">
    <ele>19.6</ele>
    <time>2026-08-17T07:47:37Z</time>
   </trkpt>
   <trkpt lat="22.7378000" lon="120.3307450">
    <ele>19.6</ele>
    <time>2026-08-17T07:47:38Z</time>
   </trkpt>
   <trkpt lat="22.7377970" lon="120.3307360">
    <ele>19.6</ele>
    <time>2026-08-17T07:47:40Z</time>
   </trkpt>
   <trkpt lat="22.7377940" lon="120.3307240">
    <ele>19.6</ele>
    <time>2026-08-17T07:47:41Z</time>
   </trkpt>
   <trkpt lat="22.7377970" lon="120.3307170">
    <ele>19.6</ele>
    <time>2026-08-17T07:47:42Z</time>
   </trkpt>
   <trkpt lat="22.7378000" lon="120.3307130">
    <ele>19.6</ele>
    <time>2026-08-17T07:47:43Z</time>
   </trkpt>
   <trkpt lat="22.7377900" lon="120.3307140">
    <ele>19.7</ele>
    <time>2026-08-17T07:47:44Z</time>
   </trkpt>
   <trkpt lat="22.7377840" lon="120.3307160">
    <ele>19.7</ele>
    <time>2026-08-17T07:47:45Z</time>
   </trkpt>
   <trkpt lat="22.7377800" lon="120.3307140">
    <ele>19.7</ele>
    <time>2026-08-17T07:47:46Z</time>
   </trkpt>
   <trkpt lat="22.7377770" lon="120.3307130">
    <ele>19.7</ele>
    <time>2026-08-17T07:47:47Z</time>
   </trkpt>
   <trkpt lat="22.7377760" lon="120.3307120">
    <ele>19.7</ele>
    <time>2026-08-17T07:47:49Z</time>
   </trkpt>
   <trkpt lat="22.7377750" lon="120.3307100">
    <ele>19.7</ele>
    <time>2026-08-17T07:47:50Z</time>
   </trkpt>
   <trkpt lat="22.7377710" lon="120.3307060">
    <ele>19.7</ele>
    <time>2026-08-17T07:47:51Z</time>
   </trkpt>
   <trkpt lat="22.7377680" lon="120.3306990">
    <ele>19.7</ele>
    <time>2026-08-17T07:47:52Z</time>
   </trkpt>
   <trkpt lat="22.7377730" lon="120.3306950">
    <ele>19.7</ele>
    <time>2026-08-17T07:47:53Z</time>
   </trkpt>
   <trkpt lat="22.7377780" lon="120.3306930">
    <ele>19.7</ele>
    <time>2026-08-17T07:47:54Z</time>
   </trkpt>
   <trkpt lat="22.7377760" lon="120.3306920">
    <ele>19.7</ele>
    <time>2026-08-17T07:47:55Z</time>
   </trkpt>
   <trkpt lat="22.7377710" lon="120.3306930">
    <ele>19.7</ele>
    <time>2026-08-17T07:47:56Z</time>
   </trkpt>
   <trkpt lat="22.7377680" lon="120.3306940">
    <ele>19.7</ele>
    <time>2026-08-17T07:47:57Z</time>
   </trkpt>
   <trkpt lat="22.7377620" lon="120.3306990">
    <ele>19.7</ele>
    <time>2026-08-17T07:47:58Z</time>
   </trkpt>
   <trkpt lat="22.7377580" lon="120.3306980">
    <ele>19.7</ele>
    <time>2026-08-17T07:47:59Z</time>
   </trkpt>
   <trkpt lat="22.7377560" lon="120.3306960">
    <ele>19.7</ele>
    <time>2026-08-17T07:48:00Z</time>
   </trkpt>
   <trkpt lat="22.7377530" lon="120.3306940">
    <ele>19.8</ele>
    <time>2026-08-17T07:48:01Z</time>
   </trkpt>
   <trkpt lat="22.7377440" lon="120.3306850">
    <ele>19.8</ele>
    <time>2026-08-17T07:48:02Z</time>
   </trkpt>
   <trkpt lat="22.7377420" lon="120.3306820">
    <ele>19.8</ele>
    <time>2026-08-17T07:48:03Z</time>
   </trkpt>
   <trkpt lat="22.7377420" lon="120.3306830">
    <ele>19.8</ele>
    <time>2026-08-17T07:48:04Z</time>
   </trkpt>
   <trkpt lat="22.7377410" lon="120.3306850">
    <ele>19.8</ele>
    <time>2026-08-17T07:48:06Z</time>
   </trkpt>
   <trkpt lat="22.7377400" lon="120.3306860">
    <ele>19.8</ele>
    <time>2026-08-17T07:48:07Z</time>
   </trkpt>
   <trkpt lat="22.7377400" lon="120.3306850">
    <ele>19.8</ele>
    <time>2026-08-17T07:48:08Z</time>
   </trkpt>
   <trkpt lat="22.7377400" lon="120.3306830">
    <ele>19.8</ele>
    <time>2026-08-17T07:48:09Z</time>
   </trkpt>
   <trkpt lat="22.7377400" lon="120.3306810">
    <ele>19.8</ele>
    <time>2026-08-17T07:48:10Z</time>
   </trkpt>
   <trkpt lat="22.7377410" lon="120.3306780">
    <ele>19.8</ele>
    <time>2026-08-17T07:48:11Z</time>
   </trkpt>
   <trkpt lat="22.7377410" lon="120.3306770">
    <ele>19.8</ele>
    <time>2026-08-17T07:48:12Z</time>
   </trkpt>
   <trkpt lat="22.7377410" lon="120.3306770">
    <ele>19.8</ele>
    <time>2026-08-17T07:48:13Z</time>
   </trkpt>
   <trkpt lat="22.7377410" lon="120.3306760">
    <ele>19.8</ele>
    <time>2026-08-17T07:48:14Z</time>
   </trkpt>
   <trkpt lat="22.7377380" lon="120.3306700">
    <ele>19.8</ele>
    <time>2026-08-17T07:48:15Z</time>
   </trkpt>
   <trkpt lat="22.7377380" lon="120.3306690">
    <ele>19.8</ele>
    <time>2026-08-17T07:48:17Z</time>
   </trkpt>
   <trkpt lat="22.7377370" lon="120.3306640">
    <ele>19.8</ele>
    <time>2026-08-17T07:48:18Z</time>
   </trkpt>
   <trkpt lat="22.7377360" lon="120.3306590">
    <ele>19.8</ele>
    <time>2026-08-17T07:48:19Z</time>
   </trkpt>
   <trkpt lat="22.7377370" lon="120.3306570">
    <ele>19.8</ele>
    <time>2026-08-17T07:48:20Z</time>
   </trkpt>
   <trkpt lat="22.7377370" lon="120.3306550">
    <ele>19.8</ele>
    <time>2026-08-17T07:48:21Z</time>
   </trkpt>
   <trkpt lat="22.7377360" lon="120.3306490">
    <ele>19.8</ele>
    <time>2026-08-17T07:48:22Z</time>
   </trkpt>
   <trkpt lat="22.7377360" lon="120.3306470">
    <ele>19.8</ele>
    <time>2026-08-17T07:48:23Z</time>
   </trkpt>
   <trkpt lat="22.7377350" lon="120.3306430">
    <ele>19.9</ele>
    <time>2026-08-17T07:48:24Z</time>
   </trkpt>
   <trkpt lat="22.7377350" lon="120.3306420">
    <ele>19.9</ele>
    <time>2026-08-17T07:48:25Z</time>
   </trkpt>
   <trkpt lat="22.7377350" lon="120.3306390">
    <ele>19.9</ele>
    <time>2026-08-17T07:48:26Z</time>
   </trkpt>
   <trkpt lat="22.7377340" lon="120.3306380">
    <ele>19.9</ele>
    <time>2026-08-17T07:48:27Z</time>
   </trkpt>
   <trkpt lat="22.7377340" lon="120.3306390">
    <ele>19.9</ele>
    <time>2026-08-17T07:48:28Z</time>
   </trkpt>
   <trkpt lat="22.7377330" lon="120.3306330">
    <ele>19.9</ele>
    <time>2026-08-17T07:48:29Z</time>
   </trkpt>
   <trkpt lat="22.7377330" lon="120.3306290">
    <ele>19.9</ele>
    <time>2026-08-17T07:48:30Z</time>
   </trkpt>
   <trkpt lat="22.7377330" lon="120.3306260">
    <ele>19.9</ele>
    <time>2026-08-17T07:48:31Z</time>
   </trkpt>
   <trkpt lat="22.7377330" lon="120.3306210">
    <ele>19.9</ele>
    <time>2026-08-17T07:48:32Z</time>
   </trkpt>
   <trkpt lat="22.7377300" lon="120.3306130">
    <ele>19.9</ele>
    <time>2026-08-17T07:48:34Z</time>
   </trkpt>
   <trkpt lat="22.7377310" lon="120.3306110">
    <ele>19.9</ele>
    <time>2026-08-17T07:48:35Z</time>
   </trkpt>
   <trkpt lat="22.7377320" lon="120.3306090">
    <ele>19.9</ele>
    <time>2026-08-17T07:48:36Z</time>
   </trkpt>
   <trkpt lat="22.7377320" lon="120.3306080">
    <ele>19.9</ele>
    <time>2026-08-17T07:48:37Z</time>
   </trkpt>
   <trkpt lat="22.7377320" lon="120.3306050">
    <ele>19.9</ele>
    <time>2026-08-17T07:48:38Z</time>
   </trkpt>
   <trkpt lat="22.7377330" lon="120.3306020">
    <ele>19.9</ele>
    <time>2026-08-17T07:48:39Z</time>
   </trkpt>
   <trkpt lat="22.7377320" lon="120.3305900">
    <ele>19.9</ele>
    <time>2026-08-17T07:48:40Z</time>
   </trkpt>
   <trkpt lat="22.7377320" lon="120.3305840">
    <ele>19.9</ele>
    <time>2026-08-17T07:48:41Z</time>
   </trkpt>
   <trkpt lat="22.7377330" lon="120.3305810">
    <ele>19.9</ele>
    <time>2026-08-17T07:48:42Z</time>
   </trkpt>
   <trkpt lat="22.7377330" lon="120.3305780">
    <ele>19.9</ele>
    <time>2026-08-17T07:48:43Z</time>
   </trkpt>
   <trkpt lat="22.7377340" lon="120.3305750">
    <ele>19.9</ele>
    <time>2026-08-17T07:48:44Z</time>
   </trkpt>
   <trkpt lat="22.7377340" lon="120.3305730">
    <ele>19.9</ele>
    <time>2026-08-17T07:48:45Z</time>
   </trkpt>
   <trkpt lat="22.7377340" lon="120.3305690">
    <ele>19.9</ele>
    <time>2026-08-17T07:48:46Z</time>
   </trkpt>
   <trkpt lat="22.7377330" lon="120.3305670">
    <ele>19.9</ele>
    <time>2026-08-17T07:48:47Z</time>
   </trkpt>
   <trkpt lat="22.7377330" lon="120.3305640">
    <ele>20.0</ele>
    <time>2026-08-17T07:48:48Z</time>
   </trkpt>
   <trkpt lat="22.7377330" lon="120.3305630">
    <ele>20.0</ele>
    <time>2026-08-17T07:48:49Z</time>
   </trkpt>
   <trkpt lat="22.7377330" lon="120.3305610">
    <ele>20.0</ele>
    <time>2026-08-17T07:48:50Z</time>
   </trkpt>
   <trkpt lat="22.7377330" lon="120.3305590">
    <ele>20.0</ele>
    <time>2026-08-17T07:48:51Z</time>
   </trkpt>
   <trkpt lat="22.7377330" lon="120.3305560">
    <ele>20.0</ele>
    <time>2026-08-17T07:48:52Z</time>
   </trkpt>
   <trkpt lat="22.7377330" lon="120.3305530">
    <ele>20.0</ele>
    <time>2026-08-17T07:48:53Z</time>
   </trkpt>
   <trkpt lat="22.7377330" lon="120.3305510">
    <ele>20.0</ele>
    <time>2026-08-17T07:48:54Z</time>
   </trkpt>
   <trkpt lat="22.7377330" lon="120.3305500">
    <ele>20.0</ele>
    <time>2026-08-17T07:48:55Z</time>
   </trkpt>
   <trkpt lat="22.7377330" lon="120.3305500">
    <ele>20.0</ele>
    <time>2026-08-17T07:48:56Z</time>
   </trkpt>
   <trkpt lat="22.7377320" lon="120.3305480">
    <ele>20.0</ele>
    <time>2026-08-17T07:48:58Z</time>
   </trkpt>
   <trkpt lat="22.7377310" lon="120.3305470">
    <ele>20.0</ele>
    <time>2026-08-17T07:48:59Z</time>
   </trkpt>
   <trkpt lat="22.7377280" lon="120.3305430">
    <ele>20.0</ele>
    <time>2026-08-17T07:49:00Z</time>
   </trkpt>
   <trkpt lat="22.7377270" lon="120.3305430">
    <ele>20.0</ele>
    <time>2026-08-17T07:49:01Z</time>
   </trkpt>
   <trkpt lat="22.7377260" lon="120.3305440">
    <ele>20.0</ele>
    <time>2026-08-17T07:49:02Z</time>
   </trkpt>
   <trkpt lat="22.7377230" lon="120.3305440">
    <ele>20.0</ele>
    <time>2026-08-17T07:49:03Z</time>
   </trkpt>
   <trkpt lat="22.7377220" lon="120.3305440">
    <ele>20.0</ele>
    <time>2026-08-17T07:49:04Z</time>
   </trkpt>
   <trkpt lat="22.7377180" lon="120.3305410">
    <ele>20.0</ele>
    <time>2026-08-17T07:49:05Z</time>
   </trkpt>
   <trkpt lat="22.7377180" lon="120.3305390">
    <ele>20.0</ele>
    <time>2026-08-17T07:49:06Z</time>
   </trkpt>
   <trkpt lat="22.7377170" lon="120.3305380">
    <ele>20.0</ele>
    <time>2026-08-17T07:49:07Z</time>
   </trkpt>
   <trkpt lat="22.7377170" lon="120.3305370">
    <ele>20.0</ele>
    <time>2026-08-17T07:49:08Z</time>
   </trkpt>
   <trkpt lat="22.7377170" lon="120.3305360">
    <ele>20.0</ele>
    <time>2026-08-17T07:49:09Z</time>
   </trkpt>
   <trkpt lat="22.7377160" lon="120.3305330">
    <ele>20.0</ele>
    <time>2026-08-17T07:49:10Z</time>
   </trkpt>
   <trkpt lat="22.7377150" lon="120.3305320">
    <ele>20.0</ele>
    <time>2026-08-17T07:49:11Z</time>
   </trkpt>
   <trkpt lat="22.7377110" lon="120.3305240">
    <ele>20.0</ele>
    <time>2026-08-17T07:49:12Z</time>
   </trkpt>
   <trkpt lat="22.7377100" lon="120.3305220">
    <ele>20.0</ele>
    <time>2026-08-17T07:49:13Z</time>
   </trkpt>
   <trkpt lat="22.7377100" lon="120.3305200">
    <ele>20.0</ele>
    <time>2026-08-17T07:49:14Z</time>
   </trkpt>
   <trkpt lat="22.7377100" lon="120.3305190">
    <ele>20.0</ele>
    <time>2026-08-17T07:49:15Z</time>
   </trkpt>
   <trkpt lat="22.7377110" lon="120.3305190">
    <ele>20.0</ele>
    <time>2026-08-17T07:49:16Z</time>
   </trkpt>
   <trkpt lat="22.7377110" lon="120.3305180">
    <ele>20.0</ele>
    <time>2026-08-17T07:49:17Z</time>
   </trkpt>
   <trkpt lat="22.7377110" lon="120.3305140">
    <ele>20.0</ele>
    <time>2026-08-17T07:49:18Z</time>
   </trkpt>
   <trkpt lat="22.7377100" lon="120.3305100">
    <ele>20.0</ele>
    <time>2026-08-17T07:49:19Z</time>
   </trkpt>
   <trkpt lat="22.7377100" lon="120.3305090">
    <ele>20.0</ele>
    <time>2026-08-17T07:49:20Z</time>
   </trkpt>
   <trkpt lat="22.7377080" lon="120.3305080">
    <ele>20.0</ele>
    <time>2026-08-17T07:49:21Z</time>
   </trkpt>
   <trkpt lat="22.7377080" lon="120.3305080">
    <ele>20.0</ele>
    <time>2026-08-17T07:49:22Z</time>
   </trkpt>
   <trkpt lat="22.7377070" lon="120.3305070">
    <ele>20.0</ele>
    <time>2026-08-17T07:49:24Z</time>
   </trkpt>
   <trkpt lat="22.7377050" lon="120.3305030">
    <ele>20.0</ele>
    <time>2026-08-17T07:49:25Z</time>
   </trkpt>
   <trkpt lat="22.7377060" lon="120.3305010">
    <ele>20.0</ele>
    <time>2026-08-17T07:49:26Z</time>
   </trkpt>
   <trkpt lat="22.7377070" lon="120.3304990">
    <ele>20.0</ele>
    <time>2026-08-17T07:49:27Z</time>
   </trkpt>
   <trkpt lat="22.7377040" lon="120.3304950">
    <ele>20.0</ele>
    <time>2026-08-17T07:49:28Z</time>
   </trkpt>
   <trkpt lat="22.7377010" lon="120.3304910">
    <ele>20.0</ele>
    <time>2026-08-17T07:49:29Z</time>
   </trkpt>
   <trkpt lat="22.7376910" lon="120.3304730">
    <ele>20.0</ele>
    <time>2026-08-17T07:49:30Z</time>
   </trkpt>
   <trkpt lat="22.7376840" lon="120.3304600">
    <ele>20.0</ele>
    <time>2026-08-17T07:49:31Z</time>
   </trkpt>
   <trkpt lat="22.7376800" lon="120.3304490">
    <ele>20.0</ele>
    <time>2026-08-17T07:49:32Z</time>
   </trkpt>
   <trkpt lat="22.7376790" lon="120.3304410">
    <ele>20.0</ele>
    <time>2026-08-17T07:49:33Z</time>
   </trkpt>
   <trkpt lat="22.7376790" lon="120.3304390">
    <ele>20.0</ele>
    <time>2026-08-17T07:49:34Z</time>
   </trkpt>
   <trkpt lat="22.7376780" lon="120.3304380">
    <ele>20.0</ele>
    <time>2026-08-17T07:49:35Z</time>
   </trkpt>
   <trkpt lat="22.7376780" lon="120.3304430">
    <ele>20.0</ele>
    <time>2026-08-17T07:49:36Z</time>
   </trkpt>
   <trkpt lat="22.7376770" lon="120.3304450">
    <ele>20.0</ele>
    <time>2026-08-17T07:49:37Z</time>
   </trkpt>
   <trkpt lat="22.7376760" lon="120.3304430">
    <ele>20.0</ele>
    <time>2026-08-17T07:49:39Z</time>
   </trkpt>
   <trkpt lat="22.7376760" lon="120.3304420">
    <ele>20.0</ele>
    <time>2026-08-17T07:49:40Z</time>
   </trkpt>
   <trkpt lat="22.7376750" lon="120.3304410">
    <ele>20.0</ele>
    <time>2026-08-17T07:49:41Z</time>
   </trkpt>
   <trkpt lat="22.7376730" lon="120.3304400">
    <ele>20.0</ele>
    <time>2026-08-17T07:49:42Z</time>
   </trkpt>
   <trkpt lat="22.7376680" lon="120.3304360">
    <ele>20.0</ele>
    <time>2026-08-17T07:49:43Z</time>
   </trkpt>
   <trkpt lat="22.7376600" lon="120.3304200">
    <ele>20.0</ele>
    <time>2026-08-17T07:49:44Z</time>
   </trkpt>
   <trkpt lat="22.7376540" lon="120.3304060">
    <ele>20.0</ele>
    <time>2026-08-17T07:49:46Z</time>
   </trkpt>
   <trkpt lat="22.7376490" lon="120.3303930">
    <ele>20.0</ele>
    <time>2026-08-17T07:49:47Z</time>
   </trkpt>
   <trkpt lat="22.7376430" lon="120.3303690">
    <ele>20.0</ele>
    <time>2026-08-17T07:49:48Z</time>
   </trkpt>
   <trkpt lat="22.7376350" lon="120.3303530">
    <ele>19.9</ele>
    <time>2026-08-17T07:49:50Z</time>
   </trkpt>
   <trkpt lat="22.7376290" lon="120.3303320">
    <ele>19.9</ele>
    <time>2026-08-17T07:49:51Z</time>
   </trkpt>
   <trkpt lat="22.7376250" lon="120.3303150">
    <ele>19.9</ele>
    <time>2026-08-17T07:49:52Z</time>
   </trkpt>
   <trkpt lat="22.7376200" lon="120.3303000">
    <ele>19.9</ele>
    <time>2026-08-17T07:49:53Z</time>
   </trkpt>
   <trkpt lat="22.7376110" lon="120.3302860">
    <ele>19.9</ele>
    <time>2026-08-17T07:49:54Z</time>
   </trkpt>
   <trkpt lat="22.7376040" lon="120.3302740">
    <ele>19.9</ele>
    <time>2026-08-17T07:49:55Z</time>
   </trkpt>
   <trkpt lat="22.7375930" lon="120.3302620">
    <ele>19.9</ele>
    <time>2026-08-17T07:49:56Z</time>
   </trkpt>
   <trkpt lat="22.7375780" lon="120.3302470">
    <ele>19.9</ele>
    <time>2026-08-17T07:49:57Z</time>
   </trkpt>
   <trkpt lat="22.7375720" lon="120.3302440">
    <ele>19.9</ele>
    <time>2026-08-17T07:49:59Z</time>
   </trkpt>
   <trkpt lat="22.7375650" lon="120.3302370">
    <ele>19.9</ele>
    <time>2026-08-17T07:50:00Z</time>
   </trkpt>
   <trkpt lat="22.7375610" lon="120.3302280">
    <ele>19.8</ele>
    <time>2026-08-17T07:50:01Z</time>
   </trkpt>
   <trkpt lat="22.7375630" lon="120.3302220">
    <ele>19.8</ele>
    <time>2026-08-17T07:50:02Z</time>
   </trkpt>
   <trkpt lat="22.7375630" lon="120.3302230">
    <ele>19.8</ele>
    <time>2026-08-17T07:50:03Z</time>
   </trkpt>
   <trkpt lat="22.7375580" lon="120.3302160">
    <ele>19.8</ele>
    <time>2026-08-17T07:50:04Z</time>
   </trkpt>
   <trkpt lat="22.7375560" lon="120.3302030">
    <ele>19.8</ele>
    <time>2026-08-17T07:50:06Z</time>
   </trkpt>
   <trkpt lat="22.7375560" lon="120.3301890">
    <ele>19.8</ele>
    <time>2026-08-17T07:50:07Z</time>
   </trkpt>
   <trkpt lat="22.7375600" lon="120.3301770">
    <ele>19.8</ele>
    <time>2026-08-17T07:50:08Z</time>
   </trkpt>
   <trkpt lat="22.7375670" lon="120.3301670">
    <ele>19.8</ele>
    <time>2026-08-17T07:50:09Z</time>
   </trkpt>
   <trkpt lat="22.7375760" lon="120.3301570">
    <ele>19.8</ele>
    <time>2026-08-17T07:50:10Z</time>
   </trkpt>
   <trkpt lat="22.7375800" lon="120.3301570">
    <ele>19.8</ele>
    <time>2026-08-17T07:50:11Z</time>
   </trkpt>
   <trkpt lat="22.7375870" lon="120.3301470">
    <ele>19.8</ele>
    <time>2026-08-17T07:50:12Z</time>
   </trkpt>
   <trkpt lat="22.7376050" lon="120.3301260">
    <ele>19.8</ele>
    <time>2026-08-17T07:50:13Z</time>
   </trkpt>
   <trkpt lat="22.7376130" lon="120.3301190">
    <ele>19.8</ele>
    <time>2026-08-17T07:50:15Z</time>
   </trkpt>
   <trkpt lat="22.7376230" lon="120.3301120">
    <ele>19.8</ele>
    <time>2026-08-17T07:50:16Z</time>
   </trkpt>
   <trkpt lat="22.7376110" lon="120.3300830">
    <ele>19.8</ele>
    <time>2026-08-17T07:50:18Z</time>
   </trkpt>
   <trkpt lat="22.7376170" lon="120.3300800">
    <ele>19.8</ele>
    <time>2026-08-17T07:50:20Z</time>
   </trkpt>
   <trkpt lat="22.7376180" lon="120.3300700">
    <ele>19.8</ele>
    <time>2026-08-17T07:50:21Z</time>
   </trkpt>
   <trkpt lat="22.7376120" lon="120.3300710">
    <ele>19.8</ele>
    <time>2026-08-17T07:50:22Z</time>
   </trkpt>
   <trkpt lat="22.7376040" lon="120.3300710">
    <ele>19.8</ele>
    <time>2026-08-17T07:50:23Z</time>
   </trkpt>
   <trkpt lat="22.7375990" lon="120.3300700">
    <ele>19.8</ele>
    <time>2026-08-17T07:50:24Z</time>
   </trkpt>
   <trkpt lat="22.7375930" lon="120.3300700">
    <ele>19.8</ele>
    <time>2026-08-17T07:50:25Z</time>
   </trkpt>
   <trkpt lat="22.7375880" lon="120.3300680">
    <ele>19.8</ele>
    <time>2026-08-17T07:50:26Z</time>
   </trkpt>
   <trkpt lat="22.7375870" lon="120.3300680">
    <ele>19.8</ele>
    <time>2026-08-17T07:50:27Z</time>
   </trkpt>
   <trkpt lat="22.7375860" lon="120.3300680">
    <ele>19.8</ele>
    <time>2026-08-17T07:50:28Z</time>
   </trkpt>
   <trkpt lat="22.7375850" lon="120.3300690">
    <ele>19.8</ele>
    <time>2026-08-17T07:50:29Z</time>
   </trkpt>
   <trkpt lat="22.7375830" lon="120.3300690">
    <ele>19.8</ele>
    <time>2026-08-17T07:50:30Z</time>
   </trkpt>
   <trkpt lat="22.7375840" lon="120.3300700">
    <ele>19.8</ele>
    <time>2026-08-17T07:50:31Z</time>
   </trkpt>
   <trkpt lat="22.7375840" lon="120.3300700">
    <ele>19.8</ele>
    <time>2026-08-17T07:50:32Z</time>
   </trkpt>
   <trkpt lat="22.7375830" lon="120.3300690">
    <ele>19.8</ele>
    <time>2026-08-17T07:50:33Z</time>
   </trkpt>
   <trkpt lat="22.7375820" lon="120.3300680">
    <ele>19.8</ele>
    <time>2026-08-17T07:50:34Z</time>
   </trkpt>
   <trkpt lat="22.7375800" lon="120.3300680">
    <ele>19.8</ele>
    <time>2026-08-17T07:50:35Z</time>
   </trkpt>
   <trkpt lat="22.7375780" lon="120.3300780">
    <ele>19.8</ele>
    <time>2026-08-17T07:50:36Z</time>
   </trkpt>
   <trkpt lat="22.7375760" lon="120.3300770">
    <ele>19.8</ele>
    <time>2026-08-17T07:50:38Z</time>
   </trkpt>
   <trkpt lat="22.7375740" lon="120.3300750">
    <ele>19.8</ele>
    <time>2026-08-17T07:50:39Z</time>
   </trkpt>
   <trkpt lat="22.7375720" lon="120.3300730">
    <ele>19.8</ele>
    <time>2026-08-17T07:50:40Z</time>
   </trkpt>
   <trkpt lat="22.7375710" lon="120.3300700">
    <ele>19.8</ele>
    <time>2026-08-17T07:50:41Z</time>
   </trkpt>
   <trkpt lat="22.7375690" lon="120.3300680">
    <ele>19.8</ele>
    <time>2026-08-17T07:50:42Z</time>
   </trkpt>
   <trkpt lat="22.7375690" lon="120.3300610">
    <ele>19.8</ele>
    <time>2026-08-17T07:50:43Z</time>
   </trkpt>
   <trkpt lat="22.7375680" lon="120.3300550">
    <ele>19.8</ele>
    <time>2026-08-17T07:50:44Z</time>
   </trkpt>
   <trkpt lat="22.7375660" lon="120.3300500">
    <ele>19.8</ele>
    <time>2026-08-17T07:50:45Z</time>
   </trkpt>
   <trkpt lat="22.7375650" lon="120.3300440">
    <ele>19.8</ele>
    <time>2026-08-17T07:50:47Z</time>
   </trkpt>
   <trkpt lat="22.7375670" lon="120.3300120">
    <ele>19.8</ele>
    <time>2026-08-17T07:50:48Z</time>
   </trkpt>
   <trkpt lat="22.7375730" lon="120.3299720">
    <ele>19.8</ele>
    <time>2026-08-17T07:50:49Z</time>
   </trkpt>
   <trkpt lat="22.7375700" lon="120.3299130">
    <ele>19.8</ele>
    <time>2026-08-17T07:50:51Z</time>
   </trkpt>
   <trkpt lat="22.7375890" lon="120.3298860">
    <ele>19.8</ele>
    <time>2026-08-17T07:50:53Z</time>
   </trkpt>
   <trkpt lat="22.7376190" lon="120.3298850">
    <ele>19.8</ele>
    <time>2026-08-17T07:50:54Z</time>
   </trkpt>
   <trkpt lat="22.7376290" lon="120.3298760">
    <ele>19.7</ele>
    <time>2026-08-17T07:50:56Z</time>
   </trkpt>
   <trkpt lat="22.7376360" lon="120.3298670">
    <ele>19.7</ele>
    <time>2026-08-17T07:50:57Z</time>
   </trkpt>
   <trkpt lat="22.7376440" lon="120.3298610">
    <ele>19.7</ele>
    <time>2026-08-17T07:50:58Z</time>
   </trkpt>
   <trkpt lat="22.7376530" lon="120.3298620">
    <ele>19.7</ele>
    <time>2026-08-17T07:50:59Z</time>
   </trkpt>
   <trkpt lat="22.7376580" lon="120.3298700">
    <ele>19.7</ele>
    <time>2026-08-17T07:51:00Z</time>
   </trkpt>
   <trkpt lat="22.7376630" lon="120.3298850">
    <ele>19.7</ele>
    <time>2026-08-17T07:51:01Z</time>
   </trkpt>
   <trkpt lat="22.7376660" lon="120.3298980">
    <ele>19.7</ele>
    <time>2026-08-17T07:51:02Z</time>
   </trkpt>
   <trkpt lat="22.7376660" lon="120.3299080">
    <ele>19.7</ele>
    <time>2026-08-17T07:51:03Z</time>
   </trkpt>
   <trkpt lat="22.7376600" lon="120.3299120">
    <ele>19.7</ele>
    <time>2026-08-17T07:51:04Z</time>
   </trkpt>
   <trkpt lat="22.7376660" lon="120.3299050">
    <ele>19.7</ele>
    <time>2026-08-17T07:51:05Z</time>
   </trkpt>
   <trkpt lat="22.7376640" lon="120.3298960">
    <ele>19.7</ele>
    <time>2026-08-17T07:51:07Z</time>
   </trkpt>
   <trkpt lat="22.7376660" lon="120.3298860">
    <ele>19.7</ele>
    <time>2026-08-17T07:51:08Z</time>
   </trkpt>
   <trkpt lat="22.7376660" lon="120.3298740">
    <ele>19.7</ele>
    <time>2026-08-17T07:51:09Z</time>
   </trkpt>
   <trkpt lat="22.7376670" lon="120.3298570">
    <ele>19.7</ele>
    <time>2026-08-17T07:51:10Z</time>
   </trkpt>
   <trkpt lat="22.7376700" lon="120.3298440">
    <ele>19.7</ele>
    <time>2026-08-17T07:51:11Z</time>
   </trkpt>
   <trkpt lat="22.7376780" lon="120.3298270">
    <ele>19.7</ele>
    <time>2026-08-17T07:51:12Z</time>
   </trkpt>
   <trkpt lat="22.7376880" lon="120.3298160">
    <ele>19.7</ele>
    <time>2026-08-17T07:51:13Z</time>
   </trkpt>
   <trkpt lat="22.7377020" lon="120.3298160">
    <ele>19.7</ele>
    <time>2026-08-17T07:51:14Z</time>
   </trkpt>
   <trkpt lat="22.7377130" lon="120.3298080">
    <ele>19.7</ele>
    <time>2026-08-17T07:51:15Z</time>
   </trkpt>
   <trkpt lat="22.7377240" lon="120.3297990">
    <ele>19.7</ele>
    <time>2026-08-17T07:51:16Z</time>
   </trkpt>
   <trkpt lat="22.7377400" lon="120.3297920">
    <ele>19.7</ele>
    <time>2026-08-17T07:51:17Z</time>
   </trkpt>
   <trkpt lat="22.7377490" lon="120.3297930">
    <ele>19.7</ele>
    <time>2026-08-17T07:51:18Z</time>
   </trkpt>
   <trkpt lat="22.7377590" lon="120.3297940">
    <ele>19.7</ele>
    <time>2026-08-17T07:51:19Z</time>
   </trkpt>
   <trkpt lat="22.7377710" lon="120.3297950">
    <ele>19.7</ele>
    <time>2026-08-17T07:51:20Z</time>
   </trkpt>
   <trkpt lat="22.7377880" lon="120.3298100">
    <ele>19.7</ele>
    <time>2026-08-17T07:51:21Z</time>
   </trkpt>
   <trkpt lat="22.7378150" lon="120.3298310">
    <ele>19.7</ele>
    <time>2026-08-17T07:51:22Z</time>
   </trkpt>
   <trkpt lat="22.7378230" lon="120.3298420">
    <ele>19.7</ele>
    <time>2026-08-17T07:51:23Z</time>
   </trkpt>
   <trkpt lat="22.7378330" lon="120.3298530">
    <ele>19.7</ele>
    <time>2026-08-17T07:51:25Z</time>
   </trkpt>
   <trkpt lat="22.7378440" lon="120.3298620">
    <ele>19.7</ele>
    <time>2026-08-17T07:51:26Z</time>
   </trkpt>
   <trkpt lat="22.7378570" lon="120.3298880">
    <ele>19.7</ele>
    <time>2026-08-17T07:51:27Z</time>
   </trkpt>
   <trkpt lat="22.7378630" lon="120.3299010">
    <ele>19.7</ele>
    <time>2026-08-17T07:51:29Z</time>
   </trkpt>
   <trkpt lat="22.7378810" lon="120.3299180">
    <ele>19.7</ele>
    <time>2026-08-17T07:51:30Z</time>
   </trkpt>
   <trkpt lat="22.7379000" lon="120.3299320">
    <ele>19.7</ele>
    <time>2026-08-17T07:51:31Z</time>
   </trkpt>
   <trkpt lat="22.7379150" lon="120.3299450">
    <ele>19.7</ele>
    <time>2026-08-17T07:51:32Z</time>
   </trkpt>
   <trkpt lat="22.7379300" lon="120.3299590">
    <ele>19.7</ele>
    <time>2026-08-17T07:51:33Z</time>
   </trkpt>
   <trkpt lat="22.7379440" lon="120.3299730">
    <ele>19.7</ele>
    <time>2026-08-17T07:51:34Z</time>
   </trkpt>
   <trkpt lat="22.7379560" lon="120.3299860">
    <ele>19.7</ele>
    <time>2026-08-17T07:51:35Z</time>
   </trkpt>
   <trkpt lat="22.7379680" lon="120.3299980">
    <ele>19.7</ele>
    <time>2026-08-17T07:51:36Z</time>
   </trkpt>
   <trkpt lat="22.7379750" lon="120.3300150">
    <ele>19.7</ele>
    <time>2026-08-17T07:51:37Z</time>
   </trkpt>
   <trkpt lat="22.7379790" lon="120.3300320">
    <ele>19.7</ele>
    <time>2026-08-17T07:51:38Z</time>
   </trkpt>
   <trkpt lat="22.7379840" lon="120.3300500">
    <ele>19.7</ele>
    <time>2026-08-17T07:51:39Z</time>
   </trkpt>
   <trkpt lat="22.7379890" lon="120.3300640">
    <ele>19.7</ele>
    <time>2026-08-17T07:51:40Z</time>
   </trkpt>
   <trkpt lat="22.7379950" lon="120.3300780">
    <ele>19.7</ele>
    <time>2026-08-17T07:51:41Z</time>
   </trkpt>
   <trkpt lat="22.7380090" lon="120.3301050">
    <ele>19.7</ele>
    <time>2026-08-17T07:51:42Z</time>
   </trkpt>
   <trkpt lat="22.7380130" lon="120.3301220">
    <ele>19.7</ele>
    <time>2026-08-17T07:51:44Z</time>
   </trkpt>
   <trkpt lat="22.7380220" lon="120.3301460">
    <ele>19.7</ele>
    <time>2026-08-17T07:51:45Z</time>
   </trkpt>
   <trkpt lat="22.7380270" lon="120.3301710">
    <ele>19.7</ele>
    <time>2026-08-17T07:51:47Z</time>
   </trkpt>
   <trkpt lat="22.7380280" lon="120.3301790">
    <ele>19.7</ele>
    <time>2026-08-17T07:51:49Z</time>
   </trkpt>
   <trkpt lat="22.7380290" lon="120.3301830">
    <ele>19.7</ele>
    <time>2026-08-17T07:51:50Z</time>
   </trkpt>
   <trkpt lat="22.7380350" lon="120.3301910">
    <ele>19.6</ele>
    <time>2026-08-17T07:51:51Z</time>
   </trkpt>
   <trkpt lat="22.7380440" lon="120.3301990">
    <ele>19.6</ele>
    <time>2026-08-17T07:51:52Z</time>
   </trkpt>
   <trkpt lat="22.7380460" lon="120.3302040">
    <ele>19.6</ele>
    <time>2026-08-17T07:51:53Z</time>
   </trkpt>
   <trkpt lat="22.7380430" lon="120.3302100">
    <ele>19.6</ele>
    <time>2026-08-17T07:51:54Z</time>
   </trkpt>
   <trkpt lat="22.7380410" lon="120.3302130">
    <ele>19.6</ele>
    <time>2026-08-17T07:51:55Z</time>
   </trkpt>
   <trkpt lat="22.7380440" lon="120.3302150">
    <ele>19.6</ele>
    <time>2026-08-17T07:51:56Z</time>
   </trkpt>
   <trkpt lat="22.7380450" lon="120.3302160">
    <ele>19.6</ele>
    <time>2026-08-17T07:51:57Z</time>
   </trkpt>
   <trkpt lat="22.7380460" lon="120.3302150">
    <ele>19.6</ele>
    <time>2026-08-17T07:51:58Z</time>
   </trkpt>
   <trkpt lat="22.7380490" lon="120.3302120">
    <ele>19.6</ele>
    <time>2026-08-17T07:51:59Z</time>
   </trkpt>
   <trkpt lat="22.7380530" lon="120.3302100">
    <ele>19.6</ele>
    <time>2026-08-17T07:52:00Z</time>
   </trkpt>
   <trkpt lat="22.7380560" lon="120.3302120">
    <ele>19.6</ele>
    <time>2026-08-17T07:52:02Z</time>
   </trkpt>
   <trkpt lat="22.7380620" lon="120.3302230">
    <ele>19.6</ele>
    <time>2026-08-17T07:52:04Z</time>
   </trkpt>
   <trkpt lat="22.7380670" lon="120.3302300">
    <ele>19.6</ele>
    <time>2026-08-17T07:52:06Z</time>
   </trkpt>
   <trkpt lat="22.7380670" lon="120.3302370">
    <ele>19.6</ele>
    <time>2026-08-17T07:52:07Z</time>
   </trkpt>
   <trkpt lat="22.7380650" lon="120.3302410">
    <ele>19.6</ele>
    <time>2026-08-17T07:52:08Z</time>
   </trkpt>
   <trkpt lat="22.7380650" lon="120.3302420">
    <ele>19.6</ele>
    <time>2026-08-17T07:52:09Z</time>
   </trkpt>
   <trkpt lat="22.7380640" lon="120.3302450">
    <ele>19.6</ele>
    <time>2026-08-17T07:52:10Z</time>
   </trkpt>
   <trkpt lat="22.7380660" lon="120.3302460">
    <ele>19.6</ele>
    <time>2026-08-17T07:52:11Z</time>
   </trkpt>
   <trkpt lat="22.7380690" lon="120.3302470">
    <ele>19.6</ele>
    <time>2026-08-17T07:52:13Z</time>
   </trkpt>
   <trkpt lat="22.7380700" lon="120.3302480">
    <ele>19.6</ele>
    <time>2026-08-17T07:52:15Z</time>
   </trkpt>
   <trkpt lat="22.7380730" lon="120.3302500">
    <ele>19.6</ele>
    <time>2026-08-17T07:52:16Z</time>
   </trkpt>
   <trkpt lat="22.7380750" lon="120.3302560">
    <ele>19.6</ele>
    <time>2026-08-17T07:52:17Z</time>
   </trkpt>
   <trkpt lat="22.7380750" lon="120.3302590">
    <ele>19.6</ele>
    <time>2026-08-17T07:52:18Z</time>
   </trkpt>
   <trkpt lat="22.7380740" lon="120.3302610">
    <ele>19.6</ele>
    <time>2026-08-17T07:52:19Z</time>
   </trkpt>
   <trkpt lat="22.7380750" lon="120.3302620">
    <ele>19.6</ele>
    <time>2026-08-17T07:52:20Z</time>
   </trkpt>
   <trkpt lat="22.7380750" lon="120.3302620">
    <ele>19.6</ele>
    <time>2026-08-17T07:52:21Z</time>
   </trkpt>
   <trkpt lat="22.7380800" lon="120.3302620">
    <ele>19.6</ele>
    <time>2026-08-17T07:52:22Z</time>
   </trkpt>
   <trkpt lat="22.7380850" lon="120.3302640">
    <ele>19.6</ele>
    <time>2026-08-17T07:52:23Z</time>
   </trkpt>
   <trkpt lat="22.7380880" lon="120.3302660">
    <ele>19.6</ele>
    <time>2026-08-17T07:52:24Z</time>
   </trkpt>
   <trkpt lat="22.7380910" lon="120.3302660">
    <ele>19.6</ele>
    <time>2026-08-17T07:52:26Z</time>
   </trkpt>
   <trkpt lat="22.7380970" lon="120.3302690">
    <ele>19.5</ele>
    <time>2026-08-17T07:52:27Z</time>
   </trkpt>
   <trkpt lat="22.7381050" lon="120.3302750">
    <ele>19.5</ele>
    <time>2026-08-17T07:52:28Z</time>
   </trkpt>
   <trkpt lat="22.7381100" lon="120.3302810">
    <ele>19.5</ele>
    <time>2026-08-17T07:52:29Z</time>
   </trkpt>
   <trkpt lat="22.7381080" lon="120.3302900">
    <ele>19.5</ele>
    <time>2026-08-17T07:52:30Z</time>
   </trkpt>
   <trkpt lat="22.7381060" lon="120.3302900">
    <ele>19.5</ele>
    <time>2026-08-17T07:52:31Z</time>
   </trkpt>
   <trkpt lat="22.7381050" lon="120.3302870">
    <ele>19.5</ele>
    <time>2026-08-17T07:52:32Z</time>
   </trkpt>
   <trkpt lat="22.7381050" lon="120.3302850">
    <ele>19.5</ele>
    <time>2026-08-17T07:52:33Z</time>
   </trkpt>
   <trkpt lat="22.7381060" lon="120.3302860">
    <ele>19.5</ele>
    <time>2026-08-17T07:52:34Z</time>
   </trkpt>
   <trkpt lat="22.7381080" lon="120.3302870">
    <ele>19.5</ele>
    <time>2026-08-17T07:52:35Z</time>
   </trkpt>
   <trkpt lat="22.7381060" lon="120.3302890">
    <ele>19.5</ele>
    <time>2026-08-17T07:52:36Z</time>
   </trkpt>
   <trkpt lat="22.7381050" lon="120.3302900">
    <ele>19.5</ele>
    <time>2026-08-17T07:52:37Z</time>
   </trkpt>
   <trkpt lat="22.7381070" lon="120.3302910">
    <ele>19.5</ele>
    <time>2026-08-17T07:52:38Z</time>
   </trkpt>
   <trkpt lat="22.7381080" lon="120.3302930">
    <ele>19.5</ele>
    <time>2026-08-17T07:52:39Z</time>
   </trkpt>
   <trkpt lat="22.7381100" lon="120.3302940">
    <ele>19.5</ele>
    <time>2026-08-17T07:52:40Z</time>
   </trkpt>
   <trkpt lat="22.7381120" lon="120.3302940">
    <ele>19.5</ele>
    <time>2026-08-17T07:52:41Z</time>
   </trkpt>
   <trkpt lat="22.7381140" lon="120.3302960">
    <ele>19.5</ele>
    <time>2026-08-17T07:52:42Z</time>
   </trkpt>
   <trkpt lat="22.7381150" lon="120.3303030">
    <ele>19.5</ele>
    <time>2026-08-17T07:52:43Z</time>
   </trkpt>
   <trkpt lat="22.7381180" lon="120.3303090">
    <ele>19.5</ele>
    <time>2026-08-17T07:52:44Z</time>
   </trkpt>
   <trkpt lat="22.7381200" lon="120.3303150">
    <ele>19.5</ele>
    <time>2026-08-17T07:52:45Z</time>
   </trkpt>
   <trkpt lat="22.7381200" lon="120.3303170">
    <ele>19.5</ele>
    <time>2026-08-17T07:52:46Z</time>
   </trkpt>
   <trkpt lat="22.7381190" lon="120.3303160">
    <ele>19.5</ele>
    <time>2026-08-17T07:52:47Z</time>
   </trkpt>
   <trkpt lat="22.7381220" lon="120.3303170">
    <ele>19.5</ele>
    <time>2026-08-17T07:52:48Z</time>
   </trkpt>
   <trkpt lat="22.7381230" lon="120.3303200">
    <ele>19.5</ele>
    <time>2026-08-17T07:52:49Z</time>
   </trkpt>
   <trkpt lat="22.7381240" lon="120.3303230">
    <ele>19.5</ele>
    <time>2026-08-17T07:52:50Z</time>
   </trkpt>
   <trkpt lat="22.7381250" lon="120.3303240">
    <ele>19.5</ele>
    <time>2026-08-17T07:52:51Z</time>
   </trkpt>
   <trkpt lat="22.7381270" lon="120.3303260">
    <ele>19.5</ele>
    <time>2026-08-17T07:52:52Z</time>
   </trkpt>
   <trkpt lat="22.7381280" lon="120.3303270">
    <ele>19.5</ele>
    <time>2026-08-17T07:52:53Z</time>
   </trkpt>
   <trkpt lat="22.7381310" lon="120.3303290">
    <ele>19.5</ele>
    <time>2026-08-17T07:52:54Z</time>
   </trkpt>
   <trkpt lat="22.7381360" lon="120.3303320">
    <ele>19.5</ele>
    <time>2026-08-17T07:52:55Z</time>
   </trkpt>
   <trkpt lat="22.7381360" lon="120.3303350">
    <ele>19.5</ele>
    <time>2026-08-17T07:52:56Z</time>
   </trkpt>
   <trkpt lat="22.7381380" lon="120.3303410">
    <ele>19.5</ele>
    <time>2026-08-17T07:52:57Z</time>
   </trkpt>
   <trkpt lat="22.7381370" lon="120.3303460">
    <ele>19.5</ele>
    <time>2026-08-17T07:52:58Z</time>
   </trkpt>
   <trkpt lat="22.7381360" lon="120.3303510">
    <ele>19.5</ele>
    <time>2026-08-17T07:52:59Z</time>
   </trkpt>
   <trkpt lat="22.7381350" lon="120.3303520">
    <ele>19.5</ele>
    <time>2026-08-17T07:53:00Z</time>
   </trkpt>
   <trkpt lat="22.7381380" lon="120.3303580">
    <ele>19.5</ele>
    <time>2026-08-17T07:53:01Z</time>
   </trkpt>
   <trkpt lat="22.7381400" lon="120.3303620">
    <ele>19.5</ele>
    <time>2026-08-17T07:53:03Z</time>
   </trkpt>
   <trkpt lat="22.7381420" lon="120.3303620">
    <ele>19.5</ele>
    <time>2026-08-17T07:53:04Z</time>
   </trkpt>
   <trkpt lat="22.7381430" lon="120.3303640">
    <ele>19.5</ele>
    <time>2026-08-17T07:53:05Z</time>
   </trkpt>
   <trkpt lat="22.7381430" lon="120.3303650">
    <ele>19.5</ele>
    <time>2026-08-17T07:53:06Z</time>
   </trkpt>
   <trkpt lat="22.7381430" lon="120.3303660">
    <ele>19.5</ele>
    <time>2026-08-17T07:53:07Z</time>
   </trkpt>
   <trkpt lat="22.7381440" lon="120.3303670">
    <ele>19.5</ele>
    <time>2026-08-17T07:53:08Z</time>
   </trkpt>
   <trkpt lat="22.7381430" lon="120.3303700">
    <ele>19.5</ele>
    <time>2026-08-17T07:53:09Z</time>
   </trkpt>
   <trkpt lat="22.7381430" lon="120.3303710">
    <ele>19.5</ele>
    <time>2026-08-17T07:53:10Z</time>
   </trkpt>
   <trkpt lat="22.7381430" lon="120.3303720">
    <ele>19.5</ele>
    <time>2026-08-17T07:53:11Z</time>
   </trkpt>
   <trkpt lat="22.7381440" lon="120.3303730">
    <ele>19.5</ele>
    <time>2026-08-17T07:53:12Z</time>
   </trkpt>
   <trkpt lat="22.7381460" lon="120.3303740">
    <ele>19.5</ele>
    <time>2026-08-17T07:53:13Z</time>
   </trkpt>
   <trkpt lat="22.7381480" lon="120.3303770">
    <ele>19.5</ele>
    <time>2026-08-17T07:53:14Z</time>
   </trkpt>
   <trkpt lat="22.7381500" lon="120.3303840">
    <ele>19.4</ele>
    <time>2026-08-17T07:53:15Z</time>
   </trkpt>
   <trkpt lat="22.7381490" lon="120.3303880">
    <ele>19.4</ele>
    <time>2026-08-17T07:53:16Z</time>
   </trkpt>
   <trkpt lat="22.7381490" lon="120.3303900">
    <ele>19.4</ele>
    <time>2026-08-17T07:53:17Z</time>
   </trkpt>
   <trkpt lat="22.7381520" lon="120.3303930">
    <ele>19.4</ele>
    <time>2026-08-17T07:53:18Z</time>
   </trkpt>
   <trkpt lat="22.7381550" lon="120.3303940">
    <ele>19.4</ele>
    <time>2026-08-17T07:53:19Z</time>
   </trkpt>
   <trkpt lat="22.7381570" lon="120.3303950">
    <ele>19.4</ele>
    <time>2026-08-17T07:53:20Z</time>
   </trkpt>
   <trkpt lat="22.7381570" lon="120.3303970">
    <ele>19.4</ele>
    <time>2026-08-17T07:53:21Z</time>
   </trkpt>
   <trkpt lat="22.7381570" lon="120.3304010">
    <ele>19.4</ele>
    <time>2026-08-17T07:53:22Z</time>
   </trkpt>
   <trkpt lat="22.7381580" lon="120.3304030">
    <ele>19.4</ele>
    <time>2026-08-17T07:53:23Z</time>
   </trkpt>
   <trkpt lat="22.7381590" lon="120.3304040">
    <ele>19.4</ele>
    <time>2026-08-17T07:53:24Z</time>
   </trkpt>
   <trkpt lat="22.7381610" lon="120.3304040">
    <ele>19.4</ele>
    <time>2026-08-17T07:53:25Z</time>
   </trkpt>
   <trkpt lat="22.7381630" lon="120.3304030">
    <ele>19.4</ele>
    <time>2026-08-17T07:53:26Z</time>
   </trkpt>
   <trkpt lat="22.7381640" lon="120.3304040">
    <ele>19.4</ele>
    <time>2026-08-17T07:53:27Z</time>
   </trkpt>
   <trkpt lat="22.7381670" lon="120.3304040">
    <ele>19.4</ele>
    <time>2026-08-17T07:53:28Z</time>
   </trkpt>
   <trkpt lat="22.7381670" lon="120.3304050">
    <ele>19.4</ele>
    <time>2026-08-17T07:53:29Z</time>
   </trkpt>
   <trkpt lat="22.7381690" lon="120.3304040">
    <ele>19.4</ele>
    <time>2026-08-17T07:53:30Z</time>
   </trkpt>
   <trkpt lat="22.7381740" lon="120.3304050">
    <ele>19.4</ele>
    <time>2026-08-17T07:53:31Z</time>
   </trkpt>
   <trkpt lat="22.7381800" lon="120.3304120">
    <ele>19.4</ele>
    <time>2026-08-17T07:53:32Z</time>
   </trkpt>
   <trkpt lat="22.7381870" lon="120.3304210">
    <ele>19.4</ele>
    <time>2026-08-17T07:53:33Z</time>
   </trkpt>
   <trkpt lat="22.7381910" lon="120.3304300">
    <ele>19.4</ele>
    <time>2026-08-17T07:53:34Z</time>
   </trkpt>
   <trkpt lat="22.7381900" lon="120.3304390">
    <ele>19.4</ele>
    <time>2026-08-17T07:53:35Z</time>
   </trkpt>
   <trkpt lat="22.7381880" lon="120.3304450">
    <ele>19.4</ele>
    <time>2026-08-17T07:53:36Z</time>
   </trkpt>
   <trkpt lat="22.7381870" lon="120.3304450">
    <ele>19.4</ele>
    <time>2026-08-17T07:53:37Z</time>
   </trkpt>
   <trkpt lat="22.7381880" lon="120.3304440">
    <ele>19.4</ele>
    <time>2026-08-17T07:53:38Z</time>
   </trkpt>
   <trkpt lat="22.7381870" lon="120.3304450">
    <ele>19.4</ele>
    <time>2026-08-17T07:53:39Z</time>
   </trkpt>
   <trkpt lat="22.7381860" lon="120.3304470">
    <ele>19.4</ele>
    <time>2026-08-17T07:53:40Z</time>
   </trkpt>
   <trkpt lat="22.7381860" lon="120.3304470">
    <ele>19.4</ele>
    <time>2026-08-17T07:53:41Z</time>
   </trkpt>
   <trkpt lat="22.7381850" lon="120.3304510">
    <ele>19.4</ele>
    <time>2026-08-17T07:53:42Z</time>
   </trkpt>
   <trkpt lat="22.7381850" lon="120.3304530">
    <ele>19.4</ele>
    <time>2026-08-17T07:53:43Z</time>
   </trkpt>
   <trkpt lat="22.7381850" lon="120.3304570">
    <ele>19.4</ele>
    <time>2026-08-17T07:53:44Z</time>
   </trkpt>
   <trkpt lat="22.7381870" lon="120.3304600">
    <ele>19.4</ele>
    <time>2026-08-17T07:53:45Z</time>
   </trkpt>
   <trkpt lat="22.7381900" lon="120.3304650">
    <ele>19.4</ele>
    <time>2026-08-17T07:53:46Z</time>
   </trkpt>
   <trkpt lat="22.7381910" lon="120.3304680">
    <ele>19.4</ele>
    <time>2026-08-17T07:53:47Z</time>
   </trkpt>
   <trkpt lat="22.7381900" lon="120.3304710">
    <ele>19.4</ele>
    <time>2026-08-17T07:53:48Z</time>
   </trkpt>
   <trkpt lat="22.7381900" lon="120.3304710">
    <ele>19.4</ele>
    <time>2026-08-17T07:53:49Z</time>
   </trkpt>
   <trkpt lat="22.7381910" lon="120.3304700">
    <ele>19.4</ele>
    <time>2026-08-17T07:53:50Z</time>
   </trkpt>
   <trkpt lat="22.7381910" lon="120.3304710">
    <ele>19.4</ele>
    <time>2026-08-17T07:53:51Z</time>
   </trkpt>
   <trkpt lat="22.7381930" lon="120.3304700">
    <ele>19.4</ele>
    <time>2026-08-17T07:53:52Z</time>
   </trkpt>
   <trkpt lat="22.7381940" lon="120.3304710">
    <ele>19.4</ele>
    <time>2026-08-17T07:53:53Z</time>
   </trkpt>
   <trkpt lat="22.7381940" lon="120.3304720">
    <ele>19.4</ele>
    <time>2026-08-17T07:53:54Z</time>
   </trkpt>
   <trkpt lat="22.7381950" lon="120.3304740">
    <ele>19.4</ele>
    <time>2026-08-17T07:53:55Z</time>
   </trkpt>
   <trkpt lat="22.7381960" lon="120.3304750">
    <ele>19.4</ele>
    <time>2026-08-17T07:53:56Z</time>
   </trkpt>
   <trkpt lat="22.7381980" lon="120.3304780">
    <ele>19.4</ele>
    <time>2026-08-17T07:53:57Z</time>
   </trkpt>
   <trkpt lat="22.7382020" lon="120.3304790">
    <ele>19.4</ele>
    <time>2026-08-17T07:53:58Z</time>
   </trkpt>
   <trkpt lat="22.7382130" lon="120.3304830">
    <ele>19.4</ele>
    <time>2026-08-17T07:53:59Z</time>
   </trkpt>
   <trkpt lat="22.7382210" lon="120.3304910">
    <ele>19.4</ele>
    <time>2026-08-17T07:54:01Z</time>
   </trkpt>
   <trkpt lat="22.7382230" lon="120.3305010">
    <ele>19.4</ele>
    <time>2026-08-17T07:54:02Z</time>
   </trkpt>
   <trkpt lat="22.7382220" lon="120.3305070">
    <ele>19.4</ele>
    <time>2026-08-17T07:54:03Z</time>
   </trkpt>
   <trkpt lat="22.7382190" lon="120.3305090">
    <ele>19.4</ele>
    <time>2026-08-17T07:54:04Z</time>
   </trkpt>
   <trkpt lat="22.7382180" lon="120.3305100">
    <ele>19.4</ele>
    <time>2026-08-17T07:54:05Z</time>
   </trkpt>
   <trkpt lat="22.7382160" lon="120.3305100">
    <ele>19.4</ele>
    <time>2026-08-17T07:54:06Z</time>
   </trkpt>
   <trkpt lat="22.7382170" lon="120.3305110">
    <ele>19.4</ele>
    <time>2026-08-17T07:54:07Z</time>
   </trkpt>
   <trkpt lat="22.7382170" lon="120.3305130">
    <ele>19.4</ele>
    <time>2026-08-17T07:54:08Z</time>
   </trkpt>
   <trkpt lat="22.7382180" lon="120.3305150">
    <ele>19.4</ele>
    <time>2026-08-17T07:54:09Z</time>
   </trkpt>
   <trkpt lat="22.7382220" lon="120.3305170">
    <ele>19.4</ele>
    <time>2026-08-17T07:54:10Z</time>
   </trkpt>
   <trkpt lat="22.7382280" lon="120.3305190">
    <ele>19.4</ele>
    <time>2026-08-17T07:54:11Z</time>
   </trkpt>
   <trkpt lat="22.7382330" lon="120.3305220">
    <ele>19.4</ele>
    <time>2026-08-17T07:54:12Z</time>
   </trkpt>
   <trkpt lat="22.7382390" lon="120.3305270">
    <ele>19.4</ele>
    <time>2026-08-17T07:54:13Z</time>
   </trkpt>
   <trkpt lat="22.7382420" lon="120.3305320">
    <ele>19.4</ele>
    <time>2026-08-17T07:54:14Z</time>
   </trkpt>
   <trkpt lat="22.7382440" lon="120.3305420">
    <ele>19.4</ele>
    <time>2026-08-17T07:54:15Z</time>
   </trkpt>
   <trkpt lat="22.7382420" lon="120.3305460">
    <ele>19.3</ele>
    <time>2026-08-17T07:54:16Z</time>
   </trkpt>
   <trkpt lat="22.7382400" lon="120.3305460">
    <ele>19.3</ele>
    <time>2026-08-17T07:54:17Z</time>
   </trkpt>
   <trkpt lat="22.7382400" lon="120.3305450">
    <ele>19.3</ele>
    <time>2026-08-17T07:54:18Z</time>
   </trkpt>
   <trkpt lat="22.7382400" lon="120.3305460">
    <ele>19.3</ele>
    <time>2026-08-17T07:54:19Z</time>
   </trkpt>
   <trkpt lat="22.7382410" lon="120.3305460">
    <ele>19.3</ele>
    <time>2026-08-17T07:54:20Z</time>
   </trkpt>
   <trkpt lat="22.7382400" lon="120.3305470">
    <ele>19.3</ele>
    <time>2026-08-17T07:54:22Z</time>
   </trkpt>
   <trkpt lat="22.7382400" lon="120.3305480">
    <ele>19.3</ele>
    <time>2026-08-17T07:54:23Z</time>
   </trkpt>
   <trkpt lat="22.7382410" lon="120.3305500">
    <ele>19.3</ele>
    <time>2026-08-17T07:54:24Z</time>
   </trkpt>
   <trkpt lat="22.7382410" lon="120.3305490">
    <ele>19.3</ele>
    <time>2026-08-17T07:54:25Z</time>
   </trkpt>
   <trkpt lat="22.7382420" lon="120.3305490">
    <ele>19.3</ele>
    <time>2026-08-17T07:54:27Z</time>
   </trkpt>
   <trkpt lat="22.7382400" lon="120.3305510">
    <ele>19.3</ele>
    <time>2026-08-17T07:54:28Z</time>
   </trkpt>
   <trkpt lat="22.7382390" lon="120.3305530">
    <ele>19.3</ele>
    <time>2026-08-17T07:54:29Z</time>
   </trkpt>
   <trkpt lat="22.7382400" lon="120.3305530">
    <ele>19.3</ele>
    <time>2026-08-17T07:54:30Z</time>
   </trkpt>
   <trkpt lat="22.7382400" lon="120.3305530">
    <ele>19.3</ele>
    <time>2026-08-17T07:54:31Z</time>
   </trkpt>
   <trkpt lat="22.7382400" lon="120.3305520">
    <ele>19.3</ele>
    <time>2026-08-17T07:54:32Z</time>
   </trkpt>
   <trkpt lat="22.7382400" lon="120.3305520">
    <ele>19.3</ele>
    <time>2026-08-17T07:54:33Z</time>
   </trkpt>
   <trkpt lat="22.7382440" lon="120.3305530">
    <ele>19.3</ele>
    <time>2026-08-17T07:54:35Z</time>
   </trkpt>
   <trkpt lat="22.7382540" lon="120.3305560">
    <ele>19.3</ele>
    <time>2026-08-17T07:54:36Z</time>
   </trkpt>
   <trkpt lat="22.7382620" lon="120.3305660">
    <ele>19.3</ele>
    <time>2026-08-17T07:54:38Z</time>
   </trkpt>
   <trkpt lat="22.7382620" lon="120.3305690">
    <ele>19.3</ele>
    <time>2026-08-17T07:54:39Z</time>
   </trkpt>
   <trkpt lat="22.7382600" lon="120.3305720">
    <ele>19.3</ele>
    <time>2026-08-17T07:54:41Z</time>
   </trkpt>
   <trkpt lat="22.7382600" lon="120.3305750">
    <ele>19.3</ele>
    <time>2026-08-17T07:54:42Z</time>
   </trkpt>
   <trkpt lat="22.7382610" lon="120.3305760">
    <ele>19.3</ele>
    <time>2026-08-17T07:54:43Z</time>
   </trkpt>
   <trkpt lat="22.7382610" lon="120.3305760">
    <ele>19.3</ele>
    <time>2026-08-17T07:54:44Z</time>
   </trkpt>
   <trkpt lat="22.7382630" lon="120.3305770">
    <ele>19.3</ele>
    <time>2026-08-17T07:54:45Z</time>
   </trkpt>
   <trkpt lat="22.7382620" lon="120.3305760">
    <ele>19.3</ele>
    <time>2026-08-17T07:54:47Z</time>
   </trkpt>
   <trkpt lat="22.7382640" lon="120.3305770">
    <ele>19.3</ele>
    <time>2026-08-17T07:54:48Z</time>
   </trkpt>
   <trkpt lat="22.7382670" lon="120.3305800">
    <ele>19.3</ele>
    <time>2026-08-17T07:54:50Z</time>
   </trkpt>
   <trkpt lat="22.7382740" lon="120.3305880">
    <ele>19.3</ele>
    <time>2026-08-17T07:54:51Z</time>
   </trkpt>
   <trkpt lat="22.7382730" lon="120.3305950">
    <ele>19.3</ele>
    <time>2026-08-17T07:54:52Z</time>
   </trkpt>
   <trkpt lat="22.7382700" lon="120.3305970">
    <ele>19.3</ele>
    <time>2026-08-17T07:54:53Z</time>
   </trkpt>
   <trkpt lat="22.7382580" lon="120.3305980">
    <ele>19.3</ele>
    <time>2026-08-17T07:54:54Z</time>
   </trkpt>
   <trkpt lat="22.7382560" lon="120.3305980">
    <ele>19.3</ele>
    <time>2026-08-17T07:54:55Z</time>
   </trkpt>
   <trkpt lat="22.7382550" lon="120.3306000">
    <ele>19.3</ele>
    <time>2026-08-17T07:54:56Z</time>
   </trkpt>
   <trkpt lat="22.7382540" lon="120.3306020">
    <ele>19.3</ele>
    <time>2026-08-17T07:54:57Z</time>
   </trkpt>
   <trkpt lat="22.7382580" lon="120.3306040">
    <ele>19.3</ele>
    <time>2026-08-17T07:54:58Z</time>
   </trkpt>
   <trkpt lat="22.7382610" lon="120.3306040">
    <ele>19.3</ele>
    <time>2026-08-17T07:55:00Z</time>
   </trkpt>
   <trkpt lat="22.7382640" lon="120.3306070">
    <ele>19.3</ele>
    <time>2026-08-17T07:55:01Z</time>
   </trkpt>
   <trkpt lat="22.7382680" lon="120.3306120">
    <ele>19.3</ele>
    <time>2026-08-17T07:55:02Z</time>
   </trkpt>
   <trkpt lat="22.7382720" lon="120.3306180">
    <ele>19.3</ele>
    <time>2026-08-17T07:55:03Z</time>
   </trkpt>
   <trkpt lat="22.7382740" lon="120.3306230">
    <ele>19.3</ele>
    <time>2026-08-17T07:55:04Z</time>
   </trkpt>
   <trkpt lat="22.7382720" lon="120.3306270">
    <ele>19.3</ele>
    <time>2026-08-17T07:55:05Z</time>
   </trkpt>
   <trkpt lat="22.7382730" lon="120.3306310">
    <ele>19.3</ele>
    <time>2026-08-17T07:55:06Z</time>
   </trkpt>
   <trkpt lat="22.7382750" lon="120.3306350">
    <ele>19.3</ele>
    <time>2026-08-17T07:55:08Z</time>
   </trkpt>
   <trkpt lat="22.7382780" lon="120.3306380">
    <ele>19.3</ele>
    <time>2026-08-17T07:55:09Z</time>
   </trkpt>
   <trkpt lat="22.7382810" lon="120.3306400">
    <ele>19.3</ele>
    <time>2026-08-17T07:55:10Z</time>
   </trkpt>
   <trkpt lat="22.7382820" lon="120.3306410">
    <ele>19.3</ele>
    <time>2026-08-17T07:55:11Z</time>
   </trkpt>
   <trkpt lat="22.7382830" lon="120.3306430">
    <ele>19.3</ele>
    <time>2026-08-17T07:55:12Z</time>
   </trkpt>
   <trkpt lat="22.7382840" lon="120.3306430">
    <ele>19.3</ele>
    <time>2026-08-17T07:55:13Z</time>
   </trkpt>
   <trkpt lat="22.7382840" lon="120.3306410">
    <ele>19.3</ele>
    <time>2026-08-17T07:55:14Z</time>
   </trkpt>
   <trkpt lat="22.7382850" lon="120.3306390">
    <ele>19.3</ele>
    <time>2026-08-17T07:55:15Z</time>
   </trkpt>
   <trkpt lat="22.7382890" lon="120.3306370">
    <ele>19.3</ele>
    <time>2026-08-17T07:55:16Z</time>
   </trkpt>
   <trkpt lat="22.7383010" lon="120.3306360">
    <ele>19.3</ele>
    <time>2026-08-17T07:55:17Z</time>
   </trkpt>
   <trkpt lat="22.7383140" lon="120.3306330">
    <ele>19.2</ele>
    <time>2026-08-17T07:55:18Z</time>
   </trkpt>
   <trkpt lat="22.7383210" lon="120.3306310">
    <ele>19.2</ele>
    <time>2026-08-17T07:55:19Z</time>
   </trkpt>
   <trkpt lat="22.7383250" lon="120.3306290">
    <ele>19.2</ele>
    <time>2026-08-17T07:55:20Z</time>
   </trkpt>
   <trkpt lat="22.7383230" lon="120.3306200">
    <ele>19.2</ele>
    <time>2026-08-17T07:55:21Z</time>
   </trkpt>
   <trkpt lat="22.7383240" lon="120.3306120">
    <ele>19.2</ele>
    <time>2026-08-17T07:55:22Z</time>
   </trkpt>
   <trkpt lat="22.7383230" lon="120.3306090">
    <ele>19.2</ele>
    <time>2026-08-17T07:55:23Z</time>
   </trkpt>
   <trkpt lat="22.7383200" lon="120.3306060">
    <ele>19.2</ele>
    <time>2026-08-17T07:55:24Z</time>
   </trkpt>
   <trkpt lat="22.7383180" lon="120.3306060">
    <ele>19.3</ele>
    <time>2026-08-17T07:55:25Z</time>
   </trkpt>
   <trkpt lat="22.7383180" lon="120.3306050">
    <ele>19.3</ele>
    <time>2026-08-17T07:55:26Z</time>
   </trkpt>
   <trkpt lat="22.7383190" lon="120.3306060">
    <ele>19.3</ele>
    <time>2026-08-17T07:55:27Z</time>
   </trkpt>
   <trkpt lat="22.7383140" lon="120.3306050">
    <ele>19.3</ele>
    <time>2026-08-17T07:55:28Z</time>
   </trkpt>
   <trkpt lat="22.7383110" lon="120.3306060">
    <ele>19.3</ele>
    <time>2026-08-17T07:55:29Z</time>
   </trkpt>
   <trkpt lat="22.7383100" lon="120.3306070">
    <ele>19.3</ele>
    <time>2026-08-17T07:55:30Z</time>
   </trkpt>
   <trkpt lat="22.7383070" lon="120.3306090">
    <ele>19.3</ele>
    <time>2026-08-17T07:55:31Z</time>
   </trkpt>
   <trkpt lat="22.7383000" lon="120.3306100">
    <ele>19.3</ele>
    <time>2026-08-17T07:55:33Z</time>
   </trkpt>
   <trkpt lat="22.7382980" lon="120.3306120">
    <ele>19.3</ele>
    <time>2026-08-17T07:55:34Z</time>
   </trkpt>
   <trkpt lat="22.7382950" lon="120.3306120">
    <ele>19.3</ele>
    <time>2026-08-17T07:55:35Z</time>
   </trkpt>
   <trkpt lat="22.7382850" lon="120.3306160">
    <ele>19.3</ele>
    <time>2026-08-17T07:55:36Z</time>
   </trkpt>
   <trkpt lat="22.7382820" lon="120.3306160">
    <ele>19.3</ele>
    <time>2026-08-17T07:55:38Z</time>
   </trkpt>
   <trkpt lat="22.7382750" lon="120.3306150">
    <ele>19.3</ele>
    <time>2026-08-17T07:55:39Z</time>
   </trkpt>
   <trkpt lat="22.7382740" lon="120.3306150">
    <ele>19.3</ele>
    <time>2026-08-17T07:55:40Z</time>
   </trkpt>
   <trkpt lat="22.7382720" lon="120.3306150">
    <ele>19.3</ele>
    <time>2026-08-17T07:55:41Z</time>
   </trkpt>
   <trkpt lat="22.7382710" lon="120.3306140">
    <ele>19.3</ele>
    <time>2026-08-17T07:55:42Z</time>
   </trkpt>
   <trkpt lat="22.7382710" lon="120.3306150">
    <ele>19.3</ele>
    <time>2026-08-17T07:55:43Z</time>
   </trkpt>
   <trkpt lat="22.7382670" lon="120.3306140">
    <ele>19.3</ele>
    <time>2026-08-17T07:55:44Z</time>
   </trkpt>
   <trkpt lat="22.7382560" lon="120.3306070">
    <ele>19.3</ele>
    <time>2026-08-17T07:55:46Z</time>
   </trkpt>
   <trkpt lat="22.7382510" lon="120.3306040">
    <ele>19.3</ele>
    <time>2026-08-17T07:55:47Z</time>
   </trkpt>
   <trkpt lat="22.7382430" lon="120.3305990">
    <ele>19.3</ele>
    <time>2026-08-17T07:55:48Z</time>
   </trkpt>
   <trkpt lat="22.7382370" lon="120.3305960">
    <ele>19.3</ele>
    <time>2026-08-17T07:55:49Z</time>
   </trkpt>
   <trkpt lat="22.7382320" lon="120.3305920">
    <ele>19.3</ele>
    <time>2026-08-17T07:55:50Z</time>
   </trkpt>
   <trkpt lat="22.7382210" lon="120.3305960">
    <ele>19.3</ele>
    <time>2026-08-17T07:55:51Z</time>
   </trkpt>
   <trkpt lat="22.7382170" lon="120.3305940">
    <ele>19.3</ele>
    <time>2026-08-17T07:55:52Z</time>
   </trkpt>
   <trkpt lat="22.7382160" lon="120.3305940">
    <ele>19.3</ele>
    <time>2026-08-17T07:55:53Z</time>
   </trkpt>
   <trkpt lat="22.7382160" lon="120.3305930">
    <ele>19.3</ele>
    <time>2026-08-17T07:55:54Z</time>
   </trkpt>
   <trkpt lat="22.7382150" lon="120.3305930">
    <ele>19.3</ele>
    <time>2026-08-17T07:55:55Z</time>
   </trkpt>
   <trkpt lat="22.7382140" lon="120.3305930">
    <ele>19.3</ele>
    <time>2026-08-17T07:55:56Z</time>
   </trkpt>
   <trkpt lat="22.7382100" lon="120.3305920">
    <ele>19.3</ele>
    <time>2026-08-17T07:55:57Z</time>
   </trkpt>
   <trkpt lat="22.7382070" lon="120.3305920">
    <ele>19.3</ele>
    <time>2026-08-17T07:55:58Z</time>
   </trkpt>
   <trkpt lat="22.7381990" lon="120.3305890">
    <ele>19.3</ele>
    <time>2026-08-17T07:55:59Z</time>
   </trkpt>
   <trkpt lat="22.7381960" lon="120.3305870">
    <ele>19.3</ele>
    <time>2026-08-17T07:56:01Z</time>
   </trkpt>
   <trkpt lat="22.7381920" lon="120.3305830">
    <ele>19.3</ele>
    <time>2026-08-17T07:56:02Z</time>
   </trkpt>
   <trkpt lat="22.7381930" lon="120.3305790">
    <ele>19.3</ele>
    <time>2026-08-17T07:56:03Z</time>
   </trkpt>
   <trkpt lat="22.7381960" lon="120.3305770">
    <ele>19.3</ele>
    <time>2026-08-17T07:56:04Z</time>
   </trkpt>
   <trkpt lat="22.7381980" lon="120.3305790">
    <ele>19.3</ele>
    <time>2026-08-17T07:56:05Z</time>
   </trkpt>
   <trkpt lat="22.7381990" lon="120.3305800">
    <ele>19.3</ele>
    <time>2026-08-17T07:56:06Z</time>
   </trkpt>
   <trkpt lat="22.7382010" lon="120.3305800">
    <ele>19.3</ele>
    <time>2026-08-17T07:56:07Z</time>
   </trkpt>
   <trkpt lat="22.7382010" lon="120.3305810">
    <ele>19.3</ele>
    <time>2026-08-17T07:56:09Z</time>
   </trkpt>
   <trkpt lat="22.7381990" lon="120.3305820">
    <ele>19.3</ele>
    <time>2026-08-17T07:56:10Z</time>
   </trkpt>
   <trkpt lat="22.7381980" lon="120.3305810">
    <ele>19.3</ele>
    <time>2026-08-17T07:56:11Z</time>
   </trkpt>
   <trkpt lat="22.7382000" lon="120.3305790">
    <ele>19.3</ele>
    <time>2026-08-17T07:56:12Z</time>
   </trkpt>
   <trkpt lat="22.7382150" lon="120.3305740">
    <ele>19.3</ele>
    <time>2026-08-17T07:56:13Z</time>
   </trkpt>
   <trkpt lat="22.7382240" lon="120.3305690">
    <ele>19.3</ele>
    <time>2026-08-17T07:56:14Z</time>
   </trkpt>
   <trkpt lat="22.7382270" lon="120.3305710">
    <ele>19.3</ele>
    <time>2026-08-17T07:56:15Z</time>
   </trkpt>
   <trkpt lat="22.7382240" lon="120.3305690">
    <ele>19.3</ele>
    <time>2026-08-17T07:56:16Z</time>
   </trkpt>
   <trkpt lat="22.7382210" lon="120.3305700">
    <ele>19.3</ele>
    <time>2026-08-17T07:56:17Z</time>
   </trkpt>
   <trkpt lat="22.7382140" lon="120.3305680">
    <ele>19.3</ele>
    <time>2026-08-17T07:56:18Z</time>
   </trkpt>
   <trkpt lat="22.7382080" lon="120.3305650">
    <ele>19.3</ele>
    <time>2026-08-17T07:56:19Z</time>
   </trkpt>
   <trkpt lat="22.7382050" lon="120.3305630">
    <ele>19.3</ele>
    <time>2026-08-17T07:56:20Z</time>
   </trkpt>
   <trkpt lat="22.7382030" lon="120.3305620">
    <ele>19.3</ele>
    <time>2026-08-17T07:56:21Z</time>
   </trkpt>
   <trkpt lat="22.7382030" lon="120.3305600">
    <ele>19.3</ele>
    <time>2026-08-17T07:56:22Z</time>
   </trkpt>
   <trkpt lat="22.7382000" lon="120.3305570">
    <ele>19.3</ele>
    <time>2026-08-17T07:56:23Z</time>
   </trkpt>
   <trkpt lat="22.7381980" lon="120.3305560">
    <ele>19.3</ele>
    <time>2026-08-17T07:56:24Z</time>
   </trkpt>
   <trkpt lat="22.7381950" lon="120.3305520">
    <ele>19.3</ele>
    <time>2026-08-17T07:56:25Z</time>
   </trkpt>
   <trkpt lat="22.7381910" lon="120.3305440">
    <ele>19.4</ele>
    <time>2026-08-17T07:56:26Z</time>
   </trkpt>
   <trkpt lat="22.7381830" lon="120.3305210">
    <ele>19.4</ele>
    <time>2026-08-17T07:56:27Z</time>
   </trkpt>
   <trkpt lat="22.7381820" lon="120.3305080">
    <ele>19.4</ele>
    <time>2026-08-17T07:56:29Z</time>
   </trkpt>
   <trkpt lat="22.7381850" lon="120.3305010">
    <ele>19.4</ele>
    <time>2026-08-17T07:56:30Z</time>
   </trkpt>
   <trkpt lat="22.7381870" lon="120.3304990">
    <ele>19.4</ele>
    <time>2026-08-17T07:56:31Z</time>
   </trkpt>
   <trkpt lat="22.7381870" lon="120.3304970">
    <ele>19.4</ele>
    <time>2026-08-17T07:56:32Z</time>
   </trkpt>
   <trkpt lat="22.7381880" lon="120.3304950">
    <ele>19.4</ele>
    <time>2026-08-17T07:56:33Z</time>
   </trkpt>
   <trkpt lat="22.7381850" lon="120.3304920">
    <ele>19.4</ele>
    <time>2026-08-17T07:56:34Z</time>
   </trkpt>
   <trkpt lat="22.7381790" lon="120.3304870">
    <ele>19.4</ele>
    <time>2026-08-17T07:56:35Z</time>
   </trkpt>
   <trkpt lat="22.7381700" lon="120.3304790">
    <ele>19.4</ele>
    <time>2026-08-17T07:56:36Z</time>
   </trkpt>
   <trkpt lat="22.7381620" lon="120.3304700">
    <ele>19.4</ele>
    <time>2026-08-17T07:56:37Z</time>
   </trkpt>
   <trkpt lat="22.7381560" lon="120.3304590">
    <ele>19.4</ele>
    <time>2026-08-17T07:56:38Z</time>
   </trkpt>
   <trkpt lat="22.7381520" lon="120.3304490">
    <ele>19.4</ele>
    <time>2026-08-17T07:56:39Z</time>
   </trkpt>
   <trkpt lat="22.7381540" lon="120.3304390">
    <ele>19.4</ele>
    <time>2026-08-17T07:56:40Z</time>
   </trkpt>
   <trkpt lat="22.7381600" lon="120.3304350">
    <ele>19.4</ele>
    <time>2026-08-17T07:56:41Z</time>
   </trkpt>
   <trkpt lat="22.7381670" lon="120.3304340">
    <ele>19.4</ele>
    <time>2026-08-17T07:56:42Z</time>
   </trkpt>
   <trkpt lat="22.7381490" lon="120.3304470">
    <ele>19.4</ele>
    <time>2026-08-17T07:56:43Z</time>
   </trkpt>
   <trkpt lat="22.7381400" lon="120.3304540">
    <ele>19.4</ele>
    <time>2026-08-17T07:56:44Z</time>
   </trkpt>
   <trkpt lat="22.7381250" lon="120.3304610">
    <ele>19.4</ele>
    <time>2026-08-17T07:56:45Z</time>
   </trkpt>
   <trkpt lat="22.7381040" lon="120.3304590">
    <ele>19.4</ele>
    <time>2026-08-17T07:56:46Z</time>
   </trkpt>
   <trkpt lat="22.7380840" lon="120.3304480">
    <ele>19.4</ele>
    <time>2026-08-17T07:56:47Z</time>
   </trkpt>
   <trkpt lat="22.7380790" lon="120.3304380">
    <ele>19.4</ele>
    <time>2026-08-17T07:56:48Z</time>
   </trkpt>
   <trkpt lat="22.7380800" lon="120.3304260">
    <ele>19.4</ele>
    <time>2026-08-17T07:56:49Z</time>
   </trkpt>
   <trkpt lat="22.7380860" lon="120.3304190">
    <ele>19.4</ele>
    <time>2026-08-17T07:56:50Z</time>
   </trkpt>
   <trkpt lat="22.7380920" lon="120.3304180">
    <ele>19.4</ele>
    <time>2026-08-17T07:56:51Z</time>
   </trkpt>
   <trkpt lat="22.7380930" lon="120.3304190">
    <ele>19.4</ele>
    <time>2026-08-17T07:56:52Z</time>
   </trkpt>
   <trkpt lat="22.7380890" lon="120.3304210">
    <ele>19.4</ele>
    <time>2026-08-17T07:56:53Z</time>
   </trkpt>
   <trkpt lat="22.7380850" lon="120.3304230">
    <ele>19.4</ele>
    <time>2026-08-17T07:56:54Z</time>
   </trkpt>
   <trkpt lat="22.7380830" lon="120.3304240">
    <ele>19.4</ele>
    <time>2026-08-17T07:56:55Z</time>
   </trkpt>
   <trkpt lat="22.7380840" lon="120.3304210">
    <ele>19.4</ele>
    <time>2026-08-17T07:56:56Z</time>
   </trkpt>
   <trkpt lat="22.7380840" lon="120.3304190">
    <ele>19.4</ele>
    <time>2026-08-17T07:56:57Z</time>
   </trkpt>
   <trkpt lat="22.7380820" lon="120.3304180">
    <ele>19.4</ele>
    <time>2026-08-17T07:56:58Z</time>
   </trkpt>
   <trkpt lat="22.7380730" lon="120.3304100">
    <ele>19.4</ele>
    <time>2026-08-17T07:56:59Z</time>
   </trkpt>
   <trkpt lat="22.7380660" lon="120.3303950">
    <ele>19.5</ele>
    <time>2026-08-17T07:57:01Z</time>
   </trkpt>
   <trkpt lat="22.7380670" lon="120.3303790">
    <ele>19.5</ele>
    <time>2026-08-17T07:57:02Z</time>
   </trkpt>
   <trkpt lat="22.7380730" lon="120.3303690">
    <ele>19.5</ele>
    <time>2026-08-17T07:57:03Z</time>
   </trkpt>
   <trkpt lat="22.7380770" lon="120.3303620">
    <ele>19.5</ele>
    <time>2026-08-17T07:57:04Z</time>
   </trkpt>
   <trkpt lat="22.7380730" lon="120.3303650">
    <ele>19.5</ele>
    <time>2026-08-17T07:57:05Z</time>
   </trkpt>
   <trkpt lat="22.7380610" lon="120.3303700">
    <ele>19.5</ele>
    <time>2026-08-17T07:57:06Z</time>
   </trkpt>
   <trkpt lat="22.7380560" lon="120.3303620">
    <ele>19.5</ele>
    <time>2026-08-17T07:57:08Z</time>
   </trkpt>
   <trkpt lat="22.7380540" lon="120.3303500">
    <ele>19.5</ele>
    <time>2026-08-17T07:57:09Z</time>
   </trkpt>
   <trkpt lat="22.7380540" lon="120.3303460">
    <ele>19.5</ele>
    <time>2026-08-17T07:57:10Z</time>
   </trkpt>
   <trkpt lat="22.7380560" lon="120.3303440">
    <ele>19.5</ele>
    <time>2026-08-17T07:57:11Z</time>
   </trkpt>
   <trkpt lat="22.7380600" lon="120.3303420">
    <ele>19.5</ele>
    <time>2026-08-17T07:57:12Z</time>
   </trkpt>
   <trkpt lat="22.7380670" lon="120.3303410">
    <ele>19.5</ele>
    <time>2026-08-17T07:57:13Z</time>
   </trkpt>
   <trkpt lat="22.7380720" lon="120.3303380">
    <ele>19.5</ele>
    <time>2026-08-17T07:57:14Z</time>
   </trkpt>
   <trkpt lat="22.7380680" lon="120.3303300">
    <ele>19.5</ele>
    <time>2026-08-17T07:57:15Z</time>
   </trkpt>
   <trkpt lat="22.7380660" lon="120.3303250">
    <ele>19.5</ele>
    <time>2026-08-17T07:57:16Z</time>
   </trkpt>
   <trkpt lat="22.7380680" lon="120.3303220">
    <ele>19.5</ele>
    <time>2026-08-17T07:57:17Z</time>
   </trkpt>
   <trkpt lat="22.7380660" lon="120.3303170">
    <ele>19.5</ele>
    <time>2026-08-17T07:57:18Z</time>
   </trkpt>
   <trkpt lat="22.7380620" lon="120.3303100">
    <ele>19.5</ele>
    <time>2026-08-17T07:57:19Z</time>
   </trkpt>
   <trkpt lat="22.7380540" lon="120.3303140">
    <ele>19.5</ele>
    <time>2026-08-17T07:57:20Z</time>
   </trkpt>
   <trkpt lat="22.7380440" lon="120.3303130">
    <ele>19.5</ele>
    <time>2026-08-17T07:57:21Z</time>
   </trkpt>
   <trkpt lat="22.7380390" lon="120.3303050">
    <ele>19.5</ele>
    <time>2026-08-17T07:57:22Z</time>
   </trkpt>
   <trkpt lat="22.7380330" lon="120.3302960">
    <ele>19.5</ele>
    <time>2026-08-17T07:57:23Z</time>
   </trkpt>
   <trkpt lat="22.7380310" lon="120.3302850">
    <ele>19.5</ele>
    <time>2026-08-17T07:57:24Z</time>
   </trkpt>
   <trkpt lat="22.7380350" lon="120.3302760">
    <ele>19.5</ele>
    <time>2026-08-17T07:57:25Z</time>
   </trkpt>
   <trkpt lat="22.7380390" lon="120.3302700">
    <ele>19.6</ele>
    <time>2026-08-17T07:57:26Z</time>
   </trkpt>
   <trkpt lat="22.7380390" lon="120.3302640">
    <ele>19.6</ele>
    <time>2026-08-17T07:57:27Z</time>
   </trkpt>
   <trkpt lat="22.7380340" lon="120.3302590">
    <ele>19.6</ele>
    <time>2026-08-17T07:57:28Z</time>
   </trkpt>
   <trkpt lat="22.7380310" lon="120.3302630">
    <ele>19.6</ele>
    <time>2026-08-17T07:57:29Z</time>
   </trkpt>
   <trkpt lat="22.7380260" lon="120.3302620">
    <ele>19.6</ele>
    <time>2026-08-17T07:57:30Z</time>
   </trkpt>
   <trkpt lat="22.7380190" lon="120.3302550">
    <ele>19.6</ele>
    <time>2026-08-17T07:57:31Z</time>
   </trkpt>
   <trkpt lat="22.7380210" lon="120.3302390">
    <ele>19.6</ele>
    <time>2026-08-17T07:57:32Z</time>
   </trkpt>
   <trkpt lat="22.7380280" lon="120.3302340">
    <ele>19.6</ele>
    <time>2026-08-17T07:57:34Z</time>
   </trkpt>
   <trkpt lat="22.7380330" lon="120.3302290">
    <ele>19.6</ele>
    <time>2026-08-17T07:57:35Z</time>
   </trkpt>
   <trkpt lat="22.7380330" lon="120.3302260">
    <ele>19.6</ele>
    <time>2026-08-17T07:57:36Z</time>
   </trkpt>
   <trkpt lat="22.7380300" lon="120.3302250">
    <ele>19.6</ele>
    <time>2026-08-17T07:57:37Z</time>
   </trkpt>
   <trkpt lat="22.7380210" lon="120.3302280">
    <ele>19.6</ele>
    <time>2026-08-17T07:57:38Z</time>
   </trkpt>
   <trkpt lat="22.7380140" lon="120.3302370">
    <ele>19.6</ele>
    <time>2026-08-17T07:57:39Z</time>
   </trkpt>
   <trkpt lat="22.7380030" lon="120.3302380">
    <ele>19.6</ele>
    <time>2026-08-17T07:57:40Z</time>
   </trkpt>
   <trkpt lat="22.7379940" lon="120.3302240">
    <ele>19.6</ele>
    <time>2026-08-17T07:57:41Z</time>
   </trkpt>
   <trkpt lat="22.7379940" lon="120.3302130">
    <ele>19.6</ele>
    <time>2026-08-17T07:57:43Z</time>
   </trkpt>
   <trkpt lat="22.7379980" lon="120.3302050">
    <ele>19.6</ele>
    <time>2026-08-17T07:57:44Z</time>
   </trkpt>
   <trkpt lat="22.7380040" lon="120.3301980">
    <ele>19.6</ele>
    <time>2026-08-17T07:57:45Z</time>
   </trkpt>
   <trkpt lat="22.7380000" lon="120.3302120">
    <ele>19.6</ele>
    <time>2026-08-17T07:57:46Z</time>
   </trkpt>
   <trkpt lat="22.7379960" lon="120.3302200">
    <ele>19.7</ele>
    <time>2026-08-17T07:57:47Z</time>
   </trkpt>
   <trkpt lat="22.7379910" lon="120.3302460">
    <ele>19.7</ele>
    <time>2026-08-17T07:57:48Z</time>
   </trkpt>
   <trkpt lat="22.7379810" lon="120.3302550">
    <ele>19.7</ele>
    <time>2026-08-17T07:57:49Z</time>
   </trkpt>
   <trkpt lat="22.7379610" lon="120.3302480">
    <ele>19.7</ele>
    <time>2026-08-17T07:57:50Z</time>
   </trkpt>
   <trkpt lat="22.7379540" lon="120.3302390">
    <ele>19.7</ele>
    <time>2026-08-17T07:57:52Z</time>
   </trkpt>
   <trkpt lat="22.7379540" lon="120.3302200">
    <ele>19.7</ele>
    <time>2026-08-17T07:57:53Z</time>
   </trkpt>
   <trkpt lat="22.7379560" lon="120.3302140">
    <ele>19.7</ele>
    <time>2026-08-17T07:57:55Z</time>
   </trkpt>
   <trkpt lat="22.7379600" lon="120.3302130">
    <ele>19.7</ele>
    <time>2026-08-17T07:57:56Z</time>
   </trkpt>
   <trkpt lat="22.7379670" lon="120.3302160">
    <ele>19.7</ele>
    <time>2026-08-17T07:57:57Z</time>
   </trkpt>
   <trkpt lat="22.7379670" lon="120.3302100">
    <ele>19.7</ele>
    <time>2026-08-17T07:57:58Z</time>
   </trkpt>
   <trkpt lat="22.7379630" lon="120.3301920">
    <ele>19.7</ele>
    <time>2026-08-17T07:57:59Z</time>
   </trkpt>
   <trkpt lat="22.7379670" lon="120.3301820">
    <ele>19.7</ele>
    <time>2026-08-17T07:58:01Z</time>
   </trkpt>
   <trkpt lat="22.7379730" lon="120.3301780">
    <ele>19.7</ele>
    <time>2026-08-17T07:58:02Z</time>
   </trkpt>
   <trkpt lat="22.7379770" lon="120.3301740">
    <ele>19.7</ele>
    <time>2026-08-17T07:58:03Z</time>
   </trkpt>
   <trkpt lat="22.7379760" lon="120.3301730">
    <ele>19.7</ele>
    <time>2026-08-17T07:58:04Z</time>
   </trkpt>
   <trkpt lat="22.7379760" lon="120.3301770">
    <ele>19.7</ele>
    <time>2026-08-17T07:58:05Z</time>
   </trkpt>
   <trkpt lat="22.7379750" lon="120.3301780">
    <ele>19.7</ele>
    <time>2026-08-17T07:58:06Z</time>
   </trkpt>
   <trkpt lat="22.7379720" lon="120.3301770">
    <ele>19.7</ele>
    <time>2026-08-17T07:58:07Z</time>
   </trkpt>
   <trkpt lat="22.7379670" lon="120.3301720">
    <ele>19.7</ele>
    <time>2026-08-17T07:58:09Z</time>
   </trkpt>
   <trkpt lat="22.7379590" lon="120.3301630">
    <ele>19.7</ele>
    <time>2026-08-17T07:58:10Z</time>
   </trkpt>
   <trkpt lat="22.7379510" lon="120.3301520">
    <ele>19.7</ele>
    <time>2026-08-17T07:58:11Z</time>
   </trkpt>
   <trkpt lat="22.7379520" lon="120.3301410">
    <ele>19.7</ele>
    <time>2026-08-17T07:58:12Z</time>
   </trkpt>
   <trkpt lat="22.7379570" lon="120.3301330">
    <ele>19.7</ele>
    <time>2026-08-17T07:58:13Z</time>
   </trkpt>
   <trkpt lat="22.7379550" lon="120.3301280">
    <ele>19.7</ele>
    <time>2026-08-17T07:58:14Z</time>
   </trkpt>
   <trkpt lat="22.7379540" lon="120.3301250">
    <ele>19.7</ele>
    <time>2026-08-17T07:58:15Z</time>
   </trkpt>
   <trkpt lat="22.7379530" lon="120.3301250">
    <ele>19.7</ele>
    <time>2026-08-17T07:58:16Z</time>
   </trkpt>
   <trkpt lat="22.7379510" lon="120.3301290">
    <ele>19.7</ele>
    <time>2026-08-17T07:58:17Z</time>
   </trkpt>
   <trkpt lat="22.7379500" lon="120.3301290">
    <ele>19.7</ele>
    <time>2026-08-17T07:58:18Z</time>
   </trkpt>
   <trkpt lat="22.7379510" lon="120.3301280">
    <ele>19.7</ele>
    <time>2026-08-17T07:58:19Z</time>
   </trkpt>
   <trkpt lat="22.7379450" lon="120.3301180">
    <ele>19.7</ele>
    <time>2026-08-17T07:58:20Z</time>
   </trkpt>
   <trkpt lat="22.7379340" lon="120.3301020">
    <ele>19.7</ele>
    <time>2026-08-17T07:58:21Z</time>
   </trkpt>
   <trkpt lat="22.7379300" lon="120.3300840">
    <ele>19.7</ele>
    <time>2026-08-17T07:58:22Z</time>
   </trkpt>
   <trkpt lat="22.7379410" lon="120.3300700">
    <ele>19.7</ele>
    <time>2026-08-17T07:58:23Z</time>
   </trkpt>
   <trkpt lat="22.7379490" lon="120.3300610">
    <ele>19.7</ele>
    <time>2026-08-17T07:58:24Z</time>
   </trkpt>
   <trkpt lat="22.7379500" lon="120.3300560">
    <ele>19.7</ele>
    <time>2026-08-17T07:58:25Z</time>
   </trkpt>
   <trkpt lat="22.7379520" lon="120.3300540">
    <ele>19.7</ele>
    <time>2026-08-17T07:58:26Z</time>
   </trkpt>
   <trkpt lat="22.7379490" lon="120.3300640">
    <ele>19.7</ele>
    <time>2026-08-17T07:58:27Z</time>
   </trkpt>
   <trkpt lat="22.7379450" lon="120.3300690">
    <ele>19.7</ele>
    <time>2026-08-17T07:58:28Z</time>
   </trkpt>
   <trkpt lat="22.7379390" lon="120.3300610">
    <ele>19.7</ele>
    <time>2026-08-17T07:58:29Z</time>
   </trkpt>
   <trkpt lat="22.7379360" lon="120.3300480">
    <ele>19.7</ele>
    <time>2026-08-17T07:58:30Z</time>
   </trkpt>
   <trkpt lat="22.7379370" lon="120.3300390">
    <ele>19.7</ele>
    <time>2026-08-17T07:58:31Z</time>
   </trkpt>
   <trkpt lat="22.7379440" lon="120.3300290">
    <ele>19.7</ele>
    <time>2026-08-17T07:58:32Z</time>
   </trkpt>
   <trkpt lat="22.7379500" lon="120.3300220">
    <ele>19.7</ele>
    <time>2026-08-17T07:58:33Z</time>
   </trkpt>
   <trkpt lat="22.7379440" lon="120.3300180">
    <ele>19.7</ele>
    <time>2026-08-17T07:58:34Z</time>
   </trkpt>
   <trkpt lat="22.7379380" lon="120.3300130">
    <ele>19.7</ele>
    <time>2026-08-17T07:58:35Z</time>
   </trkpt>
   <trkpt lat="22.7379320" lon="120.3299960">
    <ele>19.7</ele>
    <time>2026-08-17T07:58:36Z</time>
   </trkpt>
   <trkpt lat="22.7379370" lon="120.3299930">
    <ele>19.7</ele>
    <time>2026-08-17T07:58:38Z</time>
   </trkpt>
   <trkpt lat="22.7379370" lon="120.3299870">
    <ele>19.7</ele>
    <time>2026-08-17T07:58:39Z</time>
   </trkpt>
   <trkpt lat="22.7379320" lon="120.3299830">
    <ele>19.7</ele>
    <time>2026-08-17T07:58:40Z</time>
   </trkpt>
   <trkpt lat="22.7379280" lon="120.3299800">
    <ele>19.7</ele>
    <time>2026-08-17T07:58:41Z</time>
   </trkpt>
   <trkpt lat="22.7379220" lon="120.3299710">
    <ele>19.7</ele>
    <time>2026-08-17T07:58:42Z</time>
   </trkpt>
   <trkpt lat="22.7379140" lon="120.3299630">
    <ele>19.7</ele>
    <time>2026-08-17T07:58:43Z</time>
   </trkpt>
   <trkpt lat="22.7379080" lon="120.3299580">
    <ele>19.7</ele>
    <time>2026-08-17T07:58:44Z</time>
   </trkpt>
   <trkpt lat="22.7379000" lon="120.3299520">
    <ele>19.7</ele>
    <time>2026-08-17T07:58:45Z</time>
   </trkpt>
   <trkpt lat="22.7378890" lon="120.3299460">
    <ele>19.7</ele>
    <time>2026-08-17T07:58:46Z</time>
   </trkpt>
   <trkpt lat="22.7378790" lon="120.3299420">
    <ele>19.7</ele>
    <time>2026-08-17T07:58:47Z</time>
   </trkpt>
   <trkpt lat="22.7378660" lon="120.3299360">
    <ele>19.7</ele>
    <time>2026-08-17T07:58:48Z</time>
   </trkpt>
   <trkpt lat="22.7378570" lon="120.3299310">
    <ele>19.7</ele>
    <time>2026-08-17T07:58:50Z</time>
   </trkpt>
   <trkpt lat="22.7378450" lon="120.3299230">
    <ele>19.7</ele>
    <time>2026-08-17T07:58:51Z</time>
   </trkpt>
   <trkpt lat="22.7378360" lon="120.3299140">
    <ele>19.7</ele>
    <time>2026-08-17T07:58:52Z</time>
   </trkpt>
   <trkpt lat="22.7378320" lon="120.3299070">
    <ele>19.7</ele>
    <time>2026-08-17T07:58:53Z</time>
   </trkpt>
   <trkpt lat="22.7378320" lon="120.3298960">
    <ele>19.7</ele>
    <time>2026-08-17T07:58:54Z</time>
   </trkpt>
   <trkpt lat="22.7378240" lon="120.3298760">
    <ele>19.7</ele>
    <time>2026-08-17T07:58:55Z</time>
   </trkpt>
   <trkpt lat="22.7378180" lon="120.3298670">
    <ele>19.7</ele>
    <time>2026-08-17T07:58:57Z</time>
   </trkpt>
   <trkpt lat="22.7378200" lon="120.3298550">
    <ele>19.7</ele>
    <time>2026-08-17T07:58:58Z</time>
   </trkpt>
   <trkpt lat="22.7378300" lon="120.3298410">
    <ele>19.7</ele>
    <time>2026-08-17T07:58:59Z</time>
   </trkpt>
   <trkpt lat="22.7378430" lon="120.3298310">
    <ele>19.7</ele>
    <time>2026-08-17T07:59:00Z</time>
   </trkpt>
   <trkpt lat="22.7378540" lon="120.3298250">
    <ele>19.7</ele>
    <time>2026-08-17T07:59:01Z</time>
   </trkpt>
   <trkpt lat="22.7378660" lon="120.3298190">
    <ele>19.7</ele>
    <time>2026-08-17T07:59:02Z</time>
   </trkpt>
   <trkpt lat="22.7378750" lon="120.3298150">
    <ele>19.7</ele>
    <time>2026-08-17T07:59:03Z</time>
   </trkpt>
   <trkpt lat="22.7378850" lon="120.3298150">
    <ele>19.7</ele>
    <time>2026-08-17T07:59:04Z</time>
   </trkpt>
   <trkpt lat="22.7378950" lon="120.3298180">
    <ele>19.6</ele>
    <time>2026-08-17T07:59:05Z</time>
   </trkpt>
   <trkpt lat="22.7379030" lon="120.3298200">
    <ele>19.6</ele>
    <time>2026-08-17T07:59:06Z</time>
   </trkpt>
   <trkpt lat="22.7379100" lon="120.3298180">
    <ele>19.6</ele>
    <time>2026-08-17T07:59:07Z</time>
   </trkpt>
   <trkpt lat="22.7379030" lon="120.3297990">
    <ele>19.6</ele>
    <time>2026-08-17T07:59:08Z</time>
   </trkpt>
   <trkpt lat="22.7378880" lon="120.3297910">
    <ele>19.6</ele>
    <time>2026-08-17T07:59:10Z</time>
   </trkpt>
   <trkpt lat="22.7378790" lon="120.3297830">
    <ele>19.6</ele>
    <time>2026-08-17T07:59:11Z</time>
   </trkpt>
   <trkpt lat="22.7378710" lon="120.3297680">
    <ele>19.6</ele>
    <time>2026-08-17T07:59:12Z</time>
   </trkpt>
   <trkpt lat="22.7378800" lon="120.3297480">
    <ele>19.6</ele>
    <time>2026-08-17T07:59:13Z</time>
   </trkpt>
   <trkpt lat="22.7378970" lon="120.3297340">
    <ele>19.6</ele>
    <time>2026-08-17T07:59:14Z</time>
   </trkpt>
   <trkpt lat="22.7379100" lon="120.3297240">
    <ele>19.6</ele>
    <time>2026-08-17T07:59:15Z</time>
   </trkpt>
   <trkpt lat="22.7379210" lon="120.3297140">
    <ele>19.6</ele>
    <time>2026-08-17T07:59:16Z</time>
   </trkpt>
   <trkpt lat="22.7379270" lon="120.3297060">
    <ele>19.6</ele>
    <time>2026-08-17T07:59:17Z</time>
   </trkpt>
   <trkpt lat="22.7379340" lon="120.3297010">
    <ele>19.6</ele>
    <time>2026-08-17T07:59:18Z</time>
   </trkpt>
   <trkpt lat="22.7379420" lon="120.3296950">
    <ele>19.6</ele>
    <time>2026-08-17T07:59:19Z</time>
   </trkpt>
   <trkpt lat="22.7379500" lon="120.3296900">
    <ele>19.6</ele>
    <time>2026-08-17T07:59:20Z</time>
   </trkpt>
   <trkpt lat="22.7379630" lon="120.3296730">
    <ele>19.6</ele>
    <time>2026-08-17T07:59:21Z</time>
   </trkpt>
   <trkpt lat="22.7379650" lon="120.3296570">
    <ele>19.6</ele>
    <time>2026-08-17T07:59:23Z</time>
   </trkpt>
   <trkpt lat="22.7379810" lon="120.3296470">
    <ele>19.5</ele>
    <time>2026-08-17T07:59:24Z</time>
   </trkpt>
   <trkpt lat="22.7379970" lon="120.3296460">
    <ele>19.5</ele>
    <time>2026-08-17T07:59:25Z</time>
   </trkpt>
   <trkpt lat="22.7380110" lon="120.3296480">
    <ele>19.5</ele>
    <time>2026-08-17T07:59:26Z</time>
   </trkpt>
   <trkpt lat="22.7380260" lon="120.3296510">
    <ele>19.5</ele>
    <time>2026-08-17T07:59:27Z</time>
   </trkpt>
   <trkpt lat="22.7380360" lon="120.3296590">
    <ele>19.5</ele>
    <time>2026-08-17T07:59:28Z</time>
   </trkpt>
   <trkpt lat="22.7380420" lon="120.3296670">
    <ele>19.5</ele>
    <time>2026-08-17T07:59:29Z</time>
   </trkpt>
   <trkpt lat="22.7380460" lon="120.3296770">
    <ele>19.5</ele>
    <time>2026-08-17T07:59:30Z</time>
   </trkpt>
   <trkpt lat="22.7380490" lon="120.3296880">
    <ele>19.5</ele>
    <time>2026-08-17T07:59:31Z</time>
   </trkpt>
   <trkpt lat="22.7380610" lon="120.3297010">
    <ele>19.5</ele>
    <time>2026-08-17T07:59:32Z</time>
   </trkpt>
   <trkpt lat="22.7380680" lon="120.3296960">
    <ele>19.5</ele>
    <time>2026-08-17T07:59:34Z</time>
   </trkpt>
   <trkpt lat="22.7380720" lon="120.3296870">
    <ele>19.5</ele>
    <time>2026-08-17T07:59:35Z</time>
   </trkpt>
   <trkpt lat="22.7380840" lon="120.3296750">
    <ele>19.5</ele>
    <time>2026-08-17T07:59:36Z</time>
   </trkpt>
   <trkpt lat="22.7380940" lon="120.3296680">
    <ele>19.5</ele>
    <time>2026-08-17T07:59:38Z</time>
   </trkpt>
   <trkpt lat="22.7381020" lon="120.3296610">
    <ele>19.5</ele>
    <time>2026-08-17T07:59:39Z</time>
   </trkpt>
   <trkpt lat="22.7381120" lon="120.3296510">
    <ele>19.5</ele>
    <time>2026-08-17T07:59:40Z</time>
   </trkpt>
   <trkpt lat="22.7381220" lon="120.3296400">
    <ele>19.5</ele>
    <time>2026-08-17T07:59:41Z</time>
   </trkpt>
   <trkpt lat="22.7381380" lon="120.3296150">
    <ele>19.4</ele>
    <time>2026-08-17T07:59:42Z</time>
   </trkpt>
   <trkpt lat="22.7381430" lon="120.3296030">
    <ele>19.4</ele>
    <time>2026-08-17T07:59:43Z</time>
   </trkpt>
   <trkpt lat="22.7381420" lon="120.3295490">
    <ele>19.4</ele>
    <time>2026-08-17T07:59:45Z</time>
   </trkpt>
   <trkpt lat="22.7381450" lon="120.3295400">
    <ele>19.4</ele>
    <time>2026-08-17T07:59:47Z</time>
   </trkpt>
   <trkpt lat="22.7381560" lon="120.3295390">
    <ele>19.4</ele>
    <time>2026-08-17T07:59:48Z</time>
   </trkpt>
   <trkpt lat="22.7381680" lon="120.3295400">
    <ele>19.4</ele>
    <time>2026-08-17T07:59:49Z</time>
   </trkpt>
   <trkpt lat="22.7381880" lon="120.3295320">
    <ele>19.4</ele>
    <time>2026-08-17T07:59:50Z</time>
   </trkpt>
   <trkpt lat="22.7381970" lon="120.3295310">
    <ele>19.4</ele>
    <time>2026-08-17T07:59:51Z</time>
   </trkpt>
   <trkpt lat="22.7382060" lon="120.3295400">
    <ele>19.4</ele>
    <time>2026-08-17T07:59:53Z</time>
   </trkpt>
   <trkpt lat="22.7382050" lon="120.3295520">
    <ele>19.4</ele>
    <time>2026-08-17T07:59:54Z</time>
   </trkpt>
   <trkpt lat="22.7382040" lon="120.3295680">
    <ele>19.4</ele>
    <time>2026-08-17T07:59:55Z</time>
   </trkpt>
   <trkpt lat="22.7382120" lon="120.3296010">
    <ele>19.4</ele>
    <time>2026-08-17T07:59:56Z</time>
   </trkpt>
   <trkpt lat="22.7382180" lon="120.3296170">
    <ele>19.4</ele>
    <time>2026-08-17T07:59:58Z</time>
   </trkpt>
   <trkpt lat="22.7382230" lon="120.3296300">
    <ele>19.4</ele>
    <time>2026-08-17T07:59:59Z</time>
   </trkpt>
   <trkpt lat="22.7382290" lon="120.3296420">
    <ele>19.3</ele>
    <time>2026-08-17T08:00:00Z</time>
   </trkpt>
   <trkpt lat="22.7382340" lon="120.3296460">
    <ele>19.3</ele>
    <time>2026-08-17T08:00:01Z</time>
   </trkpt>
   <trkpt lat="22.7382420" lon="120.3296480">
    <ele>19.3</ele>
    <time>2026-08-17T08:00:02Z</time>
   </trkpt>
   <trkpt lat="22.7382630" lon="120.3296700">
    <ele>19.3</ele>
    <time>2026-08-17T08:00:03Z</time>
   </trkpt>
   <trkpt lat="22.7382750" lon="120.3296990">
    <ele>19.3</ele>
    <time>2026-08-17T08:00:05Z</time>
   </trkpt>
   <trkpt lat="22.7382790" lon="120.3297120">
    <ele>19.3</ele>
    <time>2026-08-17T08:00:07Z</time>
   </trkpt>
   <trkpt lat="22.7382850" lon="120.3297370">
    <ele>19.3</ele>
    <time>2026-08-17T08:00:08Z</time>
   </trkpt>
   <trkpt lat="22.7382860" lon="120.3297480">
    <ele>19.3</ele>
    <time>2026-08-17T08:00:10Z</time>
   </trkpt>
   <trkpt lat="22.7382900" lon="120.3297620">
    <ele>19.3</ele>
    <time>2026-08-17T08:00:11Z</time>
   </trkpt>
   <trkpt lat="22.7382940" lon="120.3297730">
    <ele>19.3</ele>
    <time>2026-08-17T08:00:12Z</time>
   </trkpt>
   <trkpt lat="22.7382980" lon="120.3297840">
    <ele>19.3</ele>
    <time>2026-08-17T08:00:13Z</time>
   </trkpt>
   <trkpt lat="22.7383010" lon="120.3297940">
    <ele>19.3</ele>
    <time>2026-08-17T08:00:14Z</time>
   </trkpt>
   <trkpt lat="22.7383050" lon="120.3298040">
    <ele>19.3</ele>
    <time>2026-08-17T08:00:15Z</time>
   </trkpt>
   <trkpt lat="22.7383110" lon="120.3298170">
    <ele>19.3</ele>
    <time>2026-08-17T08:00:16Z</time>
   </trkpt>
   <trkpt lat="22.7383200" lon="120.3298280">
    <ele>19.3</ele>
    <time>2026-08-17T08:00:17Z</time>
   </trkpt>
   <trkpt lat="22.7383240" lon="120.3298420">
    <ele>19.3</ele>
    <time>2026-08-17T08:00:18Z</time>
   </trkpt>
   <trkpt lat="22.7383250" lon="120.3298500">
    <ele>19.3</ele>
    <time>2026-08-17T08:00:19Z</time>
   </trkpt>
   <trkpt lat="22.7383320" lon="120.3298530">
    <ele>19.3</ele>
    <time>2026-08-17T08:00:20Z</time>
   </trkpt>
   <trkpt lat="22.7383430" lon="120.3298520">
    <ele>19.3</ele>
    <time>2026-08-17T08:00:22Z</time>
   </trkpt>
   <trkpt lat="22.7383520" lon="120.3298560">
    <ele>19.3</ele>
    <time>2026-08-17T08:00:23Z</time>
   </trkpt>
   <trkpt lat="22.7383610" lon="120.3298610">
    <ele>19.3</ele>
    <time>2026-08-17T08:00:24Z</time>
   </trkpt>
   <trkpt lat="22.7383680" lon="120.3298670">
    <ele>19.3</ele>
    <time>2026-08-17T08:00:25Z</time>
   </trkpt>
   <trkpt lat="22.7383630" lon="120.3298770">
    <ele>19.3</ele>
    <time>2026-08-17T08:00:26Z</time>
   </trkpt>
   <trkpt lat="22.7383590" lon="120.3298780">
    <ele>19.3</ele>
    <time>2026-08-17T08:00:28Z</time>
   </trkpt>
   <trkpt lat="22.7383610" lon="120.3298800">
    <ele>19.3</ele>
    <time>2026-08-17T08:00:29Z</time>
   </trkpt>
   <trkpt lat="22.7383670" lon="120.3298820">
    <ele>19.3</ele>
    <time>2026-08-17T08:00:30Z</time>
   </trkpt>
   <trkpt lat="22.7383730" lon="120.3298860">
    <ele>19.3</ele>
    <time>2026-08-17T08:00:31Z</time>
   </trkpt>
   <trkpt lat="22.7383800" lon="120.3298910">
    <ele>19.3</ele>
    <time>2026-08-17T08:00:32Z</time>
   </trkpt>
   <trkpt lat="22.7383820" lon="120.3298960">
    <ele>19.3</ele>
    <time>2026-08-17T08:00:33Z</time>
   </trkpt>
   <trkpt lat="22.7383820" lon="120.3299010">
    <ele>19.3</ele>
    <time>2026-08-17T08:00:34Z</time>
   </trkpt>
   <trkpt lat="22.7383790" lon="120.3299060">
    <ele>19.3</ele>
    <time>2026-08-17T08:00:35Z</time>
   </trkpt>
   <trkpt lat="22.7383760" lon="120.3299090">
    <ele>19.3</ele>
    <time>2026-08-17T08:00:36Z</time>
   </trkpt>
   <trkpt lat="22.7383780" lon="120.3299160">
    <ele>19.3</ele>
    <time>2026-08-17T08:00:37Z</time>
   </trkpt>
   <trkpt lat="22.7383820" lon="120.3299200">
    <ele>19.3</ele>
    <time>2026-08-17T08:00:38Z</time>
   </trkpt>
   <trkpt lat="22.7383890" lon="120.3299220">
    <ele>19.2</ele>
    <time>2026-08-17T08:00:39Z</time>
   </trkpt>
   <trkpt lat="22.7384140" lon="120.3299310">
    <ele>19.2</ele>
    <time>2026-08-17T08:00:40Z</time>
   </trkpt>
   <trkpt lat="22.7384200" lon="120.3299380">
    <ele>19.2</ele>
    <time>2026-08-17T08:00:42Z</time>
   </trkpt>
   <trkpt lat="22.7384200" lon="120.3299450">
    <ele>19.2</ele>
    <time>2026-08-17T08:00:43Z</time>
   </trkpt>
   <trkpt lat="22.7384200" lon="120.3299530">
    <ele>19.2</ele>
    <time>2026-08-17T08:00:44Z</time>
   </trkpt>
   <trkpt lat="22.7384270" lon="120.3299540">
    <ele>19.2</ele>
    <time>2026-08-17T08:00:46Z</time>
   </trkpt>
   <trkpt lat="22.7384350" lon="120.3299570">
    <ele>19.2</ele>
    <time>2026-08-17T08:00:47Z</time>
   </trkpt>
   <trkpt lat="22.7384400" lon="120.3299610">
    <ele>19.2</ele>
    <time>2026-08-17T08:00:48Z</time>
   </trkpt>
   <trkpt lat="22.7384440" lon="120.3299660">
    <ele>19.2</ele>
    <time>2026-08-17T08:00:49Z</time>
   </trkpt>
   <trkpt lat="22.7384450" lon="120.3299760">
    <ele>19.2</ele>
    <time>2026-08-17T08:00:50Z</time>
   </trkpt>
   <trkpt lat="22.7384430" lon="120.3299790">
    <ele>19.2</ele>
    <time>2026-08-17T08:00:51Z</time>
   </trkpt>
   <trkpt lat="22.7384390" lon="120.3299790">
    <ele>19.2</ele>
    <time>2026-08-17T08:00:52Z</time>
   </trkpt>
   <trkpt lat="22.7384380" lon="120.3299780">
    <ele>19.2</ele>
    <time>2026-08-17T08:00:54Z</time>
   </trkpt>
   <trkpt lat="22.7384380" lon="120.3299780">
    <ele>19.2</ele>
    <time>2026-08-17T08:00:55Z</time>
   </trkpt>
   <trkpt lat="22.7384380" lon="120.3299790">
    <ele>19.2</ele>
    <time>2026-08-17T08:00:57Z</time>
   </trkpt>
   <trkpt lat="22.7384390" lon="120.3299790">
    <ele>19.2</ele>
    <time>2026-08-17T08:00:58Z</time>
   </trkpt>
   <trkpt lat="22.7384400" lon="120.3299780">
    <ele>19.2</ele>
    <time>2026-08-17T08:00:59Z</time>
   </trkpt>
   <trkpt lat="22.7384460" lon="120.3299810">
    <ele>19.2</ele>
    <time>2026-08-17T08:01:00Z</time>
   </trkpt>
   <trkpt lat="22.7384550" lon="120.3299870">
    <ele>19.2</ele>
    <time>2026-08-17T08:01:01Z</time>
   </trkpt>
   <trkpt lat="22.7384620" lon="120.3299930">
    <ele>19.2</ele>
    <time>2026-08-17T08:01:02Z</time>
   </trkpt>
   <trkpt lat="22.7384650" lon="120.3299990">
    <ele>19.2</ele>
    <time>2026-08-17T08:01:03Z</time>
   </trkpt>
   <trkpt lat="22.7384650" lon="120.3300090">
    <ele>19.2</ele>
    <time>2026-08-17T08:01:04Z</time>
   </trkpt>
   <trkpt lat="22.7384620" lon="120.3300150">
    <ele>19.2</ele>
    <time>2026-08-17T08:01:05Z</time>
   </trkpt>
   <trkpt lat="22.7384570" lon="120.3300160">
    <ele>19.2</ele>
    <time>2026-08-17T08:01:06Z</time>
   </trkpt>
   <trkpt lat="22.7384540" lon="120.3300170">
    <ele>19.2</ele>
    <time>2026-08-17T08:01:07Z</time>
   </trkpt>
   <trkpt lat="22.7384530" lon="120.3300180">
    <ele>19.2</ele>
    <time>2026-08-17T08:01:08Z</time>
   </trkpt>
   <trkpt lat="22.7384530" lon="120.3300190">
    <ele>19.2</ele>
    <time>2026-08-17T08:01:09Z</time>
   </trkpt>
   <trkpt lat="22.7384550" lon="120.3300210">
    <ele>19.2</ele>
    <time>2026-08-17T08:01:10Z</time>
   </trkpt>
   <trkpt lat="22.7384550" lon="120.3300220">
    <ele>19.2</ele>
    <time>2026-08-17T08:01:11Z</time>
   </trkpt>
   <trkpt lat="22.7384550" lon="120.3300270">
    <ele>19.2</ele>
    <time>2026-08-17T08:01:12Z</time>
   </trkpt>
   <trkpt lat="22.7384550" lon="120.3300310">
    <ele>19.2</ele>
    <time>2026-08-17T08:01:13Z</time>
   </trkpt>
   <trkpt lat="22.7384550" lon="120.3300430">
    <ele>19.2</ele>
    <time>2026-08-17T08:01:14Z</time>
   </trkpt>
   <trkpt lat="22.7384550" lon="120.3300510">
    <ele>19.2</ele>
    <time>2026-08-17T08:01:16Z</time>
   </trkpt>
   <trkpt lat="22.7384550" lon="120.3300530">
    <ele>19.2</ele>
    <time>2026-08-17T08:01:17Z</time>
   </trkpt>
   <trkpt lat="22.7384550" lon="120.3300550">
    <ele>19.2</ele>
    <time>2026-08-17T08:01:18Z</time>
   </trkpt>
   <trkpt lat="22.7384570" lon="120.3300560">
    <ele>19.2</ele>
    <time>2026-08-17T08:01:19Z</time>
   </trkpt>
   <trkpt lat="22.7384610" lon="120.3300590">
    <ele>19.2</ele>
    <time>2026-08-17T08:01:20Z</time>
   </trkpt>
   <trkpt lat="22.7384680" lon="120.3300650">
    <ele>19.2</ele>
    <time>2026-08-17T08:01:21Z</time>
   </trkpt>
   <trkpt lat="22.7384820" lon="120.3300840">
    <ele>19.2</ele>
    <time>2026-08-17T08:01:22Z</time>
   </trkpt>
   <trkpt lat="22.7384820" lon="120.3300950">
    <ele>19.2</ele>
    <time>2026-08-17T08:01:24Z</time>
   </trkpt>
   <trkpt lat="22.7384770" lon="120.3300990">
    <ele>19.2</ele>
    <time>2026-08-17T08:01:25Z</time>
   </trkpt>
   <trkpt lat="22.7384800" lon="120.3301050">
    <ele>19.2</ele>
    <time>2026-08-17T08:01:26Z</time>
   </trkpt>
   <trkpt lat="22.7384850" lon="120.3301070">
    <ele>19.2</ele>
    <time>2026-08-17T08:01:28Z</time>
   </trkpt>
   <trkpt lat="22.7384900" lon="120.3301100">
    <ele>19.2</ele>
    <time>2026-08-17T08:01:29Z</time>
   </trkpt>
   <trkpt lat="22.7384950" lon="120.3301150">
    <ele>19.2</ele>
    <time>2026-08-17T08:01:30Z</time>
   </trkpt>
   <trkpt lat="22.7384990" lon="120.3301230">
    <ele>19.2</ele>
    <time>2026-08-17T08:01:31Z</time>
   </trkpt>
   <trkpt lat="22.7384970" lon="120.3301320">
    <ele>19.2</ele>
    <time>2026-08-17T08:01:32Z</time>
   </trkpt>
   <trkpt lat="22.7384920" lon="120.3301370">
    <ele>19.2</ele>
    <time>2026-08-17T08:01:33Z</time>
   </trkpt>
   <trkpt lat="22.7384840" lon="120.3301310">
    <ele>19.2</ele>
    <time>2026-08-17T08:01:34Z</time>
   </trkpt>
   <trkpt lat="22.7384820" lon="120.3301320">
    <ele>19.2</ele>
    <time>2026-08-17T08:01:35Z</time>
   </trkpt>
   <trkpt lat="22.7384820" lon="120.3301290">
    <ele>19.2</ele>
    <time>2026-08-17T08:01:36Z</time>
   </trkpt>
   <trkpt lat="22.7384830" lon="120.3301270">
    <ele>19.2</ele>
    <time>2026-08-17T08:01:37Z</time>
   </trkpt>
   <trkpt lat="22.7384840" lon="120.3301270">
    <ele>19.2</ele>
    <time>2026-08-17T08:01:38Z</time>
   </trkpt>
   <trkpt lat="22.7384870" lon="120.3301270">
    <ele>19.2</ele>
    <time>2026-08-17T08:01:40Z</time>
   </trkpt>
   <trkpt lat="22.7384970" lon="120.3301300">
    <ele>19.2</ele>
    <time>2026-08-17T08:01:41Z</time>
   </trkpt>
   <trkpt lat="22.7385040" lon="120.3301350">
    <ele>19.2</ele>
    <time>2026-08-17T08:01:43Z</time>
   </trkpt>
   <trkpt lat="22.7385080" lon="120.3301430">
    <ele>19.2</ele>
    <time>2026-08-17T08:01:44Z</time>
   </trkpt>
   <trkpt lat="22.7385080" lon="120.3301480">
    <ele>19.1</ele>
    <time>2026-08-17T08:01:45Z</time>
   </trkpt>
   <trkpt lat="22.7385060" lon="120.3301540">
    <ele>19.1</ele>
    <time>2026-08-17T08:01:46Z</time>
   </trkpt>
   <trkpt lat="22.7385100" lon="120.3301580">
    <ele>19.1</ele>
    <time>2026-08-17T08:01:47Z</time>
   </trkpt>
   <trkpt lat="22.7385180" lon="120.3301640">
    <ele>19.1</ele>
    <time>2026-08-17T08:01:49Z</time>
   </trkpt>
   <trkpt lat="22.7385320" lon="120.3301760">
    <ele>19.1</ele>
    <time>2026-08-17T08:01:50Z</time>
   </trkpt>
   <trkpt lat="22.7385390" lon="120.3301840">
    <ele>19.1</ele>
    <time>2026-08-17T08:01:51Z</time>
   </trkpt>
   <trkpt lat="22.7385440" lon="120.3301940">
    <ele>19.1</ele>
    <time>2026-08-17T08:01:52Z</time>
   </trkpt>
   <trkpt lat="22.7385440" lon="120.3302000">
    <ele>19.1</ele>
    <time>2026-08-17T08:01:53Z</time>
   </trkpt>
   <trkpt lat="22.7385420" lon="120.3302060">
    <ele>19.1</ele>
    <time>2026-08-17T08:01:54Z</time>
   </trkpt>
   <trkpt lat="22.7385350" lon="120.3301990">
    <ele>19.1</ele>
    <time>2026-08-17T08:01:56Z</time>
   </trkpt>
   <trkpt lat="22.7385350" lon="120.3301990">
    <ele>19.1</ele>
    <time>2026-08-17T08:01:57Z</time>
   </trkpt>
   <trkpt lat="22.7385370" lon="120.3301990">
    <ele>19.1</ele>
    <time>2026-08-17T08:01:58Z</time>
   </trkpt>
   <trkpt lat="22.7385400" lon="120.3302040">
    <ele>19.1</ele>
    <time>2026-08-17T08:01:59Z</time>
   </trkpt>
   <trkpt lat="22.7385310" lon="120.3301960">
    <ele>19.1</ele>
    <time>2026-08-17T08:02:01Z</time>
   </trkpt>
   <trkpt lat="22.7385310" lon="120.3301980">
    <ele>19.1</ele>
    <time>2026-08-17T08:02:02Z</time>
   </trkpt>
   <trkpt lat="22.7385320" lon="120.3301990">
    <ele>19.1</ele>
    <time>2026-08-17T08:02:03Z</time>
   </trkpt>
   <trkpt lat="22.7385350" lon="120.3302050">
    <ele>19.1</ele>
    <time>2026-08-17T08:02:04Z</time>
   </trkpt>
   <trkpt lat="22.7385350" lon="120.3302060">
    <ele>19.1</ele>
    <time>2026-08-17T08:02:06Z</time>
   </trkpt>
   <trkpt lat="22.7385290" lon="120.3302060">
    <ele>19.1</ele>
    <time>2026-08-17T08:02:07Z</time>
   </trkpt>
   <trkpt lat="22.7385230" lon="120.3302070">
    <ele>19.1</ele>
    <time>2026-08-17T08:02:08Z</time>
   </trkpt>
   <trkpt lat="22.7385190" lon="120.3302080">
    <ele>19.1</ele>
    <time>2026-08-17T08:02:09Z</time>
   </trkpt>
   <trkpt lat="22.7385170" lon="120.3302080">
    <ele>19.1</ele>
    <time>2026-08-17T08:02:10Z</time>
   </trkpt>
   <trkpt lat="22.7385190" lon="120.3302110">
    <ele>19.1</ele>
    <time>2026-08-17T08:02:11Z</time>
   </trkpt>
   <trkpt lat="22.7385240" lon="120.3302140">
    <ele>19.1</ele>
    <time>2026-08-17T08:02:12Z</time>
   </trkpt>
   <trkpt lat="22.7385300" lon="120.3302140">
    <ele>19.1</ele>
    <time>2026-08-17T08:02:13Z</time>
   </trkpt>
   <trkpt lat="22.7385250" lon="120.3302050">
    <ele>19.1</ele>
    <time>2026-08-17T08:02:14Z</time>
   </trkpt>
   <trkpt lat="22.7385340" lon="120.3302050">
    <ele>19.1</ele>
    <time>2026-08-17T08:02:15Z</time>
   </trkpt>
   <trkpt lat="22.7385460" lon="120.3302050">
    <ele>19.1</ele>
    <time>2026-08-17T08:02:17Z</time>
   </trkpt>
   <trkpt lat="22.7385620" lon="120.3302100">
    <ele>19.1</ele>
    <time>2026-08-17T08:02:18Z</time>
   </trkpt>
   <trkpt lat="22.7385720" lon="120.3302200">
    <ele>19.1</ele>
    <time>2026-08-17T08:02:19Z</time>
   </trkpt>
   <trkpt lat="22.7385850" lon="120.3302300">
    <ele>19.1</ele>
    <time>2026-08-17T08:02:21Z</time>
   </trkpt>
   <trkpt lat="22.7385910" lon="120.3302280">
    <ele>19.1</ele>
    <time>2026-08-17T08:02:22Z</time>
   </trkpt>
   <trkpt lat="22.7385950" lon="120.3302260">
    <ele>19.1</ele>
    <time>2026-08-17T08:02:23Z</time>
   </trkpt>
   <trkpt lat="22.7386000" lon="120.3302230">
    <ele>19.1</ele>
    <time>2026-08-17T08:02:24Z</time>
   </trkpt>
   <trkpt lat="22.7386080" lon="120.3302210">
    <ele>19.1</ele>
    <time>2026-08-17T08:02:25Z</time>
   </trkpt>
   <trkpt lat="22.7386200" lon="120.3302210">
    <ele>19.1</ele>
    <time>2026-08-17T08:02:26Z</time>
   </trkpt>
   <trkpt lat="22.7386230" lon="120.3302180">
    <ele>19.1</ele>
    <time>2026-08-17T08:02:27Z</time>
   </trkpt>
   <trkpt lat="22.7386310" lon="120.3302210">
    <ele>19.1</ele>
    <time>2026-08-17T08:02:28Z</time>
   </trkpt>
   <trkpt lat="22.7386330" lon="120.3302310">
    <ele>19.1</ele>
    <time>2026-08-17T08:02:29Z</time>
   </trkpt>
   <trkpt lat="22.7386350" lon="120.3302420">
    <ele>19.1</ele>
    <time>2026-08-17T08:02:30Z</time>
   </trkpt>
   <trkpt lat="22.7386430" lon="120.3302470">
    <ele>19.1</ele>
    <time>2026-08-17T08:02:31Z</time>
   </trkpt>
   <trkpt lat="22.7386400" lon="120.3302560">
    <ele>19.1</ele>
    <time>2026-08-17T08:02:32Z</time>
   </trkpt>
   <trkpt lat="22.7386260" lon="120.3302750">
    <ele>19.1</ele>
    <time>2026-08-17T08:02:34Z</time>
   </trkpt>
   <trkpt lat="22.7386110" lon="120.3302900">
    <ele>19.1</ele>
    <time>2026-08-17T08:02:35Z</time>
   </trkpt>
   <trkpt lat="22.7386000" lon="120.3302970">
    <ele>19.0</ele>
    <time>2026-08-17T08:02:36Z</time>
   </trkpt>
   <trkpt lat="22.7385980" lon="120.3303040">
    <ele>19.0</ele>
    <time>2026-08-17T08:02:37Z</time>
   </trkpt>
   <trkpt lat="22.7385950" lon="120.3303140">
    <ele>19.0</ele>
    <time>2026-08-17T08:02:38Z</time>
   </trkpt>
   <trkpt lat="22.7385890" lon="120.3303170">
    <ele>19.0</ele>
    <time>2026-08-17T08:02:39Z</time>
   </trkpt>
   <trkpt lat="22.7385840" lon="120.3303270">
    <ele>19.0</ele>
    <time>2026-08-17T08:02:40Z</time>
   </trkpt>
   <trkpt lat="22.7385870" lon="120.3303340">
    <ele>19.0</ele>
    <time>2026-08-17T08:02:41Z</time>
   </trkpt>
   <trkpt lat="22.7385940" lon="120.3303350">
    <ele>19.0</ele>
    <time>2026-08-17T08:02:42Z</time>
   </trkpt>
   <trkpt lat="22.7385990" lon="120.3303390">
    <ele>19.0</ele>
    <time>2026-08-17T08:02:43Z</time>
   </trkpt>
   <trkpt lat="22.7385970" lon="120.3303380">
    <ele>19.0</ele>
    <time>2026-08-17T08:02:44Z</time>
   </trkpt>
   <trkpt lat="22.7385980" lon="120.3303420">
    <ele>19.0</ele>
    <time>2026-08-17T08:02:45Z</time>
   </trkpt>
   <trkpt lat="22.7385960" lon="120.3303450">
    <ele>19.0</ele>
    <time>2026-08-17T08:02:46Z</time>
   </trkpt>
   <trkpt lat="22.7385920" lon="120.3303500">
    <ele>19.0</ele>
    <time>2026-08-17T08:02:47Z</time>
   </trkpt>
   <trkpt lat="22.7385890" lon="120.3303510">
    <ele>19.0</ele>
    <time>2026-08-17T08:02:48Z</time>
   </trkpt>
   <trkpt lat="22.7385900" lon="120.3303580">
    <ele>19.0</ele>
    <time>2026-08-17T08:02:49Z</time>
   </trkpt>
   <trkpt lat="22.7385990" lon="120.3303590">
    <ele>19.0</ele>
    <time>2026-08-17T08:02:50Z</time>
   </trkpt>
   <trkpt lat="22.7386070" lon="120.3303580">
    <ele>19.0</ele>
    <time>2026-08-17T08:02:51Z</time>
   </trkpt>
   <trkpt lat="22.7386130" lon="120.3303630">
    <ele>19.0</ele>
    <time>2026-08-17T08:02:52Z</time>
   </trkpt>
   <trkpt lat="22.7386170" lon="120.3303730">
    <ele>19.0</ele>
    <time>2026-08-17T08:02:53Z</time>
   </trkpt>
   <trkpt lat="22.7386180" lon="120.3303830">
    <ele>19.0</ele>
    <time>2026-08-17T08:02:55Z</time>
   </trkpt>
   <trkpt lat="22.7386200" lon="120.3303890">
    <ele>19.0</ele>
    <time>2026-08-17T08:02:56Z</time>
   </trkpt>
   <trkpt lat="22.7386270" lon="120.3303900">
    <ele>19.0</ele>
    <time>2026-08-17T08:02:57Z</time>
   </trkpt>
   <trkpt lat="22.7386410" lon="120.3303870">
    <ele>19.0</ele>
    <time>2026-08-17T08:02:58Z</time>
   </trkpt>
   <trkpt lat="22.7386440" lon="120.3303860">
    <ele>19.0</ele>
    <time>2026-08-17T08:03:00Z</time>
   </trkpt>
   <trkpt lat="22.7386520" lon="120.3303930">
    <ele>19.0</ele>
    <time>2026-08-17T08:03:01Z</time>
   </trkpt>
   <trkpt lat="22.7386600" lon="120.3304030">
    <ele>19.0</ele>
    <time>2026-08-17T08:03:02Z</time>
   </trkpt>
   <trkpt lat="22.7386590" lon="120.3304210">
    <ele>19.0</ele>
    <time>2026-08-17T08:03:03Z</time>
   </trkpt>
   <trkpt lat="22.7386520" lon="120.3304330">
    <ele>19.0</ele>
    <time>2026-08-17T08:03:04Z</time>
   </trkpt>
   <trkpt lat="22.7386500" lon="120.3304430">
    <ele>19.0</ele>
    <time>2026-08-17T08:03:05Z</time>
   </trkpt>
   <trkpt lat="22.7386520" lon="120.3304450">
    <ele>19.0</ele>
    <time>2026-08-17T08:03:06Z</time>
   </trkpt>
   <trkpt lat="22.7386610" lon="120.3304400">
    <ele>19.0</ele>
    <time>2026-08-17T08:03:07Z</time>
   </trkpt>
   <trkpt lat="22.7386740" lon="120.3304330">
    <ele>19.0</ele>
    <time>2026-08-17T08:03:08Z</time>
   </trkpt>
   <trkpt lat="22.7386860" lon="120.3304330">
    <ele>19.0</ele>
    <time>2026-08-17T08:03:09Z</time>
   </trkpt>
   <trkpt lat="22.7386980" lon="120.3304370">
    <ele>19.0</ele>
    <time>2026-08-17T08:03:10Z</time>
   </trkpt>
   <trkpt lat="22.7387110" lon="120.3304410">
    <ele>19.0</ele>
    <time>2026-08-17T08:03:11Z</time>
   </trkpt>
   <trkpt lat="22.7387180" lon="120.3304390">
    <ele>19.0</ele>
    <time>2026-08-17T08:03:12Z</time>
   </trkpt>
   <trkpt lat="22.7387200" lon="120.3304360">
    <ele>19.0</ele>
    <time>2026-08-17T08:03:13Z</time>
   </trkpt>
   <trkpt lat="22.7387190" lon="120.3304320">
    <ele>19.0</ele>
    <time>2026-08-17T08:03:14Z</time>
   </trkpt>
   <trkpt lat="22.7387150" lon="120.3304290">
    <ele>19.0</ele>
    <time>2026-08-17T08:03:16Z</time>
   </trkpt>
   <trkpt lat="22.7387080" lon="120.3304280">
    <ele>19.0</ele>
    <time>2026-08-17T08:03:17Z</time>
   </trkpt>
   <trkpt lat="22.7387020" lon="120.3304260">
    <ele>19.0</ele>
    <time>2026-08-17T08:03:18Z</time>
   </trkpt>
   <trkpt lat="22.7386950" lon="120.3304190">
    <ele>19.0</ele>
    <time>2026-08-17T08:03:19Z</time>
   </trkpt>
   <trkpt lat="22.7386830" lon="120.3304080">
    <ele>19.0</ele>
    <time>2026-08-17T08:03:20Z</time>
   </trkpt>
   <trkpt lat="22.7386770" lon="120.3303980">
    <ele>19.0</ele>
    <time>2026-08-17T08:03:21Z</time>
   </trkpt>
   <trkpt lat="22.7386780" lon="120.3303940">
    <ele>19.0</ele>
    <time>2026-08-17T08:03:22Z</time>
   </trkpt>
   <trkpt lat="22.7386780" lon="120.3303910">
    <ele>19.0</ele>
    <time>2026-08-17T08:03:23Z</time>
   </trkpt>
   <trkpt lat="22.7386770" lon="120.3303890">
    <ele>19.0</ele>
    <time>2026-08-17T08:03:24Z</time>
   </trkpt>
   <trkpt lat="22.7386660" lon="120.3303930">
    <ele>19.0</ele>
    <time>2026-08-17T08:03:25Z</time>
   </trkpt>
   <trkpt lat="22.7386510" lon="120.3303920">
    <ele>19.0</ele>
    <time>2026-08-17T08:03:26Z</time>
   </trkpt>
   <trkpt lat="22.7386460" lon="120.3303890">
    <ele>19.0</ele>
    <time>2026-08-17T08:03:27Z</time>
   </trkpt>
   <trkpt lat="22.7386420" lon="120.3303800">
    <ele>19.0</ele>
    <time>2026-08-17T08:03:28Z</time>
   </trkpt>
   <trkpt lat="22.7386420" lon="120.3303670">
    <ele>19.0</ele>
    <time>2026-08-17T08:03:29Z</time>
   </trkpt>
   <trkpt lat="22.7386450" lon="120.3303570">
    <ele>19.0</ele>
    <time>2026-08-17T08:03:30Z</time>
   </trkpt>
   <trkpt lat="22.7386470" lon="120.3303500">
    <ele>19.0</ele>
    <time>2026-08-17T08:03:31Z</time>
   </trkpt>
   <trkpt lat="22.7386340" lon="120.3303430">
    <ele>19.0</ele>
    <time>2026-08-17T08:03:33Z</time>
   </trkpt>
   <trkpt lat="22.7386220" lon="120.3303330">
    <ele>19.0</ele>
    <time>2026-08-17T08:03:34Z</time>
   </trkpt>
   <trkpt lat="22.7386150" lon="120.3303250">
    <ele>19.0</ele>
    <time>2026-08-17T08:03:35Z</time>
   </trkpt>
   <trkpt lat="22.7386120" lon="120.3303190">
    <ele>19.0</ele>
    <time>2026-08-17T08:03:36Z</time>
   </trkpt>
   <trkpt lat="22.7386150" lon="120.3303140">
    <ele>19.0</ele>
    <time>2026-08-17T08:03:37Z</time>
   </trkpt>
   <trkpt lat="22.7386170" lon="120.3303130">
    <ele>19.0</ele>
    <time>2026-08-17T08:03:38Z</time>
   </trkpt>
   <trkpt lat="22.7386110" lon="120.3303180">
    <ele>19.0</ele>
    <time>2026-08-17T08:03:39Z</time>
   </trkpt>
   <trkpt lat="22.7386080" lon="120.3303190">
    <ele>19.0</ele>
    <time>2026-08-17T08:03:40Z</time>
   </trkpt>
   <trkpt lat="22.7386040" lon="120.3303230">
    <ele>19.0</ele>
    <time>2026-08-17T08:03:41Z</time>
   </trkpt>
   <trkpt lat="22.7385940" lon="120.3303220">
    <ele>19.0</ele>
    <time>2026-08-17T08:03:42Z</time>
   </trkpt>
   <trkpt lat="22.7385870" lon="120.3303150">
    <ele>19.0</ele>
    <time>2026-08-17T08:03:44Z</time>
   </trkpt>
   <trkpt lat="22.7385830" lon="120.3303090">
    <ele>19.0</ele>
    <time>2026-08-17T08:03:45Z</time>
   </trkpt>
   <trkpt lat="22.7385800" lon="120.3303020">
    <ele>19.0</ele>
    <time>2026-08-17T08:03:46Z</time>
   </trkpt>
   <trkpt lat="22.7385830" lon="120.3302980">
    <ele>19.1</ele>
    <time>2026-08-17T08:03:47Z</time>
   </trkpt>
   <trkpt lat="22.7385820" lon="120.3303020">
    <ele>19.1</ele>
    <time>2026-08-17T08:03:48Z</time>
   </trkpt>
   <trkpt lat="22.7385780" lon="120.3303010">
    <ele>19.1</ele>
    <time>2026-08-17T08:03:49Z</time>
   </trkpt>
   <trkpt lat="22.7385720" lon="120.3303030">
    <ele>19.1</ele>
    <time>2026-08-17T08:03:50Z</time>
   </trkpt>
   <trkpt lat="22.7385600" lon="120.3302930">
    <ele>19.1</ele>
    <time>2026-08-17T08:03:51Z</time>
   </trkpt>
   <trkpt lat="22.7385530" lon="120.3302860">
    <ele>19.1</ele>
    <time>2026-08-17T08:03:53Z</time>
   </trkpt>
   <trkpt lat="22.7385530" lon="120.3302770">
    <ele>19.1</ele>
    <time>2026-08-17T08:03:54Z</time>
   </trkpt>
   <trkpt lat="22.7385570" lon="120.3302710">
    <ele>19.1</ele>
    <time>2026-08-17T08:03:55Z</time>
   </trkpt>
   <trkpt lat="22.7385600" lon="120.3302610">
    <ele>19.1</ele>
    <time>2026-08-17T08:03:56Z</time>
   </trkpt>
   <trkpt lat="22.7385530" lon="120.3302520">
    <ele>19.1</ele>
    <time>2026-08-17T08:03:57Z</time>
   </trkpt>
   <trkpt lat="22.7385460" lon="120.3302470">
    <ele>19.1</ele>
    <time>2026-08-17T08:03:59Z</time>
   </trkpt>
   <trkpt lat="22.7385410" lon="120.3302420">
    <ele>19.1</ele>
    <time>2026-08-17T08:04:00Z</time>
   </trkpt>
   <trkpt lat="22.7385450" lon="120.3302340">
    <ele>19.1</ele>
    <time>2026-08-17T08:04:01Z</time>
   </trkpt>
   <trkpt lat="22.7385460" lon="120.3302270">
    <ele>19.1</ele>
    <time>2026-08-17T08:04:02Z</time>
   </trkpt>
   <trkpt lat="22.7385500" lon="120.3302230">
    <ele>19.1</ele>
    <time>2026-08-17T08:04:03Z</time>
   </trkpt>
   <trkpt lat="22.7385530" lon="120.3302240">
    <ele>19.1</ele>
    <time>2026-08-17T08:04:04Z</time>
   </trkpt>
   <trkpt lat="22.7385520" lon="120.3302220">
    <ele>19.1</ele>
    <time>2026-08-17T08:04:05Z</time>
   </trkpt>
   <trkpt lat="22.7385510" lon="120.3302170">
    <ele>19.1</ele>
    <time>2026-08-17T08:04:06Z</time>
   </trkpt>
   <trkpt lat="22.7385470" lon="120.3302110">
    <ele>19.1</ele>
    <time>2026-08-17T08:04:07Z</time>
   </trkpt>
   <trkpt lat="22.7385420" lon="120.3302050">
    <ele>19.1</ele>
    <time>2026-08-17T08:04:08Z</time>
   </trkpt>
   <trkpt lat="22.7385390" lon="120.3302000">
    <ele>19.1</ele>
    <time>2026-08-17T08:04:09Z</time>
   </trkpt>
   <trkpt lat="22.7385360" lon="120.3301990">
    <ele>19.1</ele>
    <time>2026-08-17T08:04:10Z</time>
   </trkpt>
   <trkpt lat="22.7385260" lon="120.3302060">
    <ele>19.1</ele>
    <time>2026-08-17T08:04:11Z</time>
   </trkpt>
   <trkpt lat="22.7385170" lon="120.3302120">
    <ele>19.1</ele>
    <time>2026-08-17T08:04:12Z</time>
   </trkpt>
   <trkpt lat="22.7385080" lon="120.3302100">
    <ele>19.1</ele>
    <time>2026-08-17T08:04:13Z</time>
   </trkpt>
   <trkpt lat="22.7385020" lon="120.3302080">
    <ele>19.1</ele>
    <time>2026-08-17T08:04:14Z</time>
   </trkpt>
   <trkpt lat="22.7384980" lon="120.3301920">
    <ele>19.1</ele>
    <time>2026-08-17T08:04:15Z</time>
   </trkpt>
   <trkpt lat="22.7385050" lon="120.3301770">
    <ele>19.1</ele>
    <time>2026-08-17T08:04:17Z</time>
   </trkpt>
   <trkpt lat="22.7385060" lon="120.3301740">
    <ele>19.1</ele>
    <time>2026-08-17T08:04:19Z</time>
   </trkpt>
   <trkpt lat="22.7385070" lon="120.3301740">
    <ele>19.1</ele>
    <time>2026-08-17T08:04:20Z</time>
   </trkpt>
   <trkpt lat="22.7385130" lon="120.3301710">
    <ele>19.1</ele>
    <time>2026-08-17T08:04:21Z</time>
   </trkpt>
   <trkpt lat="22.7385170" lon="120.3301670">
    <ele>19.1</ele>
    <time>2026-08-17T08:04:22Z</time>
   </trkpt>
   <trkpt lat="22.7385190" lon="120.3301650">
    <ele>19.1</ele>
    <time>2026-08-17T08:04:23Z</time>
   </trkpt>
   <trkpt lat="22.7385190" lon="120.3301650">
    <ele>19.1</ele>
    <time>2026-08-17T08:04:24Z</time>
   </trkpt>
   <trkpt lat="22.7385190" lon="120.3301650">
    <ele>19.1</ele>
    <time>2026-08-17T08:04:26Z</time>
   </trkpt>
   <trkpt lat="22.7385180" lon="120.3301640">
    <ele>19.1</ele>
    <time>2026-08-17T08:04:27Z</time>
   </trkpt>
   <trkpt lat="22.7385190" lon="120.3301620">
    <ele>19.1</ele>
    <time>2026-08-17T08:04:28Z</time>
   </trkpt>
   <trkpt lat="22.7385180" lon="120.3301610">
    <ele>19.1</ele>
    <time>2026-08-17T08:04:29Z</time>
   </trkpt>
   <trkpt lat="22.7385170" lon="120.3301600">
    <ele>19.1</ele>
    <time>2026-08-17T08:04:30Z</time>
   </trkpt>
   <trkpt lat="22.7385150" lon="120.3301590">
    <ele>19.1</ele>
    <time>2026-08-17T08:04:31Z</time>
   </trkpt>
   <trkpt lat="22.7385090" lon="120.3301550">
    <ele>19.1</ele>
    <time>2026-08-17T08:04:32Z</time>
   </trkpt>
   <trkpt lat="22.7385050" lon="120.3301520">
    <ele>19.1</ele>
    <time>2026-08-17T08:04:33Z</time>
   </trkpt>
   <trkpt lat="22.7385030" lon="120.3301510">
    <ele>19.1</ele>
    <time>2026-08-17T08:04:34Z</time>
   </trkpt>
   <trkpt lat="22.7385020" lon="120.3301490">
    <ele>19.1</ele>
    <time>2026-08-17T08:04:35Z</time>
   </trkpt>
   <trkpt lat="22.7385030" lon="120.3301470">
    <ele>19.1</ele>
    <time>2026-08-17T08:04:36Z</time>
   </trkpt>
   <trkpt lat="22.7385040" lon="120.3301470">
    <ele>19.1</ele>
    <time>2026-08-17T08:04:37Z</time>
   </trkpt>
   <trkpt lat="22.7385030" lon="120.3301500">
    <ele>19.1</ele>
    <time>2026-08-17T08:04:38Z</time>
   </trkpt>
   <trkpt lat="22.7385020" lon="120.3301510">
    <ele>19.1</ele>
    <time>2026-08-17T08:04:39Z</time>
   </trkpt>
   <trkpt lat="22.7385010" lon="120.3301500">
    <ele>19.1</ele>
    <time>2026-08-17T08:04:40Z</time>
   </trkpt>
   <trkpt lat="22.7384990" lon="120.3301440">
    <ele>19.1</ele>
    <time>2026-08-17T08:04:41Z</time>
   </trkpt>
   <trkpt lat="22.7384970" lon="120.3301390">
    <ele>19.1</ele>
    <time>2026-08-17T08:04:43Z</time>
   </trkpt>
   <trkpt lat="22.7384960" lon="120.3301380">
    <ele>19.1</ele>
    <time>2026-08-17T08:04:44Z</time>
   </trkpt>
   <trkpt lat="22.7384950" lon="120.3301410">
    <ele>19.1</ele>
    <time>2026-08-17T08:04:45Z</time>
   </trkpt>
   <trkpt lat="22.7384920" lon="120.3301400">
    <ele>19.1</ele>
    <time>2026-08-17T08:04:46Z</time>
   </trkpt>
   <trkpt lat="22.7384890" lon="120.3301390">
    <ele>19.1</ele>
    <time>2026-08-17T08:04:47Z</time>
   </trkpt>
   <trkpt lat="22.7384870" lon="120.3301370">
    <ele>19.1</ele>
    <time>2026-08-17T08:04:48Z</time>
   </trkpt>
   <trkpt lat="22.7384860" lon="120.3301370">
    <ele>19.1</ele>
    <time>2026-08-17T08:04:49Z</time>
   </trkpt>
   <trkpt lat="22.7384840" lon="120.3301370">
    <ele>19.1</ele>
    <time>2026-08-17T08:04:50Z</time>
   </trkpt>
   <trkpt lat="22.7384820" lon="120.3301390">
    <ele>19.1</ele>
    <time>2026-08-17T08:04:51Z</time>
   </trkpt>
   <trkpt lat="22.7384810" lon="120.3301400">
    <ele>19.1</ele>
    <time>2026-08-17T08:04:52Z</time>
   </trkpt>
   <trkpt lat="22.7384810" lon="120.3301400">
    <ele>19.1</ele>
    <time>2026-08-17T08:04:53Z</time>
   </trkpt>
   <trkpt lat="22.7384780" lon="120.3301370">
    <ele>19.2</ele>
    <time>2026-08-17T08:04:54Z</time>
   </trkpt>
   <trkpt lat="22.7384760" lon="120.3301330">
    <ele>19.2</ele>
    <time>2026-08-17T08:04:56Z</time>
   </trkpt>
   <trkpt lat="22.7384740" lon="120.3301280">
    <ele>19.2</ele>
    <time>2026-08-17T08:04:57Z</time>
   </trkpt>
   <trkpt lat="22.7384730" lon="120.3301210">
    <ele>19.2</ele>
    <time>2026-08-17T08:04:58Z</time>
   </trkpt>
   <trkpt lat="22.7384740" lon="120.3301150">
    <ele>19.2</ele>
    <time>2026-08-17T08:04:59Z</time>
   </trkpt>
   <trkpt lat="22.7384720" lon="120.3301140">
    <ele>19.2</ele>
    <time>2026-08-17T08:05:00Z</time>
   </trkpt>
   <trkpt lat="22.7384640" lon="120.3300990">
    <ele>19.2</ele>
    <time>2026-08-17T08:05:01Z</time>
   </trkpt>
   <trkpt lat="22.7384580" lon="120.3300980">
    <ele>19.2</ele>
    <time>2026-08-17T08:05:03Z</time>
   </trkpt>
   <trkpt lat="22.7384520" lon="120.3300910">
    <ele>19.2</ele>
    <time>2026-08-17T08:05:04Z</time>
   </trkpt>
   <trkpt lat="22.7384460" lon="120.3300860">
    <ele>19.2</ele>
    <time>2026-08-17T08:05:05Z</time>
   </trkpt>
   <trkpt lat="22.7384410" lon="120.3300780">
    <ele>19.2</ele>
    <time>2026-08-17T08:05:06Z</time>
   </trkpt>
   <trkpt lat="22.7384390" lon="120.3300700">
    <ele>19.2</ele>
    <time>2026-08-17T08:05:07Z</time>
   </trkpt>
   <trkpt lat="22.7384390" lon="120.3300630">
    <ele>19.2</ele>
    <time>2026-08-17T08:05:08Z</time>
   </trkpt>
   <trkpt lat="22.7384420" lon="120.3300580">
    <ele>19.2</ele>
    <time>2026-08-17T08:05:09Z</time>
   </trkpt>
   <trkpt lat="22.7384450" lon="120.3300570">
    <ele>19.2</ele>
    <time>2026-08-17T08:05:10Z</time>
   </trkpt>
   <trkpt lat="22.7384450" lon="120.3300540">
    <ele>19.2</ele>
    <time>2026-08-17T08:05:11Z</time>
   </trkpt>
   <trkpt lat="22.7384460" lon="120.3300510">
    <ele>19.2</ele>
    <time>2026-08-17T08:05:12Z</time>
   </trkpt>
   <trkpt lat="22.7384460" lon="120.3300470">
    <ele>19.2</ele>
    <time>2026-08-17T08:05:13Z</time>
   </trkpt>
   <trkpt lat="22.7384460" lon="120.3300440">
    <ele>19.2</ele>
    <time>2026-08-17T08:05:14Z</time>
   </trkpt>
   <trkpt lat="22.7384460" lon="120.3300420">
    <ele>19.2</ele>
    <time>2026-08-17T08:05:15Z</time>
   </trkpt>
   <trkpt lat="22.7384460" lon="120.3300390">
    <ele>19.2</ele>
    <time>2026-08-17T08:05:16Z</time>
   </trkpt>
   <trkpt lat="22.7384450" lon="120.3300380">
    <ele>19.2</ele>
    <time>2026-08-17T08:05:17Z</time>
   </trkpt>
   <trkpt lat="22.7384440" lon="120.3300370">
    <ele>19.2</ele>
    <time>2026-08-17T08:05:18Z</time>
   </trkpt>
   <trkpt lat="22.7384430" lon="120.3300370">
    <ele>19.2</ele>
    <time>2026-08-17T08:05:19Z</time>
   </trkpt>
   <trkpt lat="22.7384430" lon="120.3300370">
    <ele>19.2</ele>
    <time>2026-08-17T08:05:20Z</time>
   </trkpt>
   <trkpt lat="22.7384410" lon="120.3300360">
    <ele>19.2</ele>
    <time>2026-08-17T08:05:21Z</time>
   </trkpt>
   <trkpt lat="22.7384420" lon="120.3300420">
    <ele>19.2</ele>
    <time>2026-08-17T08:05:23Z</time>
   </trkpt>
   <trkpt lat="22.7384410" lon="120.3300410">
    <ele>19.2</ele>
    <time>2026-08-17T08:05:24Z</time>
   </trkpt>
   <trkpt lat="22.7384390" lon="120.3300380">
    <ele>19.2</ele>
    <time>2026-08-17T08:05:25Z</time>
   </trkpt>
   <trkpt lat="22.7384350" lon="120.3300340">
    <ele>19.2</ele>
    <time>2026-08-17T08:05:26Z</time>
   </trkpt>
   <trkpt lat="22.7384330" lon="120.3300310">
    <ele>19.2</ele>
    <time>2026-08-17T08:05:27Z</time>
   </trkpt>
   <trkpt lat="22.7384310" lon="120.3300310">
    <ele>19.2</ele>
    <time>2026-08-17T08:05:28Z</time>
   </trkpt>
   <trkpt lat="22.7384290" lon="120.3300380">
    <ele>19.2</ele>
    <time>2026-08-17T08:05:29Z</time>
   </trkpt>
   <trkpt lat="22.7384280" lon="120.3300400">
    <ele>19.2</ele>
    <time>2026-08-17T08:05:30Z</time>
   </trkpt>
   <trkpt lat="22.7384250" lon="120.3300370">
    <ele>19.2</ele>
    <time>2026-08-17T08:05:31Z</time>
   </trkpt>
   <trkpt lat="22.7384240" lon="120.3300320">
    <ele>19.2</ele>
    <time>2026-08-17T08:05:33Z</time>
   </trkpt>
   <trkpt lat="22.7384230" lon="120.3300310">
    <ele>19.2</ele>
    <time>2026-08-17T08:05:34Z</time>
   </trkpt>
   <trkpt lat="22.7384220" lon="120.3300290">
    <ele>19.2</ele>
    <time>2026-08-17T08:05:35Z</time>
   </trkpt>
   <trkpt lat="22.7384200" lon="120.3300270">
    <ele>19.2</ele>
    <time>2026-08-17T08:05:36Z</time>
   </trkpt>
   <trkpt lat="22.7384190" lon="120.3300240">
    <ele>19.2</ele>
    <time>2026-08-17T08:05:37Z</time>
   </trkpt>
   <trkpt lat="22.7384180" lon="120.3300180">
    <ele>19.2</ele>
    <time>2026-08-17T08:05:38Z</time>
   </trkpt>
   <trkpt lat="22.7384180" lon="120.3300050">
    <ele>19.2</ele>
    <time>2026-08-17T08:05:39Z</time>
   </trkpt>
   <trkpt lat="22.7384210" lon="120.3299930">
    <ele>19.2</ele>
    <time>2026-08-17T08:05:40Z</time>
   </trkpt>
   <trkpt lat="22.7384230" lon="120.3299850">
    <ele>19.2</ele>
    <time>2026-08-17T08:05:41Z</time>
   </trkpt>
   <trkpt lat="22.7384190" lon="120.3299740">
    <ele>19.2</ele>
    <time>2026-08-17T08:05:42Z</time>
   </trkpt>
   <trkpt lat="22.7384130" lon="120.3299660">
    <ele>19.2</ele>
    <time>2026-08-17T08:05:43Z</time>
   </trkpt>
   <trkpt lat="22.7384070" lon="120.3299620">
    <ele>19.2</ele>
    <time>2026-08-17T08:05:44Z</time>
   </trkpt>
   <trkpt lat="22.7384020" lon="120.3299560">
    <ele>19.2</ele>
    <time>2026-08-17T08:05:45Z</time>
   </trkpt>
   <trkpt lat="22.7384000" lon="120.3299560">
    <ele>19.2</ele>
    <time>2026-08-17T08:05:46Z</time>
   </trkpt>
   <trkpt lat="22.7383990" lon="120.3299550">
    <ele>19.2</ele>
    <time>2026-08-17T08:05:47Z</time>
   </trkpt>
   <trkpt lat="22.7383980" lon="120.3299330">
    <ele>19.2</ele>
    <time>2026-08-17T08:05:48Z</time>
   </trkpt>
   <trkpt lat="22.7383970" lon="120.3299250">
    <ele>19.2</ele>
    <time>2026-08-17T08:05:49Z</time>
   </trkpt>
   <trkpt lat="22.7383970" lon="120.3299240">
    <ele>19.2</ele>
    <time>2026-08-17T08:05:50Z</time>
   </trkpt>
   <trkpt lat="22.7383970" lon="120.3299230">
    <ele>19.2</ele>
    <time>2026-08-17T08:05:51Z</time>
   </trkpt>
   <trkpt lat="22.7383940" lon="120.3299210">
    <ele>19.2</ele>
    <time>2026-08-17T08:05:52Z</time>
   </trkpt>
   <trkpt lat="22.7383900" lon="120.3299170">
    <ele>19.2</ele>
    <time>2026-08-17T08:05:53Z</time>
   </trkpt>
   <trkpt lat="22.7383860" lon="120.3299080">
    <ele>19.2</ele>
    <time>2026-08-17T08:05:54Z</time>
   </trkpt>
   <trkpt lat="22.7383860" lon="120.3298960">
    <ele>19.3</ele>
    <time>2026-08-17T08:05:55Z</time>
   </trkpt>
   <trkpt lat="22.7383880" lon="120.3298850">
    <ele>19.3</ele>
    <time>2026-08-17T08:05:56Z</time>
   </trkpt>
   <trkpt lat="22.7383930" lon="120.3298830">
    <ele>19.3</ele>
    <time>2026-08-17T08:05:57Z</time>
   </trkpt>
   <trkpt lat="22.7383970" lon="120.3298830">
    <ele>19.3</ele>
    <time>2026-08-17T08:05:58Z</time>
   </trkpt>
   <trkpt lat="22.7383970" lon="120.3298840">
    <ele>19.3</ele>
    <time>2026-08-17T08:05:59Z</time>
   </trkpt>
   <trkpt lat="22.7383950" lon="120.3298840">
    <ele>19.3</ele>
    <time>2026-08-17T08:06:00Z</time>
   </trkpt>
   <trkpt lat="22.7383840" lon="120.3298800">
    <ele>19.3</ele>
    <time>2026-08-17T08:06:01Z</time>
   </trkpt>
   <trkpt lat="22.7383740" lon="120.3298700">
    <ele>19.3</ele>
    <time>2026-08-17T08:06:03Z</time>
   </trkpt>
   <trkpt lat="22.7383720" lon="120.3298640">
    <ele>19.3</ele>
    <time>2026-08-17T08:06:04Z</time>
   </trkpt>
   <trkpt lat="22.7383710" lon="120.3298550">
    <ele>19.3</ele>
    <time>2026-08-17T08:06:05Z</time>
   </trkpt>
   <trkpt lat="22.7383690" lon="120.3298450">
    <ele>19.3</ele>
    <time>2026-08-17T08:06:07Z</time>
   </trkpt>
   <trkpt lat="22.7383660" lon="120.3298460">
    <ele>19.3</ele>
    <time>2026-08-17T08:06:08Z</time>
   </trkpt>
   <trkpt lat="22.7383670" lon="120.3298500">
    <ele>19.3</ele>
    <time>2026-08-17T08:06:09Z</time>
   </trkpt>
   <trkpt lat="22.7383610" lon="120.3298420">
    <ele>19.3</ele>
    <time>2026-08-17T08:06:10Z</time>
   </trkpt>
   <trkpt lat="22.7383540" lon="120.3298360">
    <ele>19.3</ele>
    <time>2026-08-17T08:06:12Z</time>
   </trkpt>
   <trkpt lat="22.7383480" lon="120.3298280">
    <ele>19.3</ele>
    <time>2026-08-17T08:06:13Z</time>
   </trkpt>
   <trkpt lat="22.7383470" lon="120.3298230">
    <ele>19.3</ele>
    <time>2026-08-17T08:06:14Z</time>
   </trkpt>
   <trkpt lat="22.7383470" lon="120.3298190">
    <ele>19.3</ele>
    <time>2026-08-17T08:06:15Z</time>
   </trkpt>
   <trkpt lat="22.7383480" lon="120.3298170">
    <ele>19.3</ele>
    <time>2026-08-17T08:06:16Z</time>
   </trkpt>
   <trkpt lat="22.7383460" lon="120.3298180">
    <ele>19.3</ele>
    <time>2026-08-17T08:06:17Z</time>
   </trkpt>
   <trkpt lat="22.7383450" lon="120.3298160">
    <ele>19.3</ele>
    <time>2026-08-17T08:06:18Z</time>
   </trkpt>
   <trkpt lat="22.7383440" lon="120.3298160">
    <ele>19.3</ele>
    <time>2026-08-17T08:06:19Z</time>
   </trkpt>
   <trkpt lat="22.7383420" lon="120.3298100">
    <ele>19.3</ele>
    <time>2026-08-17T08:06:20Z</time>
   </trkpt>
   <trkpt lat="22.7383400" lon="120.3298010">
    <ele>19.3</ele>
    <time>2026-08-17T08:06:21Z</time>
   </trkpt>
   <trkpt lat="22.7383400" lon="120.3297940">
    <ele>19.3</ele>
    <time>2026-08-17T08:06:22Z</time>
   </trkpt>
   <trkpt lat="22.7383390" lon="120.3297780">
    <ele>19.3</ele>
    <time>2026-08-17T08:06:23Z</time>
   </trkpt>
   <trkpt lat="22.7383380" lon="120.3297730">
    <ele>19.3</ele>
    <time>2026-08-17T08:06:24Z</time>
   </trkpt>
   <trkpt lat="22.7383380" lon="120.3297720">
    <ele>19.3</ele>
    <time>2026-08-17T08:06:25Z</time>
   </trkpt>
   <trkpt lat="22.7383370" lon="120.3297710">
    <ele>19.3</ele>
    <time>2026-08-17T08:06:26Z</time>
   </trkpt>
   <trkpt lat="22.7383320" lon="120.3297600">
    <ele>19.3</ele>
    <time>2026-08-17T08:06:27Z</time>
   </trkpt>
   <trkpt lat="22.7383300" lon="120.3297460">
    <ele>19.3</ele>
    <time>2026-08-17T08:06:29Z</time>
   </trkpt>
   <trkpt lat="22.7383320" lon="120.3297360">
    <ele>19.3</ele>
    <time>2026-08-17T08:06:30Z</time>
   </trkpt>
   <trkpt lat="22.7383320" lon="120.3297240">
    <ele>19.3</ele>
    <time>2026-08-17T08:06:31Z</time>
   </trkpt>
   <trkpt lat="22.7383280" lon="120.3297120">
    <ele>19.3</ele>
    <time>2026-08-17T08:06:32Z</time>
   </trkpt>
   <trkpt lat="22.7383210" lon="120.3296980">
    <ele>19.3</ele>
    <time>2026-08-17T08:06:33Z</time>
   </trkpt>
   <trkpt lat="22.7383120" lon="120.3296880">
    <ele>19.3</ele>
    <time>2026-08-17T08:06:34Z</time>
   </trkpt>
   <trkpt lat="22.7383020" lon="120.3296780">
    <ele>19.3</ele>
    <time>2026-08-17T08:06:35Z</time>
   </trkpt>
   <trkpt lat="22.7382890" lon="120.3296680">
    <ele>19.3</ele>
    <time>2026-08-17T08:06:36Z</time>
   </trkpt>
   <trkpt lat="22.7382770" lon="120.3296590">
    <ele>19.3</ele>
    <time>2026-08-17T08:06:37Z</time>
   </trkpt>
   <trkpt lat="22.7382590" lon="120.3296420">
    <ele>19.4</ele>
    <time>2026-08-17T08:06:38Z</time>
   </trkpt>
   <trkpt lat="22.7382480" lon="120.3296340">
    <ele>19.4</ele>
    <time>2026-08-17T08:06:40Z</time>
   </trkpt>
   <trkpt lat="22.7382280" lon="120.3296160">
    <ele>19.4</ele>
    <time>2026-08-17T08:06:41Z</time>
   </trkpt>
   <trkpt lat="22.7382190" lon="120.3296070">
    <ele>19.4</ele>
    <time>2026-08-17T08:06:43Z</time>
   </trkpt>
   <trkpt lat="22.7382150" lon="120.3295990">
    <ele>19.4</ele>
    <time>2026-08-17T08:06:44Z</time>
   </trkpt>
   <trkpt lat="22.7382110" lon="120.3295890">
    <ele>19.4</ele>
    <time>2026-08-17T08:06:45Z</time>
   </trkpt>
   <trkpt lat="22.7382110" lon="120.3295680">
    <ele>19.4</ele>
    <time>2026-08-17T08:06:46Z</time>
   </trkpt>
   <trkpt lat="22.7382050" lon="120.3295510">
    <ele>19.4</ele>
    <time>2026-08-17T08:06:47Z</time>
   </trkpt>
   <trkpt lat="22.7382000" lon="120.3295370">
    <ele>19.4</ele>
    <time>2026-08-17T08:06:48Z</time>
   </trkpt>
   <trkpt lat="22.7382020" lon="120.3295290">
    <ele>19.4</ele>
    <time>2026-08-17T08:06:49Z</time>
   </trkpt>
   <trkpt lat="22.7382120" lon="120.3295340">
    <ele>19.4</ele>
    <time>2026-08-17T08:06:50Z</time>
   </trkpt>
   <trkpt lat="22.7382130" lon="120.3295340">
    <ele>19.4</ele>
    <time>2026-08-17T08:06:52Z</time>
   </trkpt>
   <trkpt lat="22.7382110" lon="120.3295290">
    <ele>19.4</ele>
    <time>2026-08-17T08:06:53Z</time>
   </trkpt>
   <trkpt lat="22.7382100" lon="120.3295230">
    <ele>19.4</ele>
    <time>2026-08-17T08:06:54Z</time>
   </trkpt>
   <trkpt lat="22.7382110" lon="120.3295190">
    <ele>19.4</ele>
    <time>2026-08-17T08:06:55Z</time>
   </trkpt>
   <trkpt lat="22.7382180" lon="120.3295170">
    <ele>19.4</ele>
    <time>2026-08-17T08:06:56Z</time>
   </trkpt>
   <trkpt lat="22.7382220" lon="120.3295140">
    <ele>19.4</ele>
    <time>2026-08-17T08:06:58Z</time>
   </trkpt>
   <trkpt lat="22.7382230" lon="120.3295120">
    <ele>19.4</ele>
    <time>2026-08-17T08:06:59Z</time>
   </trkpt>
   <trkpt lat="22.7382210" lon="120.3295120">
    <ele>19.4</ele>
    <time>2026-08-17T08:07:00Z</time>
   </trkpt>
   <trkpt lat="22.7382200" lon="120.3295110">
    <ele>19.4</ele>
    <time>2026-08-17T08:07:01Z</time>
   </trkpt>
   <trkpt lat="22.7382260" lon="120.3295020">
    <ele>19.3</ele>
    <time>2026-08-17T08:07:02Z</time>
   </trkpt>
   <trkpt lat="22.7382320" lon="120.3294920">
    <ele>19.3</ele>
    <time>2026-08-17T08:07:03Z</time>
   </trkpt>
   <trkpt lat="22.7382340" lon="120.3294900">
    <ele>19.3</ele>
    <time>2026-08-17T08:07:05Z</time>
   </trkpt>
   <trkpt lat="22.7382380" lon="120.3294910">
    <ele>19.3</ele>
    <time>2026-08-17T08:07:06Z</time>
   </trkpt>
   <trkpt lat="22.7382400" lon="120.3294920">
    <ele>19.3</ele>
    <time>2026-08-17T08:07:07Z</time>
   </trkpt>
   <trkpt lat="22.7382410" lon="120.3294910">
    <ele>19.3</ele>
    <time>2026-08-17T08:07:08Z</time>
   </trkpt>
   <trkpt lat="22.7382410" lon="120.3294890">
    <ele>19.3</ele>
    <time>2026-08-17T08:07:09Z</time>
   </trkpt>
   <trkpt lat="22.7382410" lon="120.3294870">
    <ele>19.3</ele>
    <time>2026-08-17T08:07:10Z</time>
   </trkpt>
   <trkpt lat="22.7382400" lon="120.3294830">
    <ele>19.3</ele>
    <time>2026-08-17T08:07:11Z</time>
   </trkpt>
   <trkpt lat="22.7382410" lon="120.3294800">
    <ele>19.3</ele>
    <time>2026-08-17T08:07:12Z</time>
   </trkpt>
   <trkpt lat="22.7382470" lon="120.3294780">
    <ele>19.3</ele>
    <time>2026-08-17T08:07:13Z</time>
   </trkpt>
   <trkpt lat="22.7382490" lon="120.3294780">
    <ele>19.3</ele>
    <time>2026-08-17T08:07:15Z</time>
   </trkpt>
   <trkpt lat="22.7382510" lon="120.3294790">
    <ele>19.3</ele>
    <time>2026-08-17T08:07:16Z</time>
   </trkpt>
   <trkpt lat="22.7382520" lon="120.3294780">
    <ele>19.3</ele>
    <time>2026-08-17T08:07:17Z</time>
   </trkpt>
   <trkpt lat="22.7382580" lon="120.3294520">
    <ele>19.3</ele>
    <time>2026-08-17T08:07:18Z</time>
   </trkpt>
   <trkpt lat="22.7382690" lon="120.3294430">
    <ele>19.3</ele>
    <time>2026-08-17T08:07:20Z</time>
   </trkpt>
   <trkpt lat="22.7382760" lon="120.3294370">
    <ele>19.3</ele>
    <time>2026-08-17T08:07:21Z</time>
   </trkpt>
   <trkpt lat="22.7382830" lon="120.3294320">
    <ele>19.3</ele>
    <time>2026-08-17T08:07:22Z</time>
   </trkpt>
   <trkpt lat="22.7382890" lon="120.3294310">
    <ele>19.3</ele>
    <time>2026-08-17T08:07:23Z</time>
   </trkpt>
   <trkpt lat="22.7382900" lon="120.3294290">
    <ele>19.3</ele>
    <time>2026-08-17T08:07:24Z</time>
   </trkpt>
   <trkpt lat="22.7382910" lon="120.3294270">
    <ele>19.3</ele>
    <time>2026-08-17T08:07:25Z</time>
   </trkpt>
   <trkpt lat="22.7382930" lon="120.3294200">
    <ele>19.3</ele>
    <time>2026-08-17T08:07:27Z</time>
   </trkpt>
   <trkpt lat="22.7382950" lon="120.3294150">
    <ele>19.3</ele>
    <time>2026-08-17T08:07:28Z</time>
   </trkpt>
   <trkpt lat="22.7383030" lon="120.3294100">
    <ele>19.3</ele>
    <time>2026-08-17T08:07:29Z</time>
   </trkpt>
   <trkpt lat="22.7383010" lon="120.3294080">
    <ele>19.3</ele>
    <time>2026-08-17T08:07:31Z</time>
   </trkpt>
   <trkpt lat="22.7383030" lon="120.3294060">
    <ele>19.3</ele>
    <time>2026-08-17T08:07:32Z</time>
   </trkpt>
   <trkpt lat="22.7383050" lon="120.3294030">
    <ele>19.3</ele>
    <time>2026-08-17T08:07:33Z</time>
   </trkpt>
   <trkpt lat="22.7383310" lon="120.3293870">
    <ele>19.3</ele>
    <time>2026-08-17T08:07:34Z</time>
   </trkpt>
   <trkpt lat="22.7383430" lon="120.3293860">
    <ele>19.3</ele>
    <time>2026-08-17T08:07:36Z</time>
   </trkpt>
   <trkpt lat="22.7383500" lon="120.3293840">
    <ele>19.3</ele>
    <time>2026-08-17T08:07:37Z</time>
   </trkpt>
   <trkpt lat="22.7383590" lon="120.3293880">
    <ele>19.3</ele>
    <time>2026-08-17T08:07:38Z</time>
   </trkpt>
   <trkpt lat="22.7383650" lon="120.3293890">
    <ele>19.2</ele>
    <time>2026-08-17T08:07:39Z</time>
   </trkpt>
   <trkpt lat="22.7383690" lon="120.3293910">
    <ele>19.2</ele>
    <time>2026-08-17T08:07:40Z</time>
   </trkpt>
   <trkpt lat="22.7383690" lon="120.3293930">
    <ele>19.2</ele>
    <time>2026-08-17T08:07:41Z</time>
   </trkpt>
   <trkpt lat="22.7383670" lon="120.3293940">
    <ele>19.2</ele>
    <time>2026-08-17T08:07:42Z</time>
   </trkpt>
   <trkpt lat="22.7383660" lon="120.3293940">
    <ele>19.2</ele>
    <time>2026-08-17T08:07:43Z</time>
   </trkpt>
   <trkpt lat="22.7383600" lon="120.3293910">
    <ele>19.2</ele>
    <time>2026-08-17T08:07:44Z</time>
   </trkpt>
   <trkpt lat="22.7383600" lon="120.3293910">
    <ele>19.2</ele>
    <time>2026-08-17T08:07:45Z</time>
   </trkpt>
   <trkpt lat="22.7383590" lon="120.3293910">
    <ele>19.2</ele>
    <time>2026-08-17T08:07:46Z</time>
   </trkpt>
   <trkpt lat="22.7383580" lon="120.3293920">
    <ele>19.2</ele>
    <time>2026-08-17T08:07:47Z</time>
   </trkpt>
   <trkpt lat="22.7383580" lon="120.3293920">
    <ele>19.2</ele>
    <time>2026-08-17T08:07:48Z</time>
   </trkpt>
   <trkpt lat="22.7383600" lon="120.3293890">
    <ele>19.2</ele>
    <time>2026-08-17T08:07:49Z</time>
   </trkpt>
   <trkpt lat="22.7383580" lon="120.3293830">
    <ele>19.2</ele>
    <time>2026-08-17T08:07:51Z</time>
   </trkpt>
   <trkpt lat="22.7383600" lon="120.3293810">
    <ele>19.2</ele>
    <time>2026-08-17T08:07:52Z</time>
   </trkpt>
   <trkpt lat="22.7383630" lon="120.3293800">
    <ele>19.2</ele>
    <time>2026-08-17T08:07:53Z</time>
   </trkpt>
   <trkpt lat="22.7383660" lon="120.3293790">
    <ele>19.2</ele>
    <time>2026-08-17T08:07:54Z</time>
   </trkpt>
   <trkpt lat="22.7383690" lon="120.3293730">
    <ele>19.2</ele>
    <time>2026-08-17T08:07:55Z</time>
   </trkpt>
   <trkpt lat="22.7383700" lon="120.3293690">
    <ele>19.2</ele>
    <time>2026-08-17T08:07:56Z</time>
   </trkpt>
   <trkpt lat="22.7383730" lon="120.3293590">
    <ele>19.2</ele>
    <time>2026-08-17T08:07:57Z</time>
   </trkpt>
   <trkpt lat="22.7383790" lon="120.3293450">
    <ele>19.2</ele>
    <time>2026-08-17T08:07:58Z</time>
   </trkpt>
   <trkpt lat="22.7383900" lon="120.3293340">
    <ele>19.2</ele>
    <time>2026-08-17T08:07:59Z</time>
   </trkpt>
   <trkpt lat="22.7383970" lon="120.3293270">
    <ele>19.2</ele>
    <time>2026-08-17T08:08:00Z</time>
   </trkpt>
   <trkpt lat="22.7384010" lon="120.3293210">
    <ele>19.2</ele>
    <time>2026-08-17T08:08:01Z</time>
   </trkpt>
   <trkpt lat="22.7384050" lon="120.3293210">
    <ele>19.2</ele>
    <time>2026-08-17T08:08:02Z</time>
   </trkpt>
   <trkpt lat="22.7384060" lon="120.3293240">
    <ele>19.2</ele>
    <time>2026-08-17T08:08:03Z</time>
   </trkpt>
   <trkpt lat="22.7384060" lon="120.3293190">
    <ele>19.2</ele>
    <time>2026-08-17T08:08:04Z</time>
   </trkpt>
   <trkpt lat="22.7384050" lon="120.3293120">
    <ele>19.2</ele>
    <time>2026-08-17T08:08:06Z</time>
   </trkpt>
   <trkpt lat="22.7384040" lon="120.3293040">
    <ele>19.2</ele>
    <time>2026-08-17T08:08:07Z</time>
   </trkpt>
   <trkpt lat="22.7384130" lon="120.3292930">
    <ele>19.2</ele>
    <time>2026-08-17T08:08:08Z</time>
   </trkpt>
   <trkpt lat="22.7384250" lon="120.3292870">
    <ele>19.2</ele>
    <time>2026-08-17T08:08:09Z</time>
   </trkpt>
   <trkpt lat="22.7384310" lon="120.3292880">
    <ele>19.2</ele>
    <time>2026-08-17T08:08:10Z</time>
   </trkpt>
   <trkpt lat="22.7384370" lon="120.3292890">
    <ele>19.2</ele>
    <time>2026-08-17T08:08:11Z</time>
   </trkpt>
   <trkpt lat="22.7384380" lon="120.3292850">
    <ele>19.2</ele>
    <time>2026-08-17T08:08:12Z</time>
   </trkpt>
   <trkpt lat="22.7384380" lon="120.3292770">
    <ele>19.2</ele>
    <time>2026-08-17T08:08:14Z</time>
   </trkpt>
   <trkpt lat="22.7384400" lon="120.3292700">
    <ele>19.2</ele>
    <time>2026-08-17T08:08:15Z</time>
   </trkpt>
   <trkpt lat="22.7384490" lon="120.3292580">
    <ele>19.2</ele>
    <time>2026-08-17T08:08:16Z</time>
   </trkpt>
   <trkpt lat="22.7384560" lon="120.3292510">
    <ele>19.2</ele>
    <time>2026-08-17T08:08:18Z</time>
   </trkpt>
   <trkpt lat="22.7384950" lon="120.3292410">
    <ele>19.2</ele>
    <time>2026-08-17T08:08:19Z</time>
   </trkpt>
   <trkpt lat="22.7385160" lon="120.3292490">
    <ele>19.1</ele>
    <time>2026-08-17T08:08:21Z</time>
   </trkpt>
   <trkpt lat="22.7385140" lon="120.3292530">
    <ele>19.1</ele>
    <time>2026-08-17T08:08:23Z</time>
   </trkpt>
   <trkpt lat="22.7385150" lon="120.3292630">
    <ele>19.1</ele>
    <time>2026-08-17T08:08:24Z</time>
   </trkpt>
   <trkpt lat="22.7385160" lon="120.3292750">
    <ele>19.1</ele>
    <time>2026-08-17T08:08:25Z</time>
   </trkpt>
   <trkpt lat="22.7385170" lon="120.3292830">
    <ele>19.1</ele>
    <time>2026-08-17T08:08:26Z</time>
   </trkpt>
   <trkpt lat="22.7385190" lon="120.3292860">
    <ele>19.1</ele>
    <time>2026-08-17T08:08:27Z</time>
   </trkpt>
   <trkpt lat="22.7385250" lon="120.3292960">
    <ele>19.1</ele>
    <time>2026-08-17T08:08:28Z</time>
   </trkpt>
   <trkpt lat="22.7385320" lon="120.3293050">
    <ele>19.1</ele>
    <time>2026-08-17T08:08:30Z</time>
   </trkpt>
   <trkpt lat="22.7385450" lon="120.3293190">
    <ele>19.1</ele>
    <time>2026-08-17T08:08:31Z</time>
   </trkpt>
   <trkpt lat="22.7385630" lon="120.3293290">
    <ele>19.1</ele>
    <time>2026-08-17T08:08:32Z</time>
   </trkpt>
   <trkpt lat="22.7385800" lon="120.3293360">
    <ele>19.1</ele>
    <time>2026-08-17T08:08:33Z</time>
   </trkpt>
   <trkpt lat="22.7385980" lon="120.3293360">
    <ele>19.1</ele>
    <time>2026-08-17T08:08:34Z</time>
   </trkpt>
   <trkpt lat="22.7386160" lon="120.3293350">
    <ele>19.1</ele>
    <time>2026-08-17T08:08:35Z</time>
   </trkpt>
   <trkpt lat="22.7386310" lon="120.3293300">
    <ele>19.1</ele>
    <time>2026-08-17T08:08:36Z</time>
   </trkpt>
   <trkpt lat="22.7386350" lon="120.3293230">
    <ele>19.1</ele>
    <time>2026-08-17T08:08:37Z</time>
   </trkpt>
   <trkpt lat="22.7386350" lon="120.3293350">
    <ele>19.1</ele>
    <time>2026-08-17T08:08:38Z</time>
   </trkpt>
   <trkpt lat="22.7386390" lon="120.3293440">
    <ele>19.1</ele>
    <time>2026-08-17T08:08:39Z</time>
   </trkpt>
   <trkpt lat="22.7386410" lon="120.3293640">
    <ele>19.1</ele>
    <time>2026-08-17T08:08:40Z</time>
   </trkpt>
   <trkpt lat="22.7386470" lon="120.3293750">
    <ele>19.1</ele>
    <time>2026-08-17T08:08:41Z</time>
   </trkpt>
   <trkpt lat="22.7386540" lon="120.3293860">
    <ele>19.1</ele>
    <time>2026-08-17T08:08:42Z</time>
   </trkpt>
   <trkpt lat="22.7386560" lon="120.3293960">
    <ele>19.1</ele>
    <time>2026-08-17T08:08:43Z</time>
   </trkpt>
   <trkpt lat="22.7386530" lon="120.3293990">
    <ele>19.1</ele>
    <time>2026-08-17T08:08:44Z</time>
   </trkpt>
   <trkpt lat="22.7386540" lon="120.3294050">
    <ele>19.1</ele>
    <time>2026-08-17T08:08:46Z</time>
   </trkpt>
   <trkpt lat="22.7386540" lon="120.3294160">
    <ele>19.1</ele>
    <time>2026-08-17T08:08:47Z</time>
   </trkpt>
   <trkpt lat="22.7386500" lon="120.3294480">
    <ele>19.1</ele>
    <time>2026-08-17T08:08:48Z</time>
   </trkpt>
   <trkpt lat="22.7386480" lon="120.3294920">
    <ele>19.1</ele>
    <time>2026-08-17T08:08:49Z</time>
   </trkpt>
   <trkpt lat="22.7386470" lon="120.3295160">
    <ele>19.1</ele>
    <time>2026-08-17T08:08:50Z</time>
   </trkpt>
   <trkpt lat="22.7386430" lon="120.3295330">
    <ele>19.1</ele>
    <time>2026-08-17T08:08:51Z</time>
   </trkpt>
   <trkpt lat="22.7386420" lon="120.3295450">
    <ele>19.1</ele>
    <time>2026-08-17T08:08:52Z</time>
   </trkpt>
   <trkpt lat="22.7386490" lon="120.3295600">
    <ele>19.1</ele>
    <time>2026-08-17T08:08:53Z</time>
   </trkpt>
   <trkpt lat="22.7386540" lon="120.3295710">
    <ele>19.1</ele>
    <time>2026-08-17T08:08:55Z</time>
   </trkpt>
   <trkpt lat="22.7386560" lon="120.3295820">
    <ele>19.1</ele>
    <time>2026-08-17T08:08:56Z</time>
   </trkpt>
   <trkpt lat="22.7386510" lon="120.3295950">
    <ele>19.1</ele>
    <time>2026-08-17T08:08:57Z</time>
   </trkpt>
   <trkpt lat="22.7386500" lon="120.3296010">
    <ele>19.1</ele>
    <time>2026-08-17T08:08:58Z</time>
   </trkpt>
   <trkpt lat="22.7386550" lon="120.3296070">
    <ele>19.1</ele>
    <time>2026-08-17T08:09:00Z</time>
   </trkpt>
   <trkpt lat="22.7386630" lon="120.3296070">
    <ele>19.1</ele>
    <time>2026-08-17T08:09:01Z</time>
   </trkpt>
   <trkpt lat="22.7386790" lon="120.3296050">
    <ele>19.1</ele>
    <time>2026-08-17T08:09:02Z</time>
   </trkpt>
   <trkpt lat="22.7386840" lon="120.3296050">
    <ele>19.1</ele>
    <time>2026-08-17T08:09:04Z</time>
   </trkpt>
   <trkpt lat="22.7386880" lon="120.3296090">
    <ele>19.1</ele>
    <time>2026-08-17T08:09:05Z</time>
   </trkpt>
   <trkpt lat="22.7386920" lon="120.3296100">
    <ele>19.0</ele>
    <time>2026-08-17T08:09:06Z</time>
   </trkpt>
   <trkpt lat="22.7387050" lon="120.3296130">
    <ele>19.0</ele>
    <time>2026-08-17T08:09:07Z</time>
   </trkpt>
   <trkpt lat="22.7387110" lon="120.3296140">
    <ele>19.0</ele>
    <time>2026-08-17T08:09:08Z</time>
   </trkpt>
   <trkpt lat="22.7387230" lon="120.3296170">
    <ele>19.0</ele>
    <time>2026-08-17T08:09:10Z</time>
   </trkpt>
   <trkpt lat="22.7387320" lon="120.3296250">
    <ele>19.0</ele>
    <time>2026-08-17T08:09:11Z</time>
   </trkpt>
   <trkpt lat="22.7387340" lon="120.3296320">
    <ele>19.0</ele>
    <time>2026-08-17T08:09:12Z</time>
   </trkpt>
   <trkpt lat="22.7387340" lon="120.3296360">
    <ele>19.0</ele>
    <time>2026-08-17T08:09:13Z</time>
   </trkpt>
   <trkpt lat="22.7387310" lon="120.3296390">
    <ele>19.0</ele>
    <time>2026-08-17T08:09:14Z</time>
   </trkpt>
   <trkpt lat="22.7387320" lon="120.3296430">
    <ele>19.0</ele>
    <time>2026-08-17T08:09:15Z</time>
   </trkpt>
   <trkpt lat="22.7387350" lon="120.3296420">
    <ele>19.0</ele>
    <time>2026-08-17T08:09:17Z</time>
   </trkpt>
   <trkpt lat="22.7387400" lon="120.3296420">
    <ele>19.0</ele>
    <time>2026-08-17T08:09:18Z</time>
   </trkpt>
   <trkpt lat="22.7387470" lon="120.3296440">
    <ele>19.0</ele>
    <time>2026-08-17T08:09:19Z</time>
   </trkpt>
   <trkpt lat="22.7387530" lon="120.3296430">
    <ele>19.0</ele>
    <time>2026-08-17T08:09:20Z</time>
   </trkpt>
   <trkpt lat="22.7387610" lon="120.3296430">
    <ele>19.0</ele>
    <time>2026-08-17T08:09:21Z</time>
   </trkpt>
   <trkpt lat="22.7387660" lon="120.3296500">
    <ele>19.0</ele>
    <time>2026-08-17T08:09:22Z</time>
   </trkpt>
   <trkpt lat="22.7387680" lon="120.3296570">
    <ele>19.0</ele>
    <time>2026-08-17T08:09:23Z</time>
   </trkpt>
   <trkpt lat="22.7387720" lon="120.3296610">
    <ele>19.0</ele>
    <time>2026-08-17T08:09:24Z</time>
   </trkpt>
   <trkpt lat="22.7387960" lon="120.3296560">
    <ele>19.0</ele>
    <time>2026-08-17T08:09:25Z</time>
   </trkpt>
   <trkpt lat="22.7388070" lon="120.3296590">
    <ele>19.0</ele>
    <time>2026-08-17T08:09:27Z</time>
   </trkpt>
   <trkpt lat="22.7388220" lon="120.3296720">
    <ele>19.0</ele>
    <time>2026-08-17T08:09:28Z</time>
   </trkpt>
   <trkpt lat="22.7388240" lon="120.3296840">
    <ele>19.0</ele>
    <time>2026-08-17T08:09:30Z</time>
   </trkpt>
   <trkpt lat="22.7388190" lon="120.3296890">
    <ele>19.0</ele>
    <time>2026-08-17T08:09:31Z</time>
   </trkpt>
   <trkpt lat="22.7388160" lon="120.3296910">
    <ele>19.0</ele>
    <time>2026-08-17T08:09:33Z</time>
   </trkpt>
   <trkpt lat="22.7388140" lon="120.3296930">
    <ele>19.0</ele>
    <time>2026-08-17T08:09:34Z</time>
   </trkpt>
   <trkpt lat="22.7388160" lon="120.3296930">
    <ele>19.0</ele>
    <time>2026-08-17T08:09:35Z</time>
   </trkpt>
   <trkpt lat="22.7388170" lon="120.3296920">
    <ele>19.0</ele>
    <time>2026-08-17T08:09:36Z</time>
   </trkpt>
   <trkpt lat="22.7388200" lon="120.3296900">
    <ele>19.0</ele>
    <time>2026-08-17T08:09:37Z</time>
   </trkpt>
   <trkpt lat="22.7388240" lon="120.3296880">
    <ele>19.0</ele>
    <time>2026-08-17T08:09:38Z</time>
   </trkpt>
   <trkpt lat="22.7388300" lon="120.3296870">
    <ele>19.0</ele>
    <time>2026-08-17T08:09:39Z</time>
   </trkpt>
   <trkpt lat="22.7388360" lon="120.3296900">
    <ele>19.0</ele>
    <time>2026-08-17T08:09:40Z</time>
   </trkpt>
   <trkpt lat="22.7388430" lon="120.3296950">
    <ele>19.0</ele>
    <time>2026-08-17T08:09:41Z</time>
   </trkpt>
   <trkpt lat="22.7388480" lon="120.3297020">
    <ele>19.0</ele>
    <time>2026-08-17T08:09:42Z</time>
   </trkpt>
   <trkpt lat="22.7388570" lon="120.3297060">
    <ele>19.0</ele>
    <time>2026-08-17T08:09:43Z</time>
   </trkpt>
   <trkpt lat="22.7388670" lon="120.3297070">
    <ele>19.0</ele>
    <time>2026-08-17T08:09:44Z</time>
   </trkpt>
   <trkpt lat="22.7388770" lon="120.3297100">
    <ele>19.0</ele>
    <time>2026-08-17T08:09:45Z</time>
   </trkpt>
   <trkpt lat="22.7388790" lon="120.3297230">
    <ele>19.0</ele>
    <time>2026-08-17T08:09:46Z</time>
   </trkpt>
   <trkpt lat="22.7388790" lon="120.3297440">
    <ele>19.0</ele>
    <time>2026-08-17T08:09:47Z</time>
   </trkpt>
   <trkpt lat="22.7388830" lon="120.3297540">
    <ele>19.0</ele>
    <time>2026-08-17T08:09:48Z</time>
   </trkpt>
   <trkpt lat="22.7388870" lon="120.3297530">
    <ele>19.0</ele>
    <time>2026-08-17T08:09:50Z</time>
   </trkpt>
   <trkpt lat="22.7388920" lon="120.3297560">
    <ele>19.0</ele>
    <time>2026-08-17T08:09:51Z</time>
   </trkpt>
   <trkpt lat="22.7388990" lon="120.3297620">
    <ele>19.0</ele>
    <time>2026-08-17T08:09:52Z</time>
   </trkpt>
   <trkpt lat="22.7389020" lon="120.3297700">
    <ele>19.0</ele>
    <time>2026-08-17T08:09:53Z</time>
   </trkpt>
   <trkpt lat="22.7389070" lon="120.3297740">
    <ele>19.0</ele>
    <time>2026-08-17T08:09:54Z</time>
   </trkpt>
   <trkpt lat="22.7389400" lon="120.3297740">
    <ele>19.0</ele>
    <time>2026-08-17T08:09:55Z</time>
   </trkpt>
   <trkpt lat="22.7389610" lon="120.3297720">
    <ele>19.0</ele>
    <time>2026-08-17T08:09:57Z</time>
   </trkpt>
   <trkpt lat="22.7389680" lon="120.3297810">
    <ele>19.0</ele>
    <time>2026-08-17T08:09:59Z</time>
   </trkpt>
   <trkpt lat="22.7389630" lon="120.3297950">
    <ele>19.0</ele>
    <time>2026-08-17T08:10:00Z</time>
   </trkpt>
   <trkpt lat="22.7389590" lon="120.3298050">
    <ele>19.0</ele>
    <time>2026-08-17T08:10:01Z</time>
   </trkpt>
   <trkpt lat="22.7389540" lon="120.3298110">
    <ele>19.0</ele>
    <time>2026-08-17T08:10:02Z</time>
   </trkpt>
   <trkpt lat="22.7389480" lon="120.3298110">
    <ele>19.0</ele>
    <time>2026-08-17T08:10:03Z</time>
   </trkpt>
   <trkpt lat="22.7389430" lon="120.3298100">
    <ele>19.0</ele>
    <time>2026-08-17T08:10:04Z</time>
   </trkpt>
   <trkpt lat="22.7389380" lon="120.3298120">
    <ele>19.0</ele>
    <time>2026-08-17T08:10:05Z</time>
   </trkpt>
   <trkpt lat="22.7389270" lon="120.3298140">
    <ele>19.0</ele>
    <time>2026-08-17T08:10:06Z</time>
   </trkpt>
   <trkpt lat="22.7389260" lon="120.3298160">
    <ele>19.0</ele>
    <time>2026-08-17T08:10:07Z</time>
   </trkpt>
   <trkpt lat="22.7389260" lon="120.3298170">
    <ele>19.0</ele>
    <time>2026-08-17T08:10:08Z</time>
   </trkpt>
   <trkpt lat="22.7389310" lon="120.3298200">
    <ele>19.0</ele>
    <time>2026-08-17T08:10:09Z</time>
   </trkpt>
   <trkpt lat="22.7389350" lon="120.3298260">
    <ele>19.0</ele>
    <time>2026-08-17T08:10:11Z</time>
   </trkpt>
   <trkpt lat="22.7389390" lon="120.3298340">
    <ele>19.0</ele>
    <time>2026-08-17T08:10:12Z</time>
   </trkpt>
   <trkpt lat="22.7389260" lon="120.3298450">
    <ele>18.9</ele>
    <time>2026-08-17T08:10:13Z</time>
   </trkpt>
   <trkpt lat="22.7389230" lon="120.3298490">
    <ele>18.9</ele>
    <time>2026-08-17T08:10:15Z</time>
   </trkpt>
   <trkpt lat="22.7389240" lon="120.3298530">
    <ele>18.9</ele>
    <time>2026-08-17T08:10:16Z</time>
   </trkpt>
   <trkpt lat="22.7389250" lon="120.3298530">
    <ele>18.9</ele>
    <time>2026-08-17T08:10:17Z</time>
   </trkpt>
   <trkpt lat="22.7389260" lon="120.3298500">
    <ele>18.9</ele>
    <time>2026-08-17T08:10:18Z</time>
   </trkpt>
   <trkpt lat="22.7389210" lon="120.3298430">
    <ele>18.9</ele>
    <time>2026-08-17T08:10:19Z</time>
   </trkpt>
   <trkpt lat="22.7389190" lon="120.3298400">
    <ele>18.9</ele>
    <time>2026-08-17T08:10:20Z</time>
   </trkpt>
   <trkpt lat="22.7389190" lon="120.3298380">
    <ele>18.9</ele>
    <time>2026-08-17T08:10:21Z</time>
   </trkpt>
   <trkpt lat="22.7389190" lon="120.3298390">
    <ele>18.9</ele>
    <time>2026-08-17T08:10:22Z</time>
   </trkpt>
   <trkpt lat="22.7389200" lon="120.3298410">
    <ele>18.9</ele>
    <time>2026-08-17T08:10:23Z</time>
   </trkpt>
   <trkpt lat="22.7389210" lon="120.3298450">
    <ele>18.9</ele>
    <time>2026-08-17T08:10:24Z</time>
   </trkpt>
   <trkpt lat="22.7389220" lon="120.3298540">
    <ele>18.9</ele>
    <time>2026-08-17T08:10:25Z</time>
   </trkpt>
   <trkpt lat="22.7389170" lon="120.3298670">
    <ele>18.9</ele>
    <time>2026-08-17T08:10:26Z</time>
   </trkpt>
   <trkpt lat="22.7389170" lon="120.3298800">
    <ele>18.9</ele>
    <time>2026-08-17T08:10:27Z</time>
   </trkpt>
   <trkpt lat="22.7389200" lon="120.3298950">
    <ele>18.9</ele>
    <time>2026-08-17T08:10:28Z</time>
   </trkpt>
   <trkpt lat="22.7389210" lon="120.3299080">
    <ele>18.9</ele>
    <time>2026-08-17T08:10:29Z</time>
   </trkpt>
   <trkpt lat="22.7389200" lon="120.3299200">
    <ele>18.9</ele>
    <time>2026-08-17T08:10:30Z</time>
   </trkpt>
   <trkpt lat="22.7389200" lon="120.3299300">
    <ele>18.9</ele>
    <time>2026-08-17T08:10:31Z</time>
   </trkpt>
   <trkpt lat="22.7389160" lon="120.3299320">
    <ele>18.9</ele>
    <time>2026-08-17T08:10:32Z</time>
   </trkpt>
   <trkpt lat="22.7389120" lon="120.3299330">
    <ele>18.9</ele>
    <time>2026-08-17T08:10:33Z</time>
   </trkpt>
   <trkpt lat="22.7389160" lon="120.3299410">
    <ele>18.9</ele>
    <time>2026-08-17T08:10:34Z</time>
   </trkpt>
   <trkpt lat="22.7389200" lon="120.3299500">
    <ele>18.9</ele>
    <time>2026-08-17T08:10:35Z</time>
   </trkpt>
   <trkpt lat="22.7389240" lon="120.3299590">
    <ele>18.9</ele>
    <time>2026-08-17T08:10:36Z</time>
   </trkpt>
   <trkpt lat="22.7389270" lon="120.3299680">
    <ele>18.9</ele>
    <time>2026-08-17T08:10:37Z</time>
   </trkpt>
   <trkpt lat="22.7389310" lon="120.3299840">
    <ele>18.9</ele>
    <time>2026-08-17T08:10:38Z</time>
   </trkpt>
   <trkpt lat="22.7389290" lon="120.3299950">
    <ele>18.9</ele>
    <time>2026-08-17T08:10:39Z</time>
   </trkpt>
   <trkpt lat="22.7389300" lon="120.3299990">
    <ele>18.9</ele>
    <time>2026-08-17T08:10:40Z</time>
   </trkpt>
   <trkpt lat="22.7389450" lon="120.3300040">
    <ele>18.9</ele>
    <time>2026-08-17T08:10:41Z</time>
   </trkpt>
   <trkpt lat="22.7389510" lon="120.3300050">
    <ele>18.9</ele>
    <time>2026-08-17T08:10:43Z</time>
   </trkpt>
   <trkpt lat="22.7389610" lon="120.3300150">
    <ele>18.9</ele>
    <time>2026-08-17T08:10:44Z</time>
   </trkpt>
   <trkpt lat="22.7389630" lon="120.3300220">
    <ele>18.9</ele>
    <time>2026-08-17T08:10:45Z</time>
   </trkpt>
   <trkpt lat="22.7389620" lon="120.3300250">
    <ele>18.9</ele>
    <time>2026-08-17T08:10:46Z</time>
   </trkpt>
   <trkpt lat="22.7389620" lon="120.3300270">
    <ele>18.9</ele>
    <time>2026-08-17T08:10:47Z</time>
   </trkpt>
   <trkpt lat="22.7389620" lon="120.3300260">
    <ele>18.9</ele>
    <time>2026-08-17T08:10:48Z</time>
   </trkpt>
   <trkpt lat="22.7389620" lon="120.3300240">
    <ele>18.9</ele>
    <time>2026-08-17T08:10:49Z</time>
   </trkpt>
   <trkpt lat="22.7389620" lon="120.3300240">
    <ele>18.9</ele>
    <time>2026-08-17T08:10:50Z</time>
   </trkpt>
   <trkpt lat="22.7389650" lon="120.3300260">
    <ele>18.9</ele>
    <time>2026-08-17T08:10:51Z</time>
   </trkpt>
   <trkpt lat="22.7389700" lon="120.3300260">
    <ele>18.9</ele>
    <time>2026-08-17T08:10:52Z</time>
   </trkpt>
   <trkpt lat="22.7389760" lon="120.3300310">
    <ele>18.9</ele>
    <time>2026-08-17T08:10:53Z</time>
   </trkpt>
   <trkpt lat="22.7389780" lon="120.3300370">
    <ele>18.9</ele>
    <time>2026-08-17T08:10:55Z</time>
   </trkpt>
   <trkpt lat="22.7389770" lon="120.3300480">
    <ele>18.9</ele>
    <time>2026-08-17T08:10:56Z</time>
   </trkpt>
   <trkpt lat="22.7389800" lon="120.3300540">
    <ele>18.9</ele>
    <time>2026-08-17T08:10:58Z</time>
   </trkpt>
   <trkpt lat="22.7389830" lon="120.3300540">
    <ele>18.9</ele>
    <time>2026-08-17T08:10:59Z</time>
   </trkpt>
   <trkpt lat="22.7389910" lon="120.3300570">
    <ele>18.9</ele>
    <time>2026-08-17T08:11:00Z</time>
   </trkpt>
   <trkpt lat="22.7389980" lon="120.3300580">
    <ele>18.9</ele>
    <time>2026-08-17T08:11:01Z</time>
   </trkpt>
   <trkpt lat="22.7390030" lon="120.3300610">
    <ele>18.9</ele>
    <time>2026-08-17T08:11:02Z</time>
   </trkpt>
   <trkpt lat="22.7390070" lon="120.3300670">
    <ele>18.9</ele>
    <time>2026-08-17T08:11:03Z</time>
   </trkpt>
   <trkpt lat="22.7390070" lon="120.3300740">
    <ele>18.9</ele>
    <time>2026-08-17T08:11:04Z</time>
   </trkpt>
   <trkpt lat="22.7390060" lon="120.3300810">
    <ele>18.9</ele>
    <time>2026-08-17T08:11:05Z</time>
   </trkpt>
   <trkpt lat="22.7390040" lon="120.3300830">
    <ele>18.9</ele>
    <time>2026-08-17T08:11:06Z</time>
   </trkpt>
   <trkpt lat="22.7390080" lon="120.3300840">
    <ele>18.9</ele>
    <time>2026-08-17T08:11:07Z</time>
   </trkpt>
   <trkpt lat="22.7390220" lon="120.3300960">
    <ele>18.9</ele>
    <time>2026-08-17T08:11:08Z</time>
   </trkpt>
   <trkpt lat="22.7390310" lon="120.3300970">
    <ele>18.9</ele>
    <time>2026-08-17T08:11:09Z</time>
   </trkpt>
   <trkpt lat="22.7390440" lon="120.3300970">
    <ele>18.9</ele>
    <time>2026-08-17T08:11:10Z</time>
   </trkpt>
   <trkpt lat="22.7390510" lon="120.3301030">
    <ele>18.9</ele>
    <time>2026-08-17T08:11:11Z</time>
   </trkpt>
   <trkpt lat="22.7390440" lon="120.3301170">
    <ele>18.9</ele>
    <time>2026-08-17T08:11:12Z</time>
   </trkpt>
   <trkpt lat="22.7390420" lon="120.3301220">
    <ele>18.9</ele>
    <time>2026-08-17T08:11:13Z</time>
   </trkpt>
   <trkpt lat="22.7390430" lon="120.3301230">
    <ele>18.9</ele>
    <time>2026-08-17T08:11:14Z</time>
   </trkpt>
   <trkpt lat="22.7390460" lon="120.3301210">
    <ele>18.9</ele>
    <time>2026-08-17T08:11:15Z</time>
   </trkpt>
   <trkpt lat="22.7390580" lon="120.3301200">
    <ele>18.9</ele>
    <time>2026-08-17T08:11:16Z</time>
   </trkpt>
   <trkpt lat="22.7390790" lon="120.3301270">
    <ele>18.9</ele>
    <time>2026-08-17T08:11:17Z</time>
   </trkpt>
   <trkpt lat="22.7390780" lon="120.3301370">
    <ele>18.9</ele>
    <time>2026-08-17T08:11:19Z</time>
   </trkpt>
   <trkpt lat="22.7390790" lon="120.3301420">
    <ele>18.9</ele>
    <time>2026-08-17T08:11:20Z</time>
   </trkpt>
   <trkpt lat="22.7390830" lon="120.3301460">
    <ele>18.9</ele>
    <time>2026-08-17T08:11:21Z</time>
   </trkpt>
   <trkpt lat="22.7390900" lon="120.3301480">
    <ele>18.9</ele>
    <time>2026-08-17T08:11:22Z</time>
   </trkpt>
   <trkpt lat="22.7390970" lon="120.3301510">
    <ele>18.9</ele>
    <time>2026-08-17T08:11:23Z</time>
   </trkpt>
   <trkpt lat="22.7391040" lon="120.3301580">
    <ele>18.9</ele>
    <time>2026-08-17T08:11:24Z</time>
   </trkpt>
   <trkpt lat="22.7391060" lon="120.3301660">
    <ele>18.8</ele>
    <time>2026-08-17T08:11:25Z</time>
   </trkpt>
   <trkpt lat="22.7391100" lon="120.3301750">
    <ele>18.8</ele>
    <time>2026-08-17T08:11:26Z</time>
   </trkpt>
   <trkpt lat="22.7391090" lon="120.3301890">
    <ele>18.8</ele>
    <time>2026-08-17T08:11:27Z</time>
   </trkpt>
   <trkpt lat="22.7391050" lon="120.3301980">
    <ele>18.8</ele>
    <time>2026-08-17T08:11:28Z</time>
   </trkpt>
   <trkpt lat="22.7391020" lon="120.3302010">
    <ele>18.8</ele>
    <time>2026-08-17T08:11:29Z</time>
   </trkpt>
   <trkpt lat="22.7391030" lon="120.3301980">
    <ele>18.8</ele>
    <time>2026-08-17T08:11:30Z</time>
   </trkpt>
   <trkpt lat="22.7391050" lon="120.3301940">
    <ele>18.8</ele>
    <time>2026-08-17T08:11:31Z</time>
   </trkpt>
   <trkpt lat="22.7391000" lon="120.3301930">
    <ele>18.8</ele>
    <time>2026-08-17T08:11:32Z</time>
   </trkpt>
   <trkpt lat="22.7391000" lon="120.3301930">
    <ele>18.8</ele>
    <time>2026-08-17T08:11:33Z</time>
   </trkpt>
   <trkpt lat="22.7391000" lon="120.3301920">
    <ele>18.8</ele>
    <time>2026-08-17T08:11:34Z</time>
   </trkpt>
   <trkpt lat="22.7391000" lon="120.3301930">
    <ele>18.8</ele>
    <time>2026-08-17T08:11:35Z</time>
   </trkpt>
   <trkpt lat="22.7391000" lon="120.3301930">
    <ele>18.8</ele>
    <time>2026-08-17T08:11:36Z</time>
   </trkpt>
   <trkpt lat="22.7391010" lon="120.3301940">
    <ele>18.8</ele>
    <time>2026-08-17T08:11:37Z</time>
   </trkpt>
   <trkpt lat="22.7390960" lon="120.3301940">
    <ele>18.8</ele>
    <time>2026-08-17T08:11:38Z</time>
   </trkpt>
   <trkpt lat="22.7390940" lon="120.3301930">
    <ele>18.8</ele>
    <time>2026-08-17T08:11:39Z</time>
   </trkpt>
   <trkpt lat="22.7390950" lon="120.3301950">
    <ele>18.8</ele>
    <time>2026-08-17T08:11:40Z</time>
   </trkpt>
   <trkpt lat="22.7390980" lon="120.3301990">
    <ele>18.8</ele>
    <time>2026-08-17T08:11:41Z</time>
   </trkpt>
   <trkpt lat="22.7391060" lon="120.3302030">
    <ele>18.8</ele>
    <time>2026-08-17T08:11:42Z</time>
   </trkpt>
   <trkpt lat="22.7391160" lon="120.3302050">
    <ele>18.8</ele>
    <time>2026-08-17T08:11:43Z</time>
   </trkpt>
   <trkpt lat="22.7391240" lon="120.3302030">
    <ele>18.8</ele>
    <time>2026-08-17T08:11:44Z</time>
   </trkpt>
   <trkpt lat="22.7391070" lon="120.3301970">
    <ele>18.8</ele>
    <time>2026-08-17T08:11:45Z</time>
   </trkpt>
   <trkpt lat="22.7391000" lon="120.3301940">
    <ele>18.8</ele>
    <time>2026-08-17T08:11:46Z</time>
   </trkpt>
   <trkpt lat="22.7390760" lon="120.3301910">
    <ele>18.8</ele>
    <time>2026-08-17T08:11:47Z</time>
   </trkpt>
   <trkpt lat="22.7390650" lon="120.3301830">
    <ele>18.8</ele>
    <time>2026-08-17T08:11:49Z</time>
   </trkpt>
   <trkpt lat="22.7390570" lon="120.3301710">
    <ele>18.8</ele>
    <time>2026-08-17T08:11:50Z</time>
   </trkpt>
   <trkpt lat="22.7390500" lon="120.3301590">
    <ele>18.8</ele>
    <time>2026-08-17T08:11:51Z</time>
   </trkpt>
   <trkpt lat="22.7390510" lon="120.3301540">
    <ele>18.8</ele>
    <time>2026-08-17T08:11:52Z</time>
   </trkpt>
   <trkpt lat="22.7390560" lon="120.3301500">
    <ele>18.9</ele>
    <time>2026-08-17T08:11:53Z</time>
   </trkpt>
   <trkpt lat="22.7390550" lon="120.3301500">
    <ele>18.9</ele>
    <time>2026-08-17T08:11:54Z</time>
   </trkpt>
   <trkpt lat="22.7390470" lon="120.3301520">
    <ele>18.9</ele>
    <time>2026-08-17T08:11:55Z</time>
   </trkpt>
   <trkpt lat="22.7390370" lon="120.3301560">
    <ele>18.9</ele>
    <time>2026-08-17T08:11:56Z</time>
   </trkpt>
   <trkpt lat="22.7390210" lon="120.3301530">
    <ele>18.9</ele>
    <time>2026-08-17T08:11:57Z</time>
   </trkpt>
   <trkpt lat="22.7390060" lon="120.3301470">
    <ele>18.9</ele>
    <time>2026-08-17T08:11:58Z</time>
   </trkpt>
   <trkpt lat="22.7389930" lon="120.3301400">
    <ele>18.9</ele>
    <time>2026-08-17T08:11:59Z</time>
   </trkpt>
   <trkpt lat="22.7389820" lon="120.3301370">
    <ele>18.9</ele>
    <time>2026-08-17T08:12:00Z</time>
   </trkpt>
   <trkpt lat="22.7389800" lon="120.3301350">
    <ele>18.9</ele>
    <time>2026-08-17T08:12:01Z</time>
   </trkpt>
   <trkpt lat="22.7389750" lon="120.3301350">
    <ele>18.9</ele>
    <time>2026-08-17T08:12:02Z</time>
   </trkpt>
   <trkpt lat="22.7389650" lon="120.3301340">
    <ele>18.9</ele>
    <time>2026-08-17T08:12:03Z</time>
   </trkpt>
   <trkpt lat="22.7389430" lon="120.3301370">
    <ele>18.9</ele>
    <time>2026-08-17T08:12:04Z</time>
   </trkpt>
   <trkpt lat="22.7389320" lon="120.3301350">
    <ele>18.9</ele>
    <time>2026-08-17T08:12:06Z</time>
   </trkpt>
   <trkpt lat="22.7389250" lon="120.3301260">
    <ele>18.9</ele>
    <time>2026-08-17T08:12:07Z</time>
   </trkpt>
   <trkpt lat="22.7389260" lon="120.3301190">
    <ele>18.9</ele>
    <time>2026-08-17T08:12:08Z</time>
   </trkpt>
   <trkpt lat="22.7389270" lon="120.3301120">
    <ele>18.9</ele>
    <time>2026-08-17T08:12:09Z</time>
   </trkpt>
   <trkpt lat="22.7389300" lon="120.3301120">
    <ele>18.9</ele>
    <time>2026-08-17T08:12:10Z</time>
   </trkpt>
   <trkpt lat="22.7389290" lon="120.3301130">
    <ele>18.9</ele>
    <time>2026-08-17T08:12:11Z</time>
   </trkpt>
   <trkpt lat="22.7389250" lon="120.3301130">
    <ele>18.9</ele>
    <time>2026-08-17T08:12:12Z</time>
   </trkpt>
   <trkpt lat="22.7389190" lon="120.3301160">
    <ele>18.9</ele>
    <time>2026-08-17T08:12:14Z</time>
   </trkpt>
   <trkpt lat="22.7389100" lon="120.3301160">
    <ele>18.9</ele>
    <time>2026-08-17T08:12:15Z</time>
   </trkpt>
   <trkpt lat="22.7388920" lon="120.3301090">
    <ele>18.9</ele>
    <time>2026-08-17T08:12:16Z</time>
   </trkpt>
   <trkpt lat="22.7388880" lon="120.3300970">
    <ele>18.9</ele>
    <time>2026-08-17T08:12:18Z</time>
   </trkpt>
   <trkpt lat="22.7388900" lon="120.3300940">
    <ele>18.9</ele>
    <time>2026-08-17T08:12:19Z</time>
   </trkpt>
   <trkpt lat="22.7388920" lon="120.3300970">
    <ele>18.9</ele>
    <time>2026-08-17T08:12:20Z</time>
   </trkpt>
   <trkpt lat="22.7388810" lon="120.3301000">
    <ele>18.9</ele>
    <time>2026-08-17T08:12:21Z</time>
   </trkpt>
   <trkpt lat="22.7388730" lon="120.3300970">
    <ele>18.9</ele>
    <time>2026-08-17T08:12:22Z</time>
   </trkpt>
   <trkpt lat="22.7388680" lon="120.3300900">
    <ele>18.9</ele>
    <time>2026-08-17T08:12:23Z</time>
   </trkpt>
   <trkpt lat="22.7388660" lon="120.3300750">
    <ele>18.9</ele>
    <time>2026-08-17T08:12:24Z</time>
   </trkpt>
   <trkpt lat="22.7388720" lon="120.3300610">
    <ele>18.9</ele>
    <time>2026-08-17T08:12:25Z</time>
   </trkpt>
   <trkpt lat="22.7388780" lon="120.3300500">
    <ele>18.9</ele>
    <time>2026-08-17T08:12:26Z</time>
   </trkpt>
   <trkpt lat="22.7388790" lon="120.3300420">
    <ele>18.9</ele>
    <time>2026-08-17T08:12:27Z</time>
   </trkpt>
   <trkpt lat="22.7388770" lon="120.3300370">
    <ele>18.9</ele>
    <time>2026-08-17T08:12:28Z</time>
   </trkpt>
   <trkpt lat="22.7388770" lon="120.3300350">
    <ele>18.9</ele>
    <time>2026-08-17T08:12:29Z</time>
   </trkpt>
   <trkpt lat="22.7388750" lon="120.3300360">
    <ele>18.9</ele>
    <time>2026-08-17T08:12:30Z</time>
   </trkpt>
   <trkpt lat="22.7388720" lon="120.3300340">
    <ele>18.9</ele>
    <time>2026-08-17T08:12:31Z</time>
   </trkpt>
   <trkpt lat="22.7388660" lon="120.3300280">
    <ele>18.9</ele>
    <time>2026-08-17T08:12:32Z</time>
   </trkpt>
   <trkpt lat="22.7388610" lon="120.3300200">
    <ele>18.9</ele>
    <time>2026-08-17T08:12:33Z</time>
   </trkpt>
   <trkpt lat="22.7388620" lon="120.3300110">
    <ele>18.9</ele>
    <time>2026-08-17T08:12:34Z</time>
   </trkpt>
   <trkpt lat="22.7388670" lon="120.3299990">
    <ele>18.9</ele>
    <time>2026-08-17T08:12:35Z</time>
   </trkpt>
   <trkpt lat="22.7388670" lon="120.3299960">
    <ele>18.9</ele>
    <time>2026-08-17T08:12:37Z</time>
   </trkpt>
   <trkpt lat="22.7388670" lon="120.3299960">
    <ele>18.9</ele>
    <time>2026-08-17T08:12:38Z</time>
   </trkpt>
   <trkpt lat="22.7388660" lon="120.3299960">
    <ele>18.9</ele>
    <time>2026-08-17T08:12:39Z</time>
   </trkpt>
   <trkpt lat="22.7388640" lon="120.3299950">
    <ele>18.9</ele>
    <time>2026-08-17T08:12:40Z</time>
   </trkpt>
   <trkpt lat="22.7388570" lon="120.3299880">
    <ele>18.9</ele>
    <time>2026-08-17T08:12:41Z</time>
   </trkpt>
   <trkpt lat="22.7388440" lon="120.3299780">
    <ele>18.9</ele>
    <time>2026-08-17T08:12:42Z</time>
   </trkpt>
   <trkpt lat="22.7388370" lon="120.3299680">
    <ele>18.9</ele>
    <time>2026-08-17T08:12:43Z</time>
   </trkpt>
   <trkpt lat="22.7388330" lon="120.3299560">
    <ele>18.9</ele>
    <time>2026-08-17T08:12:44Z</time>
   </trkpt>
   <trkpt lat="22.7388290" lon="120.3299470">
    <ele>18.9</ele>
    <time>2026-08-17T08:12:45Z</time>
   </trkpt>
   <trkpt lat="22.7388210" lon="120.3299420">
    <ele>18.9</ele>
    <time>2026-08-17T08:12:46Z</time>
   </trkpt>
   <trkpt lat="22.7388100" lon="120.3299370">
    <ele>18.9</ele>
    <time>2026-08-17T08:12:47Z</time>
   </trkpt>
   <trkpt lat="22.7387990" lon="120.3299470">
    <ele>18.9</ele>
    <time>2026-08-17T08:12:48Z</time>
   </trkpt>
   <trkpt lat="22.7387930" lon="120.3299450">
    <ele>18.9</ele>
    <time>2026-08-17T08:12:49Z</time>
   </trkpt>
   <trkpt lat="22.7387930" lon="120.3299450">
    <ele>18.9</ele>
    <time>2026-08-17T08:12:50Z</time>
   </trkpt>
   <trkpt lat="22.7387940" lon="120.3299460">
    <ele>18.9</ele>
    <time>2026-08-17T08:12:51Z</time>
   </trkpt>
   <trkpt lat="22.7387950" lon="120.3299510">
    <ele>18.9</ele>
    <time>2026-08-17T08:12:52Z</time>
   </trkpt>
   <trkpt lat="22.7387940" lon="120.3299550">
    <ele>18.9</ele>
    <time>2026-08-17T08:12:53Z</time>
   </trkpt>
   <trkpt lat="22.7387910" lon="120.3299540">
    <ele>18.9</ele>
    <time>2026-08-17T08:12:55Z</time>
   </trkpt>
   <trkpt lat="22.7387850" lon="120.3299520">
    <ele>18.9</ele>
    <time>2026-08-17T08:12:56Z</time>
   </trkpt>
   <trkpt lat="22.7387780" lon="120.3299470">
    <ele>18.9</ele>
    <time>2026-08-17T08:12:57Z</time>
   </trkpt>
   <trkpt lat="22.7387690" lon="120.3299390">
    <ele>18.9</ele>
    <time>2026-08-17T08:12:58Z</time>
   </trkpt>
   <trkpt lat="22.7387630" lon="120.3299300">
    <ele>18.9</ele>
    <time>2026-08-17T08:12:59Z</time>
   </trkpt>
   <trkpt lat="22.7387650" lon="120.3299140">
    <ele>18.9</ele>
    <time>2026-08-17T08:13:00Z</time>
   </trkpt>
   <trkpt lat="22.7387690" lon="120.3299050">
    <ele>19.0</ele>
    <time>2026-08-17T08:13:02Z</time>
   </trkpt>
   <trkpt lat="22.7387650" lon="120.3299040">
    <ele>19.0</ele>
    <time>2026-08-17T08:13:03Z</time>
   </trkpt>
   <trkpt lat="22.7387560" lon="120.3299000">
    <ele>19.0</ele>
    <time>2026-08-17T08:13:04Z</time>
   </trkpt>
   <trkpt lat="22.7387500" lon="120.3298860">
    <ele>19.0</ele>
    <time>2026-08-17T08:13:05Z</time>
   </trkpt>
   <trkpt lat="22.7387480" lon="120.3298790">
    <ele>19.0</ele>
    <time>2026-08-17T08:13:06Z</time>
   </trkpt>
   <trkpt lat="22.7387500" lon="120.3298680">
    <ele>19.0</ele>
    <time>2026-08-17T08:13:07Z</time>
   </trkpt>
   <trkpt lat="22.7387570" lon="120.3298650">
    <ele>19.0</ele>
    <time>2026-08-17T08:13:08Z</time>
   </trkpt>
   <trkpt lat="22.7387580" lon="120.3298640">
    <ele>19.0</ele>
    <time>2026-08-17T08:13:09Z</time>
   </trkpt>
   <trkpt lat="22.7387520" lon="120.3298600">
    <ele>19.0</ele>
    <time>2026-08-17T08:13:10Z</time>
   </trkpt>
   <trkpt lat="22.7387450" lon="120.3298550">
    <ele>19.0</ele>
    <time>2026-08-17T08:13:11Z</time>
   </trkpt>
   <trkpt lat="22.7387480" lon="120.3298610">
    <ele>19.0</ele>
    <time>2026-08-17T08:13:12Z</time>
   </trkpt>
   <trkpt lat="22.7387500" lon="120.3298660">
    <ele>19.0</ele>
    <time>2026-08-17T08:13:13Z</time>
   </trkpt>
   <trkpt lat="22.7387550" lon="120.3298680">
    <ele>19.0</ele>
    <time>2026-08-17T08:13:15Z</time>
   </trkpt>
   <trkpt lat="22.7387620" lon="120.3298650">
    <ele>19.0</ele>
    <time>2026-08-17T08:13:16Z</time>
   </trkpt>
   <trkpt lat="22.7387640" lon="120.3298620">
    <ele>19.0</ele>
    <time>2026-08-17T08:13:17Z</time>
   </trkpt>
   <trkpt lat="22.7387660" lon="120.3298610">
    <ele>19.0</ele>
    <time>2026-08-17T08:13:18Z</time>
   </trkpt>
   <trkpt lat="22.7387650" lon="120.3298590">
    <ele>19.0</ele>
    <time>2026-08-17T08:13:19Z</time>
   </trkpt>
   <trkpt lat="22.7387650" lon="120.3298600">
    <ele>19.0</ele>
    <time>2026-08-17T08:13:20Z</time>
   </trkpt>
   <trkpt lat="22.7387700" lon="120.3298650">
    <ele>19.0</ele>
    <time>2026-08-17T08:13:21Z</time>
   </trkpt>
   <trkpt lat="22.7387880" lon="120.3298600">
    <ele>19.0</ele>
    <time>2026-08-17T08:13:22Z</time>
   </trkpt>
   <trkpt lat="22.7388010" lon="120.3298560">
    <ele>19.0</ele>
    <time>2026-08-17T08:13:24Z</time>
   </trkpt>
   <trkpt lat="22.7388140" lon="120.3298530">
    <ele>19.0</ele>
    <time>2026-08-17T08:13:25Z</time>
   </trkpt>
   <trkpt lat="22.7388160" lon="120.3298310">
    <ele>19.0</ele>
    <time>2026-08-17T08:13:26Z</time>
   </trkpt>
   <trkpt lat="22.7387930" lon="120.3298120">
    <ele>19.0</ele>
    <time>2026-08-17T08:13:27Z</time>
   </trkpt>
   <trkpt lat="22.7387930" lon="120.3298120">
    <ele>19.0</ele>
    <time>2026-08-17T08:13:28Z</time>
   </trkpt>
   <trkpt lat="22.7387930" lon="120.3298120">
    <ele>19.0</ele>
    <time>2026-08-17T08:13:29Z</time>
   </trkpt>
   <trkpt lat="22.7387930" lon="120.3298120">
    <ele>19.0</ele>
    <time>2026-08-17T08:13:30Z</time>
   </trkpt>
   <trkpt lat="22.7387930" lon="120.3298120">
    <ele>19.0</ele>
    <time>2026-08-17T08:13:31Z</time>
   </trkpt>
   <trkpt lat="22.7387720" lon="120.3297950">
    <ele>19.0</ele>
    <time>2026-08-17T08:13:32Z</time>
   </trkpt>
   <trkpt lat="22.7387480" lon="120.3297750">
    <ele>19.0</ele>
    <time>2026-08-17T08:13:33Z</time>
   </trkpt>
   <trkpt lat="22.7387230" lon="120.3297550">
    <ele>19.0</ele>
    <time>2026-08-17T08:13:34Z</time>
   </trkpt>
   <trkpt lat="22.7387150" lon="120.3297450">
    <ele>19.0</ele>
    <time>2026-08-17T08:13:36Z</time>
   </trkpt>
   <trkpt lat="22.7387190" lon="120.3297360">
    <ele>19.0</ele>
    <time>2026-08-17T08:13:37Z</time>
   </trkpt>
   <trkpt lat="22.7387170" lon="120.3297310">
    <ele>19.0</ele>
    <time>2026-08-17T08:13:38Z</time>
   </trkpt>
   <trkpt lat="22.7387110" lon="120.3297330">
    <ele>19.0</ele>
    <time>2026-08-17T08:13:39Z</time>
   </trkpt>
   <trkpt lat="22.7387030" lon="120.3297320">
    <ele>19.0</ele>
    <time>2026-08-17T08:13:40Z</time>
   </trkpt>
   <trkpt lat="22.7386970" lon="120.3297300">
    <ele>19.0</ele>
    <time>2026-08-17T08:13:41Z</time>
   </trkpt>
   <trkpt lat="22.7386920" lon="120.3297230">
    <ele>19.0</ele>
    <time>2026-08-17T08:13:42Z</time>
   </trkpt>
   <trkpt lat="22.7386880" lon="120.3297160">
    <ele>19.0</ele>
    <time>2026-08-17T08:13:43Z</time>
   </trkpt>
   <trkpt lat="22.7386910" lon="120.3297060">
    <ele>19.0</ele>
    <time>2026-08-17T08:13:44Z</time>
   </trkpt>
   <trkpt lat="22.7386960" lon="120.3297000">
    <ele>19.0</ele>
    <time>2026-08-17T08:13:45Z</time>
   </trkpt>
   <trkpt lat="22.7386980" lon="120.3296940">
    <ele>19.0</ele>
    <time>2026-08-17T08:13:46Z</time>
   </trkpt>
   <trkpt lat="22.7386930" lon="120.3296880">
    <ele>19.0</ele>
    <time>2026-08-17T08:13:47Z</time>
   </trkpt>
   <trkpt lat="22.7386870" lon="120.3296820">
    <ele>19.0</ele>
    <time>2026-08-17T08:13:48Z</time>
   </trkpt>
   <trkpt lat="22.7386840" lon="120.3296620">
    <ele>19.0</ele>
    <time>2026-08-17T08:13:49Z</time>
   </trkpt>
   <trkpt lat="22.7386800" lon="120.3296520">
    <ele>19.0</ele>
    <time>2026-08-17T08:13:50Z</time>
   </trkpt>
   <trkpt lat="22.7386800" lon="120.3296420">
    <ele>19.0</ele>
    <time>2026-08-17T08:13:51Z</time>
   </trkpt>
   <trkpt lat="22.7386860" lon="120.3296340">
    <ele>19.0</ele>
    <time>2026-08-17T08:13:52Z</time>
   </trkpt>
   <trkpt lat="22.7386940" lon="120.3296300">
    <ele>19.0</ele>
    <time>2026-08-17T08:13:53Z</time>
   </trkpt>
   <trkpt lat="22.7386950" lon="120.3296250">
    <ele>19.0</ele>
    <time>2026-08-17T08:13:54Z</time>
   </trkpt>
   <trkpt lat="22.7386860" lon="120.3296360">
    <ele>19.0</ele>
    <time>2026-08-17T08:13:55Z</time>
   </trkpt>
   <trkpt lat="22.7386830" lon="120.3296390">
    <ele>19.0</ele>
    <time>2026-08-17T08:13:56Z</time>
   </trkpt>
   <trkpt lat="22.7386760" lon="120.3296340">
    <ele>19.0</ele>
    <time>2026-08-17T08:13:57Z</time>
   </trkpt>
   <trkpt lat="22.7386680" lon="120.3296260">
    <ele>19.0</ele>
    <time>2026-08-17T08:13:58Z</time>
   </trkpt>
   <trkpt lat="22.7386600" lon="120.3296160">
    <ele>19.0</ele>
    <time>2026-08-17T08:13:59Z</time>
   </trkpt>
   <trkpt lat="22.7386590" lon="120.3296050">
    <ele>19.0</ele>
    <time>2026-08-17T08:14:00Z</time>
   </trkpt>
   <trkpt lat="22.7386580" lon="120.3295960">
    <ele>19.1</ele>
    <time>2026-08-17T08:14:01Z</time>
   </trkpt>
   <trkpt lat="22.7386560" lon="120.3295910">
    <ele>19.1</ele>
    <time>2026-08-17T08:14:02Z</time>
   </trkpt>
   <trkpt lat="22.7386460" lon="120.3295890">
    <ele>19.1</ele>
    <time>2026-08-17T08:14:03Z</time>
   </trkpt>
   <trkpt lat="22.7386240" lon="120.3295830">
    <ele>19.1</ele>
    <time>2026-08-17T08:14:04Z</time>
   </trkpt>
   <trkpt lat="22.7386150" lon="120.3295800">
    <ele>19.1</ele>
    <time>2026-08-17T08:14:06Z</time>
   </trkpt>
   <trkpt lat="22.7386090" lon="120.3295640">
    <ele>19.1</ele>
    <time>2026-08-17T08:14:07Z</time>
   </trkpt>
   <trkpt lat="22.7386150" lon="120.3295540">
    <ele>19.1</ele>
    <time>2026-08-17T08:14:09Z</time>
   </trkpt>
   <trkpt lat="22.7386220" lon="120.3295490">
    <ele>19.1</ele>
    <time>2026-08-17T08:14:10Z</time>
   </trkpt>
   <trkpt lat="22.7386320" lon="120.3295490">
    <ele>19.1</ele>
    <time>2026-08-17T08:14:11Z</time>
   </trkpt>
   <trkpt lat="22.7386480" lon="120.3295560">
    <ele>19.1</ele>
    <time>2026-08-17T08:14:12Z</time>
   </trkpt>
   <trkpt lat="22.7386580" lon="120.3295630">
    <ele>19.1</ele>
    <time>2026-08-17T08:14:13Z</time>
   </trkpt>
   <trkpt lat="22.7386570" lon="120.3295610">
    <ele>19.1</ele>
    <time>2026-08-17T08:14:14Z</time>
   </trkpt>
   <trkpt lat="22.7386500" lon="120.3295520">
    <ele>19.1</ele>
    <time>2026-08-17T08:14:15Z</time>
   </trkpt>
   <trkpt lat="22.7386540" lon="120.3295510">
    <ele>19.1</ele>
    <time>2026-08-17T08:14:17Z</time>
   </trkpt>
   <trkpt lat="22.7386460" lon="120.3295690">
    <ele>19.1</ele>
    <time>2026-08-17T08:14:18Z</time>
   </trkpt>
   <trkpt lat="22.7386400" lon="120.3295770">
    <ele>19.1</ele>
    <time>2026-08-17T08:14:19Z</time>
   </trkpt>
   <trkpt lat="22.7386350" lon="120.3295800">
    <ele>19.1</ele>
    <time>2026-08-17T08:14:20Z</time>
   </trkpt>
   <trkpt lat="22.7386320" lon="120.3295810">
    <ele>19.1</ele>
    <time>2026-08-17T08:14:21Z</time>
   </trkpt>
   <trkpt lat="22.7386350" lon="120.3295800">
    <ele>19.1</ele>
    <time>2026-08-17T08:14:22Z</time>
   </trkpt>
   <trkpt lat="22.7386380" lon="120.3295800">
    <ele>19.1</ele>
    <time>2026-08-17T08:14:23Z</time>
   </trkpt>
   <trkpt lat="22.7386400" lon="120.3295720">
    <ele>19.1</ele>
    <time>2026-08-17T08:14:24Z</time>
   </trkpt>
   <trkpt lat="22.7386430" lon="120.3295610">
    <ele>19.1</ele>
    <time>2026-08-17T08:14:25Z</time>
   </trkpt>
   <trkpt lat="22.7386430" lon="120.3295490">
    <ele>19.1</ele>
    <time>2026-08-17T08:14:26Z</time>
   </trkpt>
   <trkpt lat="22.7386420" lon="120.3295380">
    <ele>19.1</ele>
    <time>2026-08-17T08:14:27Z</time>
   </trkpt>
   <trkpt lat="22.7386390" lon="120.3295320">
    <ele>19.1</ele>
    <time>2026-08-17T08:14:28Z</time>
   </trkpt>
   <trkpt lat="22.7386370" lon="120.3295300">
    <ele>19.1</ele>
    <time>2026-08-17T08:14:29Z</time>
   </trkpt>
   <trkpt lat="22.7386310" lon="120.3295240">
    <ele>19.1</ele>
    <time>2026-08-17T08:14:30Z</time>
   </trkpt>
   <trkpt lat="22.7386250" lon="120.3295140">
    <ele>19.1</ele>
    <time>2026-08-17T08:14:31Z</time>
   </trkpt>
   <trkpt lat="22.7386260" lon="120.3295000">
    <ele>19.1</ele>
    <time>2026-08-17T08:14:32Z</time>
   </trkpt>
   <trkpt lat="22.7386300" lon="120.3294840">
    <ele>19.1</ele>
    <time>2026-08-17T08:14:33Z</time>
   </trkpt>
   <trkpt lat="22.7386350" lon="120.3294750">
    <ele>19.1</ele>
    <time>2026-08-17T08:14:34Z</time>
   </trkpt>
   <trkpt lat="22.7386400" lon="120.3294710">
    <ele>19.1</ele>
    <time>2026-08-17T08:14:35Z</time>
   </trkpt>
   <trkpt lat="22.7386410" lon="120.3294670">
    <ele>19.1</ele>
    <time>2026-08-17T08:14:36Z</time>
   </trkpt>
   <trkpt lat="22.7386390" lon="120.3294650">
    <ele>19.1</ele>
    <time>2026-08-17T08:14:37Z</time>
   </trkpt>
   <trkpt lat="22.7386380" lon="120.3294570">
    <ele>19.1</ele>
    <time>2026-08-17T08:14:38Z</time>
   </trkpt>
   <trkpt lat="22.7386380" lon="120.3294390">
    <ele>19.1</ele>
    <time>2026-08-17T08:14:39Z</time>
   </trkpt>
   <trkpt lat="22.7386360" lon="120.3294300">
    <ele>19.1</ele>
    <time>2026-08-17T08:14:41Z</time>
   </trkpt>
   <trkpt lat="22.7386340" lon="120.3294270">
    <ele>19.1</ele>
    <time>2026-08-17T08:14:42Z</time>
   </trkpt>
   <trkpt lat="22.7386350" lon="120.3294280">
    <ele>19.1</ele>
    <time>2026-08-17T08:14:43Z</time>
   </trkpt>
   <trkpt lat="22.7386370" lon="120.3294300">
    <ele>19.1</ele>
    <time>2026-08-17T08:14:44Z</time>
   </trkpt>
   <trkpt lat="22.7386330" lon="120.3294330">
    <ele>19.1</ele>
    <time>2026-08-17T08:14:45Z</time>
   </trkpt>
   <trkpt lat="22.7386320" lon="120.3294340">
    <ele>19.1</ele>
    <time>2026-08-17T08:14:46Z</time>
   </trkpt>
   <trkpt lat="22.7386300" lon="120.3294340">
    <ele>19.1</ele>
    <time>2026-08-17T08:14:47Z</time>
   </trkpt>
   <trkpt lat="22.7386300" lon="120.3294330">
    <ele>19.1</ele>
    <time>2026-08-17T08:14:48Z</time>
   </trkpt>
   <trkpt lat="22.7386290" lon="120.3294320">
    <ele>19.1</ele>
    <time>2026-08-17T08:14:49Z</time>
   </trkpt>
   <trkpt lat="22.7386290" lon="120.3294310">
    <ele>19.1</ele>
    <time>2026-08-17T08:14:50Z</time>
   </trkpt>
   <trkpt lat="22.7386290" lon="120.3294260">
    <ele>19.1</ele>
    <time>2026-08-17T08:14:51Z</time>
   </trkpt>
   <trkpt lat="22.7386270" lon="120.3294170">
    <ele>19.1</ele>
    <time>2026-08-17T08:14:52Z</time>
   </trkpt>
   <trkpt lat="22.7386270" lon="120.3294060">
    <ele>19.1</ele>
    <time>2026-08-17T08:14:53Z</time>
   </trkpt>
   <trkpt lat="22.7386260" lon="120.3293930">
    <ele>19.1</ele>
    <time>2026-08-17T08:14:54Z</time>
   </trkpt>
   <trkpt lat="22.7386340" lon="120.3293860">
    <ele>19.1</ele>
    <time>2026-08-17T08:14:55Z</time>
   </trkpt>
   <trkpt lat="22.7386410" lon="120.3293850">
    <ele>19.1</ele>
    <time>2026-08-17T08:14:56Z</time>
   </trkpt>
   <trkpt lat="22.7386380" lon="120.3293740">
    <ele>19.1</ele>
    <time>2026-08-17T08:14:57Z</time>
   </trkpt>
   <trkpt lat="22.7386230" lon="120.3293660">
    <ele>19.1</ele>
    <time>2026-08-17T08:14:59Z</time>
   </trkpt>
   <trkpt lat="22.7386130" lon="120.3293620">
    <ele>19.1</ele>
    <time>2026-08-17T08:15:00Z</time>
   </trkpt>
   <trkpt lat="22.7385970" lon="120.3293510">
    <ele>19.1</ele>
    <time>2026-08-17T08:15:01Z</time>
   </trkpt>
   <trkpt lat="22.7385880" lon="120.3293410">
    <ele>19.1</ele>
    <time>2026-08-17T08:15:02Z</time>
   </trkpt>
   <trkpt lat="22.7385820" lon="120.3293320">
    <ele>19.1</ele>
    <time>2026-08-17T08:15:03Z</time>
   </trkpt>
   <trkpt lat="22.7385770" lon="120.3293210">
    <ele>19.1</ele>
    <time>2026-08-17T08:15:04Z</time>
   </trkpt>
   <trkpt lat="22.7385730" lon="120.3293140">
    <ele>19.1</ele>
    <time>2026-08-17T08:15:05Z</time>
   </trkpt>
   <trkpt lat="22.7385650" lon="120.3293070">
    <ele>19.2</ele>
    <time>2026-08-17T08:15:06Z</time>
   </trkpt>
   <trkpt lat="22.7385530" lon="120.3292970">
    <ele>19.2</ele>
    <time>2026-08-17T08:15:07Z</time>
   </trkpt>
   <trkpt lat="22.7385390" lon="120.3292870">
    <ele>19.2</ele>
    <time>2026-08-17T08:15:08Z</time>
   </trkpt>
   <trkpt lat="22.7385260" lon="120.3292800">
    <ele>19.2</ele>
    <time>2026-08-17T08:15:09Z</time>
   </trkpt>
   <trkpt lat="22.7385140" lon="120.3292720">
    <ele>19.2</ele>
    <time>2026-08-17T08:15:10Z</time>
   </trkpt>
   <trkpt lat="22.7385020" lon="120.3292630">
    <ele>19.2</ele>
    <time>2026-08-17T08:15:11Z</time>
   </trkpt>
   <trkpt lat="22.7384940" lon="120.3292520">
    <ele>19.2</ele>
    <time>2026-08-17T08:15:12Z</time>
   </trkpt>
   <trkpt lat="22.7384880" lon="120.3292370">
    <ele>19.2</ele>
    <time>2026-08-17T08:15:13Z</time>
   </trkpt>
   <trkpt lat="22.7384820" lon="120.3292260">
    <ele>19.2</ele>
    <time>2026-08-17T08:15:14Z</time>
   </trkpt>
   <trkpt lat="22.7384780" lon="120.3292120">
    <ele>19.2</ele>
    <time>2026-08-17T08:15:15Z</time>
   </trkpt>
   <trkpt lat="22.7384810" lon="120.3292010">
    <ele>19.1</ele>
    <time>2026-08-17T08:15:16Z</time>
   </trkpt>
   <trkpt lat="22.7384900" lon="120.3292060">
    <ele>19.1</ele>
    <time>2026-08-17T08:15:17Z</time>
   </trkpt>
   <trkpt lat="22.7384960" lon="120.3292100">
    <ele>19.1</ele>
    <time>2026-08-17T08:15:18Z</time>
   </trkpt>
   <trkpt lat="22.7385000" lon="120.3292080">
    <ele>19.1</ele>
    <time>2026-08-17T08:15:19Z</time>
   </trkpt>
   <trkpt lat="22.7385000" lon="120.3292040">
    <ele>19.1</ele>
    <time>2026-08-17T08:15:20Z</time>
   </trkpt>
   <trkpt lat="22.7385040" lon="120.3291990">
    <ele>19.1</ele>
    <time>2026-08-17T08:15:21Z</time>
   </trkpt>
   <trkpt lat="22.7385110" lon="120.3291860">
    <ele>19.1</ele>
    <time>2026-08-17T08:15:22Z</time>
   </trkpt>
   <trkpt lat="22.7385230" lon="120.3291680">
    <ele>19.1</ele>
    <time>2026-08-17T08:15:23Z</time>
   </trkpt>
   <trkpt lat="22.7385300" lon="120.3291640">
    <ele>19.1</ele>
    <time>2026-08-17T08:15:24Z</time>
   </trkpt>
   <trkpt lat="22.7385390" lon="120.3291620">
    <ele>19.1</ele>
    <time>2026-08-17T08:15:26Z</time>
   </trkpt>
   <trkpt lat="22.7385470" lon="120.3291570">
    <ele>19.1</ele>
    <time>2026-08-17T08:15:27Z</time>
   </trkpt>
   <trkpt lat="22.7385480" lon="120.3291500">
    <ele>19.1</ele>
    <time>2026-08-17T08:15:28Z</time>
   </trkpt>
   <trkpt lat="22.7385500" lon="120.3291430">
    <ele>19.1</ele>
    <time>2026-08-17T08:15:29Z</time>
   </trkpt>
   <trkpt lat="22.7385580" lon="120.3291300">
    <ele>19.1</ele>
    <time>2026-08-17T08:15:30Z</time>
   </trkpt>
   <trkpt lat="22.7385650" lon="120.3291230">
    <ele>19.1</ele>
    <time>2026-08-17T08:15:32Z</time>
   </trkpt>
   <trkpt lat="22.7385670" lon="120.3291180">
    <ele>19.1</ele>
    <time>2026-08-17T08:15:33Z</time>
   </trkpt>
   <trkpt lat="22.7385690" lon="120.3291170">
    <ele>19.1</ele>
    <time>2026-08-17T08:15:34Z</time>
   </trkpt>
   <trkpt lat="22.7385710" lon="120.3291140">
    <ele>19.1</ele>
    <time>2026-08-17T08:15:35Z</time>
   </trkpt>
   <trkpt lat="22.7385720" lon="120.3291080">
    <ele>19.1</ele>
    <time>2026-08-17T08:15:36Z</time>
   </trkpt>
   <trkpt lat="22.7385690" lon="120.3290940">
    <ele>19.1</ele>
    <time>2026-08-17T08:15:37Z</time>
   </trkpt>
   <trkpt lat="22.7385680" lon="120.3290800">
    <ele>19.1</ele>
    <time>2026-08-17T08:15:38Z</time>
   </trkpt>
   <trkpt lat="22.7385690" lon="120.3290640">
    <ele>19.1</ele>
    <time>2026-08-17T08:15:39Z</time>
   </trkpt>
   <trkpt lat="22.7385740" lon="120.3290510">
    <ele>19.1</ele>
    <time>2026-08-17T08:15:40Z</time>
   </trkpt>
   <trkpt lat="22.7385800" lon="120.3290430">
    <ele>19.1</ele>
    <time>2026-08-17T08:15:41Z</time>
   </trkpt>
   <trkpt lat="22.7385830" lon="120.3290420">
    <ele>19.1</ele>
    <time>2026-08-17T08:15:42Z</time>
   </trkpt>
   <trkpt lat="22.7385800" lon="120.3290320">
    <ele>19.1</ele>
    <time>2026-08-17T08:15:44Z</time>
   </trkpt>
   <trkpt lat="22.7385800" lon="120.3290220">
    <ele>19.0</ele>
    <time>2026-08-17T08:15:45Z</time>
   </trkpt>
   <trkpt lat="22.7385850" lon="120.3290090">
    <ele>19.0</ele>
    <time>2026-08-17T08:15:47Z</time>
   </trkpt>
   <trkpt lat="22.7385940" lon="120.3290020">
    <ele>19.0</ele>
    <time>2026-08-17T08:15:48Z</time>
   </trkpt>
   <trkpt lat="22.7386040" lon="120.3289960">
    <ele>19.0</ele>
    <time>2026-08-17T08:15:49Z</time>
   </trkpt>
   <trkpt lat="22.7386130" lon="120.3289920">
    <ele>19.0</ele>
    <time>2026-08-17T08:15:50Z</time>
   </trkpt>
   <trkpt lat="22.7386200" lon="120.3289950">
    <ele>19.0</ele>
    <time>2026-08-17T08:15:51Z</time>
   </trkpt>
   <trkpt lat="22.7386210" lon="120.3290020">
    <ele>19.0</ele>
    <time>2026-08-17T08:15:52Z</time>
   </trkpt>
   <trkpt lat="22.7386190" lon="120.3289980">
    <ele>19.0</ele>
    <time>2026-08-17T08:15:53Z</time>
   </trkpt>
   <trkpt lat="22.7386170" lon="120.3289940">
    <ele>19.0</ele>
    <time>2026-08-17T08:15:54Z</time>
   </trkpt>
   <trkpt lat="22.7386120" lon="120.3289920">
    <ele>19.0</ele>
    <time>2026-08-17T08:15:55Z</time>
   </trkpt>
   <trkpt lat="22.7386090" lon="120.3289900">
    <ele>19.0</ele>
    <time>2026-08-17T08:15:56Z</time>
   </trkpt>
   <trkpt lat="22.7386080" lon="120.3289900">
    <ele>19.0</ele>
    <time>2026-08-17T08:15:57Z</time>
   </trkpt>
   <trkpt lat="22.7386050" lon="120.3289850">
    <ele>19.0</ele>
    <time>2026-08-17T08:15:58Z</time>
   </trkpt>
   <trkpt lat="22.7386060" lon="120.3289840">
    <ele>19.0</ele>
    <time>2026-08-17T08:15:59Z</time>
   </trkpt>
   <trkpt lat="22.7386140" lon="120.3289860">
    <ele>19.0</ele>
    <time>2026-08-17T08:16:00Z</time>
   </trkpt>
   <trkpt lat="22.7386150" lon="120.3289890">
    <ele>19.0</ele>
    <time>2026-08-17T08:16:02Z</time>
   </trkpt>
   <trkpt lat="22.7386150" lon="120.3289910">
    <ele>19.0</ele>
    <time>2026-08-17T08:16:03Z</time>
   </trkpt>
   <trkpt lat="22.7386110" lon="120.3289880">
    <ele>19.0</ele>
    <time>2026-08-17T08:16:04Z</time>
   </trkpt>
   <trkpt lat="22.7386120" lon="120.3289890">
    <ele>19.0</ele>
    <time>2026-08-17T08:16:05Z</time>
   </trkpt>
   <trkpt lat="22.7386140" lon="120.3289900">
    <ele>19.0</ele>
    <time>2026-08-17T08:16:06Z</time>
   </trkpt>
   <trkpt lat="22.7386160" lon="120.3289910">
    <ele>19.0</ele>
    <time>2026-08-17T08:16:07Z</time>
   </trkpt>
   <trkpt lat="22.7386180" lon="120.3289930">
    <ele>19.0</ele>
    <time>2026-08-17T08:16:08Z</time>
   </trkpt>
   <trkpt lat="22.7386240" lon="120.3289970">
    <ele>19.0</ele>
    <time>2026-08-17T08:16:09Z</time>
   </trkpt>
   <trkpt lat="22.7386240" lon="120.3289990">
    <ele>19.0</ele>
    <time>2026-08-17T08:16:11Z</time>
   </trkpt>
   <trkpt lat="22.7386270" lon="120.3290030">
    <ele>19.0</ele>
    <time>2026-08-17T08:16:12Z</time>
   </trkpt>
   <trkpt lat="22.7386320" lon="120.3290070">
    <ele>19.0</ele>
    <time>2026-08-17T08:16:13Z</time>
   </trkpt>
   <trkpt lat="22.7386380" lon="120.3290120">
    <ele>19.0</ele>
    <time>2026-08-17T08:16:14Z</time>
   </trkpt>
   <trkpt lat="22.7386390" lon="120.3290120">
    <ele>19.0</ele>
    <time>2026-08-17T08:16:16Z</time>
   </trkpt>
   <trkpt lat="22.7386400" lon="120.3290120">
    <ele>19.0</ele>
    <time>2026-08-17T08:16:17Z</time>
   </trkpt>
   <trkpt lat="22.7386430" lon="120.3290120">
    <ele>19.0</ele>
    <time>2026-08-17T08:16:18Z</time>
   </trkpt>
   <trkpt lat="22.7386440" lon="120.3290120">
    <ele>19.0</ele>
    <time>2026-08-17T08:16:19Z</time>
   </trkpt>
   <trkpt lat="22.7386470" lon="120.3290130">
    <ele>19.0</ele>
    <time>2026-08-17T08:16:20Z</time>
   </trkpt>
   <trkpt lat="22.7386500" lon="120.3289920">
    <ele>19.0</ele>
    <time>2026-08-17T08:16:21Z</time>
   </trkpt>
   <trkpt lat="22.7386680" lon="120.3289880">
    <ele>19.0</ele>
    <time>2026-08-17T08:16:23Z</time>
   </trkpt>
   <trkpt lat="22.7386750" lon="120.3289880">
    <ele>18.9</ele>
    <time>2026-08-17T08:16:25Z</time>
   </trkpt>
   <trkpt lat="22.7387090" lon="120.3289710">
    <ele>18.9</ele>
    <time>2026-08-17T08:16:26Z</time>
   </trkpt>
   <trkpt lat="22.7387100" lon="120.3289620">
    <ele>18.9</ele>
    <time>2026-08-17T08:16:28Z</time>
   </trkpt>
   <trkpt lat="22.7387150" lon="120.3289620">
    <ele>18.9</ele>
    <time>2026-08-17T08:16:29Z</time>
   </trkpt>
   <trkpt lat="22.7387180" lon="120.3289640">
    <ele>18.9</ele>
    <time>2026-08-17T08:16:30Z</time>
   </trkpt>
   <trkpt lat="22.7387210" lon="120.3289640">
    <ele>18.9</ele>
    <time>2026-08-17T08:16:31Z</time>
   </trkpt>
   <trkpt lat="22.7387220" lon="120.3289640">
    <ele>18.9</ele>
    <time>2026-08-17T08:16:32Z</time>
   </trkpt>
   <trkpt lat="22.7387240" lon="120.3289640">
    <ele>18.9</ele>
    <time>2026-08-17T08:16:33Z</time>
   </trkpt>
   <trkpt lat="22.7387260" lon="120.3289640">
    <ele>18.9</ele>
    <time>2026-08-17T08:16:34Z</time>
   </trkpt>
   <trkpt lat="22.7387300" lon="120.3289650">
    <ele>18.9</ele>
    <time>2026-08-17T08:16:35Z</time>
   </trkpt>
   <trkpt lat="22.7387310" lon="120.3289660">
    <ele>18.9</ele>
    <time>2026-08-17T08:16:36Z</time>
   </trkpt>
   <trkpt lat="22.7387330" lon="120.3289660">
    <ele>18.9</ele>
    <time>2026-08-17T08:16:37Z</time>
   </trkpt>
   <trkpt lat="22.7387350" lon="120.3289660">
    <ele>18.9</ele>
    <time>2026-08-17T08:16:38Z</time>
   </trkpt>
   <trkpt lat="22.7387400" lon="120.3289590">
    <ele>18.9</ele>
    <time>2026-08-17T08:16:39Z</time>
   </trkpt>
   <trkpt lat="22.7387420" lon="120.3289520">
    <ele>18.9</ele>
    <time>2026-08-17T08:16:41Z</time>
   </trkpt>
   <trkpt lat="22.7387450" lon="120.3289480">
    <ele>18.9</ele>
    <time>2026-08-17T08:16:42Z</time>
   </trkpt>
   <trkpt lat="22.7387490" lon="120.3289420">
    <ele>18.9</ele>
    <time>2026-08-17T08:16:43Z</time>
   </trkpt>
   <trkpt lat="22.7387520" lon="120.3289380">
    <ele>18.9</ele>
    <time>2026-08-17T08:16:44Z</time>
   </trkpt>
   <trkpt lat="22.7387520" lon="120.3289330">
    <ele>18.9</ele>
    <time>2026-08-17T08:16:45Z</time>
   </trkpt>
   <trkpt lat="22.7387530" lon="120.3289290">
    <ele>18.9</ele>
    <time>2026-08-17T08:16:46Z</time>
   </trkpt>
   <trkpt lat="22.7387580" lon="120.3289230">
    <ele>18.9</ele>
    <time>2026-08-17T08:16:48Z</time>
   </trkpt>
   <trkpt lat="22.7387660" lon="120.3289160">
    <ele>18.8</ele>
    <time>2026-08-17T08:16:49Z</time>
   </trkpt>
   <trkpt lat="22.7387840" lon="120.3288930">
    <ele>18.8</ele>
    <time>2026-08-17T08:16:50Z</time>
   </trkpt>
   <trkpt lat="22.7387910" lon="120.3288740">
    <ele>18.8</ele>
    <time>2026-08-17T08:16:52Z</time>
   </trkpt>
   <trkpt lat="22.7388010" lon="120.3288610">
    <ele>18.8</ele>
    <time>2026-08-17T08:16:53Z</time>
   </trkpt>
   <trkpt lat="22.7388260" lon="120.3288550">
    <ele>18.8</ele>
    <time>2026-08-17T08:16:54Z</time>
   </trkpt>
   <trkpt lat="22.7388450" lon="120.3288520">
    <ele>18.8</ele>
    <time>2026-08-17T08:16:55Z</time>
   </trkpt>
   <trkpt lat="22.7388600" lon="120.3288580">
    <ele>18.8</ele>
    <time>2026-08-17T08:16:56Z</time>
   </trkpt>
   <trkpt lat="22.7388680" lon="120.3288710">
    <ele>18.8</ele>
    <time>2026-08-17T08:16:57Z</time>
   </trkpt>
   <trkpt lat="22.7388720" lon="120.3288820">
    <ele>18.8</ele>
    <time>2026-08-17T08:16:58Z</time>
   </trkpt>
   <trkpt lat="22.7388810" lon="120.3289060">
    <ele>18.8</ele>
    <time>2026-08-17T08:16:59Z</time>
   </trkpt>
   <trkpt lat="22.7388940" lon="120.3289390">
    <ele>18.8</ele>
    <time>2026-08-17T08:17:01Z</time>
   </trkpt>
   <trkpt lat="22.7389000" lon="120.3289560">
    <ele>18.8</ele>
    <time>2026-08-17T08:17:03Z</time>
   </trkpt>
   <trkpt lat="22.7389090" lon="120.3289700">
    <ele>18.8</ele>
    <time>2026-08-17T08:17:04Z</time>
   </trkpt>
   <trkpt lat="22.7389140" lon="120.3289760">
    <ele>18.8</ele>
    <time>2026-08-17T08:17:05Z</time>
   </trkpt>
   <trkpt lat="22.7389260" lon="120.3289950">
    <ele>18.8</ele>
    <time>2026-08-17T08:17:06Z</time>
   </trkpt>
   <trkpt lat="22.7389220" lon="120.3290110">
    <ele>18.8</ele>
    <time>2026-08-17T08:17:08Z</time>
   </trkpt>
   <trkpt lat="22.7389130" lon="120.3290350">
    <ele>18.8</ele>
    <time>2026-08-17T08:17:09Z</time>
   </trkpt>
   <trkpt lat="22.7389110" lon="120.3290460">
    <ele>18.8</ele>
    <time>2026-08-17T08:17:11Z</time>
   </trkpt>
   <trkpt lat="22.7389110" lon="120.3290590">
    <ele>18.8</ele>
    <time>2026-08-17T08:17:12Z</time>
   </trkpt>
   <trkpt lat="22.7389180" lon="120.3290700">
    <ele>18.8</ele>
    <time>2026-08-17T08:17:13Z</time>
   </trkpt>
   <trkpt lat="22.7389150" lon="120.3290830">
    <ele>18.8</ele>
    <time>2026-08-17T08:17:14Z</time>
   </trkpt>
   <trkpt lat="22.7389090" lon="120.3290930">
    <ele>18.8</ele>
    <time>2026-08-17T08:17:15Z</time>
   </trkpt>
   <trkpt lat="22.7389070" lon="120.3291020">
    <ele>18.8</ele>
    <time>2026-08-17T08:17:16Z</time>
   </trkpt>
   <trkpt lat="22.7389080" lon="120.3291080">
    <ele>18.8</ele>
    <time>2026-08-17T08:17:17Z</time>
   </trkpt>
   <trkpt lat="22.7389120" lon="120.3291270">
    <ele>18.8</ele>
    <time>2026-08-17T08:17:18Z</time>
   </trkpt>
   <trkpt lat="22.7389140" lon="120.3291320">
    <ele>18.8</ele>
    <time>2026-08-17T08:17:20Z</time>
   </trkpt>
   <trkpt lat="22.7389150" lon="120.3291380">
    <ele>18.8</ele>
    <time>2026-08-17T08:17:21Z</time>
   </trkpt>
   <trkpt lat="22.7389190" lon="120.3291420">
    <ele>18.8</ele>
    <time>2026-08-17T08:17:22Z</time>
   </trkpt>
   <trkpt lat="22.7389210" lon="120.3291480">
    <ele>18.8</ele>
    <time>2026-08-17T08:17:23Z</time>
   </trkpt>
   <trkpt lat="22.7389250" lon="120.3291550">
    <ele>18.8</ele>
    <time>2026-08-17T08:17:24Z</time>
   </trkpt>
   <trkpt lat="22.7389320" lon="120.3291600">
    <ele>18.8</ele>
    <time>2026-08-17T08:17:25Z</time>
   </trkpt>
   <trkpt lat="22.7389390" lon="120.3291690">
    <ele>18.8</ele>
    <time>2026-08-17T08:17:26Z</time>
   </trkpt>
   <trkpt lat="22.7389440" lon="120.3291750">
    <ele>18.8</ele>
    <time>2026-08-17T08:17:27Z</time>
   </trkpt>
   <trkpt lat="22.7389470" lon="120.3291820">
    <ele>18.8</ele>
    <time>2026-08-17T08:17:28Z</time>
   </trkpt>
   <trkpt lat="22.7389500" lon="120.3291880">
    <ele>18.8</ele>
    <time>2026-08-17T08:17:29Z</time>
   </trkpt>
   <trkpt lat="22.7389570" lon="120.3291930">
    <ele>18.8</ele>
    <time>2026-08-17T08:17:30Z</time>
   </trkpt>
   <trkpt lat="22.7389680" lon="120.3291970">
    <ele>18.8</ele>
    <time>2026-08-17T08:17:31Z</time>
   </trkpt>
   <trkpt lat="22.7389760" lon="120.3292040">
    <ele>18.8</ele>
    <time>2026-08-17T08:17:32Z</time>
   </trkpt>
   <trkpt lat="22.7389810" lon="120.3292100">
    <ele>18.8</ele>
    <time>2026-08-17T08:17:33Z</time>
   </trkpt>
   <trkpt lat="22.7389870" lon="120.3292120">
    <ele>18.8</ele>
    <time>2026-08-17T08:17:34Z</time>
   </trkpt>
   <trkpt lat="22.7390030" lon="120.3292140">
    <ele>18.8</ele>
    <time>2026-08-17T08:17:35Z</time>
   </trkpt>
   <trkpt lat="22.7390010" lon="120.3292140">
    <ele>18.8</ele>
    <time>2026-08-17T08:17:37Z</time>
   </trkpt>
   <trkpt lat="22.7389990" lon="120.3292130">
    <ele>18.8</ele>
    <time>2026-08-17T08:17:38Z</time>
   </trkpt>
   <trkpt lat="22.7390010" lon="120.3292120">
    <ele>18.8</ele>
    <time>2026-08-17T08:17:39Z</time>
   </trkpt>
   <trkpt lat="22.7390120" lon="120.3292150">
    <ele>18.8</ele>
    <time>2026-08-17T08:17:40Z</time>
   </trkpt>
   <trkpt lat="22.7390150" lon="120.3292170">
    <ele>18.8</ele>
    <time>2026-08-17T08:17:41Z</time>
   </trkpt>
   <trkpt lat="22.7390160" lon="120.3292190">
    <ele>18.8</ele>
    <time>2026-08-17T08:17:42Z</time>
   </trkpt>
   <trkpt lat="22.7390160" lon="120.3292210">
    <ele>18.8</ele>
    <time>2026-08-17T08:17:43Z</time>
   </trkpt>
   <trkpt lat="22.7390160" lon="120.3292200">
    <ele>18.8</ele>
    <time>2026-08-17T08:17:44Z</time>
   </trkpt>
   <trkpt lat="22.7390150" lon="120.3292200">
    <ele>18.8</ele>
    <time>2026-08-17T08:17:45Z</time>
   </trkpt>
   <trkpt lat="22.7390170" lon="120.3292210">
    <ele>18.8</ele>
    <time>2026-08-17T08:17:46Z</time>
   </trkpt>
   <trkpt lat="22.7390200" lon="120.3292220">
    <ele>18.8</ele>
    <time>2026-08-17T08:17:47Z</time>
   </trkpt>
   <trkpt lat="22.7390210" lon="120.3292220">
    <ele>18.8</ele>
    <time>2026-08-17T08:17:49Z</time>
   </trkpt>
   <trkpt lat="22.7390220" lon="120.3292230">
    <ele>18.8</ele>
    <time>2026-08-17T08:17:50Z</time>
   </trkpt>
   <trkpt lat="22.7390220" lon="120.3292240">
    <ele>18.8</ele>
    <time>2026-08-17T08:17:51Z</time>
   </trkpt>
   <trkpt lat="22.7390220" lon="120.3292240">
    <ele>18.8</ele>
    <time>2026-08-17T08:17:52Z</time>
   </trkpt>
   <trkpt lat="22.7390250" lon="120.3292250">
    <ele>18.8</ele>
    <time>2026-08-17T08:17:53Z</time>
   </trkpt>
   <trkpt lat="22.7390270" lon="120.3292280">
    <ele>18.8</ele>
    <time>2026-08-17T08:17:54Z</time>
   </trkpt>
   <trkpt lat="22.7390300" lon="120.3292310">
    <ele>18.8</ele>
    <time>2026-08-17T08:17:55Z</time>
   </trkpt>
   <trkpt lat="22.7390350" lon="120.3292360">
    <ele>18.8</ele>
    <time>2026-08-17T08:17:56Z</time>
   </trkpt>
   <trkpt lat="22.7390390" lon="120.3292440">
    <ele>18.8</ele>
    <time>2026-08-17T08:17:57Z</time>
   </trkpt>
   <trkpt lat="22.7390410" lon="120.3292500">
    <ele>18.8</ele>
    <time>2026-08-17T08:17:58Z</time>
   </trkpt>
   <trkpt lat="22.7390440" lon="120.3292580">
    <ele>18.8</ele>
    <time>2026-08-17T08:17:59Z</time>
   </trkpt>
   <trkpt lat="22.7390450" lon="120.3292660">
    <ele>18.8</ele>
    <time>2026-08-17T08:18:00Z</time>
   </trkpt>
   <trkpt lat="22.7390470" lon="120.3292750">
    <ele>18.8</ele>
    <time>2026-08-17T08:18:01Z</time>
   </trkpt>
   <trkpt lat="22.7390430" lon="120.3292850">
    <ele>18.8</ele>
    <time>2026-08-17T08:18:02Z</time>
   </trkpt>
   <trkpt lat="22.7390400" lon="120.3293000">
    <ele>18.8</ele>
    <time>2026-08-17T08:18:03Z</time>
   </trkpt>
   <trkpt lat="22.7390370" lon="120.3293100">
    <ele>18.8</ele>
    <time>2026-08-17T08:18:05Z</time>
   </trkpt>
   <trkpt lat="22.7390330" lon="120.3293180">
    <ele>18.8</ele>
    <time>2026-08-17T08:18:06Z</time>
   </trkpt>
   <trkpt lat="22.7390280" lon="120.3293260">
    <ele>18.8</ele>
    <time>2026-08-17T08:18:07Z</time>
   </trkpt>
   <trkpt lat="22.7390260" lon="120.3293330">
    <ele>18.8</ele>
    <time>2026-08-17T08:18:08Z</time>
   </trkpt>
   <trkpt lat="22.7390260" lon="120.3293470">
    <ele>18.8</ele>
    <time>2026-08-17T08:18:09Z</time>
   </trkpt>
   <trkpt lat="22.7390340" lon="120.3293560">
    <ele>18.8</ele>
    <time>2026-08-17T08:18:11Z</time>
   </trkpt>
   <trkpt lat="22.7390420" lon="120.3293650">
    <ele>18.8</ele>
    <time>2026-08-17T08:18:12Z</time>
   </trkpt>
   <trkpt lat="22.7390530" lon="120.3293680">
    <ele>18.8</ele>
    <time>2026-08-17T08:18:13Z</time>
   </trkpt>
   <trkpt lat="22.7390580" lon="120.3293780">
    <ele>18.8</ele>
    <time>2026-08-17T08:18:14Z</time>
   </trkpt>
   <trkpt lat="22.7390550" lon="120.3293870">
    <ele>18.8</ele>
    <time>2026-08-17T08:18:15Z</time>
   </trkpt>
   <trkpt lat="22.7390510" lon="120.3293930">
    <ele>18.8</ele>
    <time>2026-08-17T08:18:16Z</time>
   </trkpt>
   <trkpt lat="22.7390510" lon="120.3293960">
    <ele>18.8</ele>
    <time>2026-08-17T08:18:17Z</time>
   </trkpt>
   <trkpt lat="22.7390640" lon="120.3293910">
    <ele>18.8</ele>
    <time>2026-08-17T08:18:18Z</time>
   </trkpt>
   <trkpt lat="22.7390770" lon="120.3293860">
    <ele>18.8</ele>
    <time>2026-08-17T08:18:19Z</time>
   </trkpt>
   <trkpt lat="22.7390870" lon="120.3293850">
    <ele>18.8</ele>
    <time>2026-08-17T08:18:20Z</time>
   </trkpt>
   <trkpt lat="22.7390800" lon="120.3293820">
    <ele>18.7</ele>
    <time>2026-08-17T08:18:21Z</time>
   </trkpt>
   <trkpt lat="22.7390750" lon="120.3293810">
    <ele>18.7</ele>
    <time>2026-08-17T08:18:22Z</time>
   </trkpt>
   <trkpt lat="22.7390730" lon="120.3293800">
    <ele>18.7</ele>
    <time>2026-08-17T08:18:23Z</time>
   </trkpt>
   <trkpt lat="22.7390720" lon="120.3293780">
    <ele>18.7</ele>
    <time>2026-08-17T08:18:24Z</time>
   </trkpt>
   <trkpt lat="22.7390760" lon="120.3293760">
    <ele>18.7</ele>
    <time>2026-08-17T08:18:25Z</time>
   </trkpt>
   <trkpt lat="22.7390760" lon="120.3293790">
    <ele>18.7</ele>
    <time>2026-08-17T08:18:26Z</time>
   </trkpt>
   <trkpt lat="22.7390760" lon="120.3293900">
    <ele>18.7</ele>
    <time>2026-08-17T08:18:28Z</time>
   </trkpt>
   <trkpt lat="22.7390720" lon="120.3294020">
    <ele>18.7</ele>
    <time>2026-08-17T08:18:29Z</time>
   </trkpt>
   <trkpt lat="22.7390680" lon="120.3294110">
    <ele>18.7</ele>
    <time>2026-08-17T08:18:30Z</time>
   </trkpt>
   <trkpt lat="22.7390610" lon="120.3294160">
    <ele>18.7</ele>
    <time>2026-08-17T08:18:31Z</time>
   </trkpt>
   <trkpt lat="22.7390560" lon="120.3294230">
    <ele>18.7</ele>
    <time>2026-08-17T08:18:32Z</time>
   </trkpt>
   <trkpt lat="22.7390590" lon="120.3294300">
    <ele>18.7</ele>
    <time>2026-08-17T08:18:33Z</time>
   </trkpt>
   <trkpt lat="22.7390660" lon="120.3294370">
    <ele>18.7</ele>
    <time>2026-08-17T08:18:34Z</time>
   </trkpt>
   <trkpt lat="22.7390700" lon="120.3294450">
    <ele>18.7</ele>
    <time>2026-08-17T08:18:35Z</time>
   </trkpt>
   <trkpt lat="22.7390710" lon="120.3294540">
    <ele>18.7</ele>
    <time>2026-08-17T08:18:36Z</time>
   </trkpt>
   <trkpt lat="22.7390830" lon="120.3294550">
    <ele>18.7</ele>
    <time>2026-08-17T08:18:37Z</time>
   </trkpt>
   <trkpt lat="22.7390860" lon="120.3294620">
    <ele>18.7</ele>
    <time>2026-08-17T08:18:38Z</time>
   </trkpt>
   <trkpt lat="22.7390870" lon="120.3294700">
    <ele>18.7</ele>
    <time>2026-08-17T08:18:39Z</time>
   </trkpt>
   <trkpt lat="22.7390970" lon="120.3294740">
    <ele>18.7</ele>
    <time>2026-08-17T08:18:40Z</time>
   </trkpt>
   <trkpt lat="22.7391040" lon="120.3294610">
    <ele>18.7</ele>
    <time>2026-08-17T08:18:41Z</time>
   </trkpt>
   <trkpt lat="22.7391100" lon="120.3294360">
    <ele>18.7</ele>
    <time>2026-08-17T08:18:42Z</time>
   </trkpt>
   <trkpt lat="22.7391170" lon="120.3294240">
    <ele>18.7</ele>
    <time>2026-08-17T08:18:43Z</time>
   </trkpt>
   <trkpt lat="22.7391260" lon="120.3294200">
    <ele>18.7</ele>
    <time>2026-08-17T08:18:44Z</time>
   </trkpt>
   <trkpt lat="22.7391340" lon="120.3294200">
    <ele>18.7</ele>
    <time>2026-08-17T08:18:45Z</time>
   </trkpt>
   <trkpt lat="22.7391380" lon="120.3294260">
    <ele>18.7</ele>
    <time>2026-08-17T08:18:46Z</time>
   </trkpt>
   <trkpt lat="22.7391430" lon="120.3294350">
    <ele>18.7</ele>
    <time>2026-08-17T08:18:47Z</time>
   </trkpt>
   <trkpt lat="22.7391280" lon="120.3294510">
    <ele>18.7</ele>
    <time>2026-08-17T08:18:48Z</time>
   </trkpt>
   <trkpt lat="22.7391280" lon="120.3294530">
    <ele>18.7</ele>
    <time>2026-08-17T08:18:49Z</time>
   </trkpt>
   <trkpt lat="22.7391270" lon="120.3294570">
    <ele>18.7</ele>
    <time>2026-08-17T08:18:51Z</time>
   </trkpt>
   <trkpt lat="22.7391200" lon="120.3294580">
    <ele>18.7</ele>
    <time>2026-08-17T08:18:52Z</time>
   </trkpt>
   <trkpt lat="22.7391140" lon="120.3294630">
    <ele>18.7</ele>
    <time>2026-08-17T08:18:53Z</time>
   </trkpt>
   <trkpt lat="22.7391160" lon="120.3294690">
    <ele>18.7</ele>
    <time>2026-08-17T08:18:54Z</time>
   </trkpt>
   <trkpt lat="22.7391250" lon="120.3294700">
    <ele>18.7</ele>
    <time>2026-08-17T08:18:55Z</time>
   </trkpt>
   <trkpt lat="22.7391280" lon="120.3294690">
    <ele>18.7</ele>
    <time>2026-08-17T08:18:56Z</time>
   </trkpt>
   <trkpt lat="22.7391290" lon="120.3294730">
    <ele>18.7</ele>
    <time>2026-08-17T08:18:57Z</time>
   </trkpt>
   <trkpt lat="22.7391300" lon="120.3294760">
    <ele>18.6</ele>
    <time>2026-08-17T08:18:58Z</time>
   </trkpt>
   <trkpt lat="22.7391260" lon="120.3294800">
    <ele>18.6</ele>
    <time>2026-08-17T08:18:59Z</time>
   </trkpt>
   <trkpt lat="22.7391180" lon="120.3295010">
    <ele>18.6</ele>
    <time>2026-08-17T08:19:00Z</time>
   </trkpt>
   <trkpt lat="22.7391210" lon="120.3295090">
    <ele>18.6</ele>
    <time>2026-08-17T08:19:02Z</time>
   </trkpt>
   <trkpt lat="22.7391190" lon="120.3295170">
    <ele>18.6</ele>
    <time>2026-08-17T08:19:03Z</time>
   </trkpt>
   <trkpt lat="22.7391140" lon="120.3295270">
    <ele>18.6</ele>
    <time>2026-08-17T08:19:04Z</time>
   </trkpt>
   <trkpt lat="22.7391090" lon="120.3295290">
    <ele>18.6</ele>
    <time>2026-08-17T08:19:06Z</time>
   </trkpt>
   <trkpt lat="22.7391080" lon="120.3295360">
    <ele>18.6</ele>
    <time>2026-08-17T08:19:07Z</time>
   </trkpt>
   <trkpt lat="22.7391030" lon="120.3295460">
    <ele>18.6</ele>
    <time>2026-08-17T08:19:08Z</time>
   </trkpt>
   <trkpt lat="22.7391020" lon="120.3295560">
    <ele>18.6</ele>
    <time>2026-08-17T08:19:09Z</time>
   </trkpt>
   <trkpt lat="22.7391090" lon="120.3295670">
    <ele>18.6</ele>
    <time>2026-08-17T08:19:10Z</time>
   </trkpt>
   <trkpt lat="22.7391190" lon="120.3295730">
    <ele>18.6</ele>
    <time>2026-08-17T08:19:11Z</time>
   </trkpt>
   <trkpt lat="22.7391350" lon="120.3295840">
    <ele>18.6</ele>
    <time>2026-08-17T08:19:12Z</time>
   </trkpt>
   <trkpt lat="22.7391420" lon="120.3295930">
    <ele>18.6</ele>
    <time>2026-08-17T08:19:14Z</time>
   </trkpt>
   <trkpt lat="22.7391420" lon="120.3296040">
    <ele>18.6</ele>
    <time>2026-08-17T08:19:15Z</time>
   </trkpt>
   <trkpt lat="22.7391350" lon="120.3296100">
    <ele>18.6</ele>
    <time>2026-08-17T08:19:16Z</time>
   </trkpt>
   <trkpt lat="22.7391450" lon="120.3295930">
    <ele>18.6</ele>
    <time>2026-08-17T08:19:17Z</time>
   </trkpt>
   <trkpt lat="22.7391380" lon="120.3295930">
    <ele>18.6</ele>
    <time>2026-08-17T08:19:19Z</time>
   </trkpt>
   <trkpt lat="22.7391370" lon="120.3295980">
    <ele>18.6</ele>
    <time>2026-08-17T08:19:20Z</time>
   </trkpt>
   <trkpt lat="22.7391420" lon="120.3296030">
    <ele>18.6</ele>
    <time>2026-08-17T08:19:21Z</time>
   </trkpt>
   <trkpt lat="22.7391500" lon="120.3296170">
    <ele>18.6</ele>
    <time>2026-08-17T08:19:22Z</time>
   </trkpt>
   <trkpt lat="22.7391510" lon="120.3296220">
    <ele>18.6</ele>
    <time>2026-08-17T08:19:24Z</time>
   </trkpt>
   <trkpt lat="22.7391480" lon="120.3296280">
    <ele>18.6</ele>
    <time>2026-08-17T08:19:25Z</time>
   </trkpt>
   <trkpt lat="22.7391490" lon="120.3296330">
    <ele>18.6</ele>
    <time>2026-08-17T08:19:26Z</time>
   </trkpt>
   <trkpt lat="22.7391550" lon="120.3296310">
    <ele>18.6</ele>
    <time>2026-08-17T08:19:27Z</time>
   </trkpt>
   <trkpt lat="22.7391610" lon="120.3296250">
    <ele>18.6</ele>
    <time>2026-08-17T08:19:28Z</time>
   </trkpt>
   <trkpt lat="22.7391670" lon="120.3296220">
    <ele>18.6</ele>
    <time>2026-08-17T08:19:29Z</time>
   </trkpt>
   <trkpt lat="22.7391760" lon="120.3296210">
    <ele>18.6</ele>
    <time>2026-08-17T08:19:30Z</time>
   </trkpt>
   <trkpt lat="22.7391820" lon="120.3296200">
    <ele>18.6</ele>
    <time>2026-08-17T08:19:31Z</time>
   </trkpt>
   <trkpt lat="22.7391810" lon="120.3296190">
    <ele>18.6</ele>
    <time>2026-08-17T08:19:32Z</time>
   </trkpt>
   <trkpt lat="22.7391800" lon="120.3296170">
    <ele>18.6</ele>
    <time>2026-08-17T08:19:33Z</time>
   </trkpt>
   <trkpt lat="22.7391790" lon="120.3296160">
    <ele>18.6</ele>
    <time>2026-08-17T08:19:34Z</time>
   </trkpt>
   <trkpt lat="22.7391800" lon="120.3296160">
    <ele>18.6</ele>
    <time>2026-08-17T08:19:35Z</time>
   </trkpt>
   <trkpt lat="22.7391800" lon="120.3296140">
    <ele>18.6</ele>
    <time>2026-08-17T08:19:36Z</time>
   </trkpt>
   <trkpt lat="22.7391770" lon="120.3296170">
    <ele>18.6</ele>
    <time>2026-08-17T08:19:37Z</time>
   </trkpt>
   <trkpt lat="22.7391780" lon="120.3296220">
    <ele>18.6</ele>
    <time>2026-08-17T08:19:38Z</time>
   </trkpt>
   <trkpt lat="22.7391950" lon="120.3296360">
    <ele>18.6</ele>
    <time>2026-08-17T08:19:39Z</time>
   </trkpt>
   <trkpt lat="22.7392050" lon="120.3296360">
    <ele>18.6</ele>
    <time>2026-08-17T08:19:41Z</time>
   </trkpt>
   <trkpt lat="22.7392160" lon="120.3296340">
    <ele>18.6</ele>
    <time>2026-08-17T08:19:42Z</time>
   </trkpt>
   <trkpt lat="22.7392400" lon="120.3296330">
    <ele>18.5</ele>
    <time>2026-08-17T08:19:43Z</time>
   </trkpt>
   <trkpt lat="22.7392550" lon="120.3296370">
    <ele>18.5</ele>
    <time>2026-08-17T08:19:44Z</time>
   </trkpt>
   <trkpt lat="22.7392640" lon="120.3296480">
    <ele>18.5</ele>
    <time>2026-08-17T08:19:45Z</time>
   </trkpt>
   <trkpt lat="22.7392680" lon="120.3296580">
    <ele>18.5</ele>
    <time>2026-08-17T08:19:46Z</time>
   </trkpt>
   <trkpt lat="22.7392690" lon="120.3296670">
    <ele>18.5</ele>
    <time>2026-08-17T08:19:47Z</time>
   </trkpt>
   <trkpt lat="22.7392680" lon="120.3296690">
    <ele>18.5</ele>
    <time>2026-08-17T08:19:48Z</time>
   </trkpt>
   <trkpt lat="22.7392640" lon="120.3296680">
    <ele>18.5</ele>
    <time>2026-08-17T08:19:49Z</time>
   </trkpt>
   <trkpt lat="22.7392580" lon="120.3296690">
    <ele>18.5</ele>
    <time>2026-08-17T08:19:50Z</time>
   </trkpt>
   <trkpt lat="22.7392520" lon="120.3296710">
    <ele>18.5</ele>
    <time>2026-08-17T08:19:51Z</time>
   </trkpt>
   <trkpt lat="22.7392500" lon="120.3296790">
    <ele>18.5</ele>
    <time>2026-08-17T08:19:52Z</time>
   </trkpt>
   <trkpt lat="22.7392580" lon="120.3296830">
    <ele>18.5</ele>
    <time>2026-08-17T08:19:54Z</time>
   </trkpt>
   <trkpt lat="22.7392560" lon="120.3296880">
    <ele>18.5</ele>
    <time>2026-08-17T08:19:55Z</time>
   </trkpt>
   <trkpt lat="22.7392510" lon="120.3296970">
    <ele>18.5</ele>
    <time>2026-08-17T08:19:56Z</time>
   </trkpt>
   <trkpt lat="22.7392460" lon="120.3297060">
    <ele>18.5</ele>
    <time>2026-08-17T08:19:57Z</time>
   </trkpt>
   <trkpt lat="22.7392430" lon="120.3297080">
    <ele>18.5</ele>
    <time>2026-08-17T08:19:58Z</time>
   </trkpt>
   <trkpt lat="22.7392420" lon="120.3297120">
    <ele>18.5</ele>
    <time>2026-08-17T08:19:59Z</time>
   </trkpt>
   <trkpt lat="22.7392500" lon="120.3297310">
    <ele>18.5</ele>
    <time>2026-08-17T08:20:00Z</time>
   </trkpt>
   <trkpt lat="22.7392520" lon="120.3297450">
    <ele>18.5</ele>
    <time>2026-08-17T08:20:01Z</time>
   </trkpt>
   <trkpt lat="22.7392480" lon="120.3297500">
    <ele>18.5</ele>
    <time>2026-08-17T08:20:02Z</time>
   </trkpt>
   <trkpt lat="22.7392480" lon="120.3297580">
    <ele>18.5</ele>
    <time>2026-08-17T08:20:03Z</time>
   </trkpt>
   <trkpt lat="22.7392420" lon="120.3297590">
    <ele>18.5</ele>
    <time>2026-08-17T08:20:04Z</time>
   </trkpt>
   <trkpt lat="22.7392320" lon="120.3297600">
    <ele>18.5</ele>
    <time>2026-08-17T08:20:05Z</time>
   </trkpt>
   <trkpt lat="22.7392250" lon="120.3297610">
    <ele>18.5</ele>
    <time>2026-08-17T08:20:06Z</time>
   </trkpt>
   <trkpt lat="22.7392220" lon="120.3297660">
    <ele>18.5</ele>
    <time>2026-08-17T08:20:07Z</time>
   </trkpt>
   <trkpt lat="22.7392240" lon="120.3297710">
    <ele>18.5</ele>
    <time>2026-08-17T08:20:08Z</time>
   </trkpt>
   <trkpt lat="22.7392290" lon="120.3297790">
    <ele>18.5</ele>
    <time>2026-08-17T08:20:09Z</time>
   </trkpt>
   <trkpt lat="22.7392300" lon="120.3297860">
    <ele>18.5</ele>
    <time>2026-08-17T08:20:10Z</time>
   </trkpt>
   <trkpt lat="22.7392280" lon="120.3297960">
    <ele>18.5</ele>
    <time>2026-08-17T08:20:11Z</time>
   </trkpt>
   <trkpt lat="22.7392210" lon="120.3298100">
    <ele>18.5</ele>
    <time>2026-08-17T08:20:12Z</time>
   </trkpt>
   <trkpt lat="22.7392160" lon="120.3298130">
    <ele>18.5</ele>
    <time>2026-08-17T08:20:13Z</time>
   </trkpt>
   <trkpt lat="22.7392210" lon="120.3298230">
    <ele>18.5</ele>
    <time>2026-08-17T08:20:14Z</time>
   </trkpt>
   <trkpt lat="22.7392250" lon="120.3298240">
    <ele>18.5</ele>
    <time>2026-08-17T08:20:16Z</time>
   </trkpt>
   <trkpt lat="22.7392250" lon="120.3298280">
    <ele>18.5</ele>
    <time>2026-08-17T08:20:17Z</time>
   </trkpt>
   <trkpt lat="22.7392250" lon="120.3298390">
    <ele>18.5</ele>
    <time>2026-08-17T08:20:18Z</time>
   </trkpt>
   <trkpt lat="22.7392210" lon="120.3298440">
    <ele>18.5</ele>
    <time>2026-08-17T08:20:19Z</time>
   </trkpt>
   <trkpt lat="22.7392220" lon="120.3298450">
    <ele>18.5</ele>
    <time>2026-08-17T08:20:20Z</time>
   </trkpt>
   <trkpt lat="22.7392260" lon="120.3298390">
    <ele>18.5</ele>
    <time>2026-08-17T08:20:21Z</time>
   </trkpt>
   <trkpt lat="22.7392290" lon="120.3298360">
    <ele>18.5</ele>
    <time>2026-08-17T08:20:22Z</time>
   </trkpt>
   <trkpt lat="22.7392310" lon="120.3298340">
    <ele>18.5</ele>
    <time>2026-08-17T08:20:23Z</time>
   </trkpt>
   <trkpt lat="22.7392320" lon="120.3298340">
    <ele>18.5</ele>
    <time>2026-08-17T08:20:24Z</time>
   </trkpt>
   <trkpt lat="22.7392340" lon="120.3298340">
    <ele>18.5</ele>
    <time>2026-08-17T08:20:25Z</time>
   </trkpt>
   <trkpt lat="22.7392410" lon="120.3298340">
    <ele>18.5</ele>
    <time>2026-08-17T08:20:26Z</time>
   </trkpt>
   <trkpt lat="22.7392470" lon="120.3298320">
    <ele>18.5</ele>
    <time>2026-08-17T08:20:28Z</time>
   </trkpt>
   <trkpt lat="22.7392500" lon="120.3298320">
    <ele>18.5</ele>
    <time>2026-08-17T08:20:29Z</time>
   </trkpt>
   <trkpt lat="22.7392540" lon="120.3298350">
    <ele>18.5</ele>
    <time>2026-08-17T08:20:30Z</time>
   </trkpt>
   <trkpt lat="22.7392550" lon="120.3298450">
    <ele>18.5</ele>
    <time>2026-08-17T08:20:31Z</time>
   </trkpt>
   <trkpt lat="22.7392530" lon="120.3298530">
    <ele>18.5</ele>
    <time>2026-08-17T08:20:32Z</time>
   </trkpt>
   <trkpt lat="22.7392550" lon="120.3298580">
    <ele>18.5</ele>
    <time>2026-08-17T08:20:33Z</time>
   </trkpt>
   <trkpt lat="22.7392570" lon="120.3298610">
    <ele>18.5</ele>
    <time>2026-08-17T08:20:34Z</time>
   </trkpt>
   <trkpt lat="22.7392580" lon="120.3298650">
    <ele>18.5</ele>
    <time>2026-08-17T08:20:35Z</time>
   </trkpt>
   <trkpt lat="22.7392600" lon="120.3298680">
    <ele>18.5</ele>
    <time>2026-08-17T08:20:36Z</time>
   </trkpt>
   <trkpt lat="22.7392590" lon="120.3298700">
    <ele>18.5</ele>
    <time>2026-08-17T08:20:37Z</time>
   </trkpt>
   <trkpt lat="22.7392590" lon="120.3298690">
    <ele>18.5</ele>
    <time>2026-08-17T08:20:38Z</time>
   </trkpt>
   <trkpt lat="22.7392620" lon="120.3298660">
    <ele>18.5</ele>
    <time>2026-08-17T08:20:39Z</time>
   </trkpt>
   <trkpt lat="22.7392650" lon="120.3298680">
    <ele>18.5</ele>
    <time>2026-08-17T08:20:40Z</time>
   </trkpt>
   <trkpt lat="22.7392700" lon="120.3298700">
    <ele>18.5</ele>
    <time>2026-08-17T08:20:41Z</time>
   </trkpt>
   <trkpt lat="22.7392750" lon="120.3298730">
    <ele>18.5</ele>
    <time>2026-08-17T08:20:42Z</time>
   </trkpt>
   <trkpt lat="22.7392800" lon="120.3298780">
    <ele>18.5</ele>
    <time>2026-08-17T08:20:43Z</time>
   </trkpt>
   <trkpt lat="22.7392850" lon="120.3298850">
    <ele>18.5</ele>
    <time>2026-08-17T08:20:44Z</time>
   </trkpt>
   <trkpt lat="22.7392860" lon="120.3298900">
    <ele>18.5</ele>
    <time>2026-08-17T08:20:45Z</time>
   </trkpt>
   <trkpt lat="22.7392820" lon="120.3298960">
    <ele>18.5</ele>
    <time>2026-08-17T08:20:46Z</time>
   </trkpt>
   <trkpt lat="22.7392780" lon="120.3299020">
    <ele>18.5</ele>
    <time>2026-08-17T08:20:47Z</time>
   </trkpt>
   <trkpt lat="22.7392770" lon="120.3299130">
    <ele>18.5</ele>
    <time>2026-08-17T08:20:48Z</time>
   </trkpt>
   <trkpt lat="22.7392790" lon="120.3299240">
    <ele>18.5</ele>
    <time>2026-08-17T08:20:49Z</time>
   </trkpt>
   <trkpt lat="22.7392800" lon="120.3299270">
    <ele>18.5</ele>
    <time>2026-08-17T08:20:50Z</time>
   </trkpt>
   <trkpt lat="22.7392790" lon="120.3299270">
    <ele>18.5</ele>
    <time>2026-08-17T08:20:51Z</time>
   </trkpt>
   <trkpt lat="22.7392790" lon="120.3299270">
    <ele>18.5</ele>
    <time>2026-08-17T08:20:53Z</time>
   </trkpt>
   <trkpt lat="22.7392790" lon="120.3299270">
    <ele>18.5</ele>
    <time>2026-08-17T08:20:54Z</time>
   </trkpt>
   <trkpt lat="22.7392790" lon="120.3299270">
    <ele>18.5</ele>
    <time>2026-08-17T08:20:55Z</time>
   </trkpt>
   <trkpt lat="22.7392790" lon="120.3299280">
    <ele>18.5</ele>
    <time>2026-08-17T08:20:56Z</time>
   </trkpt>
   <trkpt lat="22.7392800" lon="120.3299280">
    <ele>18.5</ele>
    <time>2026-08-17T08:20:57Z</time>
   </trkpt>
   <trkpt lat="22.7392810" lon="120.3299280">
    <ele>18.5</ele>
    <time>2026-08-17T08:20:58Z</time>
   </trkpt>
   <trkpt lat="22.7392820" lon="120.3299280">
    <ele>18.5</ele>
    <time>2026-08-17T08:20:59Z</time>
   </trkpt>
   <trkpt lat="22.7392830" lon="120.3299280">
    <ele>18.5</ele>
    <time>2026-08-17T08:21:00Z</time>
   </trkpt>
   <trkpt lat="22.7392840" lon="120.3299280">
    <ele>18.5</ele>
    <time>2026-08-17T08:21:01Z</time>
   </trkpt>
   <trkpt lat="22.7392860" lon="120.3299290">
    <ele>18.5</ele>
    <time>2026-08-17T08:21:02Z</time>
   </trkpt>
   <trkpt lat="22.7392870" lon="120.3299310">
    <ele>18.5</ele>
    <time>2026-08-17T08:21:04Z</time>
   </trkpt>
   <trkpt lat="22.7392890" lon="120.3299360">
    <ele>18.5</ele>
    <time>2026-08-17T08:21:05Z</time>
   </trkpt>
   <trkpt lat="22.7392910" lon="120.3299370">
    <ele>18.5</ele>
    <time>2026-08-17T08:21:07Z</time>
   </trkpt>
   <trkpt lat="22.7392930" lon="120.3299380">
    <ele>18.5</ele>
    <time>2026-08-17T08:21:08Z</time>
   </trkpt>
   <trkpt lat="22.7392970" lon="120.3299430">
    <ele>18.5</ele>
    <time>2026-08-17T08:21:09Z</time>
   </trkpt>
   <trkpt lat="22.7392990" lon="120.3299470">
    <ele>18.5</ele>
    <time>2026-08-17T08:21:11Z</time>
   </trkpt>
   <trkpt lat="22.7393060" lon="120.3299540">
    <ele>18.5</ele>
    <time>2026-08-17T08:21:12Z</time>
   </trkpt>
   <trkpt lat="22.7393090" lon="120.3299600">
    <ele>18.5</ele>
    <time>2026-08-17T08:21:13Z</time>
   </trkpt>
   <trkpt lat="22.7393080" lon="120.3299630">
    <ele>18.5</ele>
    <time>2026-08-17T08:21:14Z</time>
   </trkpt>
   <trkpt lat="22.7393080" lon="120.3299660">
    <ele>18.5</ele>
    <time>2026-08-17T08:21:15Z</time>
   </trkpt>
   <trkpt lat="22.7393100" lon="120.3299670">
    <ele>18.5</ele>
    <time>2026-08-17T08:21:16Z</time>
   </trkpt>
   <trkpt lat="22.7393110" lon="120.3299670">
    <ele>18.5</ele>
    <time>2026-08-17T08:21:17Z</time>
   </trkpt>
   <trkpt lat="22.7393120" lon="120.3299670">
    <ele>18.5</ele>
    <time>2026-08-17T08:21:18Z</time>
   </trkpt>
   <trkpt lat="22.7393220" lon="120.3299720">
    <ele>18.5</ele>
    <time>2026-08-17T08:21:19Z</time>
   </trkpt>
   <trkpt lat="22.7393260" lon="120.3299730">
    <ele>18.5</ele>
    <time>2026-08-17T08:21:20Z</time>
   </trkpt>
   <trkpt lat="22.7393300" lon="120.3299760">
    <ele>18.5</ele>
    <time>2026-08-17T08:21:21Z</time>
   </trkpt>
   <trkpt lat="22.7393340" lon="120.3299800">
    <ele>18.5</ele>
    <time>2026-08-17T08:21:22Z</time>
   </trkpt>
   <trkpt lat="22.7393350" lon="120.3299850">
    <ele>18.5</ele>
    <time>2026-08-17T08:21:23Z</time>
   </trkpt>
   <trkpt lat="22.7393350" lon="120.3299910">
    <ele>18.5</ele>
    <time>2026-08-17T08:21:24Z</time>
   </trkpt>
   <trkpt lat="22.7393340" lon="120.3299940">
    <ele>18.5</ele>
    <time>2026-08-17T08:21:25Z</time>
   </trkpt>
   <trkpt lat="22.7393360" lon="120.3299980">
    <ele>18.5</ele>
    <time>2026-08-17T08:21:26Z</time>
   </trkpt>
   <trkpt lat="22.7393370" lon="120.3300000">
    <ele>18.5</ele>
    <time>2026-08-17T08:21:27Z</time>
   </trkpt>
   <trkpt lat="22.7393420" lon="120.3300050">
    <ele>18.5</ele>
    <time>2026-08-17T08:21:28Z</time>
   </trkpt>
   <trkpt lat="22.7393460" lon="120.3300090">
    <ele>18.5</ele>
    <time>2026-08-17T08:21:29Z</time>
   </trkpt>
   <trkpt lat="22.7393500" lon="120.3300110">
    <ele>18.5</ele>
    <time>2026-08-17T08:21:30Z</time>
   </trkpt>
   <trkpt lat="22.7393540" lon="120.3300130">
    <ele>18.5</ele>
    <time>2026-08-17T08:21:31Z</time>
   </trkpt>
   <trkpt lat="22.7393720" lon="120.3300240">
    <ele>18.5</ele>
    <time>2026-08-17T08:21:32Z</time>
   </trkpt>
   <trkpt lat="22.7394010" lon="120.3300390">
    <ele>18.5</ele>
    <time>2026-08-17T08:21:33Z</time>
   </trkpt>
   <trkpt lat="22.7394240" lon="120.3300530">
    <ele>18.5</ele>
    <time>2026-08-17T08:21:34Z</time>
   </trkpt>
   <trkpt lat="22.7394320" lon="120.3300570">
    <ele>18.5</ele>
    <time>2026-08-17T08:21:35Z</time>
   </trkpt>
   <trkpt lat="22.7394290" lon="120.3300610">
    <ele>18.5</ele>
    <time>2026-08-17T08:21:36Z</time>
   </trkpt>
   <trkpt lat="22.7394200" lon="120.3300650">
    <ele>18.5</ele>
    <time>2026-08-17T08:21:37Z</time>
   </trkpt>
   <trkpt lat="22.7394140" lon="120.3300690">
    <ele>18.5</ele>
    <time>2026-08-17T08:21:38Z</time>
   </trkpt>
   <trkpt lat="22.7394100" lon="120.3300830">
    <ele>18.5</ele>
    <time>2026-08-17T08:21:39Z</time>
   </trkpt>
   <trkpt lat="22.7394020" lon="120.3300860">
    <ele>18.5</ele>
    <time>2026-08-17T08:21:41Z</time>
   </trkpt>
   <trkpt lat="22.7393940" lon="120.3300840">
    <ele>18.5</ele>
    <time>2026-08-17T08:21:42Z</time>
   </trkpt>
   <trkpt lat="22.7393840" lon="120.3300790">
    <ele>18.5</ele>
    <time>2026-08-17T08:21:43Z</time>
   </trkpt>
   <trkpt lat="22.7393820" lon="120.3300750">
    <ele>18.5</ele>
    <time>2026-08-17T08:21:44Z</time>
   </trkpt>
   <trkpt lat="22.7393880" lon="120.3300770">
    <ele>18.5</ele>
    <time>2026-08-17T08:21:45Z</time>
   </trkpt>
   <trkpt lat="22.7393910" lon="120.3300750">
    <ele>18.5</ele>
    <time>2026-08-17T08:21:46Z</time>
   </trkpt>
   <trkpt lat="22.7393900" lon="120.3300700">
    <ele>18.5</ele>
    <time>2026-08-17T08:21:47Z</time>
   </trkpt>
   <trkpt lat="22.7393860" lon="120.3300640">
    <ele>18.5</ele>
    <time>2026-08-17T08:21:48Z</time>
   </trkpt>
   <trkpt lat="22.7393850" lon="120.3300500">
    <ele>18.5</ele>
    <time>2026-08-17T08:21:49Z</time>
   </trkpt>
   <trkpt lat="22.7393860" lon="120.3300270">
    <ele>18.5</ele>
    <time>2026-08-17T08:21:50Z</time>
   </trkpt>
   <trkpt lat="22.7393850" lon="120.3300100">
    <ele>18.5</ele>
    <time>2026-08-17T08:21:51Z</time>
   </trkpt>
   <trkpt lat="22.7393850" lon="120.3299960">
    <ele>18.5</ele>
    <time>2026-08-17T08:21:52Z</time>
   </trkpt>
   <trkpt lat="22.7393840" lon="120.3299840">
    <ele>18.5</ele>
    <time>2026-08-17T08:21:53Z</time>
   </trkpt>
   <trkpt lat="22.7393830" lon="120.3299710">
    <ele>18.5</ele>
    <time>2026-08-17T08:21:54Z</time>
   </trkpt>
   <trkpt lat="22.7393810" lon="120.3299590">
    <ele>18.5</ele>
    <time>2026-08-17T08:21:55Z</time>
   </trkpt>
   <trkpt lat="22.7393790" lon="120.3299460">
    <ele>18.5</ele>
    <time>2026-08-17T08:21:56Z</time>
   </trkpt>
   <trkpt lat="22.7393720" lon="120.3299220">
    <ele>18.5</ele>
    <time>2026-08-17T08:21:57Z</time>
   </trkpt>
   <trkpt lat="22.7393640" lon="120.3299090">
    <ele>18.5</ele>
    <time>2026-08-17T08:21:59Z</time>
   </trkpt>
   <trkpt lat="22.7393610" lon="120.3298970">
    <ele>18.5</ele>
    <time>2026-08-17T08:22:00Z</time>
   </trkpt>
   <trkpt lat="22.7393570" lon="120.3298870">
    <ele>18.5</ele>
    <time>2026-08-17T08:22:01Z</time>
   </trkpt>
   <trkpt lat="22.7393490" lon="120.3298790">
    <ele>18.5</ele>
    <time>2026-08-17T08:22:02Z</time>
   </trkpt>
   <trkpt lat="22.7393410" lon="120.3298710">
    <ele>18.5</ele>
    <time>2026-08-17T08:22:03Z</time>
   </trkpt>
   <trkpt lat="22.7393340" lon="120.3298620">
    <ele>18.5</ele>
    <time>2026-08-17T08:22:04Z</time>
   </trkpt>
   <trkpt lat="22.7393300" lon="120.3298550">
    <ele>18.5</ele>
    <time>2026-08-17T08:22:05Z</time>
   </trkpt>
   <trkpt lat="22.7393300" lon="120.3298470">
    <ele>18.5</ele>
    <time>2026-08-17T08:22:06Z</time>
   </trkpt>
   <trkpt lat="22.7393290" lon="120.3298420">
    <ele>18.5</ele>
    <time>2026-08-17T08:22:07Z</time>
   </trkpt>
   <trkpt lat="22.7393230" lon="120.3298380">
    <ele>18.5</ele>
    <time>2026-08-17T08:22:08Z</time>
   </trkpt>
   <trkpt lat="22.7393180" lon="120.3298310">
    <ele>18.5</ele>
    <time>2026-08-17T08:22:09Z</time>
   </trkpt>
   <trkpt lat="22.7393060" lon="120.3298080">
    <ele>18.5</ele>
    <time>2026-08-17T08:22:10Z</time>
   </trkpt>
   <trkpt lat="22.7392970" lon="120.3297840">
    <ele>18.5</ele>
    <time>2026-08-17T08:22:12Z</time>
   </trkpt>
   <trkpt lat="22.7392850" lon="120.3297600">
    <ele>18.5</ele>
    <time>2026-08-17T08:22:14Z</time>
   </trkpt>
   <trkpt lat="22.7392780" lon="120.3297490">
    <ele>18.5</ele>
    <time>2026-08-17T08:22:16Z</time>
   </trkpt>
   <trkpt lat="22.7392720" lon="120.3297370">
    <ele>18.5</ele>
    <time>2026-08-17T08:22:17Z</time>
   </trkpt>
   <trkpt lat="22.7392670" lon="120.3297250">
    <ele>18.5</ele>
    <time>2026-08-17T08:22:18Z</time>
   </trkpt>
   <trkpt lat="22.7392640" lon="120.3297140">
    <ele>18.5</ele>
    <time>2026-08-17T08:22:19Z</time>
   </trkpt>
   <trkpt lat="22.7392580" lon="120.3296960">
    <ele>18.5</ele>
    <time>2026-08-17T08:22:20Z</time>
   </trkpt>
   <trkpt lat="22.7392540" lon="120.3296870">
    <ele>18.5</ele>
    <time>2026-08-17T08:22:22Z</time>
   </trkpt>
   <trkpt lat="22.7392500" lon="120.3296750">
    <ele>18.5</ele>
    <time>2026-08-17T08:22:23Z</time>
   </trkpt>
   <trkpt lat="22.7392460" lon="120.3296630">
    <ele>18.5</ele>
    <time>2026-08-17T08:22:24Z</time>
   </trkpt>
   <trkpt lat="22.7392430" lon="120.3296490">
    <ele>18.5</ele>
    <time>2026-08-17T08:22:25Z</time>
   </trkpt>
   <trkpt lat="22.7392370" lon="120.3296270">
    <ele>18.5</ele>
    <time>2026-08-17T08:22:26Z</time>
   </trkpt>
   <trkpt lat="22.7392350" lon="120.3296180">
    <ele>18.6</ele>
    <time>2026-08-17T08:22:28Z</time>
   </trkpt>
   <trkpt lat="22.7392320" lon="120.3296100">
    <ele>18.6</ele>
    <time>2026-08-17T08:22:29Z</time>
   </trkpt>
   <trkpt lat="22.7392300" lon="120.3296020">
    <ele>18.6</ele>
    <time>2026-08-17T08:22:30Z</time>
   </trkpt>
   <trkpt lat="22.7392290" lon="120.3295940">
    <ele>18.6</ele>
    <time>2026-08-17T08:22:31Z</time>
   </trkpt>
   <trkpt lat="22.7392260" lon="120.3295860">
    <ele>18.6</ele>
    <time>2026-08-17T08:22:32Z</time>
   </trkpt>
   <trkpt lat="22.7392240" lon="120.3295760">
    <ele>18.6</ele>
    <time>2026-08-17T08:22:33Z</time>
   </trkpt>
   <trkpt lat="22.7392200" lon="120.3295680">
    <ele>18.6</ele>
    <time>2026-08-17T08:22:34Z</time>
   </trkpt>
   <trkpt lat="22.7392160" lon="120.3295600">
    <ele>18.6</ele>
    <time>2026-08-17T08:22:35Z</time>
   </trkpt>
   <trkpt lat="22.7392120" lon="120.3295530">
    <ele>18.6</ele>
    <time>2026-08-17T08:22:36Z</time>
   </trkpt>
   <trkpt lat="22.7392080" lon="120.3295440">
    <ele>18.6</ele>
    <time>2026-08-17T08:22:37Z</time>
   </trkpt>
   <trkpt lat="22.7392040" lon="120.3295350">
    <ele>18.6</ele>
    <time>2026-08-17T08:22:38Z</time>
   </trkpt>
   <trkpt lat="22.7391990" lon="120.3295270">
    <ele>18.6</ele>
    <time>2026-08-17T08:22:39Z</time>
   </trkpt>
   <trkpt lat="22.7391950" lon="120.3295200">
    <ele>18.6</ele>
    <time>2026-08-17T08:22:40Z</time>
   </trkpt>
   <trkpt lat="22.7391900" lon="120.3295120">
    <ele>18.6</ele>
    <time>2026-08-17T08:22:41Z</time>
   </trkpt>
   <trkpt lat="22.7391860" lon="120.3295010">
    <ele>18.6</ele>
    <time>2026-08-17T08:22:42Z</time>
   </trkpt>
   <trkpt lat="22.7391820" lon="120.3294910">
    <ele>18.6</ele>
    <time>2026-08-17T08:22:43Z</time>
   </trkpt>
   <trkpt lat="22.7391790" lon="120.3294820">
    <ele>18.6</ele>
    <time>2026-08-17T08:22:44Z</time>
   </trkpt>
   <trkpt lat="22.7391730" lon="120.3294570">
    <ele>18.6</ele>
    <time>2026-08-17T08:22:45Z</time>
   </trkpt>
   <trkpt lat="22.7391580" lon="120.3294280">
    <ele>18.6</ele>
    <time>2026-08-17T08:22:47Z</time>
   </trkpt>
   <trkpt lat="22.7391500" lon="120.3294170">
    <ele>18.7</ele>
    <time>2026-08-17T08:22:49Z</time>
   </trkpt>
   <trkpt lat="22.7391470" lon="120.3294120">
    <ele>18.7</ele>
    <time>2026-08-17T08:22:50Z</time>
   </trkpt>
   <trkpt lat="22.7391400" lon="120.3293990">
    <ele>18.7</ele>
    <time>2026-08-17T08:22:51Z</time>
   </trkpt>
   <trkpt lat="22.7391230" lon="120.3293820">
    <ele>18.7</ele>
    <time>2026-08-17T08:22:52Z</time>
   </trkpt>
   <trkpt lat="22.7391130" lon="120.3293750">
    <ele>18.7</ele>
    <time>2026-08-17T08:22:54Z</time>
   </trkpt>
   <trkpt lat="22.7391050" lon="120.3293690">
    <ele>18.7</ele>
    <time>2026-08-17T08:22:55Z</time>
   </trkpt>
   <trkpt lat="22.7391020" lon="120.3293520">
    <ele>18.7</ele>
    <time>2026-08-17T08:22:56Z</time>
   </trkpt>
   <trkpt lat="22.7390920" lon="120.3293410">
    <ele>18.7</ele>
    <time>2026-08-17T08:22:57Z</time>
   </trkpt>
   <trkpt lat="22.7390820" lon="120.3293270">
    <ele>18.7</ele>
    <time>2026-08-17T08:22:58Z</time>
   </trkpt>
   <trkpt lat="22.7390800" lon="120.3293160">
    <ele>18.7</ele>
    <time>2026-08-17T08:22:59Z</time>
   </trkpt>
   <trkpt lat="22.7390770" lon="120.3293000">
    <ele>18.7</ele>
    <time>2026-08-17T08:23:00Z</time>
   </trkpt>
   <trkpt lat="22.7390840" lon="120.3292740">
    <ele>18.7</ele>
    <time>2026-08-17T08:23:02Z</time>
   </trkpt>
   <trkpt lat="22.7390870" lon="120.3292580">
    <ele>18.7</ele>
    <time>2026-08-17T08:23:04Z</time>
   </trkpt>
   <trkpt lat="22.7390910" lon="120.3292420">
    <ele>18.8</ele>
    <time>2026-08-17T08:23:05Z</time>
   </trkpt>
   <trkpt lat="22.7390870" lon="120.3292290">
    <ele>18.8</ele>
    <time>2026-08-17T08:23:06Z</time>
   </trkpt>
   <trkpt lat="22.7390820" lon="120.3292190">
    <ele>18.8</ele>
    <time>2026-08-17T08:23:07Z</time>
   </trkpt>
   <trkpt lat="22.7390750" lon="120.3292090">
    <ele>18.8</ele>
    <time>2026-08-17T08:23:08Z</time>
   </trkpt>
   <trkpt lat="22.7390740" lon="120.3291980">
    <ele>18.8</ele>
    <time>2026-08-17T08:23:09Z</time>
   </trkpt>
   <trkpt lat="22.7390610" lon="120.3291770">
    <ele>18.8</ele>
    <time>2026-08-17T08:23:10Z</time>
   </trkpt>
   <trkpt lat="22.7390490" lon="120.3291650">
    <ele>18.8</ele>
    <time>2026-08-17T08:23:12Z</time>
   </trkpt>
   <trkpt lat="22.7390420" lon="120.3291570">
    <ele>18.8</ele>
    <time>2026-08-17T08:23:13Z</time>
   </trkpt>
   <trkpt lat="22.7390360" lon="120.3291470">
    <ele>18.8</ele>
    <time>2026-08-17T08:23:14Z</time>
   </trkpt>
   <trkpt lat="22.7390310" lon="120.3291380">
    <ele>18.8</ele>
    <time>2026-08-17T08:23:15Z</time>
   </trkpt>
   <trkpt lat="22.7390390" lon="120.3291340">
    <ele>18.8</ele>
    <time>2026-08-17T08:23:16Z</time>
   </trkpt>
   <trkpt lat="22.7390370" lon="120.3291230">
    <ele>18.8</ele>
    <time>2026-08-17T08:23:17Z</time>
   </trkpt>
   <trkpt lat="22.7390220" lon="120.3291100">
    <ele>18.8</ele>
    <time>2026-08-17T08:23:18Z</time>
   </trkpt>
   <trkpt lat="22.7390070" lon="120.3290990">
    <ele>18.8</ele>
    <time>2026-08-17T08:23:19Z</time>
   </trkpt>
   <trkpt lat="22.7389940" lon="120.3290880">
    <ele>18.8</ele>
    <time>2026-08-17T08:23:20Z</time>
   </trkpt>
   <trkpt lat="22.7389600" lon="120.3290520">
    <ele>18.8</ele>
    <time>2026-08-17T08:23:21Z</time>
   </trkpt>
   <trkpt lat="22.7389500" lon="120.3290400">
    <ele>18.8</ele>
    <time>2026-08-17T08:23:22Z</time>
   </trkpt>
   <trkpt lat="22.7389410" lon="120.3290250">
    <ele>18.8</ele>
    <time>2026-08-17T08:23:23Z</time>
   </trkpt>
   <trkpt lat="22.7389310" lon="120.3290090">
    <ele>18.8</ele>
    <time>2026-08-17T08:23:25Z</time>
   </trkpt>
   <trkpt lat="22.7389140" lon="120.3289970">
    <ele>18.8</ele>
    <time>2026-08-17T08:23:26Z</time>
   </trkpt>
   <trkpt lat="22.7389090" lon="120.3289680">
    <ele>18.8</ele>
    <time>2026-08-17T08:23:28Z</time>
   </trkpt>
   <trkpt lat="22.7389110" lon="120.3289510">
    <ele>18.8</ele>
    <time>2026-08-17T08:23:30Z</time>
   </trkpt>
   <trkpt lat="22.7389070" lon="120.3289240">
    <ele>18.8</ele>
    <time>2026-08-17T08:23:31Z</time>
   </trkpt>
   <trkpt lat="22.7389000" lon="120.3289080">
    <ele>18.8</ele>
    <time>2026-08-17T08:23:33Z</time>
   </trkpt>
   <trkpt lat="22.7388950" lon="120.3288960">
    <ele>18.8</ele>
    <time>2026-08-17T08:23:34Z</time>
   </trkpt>
   <trkpt lat="22.7388910" lon="120.3288870">
    <ele>18.8</ele>
    <time>2026-08-17T08:23:35Z</time>
   </trkpt>
   <trkpt lat="22.7388830" lon="120.3288710">
    <ele>18.8</ele>
    <time>2026-08-17T08:23:36Z</time>
   </trkpt>
   <trkpt lat="22.7388790" lon="120.3288600">
    <ele>18.8</ele>
    <time>2026-08-17T08:23:38Z</time>
   </trkpt>
   <trkpt lat="22.7388740" lon="120.3288530">
    <ele>18.8</ele>
    <time>2026-08-17T08:23:39Z</time>
   </trkpt>
   <trkpt lat="22.7388670" lon="120.3288460">
    <ele>18.8</ele>
    <time>2026-08-17T08:23:40Z</time>
   </trkpt>
   <trkpt lat="22.7388470" lon="120.3288380">
    <ele>18.8</ele>
    <time>2026-08-17T08:23:41Z</time>
   </trkpt>
   <trkpt lat="22.7388370" lon="120.3288360">
    <ele>18.9</ele>
    <time>2026-08-17T08:23:43Z</time>
   </trkpt>
   <trkpt lat="22.7388240" lon="120.3288410">
    <ele>18.9</ele>
    <time>2026-08-17T08:23:44Z</time>
   </trkpt>
   <trkpt lat="22.7388160" lon="120.3288520">
    <ele>18.9</ele>
    <time>2026-08-17T08:23:45Z</time>
   </trkpt>
   <trkpt lat="22.7388090" lon="120.3288660">
    <ele>18.9</ele>
    <time>2026-08-17T08:23:46Z</time>
   </trkpt>
   <trkpt lat="22.7388020" lon="120.3288810">
    <ele>18.9</ele>
    <time>2026-08-17T08:23:47Z</time>
   </trkpt>
   <trkpt lat="22.7387920" lon="120.3289000">
    <ele>18.9</ele>
    <time>2026-08-17T08:23:48Z</time>
   </trkpt>
   <trkpt lat="22.7387970" lon="120.3289180">
    <ele>18.9</ele>
    <time>2026-08-17T08:23:49Z</time>
   </trkpt>
   <trkpt lat="22.7387970" lon="120.3289260">
    <ele>18.9</ele>
    <time>2026-08-17T08:23:50Z</time>
   </trkpt>
   <trkpt lat="22.7387990" lon="120.3289300">
    <ele>18.9</ele>
    <time>2026-08-17T08:23:51Z</time>
   </trkpt>
   <trkpt lat="22.7387950" lon="120.3289320">
    <ele>18.9</ele>
    <time>2026-08-17T08:23:52Z</time>
   </trkpt>
   <trkpt lat="22.7388010" lon="120.3289450">
    <ele>18.9</ele>
    <time>2026-08-17T08:23:53Z</time>
   </trkpt>
   <trkpt lat="22.7387920" lon="120.3289630">
    <ele>18.9</ele>
    <time>2026-08-17T08:23:54Z</time>
   </trkpt>
   <trkpt lat="22.7387920" lon="120.3289670">
    <ele>18.9</ele>
    <time>2026-08-17T08:23:56Z</time>
   </trkpt>
   <trkpt lat="22.7387810" lon="120.3289770">
    <ele>19.0</ele>
    <time>2026-08-17T08:23:57Z</time>
   </trkpt>
   <trkpt lat="22.7387720" lon="120.3289800">
    <ele>19.0</ele>
    <time>2026-08-17T08:23:58Z</time>
   </trkpt>
   <trkpt lat="22.7387660" lon="120.3289840">
    <ele>19.0</ele>
    <time>2026-08-17T08:23:59Z</time>
   </trkpt>
   <trkpt lat="22.7387600" lon="120.3289850">
    <ele>19.0</ele>
    <time>2026-08-17T08:24:00Z</time>
   </trkpt>
   <trkpt lat="22.7387580" lon="120.3289860">
    <ele>19.0</ele>
    <time>2026-08-17T08:24:01Z</time>
   </trkpt>
   <trkpt lat="22.7387510" lon="120.3289800">
    <ele>19.0</ele>
    <time>2026-08-17T08:24:02Z</time>
   </trkpt>
   <trkpt lat="22.7387500" lon="120.3289830">
    <ele>19.0</ele>
    <time>2026-08-17T08:24:03Z</time>
   </trkpt>
   <trkpt lat="22.7387510" lon="120.3289830">
    <ele>19.0</ele>
    <time>2026-08-17T08:24:04Z</time>
   </trkpt>
   <trkpt lat="22.7387490" lon="120.3289840">
    <ele>19.0</ele>
    <time>2026-08-17T08:24:05Z</time>
   </trkpt>
   <trkpt lat="22.7387460" lon="120.3289850">
    <ele>19.0</ele>
    <time>2026-08-17T08:24:06Z</time>
   </trkpt>
   <trkpt lat="22.7387420" lon="120.3289860">
    <ele>19.0</ele>
    <time>2026-08-17T08:24:07Z</time>
   </trkpt>
   <trkpt lat="22.7387370" lon="120.3289900">
    <ele>19.0</ele>
    <time>2026-08-17T08:24:08Z</time>
   </trkpt>
   <trkpt lat="22.7387350" lon="120.3289950">
    <ele>19.0</ele>
    <time>2026-08-17T08:24:09Z</time>
   </trkpt>
   <trkpt lat="22.7387310" lon="120.3289980">
    <ele>19.0</ele>
    <time>2026-08-17T08:24:10Z</time>
   </trkpt>
   <trkpt lat="22.7387270" lon="120.3290030">
    <ele>19.0</ele>
    <time>2026-08-17T08:24:11Z</time>
   </trkpt>
   <trkpt lat="22.7387200" lon="120.3290090">
    <ele>19.0</ele>
    <time>2026-08-17T08:24:12Z</time>
   </trkpt>
   <trkpt lat="22.7387120" lon="120.3290130">
    <ele>19.0</ele>
    <time>2026-08-17T08:24:13Z</time>
   </trkpt>
   <trkpt lat="22.7387020" lon="120.3290230">
    <ele>19.0</ele>
    <time>2026-08-17T08:24:14Z</time>
   </trkpt>
   <trkpt lat="22.7386890" lon="120.3290310">
    <ele>19.0</ele>
    <time>2026-08-17T08:24:15Z</time>
   </trkpt>
   <trkpt lat="22.7386590" lon="120.3290700">
    <ele>19.0</ele>
    <time>2026-08-17T08:24:16Z</time>
   </trkpt>
   <trkpt lat="22.7386380" lon="120.3290870">
    <ele>19.1</ele>
    <time>2026-08-17T08:24:17Z</time>
   </trkpt>
   <trkpt lat="22.7386100" lon="120.3291320">
    <ele>19.1</ele>
    <time>2026-08-17T08:24:18Z</time>
   </trkpt>
   <trkpt lat="22.7386130" lon="120.3291690">
    <ele>19.1</ele>
    <time>2026-08-17T08:24:20Z</time>
   </trkpt>
   <trkpt lat="22.7386080" lon="120.3291930">
    <ele>19.1</ele>
    <time>2026-08-17T08:24:21Z</time>
   </trkpt>
   <trkpt lat="22.7385960" lon="120.3292090">
    <ele>19.1</ele>
    <time>2026-08-17T08:24:22Z</time>
   </trkpt>
   <trkpt lat="22.7385830" lon="120.3292250">
    <ele>19.1</ele>
    <time>2026-08-17T08:24:23Z</time>
   </trkpt>
   <trkpt lat="22.7385680" lon="120.3292360">
    <ele>19.1</ele>
    <time>2026-08-17T08:24:24Z</time>
   </trkpt>
   <trkpt lat="22.7385540" lon="120.3292440">
    <ele>19.1</ele>
    <time>2026-08-17T08:24:25Z</time>
   </trkpt>
   <trkpt lat="22.7385460" lon="120.3292440">
    <ele>19.1</ele>
    <time>2026-08-17T08:24:26Z</time>
   </trkpt>
   <trkpt lat="22.7385370" lon="120.3292450">
    <ele>19.1</ele>
    <time>2026-08-17T08:24:27Z</time>
   </trkpt>
   <trkpt lat="22.7385110" lon="120.3292500">
    <ele>19.1</ele>
    <time>2026-08-17T08:24:28Z</time>
   </trkpt>
   <trkpt lat="22.7385010" lon="120.3292540">
    <ele>19.2</ele>
    <time>2026-08-17T08:24:30Z</time>
   </trkpt>
   <trkpt lat="22.7384930" lon="120.3292580">
    <ele>19.2</ele>
    <time>2026-08-17T08:24:31Z</time>
   </trkpt>
   <trkpt lat="22.7384810" lon="120.3292680">
    <ele>19.2</ele>
    <time>2026-08-17T08:24:32Z</time>
   </trkpt>
   <trkpt lat="22.7384660" lon="120.3292810">
    <ele>19.2</ele>
    <time>2026-08-17T08:24:33Z</time>
   </trkpt>
   <trkpt lat="22.7384510" lon="120.3292890">
    <ele>19.2</ele>
    <time>2026-08-17T08:24:34Z</time>
   </trkpt>
   <trkpt lat="22.7384370" lon="120.3292950">
    <ele>19.2</ele>
    <time>2026-08-17T08:24:35Z</time>
   </trkpt>
   <trkpt lat="22.7384160" lon="120.3293020">
    <ele>19.2</ele>
    <time>2026-08-17T08:24:36Z</time>
   </trkpt>
   <trkpt lat="22.7384060" lon="120.3293100">
    <ele>19.2</ele>
    <time>2026-08-17T08:24:38Z</time>
   </trkpt>
   <trkpt lat="22.7383960" lon="120.3293180">
    <ele>19.2</ele>
    <time>2026-08-17T08:24:39Z</time>
   </trkpt>
   <trkpt lat="22.7383870" lon="120.3293250">
    <ele>19.2</ele>
    <time>2026-08-17T08:24:40Z</time>
   </trkpt>
   <trkpt lat="22.7383770" lon="120.3293320">
    <ele>19.2</ele>
    <time>2026-08-17T08:24:41Z</time>
   </trkpt>
   <trkpt lat="22.7383780" lon="120.3293350">
    <ele>19.2</ele>
    <time>2026-08-17T08:24:42Z</time>
   </trkpt>
   <trkpt lat="22.7383720" lon="120.3293430">
    <ele>19.2</ele>
    <time>2026-08-17T08:24:43Z</time>
   </trkpt>
   <trkpt lat="22.7383640" lon="120.3293510">
    <ele>19.2</ele>
    <time>2026-08-17T08:24:44Z</time>
   </trkpt>
   <trkpt lat="22.7383540" lon="120.3293620">
    <ele>19.2</ele>
    <time>2026-08-17T08:24:45Z</time>
   </trkpt>
   <trkpt lat="22.7383460" lon="120.3293680">
    <ele>19.2</ele>
    <time>2026-08-17T08:24:46Z</time>
   </trkpt>
   <trkpt lat="22.7383380" lon="120.3293760">
    <ele>19.2</ele>
    <time>2026-08-17T08:24:47Z</time>
   </trkpt>
   <trkpt lat="22.7383290" lon="120.3293840">
    <ele>19.3</ele>
    <time>2026-08-17T08:24:48Z</time>
   </trkpt>
   <trkpt lat="22.7383230" lon="120.3293900">
    <ele>19.3</ele>
    <time>2026-08-17T08:24:49Z</time>
   </trkpt>
   <trkpt lat="22.7383160" lon="120.3293990">
    <ele>19.3</ele>
    <time>2026-08-17T08:24:50Z</time>
   </trkpt>
   <trkpt lat="22.7383070" lon="120.3294090">
    <ele>19.3</ele>
    <time>2026-08-17T08:24:51Z</time>
   </trkpt>
   <trkpt lat="22.7382990" lon="120.3294170">
    <ele>19.3</ele>
    <time>2026-08-17T08:24:52Z</time>
   </trkpt>
   <trkpt lat="22.7382920" lon="120.3294280">
    <ele>19.3</ele>
    <time>2026-08-17T08:24:53Z</time>
   </trkpt>
   <trkpt lat="22.7382860" lon="120.3294410">
    <ele>19.3</ele>
    <time>2026-08-17T08:24:54Z</time>
   </trkpt>
   <trkpt lat="22.7382770" lon="120.3294550">
    <ele>19.3</ele>
    <time>2026-08-17T08:24:55Z</time>
   </trkpt>
   <trkpt lat="22.7382690" lon="120.3294710">
    <ele>19.3</ele>
    <time>2026-08-17T08:24:56Z</time>
   </trkpt>
   <trkpt lat="22.7382630" lon="120.3294830">
    <ele>19.3</ele>
    <time>2026-08-17T08:24:57Z</time>
   </trkpt>
   <trkpt lat="22.7382580" lon="120.3294900">
    <ele>19.3</ele>
    <time>2026-08-17T08:24:58Z</time>
   </trkpt>
   <trkpt lat="22.7382530" lon="120.3294900">
    <ele>19.3</ele>
    <time>2026-08-17T08:24:59Z</time>
   </trkpt>
   <trkpt lat="22.7382440" lon="120.3294910">
    <ele>19.3</ele>
    <time>2026-08-17T08:25:00Z</time>
   </trkpt>
   <trkpt lat="22.7382350" lon="120.3294920">
    <ele>19.3</ele>
    <time>2026-08-17T08:25:01Z</time>
   </trkpt>
   <trkpt lat="22.7382290" lon="120.3294970">
    <ele>19.3</ele>
    <time>2026-08-17T08:25:02Z</time>
   </trkpt>
   <trkpt lat="22.7382170" lon="120.3295120">
    <ele>19.3</ele>
    <time>2026-08-17T08:25:03Z</time>
   </trkpt>
   <trkpt lat="22.7382040" lon="120.3295210">
    <ele>19.3</ele>
    <time>2026-08-17T08:25:05Z</time>
   </trkpt>
   <trkpt lat="22.7381910" lon="120.3295300">
    <ele>19.4</ele>
    <time>2026-08-17T08:25:06Z</time>
   </trkpt>
   <trkpt lat="22.7381790" lon="120.3295350">
    <ele>19.4</ele>
    <time>2026-08-17T08:25:07Z</time>
   </trkpt>
   <trkpt lat="22.7381670" lon="120.3295420">
    <ele>19.4</ele>
    <time>2026-08-17T08:25:08Z</time>
   </trkpt>
   <trkpt lat="22.7381530" lon="120.3295510">
    <ele>19.4</ele>
    <time>2026-08-17T08:25:09Z</time>
   </trkpt>
   <trkpt lat="22.7381410" lon="120.3295590">
    <ele>19.4</ele>
    <time>2026-08-17T08:25:10Z</time>
   </trkpt>
   <trkpt lat="22.7381320" lon="120.3295660">
    <ele>19.4</ele>
    <time>2026-08-17T08:25:11Z</time>
   </trkpt>
   <trkpt lat="22.7381270" lon="120.3295800">
    <ele>19.4</ele>
    <time>2026-08-17T08:25:12Z</time>
   </trkpt>
   <trkpt lat="22.7381200" lon="120.3295830">
    <ele>19.4</ele>
    <time>2026-08-17T08:25:13Z</time>
   </trkpt>
   <trkpt lat="22.7381100" lon="120.3295850">
    <ele>19.4</ele>
    <time>2026-08-17T08:25:14Z</time>
   </trkpt>
   <trkpt lat="22.7380970" lon="120.3295860">
    <ele>19.4</ele>
    <time>2026-08-17T08:25:15Z</time>
   </trkpt>
   <trkpt lat="22.7380830" lon="120.3295910">
    <ele>19.4</ele>
    <time>2026-08-17T08:25:16Z</time>
   </trkpt>
   <trkpt lat="22.7380730" lon="120.3296050">
    <ele>19.4</ele>
    <time>2026-08-17T08:25:17Z</time>
   </trkpt>
   <trkpt lat="22.7380660" lon="120.3296210">
    <ele>19.4</ele>
    <time>2026-08-17T08:25:18Z</time>
   </trkpt>
   <trkpt lat="22.7380590" lon="120.3296350">
    <ele>19.5</ele>
    <time>2026-08-17T08:25:19Z</time>
   </trkpt>
   <trkpt lat="22.7380510" lon="120.3296480">
    <ele>19.5</ele>
    <time>2026-08-17T08:25:20Z</time>
   </trkpt>
   <trkpt lat="22.7380400" lon="120.3296570">
    <ele>19.5</ele>
    <time>2026-08-17T08:25:21Z</time>
   </trkpt>
   <trkpt lat="22.7380250" lon="120.3296570">
    <ele>19.5</ele>
    <time>2026-08-17T08:25:22Z</time>
   </trkpt>
   <trkpt lat="22.7380100" lon="120.3296510">
    <ele>19.5</ele>
    <time>2026-08-17T08:25:23Z</time>
   </trkpt>
   <trkpt lat="22.7380040" lon="120.3296440">
    <ele>19.5</ele>
    <time>2026-08-17T08:25:24Z</time>
   </trkpt>
   <trkpt lat="22.7379860" lon="120.3296350">
    <ele>19.5</ele>
    <time>2026-08-17T08:25:25Z</time>
   </trkpt>
   <trkpt lat="22.7379670" lon="120.3296280">
    <ele>19.5</ele>
    <time>2026-08-17T08:25:26Z</time>
   </trkpt>
   <trkpt lat="22.7379510" lon="120.3296250">
    <ele>19.5</ele>
    <time>2026-08-17T08:25:27Z</time>
   </trkpt>
   <trkpt lat="22.7379360" lon="120.3296260">
    <ele>19.5</ele>
    <time>2026-08-17T08:25:28Z</time>
   </trkpt>
   <trkpt lat="22.7379280" lon="120.3296310">
    <ele>19.6</ele>
    <time>2026-08-17T08:25:29Z</time>
   </trkpt>
   <trkpt lat="22.7379100" lon="120.3296450">
    <ele>19.6</ele>
    <time>2026-08-17T08:25:30Z</time>
   </trkpt>
   <trkpt lat="22.7379040" lon="120.3296510">
    <ele>19.6</ele>
    <time>2026-08-17T08:25:32Z</time>
   </trkpt>
   <trkpt lat="22.7378950" lon="120.3296530">
    <ele>19.6</ele>
    <time>2026-08-17T08:25:33Z</time>
   </trkpt>
   <trkpt lat="22.7378860" lon="120.3296570">
    <ele>19.6</ele>
    <time>2026-08-17T08:25:34Z</time>
   </trkpt>
   <trkpt lat="22.7378770" lon="120.3296620">
    <ele>19.6</ele>
    <time>2026-08-17T08:25:35Z</time>
   </trkpt>
   <trkpt lat="22.7378640" lon="120.3296720">
    <ele>19.6</ele>
    <time>2026-08-17T08:25:36Z</time>
   </trkpt>
   <trkpt lat="22.7378530" lon="120.3296820">
    <ele>19.6</ele>
    <time>2026-08-17T08:25:37Z</time>
   </trkpt>
   <trkpt lat="22.7378380" lon="120.3296960">
    <ele>19.6</ele>
    <time>2026-08-17T08:25:38Z</time>
   </trkpt>
   <trkpt lat="22.7378290" lon="120.3297090">
    <ele>19.6</ele>
    <time>2026-08-17T08:25:39Z</time>
   </trkpt>
   <trkpt lat="22.7378230" lon="120.3297200">
    <ele>19.6</ele>
    <time>2026-08-17T08:25:40Z</time>
   </trkpt>
   <trkpt lat="22.7378160" lon="120.3297280">
    <ele>19.6</ele>
    <time>2026-08-17T08:25:41Z</time>
   </trkpt>
   <trkpt lat="22.7378080" lon="120.3297350">
    <ele>19.6</ele>
    <time>2026-08-17T08:25:42Z</time>
   </trkpt>
   <trkpt lat="22.7377980" lon="120.3297390">
    <ele>19.6</ele>
    <time>2026-08-17T08:25:43Z</time>
   </trkpt>
   <trkpt lat="22.7377910" lon="120.3297440">
    <ele>19.7</ele>
    <time>2026-08-17T08:25:44Z</time>
   </trkpt>
   <trkpt lat="22.7377850" lon="120.3297490">
    <ele>19.7</ele>
    <time>2026-08-17T08:25:45Z</time>
   </trkpt>
   <trkpt lat="22.7377760" lon="120.3297580">
    <ele>19.7</ele>
    <time>2026-08-17T08:25:46Z</time>
   </trkpt>
   <trkpt lat="22.7377660" lon="120.3297670">
    <ele>19.7</ele>
    <time>2026-08-17T08:25:47Z</time>
   </trkpt>
   <trkpt lat="22.7377630" lon="120.3297780">
    <ele>19.7</ele>
    <time>2026-08-17T08:25:48Z</time>
   </trkpt>
   <trkpt lat="22.7377590" lon="120.3297880">
    <ele>19.7</ele>
    <time>2026-08-17T08:25:49Z</time>
   </trkpt>
   <trkpt lat="22.7377530" lon="120.3297930">
    <ele>19.7</ele>
    <time>2026-08-17T08:25:50Z</time>
   </trkpt>
   <trkpt lat="22.7377390" lon="120.3298010">
    <ele>19.7</ele>
    <time>2026-08-17T08:25:51Z</time>
   </trkpt>
   <trkpt lat="22.7377320" lon="120.3298030">
    <ele>19.7</ele>
    <time>2026-08-17T08:25:52Z</time>
   </trkpt>
   <trkpt lat="22.7377230" lon="120.3298070">
    <ele>19.7</ele>
    <time>2026-08-17T08:25:53Z</time>
   </trkpt>
   <trkpt lat="22.7377120" lon="120.3298140">
    <ele>19.7</ele>
    <time>2026-08-17T08:25:54Z</time>
   </trkpt>
   <trkpt lat="22.7377030" lon="120.3298160">
    <ele>19.7</ele>
    <time>2026-08-17T08:25:55Z</time>
   </trkpt>
   <trkpt lat="22.7376930" lon="120.3298220">
    <ele>19.7</ele>
    <time>2026-08-17T08:25:56Z</time>
   </trkpt>
   <trkpt lat="22.7376820" lon="120.3298290">
    <ele>19.7</ele>
    <time>2026-08-17T08:25:57Z</time>
   </trkpt>
   <trkpt lat="22.7376650" lon="120.3298360">
    <ele>19.7</ele>
    <time>2026-08-17T08:25:58Z</time>
   </trkpt>
   <trkpt lat="22.7376510" lon="120.3298410">
    <ele>19.7</ele>
    <time>2026-08-17T08:25:59Z</time>
   </trkpt>
   <trkpt lat="22.7376390" lon="120.3298520">
    <ele>19.7</ele>
    <time>2026-08-17T08:26:00Z</time>
   </trkpt>
   <trkpt lat="22.7376280" lon="120.3298610">
    <ele>19.7</ele>
    <time>2026-08-17T08:26:01Z</time>
   </trkpt>
   <trkpt lat="22.7376190" lon="120.3298720">
    <ele>19.7</ele>
    <time>2026-08-17T08:26:02Z</time>
   </trkpt>
   <trkpt lat="22.7376100" lon="120.3298820">
    <ele>19.7</ele>
    <time>2026-08-17T08:26:03Z</time>
   </trkpt>
   <trkpt lat="22.7376030" lon="120.3298910">
    <ele>19.7</ele>
    <time>2026-08-17T08:26:04Z</time>
   </trkpt>
   <trkpt lat="22.7375940" lon="120.3299030">
    <ele>19.7</ele>
    <time>2026-08-17T08:26:05Z</time>
   </trkpt>
   <trkpt lat="22.7375870" lon="120.3299210">
    <ele>19.7</ele>
    <time>2026-08-17T08:26:06Z</time>
   </trkpt>
   <trkpt lat="22.7375790" lon="120.3299450">
    <ele>19.8</ele>
    <time>2026-08-17T08:26:07Z</time>
   </trkpt>
   <trkpt lat="22.7375730" lon="120.3299570">
    <ele>19.8</ele>
    <time>2026-08-17T08:26:09Z</time>
   </trkpt>
   <trkpt lat="22.7375660" lon="120.3299670">
    <ele>19.8</ele>
    <time>2026-08-17T08:26:10Z</time>
   </trkpt>
   <trkpt lat="22.7375600" lon="120.3299750">
    <ele>19.8</ele>
    <time>2026-08-17T08:26:11Z</time>
   </trkpt>
   <trkpt lat="22.7375520" lon="120.3299840">
    <ele>19.8</ele>
    <time>2026-08-17T08:26:12Z</time>
   </trkpt>
   <trkpt lat="22.7375450" lon="120.3299900">
    <ele>19.8</ele>
    <time>2026-08-17T08:26:13Z</time>
   </trkpt>
   <trkpt lat="22.7375390" lon="120.3300040">
    <ele>19.8</ele>
    <time>2026-08-17T08:26:14Z</time>
   </trkpt>
   <trkpt lat="22.7375350" lon="120.3300150">
    <ele>19.8</ele>
    <time>2026-08-17T08:26:15Z</time>
   </trkpt>
   <trkpt lat="22.7375280" lon="120.3300250">
    <ele>19.8</ele>
    <time>2026-08-17T08:26:16Z</time>
   </trkpt>
   <trkpt lat="22.7375190" lon="120.3300300">
    <ele>19.8</ele>
    <time>2026-08-17T08:26:17Z</time>
   </trkpt>
   <trkpt lat="22.7375130" lon="120.3300330">
    <ele>19.8</ele>
    <time>2026-08-17T08:26:18Z</time>
   </trkpt>
   <trkpt lat="22.7375060" lon="120.3300370">
    <ele>19.8</ele>
    <time>2026-08-17T08:26:19Z</time>
   </trkpt>
   <trkpt lat="22.7375010" lon="120.3300400">
    <ele>19.8</ele>
    <time>2026-08-17T08:26:20Z</time>
   </trkpt>
   <trkpt lat="22.7374880" lon="120.3300550">
    <ele>19.8</ele>
    <time>2026-08-17T08:26:21Z</time>
   </trkpt>
   <trkpt lat="22.7374760" lon="120.3300650">
    <ele>19.8</ele>
    <time>2026-08-17T08:26:22Z</time>
   </trkpt>
   <trkpt lat="22.7374640" lon="120.3300750">
    <ele>19.8</ele>
    <time>2026-08-17T08:26:23Z</time>
   </trkpt>
   <trkpt lat="22.7374550" lon="120.3300870">
    <ele>19.8</ele>
    <time>2026-08-17T08:26:24Z</time>
   </trkpt>
   <trkpt lat="22.7374460" lon="120.3300980">
    <ele>19.8</ele>
    <time>2026-08-17T08:26:25Z</time>
   </trkpt>
   <trkpt lat="22.7374370" lon="120.3301060">
    <ele>19.8</ele>
    <time>2026-08-17T08:26:26Z</time>
   </trkpt>
   <trkpt lat="22.7374290" lon="120.3301110">
    <ele>19.8</ele>
    <time>2026-08-17T08:26:27Z</time>
   </trkpt>
   <trkpt lat="22.7374220" lon="120.3301200">
    <ele>19.8</ele>
    <time>2026-08-17T08:26:28Z</time>
   </trkpt>
   <trkpt lat="22.7374160" lon="120.3301300">
    <ele>19.8</ele>
    <time>2026-08-17T08:26:29Z</time>
   </trkpt>
   <trkpt lat="22.7374050" lon="120.3301420">
    <ele>19.8</ele>
    <time>2026-08-17T08:26:30Z</time>
   </trkpt>
   <trkpt lat="22.7373940" lon="120.3301490">
    <ele>19.8</ele>
    <time>2026-08-17T08:26:31Z</time>
   </trkpt>
   <trkpt lat="22.7373840" lon="120.3301570">
    <ele>19.8</ele>
    <time>2026-08-17T08:26:32Z</time>
   </trkpt>
   <trkpt lat="22.7373740" lon="120.3301680">
    <ele>19.8</ele>
    <time>2026-08-17T08:26:33Z</time>
   </trkpt>
   <trkpt lat="22.7373660" lon="120.3301810">
    <ele>19.8</ele>
    <time>2026-08-17T08:26:34Z</time>
   </trkpt>
   <trkpt lat="22.7373600" lon="120.3301890">
    <ele>19.8</ele>
    <time>2026-08-17T08:26:35Z</time>
   </trkpt>
   <trkpt lat="22.7373510" lon="120.3301930">
    <ele>19.8</ele>
    <time>2026-08-17T08:26:36Z</time>
   </trkpt>
   <trkpt lat="22.7373430" lon="120.3301970">
    <ele>19.8</ele>
    <time>2026-08-17T08:26:37Z</time>
   </trkpt>
   <trkpt lat="22.7373340" lon="120.3302010">
    <ele>19.8</ele>
    <time>2026-08-17T08:26:38Z</time>
   </trkpt>
   <trkpt lat="22.7373310" lon="120.3302090">
    <ele>19.8</ele>
    <time>2026-08-17T08:26:39Z</time>
   </trkpt>
   <trkpt lat="22.7373280" lon="120.3302150">
    <ele>19.8</ele>
    <time>2026-08-17T08:26:40Z</time>
   </trkpt>
   <trkpt lat="22.7373030" lon="120.3302290">
    <ele>19.8</ele>
    <time>2026-08-17T08:26:41Z</time>
   </trkpt>
   <trkpt lat="22.7372930" lon="120.3302400">
    <ele>19.8</ele>
    <time>2026-08-17T08:26:43Z</time>
   </trkpt>
   <trkpt lat="22.7372860" lon="120.3302490">
    <ele>19.8</ele>
    <time>2026-08-17T08:26:44Z</time>
   </trkpt>
   <trkpt lat="22.7372790" lon="120.3302570">
    <ele>19.8</ele>
    <time>2026-08-17T08:26:45Z</time>
   </trkpt>
   <trkpt lat="22.7372700" lon="120.3302660">
    <ele>19.8</ele>
    <time>2026-08-17T08:26:46Z</time>
   </trkpt>
   <trkpt lat="22.7372690" lon="120.3302710">
    <ele>19.8</ele>
    <time>2026-08-17T08:26:47Z</time>
   </trkpt>
   <trkpt lat="22.7372680" lon="120.3302740">
    <ele>19.8</ele>
    <time>2026-08-17T08:26:48Z</time>
   </trkpt>
   <trkpt lat="22.7372560" lon="120.3302830">
    <ele>19.8</ele>
    <time>2026-08-17T08:26:49Z</time>
   </trkpt>
   <trkpt lat="22.7372470" lon="120.3302940">
    <ele>19.9</ele>
    <time>2026-08-17T08:26:50Z</time>
   </trkpt>
   <trkpt lat="22.7372350" lon="120.3303070">
    <ele>19.9</ele>
    <time>2026-08-17T08:26:51Z</time>
   </trkpt>
   <trkpt lat="22.7372220" lon="120.3303180">
    <ele>19.9</ele>
    <time>2026-08-17T08:26:52Z</time>
   </trkpt>
   <trkpt lat="22.7372100" lon="120.3303240">
    <ele>19.9</ele>
    <time>2026-08-17T08:26:53Z</time>
   </trkpt>
   <trkpt lat="22.7372030" lon="120.3303250">
    <ele>19.9</ele>
    <time>2026-08-17T08:26:54Z</time>
   </trkpt>
   <trkpt lat="22.7371970" lon="120.3303310">
    <ele>19.9</ele>
    <time>2026-08-17T08:26:55Z</time>
   </trkpt>
   <trkpt lat="22.7371900" lon="120.3303350">
    <ele>19.9</ele>
    <time>2026-08-17T08:26:56Z</time>
   </trkpt>
   <trkpt lat="22.7371830" lon="120.3303380">
    <ele>19.9</ele>
    <time>2026-08-17T08:26:57Z</time>
   </trkpt>
   <trkpt lat="22.7371740" lon="120.3303400">
    <ele>19.9</ele>
    <time>2026-08-17T08:26:58Z</time>
   </trkpt>
   <trkpt lat="22.7371660" lon="120.3303420">
    <ele>19.9</ele>
    <time>2026-08-17T08:26:59Z</time>
   </trkpt>
   <trkpt lat="22.7371570" lon="120.3303470">
    <ele>19.9</ele>
    <time>2026-08-17T08:27:00Z</time>
   </trkpt>
   <trkpt lat="22.7371470" lon="120.3303530">
    <ele>19.9</ele>
    <time>2026-08-17T08:27:01Z</time>
   </trkpt>
   <trkpt lat="22.7371360" lon="120.3303600">
    <ele>19.9</ele>
    <time>2026-08-17T08:27:02Z</time>
   </trkpt>
   <trkpt lat="22.7371250" lon="120.3303690">
    <ele>19.9</ele>
    <time>2026-08-17T08:27:03Z</time>
   </trkpt>
   <trkpt lat="22.7371150" lon="120.3303750">
    <ele>19.9</ele>
    <time>2026-08-17T08:27:04Z</time>
   </trkpt>
   <trkpt lat="22.7371060" lon="120.3303810">
    <ele>19.9</ele>
    <time>2026-08-17T08:27:05Z</time>
   </trkpt>
   <trkpt lat="22.7370990" lon="120.3303880">
    <ele>19.9</ele>
    <time>2026-08-17T08:27:06Z</time>
   </trkpt>
   <trkpt lat="22.7370930" lon="120.3303980">
    <ele>19.9</ele>
    <time>2026-08-17T08:27:07Z</time>
   </trkpt>
   <trkpt lat="22.7370860" lon="120.3304080">
    <ele>19.9</ele>
    <time>2026-08-17T08:27:08Z</time>
   </trkpt>
   <trkpt lat="22.7370770" lon="120.3304190">
    <ele>20.0</ele>
    <time>2026-08-17T08:27:09Z</time>
   </trkpt>
   <trkpt lat="22.7370690" lon="120.3304270">
    <ele>20.0</ele>
    <time>2026-08-17T08:27:10Z</time>
   </trkpt>
   <trkpt lat="22.7370590" lon="120.3304340">
    <ele>20.0</ele>
    <time>2026-08-17T08:27:11Z</time>
   </trkpt>
   <trkpt lat="22.7370480" lon="120.3304420">
    <ele>19.9</ele>
    <time>2026-08-17T08:27:12Z</time>
   </trkpt>
   <trkpt lat="22.7370420" lon="120.3304470">
    <ele>19.9</ele>
    <time>2026-08-17T08:27:13Z</time>
   </trkpt>
   <trkpt lat="22.7370300" lon="120.3304500">
    <ele>19.9</ele>
    <time>2026-08-17T08:27:14Z</time>
   </trkpt>
   <trkpt lat="22.7370220" lon="120.3304510">
    <ele>19.9</ele>
    <time>2026-08-17T08:27:15Z</time>
   </trkpt>
   <trkpt lat="22.7370130" lon="120.3304520">
    <ele>19.9</ele>
    <time>2026-08-17T08:27:16Z</time>
   </trkpt>
   <trkpt lat="22.7370020" lon="120.3304520">
    <ele>19.9</ele>
    <time>2026-08-17T08:27:17Z</time>
   </trkpt>
   <trkpt lat="22.7369880" lon="120.3304500">
    <ele>19.9</ele>
    <time>2026-08-17T08:27:18Z</time>
   </trkpt>
   <trkpt lat="22.7369820" lon="120.3304400">
    <ele>19.9</ele>
    <time>2026-08-17T08:27:19Z</time>
   </trkpt>
   <trkpt lat="22.7369730" lon="120.3304330">
    <ele>19.9</ele>
    <time>2026-08-17T08:27:20Z</time>
   </trkpt>
   <trkpt lat="22.7369640" lon="120.3304270">
    <ele>19.9</ele>
    <time>2026-08-17T08:27:21Z</time>
   </trkpt>
   <trkpt lat="22.7369570" lon="120.3304190">
    <ele>19.9</ele>
    <time>2026-08-17T08:27:22Z</time>
   </trkpt>
   <trkpt lat="22.7369490" lon="120.3304140">
    <ele>19.9</ele>
    <time>2026-08-17T08:27:23Z</time>
   </trkpt>
   <trkpt lat="22.7369350" lon="120.3304000">
    <ele>19.9</ele>
    <time>2026-08-17T08:27:24Z</time>
   </trkpt>
   <trkpt lat="22.7369230" lon="120.3303840">
    <ele>19.9</ele>
    <time>2026-08-17T08:27:25Z</time>
   </trkpt>
   <trkpt lat="22.7369200" lon="120.3303740">
    <ele>19.9</ele>
    <time>2026-08-17T08:27:26Z</time>
   </trkpt>
   <trkpt lat="22.7369100" lon="120.3303640">
    <ele>19.9</ele>
    <time>2026-08-17T08:27:27Z</time>
   </trkpt>
   <trkpt lat="22.7369000" lon="120.3303580">
    <ele>19.9</ele>
    <time>2026-08-17T08:27:28Z</time>
   </trkpt>
   <trkpt lat="22.7368890" lon="120.3303500">
    <ele>19.9</ele>
    <time>2026-08-17T08:27:29Z</time>
   </trkpt>
   <trkpt lat="22.7368790" lon="120.3303430">
    <ele>19.9</ele>
    <time>2026-08-17T08:27:30Z</time>
   </trkpt>
   <trkpt lat="22.7368730" lon="120.3303340">
    <ele>19.9</ele>
    <time>2026-08-17T08:27:31Z</time>
   </trkpt>
   <trkpt lat="22.7368670" lon="120.3303330">
    <ele>19.9</ele>
    <time>2026-08-17T08:27:32Z</time>
   </trkpt>
   <trkpt lat="22.7368590" lon="120.3303260">
    <ele>19.9</ele>
    <time>2026-08-17T08:27:33Z</time>
   </trkpt>
   <trkpt lat="22.7368520" lon="120.3303210">
    <ele>19.9</ele>
    <time>2026-08-17T08:27:34Z</time>
   </trkpt>
   <trkpt lat="22.7368420" lon="120.3303140">
    <ele>19.9</ele>
    <time>2026-08-17T08:27:35Z</time>
   </trkpt>
   <trkpt lat="22.7368290" lon="120.3303070">
    <ele>19.9</ele>
    <time>2026-08-17T08:27:36Z</time>
   </trkpt>
   <trkpt lat="22.7368110" lon="120.3303060">
    <ele>19.9</ele>
    <time>2026-08-17T08:27:37Z</time>
   </trkpt>
   <trkpt lat="22.7368070" lon="120.3303070">
    <ele>19.9</ele>
    <time>2026-08-17T08:27:38Z</time>
   </trkpt>
   <trkpt lat="22.7367980" lon="120.3302970">
    <ele>19.9</ele>
    <time>2026-08-17T08:27:39Z</time>
   </trkpt>
   <trkpt lat="22.7367900" lon="120.3302720">
    <ele>19.9</ele>
    <time>2026-08-17T08:27:40Z</time>
   </trkpt>
   <trkpt lat="22.7367860" lon="120.3302520">
    <ele>19.9</ele>
    <time>2026-08-17T08:27:41Z</time>
   </trkpt>
   <trkpt lat="22.7367900" lon="120.3302330">
    <ele>19.9</ele>
    <time>2026-08-17T08:27:42Z</time>
   </trkpt>
   <trkpt lat="22.7367960" lon="120.3302160">
    <ele>19.9</ele>
    <time>2026-08-17T08:27:43Z</time>
   </trkpt>
   <trkpt lat="22.7367980" lon="120.3302000">
    <ele>19.9</ele>
    <time>2026-08-17T08:27:44Z</time>
   </trkpt>
   <trkpt lat="22.7367960" lon="120.3301870">
    <ele>19.9</ele>
    <time>2026-08-17T08:27:45Z</time>
   </trkpt>
   <trkpt lat="22.7367930" lon="120.3301740">
    <ele>19.9</ele>
    <time>2026-08-17T08:27:46Z</time>
   </trkpt>
   <trkpt lat="22.7367900" lon="120.3301620">
    <ele>19.9</ele>
    <time>2026-08-17T08:27:47Z</time>
   </trkpt>
   <trkpt lat="22.7367850" lon="120.3301480">
    <ele>19.9</ele>
    <time>2026-08-17T08:27:48Z</time>
   </trkpt>
   <trkpt lat="22.7367790" lon="120.3301330">
    <ele>19.9</ele>
    <time>2026-08-17T08:27:49Z</time>
   </trkpt>
   <trkpt lat="22.7367770" lon="120.3300940">
    <ele>19.9</ele>
    <time>2026-08-17T08:27:50Z</time>
   </trkpt>
   <trkpt lat="22.7367860" lon="120.3300830">
    <ele>19.9</ele>
    <time>2026-08-17T08:27:52Z</time>
   </trkpt>
   <trkpt lat="22.7367970" lon="120.3300790">
    <ele>19.9</ele>
    <time>2026-08-17T08:27:53Z</time>
   </trkpt>
   <trkpt lat="22.7367870" lon="120.3300770">
    <ele>19.9</ele>
    <time>2026-08-17T08:27:54Z</time>
   </trkpt>
   <trkpt lat="22.7367830" lon="120.3300760">
    <ele>19.9</ele>
    <time>2026-08-17T08:27:55Z</time>
   </trkpt>
   <trkpt lat="22.7367800" lon="120.3300770">
    <ele>19.9</ele>
    <time>2026-08-17T08:27:56Z</time>
   </trkpt>
   <trkpt lat="22.7367790" lon="120.3300780">
    <ele>19.9</ele>
    <time>2026-08-17T08:27:57Z</time>
   </trkpt>
   <trkpt lat="22.7367790" lon="120.3300780">
    <ele>19.9</ele>
    <time>2026-08-17T08:27:58Z</time>
   </trkpt>
   <trkpt lat="22.7367750" lon="120.3300810">
    <ele>19.9</ele>
    <time>2026-08-17T08:27:59Z</time>
   </trkpt>
   <trkpt lat="22.7367740" lon="120.3300810">
    <ele>19.9</ele>
    <time>2026-08-17T08:28:00Z</time>
   </trkpt>
   <trkpt lat="22.7367740" lon="120.3300820">
    <ele>19.9</ele>
    <time>2026-08-17T08:28:01Z</time>
   </trkpt>
   <trkpt lat="22.7367730" lon="120.3300820">
    <ele>19.9</ele>
    <time>2026-08-17T08:28:02Z</time>
   </trkpt>
   <trkpt lat="22.7367730" lon="120.3300810">
    <ele>19.9</ele>
    <time>2026-08-17T08:28:03Z</time>
   </trkpt>
   <trkpt lat="22.7367720" lon="120.3300820">
    <ele>19.9</ele>
    <time>2026-08-17T08:28:04Z</time>
   </trkpt>
   <trkpt lat="22.7367660" lon="120.3300870">
    <ele>19.9</ele>
    <time>2026-08-17T08:28:05Z</time>
   </trkpt>
   <trkpt lat="22.7367630" lon="120.3300900">
    <ele>19.9</ele>
    <time>2026-08-17T08:28:06Z</time>
   </trkpt>
   <trkpt lat="22.7367630" lon="120.3300910">
    <ele>19.9</ele>
    <time>2026-08-17T08:28:07Z</time>
   </trkpt>
   <trkpt lat="22.7367620" lon="120.3300920">
    <ele>19.9</ele>
    <time>2026-08-17T08:28:08Z</time>
   </trkpt>
   <trkpt lat="22.7367620" lon="120.3300930">
    <ele>19.9</ele>
    <time>2026-08-17T08:28:09Z</time>
   </trkpt>
   <trkpt lat="22.7367610" lon="120.3300940">
    <ele>19.9</ele>
    <time>2026-08-17T08:28:10Z</time>
   </trkpt>
   <trkpt lat="22.7367600" lon="120.3300950">
    <ele>19.9</ele>
    <time>2026-08-17T08:28:11Z</time>
   </trkpt>
   <trkpt lat="22.7367560" lon="120.3301000">
    <ele>19.9</ele>
    <time>2026-08-17T08:28:12Z</time>
   </trkpt>
   <trkpt lat="22.7367540" lon="120.3301040">
    <ele>19.9</ele>
    <time>2026-08-17T08:28:13Z</time>
   </trkpt>
   <trkpt lat="22.7367530" lon="120.3301070">
    <ele>19.9</ele>
    <time>2026-08-17T08:28:14Z</time>
   </trkpt>
   <trkpt lat="22.7367510" lon="120.3301090">
    <ele>19.9</ele>
    <time>2026-08-17T08:28:15Z</time>
   </trkpt>
   <trkpt lat="22.7367490" lon="120.3301120">
    <ele>19.9</ele>
    <time>2026-08-17T08:28:16Z</time>
   </trkpt>
   <trkpt lat="22.7367480" lon="120.3301140">
    <ele>19.9</ele>
    <time>2026-08-17T08:28:17Z</time>
   </trkpt>
   <trkpt lat="22.7367460" lon="120.3301160">
    <ele>19.9</ele>
    <time>2026-08-17T08:28:18Z</time>
   </trkpt>
   <trkpt lat="22.7367400" lon="120.3301230">
    <ele>19.9</ele>
    <time>2026-08-17T08:28:19Z</time>
   </trkpt>
   <trkpt lat="22.7367380" lon="120.3301260">
    <ele>19.9</ele>
    <time>2026-08-17T08:28:20Z</time>
   </trkpt>
   <trkpt lat="22.7367320" lon="120.3301340">
    <ele>19.9</ele>
    <time>2026-08-17T08:28:21Z</time>
   </trkpt>
   <trkpt lat="22.7367310" lon="120.3301360">
    <ele>19.9</ele>
    <time>2026-08-17T08:28:23Z</time>
   </trkpt>
   <trkpt lat="22.7367300" lon="120.3301370">
    <ele>19.9</ele>
    <time>2026-08-17T08:28:24Z</time>
   </trkpt>
   <trkpt lat="22.7367240" lon="120.3301420">
    <ele>19.9</ele>
    <time>2026-08-17T08:28:25Z</time>
   </trkpt>
   <trkpt lat="22.7367210" lon="120.3301440">
    <ele>19.9</ele>
    <time>2026-08-17T08:28:26Z</time>
   </trkpt>
   <trkpt lat="22.7367200" lon="120.3301440">
    <ele>19.9</ele>
    <time>2026-08-17T08:28:27Z</time>
   </trkpt>
   <trkpt lat="22.7367190" lon="120.3301440">
    <ele>19.9</ele>
    <time>2026-08-17T08:28:28Z</time>
   </trkpt>
   <trkpt lat="22.7367180" lon="120.3301430">
    <ele>19.9</ele>
    <time>2026-08-17T08:28:29Z</time>
   </trkpt>
   <trkpt lat="22.7366340" lon="120.3300840">
    <ele>19.9</ele>
    <time>2026-08-17T08:28:31Z</time>
   </trkpt>
   <trkpt lat="22.7365910" lon="120.3300370">
    <ele>19.9</ele>
    <time>2026-08-17T08:28:32Z</time>
   </trkpt>
   <trkpt lat="22.7365390" lon="120.3299970">
    <ele>20.0</ele>
    <time>2026-08-17T08:28:33Z</time>
   </trkpt>
   <trkpt lat="22.7364820" lon="120.3299480">
    <ele>20.0</ele>
    <time>2026-08-17T08:28:34Z</time>
   </trkpt>
   <trkpt lat="22.7364210" lon="120.3298970">
    <ele>20.0</ele>
    <time>2026-08-17T08:28:35Z</time>
   </trkpt>
   <trkpt lat="22.7363790" lon="120.3298530">
    <ele>19.9</ele>
    <time>2026-08-17T08:28:36Z</time>
   </trkpt>
   <trkpt lat="22.7363230" lon="120.3298190">
    <ele>19.9</ele>
    <time>2026-08-17T08:28:37Z</time>
   </trkpt>
   <trkpt lat="22.7362400" lon="120.3297770">
    <ele>19.8</ele>
    <time>2026-08-17T08:28:38Z</time>
   </trkpt>
   <trkpt lat="22.7361470" lon="120.3297420">
    <ele>19.7</ele>
    <time>2026-08-17T08:28:39Z</time>
   </trkpt>
   <trkpt lat="22.7360490" lon="120.3297030">
    <ele>19.4</ele>
    <time>2026-08-17T08:28:40Z</time>
   </trkpt>
   <trkpt lat="22.7359510" lon="120.3296620">
    <ele>19.7</ele>
    <time>2026-08-17T08:28:41Z</time>
   </trkpt>
   <trkpt lat="22.7358520" lon="120.3296230">
    <ele>19.8</ele>
    <time>2026-08-17T08:28:42Z</time>
   </trkpt>
   <trkpt lat="22.7357520" lon="120.3295800">
    <ele>19.9</ele>
    <time>2026-08-17T08:28:43Z</time>
   </trkpt>
   <trkpt lat="22.7356440" lon="120.3295340">
    <ele>20.0</ele>
    <time>2026-08-17T08:28:44Z</time>
   </trkpt>
   <trkpt lat="22.7355380" lon="120.3294940">
    <ele>20.0</ele>
    <time>2026-08-17T08:28:45Z</time>
   </trkpt>
   <trkpt lat="22.7354340" lon="120.3294630">
    <ele>19.9</ele>
    <time>2026-08-17T08:28:46Z</time>
   </trkpt>
   <trkpt lat="22.7353400" lon="120.3294300">
    <ele>19.9</ele>
    <time>2026-08-17T08:28:47Z</time>
   </trkpt>
   <trkpt lat="22.7352530" lon="120.3293870">
    <ele>19.9</ele>
    <time>2026-08-17T08:28:48Z</time>
   </trkpt>
   <trkpt lat="22.7351680" lon="120.3293470">
    <ele>19.9</ele>
    <time>2026-08-17T08:28:49Z</time>
   </trkpt>
   <trkpt lat="22.7350890" lon="120.3293070">
    <ele>19.9</ele>
    <time>2026-08-17T08:28:50Z</time>
   </trkpt>
   <trkpt lat="22.7350120" lon="120.3292790">
    <ele>20.0</ele>
    <time>2026-08-17T08:28:51Z</time>
   </trkpt>
   <trkpt lat="22.7349500" lon="120.3292560">
    <ele>20.0</ele>
    <time>2026-08-17T08:28:52Z</time>
   </trkpt>
   <trkpt lat="22.7349090" lon="120.3292370">
    <ele>20.0</ele>
    <time>2026-08-17T08:28:53Z</time>
   </trkpt>
   <trkpt lat="22.7348790" lon="120.3292260">
    <ele>20.0</ele>
    <time>2026-08-17T08:28:54Z</time>
   </trkpt>
   <trkpt lat="22.7348590" lon="120.3292210">
    <ele>20.0</ele>
    <time>2026-08-17T08:28:55Z</time>
   </trkpt>
   <trkpt lat="22.7348560" lon="120.3292230">
    <ele>20.0</ele>
    <time>2026-08-17T08:28:56Z</time>
   </trkpt>
   <trkpt lat="22.7348660" lon="120.3292280">
    <ele>20.0</ele>
    <time>2026-08-17T08:28:57Z</time>
   </trkpt>
   <trkpt lat="22.7348710" lon="120.3292210">
    <ele>20.0</ele>
    <time>2026-08-17T08:28:58Z</time>
   </trkpt>
   <trkpt lat="22.7348590" lon="120.3292260">
    <ele>20.0</ele>
    <time>2026-08-17T08:28:59Z</time>
   </trkpt>
   <trkpt lat="22.7348530" lon="120.3292310">
    <ele>20.0</ele>
    <time>2026-08-17T08:29:00Z</time>
   </trkpt>
   <trkpt lat="22.7348440" lon="120.3292330">
    <ele>20.0</ele>
    <time>2026-08-17T08:29:01Z</time>
   </trkpt>
   <trkpt lat="22.7348450" lon="120.3292340">
    <ele>20.0</ele>
    <time>2026-08-17T08:29:02Z</time>
   </trkpt>
   <trkpt lat="22.7348450" lon="120.3292350">
    <ele>20.0</ele>
    <time>2026-08-17T08:29:03Z</time>
   </trkpt>
   <trkpt lat="22.7348440" lon="120.3292350">
    <ele>20.0</ele>
    <time>2026-08-17T08:29:04Z</time>
   </trkpt>
   <trkpt lat="22.7348440" lon="120.3292350">
    <ele>20.0</ele>
    <time>2026-08-17T08:29:05Z</time>
   </trkpt>
   <trkpt lat="22.7348440" lon="120.3292350">
    <ele>20.0</ele>
    <time>2026-08-17T08:29:06Z</time>
   </trkpt>
   <trkpt lat="22.7348440" lon="120.3292350">
    <ele>20.0</ele>
    <time>2026-08-17T08:29:07Z</time>
   </trkpt>
   <trkpt lat="22.7348440" lon="120.3292360">
    <ele>20.0</ele>
    <time>2026-08-17T08:29:08Z</time>
   </trkpt>
   <trkpt lat="22.7348430" lon="120.3292360">
    <ele>20.0</ele>
    <time>2026-08-17T08:29:09Z</time>
   </trkpt>
   <trkpt lat="22.7348430" lon="120.3292360">
    <ele>20.0</ele>
    <time>2026-08-17T08:29:10Z</time>
   </trkpt>
   <trkpt lat="22.7348430" lon="120.3292360">
    <ele>20.0</ele>
    <time>2026-08-17T08:29:11Z</time>
   </trkpt>
   <trkpt lat="22.7348430" lon="120.3292370">
    <ele>20.0</ele>
    <time>2026-08-17T08:29:12Z</time>
   </trkpt>
   <trkpt lat="22.7348420" lon="120.3292370">
    <ele>20.0</ele>
    <time>2026-08-17T08:29:13Z</time>
   </trkpt>
   <trkpt lat="22.7348420" lon="120.3292370">
    <ele>20.0</ele>
    <time>2026-08-17T08:29:14Z</time>
   </trkpt>
   <trkpt lat="22.7348420" lon="120.3292370">
    <ele>20.0</ele>
    <time>2026-08-17T08:29:15Z</time>
   </trkpt>
   <trkpt lat="22.7348420" lon="120.3292370">
    <ele>20.0</ele>
    <time>2026-08-17T08:29:16Z</time>
   </trkpt>
   <trkpt lat="22.7348420" lon="120.3292370">
    <ele>20.0</ele>
    <time>2026-08-17T08:29:17Z</time>
   </trkpt>
   <trkpt lat="22.7348420" lon="120.3292370">
    <ele>20.0</ele>
    <time>2026-08-17T08:29:18Z</time>
   </trkpt>
   <trkpt lat="22.7348410" lon="120.3292370">
    <ele>20.0</ele>
    <time>2026-08-17T08:29:19Z</time>
   </trkpt>
   <trkpt lat="22.7348410" lon="120.3292370">
    <ele>20.0</ele>
    <time>2026-08-17T08:29:20Z</time>
   </trkpt>
   <trkpt lat="22.7348410" lon="120.3292370">
    <ele>20.0</ele>
    <time>2026-08-17T08:29:21Z</time>
   </trkpt>
   <trkpt lat="22.7348410" lon="120.3292370">
    <ele>20.0</ele>
    <time>2026-08-17T08:29:22Z</time>
   </trkpt>
   <trkpt lat="22.7348410" lon="120.3292370">
    <ele>20.0</ele>
    <time>2026-08-17T08:29:23Z</time>
   </trkpt>
   <trkpt lat="22.7348410" lon="120.3292370">
    <ele>20.0</ele>
    <time>2026-08-17T08:29:24Z</time>
   </trkpt>
   <trkpt lat="22.7348410" lon="120.3292370">
    <ele>20.0</ele>
    <time>2026-08-17T08:29:25Z</time>
   </trkpt>
   <trkpt lat="22.7348410" lon="120.3292370">
    <ele>20.0</ele>
    <time>2026-08-17T08:29:26Z</time>
   </trkpt>
   <trkpt lat="22.7348410" lon="120.3292370">
    <ele>20.0</ele>
    <time>2026-08-17T08:29:27Z</time>
   </trkpt>
   <trkpt lat="22.7348380" lon="120.3292390">
    <ele>20.0</ele>
    <time>2026-08-17T08:29:28Z</time>
   </trkpt>
   <trkpt lat="22.7348310" lon="120.3292350">
    <ele>20.0</ele>
    <time>2026-08-17T08:29:29Z</time>
   </trkpt>
   <trkpt lat="22.7348120" lon="120.3292290">
    <ele>20.0</ele>
    <time>2026-08-17T08:29:30Z</time>
   </trkpt>
   <trkpt lat="22.7347410" lon="120.3292160">
    <ele>20.1</ele>
    <time>2026-08-17T08:29:32Z</time>
   </trkpt>
   <trkpt lat="22.7346810" lon="120.3292240">
    <ele>20.1</ele>
    <time>2026-08-17T08:29:33Z</time>
   </trkpt>
   <trkpt lat="22.7346090" lon="120.3292550">
    <ele>20.1</ele>
    <time>2026-08-17T08:29:34Z</time>
   </trkpt>
   <trkpt lat="22.7345390" lon="120.3292970">
    <ele>20.2</ele>
    <time>2026-08-17T08:29:35Z</time>
   </trkpt>
   <trkpt lat="22.7344700" lon="120.3293730">
    <ele>20.2</ele>
    <time>2026-08-17T08:29:36Z</time>
   </trkpt>
   <trkpt lat="22.7344100" lon="120.3294690">
    <ele>20.2</ele>
    <time>2026-08-17T08:29:37Z</time>
   </trkpt>
   <trkpt lat="22.7343490" lon="120.3295670">
    <ele>20.2</ele>
    <time>2026-08-17T08:29:38Z</time>
   </trkpt>
   <trkpt lat="22.7342830" lon="120.3296690">
    <ele>20.2</ele>
    <time>2026-08-17T08:29:39Z</time>
   </trkpt>
   <trkpt lat="22.7342150" lon="120.3297770">
    <ele>20.2</ele>
    <time>2026-08-17T08:29:40Z</time>
   </trkpt>
   <trkpt lat="22.7341490" lon="120.3298930">
    <ele>20.2</ele>
    <time>2026-08-17T08:29:41Z</time>
   </trkpt>
   <trkpt lat="22.7340810" lon="120.3300140">
    <ele>20.3</ele>
    <time>2026-08-17T08:29:42Z</time>
   </trkpt>
   <trkpt lat="22.7340050" lon="120.3301370">
    <ele>20.3</ele>
    <time>2026-08-17T08:29:43Z</time>
   </trkpt>
   <trkpt lat="22.7339310" lon="120.3302630">
    <ele>20.4</ele>
    <time>2026-08-17T08:29:44Z</time>
   </trkpt>
   <trkpt lat="22.7338540" lon="120.3303890">
    <ele>20.4</ele>
    <time>2026-08-17T08:29:45Z</time>
   </trkpt>
   <trkpt lat="22.7337770" lon="120.3305160">
    <ele>20.4</ele>
    <time>2026-08-17T08:29:46Z</time>
   </trkpt>
   <trkpt lat="22.7336960" lon="120.3306430">
    <ele>20.4</ele>
    <time>2026-08-17T08:29:47Z</time>
   </trkpt>
   <trkpt lat="22.7336150" lon="120.3307670">
    <ele>20.5</ele>
    <time>2026-08-17T08:29:48Z</time>
   </trkpt>
   <trkpt lat="22.7335340" lon="120.3308700">
    <ele>20.5</ele>
    <time>2026-08-17T08:29:49Z</time>
   </trkpt>
   <trkpt lat="22.7334610" lon="120.3309400">
    <ele>20.5</ele>
    <time>2026-08-17T08:29:50Z</time>
   </trkpt>
   <trkpt lat="22.7334180" lon="120.3309810">
    <ele>20.5</ele>
    <time>2026-08-17T08:29:51Z</time>
   </trkpt>
   <trkpt lat="22.7333940" lon="120.3310020">
    <ele>20.5</ele>
    <time>2026-08-17T08:29:52Z</time>
   </trkpt>
   <trkpt lat="22.7333810" lon="120.3310120">
    <ele>20.5</ele>
    <time>2026-08-17T08:29:53Z</time>
   </trkpt>
   <trkpt lat="22.7333720" lon="120.3310210">
    <ele>20.5</ele>
    <time>2026-08-17T08:29:54Z</time>
   </trkpt>
   <trkpt lat="22.7333650" lon="120.3310280">
    <ele>20.5</ele>
    <time>2026-08-17T08:29:55Z</time>
   </trkpt>
   <trkpt lat="22.7333570" lon="120.3310350">
    <ele>20.5</ele>
    <time>2026-08-17T08:29:56Z</time>
   </trkpt>
   <trkpt lat="22.7333450" lon="120.3310440">
    <ele>20.5</ele>
    <time>2026-08-17T08:29:57Z</time>
   </trkpt>
   <trkpt lat="22.7333210" lon="120.3310600">
    <ele>20.4</ele>
    <time>2026-08-17T08:29:58Z</time>
   </trkpt>
   <trkpt lat="22.7332810" lon="120.3310950">
    <ele>20.3</ele>
    <time>2026-08-17T08:29:59Z</time>
   </trkpt>
   <trkpt lat="22.7332240" lon="120.3311530">
    <ele>20.3</ele>
    <time>2026-08-17T08:30:00Z</time>
   </trkpt>
   <trkpt lat="22.7331650" lon="120.3312090">
    <ele>20.3</ele>
    <time>2026-08-17T08:30:01Z</time>
   </trkpt>
   <trkpt lat="22.7331000" lon="120.3312670">
    <ele>20.3</ele>
    <time>2026-08-17T08:30:02Z</time>
   </trkpt>
   <trkpt lat="22.7330280" lon="120.3313280">
    <ele>20.3</ele>
    <time>2026-08-17T08:30:03Z</time>
   </trkpt>
   <trkpt lat="22.7329480" lon="120.3313920">
    <ele>20.4</ele>
    <time>2026-08-17T08:30:04Z</time>
   </trkpt>
   <trkpt lat="22.7328640" lon="120.3314600">
    <ele>20.4</ele>
    <time>2026-08-17T08:30:05Z</time>
   </trkpt>
   <trkpt lat="22.7327900" lon="120.3315240">
    <ele>20.4</ele>
    <time>2026-08-17T08:30:06Z</time>
   </trkpt>
   <trkpt lat="22.7327200" lon="120.3315820">
    <ele>20.4</ele>
    <time>2026-08-17T08:30:07Z</time>
   </trkpt>
   <trkpt lat="22.7326600" lon="120.3316310">
    <ele>20.5</ele>
    <time>2026-08-17T08:30:08Z</time>
   </trkpt>
   <trkpt lat="22.7326050" lon="120.3316480">
    <ele>20.5</ele>
    <time>2026-08-17T08:30:09Z</time>
   </trkpt>
   <trkpt lat="22.7325500" lon="120.3316210">
    <ele>20.5</ele>
    <time>2026-08-17T08:30:10Z</time>
   </trkpt>
   <trkpt lat="22.7324890" lon="120.3315550">
    <ele>20.5</ele>
    <time>2026-08-17T08:30:11Z</time>
   </trkpt>
   <trkpt lat="22.7324240" lon="120.3314780">
    <ele>20.6</ele>
    <time>2026-08-17T08:30:12Z</time>
   </trkpt>
   <trkpt lat="22.7323520" lon="120.3313980">
    <ele>20.6</ele>
    <time>2026-08-17T08:30:13Z</time>
   </trkpt>
   <trkpt lat="22.7322790" lon="120.3313230">
    <ele>20.7</ele>
    <time>2026-08-17T08:30:14Z</time>
   </trkpt>
   <trkpt lat="22.7321990" lon="120.3312480">
    <ele>20.7</ele>
    <time>2026-08-17T08:30:15Z</time>
   </trkpt>
   <trkpt lat="22.7321250" lon="120.3311680">
    <ele>20.8</ele>
    <time>2026-08-17T08:30:16Z</time>
   </trkpt>
   <trkpt lat="22.7320570" lon="120.3310880">
    <ele>20.8</ele>
    <time>2026-08-17T08:30:17Z</time>
   </trkpt>
   <trkpt lat="22.7319870" lon="120.3310130">
    <ele>20.9</ele>
    <time>2026-08-17T08:30:18Z</time>
   </trkpt>
   <trkpt lat="22.7319160" lon="120.3309400">
    <ele>21.0</ele>
    <time>2026-08-17T08:30:19Z</time>
   </trkpt>
   <trkpt lat="22.7318440" lon="120.3308650">
    <ele>22.4</ele>
    <time>2026-08-17T08:30:20Z</time>
   </trkpt>
   <trkpt lat="22.7317770" lon="120.3307940">
    <ele>23.6</ele>
    <time>2026-08-17T08:30:21Z</time>
   </trkpt>
   <trkpt lat="22.7317180" lon="120.3307320">
    <ele>24.7</ele>
    <time>2026-08-17T08:30:22Z</time>
   </trkpt>
   <trkpt lat="22.7316710" lon="120.3306780">
    <ele>25.6</ele>
    <time>2026-08-17T08:30:23Z</time>
   </trkpt>
   <trkpt lat="22.7316390" lon="120.3306390">
    <ele>26.3</ele>
    <time>2026-08-17T08:30:24Z</time>
   </trkpt>
   <trkpt lat="22.7316190" lon="120.3306100">
    <ele>26.7</ele>
    <time>2026-08-17T08:30:25Z</time>
   </trkpt>
   <trkpt lat="22.7315860" lon="120.3305830">
    <ele>27.0</ele>
    <time>2026-08-17T08:30:26Z</time>
   </trkpt>
   <trkpt lat="22.7315470" lon="120.3305740">
    <ele>27.1</ele>
    <time>2026-08-17T08:30:27Z</time>
   </trkpt>
   <trkpt lat="22.7315100" lon="120.3305950">
    <ele>27.1</ele>
    <time>2026-08-17T08:30:28Z</time>
   </trkpt>
   <trkpt lat="22.7314780" lon="120.3306450">
    <ele>27.2</ele>
    <time>2026-08-17T08:30:29Z</time>
   </trkpt>
   <trkpt lat="22.7314250" lon="120.3306920">
    <ele>27.2</ele>
    <time>2026-08-17T08:30:30Z</time>
   </trkpt>
   <trkpt lat="22.7313480" lon="120.3307300">
    <ele>27.4</ele>
    <time>2026-08-17T08:30:31Z</time>
   </trkpt>
   <trkpt lat="22.7312710" lon="120.3307720">
    <ele>27.6</ele>
    <time>2026-08-17T08:30:32Z</time>
   </trkpt>
   <trkpt lat="22.7311890" lon="120.3308160">
    <ele>27.8</ele>
    <time>2026-08-17T08:30:33Z</time>
   </trkpt>
   <trkpt lat="22.7311100" lon="120.3308580">
    <ele>28.1</ele>
    <time>2026-08-17T08:30:34Z</time>
   </trkpt>
   <trkpt lat="22.7310380" lon="120.3308960">
    <ele>28.3</ele>
    <time>2026-08-17T08:30:35Z</time>
   </trkpt>
   <trkpt lat="22.7309750" lon="120.3309320">
    <ele>28.5</ele>
    <time>2026-08-17T08:30:36Z</time>
   </trkpt>
   <trkpt lat="22.7309190" lon="120.3309650">
    <ele>28.7</ele>
    <time>2026-08-17T08:30:37Z</time>
   </trkpt>
   <trkpt lat="22.7308750" lon="120.3309920">
    <ele>28.8</ele>
    <time>2026-08-17T08:30:38Z</time>
   </trkpt>
   <trkpt lat="22.7308420" lon="120.3310130">
    <ele>28.9</ele>
    <time>2026-08-17T08:30:39Z</time>
   </trkpt>
   <trkpt lat="22.7308000" lon="120.3310380">
    <ele>28.6</ele>
    <time>2026-08-17T08:30:40Z</time>
   </trkpt>
   <trkpt lat="22.7307430" lon="120.3310680">
    <ele>28.0</ele>
    <time>2026-08-17T08:30:41Z</time>
   </trkpt>
   <trkpt lat="22.7306770" lon="120.3311010">
    <ele>27.4</ele>
    <time>2026-08-17T08:30:42Z</time>
   </trkpt>
   <trkpt lat="22.7306050" lon="120.3311370">
    <ele>26.8</ele>
    <time>2026-08-17T08:30:43Z</time>
   </trkpt>
   <trkpt lat="22.7305330" lon="120.3311770">
    <ele>26.3</ele>
    <time>2026-08-17T08:30:44Z</time>
   </trkpt>
   <trkpt lat="22.7304600" lon="120.3312160">
    <ele>25.7</ele>
    <time>2026-08-17T08:30:45Z</time>
   </trkpt>
   <trkpt lat="22.7303890" lon="120.3312550">
    <ele>25.2</ele>
    <time>2026-08-17T08:30:46Z</time>
   </trkpt>
   <trkpt lat="22.7303240" lon="120.3312910">
    <ele>24.7</ele>
    <time>2026-08-17T08:30:47Z</time>
   </trkpt>
   <trkpt lat="22.7302630" lon="120.3313240">
    <ele>24.2</ele>
    <time>2026-08-17T08:30:48Z</time>
   </trkpt>
   <trkpt lat="22.7302080" lon="120.3313530">
    <ele>23.7</ele>
    <time>2026-08-17T08:30:49Z</time>
   </trkpt>
   <trkpt lat="22.7301610" lon="120.3313760">
    <ele>23.3</ele>
    <time>2026-08-17T08:30:50Z</time>
   </trkpt>
   <trkpt lat="22.7301250" lon="120.3314020">
    <ele>23.0</ele>
    <time>2026-08-17T08:30:51Z</time>
   </trkpt>
   <trkpt lat="22.7300920" lon="120.3314190">
    <ele>22.7</ele>
    <time>2026-08-17T08:30:52Z</time>
   </trkpt>
   <trkpt lat="22.7300640" lon="120.3314250">
    <ele>22.5</ele>
    <time>2026-08-17T08:30:53Z</time>
   </trkpt>
   <trkpt lat="22.7300370" lon="120.3314310">
    <ele>22.3</ele>
    <time>2026-08-17T08:30:54Z</time>
   </trkpt>
   <trkpt lat="22.7300140" lon="120.3314400">
    <ele>22.2</ele>
    <time>2026-08-17T08:30:55Z</time>
   </trkpt>
   <trkpt lat="22.7300030" lon="120.3314470">
    <ele>22.1</ele>
    <time>2026-08-17T08:30:56Z</time>
   </trkpt>
   <trkpt lat="22.7299940" lon="120.3314650">
    <ele>22.0</ele>
    <time>2026-08-17T08:30:57Z</time>
   </trkpt>
   <trkpt lat="22.7300010" lon="120.3314920">
    <ele>21.8</ele>
    <time>2026-08-17T08:30:58Z</time>
   </trkpt>
   <trkpt lat="22.7300250" lon="120.3315070">
    <ele>21.8</ele>
    <time>2026-08-17T08:30:59Z</time>
   </trkpt>
   <trkpt lat="22.7300500" lon="120.3314920">
    <ele>22.0</ele>
    <time>2026-08-17T08:31:00Z</time>
   </trkpt>
   <trkpt lat="22.7300740" lon="120.3314540">
    <ele>22.2</ele>
    <time>2026-08-17T08:31:01Z</time>
   </trkpt>
   <trkpt lat="22.7301150" lon="120.3314090">
    <ele>22.6</ele>
    <time>2026-08-17T08:31:02Z</time>
   </trkpt>
   <trkpt lat="22.7301640" lon="120.3313700">
    <ele>23.0</ele>
    <time>2026-08-17T08:31:03Z</time>
   </trkpt>
   <trkpt lat="22.7302260" lon="120.3313430">
    <ele>23.5</ele>
    <time>2026-08-17T08:31:04Z</time>
   </trkpt>
   <trkpt lat="22.7302950" lon="120.3313120">
    <ele>24.0</ele>
    <time>2026-08-17T08:31:05Z</time>
   </trkpt>
   <trkpt lat="22.7303570" lon="120.3312850">
    <ele>24.5</ele>
    <time>2026-08-17T08:31:06Z</time>
   </trkpt>
   <trkpt lat="22.7304120" lon="120.3312550">
    <ele>24.9</ele>
    <time>2026-08-17T08:31:07Z</time>
   </trkpt>
   <trkpt lat="22.7304670" lon="120.3312200">
    <ele>25.4</ele>
    <time>2026-08-17T08:31:08Z</time>
   </trkpt>
   <trkpt lat="22.7305340" lon="120.3311830">
    <ele>25.8</ele>
    <time>2026-08-17T08:31:09Z</time>
   </trkpt>
   <trkpt lat="22.7306040" lon="120.3311530">
    <ele>26.3</ele>
    <time>2026-08-17T08:31:10Z</time>
   </trkpt>
   <trkpt lat="22.7306540" lon="120.3311290">
    <ele>26.7</ele>
    <time>2026-08-17T08:31:11Z</time>
   </trkpt>
   <trkpt lat="22.7306810" lon="120.3311180">
    <ele>26.9</ele>
    <time>2026-08-17T08:31:12Z</time>
   </trkpt>
   <trkpt lat="22.7307000" lon="120.3311150">
    <ele>27.0</ele>
    <time>2026-08-17T08:31:13Z</time>
   </trkpt>
   <trkpt lat="22.7307160" lon="120.3311070">
    <ele>27.1</ele>
    <time>2026-08-17T08:31:14Z</time>
   </trkpt>
   <trkpt lat="22.7307120" lon="120.3310980">
    <ele>27.2</ele>
    <time>2026-08-17T08:31:15Z</time>
   </trkpt>
   <trkpt lat="22.7307020" lon="120.3310900">
    <ele>27.3</ele>
    <time>2026-08-17T08:31:16Z</time>
   </trkpt>
   <trkpt lat="22.7306880" lon="120.3310920">
    <ele>27.4</ele>
    <time>2026-08-17T08:31:17Z</time>
   </trkpt>
   <trkpt lat="22.7306720" lon="120.3311050">
    <ele>27.3</ele>
    <time>2026-08-17T08:31:18Z</time>
   </trkpt>
   <trkpt lat="22.7306610" lon="120.3311300">
    <ele>27.2</ele>
    <time>2026-08-17T08:31:19Z</time>
   </trkpt>
   <trkpt lat="22.7306630" lon="120.3311470">
    <ele>27.1</ele>
    <time>2026-08-17T08:31:20Z</time>
   </trkpt>
   <trkpt lat="22.7306690" lon="120.3311530">
    <ele>27.1</ele>
    <time>2026-08-17T08:31:21Z</time>
   </trkpt>
   <trkpt lat="22.7306770" lon="120.3311500">
    <ele>27.0</ele>
    <time>2026-08-17T08:31:22Z</time>
   </trkpt>
   <trkpt lat="22.7306700" lon="120.3311440">
    <ele>27.0</ele>
    <time>2026-08-17T08:31:23Z</time>
   </trkpt>
   <trkpt lat="22.7306690" lon="120.3311370">
    <ele>26.9</ele>
    <time>2026-08-17T08:31:24Z</time>
   </trkpt>
   <trkpt lat="22.7306650" lon="120.3311300">
    <ele>26.9</ele>
    <time>2026-08-17T08:31:25Z</time>
   </trkpt>
   <trkpt lat="22.7306680" lon="120.3311230">
    <ele>26.9</ele>
    <time>2026-08-17T08:31:26Z</time>
   </trkpt>
   <trkpt lat="22.7306710" lon="120.3311300">
    <ele>26.8</ele>
    <time>2026-08-17T08:31:27Z</time>
   </trkpt>
   <trkpt lat="22.7306690" lon="120.3311340">
    <ele>26.8</ele>
    <time>2026-08-17T08:31:28Z</time>
   </trkpt>
   <trkpt lat="22.7306680" lon="120.3311330">
    <ele>26.8</ele>
    <time>2026-08-17T08:31:29Z</time>
   </trkpt>
   <trkpt lat="22.7306680" lon="120.3311340">
    <ele>26.8</ele>
    <time>2026-08-17T08:31:30Z</time>
   </trkpt>
   <trkpt lat="22.7306690" lon="120.3311360">
    <ele>26.8</ele>
    <time>2026-08-17T08:31:31Z</time>
   </trkpt>
   <trkpt lat="22.7306660" lon="120.3311350">
    <ele>26.8</ele>
    <time>2026-08-17T08:31:32Z</time>
   </trkpt>
   <trkpt lat="22.7306640" lon="120.3311330">
    <ele>26.8</ele>
    <time>2026-08-17T08:31:33Z</time>
   </trkpt>
   <trkpt lat="22.7306640" lon="120.3311310">
    <ele>26.8</ele>
    <time>2026-08-17T08:31:34Z</time>
   </trkpt>
   <trkpt lat="22.7306670" lon="120.3311280">
    <ele>26.8</ele>
    <time>2026-08-17T08:31:35Z</time>
   </trkpt>
   <trkpt lat="22.7306660" lon="120.3311280">
    <ele>26.8</ele>
    <time>2026-08-17T08:31:36Z</time>
   </trkpt>
   <trkpt lat="22.7306660" lon="120.3311280">
    <ele>26.8</ele>
    <time>2026-08-17T08:31:37Z</time>
   </trkpt>
   <trkpt lat="22.7306660" lon="120.3311280">
    <ele>26.8</ele>
    <time>2026-08-17T08:31:38Z</time>
   </trkpt>
   <trkpt lat="22.7306660" lon="120.3311280">
    <ele>26.8</ele>
    <time>2026-08-17T08:31:39Z</time>
   </trkpt>
   <trkpt lat="22.7306660" lon="120.3311280">
    <ele>26.8</ele>
    <time>2026-08-17T08:31:40Z</time>
   </trkpt>
   <trkpt lat="22.7306660" lon="120.3311270">
    <ele>26.7</ele>
    <time>2026-08-17T08:31:41Z</time>
   </trkpt>
   <trkpt lat="22.7306710" lon="120.3311200">
    <ele>26.7</ele>
    <time>2026-08-17T08:31:42Z</time>
   </trkpt>
   <trkpt lat="22.7306830" lon="120.3311090">
    <ele>26.6</ele>
    <time>2026-08-17T08:31:43Z</time>
   </trkpt>
   <trkpt lat="22.7306860" lon="120.3311250">
    <ele>26.6</ele>
    <time>2026-08-17T08:31:44Z</time>
   </trkpt>
   <trkpt lat="22.7306880" lon="120.3311620">
    <ele>26.4</ele>
    <time>2026-08-17T08:31:45Z</time>
   </trkpt>
   <trkpt lat="22.7306780" lon="120.3311750">
    <ele>26.4</ele>
    <time>2026-08-17T08:31:46Z</time>
   </trkpt>
   <trkpt lat="22.7306760" lon="120.3311810">
    <ele>26.3</ele>
    <time>2026-08-17T08:31:47Z</time>
   </trkpt>
   <trkpt lat="22.7306670" lon="120.3311880">
    <ele>26.3</ele>
    <time>2026-08-17T08:31:48Z</time>
   </trkpt>
   <trkpt lat="22.7306560" lon="120.3311890">
    <ele>26.2</ele>
    <time>2026-08-17T08:31:49Z</time>
   </trkpt>
   <trkpt lat="22.7306460" lon="120.3311890">
    <ele>26.2</ele>
    <time>2026-08-17T08:31:50Z</time>
   </trkpt>
   <trkpt lat="22.7306380" lon="120.3311900">
    <ele>26.2</ele>
    <time>2026-08-17T08:31:51Z</time>
   </trkpt>
   <trkpt lat="22.7306350" lon="120.3311930">
    <ele>26.1</ele>
    <time>2026-08-17T08:31:52Z</time>
   </trkpt>
   <trkpt lat="22.7306350" lon="120.3311930">
    <ele>26.1</ele>
    <time>2026-08-17T08:31:53Z</time>
   </trkpt>
   <trkpt lat="22.7306120" lon="120.3312080">
    <ele>26.0</ele>
    <time>2026-08-17T08:31:54Z</time>
   </trkpt>
   <trkpt lat="22.7306040" lon="120.3312170">
    <ele>26.0</ele>
    <time>2026-08-17T08:31:55Z</time>
   </trkpt>
   <trkpt lat="22.7305980" lon="120.3312330">
    <ele>25.9</ele>
    <time>2026-08-17T08:31:56Z</time>
   </trkpt>
   <trkpt lat="22.7305900" lon="120.3312460">
    <ele>25.9</ele>
    <time>2026-08-17T08:31:57Z</time>
   </trkpt>
   <trkpt lat="22.7305700" lon="120.3312540">
    <ele>25.8</ele>
    <time>2026-08-17T08:31:59Z</time>
   </trkpt>
   <trkpt lat="22.7305620" lon="120.3312520">
    <ele>25.7</ele>
    <time>2026-08-17T08:32:00Z</time>
   </trkpt>
   <trkpt lat="22.7305560" lon="120.3312440">
    <ele>25.7</ele>
    <time>2026-08-17T08:32:01Z</time>
   </trkpt>
   <trkpt lat="22.7305510" lon="120.3312470">
    <ele>25.7</ele>
    <time>2026-08-17T08:32:02Z</time>
   </trkpt>
   <trkpt lat="22.7305310" lon="120.3312570">
    <ele>25.6</ele>
    <time>2026-08-17T08:32:03Z</time>
   </trkpt>
   <trkpt lat="22.7305180" lon="120.3312610">
    <ele>25.5</ele>
    <time>2026-08-17T08:32:04Z</time>
   </trkpt>
   <trkpt lat="22.7305060" lon="120.3312700">
    <ele>25.5</ele>
    <time>2026-08-17T08:32:05Z</time>
   </trkpt>
   <trkpt lat="22.7305020" lon="120.3312760">
    <ele>25.4</ele>
    <time>2026-08-17T08:32:06Z</time>
   </trkpt>
   <trkpt lat="22.7304980" lon="120.3312800">
    <ele>25.4</ele>
    <time>2026-08-17T08:32:07Z</time>
   </trkpt>
   <trkpt lat="22.7304890" lon="120.3312820">
    <ele>25.4</ele>
    <time>2026-08-17T08:32:08Z</time>
   </trkpt>
   <trkpt lat="22.7304790" lon="120.3312840">
    <ele>25.3</ele>
    <time>2026-08-17T08:32:09Z</time>
   </trkpt>
   <trkpt lat="22.7304700" lon="120.3312840">
    <ele>25.3</ele>
    <time>2026-08-17T08:32:10Z</time>
   </trkpt>
   <trkpt lat="22.7304610" lon="120.3312870">
    <ele>25.2</ele>
    <time>2026-08-17T08:32:11Z</time>
   </trkpt>
   <trkpt lat="22.7304500" lon="120.3312890">
    <ele>25.2</ele>
    <time>2026-08-17T08:32:12Z</time>
   </trkpt>
   <trkpt lat="22.7304490" lon="120.3312900">
    <ele>25.2</ele>
    <time>2026-08-17T08:32:13Z</time>
   </trkpt>
   <trkpt lat="22.7304470" lon="120.3312900">
    <ele>25.2</ele>
    <time>2026-08-17T08:32:14Z</time>
   </trkpt>
   <trkpt lat="22.7304420" lon="120.3312920">
    <ele>25.2</ele>
    <time>2026-08-17T08:32:15Z</time>
   </trkpt>
   <trkpt lat="22.7304330" lon="120.3312950">
    <ele>25.1</ele>
    <time>2026-08-17T08:32:16Z</time>
   </trkpt>
   <trkpt lat="22.7304200" lon="120.3312960">
    <ele>25.1</ele>
    <time>2026-08-17T08:32:17Z</time>
   </trkpt>
   <trkpt lat="22.7303910" lon="120.3313020">
    <ele>24.9</ele>
    <time>2026-08-17T08:32:18Z</time>
   </trkpt>
   <trkpt lat="22.7303790" lon="120.3313050">
    <ele>24.9</ele>
    <time>2026-08-17T08:32:20Z</time>
   </trkpt>
   <trkpt lat="22.7303670" lon="120.3313070">
    <ele>24.8</ele>
    <time>2026-08-17T08:32:21Z</time>
   </trkpt>
   <trkpt lat="22.7303570" lon="120.3313090">
    <ele>24.8</ele>
    <time>2026-08-17T08:32:22Z</time>
   </trkpt>
   <trkpt lat="22.7303470" lon="120.3313100">
    <ele>24.7</ele>
    <time>2026-08-17T08:32:23Z</time>
   </trkpt>
   <trkpt lat="22.7303350" lon="120.3313110">
    <ele>24.7</ele>
    <time>2026-08-17T08:32:24Z</time>
   </trkpt>
   <trkpt lat="22.7303060" lon="120.3313200">
    <ele>24.5</ele>
    <time>2026-08-17T08:32:25Z</time>
   </trkpt>
   <trkpt lat="22.7302950" lon="120.3313240">
    <ele>24.5</ele>
    <time>2026-08-17T08:32:27Z</time>
   </trkpt>
   <trkpt lat="22.7302840" lon="120.3313270">
    <ele>24.4</ele>
    <time>2026-08-17T08:32:28Z</time>
   </trkpt>
   <trkpt lat="22.7302730" lon="120.3313310">
    <ele>24.4</ele>
    <time>2026-08-17T08:32:29Z</time>
   </trkpt>
   <trkpt lat="22.7302620" lon="120.3313350">
    <ele>24.3</ele>
    <time>2026-08-17T08:32:30Z</time>
   </trkpt>
   <trkpt lat="22.7302470" lon="120.3313360">
    <ele>24.2</ele>
    <time>2026-08-17T08:32:31Z</time>
   </trkpt>
   <trkpt lat="22.7302330" lon="120.3313370">
    <ele>24.2</ele>
    <time>2026-08-17T08:32:32Z</time>
   </trkpt>
   <trkpt lat="22.7302210" lon="120.3313380">
    <ele>24.1</ele>
    <time>2026-08-17T08:32:33Z</time>
   </trkpt>
   <trkpt lat="22.7302000" lon="120.3313450">
    <ele>24.0</ele>
    <time>2026-08-17T08:32:34Z</time>
   </trkpt>
   <trkpt lat="22.7301900" lon="120.3313540">
    <ele>24.0</ele>
    <time>2026-08-17T08:32:36Z</time>
   </trkpt>
   <trkpt lat="22.7301810" lon="120.3313610">
    <ele>23.9</ele>
    <time>2026-08-17T08:32:37Z</time>
   </trkpt>
   <trkpt lat="22.7301710" lon="120.3313680">
    <ele>23.8</ele>
    <time>2026-08-17T08:32:38Z</time>
   </trkpt>
   <trkpt lat="22.7301600" lon="120.3313760">
    <ele>23.8</ele>
    <time>2026-08-17T08:32:39Z</time>
   </trkpt>
   <trkpt lat="22.7301490" lon="120.3313760">
    <ele>23.7</ele>
    <time>2026-08-17T08:32:40Z</time>
   </trkpt>
   <trkpt lat="22.7301390" lon="120.3313810">
    <ele>23.7</ele>
    <time>2026-08-17T08:32:41Z</time>
   </trkpt>
   <trkpt lat="22.7301310" lon="120.3313900">
    <ele>23.6</ele>
    <time>2026-08-17T08:32:42Z</time>
   </trkpt>
   <trkpt lat="22.7301200" lon="120.3314190">
    <ele>23.5</ele>
    <time>2026-08-17T08:32:43Z</time>
   </trkpt>
   <trkpt lat="22.7301160" lon="120.3314370">
    <ele>23.4</ele>
    <time>2026-08-17T08:32:45Z</time>
   </trkpt>
   <trkpt lat="22.7301130" lon="120.3314600">
    <ele>23.3</ele>
    <time>2026-08-17T08:32:46Z</time>
   </trkpt>
   <trkpt lat="22.7301110" lon="120.3314760">
    <ele>23.2</ele>
    <time>2026-08-17T08:32:47Z</time>
   </trkpt>
   <trkpt lat="22.7301080" lon="120.3314870">
    <ele>23.2</ele>
    <time>2026-08-17T08:32:48Z</time>
   </trkpt>
   <trkpt lat="22.7301000" lon="120.3315000">
    <ele>23.1</ele>
    <time>2026-08-17T08:32:49Z</time>
   </trkpt>
   <trkpt lat="22.7300870" lon="120.3315050">
    <ele>23.0</ele>
    <time>2026-08-17T08:32:50Z</time>
   </trkpt>
   <trkpt lat="22.7300750" lon="120.3315120">
    <ele>23.0</ele>
    <time>2026-08-17T08:32:51Z</time>
   </trkpt>
   <trkpt lat="22.7300670" lon="120.3315180">
    <ele>22.9</ele>
    <time>2026-08-17T08:32:52Z</time>
   </trkpt>
   <trkpt lat="22.7300570" lon="120.3315290">
    <ele>22.9</ele>
    <time>2026-08-17T08:32:53Z</time>
   </trkpt>
   <trkpt lat="22.7300540" lon="120.3315400">
    <ele>22.8</ele>
    <time>2026-08-17T08:32:54Z</time>
   </trkpt>
   <trkpt lat="22.7300490" lon="120.3315530">
    <ele>22.8</ele>
    <time>2026-08-17T08:32:55Z</time>
   </trkpt>
   <trkpt lat="22.7300380" lon="120.3315580">
    <ele>22.7</ele>
    <time>2026-08-17T08:32:56Z</time>
   </trkpt>
   <trkpt lat="22.7300250" lon="120.3315600">
    <ele>22.7</ele>
    <time>2026-08-17T08:32:57Z</time>
   </trkpt>
   <trkpt lat="22.7300140" lon="120.3315630">
    <ele>22.6</ele>
    <time>2026-08-17T08:32:58Z</time>
   </trkpt>
   <trkpt lat="22.7300040" lon="120.3315580">
    <ele>22.6</ele>
    <time>2026-08-17T08:32:59Z</time>
   </trkpt>
   <trkpt lat="22.7299950" lon="120.3315540">
    <ele>22.5</ele>
    <time>2026-08-17T08:33:00Z</time>
   </trkpt>
   <trkpt lat="22.7299900" lon="120.3315530">
    <ele>22.5</ele>
    <time>2026-08-17T08:33:01Z</time>
   </trkpt>
   <trkpt lat="22.7299770" lon="120.3315510">
    <ele>22.4</ele>
    <time>2026-08-17T08:33:02Z</time>
   </trkpt>
   <trkpt lat="22.7299620" lon="120.3315530">
    <ele>22.4</ele>
    <time>2026-08-17T08:33:03Z</time>
   </trkpt>
   <trkpt lat="22.7299540" lon="120.3315580">
    <ele>22.3</ele>
    <time>2026-08-17T08:33:05Z</time>
   </trkpt>
   <trkpt lat="22.7299440" lon="120.3315650">
    <ele>22.3</ele>
    <time>2026-08-17T08:33:06Z</time>
   </trkpt>
   <trkpt lat="22.7299380" lon="120.3315740">
    <ele>22.2</ele>
    <time>2026-08-17T08:33:07Z</time>
   </trkpt>
   <trkpt lat="22.7299390" lon="120.3315880">
    <ele>22.2</ele>
    <time>2026-08-17T08:33:08Z</time>
   </trkpt>
   <trkpt lat="22.7299380" lon="120.3315990">
    <ele>22.2</ele>
    <time>2026-08-17T08:33:09Z</time>
   </trkpt>
   <trkpt lat="22.7299430" lon="120.3316080">
    <ele>22.1</ele>
    <time>2026-08-17T08:33:10Z</time>
   </trkpt>
   <trkpt lat="22.7299520" lon="120.3316160">
    <ele>22.1</ele>
    <time>2026-08-17T08:33:11Z</time>
   </trkpt>
   <trkpt lat="22.7299630" lon="120.3316210">
    <ele>22.0</ele>
    <time>2026-08-17T08:33:12Z</time>
   </trkpt>
   <trkpt lat="22.7299480" lon="120.3316030">
    <ele>21.9</ele>
    <time>2026-08-17T08:33:13Z</time>
   </trkpt>
   <trkpt lat="22.7299530" lon="120.3316120">
    <ele>21.9</ele>
    <time>2026-08-17T08:33:14Z</time>
   </trkpt>
   <trkpt lat="22.7299560" lon="120.3316250">
    <ele>21.8</ele>
    <time>2026-08-17T08:33:15Z</time>
   </trkpt>
   <trkpt lat="22.7299530" lon="120.3316400">
    <ele>21.8</ele>
    <time>2026-08-17T08:33:17Z</time>
   </trkpt>
   <trkpt lat="22.7299540" lon="120.3316530">
    <ele>21.7</ele>
    <time>2026-08-17T08:33:18Z</time>
   </trkpt>
   <trkpt lat="22.7299430" lon="120.3316340">
    <ele>21.7</ele>
    <time>2026-08-17T08:33:19Z</time>
   </trkpt>
   <trkpt lat="22.7299410" lon="120.3316350">
    <ele>21.7</ele>
    <time>2026-08-17T08:33:20Z</time>
   </trkpt>
   <trkpt lat="22.7299430" lon="120.3316340">
    <ele>21.6</ele>
    <time>2026-08-17T08:33:22Z</time>
   </trkpt>
   <trkpt lat="22.7299470" lon="120.3316320">
    <ele>21.6</ele>
    <time>2026-08-17T08:33:23Z</time>
   </trkpt>
   <trkpt lat="22.7299590" lon="120.3316300">
    <ele>21.6</ele>
    <time>2026-08-17T08:33:24Z</time>
   </trkpt>
   <trkpt lat="22.7299750" lon="120.3315760">
    <ele>21.4</ele>
    <time>2026-08-17T08:33:29Z</time>
   </trkpt>
   <trkpt lat="22.7299690" lon="120.3315710">
    <ele>21.3</ele>
    <time>2026-08-17T08:33:31Z</time>
   </trkpt>
  </trkseg>
 </trk>
</gpx>
