<?xml version="1.0" encoding="UTF-8"?>
<gpx creator="StravaGPX" version="1.1" xmlns="http://www.topografix.com/GPX/1/1" xmlns:xsi="http://www.w3.org/2001/XMLSchema-instance" xsi:schemaLocation="http://www.topografix.com/GPX/1/1 http://www.topografix.com/GPX/1/1/gpx.xsd">
 <metadata>
  <time>2026-08-17T11:27:30Z</time>
 </metadata>
 <trk>
  <name>傍晚騎車</name>
  <type>cycling</type>
  <trkseg>
   <trkpt lat="22.7396950" lon="120.3329190">
    <ele>19.2</ele>
    <time>2026-08-17T11:27:30Z</time>
   </trkpt>
   <trkpt lat="22.7396950" lon="120.3329190">
    <ele>19.2</ele>
    <time>2026-08-17T11:27:31Z</time>
   </trkpt>
   <trkpt lat="22.7396900" lon="120.3329230">
    <ele>19.2</ele>
    <time>2026-08-17T11:27:32Z</time>
   </trkpt>
   <trkpt lat="22.7396820" lon="120.3329240">
    <ele>19.2</ele>
    <time>2026-08-17T11:27:33Z</time>
   </trkpt>
   <trkpt lat="22.7396780" lon="120.3329230">
    <ele>19.2</ele>
    <time>2026-08-17T11:27:34Z</time>
   </trkpt>
   <trkpt lat="22.7396790" lon="120.3329220">
    <ele>19.2</ele>
    <time>2026-08-17T11:27:35Z</time>
   </trkpt>
   <trkpt lat="22.7396800" lon="120.3329210">
    <ele>19.2</ele>
    <time>2026-08-17T11:27:36Z</time>
   </trkpt>
   <trkpt lat="22.7396820" lon="120.3329200">
    <ele>19.2</ele>
    <time>2026-08-17T11:27:37Z</time>
   </trkpt>
   <trkpt lat="22.7396850" lon="120.3329200">
    <ele>19.2</ele>
    <time>2026-08-17T11:27:38Z</time>
   </trkpt>
   <trkpt lat="22.7396850" lon="120.3329200">
    <ele>19.2</ele>
    <time>2026-08-17T11:27:39Z</time>
   </trkpt>
   <trkpt lat="22.7396900" lon="120.3329190">
    <ele>19.2</ele>
    <time>2026-08-17T11:27:40Z</time>
   </trkpt>
   <trkpt lat="22.7396900" lon="120.3329190">
    <ele>19.2</ele>
    <time>2026-08-17T11:27:41Z</time>
   </trkpt>
   <trkpt lat="22.7396900" lon="120.3329190">
    <ele>19.2</ele>
    <time>2026-08-17T11:27:42Z</time>
   </trkpt>
   <trkpt lat="22.7397090" lon="120.3328830">
    <ele>19.2</ele>
    <time>2026-08-17T11:28:01Z</time>
   </trkpt>
   <trkpt lat="22.7397090" lon="120.3328830">
    <ele>19.2</ele>
    <time>2026-08-17T11:28:02Z</time>
   </trkpt>
   <trkpt lat="22.7397200" lon="120.3328910">
    <ele>19.2</ele>
    <time>2026-08-17T11:28:03Z</time>
   </trkpt>
   <trkpt lat="22.7397390" lon="120.3329080">
    <ele>19.2</ele>
    <time>2026-08-17T11:28:04Z</time>
   </trkpt>
   <trkpt lat="22.7397710" lon="120.3329200">
    <ele>19.2</ele>
    <time>2026-08-17T11:28:05Z</time>
   </trkpt>
   <trkpt lat="22.7398070" lon="120.3329380">
    <ele>19.2</ele>
    <time>2026-08-17T11:28:06Z</time>
   </trkpt>
   <trkpt lat="22.7398440" lon="120.3329420">
    <ele>19.1</ele>
    <time>2026-08-17T11:28:07Z</time>
   </trkpt>
   <trkpt lat="22.7398820" lon="120.3329420">
    <ele>19.1</ele>
    <time>2026-08-17T11:28:08Z</time>
   </trkpt>
   <trkpt lat="22.7399150" lon="120.3329380">
    <ele>19.1</ele>
    <time>2026-08-17T11:28:09Z</time>
   </trkpt>
   <trkpt lat="22.7399440" lon="120.3329340">
    <ele>19.0</ele>
    <time>2026-08-17T11:28:10Z</time>
   </trkpt>
   <trkpt lat="22.7399740" lon="120.3329250">
    <ele>19.0</ele>
    <time>2026-08-17T11:28:11Z</time>
   </trkpt>
   <trkpt lat="22.7400120" lon="120.3329170">
    <ele>19.0</ele>
    <time>2026-08-17T11:28:12Z</time>
   </trkpt>
   <trkpt lat="22.7400460" lon="120.3329200">
    <ele>18.9</ele>
    <time>2026-08-17T11:28:13Z</time>
   </trkpt>
   <trkpt lat="22.7400740" lon="120.3329260">
    <ele>19.0</ele>
    <time>2026-08-17T11:28:14Z</time>
   </trkpt>
   <trkpt lat="22.7401050" lon="120.3329390">
    <ele>19.0</ele>
    <time>2026-08-17T11:28:15Z</time>
   </trkpt>
   <trkpt lat="22.7401310" lon="120.3329550">
    <ele>19.1</ele>
    <time>2026-08-17T11:28:16Z</time>
   </trkpt>
   <trkpt lat="22.7401480" lon="120.3329630">
    <ele>19.1</ele>
    <time>2026-08-17T11:28:17Z</time>
   </trkpt>
   <trkpt lat="22.7401640" lon="120.3329670">
    <ele>19.1</ele>
    <time>2026-08-17T11:28:18Z</time>
   </trkpt>
   <trkpt lat="22.7401860" lon="120.3329730">
    <ele>19.2</ele>
    <time>2026-08-17T11:28:19Z</time>
   </trkpt>
   <trkpt lat="22.7402130" lon="120.3329770">
    <ele>19.2</ele>
    <time>2026-08-17T11:28:20Z</time>
   </trkpt>
   <trkpt lat="22.7402440" lon="120.3329820">
    <ele>19.2</ele>
    <time>2026-08-17T11:28:21Z</time>
   </trkpt>
   <trkpt lat="22.7402690" lon="120.3329890">
    <ele>19.3</ele>
    <time>2026-08-17T11:28:22Z</time>
   </trkpt>
   <trkpt lat="22.7402850" lon="120.3330000">
    <ele>19.3</ele>
    <time>2026-08-17T11:28:23Z</time>
   </trkpt>
   <trkpt lat="22.7402960" lon="120.3330250">
    <ele>19.3</ele>
    <time>2026-08-17T11:28:24Z</time>
   </trkpt>
   <trkpt lat="22.7403190" lon="120.3330560">
    <ele>19.4</ele>
    <time>2026-08-17T11:28:25Z</time>
   </trkpt>
   <trkpt lat="22.7403370" lon="120.3330780">
    <ele>19.4</ele>
    <time>2026-08-17T11:28:26Z</time>
   </trkpt>
   <trkpt lat="22.7403570" lon="120.3330980">
    <ele>19.5</ele>
    <time>2026-08-17T11:28:27Z</time>
   </trkpt>
   <trkpt lat="22.7403770" lon="120.3331140">
    <ele>19.5</ele>
    <time>2026-08-17T11:28:28Z</time>
   </trkpt>
   <trkpt lat="22.7404040" lon="120.3331270">
    <ele>19.6</ele>
    <time>2026-08-17T11:28:29Z</time>
   </trkpt>
   <trkpt lat="22.7404300" lon="120.3331380">
    <ele>19.6</ele>
    <time>2026-08-17T11:28:30Z</time>
   </trkpt>
   <trkpt lat="22.7404590" lon="120.3331510">
    <ele>19.7</ele>
    <time>2026-08-17T11:28:31Z</time>
   </trkpt>
   <trkpt lat="22.7404830" lon="120.3331660">
    <ele>19.7</ele>
    <time>2026-08-17T11:28:32Z</time>
   </trkpt>
   <trkpt lat="22.7405020" lon="120.3331770">
    <ele>19.8</ele>
    <time>2026-08-17T11:28:33Z</time>
   </trkpt>
   <trkpt lat="22.7405200" lon="120.3331860">
    <ele>19.8</ele>
    <time>2026-08-17T11:28:34Z</time>
   </trkpt>
   <trkpt lat="22.7405370" lon="120.3331970">
    <ele>19.8</ele>
    <time>2026-08-17T11:28:35Z</time>
   </trkpt>
   <trkpt lat="22.7405400" lon="120.3332120">
    <ele>19.8</ele>
    <time>2026-08-17T11:28:36Z</time>
   </trkpt>
   <trkpt lat="22.7405500" lon="120.3332230">
    <ele>19.8</ele>
    <time>2026-08-17T11:28:37Z</time>
   </trkpt>
   <trkpt lat="22.7405390" lon="120.3332270">
    <ele>19.8</ele>
    <time>2026-08-17T11:28:38Z</time>
   </trkpt>
   <trkpt lat="22.7405220" lon="120.3332200">
    <ele>19.8</ele>
    <time>2026-08-17T11:28:39Z</time>
   </trkpt>
   <trkpt lat="22.7405220" lon="120.3332320">
    <ele>19.8</ele>
    <time>2026-08-17T11:28:40Z</time>
   </trkpt>
   <trkpt lat="22.7405120" lon="120.3332780">
    <ele>19.8</ele>
    <time>2026-08-17T11:28:41Z</time>
   </trkpt>
   <trkpt lat="22.7405050" lon="120.3333150">
    <ele>19.8</ele>
    <time>2026-08-17T11:28:42Z</time>
   </trkpt>
   <trkpt lat="22.7405110" lon="120.3333390">
    <ele>19.8</ele>
    <time>2026-08-17T11:28:43Z</time>
   </trkpt>
   <trkpt lat="22.7405180" lon="120.3333710">
    <ele>19.8</ele>
    <time>2026-08-17T11:28:44Z</time>
   </trkpt>
   <trkpt lat="22.7405320" lon="120.3334080">
    <ele>19.8</ele>
    <time>2026-08-17T11:28:45Z</time>
   </trkpt>
   <trkpt lat="22.7405450" lon="120.3334160">
    <ele>19.8</ele>
    <time>2026-08-17T11:28:46Z</time>
   </trkpt>
   <trkpt lat="22.7405460" lon="120.3334300">
    <ele>19.8</ele>
    <time>2026-08-17T11:28:47Z</time>
   </trkpt>
   <trkpt lat="22.7405500" lon="120.3334430">
    <ele>19.8</ele>
    <time>2026-08-17T11:28:48Z</time>
   </trkpt>
   <trkpt lat="22.7405670" lon="120.3334370">
    <ele>19.8</ele>
    <time>2026-08-17T11:28:49Z</time>
   </trkpt>
   <trkpt lat="22.7405710" lon="120.3334200">
    <ele>19.8</ele>
    <time>2026-08-17T11:28:50Z</time>
   </trkpt>
   <trkpt lat="22.7405720" lon="120.3334010">
    <ele>19.8</ele>
    <time>2026-08-17T11:28:51Z</time>
   </trkpt>
   <trkpt lat="22.7405790" lon="120.3333770">
    <ele>19.8</ele>
    <time>2026-08-17T11:28:52Z</time>
   </trkpt>
   <trkpt lat="22.7405760" lon="120.3333450">
    <ele>19.8</ele>
    <time>2026-08-17T11:28:53Z</time>
   </trkpt>
   <trkpt lat="22.7405740" lon="120.3333130">
    <ele>19.8</ele>
    <time>2026-08-17T11:28:54Z</time>
   </trkpt>
   <trkpt lat="22.7405790" lon="120.3332850">
    <ele>19.8</ele>
    <time>2026-08-17T11:28:55Z</time>
   </trkpt>
   <trkpt lat="22.7405730" lon="120.3332530">
    <ele>19.8</ele>
    <time>2026-08-17T11:28:56Z</time>
   </trkpt>
   <trkpt lat="22.7405790" lon="120.3332320">
    <ele>19.8</ele>
    <time>2026-08-17T11:28:57Z</time>
   </trkpt>
   <trkpt lat="22.7405810" lon="120.3332110">
    <ele>19.8</ele>
    <time>2026-08-17T11:28:58Z</time>
   </trkpt>
   <trkpt lat="22.7405870" lon="120.3331920">
    <ele>19.8</ele>
    <time>2026-08-17T11:28:59Z</time>
   </trkpt>
   <trkpt lat="22.7406060" lon="120.3331960">
    <ele>20.0</ele>
    <time>2026-08-17T11:29:00Z</time>
   </trkpt>
   <trkpt lat="22.7406160" lon="120.3332000">
    <ele>20.1</ele>
    <time>2026-08-17T11:29:01Z</time>
   </trkpt>
   <trkpt lat="22.7406340" lon="120.3332140">
    <ele>20.2</ele>
    <time>2026-08-17T11:29:02Z</time>
   </trkpt>
   <trkpt lat="22.7406650" lon="120.3332200">
    <ele>20.5</ele>
    <time>2026-08-17T11:29:03Z</time>
   </trkpt>
   <trkpt lat="22.7406940" lon="120.3332370">
    <ele>20.8</ele>
    <time>2026-08-17T11:29:04Z</time>
   </trkpt>
   <trkpt lat="22.7407210" lon="120.3332550">
    <ele>21.0</ele>
    <time>2026-08-17T11:29:05Z</time>
   </trkpt>
   <trkpt lat="22.7407370" lon="120.3332710">
    <ele>21.2</ele>
    <time>2026-08-17T11:29:06Z</time>
   </trkpt>
   <trkpt lat="22.7407640" lon="120.3332840">
    <ele>21.4</ele>
    <time>2026-08-17T11:29:07Z</time>
   </trkpt>
   <trkpt lat="22.7407900" lon="120.3332940">
    <ele>21.6</ele>
    <time>2026-08-17T11:29:08Z</time>
   </trkpt>
   <trkpt lat="22.7408000" lon="120.3333000">
    <ele>21.7</ele>
    <time>2026-08-17T11:29:09Z</time>
   </trkpt>
   <trkpt lat="22.7408200" lon="120.3333070">
    <ele>21.9</ele>
    <time>2026-08-17T11:29:10Z</time>
   </trkpt>
   <trkpt lat="22.7408560" lon="120.3333110">
    <ele>22.2</ele>
    <time>2026-08-17T11:29:11Z</time>
   </trkpt>
   <trkpt lat="22.7408750" lon="120.3333220">
    <ele>22.4</ele>
    <time>2026-08-17T11:29:12Z</time>
   </trkpt>
   <trkpt lat="22.7408990" lon="120.3333400">
    <ele>22.6</ele>
    <time>2026-08-17T11:29:13Z</time>
   </trkpt>
   <trkpt lat="22.7409180" lon="120.3333600">
    <ele>22.8</ele>
    <time>2026-08-17T11:29:14Z</time>
   </trkpt>
   <trkpt lat="22.7409430" lon="120.3333770">
    <ele>23.0</ele>
    <time>2026-08-17T11:29:15Z</time>
   </trkpt>
   <trkpt lat="22.7409620" lon="120.3333800">
    <ele>23.0</ele>
    <time>2026-08-17T11:29:16Z</time>
   </trkpt>
   <trkpt lat="22.7409700" lon="120.3333940">
    <ele>23.0</ele>
    <time>2026-08-17T11:29:17Z</time>
   </trkpt>
   <trkpt lat="22.7409820" lon="120.3334030">
    <ele>23.0</ele>
    <time>2026-08-17T11:29:18Z</time>
   </trkpt>
   <trkpt lat="22.7409790" lon="120.3334050">
    <ele>23.0</ele>
    <time>2026-08-17T11:29:19Z</time>
   </trkpt>
   <trkpt lat="22.7409910" lon="120.3334080">
    <ele>23.0</ele>
    <time>2026-08-17T11:29:20Z</time>
   </trkpt>
   <trkpt lat="22.7409890" lon="120.3334100">
    <ele>23.0</ele>
    <time>2026-08-17T11:29:21Z</time>
   </trkpt>
   <trkpt lat="22.7409750" lon="120.3334000">
    <ele>23.0</ele>
    <time>2026-08-17T11:29:22Z</time>
   </trkpt>
   <trkpt lat="22.7409860" lon="120.3333810">
    <ele>23.0</ele>
    <time>2026-08-17T11:29:23Z</time>
   </trkpt>
   <trkpt lat="22.7409970" lon="120.3333680">
    <ele>23.0</ele>
    <time>2026-08-17T11:29:24Z</time>
   </trkpt>
   <trkpt lat="22.7409610" lon="120.3333660">
    <ele>23.0</ele>
    <time>2026-08-17T11:29:25Z</time>
   </trkpt>
   <trkpt lat="22.7409360" lon="120.3333640">
    <ele>23.0</ele>
    <time>2026-08-17T11:29:26Z</time>
   </trkpt>
   <trkpt lat="22.7408970" lon="120.3333670">
    <ele>22.8</ele>
    <time>2026-08-17T11:29:27Z</time>
   </trkpt>
   <trkpt lat="22.7408660" lon="120.3333510">
    <ele>22.5</ele>
    <time>2026-08-17T11:29:28Z</time>
   </trkpt>
   <trkpt lat="22.7407630" lon="120.3332860">
    <ele>21.8</ele>
    <time>2026-08-17T11:29:29Z</time>
   </trkpt>
   <trkpt lat="22.7407430" lon="120.3332540">
    <ele>21.6</ele>
    <time>2026-08-17T11:29:30Z</time>
   </trkpt>
   <trkpt lat="22.7407020" lon="120.3332370">
    <ele>21.3</ele>
    <time>2026-08-17T11:29:31Z</time>
   </trkpt>
   <trkpt lat="22.7406590" lon="120.3332230">
    <ele>21.0</ele>
    <time>2026-08-17T11:29:32Z</time>
   </trkpt>
   <trkpt lat="22.7406320" lon="120.3332090">
    <ele>20.8</ele>
    <time>2026-08-17T11:29:33Z</time>
   </trkpt>
   <trkpt lat="22.7406110" lon="120.3332150">
    <ele>20.7</ele>
    <time>2026-08-17T11:29:34Z</time>
   </trkpt>
   <trkpt lat="22.7405880" lon="120.3332010">
    <ele>20.5</ele>
    <time>2026-08-17T11:29:35Z</time>
   </trkpt>
   <trkpt lat="22.7405630" lon="120.3331530">
    <ele>19.6</ele>
    <time>2026-08-17T11:29:36Z</time>
   </trkpt>
   <trkpt lat="22.7406080" lon="120.3331120">
    <ele>19.3</ele>
    <time>2026-08-17T11:29:37Z</time>
   </trkpt>
   <trkpt lat="22.7405910" lon="120.3330710">
    <ele>19.1</ele>
    <time>2026-08-17T11:29:38Z</time>
   </trkpt>
   <trkpt lat="22.7406060" lon="120.3330320">
    <ele>18.9</ele>
    <time>2026-08-17T11:29:39Z</time>
   </trkpt>
   <trkpt lat="22.7405630" lon="120.3330280">
    <ele>18.9</ele>
    <time>2026-08-17T11:29:40Z</time>
   </trkpt>
   <trkpt lat="22.7404940" lon="120.3330370">
    <ele>18.9</ele>
    <time>2026-08-17T11:29:41Z</time>
   </trkpt>
   <trkpt lat="22.7404520" lon="120.3330330">
    <ele>18.9</ele>
    <time>2026-08-17T11:29:42Z</time>
   </trkpt>
   <trkpt lat="22.7404350" lon="120.3330240">
    <ele>18.9</ele>
    <time>2026-08-17T11:29:43Z</time>
   </trkpt>
   <trkpt lat="22.7404250" lon="120.3330250">
    <ele>18.9</ele>
    <time>2026-08-17T11:29:44Z</time>
   </trkpt>
   <trkpt lat="22.7404090" lon="120.3330360">
    <ele>18.9</ele>
    <time>2026-08-17T11:29:45Z</time>
   </trkpt>
   <trkpt lat="22.7403980" lon="120.3330540">
    <ele>18.9</ele>
    <time>2026-08-17T11:29:46Z</time>
   </trkpt>
   <trkpt lat="22.7403910" lon="120.3330700">
    <ele>18.9</ele>
    <time>2026-08-17T11:29:47Z</time>
   </trkpt>
   <trkpt lat="22.7403790" lon="120.3330810">
    <ele>18.9</ele>
    <time>2026-08-17T11:29:48Z</time>
   </trkpt>
   <trkpt lat="22.7403740" lon="120.3330850">
    <ele>18.9</ele>
    <time>2026-08-17T11:29:49Z</time>
   </trkpt>
   <trkpt lat="22.7403700" lon="120.3330870">
    <ele>18.9</ele>
    <time>2026-08-17T11:29:50Z</time>
   </trkpt>
   <trkpt lat="22.7403680" lon="120.3330890">
    <ele>18.9</ele>
    <time>2026-08-17T11:29:51Z</time>
   </trkpt>
   <trkpt lat="22.7403660" lon="120.3330910">
    <ele>18.9</ele>
    <time>2026-08-17T11:29:52Z</time>
   </trkpt>
   <trkpt lat="22.7403610" lon="120.3330990">
    <ele>18.9</ele>
    <time>2026-08-17T11:29:53Z</time>
   </trkpt>
   <trkpt lat="22.7403570" lon="120.3331020">
    <ele>18.9</ele>
    <time>2026-08-17T11:29:54Z</time>
   </trkpt>
   <trkpt lat="22.7403730" lon="120.3331500">
    <ele>18.9</ele>
    <time>2026-08-17T11:31:01Z</time>
   </trkpt>
   <trkpt lat="22.7404060" lon="120.3331430">
    <ele>18.9</ele>
    <time>2026-08-17T11:31:02Z</time>
   </trkpt>
   <trkpt lat="22.7404360" lon="120.3331560">
    <ele>18.9</ele>
    <time>2026-08-17T11:31:03Z</time>
   </trkpt>
   <trkpt lat="22.7404660" lon="120.3331610">
    <ele>18.9</ele>
    <time>2026-08-17T11:31:04Z</time>
   </trkpt>
   <trkpt lat="22.7404870" lon="120.3331650">
    <ele>18.9</ele>
    <time>2026-08-17T11:31:05Z</time>
   </trkpt>
   <trkpt lat="22.7405040" lon="120.3331720">
    <ele>18.9</ele>
    <time>2026-08-17T11:31:06Z</time>
   </trkpt>
   <trkpt lat="22.7405200" lon="120.3331600">
    <ele>18.9</ele>
    <time>2026-08-17T11:31:07Z</time>
   </trkpt>
   <trkpt lat="22.7405140" lon="120.3331080">
    <ele>18.9</ele>
    <time>2026-08-17T11:31:08Z</time>
   </trkpt>
   <trkpt lat="22.7405220" lon="120.3330760">
    <ele>18.9</ele>
    <time>2026-08-17T11:31:09Z</time>
   </trkpt>
   <trkpt lat="22.7405510" lon="120.3330640">
    <ele>18.9</ele>
    <time>2026-08-17T11:31:10Z</time>
   </trkpt>
   <trkpt lat="22.7405840" lon="120.3330600">
    <ele>18.9</ele>
    <time>2026-08-17T11:31:11Z</time>
   </trkpt>
   <trkpt lat="22.7405930" lon="120.3330560">
    <ele>18.9</ele>
    <time>2026-08-17T11:31:12Z</time>
   </trkpt>
   <trkpt lat="22.7406060" lon="120.3330570">
    <ele>18.9</ele>
    <time>2026-08-17T11:31:13Z</time>
   </trkpt>
   <trkpt lat="22.7406340" lon="120.3330530">
    <ele>18.9</ele>
    <time>2026-08-17T11:31:14Z</time>
   </trkpt>
   <trkpt lat="22.7406630" lon="120.3330610">
    <ele>18.9</ele>
    <time>2026-08-17T11:31:15Z</time>
   </trkpt>
   <trkpt lat="22.7406950" lon="120.3330700">
    <ele>18.9</ele>
    <time>2026-08-17T11:31:16Z</time>
   </trkpt>
   <trkpt lat="22.7407290" lon="120.3330760">
    <ele>18.8</ele>
    <time>2026-08-17T11:31:17Z</time>
   </trkpt>
   <trkpt lat="22.7407710" lon="120.3330820">
    <ele>18.8</ele>
    <time>2026-08-17T11:31:18Z</time>
   </trkpt>
   <trkpt lat="22.7408110" lon="120.3330960">
    <ele>18.8</ele>
    <time>2026-08-17T11:31:19Z</time>
   </trkpt>
   <trkpt lat="22.7408490" lon="120.3330930">
    <ele>18.8</ele>
    <time>2026-08-17T11:31:20Z</time>
   </trkpt>
   <trkpt lat="22.7408830" lon="120.3330910">
    <ele>18.8</ele>
    <time>2026-08-17T11:31:21Z</time>
   </trkpt>
   <trkpt lat="22.7409120" lon="120.3331010">
    <ele>18.8</ele>
    <time>2026-08-17T11:31:22Z</time>
   </trkpt>
   <trkpt lat="22.7409360" lon="120.3330950">
    <ele>18.8</ele>
    <time>2026-08-17T11:31:23Z</time>
   </trkpt>
   <trkpt lat="22.7409600" lon="120.3331030">
    <ele>18.8</ele>
    <time>2026-08-17T11:31:24Z</time>
   </trkpt>
   <trkpt lat="22.7409820" lon="120.3331030">
    <ele>18.8</ele>
    <time>2026-08-17T11:31:25Z</time>
   </trkpt>
   <trkpt lat="22.7409950" lon="120.3330950">
    <ele>18.8</ele>
    <time>2026-08-17T11:31:26Z</time>
   </trkpt>
   <trkpt lat="22.7410210" lon="120.3330960">
    <ele>18.8</ele>
    <time>2026-08-17T11:31:27Z</time>
   </trkpt>
   <trkpt lat="22.7410550" lon="120.3330960">
    <ele>18.8</ele>
    <time>2026-08-17T11:31:28Z</time>
   </trkpt>
   <trkpt lat="22.7410980" lon="120.3331130">
    <ele>18.8</ele>
    <time>2026-08-17T11:31:29Z</time>
   </trkpt>
   <trkpt lat="22.7411400" lon="120.3331230">
    <ele>18.8</ele>
    <time>2026-08-17T11:31:30Z</time>
   </trkpt>
   <trkpt lat="22.7411880" lon="120.3331170">
    <ele>18.7</ele>
    <time>2026-08-17T11:31:31Z</time>
   </trkpt>
   <trkpt lat="22.7412300" lon="120.3331210">
    <ele>18.7</ele>
    <time>2026-08-17T11:31:32Z</time>
   </trkpt>
   <trkpt lat="22.7412750" lon="120.3331280">
    <ele>18.7</ele>
    <time>2026-08-17T11:31:33Z</time>
   </trkpt>
   <trkpt lat="22.7413250" lon="120.3331260">
    <ele>18.7</ele>
    <time>2026-08-17T11:31:34Z</time>
   </trkpt>
   <trkpt lat="22.7413760" lon="120.3331270">
    <ele>18.7</ele>
    <time>2026-08-17T11:31:35Z</time>
   </trkpt>
   <trkpt lat="22.7414270" lon="120.3331200">
    <ele>18.7</ele>
    <time>2026-08-17T11:31:36Z</time>
   </trkpt>
   <trkpt lat="22.7414700" lon="120.3331330">
    <ele>18.6</ele>
    <time>2026-08-17T11:31:37Z</time>
   </trkpt>
   <trkpt lat="22.7415050" lon="120.3331410">
    <ele>18.6</ele>
    <time>2026-08-17T11:31:38Z</time>
   </trkpt>
   <trkpt lat="22.7415360" lon="120.3331390">
    <ele>18.6</ele>
    <time>2026-08-17T11:31:39Z</time>
   </trkpt>
   <trkpt lat="22.7415610" lon="120.3331380">
    <ele>18.6</ele>
    <time>2026-08-17T11:31:40Z</time>
   </trkpt>
   <trkpt lat="22.7415640" lon="120.3331250">
    <ele>18.6</ele>
    <time>2026-08-17T11:31:41Z</time>
   </trkpt>
   <trkpt lat="22.7415560" lon="120.3331220">
    <ele>18.6</ele>
    <time>2026-08-17T11:31:42Z</time>
   </trkpt>
   <trkpt lat="22.7415500" lon="120.3331170">
    <ele>18.6</ele>
    <time>2026-08-17T11:31:43Z</time>
   </trkpt>
   <trkpt lat="22.7415470" lon="120.3331110">
    <ele>18.6</ele>
    <time>2026-08-17T11:31:44Z</time>
   </trkpt>
   <trkpt lat="22.7415460" lon="120.3331140">
    <ele>18.6</ele>
    <time>2026-08-17T11:31:45Z</time>
   </trkpt>
   <trkpt lat="22.7415400" lon="120.3331200">
    <ele>18.6</ele>
    <time>2026-08-17T11:31:46Z</time>
   </trkpt>
   <trkpt lat="22.7415180" lon="120.3331360">
    <ele>18.6</ele>
    <time>2026-08-17T11:31:47Z</time>
   </trkpt>
   <trkpt lat="22.7415110" lon="120.3331610">
    <ele>18.6</ele>
    <time>2026-08-17T11:31:48Z</time>
   </trkpt>
   <trkpt lat="22.7415100" lon="120.3331930">
    <ele>18.6</ele>
    <time>2026-08-17T11:31:49Z</time>
   </trkpt>
   <trkpt lat="22.7415100" lon="120.3332190">
    <ele>18.6</ele>
    <time>2026-08-17T11:31:50Z</time>
   </trkpt>
   <trkpt lat="22.7415210" lon="120.3332350">
    <ele>18.6</ele>
    <time>2026-08-17T11:31:51Z</time>
   </trkpt>
   <trkpt lat="22.7415290" lon="120.3332390">
    <ele>18.6</ele>
    <time>2026-08-17T11:31:52Z</time>
   </trkpt>
   <trkpt lat="22.7415390" lon="120.3332400">
    <ele>18.6</ele>
    <time>2026-08-17T11:31:53Z</time>
   </trkpt>
   <trkpt lat="22.7415510" lon="120.3332420">
    <ele>18.6</ele>
    <time>2026-08-17T11:31:54Z</time>
   </trkpt>
   <trkpt lat="22.7415530" lon="120.3332480">
    <ele>18.6</ele>
    <time>2026-08-17T11:31:55Z</time>
   </trkpt>
   <trkpt lat="22.7415680" lon="120.3332500">
    <ele>18.6</ele>
    <time>2026-08-17T11:31:56Z</time>
   </trkpt>
   <trkpt lat="22.7415640" lon="120.3332510">
    <ele>18.6</ele>
    <time>2026-08-17T11:31:57Z</time>
   </trkpt>
   <trkpt lat="22.7415540" lon="120.3332500">
    <ele>18.6</ele>
    <time>2026-08-17T11:31:58Z</time>
   </trkpt>
   <trkpt lat="22.7415620" lon="120.3332480">
    <ele>18.6</ele>
    <time>2026-08-17T11:31:59Z</time>
   </trkpt>
   <trkpt lat="22.7415660" lon="120.3332470">
    <ele>18.6</ele>
    <time>2026-08-17T11:32:00Z</time>
   </trkpt>
   <trkpt lat="22.7415710" lon="120.3332450">
    <ele>18.6</ele>
    <time>2026-08-17T11:32:01Z</time>
   </trkpt>
   <trkpt lat="22.7415830" lon="120.3332490">
    <ele>18.6</ele>
    <time>2026-08-17T11:32:02Z</time>
   </trkpt>
   <trkpt lat="22.7415890" lon="120.3332580">
    <ele>18.6</ele>
    <time>2026-08-17T11:32:03Z</time>
   </trkpt>
   <trkpt lat="22.7415900" lon="120.3332710">
    <ele>18.6</ele>
    <time>2026-08-17T11:32:04Z</time>
   </trkpt>
   <trkpt lat="22.7415810" lon="120.3332810">
    <ele>18.6</ele>
    <time>2026-08-17T11:32:05Z</time>
   </trkpt>
   <trkpt lat="22.7415740" lon="120.3332920">
    <ele>18.6</ele>
    <time>2026-08-17T11:32:06Z</time>
   </trkpt>
   <trkpt lat="22.7415720" lon="120.3333030">
    <ele>18.6</ele>
    <time>2026-08-17T11:32:07Z</time>
   </trkpt>
   <trkpt lat="22.7415680" lon="120.3333120">
    <ele>18.6</ele>
    <time>2026-08-17T11:32:08Z</time>
   </trkpt>
   <trkpt lat="22.7415630" lon="120.3333270">
    <ele>18.6</ele>
    <time>2026-08-17T11:32:09Z</time>
   </trkpt>
   <trkpt lat="22.7415600" lon="120.3333350">
    <ele>18.6</ele>
    <time>2026-08-17T11:32:10Z</time>
   </trkpt>
   <trkpt lat="22.7415600" lon="120.3333420">
    <ele>18.7</ele>
    <time>2026-08-17T11:32:11Z</time>
   </trkpt>
   <trkpt lat="22.7415180" lon="120.3334010">
    <ele>18.7</ele>
    <time>2026-08-17T11:32:19Z</time>
   </trkpt>
   <trkpt lat="22.7415020" lon="120.3334040">
    <ele>18.7</ele>
    <time>2026-08-17T11:32:20Z</time>
   </trkpt>
   <trkpt lat="22.7414890" lon="120.3334040">
    <ele>18.7</ele>
    <time>2026-08-17T11:32:21Z</time>
   </trkpt>
   <trkpt lat="22.7414990" lon="120.3334140">
    <ele>18.7</ele>
    <time>2026-08-17T11:32:22Z</time>
   </trkpt>
   <trkpt lat="22.7414980" lon="120.3334200">
    <ele>18.7</ele>
    <time>2026-08-17T11:32:23Z</time>
   </trkpt>
   <trkpt lat="22.7414890" lon="120.3334190">
    <ele>18.7</ele>
    <time>2026-08-17T11:32:24Z</time>
   </trkpt>
   <trkpt lat="22.7414830" lon="120.3334180">
    <ele>18.7</ele>
    <time>2026-08-17T11:32:25Z</time>
   </trkpt>
   <trkpt lat="22.7414750" lon="120.3334150">
    <ele>18.7</ele>
    <time>2026-08-17T11:32:26Z</time>
   </trkpt>
   <trkpt lat="22.7414760" lon="120.3334150">
    <ele>18.7</ele>
    <time>2026-08-17T11:32:27Z</time>
   </trkpt>
   <trkpt lat="22.7414760" lon="120.3334150">
    <ele>18.7</ele>
    <time>2026-08-17T11:32:28Z</time>
   </trkpt>
   <trkpt lat="22.7414630" lon="120.3334160">
    <ele>18.7</ele>
    <time>2026-08-17T11:32:29Z</time>
   </trkpt>
   <trkpt lat="22.7414640" lon="120.3334140">
    <ele>18.7</ele>
    <time>2026-08-17T11:32:30Z</time>
   </trkpt>
   <trkpt lat="22.7415140" lon="120.3334730">
    <ele>18.7</ele>
    <time>2026-08-17T11:32:55Z</time>
   </trkpt>
   <trkpt lat="22.7415040" lon="120.3334780">
    <ele>18.7</ele>
    <time>2026-08-17T11:32:56Z</time>
   </trkpt>
   <trkpt lat="22.7415010" lon="120.3334900">
    <ele>18.7</ele>
    <time>2026-08-17T11:32:57Z</time>
   </trkpt>
   <trkpt lat="22.7414880" lon="120.3334950">
    <ele>18.7</ele>
    <time>2026-08-17T11:32:58Z</time>
   </trkpt>
   <trkpt lat="22.7414800" lon="120.3334960">
    <ele>18.7</ele>
    <time>2026-08-17T11:32:59Z</time>
   </trkpt>
   <trkpt lat="22.7414740" lon="120.3334890">
    <ele>18.7</ele>
    <time>2026-08-17T11:33:00Z</time>
   </trkpt>
   <trkpt lat="22.7414640" lon="120.3334880">
    <ele>18.7</ele>
    <time>2026-08-17T11:33:01Z</time>
   </trkpt>
   <trkpt lat="22.7414570" lon="120.3334850">
    <ele>18.7</ele>
    <time>2026-08-17T11:33:02Z</time>
   </trkpt>
   <trkpt lat="22.7414570" lon="120.3334850">
    <ele>18.7</ele>
    <time>2026-08-17T11:33:03Z</time>
   </trkpt>
   <trkpt lat="22.7414570" lon="120.3334850">
    <ele>18.7</ele>
    <time>2026-08-17T11:33:04Z</time>
   </trkpt>
   <trkpt lat="22.7414460" lon="120.3334800">
    <ele>18.7</ele>
    <time>2026-08-17T11:33:05Z</time>
   </trkpt>
   <trkpt lat="22.7414420" lon="120.3334810">
    <ele>18.7</ele>
    <time>2026-08-17T11:33:06Z</time>
   </trkpt>
   <trkpt lat="22.7414450" lon="120.3334810">
    <ele>18.7</ele>
    <time>2026-08-17T11:33:07Z</time>
   </trkpt>
   <trkpt lat="22.7414260" lon="120.3335070">
    <ele>18.7</ele>
    <time>2026-08-17T11:33:13Z</time>
   </trkpt>
   <trkpt lat="22.7414210" lon="120.3335060">
    <ele>18.7</ele>
    <time>2026-08-17T11:33:14Z</time>
   </trkpt>
   <trkpt lat="22.7414270" lon="120.3335090">
    <ele>18.7</ele>
    <time>2026-08-17T11:33:15Z</time>
   </trkpt>
   <trkpt lat="22.7414340" lon="120.3335220">
    <ele>18.7</ele>
    <time>2026-08-17T11:33:16Z</time>
   </trkpt>
   <trkpt lat="22.7414390" lon="120.3335100">
    <ele>18.7</ele>
    <time>2026-08-17T11:33:17Z</time>
   </trkpt>
   <trkpt lat="22.7414330" lon="120.3335120">
    <ele>18.7</ele>
    <time>2026-08-17T11:33:18Z</time>
   </trkpt>
   <trkpt lat="22.7414400" lon="120.3335180">
    <ele>18.7</ele>
    <time>2026-08-17T11:33:19Z</time>
   </trkpt>
   <trkpt lat="22.7414420" lon="120.3335230">
    <ele>18.7</ele>
    <time>2026-08-17T11:33:20Z</time>
   </trkpt>
   <trkpt lat="22.7414500" lon="120.3335310">
    <ele>18.7</ele>
    <time>2026-08-17T11:33:21Z</time>
   </trkpt>
   <trkpt lat="22.7414630" lon="120.3335280">
    <ele>18.7</ele>
    <time>2026-08-17T11:33:22Z</time>
   </trkpt>
   <trkpt lat="22.7414650" lon="120.3335940">
    <ele>18.7</ele>
    <time>2026-08-17T11:33:37Z</time>
   </trkpt>
   <trkpt lat="22.7414570" lon="120.3336030">
    <ele>18.7</ele>
    <time>2026-08-17T11:33:38Z</time>
   </trkpt>
   <trkpt lat="22.7414540" lon="120.3336030">
    <ele>18.7</ele>
    <time>2026-08-17T11:33:39Z</time>
   </trkpt>
   <trkpt lat="22.7414590" lon="120.3336030">
    <ele>18.8</ele>
    <time>2026-08-17T11:33:40Z</time>
   </trkpt>
   <trkpt lat="22.7414420" lon="120.3336240">
    <ele>18.8</ele>
    <time>2026-08-17T11:33:41Z</time>
   </trkpt>
   <trkpt lat="22.7414430" lon="120.3336270">
    <ele>18.8</ele>
    <time>2026-08-17T11:33:42Z</time>
   </trkpt>
   <trkpt lat="22.7414480" lon="120.3336290">
    <ele>18.8</ele>
    <time>2026-08-17T11:33:43Z</time>
   </trkpt>
   <trkpt lat="22.7414530" lon="120.3336270">
    <ele>18.8</ele>
    <time>2026-08-17T11:33:44Z</time>
   </trkpt>
   <trkpt lat="22.7414560" lon="120.3336270">
    <ele>18.8</ele>
    <time>2026-08-17T11:33:45Z</time>
   </trkpt>
   <trkpt lat="22.7414580" lon="120.3336290">
    <ele>18.8</ele>
    <time>2026-08-17T11:33:46Z</time>
   </trkpt>
   <trkpt lat="22.7414630" lon="120.3336300">
    <ele>18.8</ele>
    <time>2026-08-17T11:33:47Z</time>
   </trkpt>
   <trkpt lat="22.7414670" lon="120.3336310">
    <ele>18.8</ele>
    <time>2026-08-17T11:33:48Z</time>
   </trkpt>
   <trkpt lat="22.7414650" lon="120.3336320">
    <ele>18.8</ele>
    <time>2026-08-17T11:33:49Z</time>
   </trkpt>
   <trkpt lat="22.7414660" lon="120.3336270">
    <ele>18.8</ele>
    <time>2026-08-17T11:33:50Z</time>
   </trkpt>
   <trkpt lat="22.7414690" lon="120.3336300">
    <ele>18.8</ele>
    <time>2026-08-17T11:33:51Z</time>
   </trkpt>
   <trkpt lat="22.7414580" lon="120.3336750">
    <ele>18.8</ele>
    <time>2026-08-17T11:33:59Z</time>
   </trkpt>
   <trkpt lat="22.7414530" lon="120.3336730">
    <ele>18.8</ele>
    <time>2026-08-17T11:34:00Z</time>
   </trkpt>
   <trkpt lat="22.7414540" lon="120.3336710">
    <ele>18.8</ele>
    <time>2026-08-17T11:34:01Z</time>
   </trkpt>
   <trkpt lat="22.7414500" lon="120.3336740">
    <ele>18.8</ele>
    <time>2026-08-17T11:34:02Z</time>
   </trkpt>
   <trkpt lat="22.7414470" lon="120.3336680">
    <ele>18.8</ele>
    <time>2026-08-17T11:34:03Z</time>
   </trkpt>
   <trkpt lat="22.7414470" lon="120.3336690">
    <ele>18.8</ele>
    <time>2026-08-17T11:34:04Z</time>
   </trkpt>
   <trkpt lat="22.7414430" lon="120.3336690">
    <ele>18.8</ele>
    <time>2026-08-17T11:34:05Z</time>
   </trkpt>
   <trkpt lat="22.7414460" lon="120.3336710">
    <ele>18.8</ele>
    <time>2026-08-17T11:34:06Z</time>
   </trkpt>
   <trkpt lat="22.7414440" lon="120.3336680">
    <ele>18.8</ele>
    <time>2026-08-17T11:34:07Z</time>
   </trkpt>
   <trkpt lat="22.7414480" lon="120.3336680">
    <ele>18.8</ele>
    <time>2026-08-17T11:34:08Z</time>
   </trkpt>
   <trkpt lat="22.7414210" lon="120.3336930">
    <ele>18.8</ele>
    <time>2026-08-17T11:34:19Z</time>
   </trkpt>
   <trkpt lat="22.7414170" lon="120.3337040">
    <ele>18.8</ele>
    <time>2026-08-17T11:34:20Z</time>
   </trkpt>
   <trkpt lat="22.7414010" lon="120.3337050">
    <ele>18.8</ele>
    <time>2026-08-17T11:34:21Z</time>
   </trkpt>
   <trkpt lat="22.7413900" lon="120.3337140">
    <ele>18.8</ele>
    <time>2026-08-17T11:34:22Z</time>
   </trkpt>
   <trkpt lat="22.7413780" lon="120.3337160">
    <ele>18.8</ele>
    <time>2026-08-17T11:34:23Z</time>
   </trkpt>
   <trkpt lat="22.7413640" lon="120.3337200">
    <ele>18.8</ele>
    <time>2026-08-17T11:34:24Z</time>
   </trkpt>
   <trkpt lat="22.7413530" lon="120.3337260">
    <ele>18.8</ele>
    <time>2026-08-17T11:34:25Z</time>
   </trkpt>
   <trkpt lat="22.7413440" lon="120.3337340">
    <ele>18.8</ele>
    <time>2026-08-17T11:34:26Z</time>
   </trkpt>
   <trkpt lat="22.7413270" lon="120.3337440">
    <ele>18.8</ele>
    <time>2026-08-17T11:34:27Z</time>
   </trkpt>
   <trkpt lat="22.7413250" lon="120.3337440">
    <ele>18.8</ele>
    <time>2026-08-17T11:34:28Z</time>
   </trkpt>
   <trkpt lat="22.7413230" lon="120.3337380">
    <ele>18.8</ele>
    <time>2026-08-17T11:34:29Z</time>
   </trkpt>
   <trkpt lat="22.7413130" lon="120.3337520">
    <ele>18.8</ele>
    <time>2026-08-17T11:34:30Z</time>
   </trkpt>
   <trkpt lat="22.7413120" lon="120.3337560">
    <ele>18.8</ele>
    <time>2026-08-17T11:34:31Z</time>
   </trkpt>
   <trkpt lat="22.7413110" lon="120.3337530">
    <ele>18.8</ele>
    <time>2026-08-17T11:34:32Z</time>
   </trkpt>
   <trkpt lat="22.7413060" lon="120.3337470">
    <ele>18.8</ele>
    <time>2026-08-17T11:34:33Z</time>
   </trkpt>
   <trkpt lat="22.7413020" lon="120.3337460">
    <ele>18.8</ele>
    <time>2026-08-17T11:34:34Z</time>
   </trkpt>
   <trkpt lat="22.7412940" lon="120.3337350">
    <ele>18.8</ele>
    <time>2026-08-17T11:34:35Z</time>
   </trkpt>
   <trkpt lat="22.7412860" lon="120.3337290">
    <ele>18.8</ele>
    <time>2026-08-17T11:34:36Z</time>
   </trkpt>
   <trkpt lat="22.7412820" lon="120.3337190">
    <ele>18.8</ele>
    <time>2026-08-17T11:34:37Z</time>
   </trkpt>
   <trkpt lat="22.7412810" lon="120.3337230">
    <ele>18.8</ele>
    <time>2026-08-17T11:34:38Z</time>
   </trkpt>
   <trkpt lat="22.7412790" lon="120.3337170">
    <ele>18.8</ele>
    <time>2026-08-17T11:34:39Z</time>
   </trkpt>
   <trkpt lat="22.7412850" lon="120.3337180">
    <ele>18.8</ele>
    <time>2026-08-17T11:34:40Z</time>
   </trkpt>
   <trkpt lat="22.7412980" lon="120.3338010">
    <ele>18.8</ele>
    <time>2026-08-17T11:35:06Z</time>
   </trkpt>
   <trkpt lat="22.7412980" lon="120.3338020">
    <ele>18.8</ele>
    <time>2026-08-17T11:35:07Z</time>
   </trkpt>
   <trkpt lat="22.7412910" lon="120.3338090">
    <ele>18.8</ele>
    <time>2026-08-17T11:35:08Z</time>
   </trkpt>
   <trkpt lat="22.7412850" lon="120.3338170">
    <ele>18.8</ele>
    <time>2026-08-17T11:35:09Z</time>
   </trkpt>
   <trkpt lat="22.7412740" lon="120.3338160">
    <ele>18.8</ele>
    <time>2026-08-17T11:35:10Z</time>
   </trkpt>
   <trkpt lat="22.7412690" lon="120.3338190">
    <ele>18.8</ele>
    <time>2026-08-17T11:35:11Z</time>
   </trkpt>
   <trkpt lat="22.7412680" lon="120.3338240">
    <ele>18.8</ele>
    <time>2026-08-17T11:35:12Z</time>
   </trkpt>
   <trkpt lat="22.7412650" lon="120.3338260">
    <ele>18.8</ele>
    <time>2026-08-17T11:35:13Z</time>
   </trkpt>
   <trkpt lat="22.7412620" lon="120.3338270">
    <ele>18.8</ele>
    <time>2026-08-17T11:35:14Z</time>
   </trkpt>
   <trkpt lat="22.7412560" lon="120.3338270">
    <ele>18.8</ele>
    <time>2026-08-17T11:35:15Z</time>
   </trkpt>
   <trkpt lat="22.7412510" lon="120.3338310">
    <ele>18.9</ele>
    <time>2026-08-17T11:35:16Z</time>
   </trkpt>
   <trkpt lat="22.7412400" lon="120.3338330">
    <ele>18.9</ele>
    <time>2026-08-17T11:35:17Z</time>
   </trkpt>
   <trkpt lat="22.7412330" lon="120.3338380">
    <ele>18.9</ele>
    <time>2026-08-17T11:35:18Z</time>
   </trkpt>
   <trkpt lat="22.7412350" lon="120.3338600">
    <ele>18.9</ele>
    <time>2026-08-17T11:35:19Z</time>
   </trkpt>
   <trkpt lat="22.7412240" lon="120.3338610">
    <ele>18.9</ele>
    <time>2026-08-17T11:35:20Z</time>
   </trkpt>
   <trkpt lat="22.7412210" lon="120.3338690">
    <ele>18.9</ele>
    <time>2026-08-17T11:35:21Z</time>
   </trkpt>
   <trkpt lat="22.7412130" lon="120.3338650">
    <ele>18.9</ele>
    <time>2026-08-17T11:35:22Z</time>
   </trkpt>
   <trkpt lat="22.7411960" lon="120.3338750">
    <ele>18.9</ele>
    <time>2026-08-17T11:35:23Z</time>
   </trkpt>
   <trkpt lat="22.7411980" lon="120.3338740">
    <ele>18.9</ele>
    <time>2026-08-17T11:35:24Z</time>
   </trkpt>
   <trkpt lat="22.7412020" lon="120.3338750">
    <ele>18.9</ele>
    <time>2026-08-17T11:35:25Z</time>
   </trkpt>
   <trkpt lat="22.7412040" lon="120.3338720">
    <ele>18.9</ele>
    <time>2026-08-17T11:35:26Z</time>
   </trkpt>
   <trkpt lat="22.7412050" lon="120.3338670">
    <ele>18.9</ele>
    <time>2026-08-17T11:35:27Z</time>
   </trkpt>
   <trkpt lat="22.7411990" lon="120.3338550">
    <ele>18.9</ele>
    <time>2026-08-17T11:35:28Z</time>
   </trkpt>
   <trkpt lat="22.7412040" lon="120.3338460">
    <ele>18.9</ele>
    <time>2026-08-17T11:35:29Z</time>
   </trkpt>
   <trkpt lat="22.7412030" lon="120.3338350">
    <ele>18.9</ele>
    <time>2026-08-17T11:35:30Z</time>
   </trkpt>
   <trkpt lat="22.7411990" lon="120.3338270">
    <ele>18.9</ele>
    <time>2026-08-17T11:35:31Z</time>
   </trkpt>
   <trkpt lat="22.7412000" lon="120.3338110">
    <ele>18.9</ele>
    <time>2026-08-17T11:35:32Z</time>
   </trkpt>
   <trkpt lat="22.7414340" lon="120.3336400">
    <ele>18.8</ele>
    <time>2026-08-17T11:35:57Z</time>
   </trkpt>
   <trkpt lat="22.7414390" lon="120.3336280">
    <ele>18.8</ele>
    <time>2026-08-17T11:35:58Z</time>
   </trkpt>
   <trkpt lat="22.7414420" lon="120.3336210">
    <ele>18.8</ele>
    <time>2026-08-17T11:35:59Z</time>
   </trkpt>
   <trkpt lat="22.7414500" lon="120.3336120">
    <ele>18.8</ele>
    <time>2026-08-17T11:36:00Z</time>
   </trkpt>
   <trkpt lat="22.7414550" lon="120.3336020">
    <ele>18.8</ele>
    <time>2026-08-17T11:36:01Z</time>
   </trkpt>
   <trkpt lat="22.7414570" lon="120.3335960">
    <ele>18.8</ele>
    <time>2026-08-17T11:36:02Z</time>
   </trkpt>
   <trkpt lat="22.7414670" lon="120.3335810">
    <ele>18.8</ele>
    <time>2026-08-17T11:36:03Z</time>
   </trkpt>
   <trkpt lat="22.7414730" lon="120.3335680">
    <ele>18.8</ele>
    <time>2026-08-17T11:36:04Z</time>
   </trkpt>
   <trkpt lat="22.7414770" lon="120.3335510">
    <ele>18.8</ele>
    <time>2026-08-17T11:36:05Z</time>
   </trkpt>
   <trkpt lat="22.7414760" lon="120.3335470">
    <ele>18.8</ele>
    <time>2026-08-17T11:36:06Z</time>
   </trkpt>
   <trkpt lat="22.7414810" lon="120.3335410">
    <ele>18.8</ele>
    <time>2026-08-17T11:36:07Z</time>
   </trkpt>
   <trkpt lat="22.7414910" lon="120.3335300">
    <ele>18.8</ele>
    <time>2026-08-17T11:36:08Z</time>
   </trkpt>
   <trkpt lat="22.7414990" lon="120.3335220">
    <ele>18.7</ele>
    <time>2026-08-17T11:36:09Z</time>
   </trkpt>
   <trkpt lat="22.7415040" lon="120.3335110">
    <ele>18.7</ele>
    <time>2026-08-17T11:36:10Z</time>
   </trkpt>
   <trkpt lat="22.7415050" lon="120.3334940">
    <ele>18.7</ele>
    <time>2026-08-17T11:36:11Z</time>
   </trkpt>
   <trkpt lat="22.7415080" lon="120.3334770">
    <ele>18.7</ele>
    <time>2026-08-17T11:36:12Z</time>
   </trkpt>
   <trkpt lat="22.7415150" lon="120.3334720">
    <ele>18.7</ele>
    <time>2026-08-17T11:36:13Z</time>
   </trkpt>
   <trkpt lat="22.7415210" lon="120.3334570">
    <ele>18.7</ele>
    <time>2026-08-17T11:36:14Z</time>
   </trkpt>
   <trkpt lat="22.7415250" lon="120.3334470">
    <ele>18.7</ele>
    <time>2026-08-17T11:36:15Z</time>
   </trkpt>
   <trkpt lat="22.7415310" lon="120.3334310">
    <ele>18.7</ele>
    <time>2026-08-17T11:36:16Z</time>
   </trkpt>
   <trkpt lat="22.7415280" lon="120.3334210">
    <ele>18.7</ele>
    <time>2026-08-17T11:36:17Z</time>
   </trkpt>
   <trkpt lat="22.7415260" lon="120.3334110">
    <ele>18.7</ele>
    <time>2026-08-17T11:36:18Z</time>
   </trkpt>
   <trkpt lat="22.7415330" lon="120.3334000">
    <ele>18.7</ele>
    <time>2026-08-17T11:36:19Z</time>
   </trkpt>
   <trkpt lat="22.7415340" lon="120.3333820">
    <ele>18.7</ele>
    <time>2026-08-17T11:36:20Z</time>
   </trkpt>
   <trkpt lat="22.7415260" lon="120.3333760">
    <ele>18.7</ele>
    <time>2026-08-17T11:36:21Z</time>
   </trkpt>
   <trkpt lat="22.7415260" lon="120.3333560">
    <ele>18.7</ele>
    <time>2026-08-17T11:36:22Z</time>
   </trkpt>
   <trkpt lat="22.7415280" lon="120.3333470">
    <ele>18.7</ele>
    <time>2026-08-17T11:36:23Z</time>
   </trkpt>
   <trkpt lat="22.7415310" lon="120.3333410">
    <ele>18.7</ele>
    <time>2026-08-17T11:36:24Z</time>
   </trkpt>
   <trkpt lat="22.7415300" lon="120.3333290">
    <ele>18.7</ele>
    <time>2026-08-17T11:36:25Z</time>
   </trkpt>
   <trkpt lat="22.7415340" lon="120.3333200">
    <ele>18.7</ele>
    <time>2026-08-17T11:36:26Z</time>
   </trkpt>
   <trkpt lat="22.7415350" lon="120.3333130">
    <ele>18.7</ele>
    <time>2026-08-17T11:36:27Z</time>
   </trkpt>
   <trkpt lat="22.7415410" lon="120.3333040">
    <ele>18.7</ele>
    <time>2026-08-17T11:36:28Z</time>
   </trkpt>
   <trkpt lat="22.7415440" lon="120.3332890">
    <ele>18.7</ele>
    <time>2026-08-17T11:36:29Z</time>
   </trkpt>
   <trkpt lat="22.7415480" lon="120.3332820">
    <ele>18.7</ele>
    <time>2026-08-17T11:36:30Z</time>
   </trkpt>
   <trkpt lat="22.7415560" lon="120.3332790">
    <ele>18.7</ele>
    <time>2026-08-17T11:36:31Z</time>
   </trkpt>
   <trkpt lat="22.7415560" lon="120.3332790">
    <ele>18.7</ele>
    <time>2026-08-17T11:36:32Z</time>
   </trkpt>
   <trkpt lat="22.7415600" lon="120.3332810">
    <ele>18.7</ele>
    <time>2026-08-17T11:36:33Z</time>
   </trkpt>
   <trkpt lat="22.7415630" lon="120.3332820">
    <ele>18.7</ele>
    <time>2026-08-17T11:36:34Z</time>
   </trkpt>
   <trkpt lat="22.7415680" lon="120.3332840">
    <ele>18.7</ele>
    <time>2026-08-17T11:36:35Z</time>
   </trkpt>
   <trkpt lat="22.7415680" lon="120.3332880">
    <ele>18.7</ele>
    <time>2026-08-17T11:36:36Z</time>
   </trkpt>
   <trkpt lat="22.7415730" lon="120.3332830">
    <ele>18.6</ele>
    <time>2026-08-17T11:36:37Z</time>
   </trkpt>
   <trkpt lat="22.7415760" lon="120.3332790">
    <ele>18.6</ele>
    <time>2026-08-17T11:36:38Z</time>
   </trkpt>
   <trkpt lat="22.7415720" lon="120.3332760">
    <ele>18.6</ele>
    <time>2026-08-17T11:36:39Z</time>
   </trkpt>
   <trkpt lat="22.7415780" lon="120.3332760">
    <ele>18.6</ele>
    <time>2026-08-17T11:36:40Z</time>
   </trkpt>
   <trkpt lat="22.7415590" lon="120.3332080">
    <ele>18.6</ele>
    <time>2026-08-17T11:36:50Z</time>
   </trkpt>
   <trkpt lat="22.7415580" lon="120.3331710">
    <ele>18.6</ele>
    <time>2026-08-17T11:36:51Z</time>
   </trkpt>
   <trkpt lat="22.7415480" lon="120.3331580">
    <ele>18.6</ele>
    <time>2026-08-17T11:36:53Z</time>
   </trkpt>
   <trkpt lat="22.7415530" lon="120.3331650">
    <ele>18.6</ele>
    <time>2026-08-17T11:36:54Z</time>
   </trkpt>
   <trkpt lat="22.7415640" lon="120.3331630">
    <ele>18.6</ele>
    <time>2026-08-17T11:36:55Z</time>
   </trkpt>
   <trkpt lat="22.7416020" lon="120.3331490">
    <ele>18.6</ele>
    <time>2026-08-17T11:36:56Z</time>
   </trkpt>
   <trkpt lat="22.7416470" lon="120.3331500">
    <ele>18.5</ele>
    <time>2026-08-17T11:36:57Z</time>
   </trkpt>
   <trkpt lat="22.7416830" lon="120.3331540">
    <ele>18.4</ele>
    <time>2026-08-17T11:36:58Z</time>
   </trkpt>
   <trkpt lat="22.7417230" lon="120.3331580">
    <ele>18.3</ele>
    <time>2026-08-17T11:36:59Z</time>
   </trkpt>
   <trkpt lat="22.7417590" lon="120.3331540">
    <ele>18.3</ele>
    <time>2026-08-17T11:37:00Z</time>
   </trkpt>
   <trkpt lat="22.7417970" lon="120.3331660">
    <ele>18.2</ele>
    <time>2026-08-17T11:37:01Z</time>
   </trkpt>
   <trkpt lat="22.7418110" lon="120.3331930">
    <ele>18.1</ele>
    <time>2026-08-17T11:37:02Z</time>
   </trkpt>
   <trkpt lat="22.7418380" lon="120.3332220">
    <ele>18.1</ele>
    <time>2026-08-17T11:37:03Z</time>
   </trkpt>
   <trkpt lat="22.7418600" lon="120.3332430">
    <ele>18.0</ele>
    <time>2026-08-17T11:37:04Z</time>
   </trkpt>
   <trkpt lat="22.7418700" lon="120.3332720">
    <ele>18.0</ele>
    <time>2026-08-17T11:37:05Z</time>
   </trkpt>
   <trkpt lat="22.7418860" lon="120.3332760">
    <ele>18.0</ele>
    <time>2026-08-17T11:37:06Z</time>
   </trkpt>
   <trkpt lat="22.7418800" lon="120.3333070">
    <ele>18.1</ele>
    <time>2026-08-17T11:37:07Z</time>
   </trkpt>
   <trkpt lat="22.7418660" lon="120.3333340">
    <ele>18.1</ele>
    <time>2026-08-17T11:37:08Z</time>
   </trkpt>
   <trkpt lat="22.7418410" lon="120.3333540">
    <ele>18.1</ele>
    <time>2026-08-17T11:37:09Z</time>
   </trkpt>
   <trkpt lat="22.7418220" lon="120.3333800">
    <ele>18.1</ele>
    <time>2026-08-17T11:37:10Z</time>
   </trkpt>
   <trkpt lat="22.7417980" lon="120.3334180">
    <ele>18.1</ele>
    <time>2026-08-17T11:37:11Z</time>
   </trkpt>
   <trkpt lat="22.7417730" lon="120.3334540">
    <ele>18.1</ele>
    <time>2026-08-17T11:37:12Z</time>
   </trkpt>
   <trkpt lat="22.7417590" lon="120.3334840">
    <ele>18.1</ele>
    <time>2026-08-17T11:37:13Z</time>
   </trkpt>
   <trkpt lat="22.7417430" lon="120.3335070">
    <ele>18.1</ele>
    <time>2026-08-17T11:37:14Z</time>
   </trkpt>
   <trkpt lat="22.7417160" lon="120.3335420">
    <ele>18.1</ele>
    <time>2026-08-17T11:37:15Z</time>
   </trkpt>
   <trkpt lat="22.7416850" lon="120.3335830">
    <ele>18.1</ele>
    <time>2026-08-17T11:37:16Z</time>
   </trkpt>
   <trkpt lat="22.7416470" lon="120.3336250">
    <ele>18.1</ele>
    <time>2026-08-17T11:37:17Z</time>
   </trkpt>
   <trkpt lat="22.7416120" lon="120.3336740">
    <ele>18.1</ele>
    <time>2026-08-17T11:37:18Z</time>
   </trkpt>
   <trkpt lat="22.7416050" lon="120.3337270">
    <ele>18.1</ele>
    <time>2026-08-17T11:37:19Z</time>
   </trkpt>
   <trkpt lat="22.7415870" lon="120.3337710">
    <ele>18.1</ele>
    <time>2026-08-17T11:37:20Z</time>
   </trkpt>
   <trkpt lat="22.7415600" lon="120.3338230">
    <ele>18.1</ele>
    <time>2026-08-17T11:37:21Z</time>
   </trkpt>
   <trkpt lat="22.7415440" lon="120.3338700">
    <ele>18.1</ele>
    <time>2026-08-17T11:37:22Z</time>
   </trkpt>
   <trkpt lat="22.7415290" lon="120.3339050">
    <ele>18.1</ele>
    <time>2026-08-17T11:37:23Z</time>
   </trkpt>
   <trkpt lat="22.7415170" lon="120.3339330">
    <ele>18.1</ele>
    <time>2026-08-17T11:37:24Z</time>
   </trkpt>
   <trkpt lat="22.7415090" lon="120.3339610">
    <ele>18.1</ele>
    <time>2026-08-17T11:37:25Z</time>
   </trkpt>
   <trkpt lat="22.7415000" lon="120.3340020">
    <ele>18.1</ele>
    <time>2026-08-17T11:37:26Z</time>
   </trkpt>
   <trkpt lat="22.7414900" lon="120.3340320">
    <ele>18.1</ele>
    <time>2026-08-17T11:37:27Z</time>
   </trkpt>
   <trkpt lat="22.7414600" lon="120.3340580">
    <ele>18.1</ele>
    <time>2026-08-17T11:37:28Z</time>
   </trkpt>
   <trkpt lat="22.7414360" lon="120.3340790">
    <ele>18.1</ele>
    <time>2026-08-17T11:37:29Z</time>
   </trkpt>
   <trkpt lat="22.7414340" lon="120.3341110">
    <ele>18.1</ele>
    <time>2026-08-17T11:37:30Z</time>
   </trkpt>
   <trkpt lat="22.7414320" lon="120.3341370">
    <ele>18.0</ele>
    <time>2026-08-17T11:37:31Z</time>
   </trkpt>
   <trkpt lat="22.7414210" lon="120.3341580">
    <ele>18.0</ele>
    <time>2026-08-17T11:37:32Z</time>
   </trkpt>
   <trkpt lat="22.7414110" lon="120.3341730">
    <ele>18.0</ele>
    <time>2026-08-17T11:37:33Z</time>
   </trkpt>
   <trkpt lat="22.7414030" lon="120.3341880">
    <ele>18.0</ele>
    <time>2026-08-17T11:37:34Z</time>
   </trkpt>
   <trkpt lat="22.7413890" lon="120.3341940">
    <ele>18.0</ele>
    <time>2026-08-17T11:37:35Z</time>
   </trkpt>
   <trkpt lat="22.7413760" lon="120.3342210">
    <ele>18.0</ele>
    <time>2026-08-17T11:37:36Z</time>
   </trkpt>
   <trkpt lat="22.7413930" lon="120.3342590">
    <ele>18.0</ele>
    <time>2026-08-17T11:37:37Z</time>
   </trkpt>
   <trkpt lat="22.7414400" lon="120.3342510">
    <ele>18.0</ele>
    <time>2026-08-17T11:37:38Z</time>
   </trkpt>
   <trkpt lat="22.7414780" lon="120.3342430">
    <ele>18.0</ele>
    <time>2026-08-17T11:37:39Z</time>
   </trkpt>
   <trkpt lat="22.7415060" lon="120.3342400">
    <ele>18.0</ele>
    <time>2026-08-17T11:37:40Z</time>
   </trkpt>
   <trkpt lat="22.7415330" lon="120.3342440">
    <ele>18.0</ele>
    <time>2026-08-17T11:37:41Z</time>
   </trkpt>
   <trkpt lat="22.7415550" lon="120.3342220">
    <ele>18.1</ele>
    <time>2026-08-17T11:37:42Z</time>
   </trkpt>
   <trkpt lat="22.7415760" lon="120.3341830">
    <ele>18.1</ele>
    <time>2026-08-17T11:37:43Z</time>
   </trkpt>
   <trkpt lat="22.7415800" lon="120.3341370">
    <ele>18.1</ele>
    <time>2026-08-17T11:37:44Z</time>
   </trkpt>
   <trkpt lat="22.7415790" lon="120.3340770">
    <ele>18.1</ele>
    <time>2026-08-17T11:37:45Z</time>
   </trkpt>
   <trkpt lat="22.7415860" lon="120.3340250">
    <ele>18.1</ele>
    <time>2026-08-17T11:37:46Z</time>
   </trkpt>
   <trkpt lat="22.7416130" lon="120.3339780">
    <ele>18.1</ele>
    <time>2026-08-17T11:37:47Z</time>
   </trkpt>
   <trkpt lat="22.7416430" lon="120.3339310">
    <ele>18.1</ele>
    <time>2026-08-17T11:37:48Z</time>
   </trkpt>
   <trkpt lat="22.7416730" lon="120.3338760">
    <ele>18.1</ele>
    <time>2026-08-17T11:37:49Z</time>
   </trkpt>
   <trkpt lat="22.7417010" lon="120.3338190">
    <ele>18.1</ele>
    <time>2026-08-17T11:37:50Z</time>
   </trkpt>
   <trkpt lat="22.7417270" lon="120.3337620">
    <ele>18.1</ele>
    <time>2026-08-17T11:37:51Z</time>
   </trkpt>
   <trkpt lat="22.7417540" lon="120.3337120">
    <ele>18.1</ele>
    <time>2026-08-17T11:37:52Z</time>
   </trkpt>
   <trkpt lat="22.7418080" lon="120.3336070">
    <ele>18.1</ele>
    <time>2026-08-17T11:37:53Z</time>
   </trkpt>
   <trkpt lat="22.7418320" lon="120.3335590">
    <ele>18.1</ele>
    <time>2026-08-17T11:37:54Z</time>
   </trkpt>
   <trkpt lat="22.7418540" lon="120.3335140">
    <ele>18.1</ele>
    <time>2026-08-17T11:37:55Z</time>
   </trkpt>
   <trkpt lat="22.7418770" lon="120.3334730">
    <ele>18.1</ele>
    <time>2026-08-17T11:37:56Z</time>
   </trkpt>
   <trkpt lat="22.7418950" lon="120.3334340">
    <ele>18.1</ele>
    <time>2026-08-17T11:37:57Z</time>
   </trkpt>
   <trkpt lat="22.7419140" lon="120.3333910">
    <ele>18.1</ele>
    <time>2026-08-17T11:37:58Z</time>
   </trkpt>
   <trkpt lat="22.7419370" lon="120.3333490">
    <ele>18.1</ele>
    <time>2026-08-17T11:37:59Z</time>
   </trkpt>
   <trkpt lat="22.7419620" lon="120.3333090">
    <ele>18.1</ele>
    <time>2026-08-17T11:38:00Z</time>
   </trkpt>
   <trkpt lat="22.7419870" lon="120.3332670">
    <ele>18.0</ele>
    <time>2026-08-17T11:38:01Z</time>
   </trkpt>
   <trkpt lat="22.7420140" lon="120.3332200">
    <ele>18.0</ele>
    <time>2026-08-17T11:38:02Z</time>
   </trkpt>
   <trkpt lat="22.7420370" lon="120.3331700">
    <ele>18.0</ele>
    <time>2026-08-17T11:38:03Z</time>
   </trkpt>
   <trkpt lat="22.7420580" lon="120.3331210">
    <ele>18.0</ele>
    <time>2026-08-17T11:38:04Z</time>
   </trkpt>
   <trkpt lat="22.7420830" lon="120.3330760">
    <ele>18.0</ele>
    <time>2026-08-17T11:38:05Z</time>
   </trkpt>
   <trkpt lat="22.7421070" lon="120.3330330">
    <ele>18.0</ele>
    <time>2026-08-17T11:38:06Z</time>
   </trkpt>
   <trkpt lat="22.7421260" lon="120.3329960">
    <ele>18.0</ele>
    <time>2026-08-17T11:38:07Z</time>
   </trkpt>
   <trkpt lat="22.7421440" lon="120.3329570">
    <ele>17.9</ele>
    <time>2026-08-17T11:38:08Z</time>
   </trkpt>
   <trkpt lat="22.7421600" lon="120.3329270">
    <ele>17.9</ele>
    <time>2026-08-17T11:38:09Z</time>
   </trkpt>
   <trkpt lat="22.7421790" lon="120.3329020">
    <ele>17.9</ele>
    <time>2026-08-17T11:38:10Z</time>
   </trkpt>
   <trkpt lat="22.7421990" lon="120.3328790">
    <ele>17.9</ele>
    <time>2026-08-17T11:38:11Z</time>
   </trkpt>
   <trkpt lat="22.7422160" lon="120.3328550">
    <ele>17.9</ele>
    <time>2026-08-17T11:38:12Z</time>
   </trkpt>
   <trkpt lat="22.7422280" lon="120.3328340">
    <ele>17.9</ele>
    <time>2026-08-17T11:38:13Z</time>
   </trkpt>
   <trkpt lat="22.7422380" lon="120.3328160">
    <ele>17.8</ele>
    <time>2026-08-17T11:38:14Z</time>
   </trkpt>
   <trkpt lat="22.7422440" lon="120.3328080">
    <ele>17.8</ele>
    <time>2026-08-17T11:38:15Z</time>
   </trkpt>
   <trkpt lat="22.7422510" lon="120.3327950">
    <ele>17.8</ele>
    <time>2026-08-17T11:38:16Z</time>
   </trkpt>
   <trkpt lat="22.7422420" lon="120.3327620">
    <ele>17.8</ele>
    <time>2026-08-17T11:38:17Z</time>
   </trkpt>
   <trkpt lat="22.7422220" lon="120.3327250">
    <ele>17.8</ele>
    <time>2026-08-17T11:38:18Z</time>
   </trkpt>
   <trkpt lat="22.7421880" lon="120.3326910">
    <ele>17.8</ele>
    <time>2026-08-17T11:38:19Z</time>
   </trkpt>
   <trkpt lat="22.7421590" lon="120.3326560">
    <ele>17.8</ele>
    <time>2026-08-17T11:38:20Z</time>
   </trkpt>
   <trkpt lat="22.7421340" lon="120.3326310">
    <ele>17.9</ele>
    <time>2026-08-17T11:38:21Z</time>
   </trkpt>
   <trkpt lat="22.7421120" lon="120.3326170">
    <ele>17.9</ele>
    <time>2026-08-17T11:38:23Z</time>
   </trkpt>
   <trkpt lat="22.7420910" lon="120.3326060">
    <ele>17.9</ele>
    <time>2026-08-17T11:38:24Z</time>
   </trkpt>
   <trkpt lat="22.7420740" lon="120.3326000">
    <ele>17.9</ele>
    <time>2026-08-17T11:38:25Z</time>
   </trkpt>
   <trkpt lat="22.7420470" lon="120.3325860">
    <ele>18.0</ele>
    <time>2026-08-17T11:38:26Z</time>
   </trkpt>
   <trkpt lat="22.7420470" lon="120.3325860">
    <ele>18.0</ele>
    <time>2026-08-17T11:38:27Z</time>
   </trkpt>
   <trkpt lat="22.7420470" lon="120.3325860">
    <ele>18.0</ele>
    <time>2026-08-17T11:38:28Z</time>
   </trkpt>
   <trkpt lat="22.7420190" lon="120.3325750">
    <ele>18.0</ele>
    <time>2026-08-17T11:38:29Z</time>
   </trkpt>
   <trkpt lat="22.7420190" lon="120.3325750">
    <ele>18.0</ele>
    <time>2026-08-17T11:38:30Z</time>
   </trkpt>
   <trkpt lat="22.7420190" lon="120.3325750">
    <ele>18.0</ele>
    <time>2026-08-17T11:38:31Z</time>
   </trkpt>
   <trkpt lat="22.7420190" lon="120.3325750">
    <ele>18.0</ele>
    <time>2026-08-17T11:38:32Z</time>
   </trkpt>
   <trkpt lat="22.7419940" lon="120.3325640">
    <ele>18.0</ele>
    <time>2026-08-17T11:38:33Z</time>
   </trkpt>
   <trkpt lat="22.7419930" lon="120.3325630">
    <ele>18.0</ele>
    <time>2026-08-17T11:38:34Z</time>
   </trkpt>
   <trkpt lat="22.7419910" lon="120.3325630">
    <ele>18.0</ele>
    <time>2026-08-17T11:38:35Z</time>
   </trkpt>
   <trkpt lat="22.7419890" lon="120.3325620">
    <ele>18.0</ele>
    <time>2026-08-17T11:38:36Z</time>
   </trkpt>
   <trkpt lat="22.7419870" lon="120.3325610">
    <ele>18.0</ele>
    <time>2026-08-17T11:38:37Z</time>
   </trkpt>
   <trkpt lat="22.7419850" lon="120.3325600">
    <ele>18.1</ele>
    <time>2026-08-17T11:38:38Z</time>
   </trkpt>
   <trkpt lat="22.7419830" lon="120.3325600">
    <ele>18.1</ele>
    <time>2026-08-17T11:38:39Z</time>
   </trkpt>
   <trkpt lat="22.7418920" lon="120.3325220">
    <ele>18.1</ele>
    <time>2026-08-17T11:39:29Z</time>
   </trkpt>
   <trkpt lat="22.7418900" lon="120.3325210">
    <ele>18.1</ele>
    <time>2026-08-17T11:39:30Z</time>
   </trkpt>
   <trkpt lat="22.7418500" lon="120.3324880">
    <ele>18.2</ele>
    <time>2026-08-17T11:39:31Z</time>
   </trkpt>
   <trkpt lat="22.7418150" lon="120.3324700">
    <ele>18.2</ele>
    <time>2026-08-17T11:39:32Z</time>
   </trkpt>
   <trkpt lat="22.7417810" lon="120.3324460">
    <ele>18.3</ele>
    <time>2026-08-17T11:39:33Z</time>
   </trkpt>
   <trkpt lat="22.7417630" lon="120.3324440">
    <ele>18.3</ele>
    <time>2026-08-17T11:39:34Z</time>
   </trkpt>
   <trkpt lat="22.7417490" lon="120.3324370">
    <ele>18.3</ele>
    <time>2026-08-17T11:39:35Z</time>
   </trkpt>
   <trkpt lat="22.7417210" lon="120.3324190">
    <ele>18.3</ele>
    <time>2026-08-17T11:39:36Z</time>
   </trkpt>
   <trkpt lat="22.7417120" lon="120.3324480">
    <ele>18.3</ele>
    <time>2026-08-17T11:39:37Z</time>
   </trkpt>
   <trkpt lat="22.7417290" lon="120.3325080">
    <ele>18.3</ele>
    <time>2026-08-17T11:39:38Z</time>
   </trkpt>
   <trkpt lat="22.7417320" lon="120.3325350">
    <ele>18.3</ele>
    <time>2026-08-17T11:39:39Z</time>
   </trkpt>
   <trkpt lat="22.7417450" lon="120.3325480">
    <ele>18.3</ele>
    <time>2026-08-17T11:39:40Z</time>
   </trkpt>
   <trkpt lat="22.7417640" lon="120.3325620">
    <ele>18.3</ele>
    <time>2026-08-17T11:39:41Z</time>
   </trkpt>
   <trkpt lat="22.7417780" lon="120.3325800">
    <ele>18.3</ele>
    <time>2026-08-17T11:39:42Z</time>
   </trkpt>
   <trkpt lat="22.7417860" lon="120.3325870">
    <ele>18.3</ele>
    <time>2026-08-17T11:39:43Z</time>
   </trkpt>
   <trkpt lat="22.7417880" lon="120.3325860">
    <ele>18.3</ele>
    <time>2026-08-17T11:39:44Z</time>
   </trkpt>
   <trkpt lat="22.7417920" lon="120.3325870">
    <ele>18.3</ele>
    <time>2026-08-17T11:39:45Z</time>
   </trkpt>
   <trkpt lat="22.7417910" lon="120.3325820">
    <ele>18.3</ele>
    <time>2026-08-17T11:39:46Z</time>
   </trkpt>
   <trkpt lat="22.7417960" lon="120.3325800">
    <ele>18.3</ele>
    <time>2026-08-17T11:39:47Z</time>
   </trkpt>
   <trkpt lat="22.7418050" lon="120.3325860">
    <ele>18.3</ele>
    <time>2026-08-17T11:39:48Z</time>
   </trkpt>
   <trkpt lat="22.7418050" lon="120.3325880">
    <ele>18.3</ele>
    <time>2026-08-17T11:39:49Z</time>
   </trkpt>
   <trkpt lat="22.7418000" lon="120.3325950">
    <ele>18.3</ele>
    <time>2026-08-17T11:39:50Z</time>
   </trkpt>
   <trkpt lat="22.7417970" lon="120.3325990">
    <ele>18.3</ele>
    <time>2026-08-17T11:39:51Z</time>
   </trkpt>
   <trkpt lat="22.7417920" lon="120.3326070">
    <ele>18.3</ele>
    <time>2026-08-17T11:39:52Z</time>
   </trkpt>
   <trkpt lat="22.7417830" lon="120.3326150">
    <ele>18.3</ele>
    <time>2026-08-17T11:39:53Z</time>
   </trkpt>
   <trkpt lat="22.7417750" lon="120.3326200">
    <ele>18.3</ele>
    <time>2026-08-17T11:39:54Z</time>
   </trkpt>
   <trkpt lat="22.7417550" lon="120.3326180">
    <ele>18.3</ele>
    <time>2026-08-17T11:39:55Z</time>
   </trkpt>
   <trkpt lat="22.7417450" lon="120.3326220">
    <ele>18.3</ele>
    <time>2026-08-17T11:39:56Z</time>
   </trkpt>
   <trkpt lat="22.7417420" lon="120.3326220">
    <ele>18.3</ele>
    <time>2026-08-17T11:39:57Z</time>
   </trkpt>
   <trkpt lat="22.7417560" lon="120.3326480">
    <ele>18.3</ele>
    <time>2026-08-17T11:39:58Z</time>
   </trkpt>
   <trkpt lat="22.7417600" lon="120.3326470">
    <ele>18.3</ele>
    <time>2026-08-17T11:39:59Z</time>
   </trkpt>
   <trkpt lat="22.7417620" lon="120.3326470">
    <ele>18.3</ele>
    <time>2026-08-17T11:40:00Z</time>
   </trkpt>
   <trkpt lat="22.7417680" lon="120.3326440">
    <ele>18.3</ele>
    <time>2026-08-17T11:40:01Z</time>
   </trkpt>
   <trkpt lat="22.7417730" lon="120.3326480">
    <ele>18.3</ele>
    <time>2026-08-17T11:40:02Z</time>
   </trkpt>
   <trkpt lat="22.7417770" lon="120.3326500">
    <ele>18.3</ele>
    <time>2026-08-17T11:40:03Z</time>
   </trkpt>
   <trkpt lat="22.7417780" lon="120.3326490">
    <ele>18.3</ele>
    <time>2026-08-17T11:40:04Z</time>
   </trkpt>
   <trkpt lat="22.7417780" lon="120.3326490">
    <ele>18.3</ele>
    <time>2026-08-17T11:40:05Z</time>
   </trkpt>
   <trkpt lat="22.7417780" lon="120.3326490">
    <ele>18.3</ele>
    <time>2026-08-17T11:40:06Z</time>
   </trkpt>
   <trkpt lat="22.7416930" lon="120.3327310">
    <ele>18.4</ele>
    <time>2026-08-17T11:40:40Z</time>
   </trkpt>
   <trkpt lat="22.7416850" lon="120.3327450">
    <ele>18.4</ele>
    <time>2026-08-17T11:40:41Z</time>
   </trkpt>
   <trkpt lat="22.7416760" lon="120.3327590">
    <ele>18.4</ele>
    <time>2026-08-17T11:40:42Z</time>
   </trkpt>
   <trkpt lat="22.7416840" lon="120.3327700">
    <ele>18.4</ele>
    <time>2026-08-17T11:40:43Z</time>
   </trkpt>
   <trkpt lat="22.7416670" lon="120.3327760">
    <ele>18.4</ele>
    <time>2026-08-17T11:40:44Z</time>
   </trkpt>
   <trkpt lat="22.7416950" lon="120.3328000">
    <ele>18.4</ele>
    <time>2026-08-17T11:40:45Z</time>
   </trkpt>
   <trkpt lat="22.7416930" lon="120.3328030">
    <ele>18.4</ele>
    <time>2026-08-17T11:40:46Z</time>
   </trkpt>
   <trkpt lat="22.7416870" lon="120.3328270">
    <ele>18.4</ele>
    <time>2026-08-17T11:40:47Z</time>
   </trkpt>
   <trkpt lat="22.7416740" lon="120.3328260">
    <ele>18.4</ele>
    <time>2026-08-17T11:40:48Z</time>
   </trkpt>
   <trkpt lat="22.7416740" lon="120.3328290">
    <ele>18.4</ele>
    <time>2026-08-17T11:40:49Z</time>
   </trkpt>
   <trkpt lat="22.7416740" lon="120.3328250">
    <ele>18.4</ele>
    <time>2026-08-17T11:40:50Z</time>
   </trkpt>
   <trkpt lat="22.7416890" lon="120.3328290">
    <ele>18.4</ele>
    <time>2026-08-17T11:40:51Z</time>
   </trkpt>
   <trkpt lat="22.7417020" lon="120.3328280">
    <ele>18.4</ele>
    <time>2026-08-17T11:40:52Z</time>
   </trkpt>
   <trkpt lat="22.7416950" lon="120.3328230">
    <ele>18.4</ele>
    <time>2026-08-17T11:40:53Z</time>
   </trkpt>
   <trkpt lat="22.7416950" lon="120.3328230">
    <ele>18.4</ele>
    <time>2026-08-17T11:40:54Z</time>
   </trkpt>
   <trkpt lat="22.7416950" lon="120.3328230">
    <ele>18.4</ele>
    <time>2026-08-17T11:40:55Z</time>
   </trkpt>
   <trkpt lat="22.7416950" lon="120.3328230">
    <ele>18.4</ele>
    <time>2026-08-17T11:40:56Z</time>
   </trkpt>
   <trkpt lat="22.7416700" lon="120.3328330">
    <ele>18.4</ele>
    <time>2026-08-17T11:40:58Z</time>
   </trkpt>
   <trkpt lat="22.7416560" lon="120.3328450">
    <ele>18.4</ele>
    <time>2026-08-17T11:40:59Z</time>
   </trkpt>
   <trkpt lat="22.7416390" lon="120.3328550">
    <ele>18.4</ele>
    <time>2026-08-17T11:41:00Z</time>
   </trkpt>
   <trkpt lat="22.7416240" lon="120.3328520">
    <ele>18.4</ele>
    <time>2026-08-17T11:41:01Z</time>
   </trkpt>
   <trkpt lat="22.7416510" lon="120.3328630">
    <ele>18.4</ele>
    <time>2026-08-17T11:41:02Z</time>
   </trkpt>
   <trkpt lat="22.7416570" lon="120.3328710">
    <ele>18.4</ele>
    <time>2026-08-17T11:41:03Z</time>
   </trkpt>
   <trkpt lat="22.7416560" lon="120.3328710">
    <ele>18.4</ele>
    <time>2026-08-17T11:41:04Z</time>
   </trkpt>
   <trkpt lat="22.7416500" lon="120.3328730">
    <ele>18.4</ele>
    <time>2026-08-17T11:41:05Z</time>
   </trkpt>
   <trkpt lat="22.7416440" lon="120.3328750">
    <ele>18.4</ele>
    <time>2026-08-17T11:41:06Z</time>
   </trkpt>
   <trkpt lat="22.7416400" lon="120.3328860">
    <ele>18.4</ele>
    <time>2026-08-17T11:41:07Z</time>
   </trkpt>
   <trkpt lat="22.7416460" lon="120.3329030">
    <ele>18.4</ele>
    <time>2026-08-17T11:41:08Z</time>
   </trkpt>
   <trkpt lat="22.7416430" lon="120.3329110">
    <ele>18.4</ele>
    <time>2026-08-17T11:41:09Z</time>
   </trkpt>
   <trkpt lat="22.7416430" lon="120.3329080">
    <ele>18.4</ele>
    <time>2026-08-17T11:41:10Z</time>
   </trkpt>
   <trkpt lat="22.7416430" lon="120.3329090">
    <ele>18.4</ele>
    <time>2026-08-17T11:41:11Z</time>
   </trkpt>
   <trkpt lat="22.7416390" lon="120.3329050">
    <ele>18.4</ele>
    <time>2026-08-17T11:41:12Z</time>
   </trkpt>
   <trkpt lat="22.7416420" lon="120.3329070">
    <ele>18.4</ele>
    <time>2026-08-17T11:41:13Z</time>
   </trkpt>
   <trkpt lat="22.7416420" lon="120.3329070">
    <ele>18.4</ele>
    <time>2026-08-17T11:41:14Z</time>
   </trkpt>
   <trkpt lat="22.7416470" lon="120.3329120">
    <ele>18.4</ele>
    <time>2026-08-17T11:41:15Z</time>
   </trkpt>
   <trkpt lat="22.7416490" lon="120.3329110">
    <ele>18.4</ele>
    <time>2026-08-17T11:41:16Z</time>
   </trkpt>
   <trkpt lat="22.7416520" lon="120.3329090">
    <ele>18.4</ele>
    <time>2026-08-17T11:41:17Z</time>
   </trkpt>
   <trkpt lat="22.7416500" lon="120.3329130">
    <ele>18.4</ele>
    <time>2026-08-17T11:41:18Z</time>
   </trkpt>
   <trkpt lat="22.7416590" lon="120.3328060">
    <ele>18.4</ele>
    <time>2026-08-17T11:41:48Z</time>
   </trkpt>
   <trkpt lat="22.7416570" lon="120.3327990">
    <ele>18.4</ele>
    <time>2026-08-17T11:41:49Z</time>
   </trkpt>
   <trkpt lat="22.7416560" lon="120.3327880">
    <ele>18.4</ele>
    <time>2026-08-17T11:41:50Z</time>
   </trkpt>
   <trkpt lat="22.7416540" lon="120.3327710">
    <ele>18.4</ele>
    <time>2026-08-17T11:41:51Z</time>
   </trkpt>
   <trkpt lat="22.7416550" lon="120.3327570">
    <ele>18.4</ele>
    <time>2026-08-17T11:41:52Z</time>
   </trkpt>
   <trkpt lat="22.7416530" lon="120.3327450">
    <ele>18.4</ele>
    <time>2026-08-17T11:41:53Z</time>
   </trkpt>
   <trkpt lat="22.7416540" lon="120.3327310">
    <ele>18.4</ele>
    <time>2026-08-17T11:41:54Z</time>
   </trkpt>
   <trkpt lat="22.7416620" lon="120.3327340">
    <ele>18.4</ele>
    <time>2026-08-17T11:41:55Z</time>
   </trkpt>
   <trkpt lat="22.7416720" lon="120.3327230">
    <ele>18.4</ele>
    <time>2026-08-17T11:41:56Z</time>
   </trkpt>
   <trkpt lat="22.7416770" lon="120.3327160">
    <ele>18.4</ele>
    <time>2026-08-17T11:41:57Z</time>
   </trkpt>
   <trkpt lat="22.7416740" lon="120.3327110">
    <ele>18.4</ele>
    <time>2026-08-17T11:41:58Z</time>
   </trkpt>
   <trkpt lat="22.7416760" lon="120.3327120">
    <ele>18.4</ele>
    <time>2026-08-17T11:41:59Z</time>
   </trkpt>
   <trkpt lat="22.7416680" lon="120.3327050">
    <ele>18.4</ele>
    <time>2026-08-17T11:42:00Z</time>
   </trkpt>
   <trkpt lat="22.7416680" lon="120.3327050">
    <ele>18.4</ele>
    <time>2026-08-17T11:42:01Z</time>
   </trkpt>
   <trkpt lat="22.7416770" lon="120.3326980">
    <ele>18.4</ele>
    <time>2026-08-17T11:42:02Z</time>
   </trkpt>
   <trkpt lat="22.7416830" lon="120.3326890">
    <ele>18.4</ele>
    <time>2026-08-17T11:42:03Z</time>
   </trkpt>
   <trkpt lat="22.7416850" lon="120.3326710">
    <ele>18.4</ele>
    <time>2026-08-17T11:42:04Z</time>
   </trkpt>
   <trkpt lat="22.7416910" lon="120.3326680">
    <ele>18.4</ele>
    <time>2026-08-17T11:42:05Z</time>
   </trkpt>
   <trkpt lat="22.7416950" lon="120.3326670">
    <ele>18.4</ele>
    <time>2026-08-17T11:42:06Z</time>
   </trkpt>
   <trkpt lat="22.7416910" lon="120.3326690">
    <ele>18.4</ele>
    <time>2026-08-17T11:42:07Z</time>
   </trkpt>
   <trkpt lat="22.7416820" lon="120.3326670">
    <ele>18.4</ele>
    <time>2026-08-17T11:42:08Z</time>
   </trkpt>
   <trkpt lat="22.7416890" lon="120.3326610">
    <ele>18.4</ele>
    <time>2026-08-17T11:42:09Z</time>
   </trkpt>
   <trkpt lat="22.7417040" lon="120.3326560">
    <ele>18.4</ele>
    <time>2026-08-17T11:42:10Z</time>
   </trkpt>
   <trkpt lat="22.7417130" lon="120.3326500">
    <ele>18.4</ele>
    <time>2026-08-17T11:42:11Z</time>
   </trkpt>
   <trkpt lat="22.7417200" lon="120.3326480">
    <ele>18.4</ele>
    <time>2026-08-17T11:42:12Z</time>
   </trkpt>
   <trkpt lat="22.7417240" lon="120.3326550">
    <ele>18.4</ele>
    <time>2026-08-17T11:42:13Z</time>
   </trkpt>
   <trkpt lat="22.7417240" lon="120.3326580">
    <ele>18.4</ele>
    <time>2026-08-17T11:42:14Z</time>
   </trkpt>
   <trkpt lat="22.7417360" lon="120.3326550">
    <ele>18.4</ele>
    <time>2026-08-17T11:42:15Z</time>
   </trkpt>
   <trkpt lat="22.7417330" lon="120.3326470">
    <ele>18.4</ele>
    <time>2026-08-17T11:42:16Z</time>
   </trkpt>
   <trkpt lat="22.7417350" lon="120.3326430">
    <ele>18.4</ele>
    <time>2026-08-17T11:42:17Z</time>
   </trkpt>
   <trkpt lat="22.7417330" lon="120.3326380">
    <ele>18.4</ele>
    <time>2026-08-17T11:42:18Z</time>
   </trkpt>
   <trkpt lat="22.7417270" lon="120.3326340">
    <ele>18.4</ele>
    <time>2026-08-17T11:42:19Z</time>
   </trkpt>
   <trkpt lat="22.7417250" lon="120.3326350">
    <ele>18.4</ele>
    <time>2026-08-17T11:42:20Z</time>
   </trkpt>
   <trkpt lat="22.7417260" lon="120.3326390">
    <ele>18.4</ele>
    <time>2026-08-17T11:42:21Z</time>
   </trkpt>
   <trkpt lat="22.7417260" lon="120.3326390">
    <ele>18.4</ele>
    <time>2026-08-17T11:42:22Z</time>
   </trkpt>
   <trkpt lat="22.7417140" lon="120.3326270">
    <ele>18.4</ele>
    <time>2026-08-17T11:42:23Z</time>
   </trkpt>
   <trkpt lat="22.7417060" lon="120.3326270">
    <ele>18.4</ele>
    <time>2026-08-17T11:42:24Z</time>
   </trkpt>
   <trkpt lat="22.7416390" lon="120.3327590">
    <ele>18.4</ele>
    <time>2026-08-17T11:43:15Z</time>
   </trkpt>
   <trkpt lat="22.7416290" lon="120.3327490">
    <ele>18.4</ele>
    <time>2026-08-17T11:43:16Z</time>
   </trkpt>
   <trkpt lat="22.7416290" lon="120.3327540">
    <ele>18.4</ele>
    <time>2026-08-17T11:43:17Z</time>
   </trkpt>
   <trkpt lat="22.7416160" lon="120.3327470">
    <ele>18.4</ele>
    <time>2026-08-17T11:43:18Z</time>
   </trkpt>
   <trkpt lat="22.7416170" lon="120.3327470">
    <ele>18.4</ele>
    <time>2026-08-17T11:43:19Z</time>
   </trkpt>
   <trkpt lat="22.7416110" lon="120.3327450">
    <ele>18.4</ele>
    <time>2026-08-17T11:43:20Z</time>
   </trkpt>
   <trkpt lat="22.7416130" lon="120.3327520">
    <ele>18.4</ele>
    <time>2026-08-17T11:43:21Z</time>
   </trkpt>
   <trkpt lat="22.7416140" lon="120.3327520">
    <ele>18.4</ele>
    <time>2026-08-17T11:43:22Z</time>
   </trkpt>
   <trkpt lat="22.7416030" lon="120.3327510">
    <ele>18.4</ele>
    <time>2026-08-17T11:43:23Z</time>
   </trkpt>
   <trkpt lat="22.7415940" lon="120.3327570">
    <ele>18.4</ele>
    <time>2026-08-17T11:43:24Z</time>
   </trkpt>
   <trkpt lat="22.7415870" lon="120.3327570">
    <ele>18.4</ele>
    <time>2026-08-17T11:43:25Z</time>
   </trkpt>
   <trkpt lat="22.7416280" lon="120.3327160">
    <ele>18.4</ele>
    <time>2026-08-17T11:43:32Z</time>
   </trkpt>
   <trkpt lat="22.7416410" lon="120.3326800">
    <ele>18.4</ele>
    <time>2026-08-17T11:43:33Z</time>
   </trkpt>
   <trkpt lat="22.7416510" lon="120.3326930">
    <ele>18.4</ele>
    <time>2026-08-17T11:43:34Z</time>
   </trkpt>
   <trkpt lat="22.7416600" lon="120.3327040">
    <ele>18.4</ele>
    <time>2026-08-17T11:43:35Z</time>
   </trkpt>
   <trkpt lat="22.7416800" lon="120.3327290">
    <ele>18.4</ele>
    <time>2026-08-17T11:43:36Z</time>
   </trkpt>
   <trkpt lat="22.7417120" lon="120.3327530">
    <ele>18.4</ele>
    <time>2026-08-17T11:43:37Z</time>
   </trkpt>
   <trkpt lat="22.7417130" lon="120.3327520">
    <ele>18.4</ele>
    <time>2026-08-17T11:43:38Z</time>
   </trkpt>
   <trkpt lat="22.7417090" lon="120.3327540">
    <ele>18.4</ele>
    <time>2026-08-17T11:43:39Z</time>
   </trkpt>
   <trkpt lat="22.7417050" lon="120.3327500">
    <ele>18.4</ele>
    <time>2026-08-17T11:43:40Z</time>
   </trkpt>
   <trkpt lat="22.7417110" lon="120.3327440">
    <ele>18.4</ele>
    <time>2026-08-17T11:43:41Z</time>
   </trkpt>
   <trkpt lat="22.7417110" lon="120.3327290">
    <ele>18.3</ele>
    <time>2026-08-17T11:43:42Z</time>
   </trkpt>
   <trkpt lat="22.7417120" lon="120.3327130">
    <ele>18.3</ele>
    <time>2026-08-17T11:43:43Z</time>
   </trkpt>
   <trkpt lat="22.7417180" lon="120.3327030">
    <ele>18.3</ele>
    <time>2026-08-17T11:43:44Z</time>
   </trkpt>
   <trkpt lat="22.7417240" lon="120.3327010">
    <ele>18.3</ele>
    <time>2026-08-17T11:43:45Z</time>
   </trkpt>
   <trkpt lat="22.7417310" lon="120.3326810">
    <ele>18.3</ele>
    <time>2026-08-17T11:43:46Z</time>
   </trkpt>
   <trkpt lat="22.7417390" lon="120.3326600">
    <ele>18.3</ele>
    <time>2026-08-17T11:43:47Z</time>
   </trkpt>
   <trkpt lat="22.7417440" lon="120.3326530">
    <ele>18.3</ele>
    <time>2026-08-17T11:43:48Z</time>
   </trkpt>
   <trkpt lat="22.7417490" lon="120.3326420">
    <ele>18.3</ele>
    <time>2026-08-17T11:43:49Z</time>
   </trkpt>
   <trkpt lat="22.7417580" lon="120.3326340">
    <ele>18.3</ele>
    <time>2026-08-17T11:43:50Z</time>
   </trkpt>
   <trkpt lat="22.7417620" lon="120.3326180">
    <ele>18.3</ele>
    <time>2026-08-17T11:43:51Z</time>
   </trkpt>
   <trkpt lat="22.7417620" lon="120.3326110">
    <ele>18.3</ele>
    <time>2026-08-17T11:43:52Z</time>
   </trkpt>
   <trkpt lat="22.7417670" lon="120.3326030">
    <ele>18.3</ele>
    <time>2026-08-17T11:43:53Z</time>
   </trkpt>
   <trkpt lat="22.7417750" lon="120.3325880">
    <ele>18.3</ele>
    <time>2026-08-17T11:43:54Z</time>
   </trkpt>
   <trkpt lat="22.7417770" lon="120.3325760">
    <ele>18.3</ele>
    <time>2026-08-17T11:43:55Z</time>
   </trkpt>
   <trkpt lat="22.7417810" lon="120.3325720">
    <ele>18.3</ele>
    <time>2026-08-17T11:43:56Z</time>
   </trkpt>
   <trkpt lat="22.7417930" lon="120.3326010">
    <ele>18.3</ele>
    <time>2026-08-17T11:43:57Z</time>
   </trkpt>
   <trkpt lat="22.7417970" lon="120.3325680">
    <ele>18.3</ele>
    <time>2026-08-17T11:43:58Z</time>
   </trkpt>
   <trkpt lat="22.7417820" lon="120.3325810">
    <ele>18.3</ele>
    <time>2026-08-17T11:43:59Z</time>
   </trkpt>
   <trkpt lat="22.7417760" lon="120.3325680">
    <ele>18.3</ele>
    <time>2026-08-17T11:44:00Z</time>
   </trkpt>
   <trkpt lat="22.7417800" lon="120.3325760">
    <ele>18.3</ele>
    <time>2026-08-17T11:44:01Z</time>
   </trkpt>
   <trkpt lat="22.7417840" lon="120.3325780">
    <ele>18.3</ele>
    <time>2026-08-17T11:44:02Z</time>
   </trkpt>
   <trkpt lat="22.7417870" lon="120.3325810">
    <ele>18.3</ele>
    <time>2026-08-17T11:44:03Z</time>
   </trkpt>
   <trkpt lat="22.7417810" lon="120.3325720">
    <ele>18.3</ele>
    <time>2026-08-17T11:44:04Z</time>
   </trkpt>
   <trkpt lat="22.7417820" lon="120.3325750">
    <ele>18.3</ele>
    <time>2026-08-17T11:44:05Z</time>
   </trkpt>
   <trkpt lat="22.7417820" lon="120.3325790">
    <ele>18.3</ele>
    <time>2026-08-17T11:44:06Z</time>
   </trkpt>
   <trkpt lat="22.7417830" lon="120.3325840">
    <ele>18.3</ele>
    <time>2026-08-17T11:44:07Z</time>
   </trkpt>
   <trkpt lat="22.7417840" lon="120.3325700">
    <ele>18.3</ele>
    <time>2026-08-17T11:44:08Z</time>
   </trkpt>
   <trkpt lat="22.7417870" lon="120.3325630">
    <ele>18.3</ele>
    <time>2026-08-17T11:44:09Z</time>
   </trkpt>
   <trkpt lat="22.7417930" lon="120.3325640">
    <ele>18.3</ele>
    <time>2026-08-17T11:44:10Z</time>
   </trkpt>
   <trkpt lat="22.7417880" lon="120.3325690">
    <ele>18.3</ele>
    <time>2026-08-17T11:44:11Z</time>
   </trkpt>
   <trkpt lat="22.7417800" lon="120.3325330">
    <ele>18.3</ele>
    <time>2026-08-17T11:44:12Z</time>
   </trkpt>
   <trkpt lat="22.7417940" lon="120.3325190">
    <ele>18.3</ele>
    <time>2026-08-17T11:44:13Z</time>
   </trkpt>
   <trkpt lat="22.7418070" lon="120.3325110">
    <ele>18.3</ele>
    <time>2026-08-17T11:44:14Z</time>
   </trkpt>
   <trkpt lat="22.7418040" lon="120.3324950">
    <ele>18.3</ele>
    <time>2026-08-17T11:44:15Z</time>
   </trkpt>
   <trkpt lat="22.7417800" lon="120.3324920">
    <ele>18.3</ele>
    <time>2026-08-17T11:44:16Z</time>
   </trkpt>
   <trkpt lat="22.7417640" lon="120.3324700">
    <ele>18.3</ele>
    <time>2026-08-17T11:44:17Z</time>
   </trkpt>
   <trkpt lat="22.7417490" lon="120.3324490">
    <ele>18.3</ele>
    <time>2026-08-17T11:44:18Z</time>
   </trkpt>
   <trkpt lat="22.7417370" lon="120.3324240">
    <ele>18.3</ele>
    <time>2026-08-17T11:44:19Z</time>
   </trkpt>
   <trkpt lat="22.7417090" lon="120.3324060">
    <ele>18.3</ele>
    <time>2026-08-17T11:44:20Z</time>
   </trkpt>
   <trkpt lat="22.7416780" lon="120.3323870">
    <ele>18.3</ele>
    <time>2026-08-17T11:44:21Z</time>
   </trkpt>
   <trkpt lat="22.7416400" lon="120.3323690">
    <ele>18.3</ele>
    <time>2026-08-17T11:44:22Z</time>
   </trkpt>
   <trkpt lat="22.7415980" lon="120.3323660">
    <ele>18.3</ele>
    <time>2026-08-17T11:44:23Z</time>
   </trkpt>
   <trkpt lat="22.7415660" lon="120.3323370">
    <ele>18.3</ele>
    <time>2026-08-17T11:44:24Z</time>
   </trkpt>
   <trkpt lat="22.7415180" lon="120.3323090">
    <ele>18.3</ele>
    <time>2026-08-17T11:44:25Z</time>
   </trkpt>
   <trkpt lat="22.7414800" lon="120.3322750">
    <ele>18.3</ele>
    <time>2026-08-17T11:44:26Z</time>
   </trkpt>
   <trkpt lat="22.7414500" lon="120.3322700">
    <ele>18.4</ele>
    <time>2026-08-17T11:44:27Z</time>
   </trkpt>
   <trkpt lat="22.7414200" lon="120.3322630">
    <ele>18.4</ele>
    <time>2026-08-17T11:44:28Z</time>
   </trkpt>
   <trkpt lat="22.7413810" lon="120.3322440">
    <ele>18.4</ele>
    <time>2026-08-17T11:44:29Z</time>
   </trkpt>
   <trkpt lat="22.7413460" lon="120.3322310">
    <ele>18.4</ele>
    <time>2026-08-17T11:44:30Z</time>
   </trkpt>
   <trkpt lat="22.7413480" lon="120.3322260">
    <ele>18.4</ele>
    <time>2026-08-17T11:44:31Z</time>
   </trkpt>
   <trkpt lat="22.7413350" lon="120.3322120">
    <ele>18.4</ele>
    <time>2026-08-17T11:44:32Z</time>
   </trkpt>
   <trkpt lat="22.7413230" lon="120.3321910">
    <ele>18.4</ele>
    <time>2026-08-17T11:44:33Z</time>
   </trkpt>
   <trkpt lat="22.7413170" lon="120.3321720">
    <ele>18.4</ele>
    <time>2026-08-17T11:44:34Z</time>
   </trkpt>
   <trkpt lat="22.7413110" lon="120.3321540">
    <ele>18.4</ele>
    <time>2026-08-17T11:44:35Z</time>
   </trkpt>
   <trkpt lat="22.7413070" lon="120.3321590">
    <ele>18.4</ele>
    <time>2026-08-17T11:44:36Z</time>
   </trkpt>
   <trkpt lat="22.7413100" lon="120.3321620">
    <ele>18.4</ele>
    <time>2026-08-17T11:44:37Z</time>
   </trkpt>
   <trkpt lat="22.7413060" lon="120.3321590">
    <ele>18.4</ele>
    <time>2026-08-17T11:44:38Z</time>
   </trkpt>
   <trkpt lat="22.7413060" lon="120.3321600">
    <ele>18.4</ele>
    <time>2026-08-17T11:44:39Z</time>
   </trkpt>
   <trkpt lat="22.7413020" lon="120.3321550">
    <ele>18.4</ele>
    <time>2026-08-17T11:44:40Z</time>
   </trkpt>
   <trkpt lat="22.7413030" lon="120.3321520">
    <ele>18.4</ele>
    <time>2026-08-17T11:44:41Z</time>
   </trkpt>
   <trkpt lat="22.7413040" lon="120.3321540">
    <ele>18.4</ele>
    <time>2026-08-17T11:44:43Z</time>
   </trkpt>
   <trkpt lat="22.7413010" lon="120.3321540">
    <ele>18.4</ele>
    <time>2026-08-17T11:44:44Z</time>
   </trkpt>
   <trkpt lat="22.7412970" lon="120.3321420">
    <ele>18.4</ele>
    <time>2026-08-17T11:44:45Z</time>
   </trkpt>
   <trkpt lat="22.7412590" lon="120.3323180">
    <ele>19.3</ele>
    <time>2026-08-17T11:45:09Z</time>
   </trkpt>
   <trkpt lat="22.7412600" lon="120.3323300">
    <ele>19.4</ele>
    <time>2026-08-17T11:45:10Z</time>
   </trkpt>
   <trkpt lat="22.7412570" lon="120.3323440">
    <ele>19.5</ele>
    <time>2026-08-17T11:45:11Z</time>
   </trkpt>
   <trkpt lat="22.7412500" lon="120.3323470">
    <ele>19.5</ele>
    <time>2026-08-17T11:45:12Z</time>
   </trkpt>
   <trkpt lat="22.7412370" lon="120.3323520">
    <ele>19.6</ele>
    <time>2026-08-17T11:45:13Z</time>
   </trkpt>
   <trkpt lat="22.7412430" lon="120.3323660">
    <ele>19.7</ele>
    <time>2026-08-17T11:45:14Z</time>
   </trkpt>
   <trkpt lat="22.7412360" lon="120.3323690">
    <ele>19.7</ele>
    <time>2026-08-17T11:45:15Z</time>
   </trkpt>
   <trkpt lat="22.7412340" lon="120.3323800">
    <ele>19.8</ele>
    <time>2026-08-17T11:45:16Z</time>
   </trkpt>
   <trkpt lat="22.7412280" lon="120.3323940">
    <ele>19.8</ele>
    <time>2026-08-17T11:45:17Z</time>
   </trkpt>
   <trkpt lat="22.7412220" lon="120.3324040">
    <ele>19.9</ele>
    <time>2026-08-17T11:45:18Z</time>
   </trkpt>
   <trkpt lat="22.7412190" lon="120.3324110">
    <ele>19.9</ele>
    <time>2026-08-17T11:45:19Z</time>
   </trkpt>
   <trkpt lat="22.7412130" lon="120.3324230">
    <ele>20.0</ele>
    <time>2026-08-17T11:45:20Z</time>
   </trkpt>
   <trkpt lat="22.7412100" lon="120.3324330">
    <ele>20.1</ele>
    <time>2026-08-17T11:45:21Z</time>
   </trkpt>
   <trkpt lat="22.7412040" lon="120.3324380">
    <ele>20.1</ele>
    <time>2026-08-17T11:45:22Z</time>
   </trkpt>
   <trkpt lat="22.7412040" lon="120.3324520">
    <ele>20.2</ele>
    <time>2026-08-17T11:45:23Z</time>
   </trkpt>
   <trkpt lat="22.7411950" lon="120.3324650">
    <ele>20.2</ele>
    <time>2026-08-17T11:45:24Z</time>
   </trkpt>
   <trkpt lat="22.7411960" lon="120.3324610">
    <ele>20.3</ele>
    <time>2026-08-17T11:45:25Z</time>
   </trkpt>
   <trkpt lat="22.7411940" lon="120.3324530">
    <ele>20.3</ele>
    <time>2026-08-17T11:45:26Z</time>
   </trkpt>
   <trkpt lat="22.7411890" lon="120.3324380">
    <ele>20.4</ele>
    <time>2026-08-17T11:45:27Z</time>
   </trkpt>
   <trkpt lat="22.7411960" lon="120.3324180">
    <ele>20.5</ele>
    <time>2026-08-17T11:45:28Z</time>
   </trkpt>
   <trkpt lat="22.7411980" lon="120.3324050">
    <ele>20.6</ele>
    <time>2026-08-17T11:45:29Z</time>
   </trkpt>
   <trkpt lat="22.7411910" lon="120.3323990">
    <ele>20.6</ele>
    <time>2026-08-17T11:45:30Z</time>
   </trkpt>
   <trkpt lat="22.7411910" lon="120.3323770">
    <ele>20.4</ele>
    <time>2026-08-17T11:45:31Z</time>
   </trkpt>
   <trkpt lat="22.7412110" lon="120.3323680">
    <ele>20.3</ele>
    <time>2026-08-17T11:45:32Z</time>
   </trkpt>
   <trkpt lat="22.7412150" lon="120.3323440">
    <ele>20.1</ele>
    <time>2026-08-17T11:45:33Z</time>
   </trkpt>
   <trkpt lat="22.7412220" lon="120.3323350">
    <ele>20.0</ele>
    <time>2026-08-17T11:45:34Z</time>
   </trkpt>
   <trkpt lat="22.7412270" lon="120.3323220">
    <ele>19.9</ele>
    <time>2026-08-17T11:45:35Z</time>
   </trkpt>
   <trkpt lat="22.7412340" lon="120.3323140">
    <ele>19.9</ele>
    <time>2026-08-17T11:45:36Z</time>
   </trkpt>
   <trkpt lat="22.7412410" lon="120.3323000">
    <ele>19.7</ele>
    <time>2026-08-17T11:45:37Z</time>
   </trkpt>
   <trkpt lat="22.7412510" lon="120.3322880">
    <ele>19.6</ele>
    <time>2026-08-17T11:45:38Z</time>
   </trkpt>
   <trkpt lat="22.7412630" lon="120.3322830">
    <ele>19.5</ele>
    <time>2026-08-17T11:45:39Z</time>
   </trkpt>
   <trkpt lat="22.7412660" lon="120.3322730">
    <ele>19.5</ele>
    <time>2026-08-17T11:45:40Z</time>
   </trkpt>
   <trkpt lat="22.7412700" lon="120.3322680">
    <ele>19.4</ele>
    <time>2026-08-17T11:45:41Z</time>
   </trkpt>
   <trkpt lat="22.7412770" lon="120.3322570">
    <ele>19.3</ele>
    <time>2026-08-17T11:45:42Z</time>
   </trkpt>
   <trkpt lat="22.7412840" lon="120.3322520">
    <ele>19.3</ele>
    <time>2026-08-17T11:45:43Z</time>
   </trkpt>
   <trkpt lat="22.7412830" lon="120.3322350">
    <ele>19.1</ele>
    <time>2026-08-17T11:45:44Z</time>
   </trkpt>
   <trkpt lat="22.7412890" lon="120.3322150">
    <ele>19.0</ele>
    <time>2026-08-17T11:45:45Z</time>
   </trkpt>
   <trkpt lat="22.7413000" lon="120.3322170">
    <ele>18.9</ele>
    <time>2026-08-17T11:45:46Z</time>
   </trkpt>
   <trkpt lat="22.7413080" lon="120.3322070">
    <ele>18.8</ele>
    <time>2026-08-17T11:45:47Z</time>
   </trkpt>
   <trkpt lat="22.7413130" lon="120.3322010">
    <ele>18.8</ele>
    <time>2026-08-17T11:45:48Z</time>
   </trkpt>
   <trkpt lat="22.7413130" lon="120.3321880">
    <ele>18.7</ele>
    <time>2026-08-17T11:45:49Z</time>
   </trkpt>
   <trkpt lat="22.7413140" lon="120.3321810">
    <ele>18.6</ele>
    <time>2026-08-17T11:45:50Z</time>
   </trkpt>
   <trkpt lat="22.7413240" lon="120.3321830">
    <ele>18.5</ele>
    <time>2026-08-17T11:45:51Z</time>
   </trkpt>
   <trkpt lat="22.7413340" lon="120.3321790">
    <ele>18.5</ele>
    <time>2026-08-17T11:45:52Z</time>
   </trkpt>
   <trkpt lat="22.7413430" lon="120.3321730">
    <ele>18.4</ele>
    <time>2026-08-17T11:45:53Z</time>
   </trkpt>
   <trkpt lat="22.7413420" lon="120.3321630">
    <ele>18.4</ele>
    <time>2026-08-17T11:45:54Z</time>
   </trkpt>
   <trkpt lat="22.7413370" lon="120.3321560">
    <ele>18.4</ele>
    <time>2026-08-17T11:45:55Z</time>
   </trkpt>
   <trkpt lat="22.7413340" lon="120.3321440">
    <ele>18.4</ele>
    <time>2026-08-17T11:45:56Z</time>
   </trkpt>
   <trkpt lat="22.7413270" lon="120.3321420">
    <ele>18.4</ele>
    <time>2026-08-17T11:45:57Z</time>
   </trkpt>
   <trkpt lat="22.7413220" lon="120.3321400">
    <ele>18.4</ele>
    <time>2026-08-17T11:45:58Z</time>
   </trkpt>
   <trkpt lat="22.7413160" lon="120.3321400">
    <ele>18.4</ele>
    <time>2026-08-17T11:45:59Z</time>
   </trkpt>
   <trkpt lat="22.7413160" lon="120.3321410">
    <ele>18.4</ele>
    <time>2026-08-17T11:46:00Z</time>
   </trkpt>
   <trkpt lat="22.7413210" lon="120.3321420">
    <ele>18.4</ele>
    <time>2026-08-17T11:46:01Z</time>
   </trkpt>
   <trkpt lat="22.7413160" lon="120.3321440">
    <ele>18.4</ele>
    <time>2026-08-17T11:46:02Z</time>
   </trkpt>
   <trkpt lat="22.7413160" lon="120.3321440">
    <ele>18.4</ele>
    <time>2026-08-17T11:46:03Z</time>
   </trkpt>
   <trkpt lat="22.7413090" lon="120.3321420">
    <ele>18.4</ele>
    <time>2026-08-17T11:46:04Z</time>
   </trkpt>
   <trkpt lat="22.7413060" lon="120.3321390">
    <ele>18.4</ele>
    <time>2026-08-17T11:46:05Z</time>
   </trkpt>
   <trkpt lat="22.7412790" lon="120.3321450">
    <ele>18.4</ele>
    <time>2026-08-17T11:46:13Z</time>
   </trkpt>
   <trkpt lat="22.7412470" lon="120.3321450">
    <ele>18.4</ele>
    <time>2026-08-17T11:46:14Z</time>
   </trkpt>
   <trkpt lat="22.7412060" lon="120.3321120">
    <ele>18.4</ele>
    <time>2026-08-17T11:46:15Z</time>
   </trkpt>
   <trkpt lat="22.7411650" lon="120.3320800">
    <ele>18.4</ele>
    <time>2026-08-17T11:46:16Z</time>
   </trkpt>
   <trkpt lat="22.7411190" lon="120.3320560">
    <ele>18.4</ele>
    <time>2026-08-17T11:46:17Z</time>
   </trkpt>
   <trkpt lat="22.7410660" lon="120.3320380">
    <ele>18.4</ele>
    <time>2026-08-17T11:46:18Z</time>
   </trkpt>
   <trkpt lat="22.7410210" lon="120.3320100">
    <ele>18.4</ele>
    <time>2026-08-17T11:46:19Z</time>
   </trkpt>
   <trkpt lat="22.7409710" lon="120.3319880">
    <ele>18.4</ele>
    <time>2026-08-17T11:46:20Z</time>
   </trkpt>
   <trkpt lat="22.7409280" lon="120.3319640">
    <ele>18.4</ele>
    <time>2026-08-17T11:46:21Z</time>
   </trkpt>
   <trkpt lat="22.7408930" lon="120.3319460">
    <ele>18.4</ele>
    <time>2026-08-17T11:46:22Z</time>
   </trkpt>
   <trkpt lat="22.7408690" lon="120.3319290">
    <ele>18.4</ele>
    <time>2026-08-17T11:46:23Z</time>
   </trkpt>
   <trkpt lat="22.7408490" lon="120.3319120">
    <ele>18.4</ele>
    <time>2026-08-17T11:46:24Z</time>
   </trkpt>
   <trkpt lat="22.7408310" lon="120.3318950">
    <ele>18.4</ele>
    <time>2026-08-17T11:46:25Z</time>
   </trkpt>
   <trkpt lat="22.7408100" lon="120.3318860">
    <ele>18.4</ele>
    <time>2026-08-17T11:46:26Z</time>
   </trkpt>
   <trkpt lat="22.7407960" lon="120.3318920">
    <ele>18.4</ele>
    <time>2026-08-17T11:46:27Z</time>
   </trkpt>
   <trkpt lat="22.7407750" lon="120.3319110">
    <ele>18.4</ele>
    <time>2026-08-17T11:46:28Z</time>
   </trkpt>
   <trkpt lat="22.7407640" lon="120.3319470">
    <ele>18.4</ele>
    <time>2026-08-17T11:46:29Z</time>
   </trkpt>
   <trkpt lat="22.7407690" lon="120.3319970">
    <ele>18.4</ele>
    <time>2026-08-17T11:46:30Z</time>
   </trkpt>
   <trkpt lat="22.7407730" lon="120.3320300">
    <ele>18.4</ele>
    <time>2026-08-17T11:46:31Z</time>
   </trkpt>
   <trkpt lat="22.7407530" lon="120.3320750">
    <ele>18.4</ele>
    <time>2026-08-17T11:46:32Z</time>
   </trkpt>
   <trkpt lat="22.7407430" lon="120.3321020">
    <ele>18.4</ele>
    <time>2026-08-17T11:46:33Z</time>
   </trkpt>
   <trkpt lat="22.7407410" lon="120.3321030">
    <ele>18.4</ele>
    <time>2026-08-17T11:46:34Z</time>
   </trkpt>
   <trkpt lat="22.7407480" lon="120.3321070">
    <ele>18.4</ele>
    <time>2026-08-17T11:46:35Z</time>
   </trkpt>
   <trkpt lat="22.7407550" lon="120.3321050">
    <ele>18.4</ele>
    <time>2026-08-17T11:46:36Z</time>
   </trkpt>
   <trkpt lat="22.7407640" lon="120.3321030">
    <ele>18.4</ele>
    <time>2026-08-17T11:46:37Z</time>
   </trkpt>
   <trkpt lat="22.7407610" lon="120.3321020">
    <ele>18.4</ele>
    <time>2026-08-17T11:46:38Z</time>
   </trkpt>
   <trkpt lat="22.7407650" lon="120.3321030">
    <ele>18.4</ele>
    <time>2026-08-17T11:46:39Z</time>
   </trkpt>
   <trkpt lat="22.7407670" lon="120.3321040">
    <ele>18.4</ele>
    <time>2026-08-17T11:46:40Z</time>
   </trkpt>
   <trkpt lat="22.7407740" lon="120.3321010">
    <ele>18.3</ele>
    <time>2026-08-17T11:46:41Z</time>
   </trkpt>
   <trkpt lat="22.7407780" lon="120.3321030">
    <ele>18.3</ele>
    <time>2026-08-17T11:46:42Z</time>
   </trkpt>
   <trkpt lat="22.7407810" lon="120.3321030">
    <ele>18.3</ele>
    <time>2026-08-17T11:46:43Z</time>
   </trkpt>
   <trkpt lat="22.7407810" lon="120.3321000">
    <ele>18.3</ele>
    <time>2026-08-17T11:46:44Z</time>
   </trkpt>
   <trkpt lat="22.7407840" lon="120.3321680">
    <ele>18.3</ele>
    <time>2026-08-17T11:47:03Z</time>
   </trkpt>
   <trkpt lat="22.7407760" lon="120.3321670">
    <ele>18.3</ele>
    <time>2026-08-17T11:47:04Z</time>
   </trkpt>
   <trkpt lat="22.7407700" lon="120.3321740">
    <ele>18.3</ele>
    <time>2026-08-17T11:47:05Z</time>
   </trkpt>
   <trkpt lat="22.7407590" lon="120.3321730">
    <ele>18.3</ele>
    <time>2026-08-17T11:47:06Z</time>
   </trkpt>
   <trkpt lat="22.7407570" lon="120.3321830">
    <ele>18.3</ele>
    <time>2026-08-17T11:47:07Z</time>
   </trkpt>
   <trkpt lat="22.7407490" lon="120.3321860">
    <ele>18.3</ele>
    <time>2026-08-17T11:47:08Z</time>
   </trkpt>
   <trkpt lat="22.7407410" lon="120.3321840">
    <ele>18.3</ele>
    <time>2026-08-17T11:47:09Z</time>
   </trkpt>
   <trkpt lat="22.7407360" lon="120.3321760">
    <ele>18.3</ele>
    <time>2026-08-17T11:47:10Z</time>
   </trkpt>
   <trkpt lat="22.7407320" lon="120.3321710">
    <ele>18.3</ele>
    <time>2026-08-17T11:47:11Z</time>
   </trkpt>
   <trkpt lat="22.7407230" lon="120.3321690">
    <ele>18.3</ele>
    <time>2026-08-17T11:47:12Z</time>
   </trkpt>
   <trkpt lat="22.7407220" lon="120.3321710">
    <ele>18.3</ele>
    <time>2026-08-17T11:47:13Z</time>
   </trkpt>
   <trkpt lat="22.7407250" lon="120.3321790">
    <ele>18.3</ele>
    <time>2026-08-17T11:47:14Z</time>
   </trkpt>
   <trkpt lat="22.7407210" lon="120.3321810">
    <ele>18.3</ele>
    <time>2026-08-17T11:47:15Z</time>
   </trkpt>
   <trkpt lat="22.7407220" lon="120.3321860">
    <ele>18.3</ele>
    <time>2026-08-17T11:47:16Z</time>
   </trkpt>
   <trkpt lat="22.7407170" lon="120.3321900">
    <ele>18.3</ele>
    <time>2026-08-17T11:47:17Z</time>
   </trkpt>
   <trkpt lat="22.7406990" lon="120.3321920">
    <ele>18.3</ele>
    <time>2026-08-17T11:47:19Z</time>
   </trkpt>
   <trkpt lat="22.7406900" lon="120.3321850">
    <ele>18.3</ele>
    <time>2026-08-17T11:47:20Z</time>
   </trkpt>
   <trkpt lat="22.7407050" lon="120.3321890">
    <ele>18.3</ele>
    <time>2026-08-17T11:47:21Z</time>
   </trkpt>
   <trkpt lat="22.7407030" lon="120.3321870">
    <ele>18.3</ele>
    <time>2026-08-17T11:47:22Z</time>
   </trkpt>
   <trkpt lat="22.7407110" lon="120.3321930">
    <ele>18.3</ele>
    <time>2026-08-17T11:47:23Z</time>
   </trkpt>
   <trkpt lat="22.7407100" lon="120.3321940">
    <ele>18.3</ele>
    <time>2026-08-17T11:47:24Z</time>
   </trkpt>
   <trkpt lat="22.7407100" lon="120.3321940">
    <ele>18.3</ele>
    <time>2026-08-17T11:47:25Z</time>
   </trkpt>
   <trkpt lat="22.7407100" lon="120.3321940">
    <ele>18.3</ele>
    <time>2026-08-17T11:47:26Z</time>
   </trkpt>
   <trkpt lat="22.7407100" lon="120.3321940">
    <ele>18.3</ele>
    <time>2026-08-17T11:47:27Z</time>
   </trkpt>
   <trkpt lat="22.7407030" lon="120.3321990">
    <ele>18.3</ele>
    <time>2026-08-17T11:47:28Z</time>
   </trkpt>
   <trkpt lat="22.7407070" lon="120.3322010">
    <ele>18.3</ele>
    <time>2026-08-17T11:47:29Z</time>
   </trkpt>
   <trkpt lat="22.7407290" lon="120.3322530">
    <ele>18.3</ele>
    <time>2026-08-17T11:47:51Z</time>
   </trkpt>
   <trkpt lat="22.7407200" lon="120.3322570">
    <ele>18.3</ele>
    <time>2026-08-17T11:47:52Z</time>
   </trkpt>
   <trkpt lat="22.7407120" lon="120.3322560">
    <ele>18.3</ele>
    <time>2026-08-17T11:47:53Z</time>
   </trkpt>
   <trkpt lat="22.7407110" lon="120.3322530">
    <ele>18.3</ele>
    <time>2026-08-17T11:47:54Z</time>
   </trkpt>
   <trkpt lat="22.7407050" lon="120.3322530">
    <ele>18.3</ele>
    <time>2026-08-17T11:47:55Z</time>
   </trkpt>
   <trkpt lat="22.7407040" lon="120.3322550">
    <ele>18.3</ele>
    <time>2026-08-17T11:47:56Z</time>
   </trkpt>
   <trkpt lat="22.7407020" lon="120.3322550">
    <ele>18.3</ele>
    <time>2026-08-17T11:47:57Z</time>
   </trkpt>
   <trkpt lat="22.7407050" lon="120.3322560">
    <ele>18.3</ele>
    <time>2026-08-17T11:47:58Z</time>
   </trkpt>
   <trkpt lat="22.7407000" lon="120.3322630">
    <ele>18.3</ele>
    <time>2026-08-17T11:47:59Z</time>
   </trkpt>
   <trkpt lat="22.7407000" lon="120.3322620">
    <ele>18.3</ele>
    <time>2026-08-17T11:48:00Z</time>
   </trkpt>
   <trkpt lat="22.7407060" lon="120.3322700">
    <ele>18.3</ele>
    <time>2026-08-17T11:48:01Z</time>
   </trkpt>
   <trkpt lat="22.7407060" lon="120.3322840">
    <ele>18.3</ele>
    <time>2026-08-17T11:48:03Z</time>
   </trkpt>
   <trkpt lat="22.7406990" lon="120.3322890">
    <ele>18.3</ele>
    <time>2026-08-17T11:48:04Z</time>
   </trkpt>
   <trkpt lat="22.7406960" lon="120.3322910">
    <ele>18.3</ele>
    <time>2026-08-17T11:48:05Z</time>
   </trkpt>
   <trkpt lat="22.7406920" lon="120.3322940">
    <ele>18.3</ele>
    <time>2026-08-17T11:48:06Z</time>
   </trkpt>
   <trkpt lat="22.7406820" lon="120.3322980">
    <ele>18.3</ele>
    <time>2026-08-17T11:48:07Z</time>
   </trkpt>
   <trkpt lat="22.7406770" lon="120.3323020">
    <ele>18.3</ele>
    <time>2026-08-17T11:48:08Z</time>
   </trkpt>
   <trkpt lat="22.7406830" lon="120.3322960">
    <ele>18.3</ele>
    <time>2026-08-17T11:48:09Z</time>
   </trkpt>
   <trkpt lat="22.7406840" lon="120.3322910">
    <ele>18.3</ele>
    <time>2026-08-17T11:48:10Z</time>
   </trkpt>
   <trkpt lat="22.7406920" lon="120.3322850">
    <ele>18.3</ele>
    <time>2026-08-17T11:48:11Z</time>
   </trkpt>
   <trkpt lat="22.7406910" lon="120.3322740">
    <ele>18.3</ele>
    <time>2026-08-17T11:48:12Z</time>
   </trkpt>
   <trkpt lat="22.7407010" lon="120.3322690">
    <ele>18.3</ele>
    <time>2026-08-17T11:48:13Z</time>
   </trkpt>
   <trkpt lat="22.7406990" lon="120.3322990">
    <ele>18.3</ele>
    <time>2026-08-17T11:48:22Z</time>
   </trkpt>
   <trkpt lat="22.7406810" lon="120.3323130">
    <ele>18.3</ele>
    <time>2026-08-17T11:48:23Z</time>
   </trkpt>
   <trkpt lat="22.7406610" lon="120.3323130">
    <ele>18.3</ele>
    <time>2026-08-17T11:48:24Z</time>
   </trkpt>
   <trkpt lat="22.7406490" lon="120.3323070">
    <ele>18.3</ele>
    <time>2026-08-17T11:48:25Z</time>
   </trkpt>
   <trkpt lat="22.7406390" lon="120.3323140">
    <ele>18.3</ele>
    <time>2026-08-17T11:48:26Z</time>
   </trkpt>
   <trkpt lat="22.7406330" lon="120.3323170">
    <ele>18.3</ele>
    <time>2026-08-17T11:48:27Z</time>
   </trkpt>
   <trkpt lat="22.7406170" lon="120.3323150">
    <ele>18.3</ele>
    <time>2026-08-17T11:48:28Z</time>
   </trkpt>
   <trkpt lat="22.7406010" lon="120.3323200">
    <ele>18.3</ele>
    <time>2026-08-17T11:48:29Z</time>
   </trkpt>
   <trkpt lat="22.7405900" lon="120.3323300">
    <ele>18.4</ele>
    <time>2026-08-17T11:48:30Z</time>
   </trkpt>
   <trkpt lat="22.7405710" lon="120.3323260">
    <ele>18.4</ele>
    <time>2026-08-17T11:48:31Z</time>
   </trkpt>
   <trkpt lat="22.7405560" lon="120.3323340">
    <ele>18.4</ele>
    <time>2026-08-17T11:48:32Z</time>
   </trkpt>
   <trkpt lat="22.7405590" lon="120.3323340">
    <ele>18.4</ele>
    <time>2026-08-17T11:48:33Z</time>
   </trkpt>
   <trkpt lat="22.7405490" lon="120.3323370">
    <ele>18.4</ele>
    <time>2026-08-17T11:48:34Z</time>
   </trkpt>
   <trkpt lat="22.7405440" lon="120.3323390">
    <ele>18.4</ele>
    <time>2026-08-17T11:48:35Z</time>
   </trkpt>
   <trkpt lat="22.7405440" lon="120.3323550">
    <ele>18.4</ele>
    <time>2026-08-17T11:48:36Z</time>
   </trkpt>
   <trkpt lat="22.7405490" lon="120.3323570">
    <ele>18.4</ele>
    <time>2026-08-17T11:48:37Z</time>
   </trkpt>
   <trkpt lat="22.7405450" lon="120.3323650">
    <ele>18.4</ele>
    <time>2026-08-17T11:48:38Z</time>
   </trkpt>
   <trkpt lat="22.7405290" lon="120.3323660">
    <ele>18.4</ele>
    <time>2026-08-17T11:48:40Z</time>
   </trkpt>
   <trkpt lat="22.7405240" lon="120.3323800">
    <ele>18.4</ele>
    <time>2026-08-17T11:48:41Z</time>
   </trkpt>
   <trkpt lat="22.7405160" lon="120.3323850">
    <ele>18.4</ele>
    <time>2026-08-17T11:48:42Z</time>
   </trkpt>
   <trkpt lat="22.7405060" lon="120.3323870">
    <ele>18.4</ele>
    <time>2026-08-17T11:48:43Z</time>
   </trkpt>
   <trkpt lat="22.7405010" lon="120.3324040">
    <ele>18.4</ele>
    <time>2026-08-17T11:48:44Z</time>
   </trkpt>
   <trkpt lat="22.7404950" lon="120.3324030">
    <ele>18.4</ele>
    <time>2026-08-17T11:48:45Z</time>
   </trkpt>
   <trkpt lat="22.7404840" lon="120.3324000">
    <ele>18.4</ele>
    <time>2026-08-17T11:48:46Z</time>
   </trkpt>
   <trkpt lat="22.7404740" lon="120.3324030">
    <ele>18.4</ele>
    <time>2026-08-17T11:48:47Z</time>
   </trkpt>
   <trkpt lat="22.7404660" lon="120.3324050">
    <ele>18.4</ele>
    <time>2026-08-17T11:48:48Z</time>
   </trkpt>
   <trkpt lat="22.7404610" lon="120.3324090">
    <ele>18.4</ele>
    <time>2026-08-17T11:48:49Z</time>
   </trkpt>
   <trkpt lat="22.7404460" lon="120.3324160">
    <ele>18.4</ele>
    <time>2026-08-17T11:48:50Z</time>
   </trkpt>
   <trkpt lat="22.7404390" lon="120.3324170">
    <ele>18.4</ele>
    <time>2026-08-17T11:48:51Z</time>
   </trkpt>
   <trkpt lat="22.7404360" lon="120.3324240">
    <ele>18.4</ele>
    <time>2026-08-17T11:48:52Z</time>
   </trkpt>
   <trkpt lat="22.7404300" lon="120.3324310">
    <ele>18.4</ele>
    <time>2026-08-17T11:48:53Z</time>
   </trkpt>
   <trkpt lat="22.7404260" lon="120.3324310">
    <ele>18.4</ele>
    <time>2026-08-17T11:48:54Z</time>
   </trkpt>
   <trkpt lat="22.7404250" lon="120.3324350">
    <ele>18.4</ele>
    <time>2026-08-17T11:48:55Z</time>
   </trkpt>
   <trkpt lat="22.7404240" lon="120.3324500">
    <ele>18.4</ele>
    <time>2026-08-17T11:48:56Z</time>
   </trkpt>
   <trkpt lat="22.7404210" lon="120.3324540">
    <ele>18.4</ele>
    <time>2026-08-17T11:48:57Z</time>
   </trkpt>
   <trkpt lat="22.7404220" lon="120.3324640">
    <ele>18.4</ele>
    <time>2026-08-17T11:48:58Z</time>
   </trkpt>
   <trkpt lat="22.7404250" lon="120.3324590">
    <ele>18.4</ele>
    <time>2026-08-17T11:48:59Z</time>
   </trkpt>
   <trkpt lat="22.7404280" lon="120.3324630">
    <ele>18.4</ele>
    <time>2026-08-17T11:49:00Z</time>
   </trkpt>
   <trkpt lat="22.7404130" lon="120.3324630">
    <ele>18.4</ele>
    <time>2026-08-17T11:49:01Z</time>
   </trkpt>
   <trkpt lat="22.7404160" lon="120.3324710">
    <ele>18.4</ele>
    <time>2026-08-17T11:49:02Z</time>
   </trkpt>
   <trkpt lat="22.7404180" lon="120.3324700">
    <ele>18.4</ele>
    <time>2026-08-17T11:49:03Z</time>
   </trkpt>
   <trkpt lat="22.7404180" lon="120.3324590">
    <ele>18.4</ele>
    <time>2026-08-17T11:49:04Z</time>
   </trkpt>
   <trkpt lat="22.7404200" lon="120.3324610">
    <ele>18.4</ele>
    <time>2026-08-17T11:49:05Z</time>
   </trkpt>
   <trkpt lat="22.7404190" lon="120.3324580">
    <ele>18.4</ele>
    <time>2026-08-17T11:49:06Z</time>
   </trkpt>
   <trkpt lat="22.7404140" lon="120.3324710">
    <ele>18.4</ele>
    <time>2026-08-17T11:49:07Z</time>
   </trkpt>
   <trkpt lat="22.7404280" lon="120.3324870">
    <ele>18.4</ele>
    <time>2026-08-17T11:49:08Z</time>
   </trkpt>
   <trkpt lat="22.7404270" lon="120.3324880">
    <ele>18.4</ele>
    <time>2026-08-17T11:49:09Z</time>
   </trkpt>
   <trkpt lat="22.7404220" lon="120.3324860">
    <ele>18.4</ele>
    <time>2026-08-17T11:49:10Z</time>
   </trkpt>
   <trkpt lat="22.7404470" lon="120.3325210">
    <ele>18.4</ele>
    <time>2026-08-17T11:49:14Z</time>
   </trkpt>
   <trkpt lat="22.7404480" lon="120.3325330">
    <ele>18.4</ele>
    <time>2026-08-17T11:49:15Z</time>
   </trkpt>
   <trkpt lat="22.7404540" lon="120.3325480">
    <ele>18.4</ele>
    <time>2026-08-17T11:49:16Z</time>
   </trkpt>
   <trkpt lat="22.7404500" lon="120.3325470">
    <ele>18.4</ele>
    <time>2026-08-17T11:49:17Z</time>
   </trkpt>
   <trkpt lat="22.7404470" lon="120.3325460">
    <ele>18.4</ele>
    <time>2026-08-17T11:49:18Z</time>
   </trkpt>
   <trkpt lat="22.7404290" lon="120.3325550">
    <ele>18.5</ele>
    <time>2026-08-17T11:49:19Z</time>
   </trkpt>
   <trkpt lat="22.7404220" lon="120.3325590">
    <ele>18.5</ele>
    <time>2026-08-17T11:49:20Z</time>
   </trkpt>
   <trkpt lat="22.7404110" lon="120.3325660">
    <ele>18.5</ele>
    <time>2026-08-17T11:49:21Z</time>
   </trkpt>
   <trkpt lat="22.7404000" lon="120.3325750">
    <ele>18.5</ele>
    <time>2026-08-17T11:49:22Z</time>
   </trkpt>
   <trkpt lat="22.7403840" lon="120.3325710">
    <ele>18.5</ele>
    <time>2026-08-17T11:49:23Z</time>
   </trkpt>
   <trkpt lat="22.7403820" lon="120.3325800">
    <ele>18.5</ele>
    <time>2026-08-17T11:49:24Z</time>
   </trkpt>
   <trkpt lat="22.7403720" lon="120.3325830">
    <ele>18.5</ele>
    <time>2026-08-17T11:49:25Z</time>
   </trkpt>
   <trkpt lat="22.7403640" lon="120.3325870">
    <ele>18.5</ele>
    <time>2026-08-17T11:49:26Z</time>
   </trkpt>
   <trkpt lat="22.7403580" lon="120.3325860">
    <ele>18.5</ele>
    <time>2026-08-17T11:49:27Z</time>
   </trkpt>
   <trkpt lat="22.7403530" lon="120.3325930">
    <ele>18.5</ele>
    <time>2026-08-17T11:49:28Z</time>
   </trkpt>
   <trkpt lat="22.7403480" lon="120.3325980">
    <ele>18.5</ele>
    <time>2026-08-17T11:49:29Z</time>
   </trkpt>
   <trkpt lat="22.7403370" lon="120.3325960">
    <ele>18.5</ele>
    <time>2026-08-17T11:49:30Z</time>
   </trkpt>
   <trkpt lat="22.7403280" lon="120.3325940">
    <ele>18.5</ele>
    <time>2026-08-17T11:49:31Z</time>
   </trkpt>
   <trkpt lat="22.7403270" lon="120.3325900">
    <ele>18.5</ele>
    <time>2026-08-17T11:49:32Z</time>
   </trkpt>
   <trkpt lat="22.7403160" lon="120.3325910">
    <ele>18.5</ele>
    <time>2026-08-17T11:49:33Z</time>
   </trkpt>
   <trkpt lat="22.7403090" lon="120.3325920">
    <ele>18.5</ele>
    <time>2026-08-17T11:49:34Z</time>
   </trkpt>
   <trkpt lat="22.7403070" lon="120.3325920">
    <ele>18.5</ele>
    <time>2026-08-17T11:49:35Z</time>
   </trkpt>
   <trkpt lat="22.7403070" lon="120.3325930">
    <ele>18.5</ele>
    <time>2026-08-17T11:49:36Z</time>
   </trkpt>
   <trkpt lat="22.7403060" lon="120.3326010">
    <ele>18.5</ele>
    <time>2026-08-17T11:49:37Z</time>
   </trkpt>
   <trkpt lat="22.7403050" lon="120.3326050">
    <ele>18.5</ele>
    <time>2026-08-17T11:49:38Z</time>
   </trkpt>
   <trkpt lat="22.7403100" lon="120.3325930">
    <ele>18.5</ele>
    <time>2026-08-17T11:49:39Z</time>
   </trkpt>
   <trkpt lat="22.7402880" lon="120.3325850">
    <ele>18.5</ele>
    <time>2026-08-17T11:49:44Z</time>
   </trkpt>
   <trkpt lat="22.7402820" lon="120.3325900">
    <ele>18.5</ele>
    <time>2026-08-17T11:49:45Z</time>
   </trkpt>
   <trkpt lat="22.7402930" lon="120.3326060">
    <ele>18.6</ele>
    <time>2026-08-17T11:49:46Z</time>
   </trkpt>
   <trkpt lat="22.7402940" lon="120.3326210">
    <ele>18.6</ele>
    <time>2026-08-17T11:49:47Z</time>
   </trkpt>
   <trkpt lat="22.7402920" lon="120.3326310">
    <ele>18.6</ele>
    <time>2026-08-17T11:49:48Z</time>
   </trkpt>
   <trkpt lat="22.7402890" lon="120.3326310">
    <ele>18.6</ele>
    <time>2026-08-17T11:49:49Z</time>
   </trkpt>
   <trkpt lat="22.7402890" lon="120.3326220">
    <ele>18.6</ele>
    <time>2026-08-17T11:49:50Z</time>
   </trkpt>
   <trkpt lat="22.7403010" lon="120.3326220">
    <ele>18.6</ele>
    <time>2026-08-17T11:49:51Z</time>
   </trkpt>
   <trkpt lat="22.7403040" lon="120.3326170">
    <ele>18.6</ele>
    <time>2026-08-17T11:49:52Z</time>
   </trkpt>
   <trkpt lat="22.7403090" lon="120.3326180">
    <ele>18.6</ele>
    <time>2026-08-17T11:49:53Z</time>
   </trkpt>
   <trkpt lat="22.7403110" lon="120.3326100">
    <ele>18.6</ele>
    <time>2026-08-17T11:49:54Z</time>
   </trkpt>
   <trkpt lat="22.7403120" lon="120.3325970">
    <ele>18.6</ele>
    <time>2026-08-17T11:49:55Z</time>
   </trkpt>
   <trkpt lat="22.7403150" lon="120.3325880">
    <ele>18.6</ele>
    <time>2026-08-17T11:49:56Z</time>
   </trkpt>
   <trkpt lat="22.7403160" lon="120.3325720">
    <ele>18.6</ele>
    <time>2026-08-17T11:49:57Z</time>
   </trkpt>
   <trkpt lat="22.7403950" lon="120.3325790">
    <ele>18.5</ele>
    <time>2026-08-17T11:50:11Z</time>
   </trkpt>
   <trkpt lat="22.7403870" lon="120.3325740">
    <ele>18.5</ele>
    <time>2026-08-17T11:50:12Z</time>
   </trkpt>
   <trkpt lat="22.7403830" lon="120.3325690">
    <ele>18.5</ele>
    <time>2026-08-17T11:50:13Z</time>
   </trkpt>
   <trkpt lat="22.7403830" lon="120.3325660">
    <ele>18.5</ele>
    <time>2026-08-17T11:50:14Z</time>
   </trkpt>
   <trkpt lat="22.7403970" lon="120.3325460">
    <ele>18.5</ele>
    <time>2026-08-17T11:50:15Z</time>
   </trkpt>
   <trkpt lat="22.7403990" lon="120.3325400">
    <ele>18.5</ele>
    <time>2026-08-17T11:50:16Z</time>
   </trkpt>
   <trkpt lat="22.7404000" lon="120.3325300">
    <ele>18.5</ele>
    <time>2026-08-17T11:50:17Z</time>
   </trkpt>
   <trkpt lat="22.7404080" lon="120.3325110">
    <ele>18.5</ele>
    <time>2026-08-17T11:50:18Z</time>
   </trkpt>
   <trkpt lat="22.7403870" lon="120.3325120">
    <ele>18.5</ele>
    <time>2026-08-17T11:50:19Z</time>
   </trkpt>
   <trkpt lat="22.7403900" lon="120.3325100">
    <ele>18.5</ele>
    <time>2026-08-17T11:50:20Z</time>
   </trkpt>
   <trkpt lat="22.7403820" lon="120.3325010">
    <ele>18.5</ele>
    <time>2026-08-17T11:50:21Z</time>
   </trkpt>
   <trkpt lat="22.7403770" lon="120.3325000">
    <ele>18.5</ele>
    <time>2026-08-17T11:50:22Z</time>
   </trkpt>
   <trkpt lat="22.7403730" lon="120.3324970">
    <ele>18.5</ele>
    <time>2026-08-17T11:50:23Z</time>
   </trkpt>
   <trkpt lat="22.7403730" lon="120.3325010">
    <ele>18.5</ele>
    <time>2026-08-17T11:50:24Z</time>
   </trkpt>
   <trkpt lat="22.7403740" lon="120.3325010">
    <ele>18.5</ele>
    <time>2026-08-17T11:50:25Z</time>
   </trkpt>
   <trkpt lat="22.7403740" lon="120.3324960">
    <ele>18.5</ele>
    <time>2026-08-17T11:50:26Z</time>
   </trkpt>
   <trkpt lat="22.7403740" lon="120.3324990">
    <ele>18.5</ele>
    <time>2026-08-17T11:50:27Z</time>
   </trkpt>
   <trkpt lat="22.7403860" lon="120.3324550">
    <ele>18.5</ele>
    <time>2026-08-17T11:50:37Z</time>
   </trkpt>
   <trkpt lat="22.7403840" lon="120.3324520">
    <ele>18.5</ele>
    <time>2026-08-17T11:50:38Z</time>
   </trkpt>
   <trkpt lat="22.7403840" lon="120.3324530">
    <ele>18.5</ele>
    <time>2026-08-17T11:50:39Z</time>
   </trkpt>
   <trkpt lat="22.7403910" lon="120.3324520">
    <ele>18.4</ele>
    <time>2026-08-17T11:50:40Z</time>
   </trkpt>
   <trkpt lat="22.7403950" lon="120.3324470">
    <ele>18.4</ele>
    <time>2026-08-17T11:50:41Z</time>
   </trkpt>
   <trkpt lat="22.7404000" lon="120.3324440">
    <ele>18.4</ele>
    <time>2026-08-17T11:50:42Z</time>
   </trkpt>
   <trkpt lat="22.7403960" lon="120.3324360">
    <ele>18.4</ele>
    <time>2026-08-17T11:50:43Z</time>
   </trkpt>
   <trkpt lat="22.7404000" lon="120.3324310">
    <ele>18.4</ele>
    <time>2026-08-17T11:50:44Z</time>
   </trkpt>
   <trkpt lat="22.7404000" lon="120.3324350">
    <ele>18.4</ele>
    <time>2026-08-17T11:50:45Z</time>
   </trkpt>
   <trkpt lat="22.7403990" lon="120.3324430">
    <ele>18.4</ele>
    <time>2026-08-17T11:50:46Z</time>
   </trkpt>
   <trkpt lat="22.7404180" lon="120.3324550">
    <ele>18.4</ele>
    <time>2026-08-17T11:51:07Z</time>
   </trkpt>
   <trkpt lat="22.7404170" lon="120.3324170">
    <ele>18.4</ele>
    <time>2026-08-17T11:51:08Z</time>
   </trkpt>
   <trkpt lat="22.7404260" lon="120.3324120">
    <ele>18.4</ele>
    <time>2026-08-17T11:51:09Z</time>
   </trkpt>
   <trkpt lat="22.7404200" lon="120.3324200">
    <ele>18.4</ele>
    <time>2026-08-17T11:51:10Z</time>
   </trkpt>
   <trkpt lat="22.7404200" lon="120.3324210">
    <ele>18.4</ele>
    <time>2026-08-17T11:51:11Z</time>
   </trkpt>
   <trkpt lat="22.7404200" lon="120.3324210">
    <ele>18.4</ele>
    <time>2026-08-17T11:51:12Z</time>
   </trkpt>
   <trkpt lat="22.7404230" lon="120.3324370">
    <ele>18.4</ele>
    <time>2026-08-17T11:51:13Z</time>
   </trkpt>
   <trkpt lat="22.7404210" lon="120.3324360">
    <ele>18.4</ele>
    <time>2026-08-17T11:51:14Z</time>
   </trkpt>
   <trkpt lat="22.7404190" lon="120.3324420">
    <ele>18.4</ele>
    <time>2026-08-17T11:51:15Z</time>
   </trkpt>
   <trkpt lat="22.7404130" lon="120.3324420">
    <ele>18.4</ele>
    <time>2026-08-17T11:51:16Z</time>
   </trkpt>
   <trkpt lat="22.7404660" lon="120.3323850">
    <ele>18.4</ele>
    <time>2026-08-17T11:51:43Z</time>
   </trkpt>
   <trkpt lat="22.7404700" lon="120.3323840">
    <ele>18.4</ele>
    <time>2026-08-17T11:51:44Z</time>
   </trkpt>
   <trkpt lat="22.7404740" lon="120.3323880">
    <ele>18.4</ele>
    <time>2026-08-17T11:51:45Z</time>
   </trkpt>
   <trkpt lat="22.7404720" lon="120.3323880">
    <ele>18.4</ele>
    <time>2026-08-17T11:51:46Z</time>
   </trkpt>
   <trkpt lat="22.7404730" lon="120.3323850">
    <ele>18.4</ele>
    <time>2026-08-17T11:51:47Z</time>
   </trkpt>
   <trkpt lat="22.7404640" lon="120.3323760">
    <ele>18.4</ele>
    <time>2026-08-17T11:51:48Z</time>
   </trkpt>
   <trkpt lat="22.7404630" lon="120.3323750">
    <ele>18.4</ele>
    <time>2026-08-17T11:51:49Z</time>
   </trkpt>
   <trkpt lat="22.7404630" lon="120.3323750">
    <ele>18.4</ele>
    <time>2026-08-17T11:51:50Z</time>
   </trkpt>
   <trkpt lat="22.7404640" lon="120.3323730">
    <ele>18.4</ele>
    <time>2026-08-17T11:51:51Z</time>
   </trkpt>
   <trkpt lat="22.7404570" lon="120.3323720">
    <ele>18.4</ele>
    <time>2026-08-17T11:51:52Z</time>
   </trkpt>
   <trkpt lat="22.7404740" lon="120.3323480">
    <ele>18.4</ele>
    <time>2026-08-17T11:52:06Z</time>
   </trkpt>
   <trkpt lat="22.7404820" lon="120.3323430">
    <ele>18.4</ele>
    <time>2026-08-17T11:52:07Z</time>
   </trkpt>
   <trkpt lat="22.7404870" lon="120.3323400">
    <ele>18.4</ele>
    <time>2026-08-17T11:52:08Z</time>
   </trkpt>
   <trkpt lat="22.7404950" lon="120.3323310">
    <ele>18.4</ele>
    <time>2026-08-17T11:52:09Z</time>
   </trkpt>
   <trkpt lat="22.7405060" lon="120.3323280">
    <ele>18.4</ele>
    <time>2026-08-17T11:52:10Z</time>
   </trkpt>
   <trkpt lat="22.7405180" lon="120.3323330">
    <ele>18.4</ele>
    <time>2026-08-17T11:52:11Z</time>
   </trkpt>
   <trkpt lat="22.7405370" lon="120.3323320">
    <ele>18.4</ele>
    <time>2026-08-17T11:52:12Z</time>
   </trkpt>
   <trkpt lat="22.7405460" lon="120.3323390">
    <ele>18.4</ele>
    <time>2026-08-17T11:52:13Z</time>
   </trkpt>
   <trkpt lat="22.7405490" lon="120.3323420">
    <ele>18.4</ele>
    <time>2026-08-17T11:52:14Z</time>
   </trkpt>
   <trkpt lat="22.7405520" lon="120.3323420">
    <ele>18.4</ele>
    <time>2026-08-17T11:52:15Z</time>
   </trkpt>
   <trkpt lat="22.7405540" lon="120.3323450">
    <ele>18.4</ele>
    <time>2026-08-17T11:52:16Z</time>
   </trkpt>
   <trkpt lat="22.7405530" lon="120.3323450">
    <ele>18.4</ele>
    <time>2026-08-17T11:52:17Z</time>
   </trkpt>
   <trkpt lat="22.7405530" lon="120.3323450">
    <ele>18.4</ele>
    <time>2026-08-17T11:52:18Z</time>
   </trkpt>
   <trkpt lat="22.7405590" lon="120.3323480">
    <ele>18.3</ele>
    <time>2026-08-17T11:52:19Z</time>
   </trkpt>
   <trkpt lat="22.7405590" lon="120.3323490">
    <ele>18.3</ele>
    <time>2026-08-17T11:52:20Z</time>
   </trkpt>
   <trkpt lat="22.7405610" lon="120.3323510">
    <ele>18.3</ele>
    <time>2026-08-17T11:52:21Z</time>
   </trkpt>
   <trkpt lat="22.7405640" lon="120.3323540">
    <ele>18.3</ele>
    <time>2026-08-17T11:52:22Z</time>
   </trkpt>
   <trkpt lat="22.7405810" lon="120.3323310">
    <ele>18.3</ele>
    <time>2026-08-17T11:52:30Z</time>
   </trkpt>
   <trkpt lat="22.7405910" lon="120.3323230">
    <ele>18.3</ele>
    <time>2026-08-17T11:52:31Z</time>
   </trkpt>
   <trkpt lat="22.7405990" lon="120.3323190">
    <ele>18.3</ele>
    <time>2026-08-17T11:52:32Z</time>
   </trkpt>
   <trkpt lat="22.7406010" lon="120.3323120">
    <ele>18.3</ele>
    <time>2026-08-17T11:52:33Z</time>
   </trkpt>
   <trkpt lat="22.7406140" lon="120.3323020">
    <ele>18.3</ele>
    <time>2026-08-17T11:52:34Z</time>
   </trkpt>
   <trkpt lat="22.7406190" lon="120.3322950">
    <ele>18.3</ele>
    <time>2026-08-17T11:52:35Z</time>
   </trkpt>
   <trkpt lat="22.7406220" lon="120.3322800">
    <ele>18.3</ele>
    <time>2026-08-17T11:52:36Z</time>
   </trkpt>
   <trkpt lat="22.7406130" lon="120.3322900">
    <ele>18.3</ele>
    <time>2026-08-17T11:52:37Z</time>
   </trkpt>
   <trkpt lat="22.7406220" lon="120.3322910">
    <ele>18.3</ele>
    <time>2026-08-17T11:52:38Z</time>
   </trkpt>
   <trkpt lat="22.7406230" lon="120.3322830">
    <ele>18.3</ele>
    <time>2026-08-17T11:52:39Z</time>
   </trkpt>
   <trkpt lat="22.7406160" lon="120.3322800">
    <ele>18.3</ele>
    <time>2026-08-17T11:52:40Z</time>
   </trkpt>
   <trkpt lat="22.7406120" lon="120.3322820">
    <ele>18.3</ele>
    <time>2026-08-17T11:52:41Z</time>
   </trkpt>
   <trkpt lat="22.7406050" lon="120.3322690">
    <ele>18.3</ele>
    <time>2026-08-17T11:52:42Z</time>
   </trkpt>
   <trkpt lat="22.7405970" lon="120.3322720">
    <ele>18.3</ele>
    <time>2026-08-17T11:52:43Z</time>
   </trkpt>
   <trkpt lat="22.7405810" lon="120.3322430">
    <ele>18.3</ele>
    <time>2026-08-17T11:52:44Z</time>
   </trkpt>
   <trkpt lat="22.7405810" lon="120.3322460">
    <ele>18.3</ele>
    <time>2026-08-17T11:52:45Z</time>
   </trkpt>
   <trkpt lat="22.7405660" lon="120.3322260">
    <ele>18.3</ele>
    <time>2026-08-17T11:52:46Z</time>
   </trkpt>
   <trkpt lat="22.7405590" lon="120.3322270">
    <ele>18.3</ele>
    <time>2026-08-17T11:52:47Z</time>
   </trkpt>
   <trkpt lat="22.7405500" lon="120.3322280">
    <ele>18.3</ele>
    <time>2026-08-17T11:52:48Z</time>
   </trkpt>
   <trkpt lat="22.7405430" lon="120.3322220">
    <ele>18.3</ele>
    <time>2026-08-17T11:52:49Z</time>
   </trkpt>
   <trkpt lat="22.7405430" lon="120.3322220">
    <ele>18.3</ele>
    <time>2026-08-17T11:52:50Z</time>
   </trkpt>
   <trkpt lat="22.7405430" lon="120.3322220">
    <ele>18.3</ele>
    <time>2026-08-17T11:52:51Z</time>
   </trkpt>
   <trkpt lat="22.7405360" lon="120.3322190">
    <ele>18.3</ele>
    <time>2026-08-17T11:52:52Z</time>
   </trkpt>
   <trkpt lat="22.7405460" lon="120.3322220">
    <ele>18.3</ele>
    <time>2026-08-17T11:52:53Z</time>
   </trkpt>
   <trkpt lat="22.7405450" lon="120.3322280">
    <ele>18.3</ele>
    <time>2026-08-17T11:52:54Z</time>
   </trkpt>
   <trkpt lat="22.7405960" lon="120.3321290">
    <ele>18.3</ele>
    <time>2026-08-17T11:53:30Z</time>
   </trkpt>
   <trkpt lat="22.7406070" lon="120.3321250">
    <ele>18.3</ele>
    <time>2026-08-17T11:53:31Z</time>
   </trkpt>
   <trkpt lat="22.7406150" lon="120.3321170">
    <ele>18.3</ele>
    <time>2026-08-17T11:53:32Z</time>
   </trkpt>
   <trkpt lat="22.7406220" lon="120.3321170">
    <ele>18.3</ele>
    <time>2026-08-17T11:53:33Z</time>
   </trkpt>
   <trkpt lat="22.7406370" lon="120.3321040">
    <ele>18.3</ele>
    <time>2026-08-17T11:53:34Z</time>
   </trkpt>
   <trkpt lat="22.7406400" lon="120.3320920">
    <ele>18.3</ele>
    <time>2026-08-17T11:53:36Z</time>
   </trkpt>
   <trkpt lat="22.7406500" lon="120.3320850">
    <ele>18.3</ele>
    <time>2026-08-17T11:53:37Z</time>
   </trkpt>
   <trkpt lat="22.7406640" lon="120.3320800">
    <ele>18.3</ele>
    <time>2026-08-17T11:53:38Z</time>
   </trkpt>
   <trkpt lat="22.7406670" lon="120.3320740">
    <ele>18.3</ele>
    <time>2026-08-17T11:53:39Z</time>
   </trkpt>
   <trkpt lat="22.7406730" lon="120.3320680">
    <ele>18.3</ele>
    <time>2026-08-17T11:53:40Z</time>
   </trkpt>
   <trkpt lat="22.7406790" lon="120.3320570">
    <ele>18.3</ele>
    <time>2026-08-17T11:53:41Z</time>
   </trkpt>
   <trkpt lat="22.7406840" lon="120.3320600">
    <ele>18.3</ele>
    <time>2026-08-17T11:53:42Z</time>
   </trkpt>
   <trkpt lat="22.7406860" lon="120.3320600">
    <ele>18.3</ele>
    <time>2026-08-17T11:53:43Z</time>
   </trkpt>
   <trkpt lat="22.7406900" lon="120.3320590">
    <ele>18.3</ele>
    <time>2026-08-17T11:53:44Z</time>
   </trkpt>
   <trkpt lat="22.7406930" lon="120.3320560">
    <ele>18.3</ele>
    <time>2026-08-17T11:53:45Z</time>
   </trkpt>
   <trkpt lat="22.7407000" lon="120.3320630">
    <ele>18.4</ele>
    <time>2026-08-17T11:53:46Z</time>
   </trkpt>
   <trkpt lat="22.7407070" lon="120.3320670">
    <ele>18.4</ele>
    <time>2026-08-17T11:53:47Z</time>
   </trkpt>
   <trkpt lat="22.7407070" lon="120.3320680">
    <ele>18.4</ele>
    <time>2026-08-17T11:53:48Z</time>
   </trkpt>
   <trkpt lat="22.7407120" lon="120.3320680">
    <ele>18.4</ele>
    <time>2026-08-17T11:53:49Z</time>
   </trkpt>
   <trkpt lat="22.7407180" lon="120.3320710">
    <ele>18.4</ele>
    <time>2026-08-17T11:53:50Z</time>
   </trkpt>
   <trkpt lat="22.7407780" lon="120.3320540">
    <ele>18.4</ele>
    <time>2026-08-17T11:54:00Z</time>
   </trkpt>
   <trkpt lat="22.7407930" lon="120.3320180">
    <ele>18.4</ele>
    <time>2026-08-17T11:54:01Z</time>
   </trkpt>
   <trkpt lat="22.7407830" lon="120.3319900">
    <ele>18.4</ele>
    <time>2026-08-17T11:54:02Z</time>
   </trkpt>
   <trkpt lat="22.7407820" lon="120.3319650">
    <ele>18.4</ele>
    <time>2026-08-17T11:54:03Z</time>
   </trkpt>
   <trkpt lat="22.7407810" lon="120.3319430">
    <ele>18.4</ele>
    <time>2026-08-17T11:54:04Z</time>
   </trkpt>
   <trkpt lat="22.7407770" lon="120.3319250">
    <ele>18.4</ele>
    <time>2026-08-17T11:54:05Z</time>
   </trkpt>
   <trkpt lat="22.7407650" lon="120.3318910">
    <ele>18.4</ele>
    <time>2026-08-17T11:54:06Z</time>
   </trkpt>
   <trkpt lat="22.7407500" lon="120.3318590">
    <ele>18.4</ele>
    <time>2026-08-17T11:54:07Z</time>
   </trkpt>
   <trkpt lat="22.7407340" lon="120.3318440">
    <ele>18.4</ele>
    <time>2026-08-17T11:54:08Z</time>
   </trkpt>
   <trkpt lat="22.7407160" lon="120.3318180">
    <ele>18.3</ele>
    <time>2026-08-17T11:54:09Z</time>
   </trkpt>
   <trkpt lat="22.7407110" lon="120.3317870">
    <ele>18.2</ele>
    <time>2026-08-17T11:54:10Z</time>
   </trkpt>
   <trkpt lat="22.7407160" lon="120.3317570">
    <ele>18.1</ele>
    <time>2026-08-17T11:54:11Z</time>
   </trkpt>
   <trkpt lat="22.7407230" lon="120.3317290">
    <ele>18.0</ele>
    <time>2026-08-17T11:54:12Z</time>
   </trkpt>
   <trkpt lat="22.7407510" lon="120.3316910">
    <ele>17.9</ele>
    <time>2026-08-17T11:54:13Z</time>
   </trkpt>
   <trkpt lat="22.7407730" lon="120.3316620">
    <ele>17.8</ele>
    <time>2026-08-17T11:54:14Z</time>
   </trkpt>
   <trkpt lat="22.7407870" lon="120.3316300">
    <ele>17.7</ele>
    <time>2026-08-17T11:54:15Z</time>
   </trkpt>
   <trkpt lat="22.7408020" lon="120.3316070">
    <ele>17.6</ele>
    <time>2026-08-17T11:54:16Z</time>
   </trkpt>
   <trkpt lat="22.7408110" lon="120.3315920">
    <ele>17.6</ele>
    <time>2026-08-17T11:54:17Z</time>
   </trkpt>
   <trkpt lat="22.7408200" lon="120.3315820">
    <ele>17.6</ele>
    <time>2026-08-17T11:54:18Z</time>
   </trkpt>
   <trkpt lat="22.7408200" lon="120.3315720">
    <ele>17.5</ele>
    <time>2026-08-17T11:54:19Z</time>
   </trkpt>
   <trkpt lat="22.7408210" lon="120.3315620">
    <ele>17.5</ele>
    <time>2026-08-17T11:54:20Z</time>
   </trkpt>
   <trkpt lat="22.7408300" lon="120.3315390">
    <ele>17.5</ele>
    <time>2026-08-17T11:54:21Z</time>
   </trkpt>
   <trkpt lat="22.7408540" lon="120.3314970">
    <ele>17.4</ele>
    <time>2026-08-17T11:54:22Z</time>
   </trkpt>
   <trkpt lat="22.7408760" lon="120.3314490">
    <ele>17.3</ele>
    <time>2026-08-17T11:54:23Z</time>
   </trkpt>
   <trkpt lat="22.7408930" lon="120.3314050">
    <ele>17.2</ele>
    <time>2026-08-17T11:54:24Z</time>
   </trkpt>
   <trkpt lat="22.7409190" lon="120.3313620">
    <ele>17.1</ele>
    <time>2026-08-17T11:54:25Z</time>
   </trkpt>
   <trkpt lat="22.7409440" lon="120.3313180">
    <ele>17.1</ele>
    <time>2026-08-17T11:54:26Z</time>
   </trkpt>
   <trkpt lat="22.7409660" lon="120.3312770">
    <ele>17.0</ele>
    <time>2026-08-17T11:54:27Z</time>
   </trkpt>
   <trkpt lat="22.7409810" lon="120.3312390">
    <ele>17.0</ele>
    <time>2026-08-17T11:54:28Z</time>
   </trkpt>
   <trkpt lat="22.7409980" lon="120.3312080">
    <ele>16.9</ele>
    <time>2026-08-17T11:54:29Z</time>
   </trkpt>
   <trkpt lat="22.7410150" lon="120.3311870">
    <ele>16.9</ele>
    <time>2026-08-17T11:54:30Z</time>
   </trkpt>
   <trkpt lat="22.7410240" lon="120.3311740">
    <ele>16.9</ele>
    <time>2026-08-17T11:54:31Z</time>
   </trkpt>
   <trkpt lat="22.7410310" lon="120.3311760">
    <ele>16.9</ele>
    <time>2026-08-17T11:54:32Z</time>
   </trkpt>
   <trkpt lat="22.7410310" lon="120.3311810">
    <ele>16.9</ele>
    <time>2026-08-17T11:54:33Z</time>
   </trkpt>
   <trkpt lat="22.7410250" lon="120.3311810">
    <ele>16.9</ele>
    <time>2026-08-17T11:54:34Z</time>
   </trkpt>
   <trkpt lat="22.7410240" lon="120.3311820">
    <ele>16.8</ele>
    <time>2026-08-17T11:54:35Z</time>
   </trkpt>
   <trkpt lat="22.7410270" lon="120.3311780">
    <ele>16.8</ele>
    <time>2026-08-17T11:54:36Z</time>
   </trkpt>
   <trkpt lat="22.7410280" lon="120.3311830">
    <ele>16.8</ele>
    <time>2026-08-17T11:54:37Z</time>
   </trkpt>
   <trkpt lat="22.7410320" lon="120.3311820">
    <ele>16.8</ele>
    <time>2026-08-17T11:54:38Z</time>
   </trkpt>
   <trkpt lat="22.7410240" lon="120.3311780">
    <ele>16.8</ele>
    <time>2026-08-17T11:54:39Z</time>
   </trkpt>
   <trkpt lat="22.7410280" lon="120.3311760">
    <ele>16.8</ele>
    <time>2026-08-17T11:54:40Z</time>
   </trkpt>
   <trkpt lat="22.7410360" lon="120.3311560">
    <ele>16.8</ele>
    <time>2026-08-17T11:54:41Z</time>
   </trkpt>
   <trkpt lat="22.7410530" lon="120.3311030">
    <ele>16.7</ele>
    <time>2026-08-17T11:54:47Z</time>
   </trkpt>
   <trkpt lat="22.7410550" lon="120.3310910">
    <ele>16.7</ele>
    <time>2026-08-17T11:54:48Z</time>
   </trkpt>
   <trkpt lat="22.7410560" lon="120.3310830">
    <ele>16.7</ele>
    <time>2026-08-17T11:54:49Z</time>
   </trkpt>
   <trkpt lat="22.7410540" lon="120.3310730">
    <ele>16.7</ele>
    <time>2026-08-17T11:54:50Z</time>
   </trkpt>
   <trkpt lat="22.7410520" lon="120.3310630">
    <ele>16.7</ele>
    <time>2026-08-17T11:54:51Z</time>
   </trkpt>
   <trkpt lat="22.7410520" lon="120.3310540">
    <ele>16.7</ele>
    <time>2026-08-17T11:54:52Z</time>
   </trkpt>
   <trkpt lat="22.7410500" lon="120.3310450">
    <ele>16.7</ele>
    <time>2026-08-17T11:54:53Z</time>
   </trkpt>
   <trkpt lat="22.7410500" lon="120.3310380">
    <ele>16.7</ele>
    <time>2026-08-17T11:54:54Z</time>
   </trkpt>
   <trkpt lat="22.7410520" lon="120.3310320">
    <ele>16.7</ele>
    <time>2026-08-17T11:54:55Z</time>
   </trkpt>
   <trkpt lat="22.7410500" lon="120.3310360">
    <ele>16.7</ele>
    <time>2026-08-17T11:54:56Z</time>
   </trkpt>
   <trkpt lat="22.7410460" lon="120.3310340">
    <ele>16.7</ele>
    <time>2026-08-17T11:54:57Z</time>
   </trkpt>
   <trkpt lat="22.7410450" lon="120.3310360">
    <ele>16.7</ele>
    <time>2026-08-17T11:54:59Z</time>
   </trkpt>
   <trkpt lat="22.7410410" lon="120.3310350">
    <ele>16.7</ele>
    <time>2026-08-17T11:55:00Z</time>
   </trkpt>
   <trkpt lat="22.7410470" lon="120.3310380">
    <ele>16.7</ele>
    <time>2026-08-17T11:55:01Z</time>
   </trkpt>
   <trkpt lat="22.7410440" lon="120.3310350">
    <ele>16.7</ele>
    <time>2026-08-17T11:55:02Z</time>
   </trkpt>
   <trkpt lat="22.7410430" lon="120.3310420">
    <ele>16.7</ele>
    <time>2026-08-17T11:55:03Z</time>
   </trkpt>
   <trkpt lat="22.7410380" lon="120.3310410">
    <ele>16.7</ele>
    <time>2026-08-17T11:55:04Z</time>
   </trkpt>
   <trkpt lat="22.7410380" lon="120.3310430">
    <ele>16.7</ele>
    <time>2026-08-17T11:55:05Z</time>
   </trkpt>
   <trkpt lat="22.7410530" lon="120.3310220">
    <ele>16.7</ele>
    <time>2026-08-17T11:55:08Z</time>
   </trkpt>
   <trkpt lat="22.7410560" lon="120.3310170">
    <ele>16.7</ele>
    <time>2026-08-17T11:55:09Z</time>
   </trkpt>
   <trkpt lat="22.7410590" lon="120.3310130">
    <ele>16.7</ele>
    <time>2026-08-17T11:55:10Z</time>
   </trkpt>
   <trkpt lat="22.7410660" lon="120.3310050">
    <ele>16.7</ele>
    <time>2026-08-17T11:55:11Z</time>
   </trkpt>
   <trkpt lat="22.7410680" lon="120.3309990">
    <ele>16.7</ele>
    <time>2026-08-17T11:55:12Z</time>
   </trkpt>
   <trkpt lat="22.7410730" lon="120.3309930">
    <ele>16.7</ele>
    <time>2026-08-17T11:55:13Z</time>
   </trkpt>
   <trkpt lat="22.7410780" lon="120.3309860">
    <ele>16.7</ele>
    <time>2026-08-17T11:55:14Z</time>
   </trkpt>
   <trkpt lat="22.7410830" lon="120.3309760">
    <ele>16.7</ele>
    <time>2026-08-17T11:55:15Z</time>
   </trkpt>
   <trkpt lat="22.7410840" lon="120.3309660">
    <ele>16.7</ele>
    <time>2026-08-17T11:55:16Z</time>
   </trkpt>
   <trkpt lat="22.7410830" lon="120.3309620">
    <ele>16.7</ele>
    <time>2026-08-17T11:55:17Z</time>
   </trkpt>
   <trkpt lat="22.7410840" lon="120.3309650">
    <ele>16.7</ele>
    <time>2026-08-17T11:55:18Z</time>
   </trkpt>
   <trkpt lat="22.7410840" lon="120.3309620">
    <ele>16.7</ele>
    <time>2026-08-17T11:55:19Z</time>
   </trkpt>
   <trkpt lat="22.7410840" lon="120.3309550">
    <ele>16.7</ele>
    <time>2026-08-17T11:55:20Z</time>
   </trkpt>
   <trkpt lat="22.7410870" lon="120.3309480">
    <ele>16.7</ele>
    <time>2026-08-17T11:55:21Z</time>
   </trkpt>
   <trkpt lat="22.7410840" lon="120.3309440">
    <ele>16.7</ele>
    <time>2026-08-17T11:55:22Z</time>
   </trkpt>
   <trkpt lat="22.7410840" lon="120.3309420">
    <ele>16.7</ele>
    <time>2026-08-17T11:55:23Z</time>
   </trkpt>
   <trkpt lat="22.7410820" lon="120.3309450">
    <ele>16.7</ele>
    <time>2026-08-17T11:55:24Z</time>
   </trkpt>
   <trkpt lat="22.7410820" lon="120.3309450">
    <ele>16.7</ele>
    <time>2026-08-17T11:55:25Z</time>
   </trkpt>
   <trkpt lat="22.7411070" lon="120.3309470">
    <ele>16.7</ele>
    <time>2026-08-17T11:55:34Z</time>
   </trkpt>
   <trkpt lat="22.7411060" lon="120.3309390">
    <ele>16.7</ele>
    <time>2026-08-17T11:55:35Z</time>
   </trkpt>
   <trkpt lat="22.7411100" lon="120.3309310">
    <ele>16.7</ele>
    <time>2026-08-17T11:55:36Z</time>
   </trkpt>
   <trkpt lat="22.7411090" lon="120.3309300">
    <ele>16.7</ele>
    <time>2026-08-17T11:55:37Z</time>
   </trkpt>
   <trkpt lat="22.7411070" lon="120.3309290">
    <ele>16.7</ele>
    <time>2026-08-17T11:55:38Z</time>
   </trkpt>
   <trkpt lat="22.7411060" lon="120.3309270">
    <ele>16.7</ele>
    <time>2026-08-17T11:55:39Z</time>
   </trkpt>
   <trkpt lat="22.7411090" lon="120.3309180">
    <ele>16.7</ele>
    <time>2026-08-17T11:55:40Z</time>
   </trkpt>
   <trkpt lat="22.7411040" lon="120.3309120">
    <ele>16.7</ele>
    <time>2026-08-17T11:55:41Z</time>
   </trkpt>
   <trkpt lat="22.7411030" lon="120.3309050">
    <ele>16.7</ele>
    <time>2026-08-17T11:55:42Z</time>
   </trkpt>
   <trkpt lat="22.7410980" lon="120.3309040">
    <ele>16.7</ele>
    <time>2026-08-17T11:55:43Z</time>
   </trkpt>
   <trkpt lat="22.7410990" lon="120.3309060">
    <ele>16.7</ele>
    <time>2026-08-17T11:55:44Z</time>
   </trkpt>
   <trkpt lat="22.7411020" lon="120.3309080">
    <ele>16.7</ele>
    <time>2026-08-17T11:55:45Z</time>
   </trkpt>
   <trkpt lat="22.7411160" lon="120.3308330">
    <ele>16.7</ele>
    <time>2026-08-17T11:56:29Z</time>
   </trkpt>
   <trkpt lat="22.7411260" lon="120.3308410">
    <ele>16.6</ele>
    <time>2026-08-17T11:56:30Z</time>
   </trkpt>
   <trkpt lat="22.7411290" lon="120.3308420">
    <ele>16.6</ele>
    <time>2026-08-17T11:56:31Z</time>
   </trkpt>
   <trkpt lat="22.7411300" lon="120.3308420">
    <ele>16.6</ele>
    <time>2026-08-17T11:56:32Z</time>
   </trkpt>
   <trkpt lat="22.7411300" lon="120.3308420">
    <ele>16.6</ele>
    <time>2026-08-17T11:56:33Z</time>
   </trkpt>
   <trkpt lat="22.7411300" lon="120.3308420">
    <ele>16.6</ele>
    <time>2026-08-17T11:56:34Z</time>
   </trkpt>
   <trkpt lat="22.7411340" lon="120.3308420">
    <ele>16.6</ele>
    <time>2026-08-17T11:56:35Z</time>
   </trkpt>
   <trkpt lat="22.7411430" lon="120.3308410">
    <ele>16.6</ele>
    <time>2026-08-17T11:56:36Z</time>
   </trkpt>
   <trkpt lat="22.7411490" lon="120.3308360">
    <ele>16.6</ele>
    <time>2026-08-17T11:56:37Z</time>
   </trkpt>
   <trkpt lat="22.7411590" lon="120.3308340">
    <ele>16.6</ele>
    <time>2026-08-17T11:56:38Z</time>
   </trkpt>
   <trkpt lat="22.7411790" lon="120.3307890">
    <ele>16.6</ele>
    <time>2026-08-17T11:56:49Z</time>
   </trkpt>
   <trkpt lat="22.7411570" lon="120.3308010">
    <ele>16.6</ele>
    <time>2026-08-17T11:56:50Z</time>
   </trkpt>
   <trkpt lat="22.7411590" lon="120.3308020">
    <ele>16.6</ele>
    <time>2026-08-17T11:56:51Z</time>
   </trkpt>
   <trkpt lat="22.7411570" lon="120.3308030">
    <ele>16.6</ele>
    <time>2026-08-17T11:56:52Z</time>
   </trkpt>
   <trkpt lat="22.7411570" lon="120.3308030">
    <ele>16.6</ele>
    <time>2026-08-17T11:56:53Z</time>
   </trkpt>
   <trkpt lat="22.7411630" lon="120.3308020">
    <ele>16.6</ele>
    <time>2026-08-17T11:56:54Z</time>
   </trkpt>
   <trkpt lat="22.7411760" lon="120.3307920">
    <ele>16.6</ele>
    <time>2026-08-17T11:56:55Z</time>
   </trkpt>
   <trkpt lat="22.7411750" lon="120.3307950">
    <ele>16.6</ele>
    <time>2026-08-17T11:56:56Z</time>
   </trkpt>
   <trkpt lat="22.7411760" lon="120.3307860">
    <ele>16.6</ele>
    <time>2026-08-17T11:56:57Z</time>
   </trkpt>
   <trkpt lat="22.7411760" lon="120.3307830">
    <ele>16.6</ele>
    <time>2026-08-17T11:56:58Z</time>
   </trkpt>
   <trkpt lat="22.7411780" lon="120.3307790">
    <ele>16.6</ele>
    <time>2026-08-17T11:56:59Z</time>
   </trkpt>
   <trkpt lat="22.7411790" lon="120.3307740">
    <ele>16.6</ele>
    <time>2026-08-17T11:57:00Z</time>
   </trkpt>
   <trkpt lat="22.7411770" lon="120.3307690">
    <ele>16.6</ele>
    <time>2026-08-17T11:57:01Z</time>
   </trkpt>
   <trkpt lat="22.7411800" lon="120.3307670">
    <ele>16.6</ele>
    <time>2026-08-17T11:57:02Z</time>
   </trkpt>
   <trkpt lat="22.7411810" lon="120.3307730">
    <ele>16.6</ele>
    <time>2026-08-17T11:57:03Z</time>
   </trkpt>
   <trkpt lat="22.7411670" lon="120.3307670">
    <ele>16.6</ele>
    <time>2026-08-17T11:57:04Z</time>
   </trkpt>
   <trkpt lat="22.7411760" lon="120.3307720">
    <ele>16.6</ele>
    <time>2026-08-17T11:57:05Z</time>
   </trkpt>
   <trkpt lat="22.7412480" lon="120.3306560">
    <ele>16.7</ele>
    <time>2026-08-17T11:58:08Z</time>
   </trkpt>
   <trkpt lat="22.7412550" lon="120.3306470">
    <ele>16.7</ele>
    <time>2026-08-17T11:58:09Z</time>
   </trkpt>
   <trkpt lat="22.7412560" lon="120.3306330">
    <ele>16.7</ele>
    <time>2026-08-17T11:58:10Z</time>
   </trkpt>
   <trkpt lat="22.7412600" lon="120.3306230">
    <ele>16.7</ele>
    <time>2026-08-17T11:58:11Z</time>
   </trkpt>
   <trkpt lat="22.7412630" lon="120.3306100">
    <ele>16.7</ele>
    <time>2026-08-17T11:58:12Z</time>
   </trkpt>
   <trkpt lat="22.7412660" lon="120.3306060">
    <ele>16.7</ele>
    <time>2026-08-17T11:58:13Z</time>
   </trkpt>
   <trkpt lat="22.7412700" lon="120.3305970">
    <ele>16.7</ele>
    <time>2026-08-17T11:58:14Z</time>
   </trkpt>
   <trkpt lat="22.7412760" lon="120.3305880">
    <ele>16.7</ele>
    <time>2026-08-17T11:58:15Z</time>
   </trkpt>
   <trkpt lat="22.7412800" lon="120.3305790">
    <ele>16.7</ele>
    <time>2026-08-17T11:58:16Z</time>
   </trkpt>
   <trkpt lat="22.7412840" lon="120.3305750">
    <ele>16.7</ele>
    <time>2026-08-17T11:58:17Z</time>
   </trkpt>
   <trkpt lat="22.7412830" lon="120.3305670">
    <ele>16.7</ele>
    <time>2026-08-17T11:58:18Z</time>
   </trkpt>
   <trkpt lat="22.7412830" lon="120.3305560">
    <ele>16.7</ele>
    <time>2026-08-17T11:58:19Z</time>
   </trkpt>
   <trkpt lat="22.7412790" lon="120.3305400">
    <ele>16.7</ele>
    <time>2026-08-17T11:58:20Z</time>
   </trkpt>
   <trkpt lat="22.7412760" lon="120.3305380">
    <ele>16.7</ele>
    <time>2026-08-17T11:58:21Z</time>
   </trkpt>
   <trkpt lat="22.7412680" lon="120.3305370">
    <ele>16.7</ele>
    <time>2026-08-17T11:58:22Z</time>
   </trkpt>
   <trkpt lat="22.7412650" lon="120.3305340">
    <ele>16.7</ele>
    <time>2026-08-17T11:58:23Z</time>
   </trkpt>
   <trkpt lat="22.7412670" lon="120.3305360">
    <ele>16.7</ele>
    <time>2026-08-17T11:58:24Z</time>
   </trkpt>
   <trkpt lat="22.7412630" lon="120.3305360">
    <ele>16.7</ele>
    <time>2026-08-17T11:58:25Z</time>
   </trkpt>
   <trkpt lat="22.7412650" lon="120.3305350">
    <ele>16.7</ele>
    <time>2026-08-17T11:58:26Z</time>
   </trkpt>
   <trkpt lat="22.7412660" lon="120.3305340">
    <ele>16.7</ele>
    <time>2026-08-17T11:58:27Z</time>
   </trkpt>
   <trkpt lat="22.7412620" lon="120.3305330">
    <ele>16.7</ele>
    <time>2026-08-17T11:58:28Z</time>
   </trkpt>
   <trkpt lat="22.7412700" lon="120.3305300">
    <ele>16.7</ele>
    <time>2026-08-17T11:58:29Z</time>
   </trkpt>
   <trkpt lat="22.7412760" lon="120.3305300">
    <ele>16.7</ele>
    <time>2026-08-17T11:58:30Z</time>
   </trkpt>
   <trkpt lat="22.7412830" lon="120.3304980">
    <ele>16.7</ele>
    <time>2026-08-17T11:58:32Z</time>
   </trkpt>
   <trkpt lat="22.7412710" lon="120.3304960">
    <ele>16.7</ele>
    <time>2026-08-17T11:58:33Z</time>
   </trkpt>
   <trkpt lat="22.7412630" lon="120.3304960">
    <ele>16.7</ele>
    <time>2026-08-17T11:58:34Z</time>
   </trkpt>
   <trkpt lat="22.7412540" lon="120.3304970">
    <ele>16.7</ele>
    <time>2026-08-17T11:58:35Z</time>
   </trkpt>
   <trkpt lat="22.7412510" lon="120.3304960">
    <ele>16.7</ele>
    <time>2026-08-17T11:58:36Z</time>
   </trkpt>
   <trkpt lat="22.7412460" lon="120.3304960">
    <ele>16.7</ele>
    <time>2026-08-17T11:58:37Z</time>
   </trkpt>
   <trkpt lat="22.7412480" lon="120.3304990">
    <ele>16.7</ele>
    <time>2026-08-17T11:58:38Z</time>
   </trkpt>
   <trkpt lat="22.7412470" lon="120.3304930">
    <ele>16.7</ele>
    <time>2026-08-17T11:58:39Z</time>
   </trkpt>
   <trkpt lat="22.7412470" lon="120.3305000">
    <ele>16.7</ele>
    <time>2026-08-17T11:58:40Z</time>
   </trkpt>
   <trkpt lat="22.7412550" lon="120.3304950">
    <ele>16.7</ele>
    <time>2026-08-17T11:58:41Z</time>
   </trkpt>
   <trkpt lat="22.7412630" lon="120.3304880">
    <ele>16.7</ele>
    <time>2026-08-17T11:58:42Z</time>
   </trkpt>
   <trkpt lat="22.7412360" lon="120.3305250">
    <ele>16.7</ele>
    <time>2026-08-17T11:58:49Z</time>
   </trkpt>
   <trkpt lat="22.7412360" lon="120.3305110">
    <ele>16.7</ele>
    <time>2026-08-17T11:58:50Z</time>
   </trkpt>
   <trkpt lat="22.7412350" lon="120.3305180">
    <ele>16.7</ele>
    <time>2026-08-17T11:58:51Z</time>
   </trkpt>
   <trkpt lat="22.7412220" lon="120.3305160">
    <ele>16.7</ele>
    <time>2026-08-17T11:58:52Z</time>
   </trkpt>
   <trkpt lat="22.7412160" lon="120.3305110">
    <ele>16.7</ele>
    <time>2026-08-17T11:58:53Z</time>
   </trkpt>
   <trkpt lat="22.7412140" lon="120.3305130">
    <ele>16.7</ele>
    <time>2026-08-17T11:58:54Z</time>
   </trkpt>
   <trkpt lat="22.7412080" lon="120.3305090">
    <ele>16.7</ele>
    <time>2026-08-17T11:58:55Z</time>
   </trkpt>
   <trkpt lat="22.7412060" lon="120.3305090">
    <ele>16.7</ele>
    <time>2026-08-17T11:58:56Z</time>
   </trkpt>
   <trkpt lat="22.7412020" lon="120.3305130">
    <ele>16.7</ele>
    <time>2026-08-17T11:58:57Z</time>
   </trkpt>
   <trkpt lat="22.7412040" lon="120.3305180">
    <ele>16.7</ele>
    <time>2026-08-17T11:58:58Z</time>
   </trkpt>
   <trkpt lat="22.7412080" lon="120.3305110">
    <ele>16.7</ele>
    <time>2026-08-17T11:58:59Z</time>
   </trkpt>
   <trkpt lat="22.7412110" lon="120.3305120">
    <ele>16.7</ele>
    <time>2026-08-17T11:59:00Z</time>
   </trkpt>
   <trkpt lat="22.7412130" lon="120.3305050">
    <ele>16.7</ele>
    <time>2026-08-17T11:59:01Z</time>
   </trkpt>
   <trkpt lat="22.7411970" lon="120.3304810">
    <ele>16.7</ele>
    <time>2026-08-17T11:59:08Z</time>
   </trkpt>
   <trkpt lat="22.7411900" lon="120.3304780">
    <ele>16.7</ele>
    <time>2026-08-17T11:59:09Z</time>
   </trkpt>
   <trkpt lat="22.7411880" lon="120.3304820">
    <ele>16.7</ele>
    <time>2026-08-17T11:59:10Z</time>
   </trkpt>
   <trkpt lat="22.7411800" lon="120.3304770">
    <ele>16.8</ele>
    <time>2026-08-17T11:59:11Z</time>
   </trkpt>
   <trkpt lat="22.7411790" lon="120.3304740">
    <ele>16.8</ele>
    <time>2026-08-17T11:59:12Z</time>
   </trkpt>
   <trkpt lat="22.7411790" lon="120.3304770">
    <ele>16.8</ele>
    <time>2026-08-17T11:59:13Z</time>
   </trkpt>
   <trkpt lat="22.7411760" lon="120.3304780">
    <ele>16.8</ele>
    <time>2026-08-17T11:59:14Z</time>
   </trkpt>
   <trkpt lat="22.7411750" lon="120.3304770">
    <ele>16.8</ele>
    <time>2026-08-17T11:59:15Z</time>
   </trkpt>
   <trkpt lat="22.7411840" lon="120.3304750">
    <ele>16.8</ele>
    <time>2026-08-17T11:59:16Z</time>
   </trkpt>
   <trkpt lat="22.7411910" lon="120.3304660">
    <ele>16.8</ele>
    <time>2026-08-17T11:59:17Z</time>
   </trkpt>
   <trkpt lat="22.7411860" lon="120.3304740">
    <ele>16.8</ele>
    <time>2026-08-17T11:59:18Z</time>
   </trkpt>
   <trkpt lat="22.7412020" lon="120.3304670">
    <ele>16.8</ele>
    <time>2026-08-17T11:59:19Z</time>
   </trkpt>
   <trkpt lat="22.7412000" lon="120.3304570">
    <ele>16.8</ele>
    <time>2026-08-17T11:59:44Z</time>
   </trkpt>
   <trkpt lat="22.7411930" lon="120.3304600">
    <ele>16.8</ele>
    <time>2026-08-17T11:59:45Z</time>
   </trkpt>
   <trkpt lat="22.7412020" lon="120.3304770">
    <ele>16.7</ele>
    <time>2026-08-17T11:59:46Z</time>
   </trkpt>
   <trkpt lat="22.7412090" lon="120.3304820">
    <ele>16.7</ele>
    <time>2026-08-17T11:59:47Z</time>
   </trkpt>
   <trkpt lat="22.7412210" lon="120.3304810">
    <ele>16.7</ele>
    <time>2026-08-17T11:59:48Z</time>
   </trkpt>
   <trkpt lat="22.7412350" lon="120.3304910">
    <ele>16.7</ele>
    <time>2026-08-17T11:59:49Z</time>
   </trkpt>
   <trkpt lat="22.7412430" lon="120.3304990">
    <ele>16.7</ele>
    <time>2026-08-17T11:59:50Z</time>
   </trkpt>
   <trkpt lat="22.7412520" lon="120.3305090">
    <ele>16.7</ele>
    <time>2026-08-17T11:59:51Z</time>
   </trkpt>
   <trkpt lat="22.7412630" lon="120.3305160">
    <ele>16.7</ele>
    <time>2026-08-17T11:59:52Z</time>
   </trkpt>
   <trkpt lat="22.7412660" lon="120.3305310">
    <ele>16.7</ele>
    <time>2026-08-17T11:59:53Z</time>
   </trkpt>
   <trkpt lat="22.7412740" lon="120.3305260">
    <ele>16.7</ele>
    <time>2026-08-17T11:59:54Z</time>
   </trkpt>
   <trkpt lat="22.7412820" lon="120.3305380">
    <ele>16.7</ele>
    <time>2026-08-17T11:59:55Z</time>
   </trkpt>
   <trkpt lat="22.7412870" lon="120.3305500">
    <ele>16.7</ele>
    <time>2026-08-17T11:59:56Z</time>
   </trkpt>
   <trkpt lat="22.7412970" lon="120.3305710">
    <ele>16.7</ele>
    <time>2026-08-17T11:59:57Z</time>
   </trkpt>
   <trkpt lat="22.7412900" lon="120.3305780">
    <ele>16.7</ele>
    <time>2026-08-17T11:59:58Z</time>
   </trkpt>
   <trkpt lat="22.7412860" lon="120.3305880">
    <ele>16.7</ele>
    <time>2026-08-17T11:59:59Z</time>
   </trkpt>
   <trkpt lat="22.7412740" lon="120.3306000">
    <ele>16.7</ele>
    <time>2026-08-17T12:00:00Z</time>
   </trkpt>
   <trkpt lat="22.7412670" lon="120.3306070">
    <ele>16.7</ele>
    <time>2026-08-17T12:00:01Z</time>
   </trkpt>
   <trkpt lat="22.7412680" lon="120.3306230">
    <ele>16.7</ele>
    <time>2026-08-17T12:00:02Z</time>
   </trkpt>
   <trkpt lat="22.7412660" lon="120.3306330">
    <ele>16.7</ele>
    <time>2026-08-17T12:00:03Z</time>
   </trkpt>
   <trkpt lat="22.7412650" lon="120.3306450">
    <ele>16.7</ele>
    <time>2026-08-17T12:00:04Z</time>
   </trkpt>
   <trkpt lat="22.7412650" lon="120.3306550">
    <ele>16.7</ele>
    <time>2026-08-17T12:00:05Z</time>
   </trkpt>
   <trkpt lat="22.7412610" lon="120.3306670">
    <ele>16.7</ele>
    <time>2026-08-17T12:00:06Z</time>
   </trkpt>
   <trkpt lat="22.7412490" lon="120.3306660">
    <ele>16.7</ele>
    <time>2026-08-17T12:00:07Z</time>
   </trkpt>
   <trkpt lat="22.7412460" lon="120.3306810">
    <ele>16.6</ele>
    <time>2026-08-17T12:00:08Z</time>
   </trkpt>
   <trkpt lat="22.7412430" lon="120.3306920">
    <ele>16.6</ele>
    <time>2026-08-17T12:00:09Z</time>
   </trkpt>
   <trkpt lat="22.7412390" lon="120.3307040">
    <ele>16.6</ele>
    <time>2026-08-17T12:00:10Z</time>
   </trkpt>
   <trkpt lat="22.7412390" lon="120.3307140">
    <ele>16.6</ele>
    <time>2026-08-17T12:00:11Z</time>
   </trkpt>
   <trkpt lat="22.7412340" lon="120.3307230">
    <ele>16.6</ele>
    <time>2026-08-17T12:00:12Z</time>
   </trkpt>
   <trkpt lat="22.7412270" lon="120.3307290">
    <ele>16.6</ele>
    <time>2026-08-17T12:00:13Z</time>
   </trkpt>
   <trkpt lat="22.7412230" lon="120.3307390">
    <ele>16.6</ele>
    <time>2026-08-17T12:00:14Z</time>
   </trkpt>
   <trkpt lat="22.7412180" lon="120.3307500">
    <ele>16.6</ele>
    <time>2026-08-17T12:00:15Z</time>
   </trkpt>
   <trkpt lat="22.7412140" lon="120.3307590">
    <ele>16.6</ele>
    <time>2026-08-17T12:00:16Z</time>
   </trkpt>
   <trkpt lat="22.7412080" lon="120.3307680">
    <ele>16.6</ele>
    <time>2026-08-17T12:00:17Z</time>
   </trkpt>
   <trkpt lat="22.7412020" lon="120.3307760">
    <ele>16.6</ele>
    <time>2026-08-17T12:00:18Z</time>
   </trkpt>
   <trkpt lat="22.7411930" lon="120.3307860">
    <ele>16.6</ele>
    <time>2026-08-17T12:00:19Z</time>
   </trkpt>
   <trkpt lat="22.7411900" lon="120.3307950">
    <ele>16.6</ele>
    <time>2026-08-17T12:00:20Z</time>
   </trkpt>
   <trkpt lat="22.7411860" lon="120.3308020">
    <ele>16.6</ele>
    <time>2026-08-17T12:00:21Z</time>
   </trkpt>
   <trkpt lat="22.7411820" lon="120.3308100">
    <ele>16.6</ele>
    <time>2026-08-17T12:00:22Z</time>
   </trkpt>
   <trkpt lat="22.7411770" lon="120.3308210">
    <ele>16.6</ele>
    <time>2026-08-17T12:00:23Z</time>
   </trkpt>
   <trkpt lat="22.7411710" lon="120.3308350">
    <ele>16.6</ele>
    <time>2026-08-17T12:00:24Z</time>
   </trkpt>
   <trkpt lat="22.7411680" lon="120.3308430">
    <ele>16.6</ele>
    <time>2026-08-17T12:00:25Z</time>
   </trkpt>
   <trkpt lat="22.7411580" lon="120.3308560">
    <ele>16.6</ele>
    <time>2026-08-17T12:00:26Z</time>
   </trkpt>
   <trkpt lat="22.7411540" lon="120.3308680">
    <ele>16.6</ele>
    <time>2026-08-17T12:00:27Z</time>
   </trkpt>
   <trkpt lat="22.7411490" lon="120.3308800">
    <ele>16.7</ele>
    <time>2026-08-17T12:00:28Z</time>
   </trkpt>
   <trkpt lat="22.7411550" lon="120.3308850">
    <ele>16.7</ele>
    <time>2026-08-17T12:00:29Z</time>
   </trkpt>
   <trkpt lat="22.7411390" lon="120.3308950">
    <ele>16.7</ele>
    <time>2026-08-17T12:00:30Z</time>
   </trkpt>
   <trkpt lat="22.7411310" lon="120.3309070">
    <ele>16.7</ele>
    <time>2026-08-17T12:00:31Z</time>
   </trkpt>
   <trkpt lat="22.7411240" lon="120.3309190">
    <ele>16.7</ele>
    <time>2026-08-17T12:00:32Z</time>
   </trkpt>
   <trkpt lat="22.7411100" lon="120.3309220">
    <ele>16.7</ele>
    <time>2026-08-17T12:00:33Z</time>
   </trkpt>
   <trkpt lat="22.7411050" lon="120.3309340">
    <ele>16.7</ele>
    <time>2026-08-17T12:00:34Z</time>
   </trkpt>
   <trkpt lat="22.7410960" lon="120.3309390">
    <ele>16.7</ele>
    <time>2026-08-17T12:00:35Z</time>
   </trkpt>
   <trkpt lat="22.7410910" lon="120.3309520">
    <ele>16.7</ele>
    <time>2026-08-17T12:00:36Z</time>
   </trkpt>
   <trkpt lat="22.7410810" lon="120.3309630">
    <ele>16.7</ele>
    <time>2026-08-17T12:00:37Z</time>
   </trkpt>
   <trkpt lat="22.7410800" lon="120.3309770">
    <ele>16.7</ele>
    <time>2026-08-17T12:00:38Z</time>
   </trkpt>
   <trkpt lat="22.7410600" lon="120.3309830">
    <ele>16.7</ele>
    <time>2026-08-17T12:00:39Z</time>
   </trkpt>
   <trkpt lat="22.7410570" lon="120.3309990">
    <ele>16.7</ele>
    <time>2026-08-17T12:00:40Z</time>
   </trkpt>
   <trkpt lat="22.7410530" lon="120.3310060">
    <ele>16.7</ele>
    <time>2026-08-17T12:00:41Z</time>
   </trkpt>
   <trkpt lat="22.7410540" lon="120.3310140">
    <ele>16.7</ele>
    <time>2026-08-17T12:00:42Z</time>
   </trkpt>
   <trkpt lat="22.7410460" lon="120.3310280">
    <ele>16.7</ele>
    <time>2026-08-17T12:00:43Z</time>
   </trkpt>
   <trkpt lat="22.7410370" lon="120.3310380">
    <ele>16.7</ele>
    <time>2026-08-17T12:00:44Z</time>
   </trkpt>
   <trkpt lat="22.7410270" lon="120.3310430">
    <ele>16.7</ele>
    <time>2026-08-17T12:00:45Z</time>
   </trkpt>
   <trkpt lat="22.7410150" lon="120.3310570">
    <ele>16.7</ele>
    <time>2026-08-17T12:00:46Z</time>
   </trkpt>
   <trkpt lat="22.7410120" lon="120.3310650">
    <ele>16.7</ele>
    <time>2026-08-17T12:00:47Z</time>
   </trkpt>
   <trkpt lat="22.7410060" lon="120.3310730">
    <ele>16.7</ele>
    <time>2026-08-17T12:00:48Z</time>
   </trkpt>
   <trkpt lat="22.7410050" lon="120.3310860">
    <ele>16.7</ele>
    <time>2026-08-17T12:00:49Z</time>
   </trkpt>
   <trkpt lat="22.7410060" lon="120.3310980">
    <ele>16.7</ele>
    <time>2026-08-17T12:00:50Z</time>
   </trkpt>
   <trkpt lat="22.7410010" lon="120.3311090">
    <ele>16.7</ele>
    <time>2026-08-17T12:00:51Z</time>
   </trkpt>
   <trkpt lat="22.7410050" lon="120.3311190">
    <ele>16.7</ele>
    <time>2026-08-17T12:00:52Z</time>
   </trkpt>
   <trkpt lat="22.7410020" lon="120.3311320">
    <ele>16.7</ele>
    <time>2026-08-17T12:00:53Z</time>
   </trkpt>
   <trkpt lat="22.7410030" lon="120.3311410">
    <ele>16.8</ele>
    <time>2026-08-17T12:00:54Z</time>
   </trkpt>
   <trkpt lat="22.7410000" lon="120.3311520">
    <ele>16.8</ele>
    <time>2026-08-17T12:00:55Z</time>
   </trkpt>
   <trkpt lat="22.7409960" lon="120.3311670">
    <ele>16.8</ele>
    <time>2026-08-17T12:00:56Z</time>
   </trkpt>
   <trkpt lat="22.7409900" lon="120.3311800">
    <ele>16.8</ele>
    <time>2026-08-17T12:00:57Z</time>
   </trkpt>
   <trkpt lat="22.7409910" lon="120.3311880">
    <ele>16.8</ele>
    <time>2026-08-17T12:00:58Z</time>
   </trkpt>
   <trkpt lat="22.7410000" lon="120.3311890">
    <ele>16.8</ele>
    <time>2026-08-17T12:00:59Z</time>
   </trkpt>
   <trkpt lat="22.7410000" lon="120.3311890">
    <ele>16.8</ele>
    <time>2026-08-17T12:01:00Z</time>
   </trkpt>
   <trkpt lat="22.7410000" lon="120.3311910">
    <ele>16.8</ele>
    <time>2026-08-17T12:01:01Z</time>
   </trkpt>
   <trkpt lat="22.7410040" lon="120.3311910">
    <ele>16.8</ele>
    <time>2026-08-17T12:01:02Z</time>
   </trkpt>
   <trkpt lat="22.7410040" lon="120.3311910">
    <ele>16.8</ele>
    <time>2026-08-17T12:01:03Z</time>
   </trkpt>
   <trkpt lat="22.7410100" lon="120.3311950">
    <ele>16.8</ele>
    <time>2026-08-17T12:01:04Z</time>
   </trkpt>
   <trkpt lat="22.7410110" lon="120.3311980">
    <ele>16.8</ele>
    <time>2026-08-17T12:01:05Z</time>
   </trkpt>
   <trkpt lat="22.7410190" lon="120.3312050">
    <ele>16.8</ele>
    <time>2026-08-17T12:01:06Z</time>
   </trkpt>
   <trkpt lat="22.7410190" lon="120.3311920">
    <ele>16.8</ele>
    <time>2026-08-17T12:01:07Z</time>
   </trkpt>
   <trkpt lat="22.7410480" lon="120.3311260">
    <ele>16.7</ele>
    <time>2026-08-17T12:01:09Z</time>
   </trkpt>
   <trkpt lat="22.7410800" lon="120.3310640">
    <ele>16.7</ele>
    <time>2026-08-17T12:01:10Z</time>
   </trkpt>
   <trkpt lat="22.7411030" lon="120.3310040">
    <ele>16.7</ele>
    <time>2026-08-17T12:01:11Z</time>
   </trkpt>
   <trkpt lat="22.7411280" lon="120.3309460">
    <ele>16.7</ele>
    <time>2026-08-17T12:01:12Z</time>
   </trkpt>
   <trkpt lat="22.7411570" lon="120.3308930">
    <ele>16.7</ele>
    <time>2026-08-17T12:01:13Z</time>
   </trkpt>
   <trkpt lat="22.7411840" lon="120.3308360">
    <ele>16.6</ele>
    <time>2026-08-17T12:01:14Z</time>
   </trkpt>
   <trkpt lat="22.7412100" lon="120.3307840">
    <ele>16.6</ele>
    <time>2026-08-17T12:01:15Z</time>
   </trkpt>
   <trkpt lat="22.7412380" lon="120.3307350">
    <ele>16.6</ele>
    <time>2026-08-17T12:01:16Z</time>
   </trkpt>
   <trkpt lat="22.7412590" lon="120.3306860">
    <ele>16.7</ele>
    <time>2026-08-17T12:01:17Z</time>
   </trkpt>
   <trkpt lat="22.7412790" lon="120.3306430">
    <ele>16.7</ele>
    <time>2026-08-17T12:01:18Z</time>
   </trkpt>
   <trkpt lat="22.7412910" lon="120.3306010">
    <ele>16.7</ele>
    <time>2026-08-17T12:01:19Z</time>
   </trkpt>
   <trkpt lat="22.7412970" lon="120.3305580">
    <ele>16.7</ele>
    <time>2026-08-17T12:01:20Z</time>
   </trkpt>
   <trkpt lat="22.7412920" lon="120.3305220">
    <ele>16.7</ele>
    <time>2026-08-17T12:01:21Z</time>
   </trkpt>
   <trkpt lat="22.7412670" lon="120.3304920">
    <ele>16.7</ele>
    <time>2026-08-17T12:01:22Z</time>
   </trkpt>
   <trkpt lat="22.7412350" lon="120.3304700">
    <ele>16.7</ele>
    <time>2026-08-17T12:01:23Z</time>
   </trkpt>
   <trkpt lat="22.7411990" lon="120.3304540">
    <ele>16.8</ele>
    <time>2026-08-17T12:01:24Z</time>
   </trkpt>
   <trkpt lat="22.7411510" lon="120.3304140">
    <ele>16.8</ele>
    <time>2026-08-17T12:01:25Z</time>
   </trkpt>
   <trkpt lat="22.7410970" lon="120.3303810">
    <ele>16.9</ele>
    <time>2026-08-17T12:01:26Z</time>
   </trkpt>
   <trkpt lat="22.7410590" lon="120.3303480">
    <ele>16.9</ele>
    <time>2026-08-17T12:01:27Z</time>
   </trkpt>
   <trkpt lat="22.7410210" lon="120.3303130">
    <ele>17.0</ele>
    <time>2026-08-17T12:01:28Z</time>
   </trkpt>
   <trkpt lat="22.7409880" lon="120.3302880">
    <ele>17.0</ele>
    <time>2026-08-17T12:01:29Z</time>
   </trkpt>
   <trkpt lat="22.7409570" lon="120.3302640">
    <ele>17.1</ele>
    <time>2026-08-17T12:01:30Z</time>
   </trkpt>
   <trkpt lat="22.7409080" lon="120.3302310">
    <ele>17.2</ele>
    <time>2026-08-17T12:01:31Z</time>
   </trkpt>
   <trkpt lat="22.7408770" lon="120.3301990">
    <ele>17.2</ele>
    <time>2026-08-17T12:01:32Z</time>
   </trkpt>
   <trkpt lat="22.7408610" lon="120.3301730">
    <ele>17.2</ele>
    <time>2026-08-17T12:01:33Z</time>
   </trkpt>
   <trkpt lat="22.7408280" lon="120.3301380">
    <ele>17.2</ele>
    <time>2026-08-17T12:01:34Z</time>
   </trkpt>
   <trkpt lat="22.7408080" lon="120.3300990">
    <ele>17.2</ele>
    <time>2026-08-17T12:01:35Z</time>
   </trkpt>
   <trkpt lat="22.7407910" lon="120.3300590">
    <ele>17.2</ele>
    <time>2026-08-17T12:01:36Z</time>
   </trkpt>
   <trkpt lat="22.7407790" lon="120.3300210">
    <ele>17.2</ele>
    <time>2026-08-17T12:01:37Z</time>
   </trkpt>
   <trkpt lat="22.7407580" lon="120.3299860">
    <ele>17.2</ele>
    <time>2026-08-17T12:01:38Z</time>
   </trkpt>
   <trkpt lat="22.7407370" lon="120.3299520">
    <ele>17.2</ele>
    <time>2026-08-17T12:01:39Z</time>
   </trkpt>
   <trkpt lat="22.7407160" lon="120.3299140">
    <ele>17.2</ele>
    <time>2026-08-17T12:01:40Z</time>
   </trkpt>
   <trkpt lat="22.7407120" lon="120.3298810">
    <ele>17.2</ele>
    <time>2026-08-17T12:01:41Z</time>
   </trkpt>
   <trkpt lat="22.7406930" lon="120.3298460">
    <ele>17.2</ele>
    <time>2026-08-17T12:01:42Z</time>
   </trkpt>
   <trkpt lat="22.7406910" lon="120.3298240">
    <ele>17.2</ele>
    <time>2026-08-17T12:01:43Z</time>
   </trkpt>
   <trkpt lat="22.7406880" lon="120.3298100">
    <ele>17.2</ele>
    <time>2026-08-17T12:01:44Z</time>
   </trkpt>
   <trkpt lat="22.7406910" lon="120.3297900">
    <ele>17.2</ele>
    <time>2026-08-17T12:01:45Z</time>
   </trkpt>
   <trkpt lat="22.7406900" lon="120.3297740">
    <ele>17.2</ele>
    <time>2026-08-17T12:01:46Z</time>
   </trkpt>
   <trkpt lat="22.7406880" lon="120.3297400">
    <ele>17.2</ele>
    <time>2026-08-17T12:01:47Z</time>
   </trkpt>
   <trkpt lat="22.7406620" lon="120.3297050">
    <ele>17.2</ele>
    <time>2026-08-17T12:01:48Z</time>
   </trkpt>
   <trkpt lat="22.7406220" lon="120.3296700">
    <ele>17.2</ele>
    <time>2026-08-17T12:01:49Z</time>
   </trkpt>
   <trkpt lat="22.7405860" lon="120.3296490">
    <ele>17.2</ele>
    <time>2026-08-17T12:01:50Z</time>
   </trkpt>
   <trkpt lat="22.7405570" lon="120.3296300">
    <ele>17.2</ele>
    <time>2026-08-17T12:01:51Z</time>
   </trkpt>
   <trkpt lat="22.7405350" lon="120.3296170">
    <ele>17.2</ele>
    <time>2026-08-17T12:01:52Z</time>
   </trkpt>
   <trkpt lat="22.7405240" lon="120.3296150">
    <ele>17.2</ele>
    <time>2026-08-17T12:01:53Z</time>
   </trkpt>
   <trkpt lat="22.7405250" lon="120.3296200">
    <ele>17.2</ele>
    <time>2026-08-17T12:01:54Z</time>
   </trkpt>
   <trkpt lat="22.7405280" lon="120.3296190">
    <ele>17.2</ele>
    <time>2026-08-17T12:01:55Z</time>
   </trkpt>
   <trkpt lat="22.7405250" lon="120.3296160">
    <ele>17.2</ele>
    <time>2026-08-17T12:01:56Z</time>
   </trkpt>
   <trkpt lat="22.7405230" lon="120.3296200">
    <ele>17.2</ele>
    <time>2026-08-17T12:01:57Z</time>
   </trkpt>
   <trkpt lat="22.7405220" lon="120.3296160">
    <ele>17.2</ele>
    <time>2026-08-17T12:01:58Z</time>
   </trkpt>
   <trkpt lat="22.7405180" lon="120.3296120">
    <ele>17.2</ele>
    <time>2026-08-17T12:01:59Z</time>
   </trkpt>
   <trkpt lat="22.7405130" lon="120.3296090">
    <ele>17.2</ele>
    <time>2026-08-17T12:02:00Z</time>
   </trkpt>
   <trkpt lat="22.7405010" lon="120.3296110">
    <ele>17.2</ele>
    <time>2026-08-17T12:02:01Z</time>
   </trkpt>
   <trkpt lat="22.7404990" lon="120.3296170">
    <ele>17.2</ele>
    <time>2026-08-17T12:02:02Z</time>
   </trkpt>
   <trkpt lat="22.7406010" lon="120.3298190">
    <ele>17.2</ele>
    <time>2026-08-17T12:02:36Z</time>
   </trkpt>
   <trkpt lat="22.7405900" lon="120.3298260">
    <ele>17.2</ele>
    <time>2026-08-17T12:02:37Z</time>
   </trkpt>
   <trkpt lat="22.7405940" lon="120.3298390">
    <ele>17.3</ele>
    <time>2026-08-17T12:02:38Z</time>
   </trkpt>
   <trkpt lat="22.7406100" lon="120.3298400">
    <ele>17.3</ele>
    <time>2026-08-17T12:02:39Z</time>
   </trkpt>
   <trkpt lat="22.7406110" lon="120.3298290">
    <ele>17.3</ele>
    <time>2026-08-17T12:02:40Z</time>
   </trkpt>
   <trkpt lat="22.7406210" lon="120.3298350">
    <ele>17.3</ele>
    <time>2026-08-17T12:02:41Z</time>
   </trkpt>
   <trkpt lat="22.7406110" lon="120.3298400">
    <ele>17.3</ele>
    <time>2026-08-17T12:02:42Z</time>
   </trkpt>
   <trkpt lat="22.7406000" lon="120.3298220">
    <ele>17.3</ele>
    <time>2026-08-17T12:02:43Z</time>
   </trkpt>
   <trkpt lat="22.7405940" lon="120.3298180">
    <ele>17.3</ele>
    <time>2026-08-17T12:02:44Z</time>
   </trkpt>
   <trkpt lat="22.7405890" lon="120.3298130">
    <ele>17.3</ele>
    <time>2026-08-17T12:02:45Z</time>
   </trkpt>
   <trkpt lat="22.7405830" lon="120.3298090">
    <ele>17.3</ele>
    <time>2026-08-17T12:02:46Z</time>
   </trkpt>
   <trkpt lat="22.7404190" lon="120.3296840">
    <ele>17.3</ele>
    <time>2026-08-17T12:03:15Z</time>
   </trkpt>
   <trkpt lat="22.7404130" lon="120.3296800">
    <ele>17.3</ele>
    <time>2026-08-17T12:03:16Z</time>
   </trkpt>
   <trkpt lat="22.7403760" lon="120.3297020">
    <ele>17.3</ele>
    <time>2026-08-17T12:03:17Z</time>
   </trkpt>
   <trkpt lat="22.7403480" lon="120.3297200">
    <ele>17.3</ele>
    <time>2026-08-17T12:03:18Z</time>
   </trkpt>
   <trkpt lat="22.7403240" lon="120.3297300">
    <ele>17.3</ele>
    <time>2026-08-17T12:03:19Z</time>
   </trkpt>
   <trkpt lat="22.7403140" lon="120.3297310">
    <ele>17.3</ele>
    <time>2026-08-17T12:03:20Z</time>
   </trkpt>
   <trkpt lat="22.7403050" lon="120.3297380">
    <ele>17.3</ele>
    <time>2026-08-17T12:03:21Z</time>
   </trkpt>
   <trkpt lat="22.7403080" lon="120.3297450">
    <ele>17.3</ele>
    <time>2026-08-17T12:03:22Z</time>
   </trkpt>
   <trkpt lat="22.7403130" lon="120.3297420">
    <ele>17.3</ele>
    <time>2026-08-17T12:03:23Z</time>
   </trkpt>
   <trkpt lat="22.7403170" lon="120.3297450">
    <ele>17.3</ele>
    <time>2026-08-17T12:03:24Z</time>
   </trkpt>
   <trkpt lat="22.7403180" lon="120.3297450">
    <ele>17.3</ele>
    <time>2026-08-17T12:03:25Z</time>
   </trkpt>
   <trkpt lat="22.7403180" lon="120.3297450">
    <ele>17.3</ele>
    <time>2026-08-17T12:03:26Z</time>
   </trkpt>
   <trkpt lat="22.7403180" lon="120.3297450">
    <ele>17.3</ele>
    <time>2026-08-17T12:03:27Z</time>
   </trkpt>
   <trkpt lat="22.7403180" lon="120.3297450">
    <ele>17.3</ele>
    <time>2026-08-17T12:03:28Z</time>
   </trkpt>
   <trkpt lat="22.7403110" lon="120.3297540">
    <ele>17.3</ele>
    <time>2026-08-17T12:03:29Z</time>
   </trkpt>
   <trkpt lat="22.7403180" lon="120.3297790">
    <ele>17.3</ele>
    <time>2026-08-17T12:03:30Z</time>
   </trkpt>
   <trkpt lat="22.7403600" lon="120.3298380">
    <ele>17.3</ele>
    <time>2026-08-17T12:03:31Z</time>
   </trkpt>
   <trkpt lat="22.7403910" lon="120.3298680">
    <ele>17.3</ele>
    <time>2026-08-17T12:03:32Z</time>
   </trkpt>
   <trkpt lat="22.7404180" lon="120.3298880">
    <ele>17.3</ele>
    <time>2026-08-17T12:03:33Z</time>
   </trkpt>
   <trkpt lat="22.7404320" lon="120.3299070">
    <ele>17.3</ele>
    <time>2026-08-17T12:03:34Z</time>
   </trkpt>
   <trkpt lat="22.7404280" lon="120.3299070">
    <ele>17.3</ele>
    <time>2026-08-17T12:03:35Z</time>
   </trkpt>
   <trkpt lat="22.7404310" lon="120.3299140">
    <ele>17.3</ele>
    <time>2026-08-17T12:03:36Z</time>
   </trkpt>
   <trkpt lat="22.7404350" lon="120.3299180">
    <ele>17.3</ele>
    <time>2026-08-17T12:03:37Z</time>
   </trkpt>
   <trkpt lat="22.7404390" lon="120.3299240">
    <ele>17.3</ele>
    <time>2026-08-17T12:03:38Z</time>
   </trkpt>
   <trkpt lat="22.7404400" lon="120.3299280">
    <ele>17.3</ele>
    <time>2026-08-17T12:03:39Z</time>
   </trkpt>
   <trkpt lat="22.7404450" lon="120.3299310">
    <ele>17.3</ele>
    <time>2026-08-17T12:03:40Z</time>
   </trkpt>
   <trkpt lat="22.7404520" lon="120.3299430">
    <ele>17.3</ele>
    <time>2026-08-17T12:03:41Z</time>
   </trkpt>
   <trkpt lat="22.7404510" lon="120.3299420">
    <ele>17.3</ele>
    <time>2026-08-17T12:03:42Z</time>
   </trkpt>
   <trkpt lat="22.7404510" lon="120.3299400">
    <ele>17.3</ele>
    <time>2026-08-17T12:03:43Z</time>
   </trkpt>
   <trkpt lat="22.7404820" lon="120.3299770">
    <ele>17.3</ele>
    <time>2026-08-17T12:04:59Z</time>
   </trkpt>
   <trkpt lat="22.7404970" lon="120.3300080">
    <ele>17.3</ele>
    <time>2026-08-17T12:05:00Z</time>
   </trkpt>
   <trkpt lat="22.7405040" lon="120.3300150">
    <ele>17.3</ele>
    <time>2026-08-17T12:05:01Z</time>
   </trkpt>
   <trkpt lat="22.7405140" lon="120.3300210">
    <ele>17.3</ele>
    <time>2026-08-17T12:05:02Z</time>
   </trkpt>
   <trkpt lat="22.7405110" lon="120.3300120">
    <ele>17.3</ele>
    <time>2026-08-17T12:05:03Z</time>
   </trkpt>
   <trkpt lat="22.7405050" lon="120.3300000">
    <ele>17.3</ele>
    <time>2026-08-17T12:05:04Z</time>
   </trkpt>
   <trkpt lat="22.7405050" lon="120.3300000">
    <ele>17.3</ele>
    <time>2026-08-17T12:05:05Z</time>
   </trkpt>
   <trkpt lat="22.7404970" lon="120.3300030">
    <ele>17.3</ele>
    <time>2026-08-17T12:05:06Z</time>
   </trkpt>
   <trkpt lat="22.7404960" lon="120.3299920">
    <ele>17.3</ele>
    <time>2026-08-17T12:05:07Z</time>
   </trkpt>
   <trkpt lat="22.7404980" lon="120.3299740">
    <ele>17.3</ele>
    <time>2026-08-17T12:05:08Z</time>
   </trkpt>
   <trkpt lat="22.7404950" lon="120.3299500">
    <ele>17.2</ele>
    <time>2026-08-17T12:05:09Z</time>
   </trkpt>
   <trkpt lat="22.7404900" lon="120.3299450">
    <ele>17.2</ele>
    <time>2026-08-17T12:05:10Z</time>
   </trkpt>
   <trkpt lat="22.7404820" lon="120.3299500">
    <ele>17.2</ele>
    <time>2026-08-17T12:05:11Z</time>
   </trkpt>
   <trkpt lat="22.7404670" lon="120.3299160">
    <ele>17.2</ele>
    <time>2026-08-17T12:05:24Z</time>
   </trkpt>
   <trkpt lat="22.7404660" lon="120.3299190">
    <ele>17.2</ele>
    <time>2026-08-17T12:05:25Z</time>
   </trkpt>
   <trkpt lat="22.7404660" lon="120.3299190">
    <ele>17.2</ele>
    <time>2026-08-17T12:05:26Z</time>
   </trkpt>
   <trkpt lat="22.7404700" lon="120.3299270">
    <ele>17.2</ele>
    <time>2026-08-17T12:05:27Z</time>
   </trkpt>
   <trkpt lat="22.7404770" lon="120.3299310">
    <ele>17.2</ele>
    <time>2026-08-17T12:05:28Z</time>
   </trkpt>
   <trkpt lat="22.7404780" lon="120.3299260">
    <ele>17.2</ele>
    <time>2026-08-17T12:05:29Z</time>
   </trkpt>
   <trkpt lat="22.7404810" lon="120.3299180">
    <ele>17.2</ele>
    <time>2026-08-17T12:05:30Z</time>
   </trkpt>
   <trkpt lat="22.7404890" lon="120.3299080">
    <ele>17.2</ele>
    <time>2026-08-17T12:05:31Z</time>
   </trkpt>
   <trkpt lat="22.7405010" lon="120.3298940">
    <ele>17.2</ele>
    <time>2026-08-17T12:05:32Z</time>
   </trkpt>
   <trkpt lat="22.7405190" lon="120.3298820">
    <ele>17.2</ele>
    <time>2026-08-17T12:05:33Z</time>
   </trkpt>
   <trkpt lat="22.7405970" lon="120.3298330">
    <ele>17.2</ele>
    <time>2026-08-17T12:05:36Z</time>
   </trkpt>
   <trkpt lat="22.7406300" lon="120.3298490">
    <ele>17.2</ele>
    <time>2026-08-17T12:05:38Z</time>
   </trkpt>
   <trkpt lat="22.7406490" lon="120.3298900">
    <ele>17.2</ele>
    <time>2026-08-17T12:05:39Z</time>
   </trkpt>
   <trkpt lat="22.7406720" lon="120.3299340">
    <ele>17.2</ele>
    <time>2026-08-17T12:05:40Z</time>
   </trkpt>
   <trkpt lat="22.7407120" lon="120.3299740">
    <ele>17.2</ele>
    <time>2026-08-17T12:05:41Z</time>
   </trkpt>
   <trkpt lat="22.7407460" lon="120.3300110">
    <ele>17.2</ele>
    <time>2026-08-17T12:05:42Z</time>
   </trkpt>
   <trkpt lat="22.7407790" lon="120.3300620">
    <ele>17.2</ele>
    <time>2026-08-17T12:05:43Z</time>
   </trkpt>
   <trkpt lat="22.7408080" lon="120.3301130">
    <ele>17.2</ele>
    <time>2026-08-17T12:05:44Z</time>
   </trkpt>
   <trkpt lat="22.7408340" lon="120.3301460">
    <ele>17.2</ele>
    <time>2026-08-17T12:05:45Z</time>
   </trkpt>
   <trkpt lat="22.7408650" lon="120.3301850">
    <ele>17.2</ele>
    <time>2026-08-17T12:05:46Z</time>
   </trkpt>
   <trkpt lat="22.7408640" lon="120.3302150">
    <ele>17.2</ele>
    <time>2026-08-17T12:05:47Z</time>
   </trkpt>
   <trkpt lat="22.7408630" lon="120.3302390">
    <ele>17.2</ele>
    <time>2026-08-17T12:05:48Z</time>
   </trkpt>
   <trkpt lat="22.7408600" lon="120.3302740">
    <ele>17.2</ele>
    <time>2026-08-17T12:05:49Z</time>
   </trkpt>
   <trkpt lat="22.7408340" lon="120.3302980">
    <ele>17.1</ele>
    <time>2026-08-17T12:05:50Z</time>
   </trkpt>
   <trkpt lat="22.7408190" lon="120.3303240">
    <ele>17.0</ele>
    <time>2026-08-17T12:05:51Z</time>
   </trkpt>
   <trkpt lat="22.7407900" lon="120.3303600">
    <ele>16.9</ele>
    <time>2026-08-17T12:05:52Z</time>
   </trkpt>
   <trkpt lat="22.7407550" lon="120.3303970">
    <ele>16.8</ele>
    <time>2026-08-17T12:05:53Z</time>
   </trkpt>
   <trkpt lat="22.7407070" lon="120.3304160">
    <ele>16.7</ele>
    <time>2026-08-17T12:05:54Z</time>
   </trkpt>
   <trkpt lat="22.7406670" lon="120.3304490">
    <ele>16.6</ele>
    <time>2026-08-17T12:05:55Z</time>
   </trkpt>
   <trkpt lat="22.7406240" lon="120.3304840">
    <ele>16.5</ele>
    <time>2026-08-17T12:05:56Z</time>
   </trkpt>
   <trkpt lat="22.7405910" lon="120.3305200">
    <ele>16.4</ele>
    <time>2026-08-17T12:05:57Z</time>
   </trkpt>
   <trkpt lat="22.7405620" lon="120.3305450">
    <ele>16.4</ele>
    <time>2026-08-17T12:05:58Z</time>
   </trkpt>
   <trkpt lat="22.7405330" lon="120.3305820">
    <ele>16.3</ele>
    <time>2026-08-17T12:05:59Z</time>
   </trkpt>
   <trkpt lat="22.7405040" lon="120.3306100">
    <ele>16.3</ele>
    <time>2026-08-17T12:06:00Z</time>
   </trkpt>
   <trkpt lat="22.7404780" lon="120.3306420">
    <ele>16.2</ele>
    <time>2026-08-17T12:06:01Z</time>
   </trkpt>
   <trkpt lat="22.7404650" lon="120.3306690">
    <ele>16.2</ele>
    <time>2026-08-17T12:06:02Z</time>
   </trkpt>
   <trkpt lat="22.7404510" lon="120.3306910">
    <ele>16.2</ele>
    <time>2026-08-17T12:06:03Z</time>
   </trkpt>
   <trkpt lat="22.7404340" lon="120.3307040">
    <ele>16.2</ele>
    <time>2026-08-17T12:06:04Z</time>
   </trkpt>
   <trkpt lat="22.7404210" lon="120.3307360">
    <ele>16.3</ele>
    <time>2026-08-17T12:06:05Z</time>
   </trkpt>
   <trkpt lat="22.7404080" lon="120.3307670">
    <ele>16.4</ele>
    <time>2026-08-17T12:06:06Z</time>
   </trkpt>
   <trkpt lat="22.7403840" lon="120.3307990">
    <ele>16.5</ele>
    <time>2026-08-17T12:06:07Z</time>
   </trkpt>
   <trkpt lat="22.7403630" lon="120.3308250">
    <ele>16.6</ele>
    <time>2026-08-17T12:06:08Z</time>
   </trkpt>
   <trkpt lat="22.7403240" lon="120.3308710">
    <ele>16.9</ele>
    <time>2026-08-17T12:06:09Z</time>
   </trkpt>
   <trkpt lat="22.7402880" lon="120.3309200">
    <ele>17.2</ele>
    <time>2026-08-17T12:06:10Z</time>
   </trkpt>
   <trkpt lat="22.7402490" lon="120.3309520">
    <ele>17.4</ele>
    <time>2026-08-17T12:06:11Z</time>
   </trkpt>
   <trkpt lat="22.7402150" lon="120.3309770">
    <ele>17.7</ele>
    <time>2026-08-17T12:06:12Z</time>
   </trkpt>
   <trkpt lat="22.7401920" lon="120.3309790">
    <ele>17.8</ele>
    <time>2026-08-17T12:06:13Z</time>
   </trkpt>
   <trkpt lat="22.7401780" lon="120.3309860">
    <ele>17.9</ele>
    <time>2026-08-17T12:06:14Z</time>
   </trkpt>
   <trkpt lat="22.7401450" lon="120.3310190">
    <ele>18.2</ele>
    <time>2026-08-17T12:06:15Z</time>
   </trkpt>
   <trkpt lat="22.7401270" lon="120.3310370">
    <ele>18.3</ele>
    <time>2026-08-17T12:06:16Z</time>
   </trkpt>
   <trkpt lat="22.7401040" lon="120.3310610">
    <ele>18.5</ele>
    <time>2026-08-17T12:06:17Z</time>
   </trkpt>
   <trkpt lat="22.7401060" lon="120.3310730">
    <ele>18.5</ele>
    <time>2026-08-17T12:06:18Z</time>
   </trkpt>
   <trkpt lat="22.7400980" lon="120.3310850">
    <ele>18.6</ele>
    <time>2026-08-17T12:06:19Z</time>
   </trkpt>
   <trkpt lat="22.7400900" lon="120.3310900">
    <ele>18.6</ele>
    <time>2026-08-17T12:06:20Z</time>
   </trkpt>
   <trkpt lat="22.7400840" lon="120.3310910">
    <ele>18.7</ele>
    <time>2026-08-17T12:06:21Z</time>
   </trkpt>
   <trkpt lat="22.7400720" lon="120.3310950">
    <ele>18.7</ele>
    <time>2026-08-17T12:06:22Z</time>
   </trkpt>
   <trkpt lat="22.7400670" lon="120.3311070">
    <ele>18.8</ele>
    <time>2026-08-17T12:06:23Z</time>
   </trkpt>
   <trkpt lat="22.7400640" lon="120.3311320">
    <ele>18.9</ele>
    <time>2026-08-17T12:06:24Z</time>
   </trkpt>
   <trkpt lat="22.7400680" lon="120.3311560">
    <ele>18.9</ele>
    <time>2026-08-17T12:06:25Z</time>
   </trkpt>
   <trkpt lat="22.7400820" lon="120.3311820">
    <ele>18.9</ele>
    <time>2026-08-17T12:06:26Z</time>
   </trkpt>
   <trkpt lat="22.7400930" lon="120.3312090">
    <ele>18.9</ele>
    <time>2026-08-17T12:06:27Z</time>
   </trkpt>
   <trkpt lat="22.7401130" lon="120.3312410">
    <ele>18.9</ele>
    <time>2026-08-17T12:06:28Z</time>
   </trkpt>
   <trkpt lat="22.7401290" lon="120.3312750">
    <ele>18.9</ele>
    <time>2026-08-17T12:06:29Z</time>
   </trkpt>
   <trkpt lat="22.7401460" lon="120.3312990">
    <ele>18.9</ele>
    <time>2026-08-17T12:06:30Z</time>
   </trkpt>
   <trkpt lat="22.7401660" lon="120.3313340">
    <ele>18.9</ele>
    <time>2026-08-17T12:06:31Z</time>
   </trkpt>
   <trkpt lat="22.7401880" lon="120.3313670">
    <ele>18.9</ele>
    <time>2026-08-17T12:06:32Z</time>
   </trkpt>
   <trkpt lat="22.7402120" lon="120.3314020">
    <ele>18.9</ele>
    <time>2026-08-17T12:06:33Z</time>
   </trkpt>
   <trkpt lat="22.7402360" lon="120.3314320">
    <ele>18.9</ele>
    <time>2026-08-17T12:06:34Z</time>
   </trkpt>
   <trkpt lat="22.7402510" lon="120.3314550">
    <ele>18.9</ele>
    <time>2026-08-17T12:06:35Z</time>
   </trkpt>
   <trkpt lat="22.7402700" lon="120.3314820">
    <ele>18.9</ele>
    <time>2026-08-17T12:06:36Z</time>
   </trkpt>
   <trkpt lat="22.7402800" lon="120.3315080">
    <ele>18.9</ele>
    <time>2026-08-17T12:06:37Z</time>
   </trkpt>
   <trkpt lat="22.7402850" lon="120.3315330">
    <ele>18.9</ele>
    <time>2026-08-17T12:06:38Z</time>
   </trkpt>
   <trkpt lat="22.7402870" lon="120.3315590">
    <ele>18.9</ele>
    <time>2026-08-17T12:06:39Z</time>
   </trkpt>
   <trkpt lat="22.7402880" lon="120.3316050">
    <ele>18.9</ele>
    <time>2026-08-17T12:06:40Z</time>
   </trkpt>
   <trkpt lat="22.7402590" lon="120.3316230">
    <ele>18.9</ele>
    <time>2026-08-17T12:06:41Z</time>
   </trkpt>
   <trkpt lat="22.7402340" lon="120.3316460">
    <ele>18.9</ele>
    <time>2026-08-17T12:06:42Z</time>
   </trkpt>
   <trkpt lat="22.7401940" lon="120.3316570">
    <ele>18.9</ele>
    <time>2026-08-17T12:06:43Z</time>
   </trkpt>
   <trkpt lat="22.7401580" lon="120.3316760">
    <ele>18.9</ele>
    <time>2026-08-17T12:06:44Z</time>
   </trkpt>
   <trkpt lat="22.7401450" lon="120.3317220">
    <ele>18.9</ele>
    <time>2026-08-17T12:06:45Z</time>
   </trkpt>
   <trkpt lat="22.7401130" lon="120.3317590">
    <ele>18.9</ele>
    <time>2026-08-17T12:06:46Z</time>
   </trkpt>
   <trkpt lat="22.7400770" lon="120.3317920">
    <ele>18.9</ele>
    <time>2026-08-17T12:06:47Z</time>
   </trkpt>
   <trkpt lat="22.7400500" lon="120.3318290">
    <ele>18.9</ele>
    <time>2026-08-17T12:06:48Z</time>
   </trkpt>
   <trkpt lat="22.7400190" lon="120.3318690">
    <ele>18.9</ele>
    <time>2026-08-17T12:06:49Z</time>
   </trkpt>
   <trkpt lat="22.7399880" lon="120.3319040">
    <ele>18.9</ele>
    <time>2026-08-17T12:06:50Z</time>
   </trkpt>
   <trkpt lat="22.7399660" lon="120.3319320">
    <ele>18.9</ele>
    <time>2026-08-17T12:06:51Z</time>
   </trkpt>
   <trkpt lat="22.7399480" lon="120.3319550">
    <ele>18.9</ele>
    <time>2026-08-17T12:06:52Z</time>
   </trkpt>
   <trkpt lat="22.7399310" lon="120.3319700">
    <ele>18.9</ele>
    <time>2026-08-17T12:06:53Z</time>
   </trkpt>
   <trkpt lat="22.7399210" lon="120.3319830">
    <ele>18.9</ele>
    <time>2026-08-17T12:06:54Z</time>
   </trkpt>
   <trkpt lat="22.7399160" lon="120.3320040">
    <ele>18.9</ele>
    <time>2026-08-17T12:06:55Z</time>
   </trkpt>
   <trkpt lat="22.7399110" lon="120.3320270">
    <ele>18.9</ele>
    <time>2026-08-17T12:06:56Z</time>
   </trkpt>
   <trkpt lat="22.7398890" lon="120.3320550">
    <ele>18.9</ele>
    <time>2026-08-17T12:06:57Z</time>
   </trkpt>
   <trkpt lat="22.7398560" lon="120.3320780">
    <ele>18.9</ele>
    <time>2026-08-17T12:06:58Z</time>
   </trkpt>
   <trkpt lat="22.7398160" lon="120.3321140">
    <ele>19.0</ele>
    <time>2026-08-17T12:06:59Z</time>
   </trkpt>
   <trkpt lat="22.7397960" lon="120.3321490">
    <ele>19.0</ele>
    <time>2026-08-17T12:07:00Z</time>
   </trkpt>
   <trkpt lat="22.7397720" lon="120.3321940">
    <ele>19.0</ele>
    <time>2026-08-17T12:07:01Z</time>
   </trkpt>
   <trkpt lat="22.7397500" lon="120.3322370">
    <ele>19.1</ele>
    <time>2026-08-17T12:07:02Z</time>
   </trkpt>
   <trkpt lat="22.7397310" lon="120.3322720">
    <ele>19.1</ele>
    <time>2026-08-17T12:07:03Z</time>
   </trkpt>
   <trkpt lat="22.7397150" lon="120.3323000">
    <ele>19.1</ele>
    <time>2026-08-17T12:07:04Z</time>
   </trkpt>
   <trkpt lat="22.7396920" lon="120.3323250">
    <ele>19.1</ele>
    <time>2026-08-17T12:07:05Z</time>
   </trkpt>
   <trkpt lat="22.7396770" lon="120.3323400">
    <ele>19.2</ele>
    <time>2026-08-17T12:07:06Z</time>
   </trkpt>
   <trkpt lat="22.7396630" lon="120.3323700">
    <ele>19.2</ele>
    <time>2026-08-17T12:07:07Z</time>
   </trkpt>
   <trkpt lat="22.7396520" lon="120.3323950">
    <ele>19.2</ele>
    <time>2026-08-17T12:07:08Z</time>
   </trkpt>
   <trkpt lat="22.7396450" lon="120.3324000">
    <ele>19.2</ele>
    <time>2026-08-17T12:07:09Z</time>
   </trkpt>
   <trkpt lat="22.7396440" lon="120.3324010">
    <ele>19.2</ele>
    <time>2026-08-17T12:07:10Z</time>
   </trkpt>
   <trkpt lat="22.7396410" lon="120.3324030">
    <ele>19.2</ele>
    <time>2026-08-17T12:07:11Z</time>
   </trkpt>
   <trkpt lat="22.7396330" lon="120.3324120">
    <ele>19.3</ele>
    <time>2026-08-17T12:07:12Z</time>
   </trkpt>
   <trkpt lat="22.7396300" lon="120.3324240">
    <ele>19.3</ele>
    <time>2026-08-17T12:07:13Z</time>
   </trkpt>
   <trkpt lat="22.7396270" lon="120.3324210">
    <ele>19.3</ele>
    <time>2026-08-17T12:07:14Z</time>
   </trkpt>
   <trkpt lat="22.7396130" lon="120.3324170">
    <ele>19.3</ele>
    <time>2026-08-17T12:07:15Z</time>
   </trkpt>
   <trkpt lat="22.7396000" lon="120.3324000">
    <ele>19.3</ele>
    <time>2026-08-17T12:07:16Z</time>
   </trkpt>
   <trkpt lat="22.7395930" lon="120.3323790">
    <ele>19.3</ele>
    <time>2026-08-17T12:07:17Z</time>
   </trkpt>
   <trkpt lat="22.7395900" lon="120.3323430">
    <ele>19.3</ele>
    <time>2026-08-17T12:07:18Z</time>
   </trkpt>
   <trkpt lat="22.7395810" lon="120.3323150">
    <ele>19.3</ele>
    <time>2026-08-17T12:07:19Z</time>
   </trkpt>
   <trkpt lat="22.7395630" lon="120.3322620">
    <ele>19.4</ele>
    <time>2026-08-17T12:07:20Z</time>
   </trkpt>
   <trkpt lat="22.7395560" lon="120.3322130">
    <ele>19.4</ele>
    <time>2026-08-17T12:07:21Z</time>
   </trkpt>
   <trkpt lat="22.7395470" lon="120.3321820">
    <ele>19.4</ele>
    <time>2026-08-17T12:07:22Z</time>
   </trkpt>
   <trkpt lat="22.7395250" lon="120.3321520">
    <ele>19.4</ele>
    <time>2026-08-17T12:07:23Z</time>
   </trkpt>
   <trkpt lat="22.7394930" lon="120.3321210">
    <ele>19.4</ele>
    <time>2026-08-17T12:07:24Z</time>
   </trkpt>
   <trkpt lat="22.7394490" lon="120.3320800">
    <ele>19.5</ele>
    <time>2026-08-17T12:07:25Z</time>
   </trkpt>
   <trkpt lat="22.7394120" lon="120.3320500">
    <ele>19.5</ele>
    <time>2026-08-17T12:07:26Z</time>
   </trkpt>
   <trkpt lat="22.7393870" lon="120.3320190">
    <ele>19.6</ele>
    <time>2026-08-17T12:07:27Z</time>
   </trkpt>
   <trkpt lat="22.7393680" lon="120.3319950">
    <ele>19.6</ele>
    <time>2026-08-17T12:07:28Z</time>
   </trkpt>
   <trkpt lat="22.7393420" lon="120.3319720">
    <ele>19.6</ele>
    <time>2026-08-17T12:07:29Z</time>
   </trkpt>
   <trkpt lat="22.7393120" lon="120.3319520">
    <ele>19.6</ele>
    <time>2026-08-17T12:07:30Z</time>
   </trkpt>
   <trkpt lat="22.7392900" lon="120.3319400">
    <ele>19.6</ele>
    <time>2026-08-17T12:07:31Z</time>
   </trkpt>
   <trkpt lat="22.7392650" lon="120.3319210">
    <ele>19.6</ele>
    <time>2026-08-17T12:07:32Z</time>
   </trkpt>
   <trkpt lat="22.7392500" lon="120.3319070">
    <ele>19.6</ele>
    <time>2026-08-17T12:07:33Z</time>
   </trkpt>
   <trkpt lat="22.7392470" lon="120.3319070">
    <ele>19.6</ele>
    <time>2026-08-17T12:07:34Z</time>
   </trkpt>
   <trkpt lat="22.7392520" lon="120.3319090">
    <ele>19.6</ele>
    <time>2026-08-17T12:07:35Z</time>
   </trkpt>
   <trkpt lat="22.7392390" lon="120.3319500">
    <ele>19.6</ele>
    <time>2026-08-17T12:07:36Z</time>
   </trkpt>
   <trkpt lat="22.7392310" lon="120.3319920">
    <ele>19.6</ele>
    <time>2026-08-17T12:07:37Z</time>
   </trkpt>
   <trkpt lat="22.7392200" lon="120.3320360">
    <ele>19.6</ele>
    <time>2026-08-17T12:07:38Z</time>
   </trkpt>
   <trkpt lat="22.7392130" lon="120.3320540">
    <ele>19.6</ele>
    <time>2026-08-17T12:07:39Z</time>
   </trkpt>
   <trkpt lat="22.7392000" lon="120.3320740">
    <ele>19.6</ele>
    <time>2026-08-17T12:07:40Z</time>
   </trkpt>
   <trkpt lat="22.7392010" lon="120.3320870">
    <ele>19.6</ele>
    <time>2026-08-17T12:07:41Z</time>
   </trkpt>
   <trkpt lat="22.7392070" lon="120.3321130">
    <ele>19.6</ele>
    <time>2026-08-17T12:07:42Z</time>
   </trkpt>
   <trkpt lat="22.7391920" lon="120.3321700">
    <ele>19.5</ele>
    <time>2026-08-17T12:07:43Z</time>
   </trkpt>
   <trkpt lat="22.7391850" lon="120.3322220">
    <ele>19.5</ele>
    <time>2026-08-17T12:07:44Z</time>
   </trkpt>
   <trkpt lat="22.7391560" lon="120.3322840">
    <ele>19.5</ele>
    <time>2026-08-17T12:07:45Z</time>
   </trkpt>
   <trkpt lat="22.7391550" lon="120.3323390">
    <ele>19.5</ele>
    <time>2026-08-17T12:07:46Z</time>
   </trkpt>
   <trkpt lat="22.7391460" lon="120.3323730">
    <ele>19.5</ele>
    <time>2026-08-17T12:07:47Z</time>
   </trkpt>
   <trkpt lat="22.7391480" lon="120.3324240">
    <ele>19.4</ele>
    <time>2026-08-17T12:07:48Z</time>
   </trkpt>
   <trkpt lat="22.7391210" lon="120.3324660">
    <ele>19.4</ele>
    <time>2026-08-17T12:07:49Z</time>
   </trkpt>
   <trkpt lat="22.7391200" lon="120.3325130">
    <ele>19.4</ele>
    <time>2026-08-17T12:07:50Z</time>
   </trkpt>
   <trkpt lat="22.7391060" lon="120.3325470">
    <ele>19.4</ele>
    <time>2026-08-17T12:07:51Z</time>
   </trkpt>
   <trkpt lat="22.7391000" lon="120.3325790">
    <ele>19.4</ele>
    <time>2026-08-17T12:07:52Z</time>
   </trkpt>
   <trkpt lat="22.7390860" lon="120.3325930">
    <ele>19.4</ele>
    <time>2026-08-17T12:07:53Z</time>
   </trkpt>
   <trkpt lat="22.7390680" lon="120.3326110">
    <ele>19.4</ele>
    <time>2026-08-17T12:07:54Z</time>
   </trkpt>
   <trkpt lat="22.7390660" lon="120.3326320">
    <ele>19.3</ele>
    <time>2026-08-17T12:07:55Z</time>
   </trkpt>
   <trkpt lat="22.7390610" lon="120.3326590">
    <ele>19.3</ele>
    <time>2026-08-17T12:07:56Z</time>
   </trkpt>
   <trkpt lat="22.7390550" lon="120.3326720">
    <ele>19.3</ele>
    <time>2026-08-17T12:07:57Z</time>
   </trkpt>
   <trkpt lat="22.7390450" lon="120.3326820">
    <ele>19.3</ele>
    <time>2026-08-17T12:07:58Z</time>
   </trkpt>
   <trkpt lat="22.7390250" lon="120.3326840">
    <ele>19.3</ele>
    <time>2026-08-17T12:07:59Z</time>
   </trkpt>
   <trkpt lat="22.7389860" lon="120.3326640">
    <ele>19.4</ele>
    <time>2026-08-17T12:08:00Z</time>
   </trkpt>
   <trkpt lat="22.7389400" lon="120.3326560">
    <ele>19.4</ele>
    <time>2026-08-17T12:08:01Z</time>
   </trkpt>
   <trkpt lat="22.7388920" lon="120.3326430">
    <ele>19.4</ele>
    <time>2026-08-17T12:08:02Z</time>
   </trkpt>
   <trkpt lat="22.7388390" lon="120.3326400">
    <ele>19.5</ele>
    <time>2026-08-17T12:08:03Z</time>
   </trkpt>
   <trkpt lat="22.7387990" lon="120.3326400">
    <ele>19.5</ele>
    <time>2026-08-17T12:08:04Z</time>
   </trkpt>
   <trkpt lat="22.7387610" lon="120.3326390">
    <ele>19.5</ele>
    <time>2026-08-17T12:08:05Z</time>
   </trkpt>
   <trkpt lat="22.7387160" lon="120.3326340">
    <ele>19.6</ele>
    <time>2026-08-17T12:08:06Z</time>
   </trkpt>
   <trkpt lat="22.7386650" lon="120.3326300">
    <ele>19.6</ele>
    <time>2026-08-17T12:08:07Z</time>
   </trkpt>
   <trkpt lat="22.7386180" lon="120.3326280">
    <ele>19.6</ele>
    <time>2026-08-17T12:08:08Z</time>
   </trkpt>
   <trkpt lat="22.7385710" lon="120.3326270">
    <ele>19.7</ele>
    <time>2026-08-17T12:08:09Z</time>
   </trkpt>
   <trkpt lat="22.7385230" lon="120.3326220">
    <ele>19.7</ele>
    <time>2026-08-17T12:08:10Z</time>
   </trkpt>
   <trkpt lat="22.7384790" lon="120.3326190">
    <ele>19.7</ele>
    <time>2026-08-17T12:08:11Z</time>
   </trkpt>
   <trkpt lat="22.7384430" lon="120.3326150">
    <ele>19.7</ele>
    <time>2026-08-17T12:08:12Z</time>
   </trkpt>
   <trkpt lat="22.7384090" lon="120.3326110">
    <ele>19.7</ele>
    <time>2026-08-17T12:08:13Z</time>
   </trkpt>
   <trkpt lat="22.7383720" lon="120.3326100">
    <ele>19.7</ele>
    <time>2026-08-17T12:08:14Z</time>
   </trkpt>
   <trkpt lat="22.7383260" lon="120.3326070">
    <ele>19.7</ele>
    <time>2026-08-17T12:08:15Z</time>
   </trkpt>
   <trkpt lat="22.7382770" lon="120.3326090">
    <ele>19.7</ele>
    <time>2026-08-17T12:08:16Z</time>
   </trkpt>
   <trkpt lat="22.7382280" lon="120.3326140">
    <ele>19.7</ele>
    <time>2026-08-17T12:08:17Z</time>
   </trkpt>
   <trkpt lat="22.7382060" lon="120.3326050">
    <ele>19.7</ele>
    <time>2026-08-17T12:08:18Z</time>
   </trkpt>
   <trkpt lat="22.7381790" lon="120.3325940">
    <ele>19.6</ele>
    <time>2026-08-17T12:08:19Z</time>
   </trkpt>
   <trkpt lat="22.7381500" lon="120.3325700">
    <ele>19.6</ele>
    <time>2026-08-17T12:08:20Z</time>
   </trkpt>
   <trkpt lat="22.7381100" lon="120.3325600">
    <ele>19.6</ele>
    <time>2026-08-17T12:08:21Z</time>
   </trkpt>
   <trkpt lat="22.7380550" lon="120.3325980">
    <ele>19.7</ele>
    <time>2026-08-17T12:08:22Z</time>
   </trkpt>
   <trkpt lat="22.7380030" lon="120.3326140">
    <ele>19.9</ele>
    <time>2026-08-17T12:08:23Z</time>
   </trkpt>
   <trkpt lat="22.7379460" lon="120.3326340">
    <ele>20.2</ele>
    <time>2026-08-17T12:08:24Z</time>
   </trkpt>
   <trkpt lat="22.7378930" lon="120.3326540">
    <ele>20.4</ele>
    <time>2026-08-17T12:08:25Z</time>
   </trkpt>
   <trkpt lat="22.7378400" lon="120.3326770">
    <ele>20.6</ele>
    <time>2026-08-17T12:08:26Z</time>
   </trkpt>
   <trkpt lat="22.7377820" lon="120.3326970">
    <ele>20.9</ele>
    <time>2026-08-17T12:08:27Z</time>
   </trkpt>
   <trkpt lat="22.7377290" lon="120.3327090">
    <ele>21.1</ele>
    <time>2026-08-17T12:08:28Z</time>
   </trkpt>
   <trkpt lat="22.7376810" lon="120.3327240">
    <ele>21.3</ele>
    <time>2026-08-17T12:08:29Z</time>
   </trkpt>
   <trkpt lat="22.7376410" lon="120.3327340">
    <ele>21.5</ele>
    <time>2026-08-17T12:08:30Z</time>
   </trkpt>
   <trkpt lat="22.7376120" lon="120.3327650">
    <ele>21.6</ele>
    <time>2026-08-17T12:08:31Z</time>
   </trkpt>
   <trkpt lat="22.7375880" lon="120.3327930">
    <ele>21.8</ele>
    <time>2026-08-17T12:08:32Z</time>
   </trkpt>
   <trkpt lat="22.7375760" lon="120.3328210">
    <ele>21.9</ele>
    <time>2026-08-17T12:08:33Z</time>
   </trkpt>
   <trkpt lat="22.7375880" lon="120.3328910">
    <ele>21.9</ele>
    <time>2026-08-17T12:08:34Z</time>
   </trkpt>
   <trkpt lat="22.7376130" lon="120.3329610">
    <ele>22.0</ele>
    <time>2026-08-17T12:08:35Z</time>
   </trkpt>
   <trkpt lat="22.7376360" lon="120.3330270">
    <ele>22.0</ele>
    <time>2026-08-17T12:08:36Z</time>
   </trkpt>
   <trkpt lat="22.7376530" lon="120.3330790">
    <ele>22.0</ele>
    <time>2026-08-17T12:08:37Z</time>
   </trkpt>
   <trkpt lat="22.7376840" lon="120.3331420">
    <ele>22.0</ele>
    <time>2026-08-17T12:08:38Z</time>
   </trkpt>
   <trkpt lat="22.7377090" lon="120.3331940">
    <ele>22.0</ele>
    <time>2026-08-17T12:08:39Z</time>
   </trkpt>
   <trkpt lat="22.7377320" lon="120.3332700">
    <ele>22.0</ele>
    <time>2026-08-17T12:08:40Z</time>
   </trkpt>
   <trkpt lat="22.7377490" lon="120.3333280">
    <ele>22.0</ele>
    <time>2026-08-17T12:08:41Z</time>
   </trkpt>
   <trkpt lat="22.7377730" lon="120.3333690">
    <ele>21.9</ele>
    <time>2026-08-17T12:08:42Z</time>
   </trkpt>
   <trkpt lat="22.7378090" lon="120.3333910">
    <ele>21.8</ele>
    <time>2026-08-17T12:08:43Z</time>
   </trkpt>
   <trkpt lat="22.7378420" lon="120.3334010">
    <ele>21.7</ele>
    <time>2026-08-17T12:08:44Z</time>
   </trkpt>
   <trkpt lat="22.7378770" lon="120.3334030">
    <ele>21.6</ele>
    <time>2026-08-17T12:08:45Z</time>
   </trkpt>
   <trkpt lat="22.7379110" lon="120.3333940">
    <ele>21.5</ele>
    <time>2026-08-17T12:08:46Z</time>
   </trkpt>
   <trkpt lat="22.7379480" lon="120.3333890">
    <ele>21.4</ele>
    <time>2026-08-17T12:08:47Z</time>
   </trkpt>
   <trkpt lat="22.7379770" lon="120.3333900">
    <ele>21.3</ele>
    <time>2026-08-17T12:08:48Z</time>
   </trkpt>
   <trkpt lat="22.7380100" lon="120.3333900">
    <ele>21.2</ele>
    <time>2026-08-17T12:08:49Z</time>
   </trkpt>
   <trkpt lat="22.7380450" lon="120.3333920">
    <ele>21.1</ele>
    <time>2026-08-17T12:08:50Z</time>
   </trkpt>
   <trkpt lat="22.7380800" lon="120.3333910">
    <ele>21.0</ele>
    <time>2026-08-17T12:08:51Z</time>
   </trkpt>
   <trkpt lat="22.7381250" lon="120.3333880">
    <ele>20.9</ele>
    <time>2026-08-17T12:08:52Z</time>
   </trkpt>
   <trkpt lat="22.7381690" lon="120.3333690">
    <ele>20.8</ele>
    <time>2026-08-17T12:08:53Z</time>
   </trkpt>
   <trkpt lat="22.7382170" lon="120.3333430">
    <ele>20.6</ele>
    <time>2026-08-17T12:08:54Z</time>
   </trkpt>
   <trkpt lat="22.7382710" lon="120.3333410">
    <ele>20.5</ele>
    <time>2026-08-17T12:08:55Z</time>
   </trkpt>
   <trkpt lat="22.7383240" lon="120.3333370">
    <ele>20.3</ele>
    <time>2026-08-17T12:08:56Z</time>
   </trkpt>
   <trkpt lat="22.7383780" lon="120.3333330">
    <ele>20.1</ele>
    <time>2026-08-17T12:08:57Z</time>
   </trkpt>
   <trkpt lat="22.7384300" lon="120.3333380">
    <ele>20.0</ele>
    <time>2026-08-17T12:08:58Z</time>
   </trkpt>
   <trkpt lat="22.7384870" lon="120.3333450">
    <ele>19.8</ele>
    <time>2026-08-17T12:08:59Z</time>
   </trkpt>
   <trkpt lat="22.7385420" lon="120.3333450">
    <ele>19.7</ele>
    <time>2026-08-17T12:09:00Z</time>
   </trkpt>
   <trkpt lat="22.7386010" lon="120.3333410">
    <ele>19.5</ele>
    <time>2026-08-17T12:09:01Z</time>
   </trkpt>
   <trkpt lat="22.7386540" lon="120.3333340">
    <ele>19.3</ele>
    <time>2026-08-17T12:09:02Z</time>
   </trkpt>
   <trkpt lat="22.7387020" lon="120.3333440">
    <ele>19.2</ele>
    <time>2026-08-17T12:09:03Z</time>
   </trkpt>
   <trkpt lat="22.7387410" lon="120.3333840">
    <ele>19.1</ele>
    <time>2026-08-17T12:09:04Z</time>
   </trkpt>
   <trkpt lat="22.7387780" lon="120.3333940">
    <ele>18.9</ele>
    <time>2026-08-17T12:09:05Z</time>
   </trkpt>
   <trkpt lat="22.7388140" lon="120.3334080">
    <ele>18.8</ele>
    <time>2026-08-17T12:09:06Z</time>
   </trkpt>
   <trkpt lat="22.7388430" lon="120.3334190">
    <ele>18.7</ele>
    <time>2026-08-17T12:09:07Z</time>
   </trkpt>
   <trkpt lat="22.7388680" lon="120.3334380">
    <ele>18.7</ele>
    <time>2026-08-17T12:09:08Z</time>
   </trkpt>
   <trkpt lat="22.7388870" lon="120.3334620">
    <ele>18.5</ele>
    <time>2026-08-17T12:09:09Z</time>
   </trkpt>
   <trkpt lat="22.7388990" lon="120.3334970">
    <ele>18.5</ele>
    <time>2026-08-17T12:09:10Z</time>
   </trkpt>
   <trkpt lat="22.7389050" lon="120.3335470">
    <ele>18.5</ele>
    <time>2026-08-17T12:09:11Z</time>
   </trkpt>
   <trkpt lat="22.7389030" lon="120.3336000">
    <ele>18.5</ele>
    <time>2026-08-17T12:09:12Z</time>
   </trkpt>
   <trkpt lat="22.7388980" lon="120.3336580">
    <ele>18.5</ele>
    <time>2026-08-17T12:09:13Z</time>
   </trkpt>
   <trkpt lat="22.7388940" lon="120.3337180">
    <ele>18.4</ele>
    <time>2026-08-17T12:09:14Z</time>
   </trkpt>
   <trkpt lat="22.7388930" lon="120.3337770">
    <ele>18.4</ele>
    <time>2026-08-17T12:09:15Z</time>
   </trkpt>
   <trkpt lat="22.7388890" lon="120.3338340">
    <ele>18.4</ele>
    <time>2026-08-17T12:09:16Z</time>
   </trkpt>
   <trkpt lat="22.7388850" lon="120.3338800">
    <ele>18.5</ele>
    <time>2026-08-17T12:09:17Z</time>
   </trkpt>
   <trkpt lat="22.7388940" lon="120.3339190">
    <ele>18.5</ele>
    <time>2026-08-17T12:09:18Z</time>
   </trkpt>
   <trkpt lat="22.7388940" lon="120.3339540">
    <ele>18.5</ele>
    <time>2026-08-17T12:09:19Z</time>
   </trkpt>
   <trkpt lat="22.7388910" lon="120.3339790">
    <ele>18.5</ele>
    <time>2026-08-17T12:09:20Z</time>
   </trkpt>
   <trkpt lat="22.7388880" lon="120.3340050">
    <ele>18.6</ele>
    <time>2026-08-17T12:09:21Z</time>
   </trkpt>
   <trkpt lat="22.7388840" lon="120.3340270">
    <ele>18.6</ele>
    <time>2026-08-17T12:09:22Z</time>
   </trkpt>
   <trkpt lat="22.7388790" lon="120.3340440">
    <ele>18.6</ele>
    <time>2026-08-17T12:09:23Z</time>
   </trkpt>
   <trkpt lat="22.7389000" lon="120.3340670">
    <ele>18.6</ele>
    <time>2026-08-17T12:09:24Z</time>
   </trkpt>
   <trkpt lat="22.7389440" lon="120.3340500">
    <ele>18.6</ele>
    <time>2026-08-17T12:09:25Z</time>
   </trkpt>
   <trkpt lat="22.7389820" lon="120.3340550">
    <ele>18.6</ele>
    <time>2026-08-17T12:09:26Z</time>
   </trkpt>
   <trkpt lat="22.7390110" lon="120.3340580">
    <ele>18.6</ele>
    <time>2026-08-17T12:09:27Z</time>
   </trkpt>
   <trkpt lat="22.7390330" lon="120.3340630">
    <ele>18.6</ele>
    <time>2026-08-17T12:09:28Z</time>
   </trkpt>
   <trkpt lat="22.7390520" lon="120.3340760">
    <ele>18.6</ele>
    <time>2026-08-17T12:09:29Z</time>
   </trkpt>
   <trkpt lat="22.7390700" lon="120.3340950">
    <ele>18.6</ele>
    <time>2026-08-17T12:09:30Z</time>
   </trkpt>
   <trkpt lat="22.7390880" lon="120.3341100">
    <ele>18.6</ele>
    <time>2026-08-17T12:09:31Z</time>
   </trkpt>
   <trkpt lat="22.7391060" lon="120.3341110">
    <ele>18.6</ele>
    <time>2026-08-17T12:09:32Z</time>
   </trkpt>
   <trkpt lat="22.7391230" lon="120.3341250">
    <ele>18.7</ele>
    <time>2026-08-17T12:09:33Z</time>
   </trkpt>
   <trkpt lat="22.7391380" lon="120.3341390">
    <ele>18.7</ele>
    <time>2026-08-17T12:09:34Z</time>
   </trkpt>
   <trkpt lat="22.7391490" lon="120.3341380">
    <ele>18.7</ele>
    <time>2026-08-17T12:09:35Z</time>
   </trkpt>
   <trkpt lat="22.7391520" lon="120.3341330">
    <ele>18.7</ele>
    <time>2026-08-17T12:09:36Z</time>
   </trkpt>
   <trkpt lat="22.7391540" lon="120.3341320">
    <ele>18.7</ele>
    <time>2026-08-17T12:09:37Z</time>
   </trkpt>
   <trkpt lat="22.7391640" lon="120.3341260">
    <ele>18.7</ele>
    <time>2026-08-17T12:09:38Z</time>
   </trkpt>
   <trkpt lat="22.7391650" lon="120.3341300">
    <ele>18.7</ele>
    <time>2026-08-17T12:09:39Z</time>
   </trkpt>
   <trkpt lat="22.7391710" lon="120.3341240">
    <ele>18.7</ele>
    <time>2026-08-17T12:09:40Z</time>
   </trkpt>
   <trkpt lat="22.7391710" lon="120.3341130">
    <ele>18.7</ele>
    <time>2026-08-17T12:09:41Z</time>
   </trkpt>
   <trkpt lat="22.7391670" lon="120.3341060">
    <ele>18.7</ele>
    <time>2026-08-17T12:09:42Z</time>
   </trkpt>
   <trkpt lat="22.7391440" lon="120.3340790">
    <ele>18.7</ele>
    <time>2026-08-17T12:09:43Z</time>
   </trkpt>
   <trkpt lat="22.7391150" lon="120.3340820">
    <ele>18.7</ele>
    <time>2026-08-17T12:09:44Z</time>
   </trkpt>
   <trkpt lat="22.7390700" lon="120.3340870">
    <ele>18.6</ele>
    <time>2026-08-17T12:09:45Z</time>
   </trkpt>
   <trkpt lat="22.7390300" lon="120.3340920">
    <ele>18.6</ele>
    <time>2026-08-17T12:09:46Z</time>
   </trkpt>
   <trkpt lat="22.7389790" lon="120.3340890">
    <ele>18.6</ele>
    <time>2026-08-17T12:09:47Z</time>
   </trkpt>
   <trkpt lat="22.7389320" lon="120.3340840">
    <ele>18.6</ele>
    <time>2026-08-17T12:09:48Z</time>
   </trkpt>
   <trkpt lat="22.7388940" lon="120.3340760">
    <ele>18.6</ele>
    <time>2026-08-17T12:09:49Z</time>
   </trkpt>
   <trkpt lat="22.7388520" lon="120.3340700">
    <ele>18.6</ele>
    <time>2026-08-17T12:09:50Z</time>
   </trkpt>
   <trkpt lat="22.7388170" lon="120.3340600">
    <ele>18.6</ele>
    <time>2026-08-17T12:09:51Z</time>
   </trkpt>
   <trkpt lat="22.7387900" lon="120.3340550">
    <ele>18.6</ele>
    <time>2026-08-17T12:09:52Z</time>
   </trkpt>
   <trkpt lat="22.7387480" lon="120.3340510">
    <ele>18.6</ele>
    <time>2026-08-17T12:09:53Z</time>
   </trkpt>
   <trkpt lat="22.7387110" lon="120.3340570">
    <ele>18.6</ele>
    <time>2026-08-17T12:09:54Z</time>
   </trkpt>
   <trkpt lat="22.7386740" lon="120.3340590">
    <ele>18.6</ele>
    <time>2026-08-17T12:09:55Z</time>
   </trkpt>
   <trkpt lat="22.7386250" lon="120.3340510">
    <ele>18.6</ele>
    <time>2026-08-17T12:09:56Z</time>
   </trkpt>
   <trkpt lat="22.7385870" lon="120.3340460">
    <ele>18.6</ele>
    <time>2026-08-17T12:09:57Z</time>
   </trkpt>
   <trkpt lat="22.7385530" lon="120.3340420">
    <ele>18.6</ele>
    <time>2026-08-17T12:09:58Z</time>
   </trkpt>
   <trkpt lat="22.7385200" lon="120.3340390">
    <ele>18.6</ele>
    <time>2026-08-17T12:09:59Z</time>
   </trkpt>
   <trkpt lat="22.7384930" lon="120.3340390">
    <ele>18.6</ele>
    <time>2026-08-17T12:10:00Z</time>
   </trkpt>
   <trkpt lat="22.7384680" lon="120.3340390">
    <ele>18.6</ele>
    <time>2026-08-17T12:10:01Z</time>
   </trkpt>
   <trkpt lat="22.7384420" lon="120.3340390">
    <ele>18.7</ele>
    <time>2026-08-17T12:10:02Z</time>
   </trkpt>
   <trkpt lat="22.7384120" lon="120.3340370">
    <ele>18.7</ele>
    <time>2026-08-17T12:10:03Z</time>
   </trkpt>
   <trkpt lat="22.7383800" lon="120.3340320">
    <ele>18.7</ele>
    <time>2026-08-17T12:10:04Z</time>
   </trkpt>
   <trkpt lat="22.7383370" lon="120.3340390">
    <ele>18.7</ele>
    <time>2026-08-17T12:10:05Z</time>
   </trkpt>
   <trkpt lat="22.7382920" lon="120.3340290">
    <ele>18.7</ele>
    <time>2026-08-17T12:10:06Z</time>
   </trkpt>
   <trkpt lat="22.7382550" lon="120.3340200">
    <ele>18.7</ele>
    <time>2026-08-17T12:10:07Z</time>
   </trkpt>
   <trkpt lat="22.7382210" lon="120.3340110">
    <ele>18.7</ele>
    <time>2026-08-17T12:10:08Z</time>
   </trkpt>
   <trkpt lat="22.7381930" lon="120.3339960">
    <ele>18.7</ele>
    <time>2026-08-17T12:10:09Z</time>
   </trkpt>
   <trkpt lat="22.7381930" lon="120.3339960">
    <ele>18.7</ele>
    <time>2026-08-17T12:10:10Z</time>
   </trkpt>
   <trkpt lat="22.7381920" lon="120.3339960">
    <ele>18.7</ele>
    <time>2026-08-17T12:10:11Z</time>
   </trkpt>
   <trkpt lat="22.7381920" lon="120.3339960">
    <ele>18.7</ele>
    <time>2026-08-17T12:10:12Z</time>
   </trkpt>
   <trkpt lat="22.7381920" lon="120.3339960">
    <ele>18.7</ele>
    <time>2026-08-17T12:10:13Z</time>
   </trkpt>
   <trkpt lat="22.7381910" lon="120.3339960">
    <ele>18.7</ele>
    <time>2026-08-17T12:10:14Z</time>
   </trkpt>
   <trkpt lat="22.7381910" lon="120.3339960">
    <ele>18.7</ele>
    <time>2026-08-17T12:10:15Z</time>
   </trkpt>
   <trkpt lat="22.7381910" lon="120.3339970">
    <ele>18.7</ele>
    <time>2026-08-17T12:10:16Z</time>
   </trkpt>
   <trkpt lat="22.7381900" lon="120.3339970">
    <ele>18.7</ele>
    <time>2026-08-17T12:10:17Z</time>
   </trkpt>
   <trkpt lat="22.7381130" lon="120.3340130">
    <ele>18.7</ele>
    <time>2026-08-17T12:13:52Z</time>
   </trkpt>
   <trkpt lat="22.7381130" lon="120.3340130">
    <ele>18.7</ele>
    <time>2026-08-17T12:13:53Z</time>
   </trkpt>
   <trkpt lat="22.7380790" lon="120.3339920">
    <ele>18.7</ele>
    <time>2026-08-17T12:13:54Z</time>
   </trkpt>
   <trkpt lat="22.7380320" lon="120.3339970">
    <ele>18.7</ele>
    <time>2026-08-17T12:13:55Z</time>
   </trkpt>
   <trkpt lat="22.7379710" lon="120.3339880">
    <ele>18.7</ele>
    <time>2026-08-17T12:13:56Z</time>
   </trkpt>
   <trkpt lat="22.7379070" lon="120.3339820">
    <ele>18.7</ele>
    <time>2026-08-17T12:13:57Z</time>
   </trkpt>
   <trkpt lat="22.7378520" lon="120.3339820">
    <ele>18.7</ele>
    <time>2026-08-17T12:13:58Z</time>
   </trkpt>
   <trkpt lat="22.7378220" lon="120.3339720">
    <ele>18.7</ele>
    <time>2026-08-17T12:13:59Z</time>
   </trkpt>
   <trkpt lat="22.7378000" lon="120.3339650">
    <ele>18.7</ele>
    <time>2026-08-17T12:14:00Z</time>
   </trkpt>
   <trkpt lat="22.7377760" lon="120.3339650">
    <ele>18.7</ele>
    <time>2026-08-17T12:14:01Z</time>
   </trkpt>
   <trkpt lat="22.7377660" lon="120.3339710">
    <ele>18.7</ele>
    <time>2026-08-17T12:14:02Z</time>
   </trkpt>
   <trkpt lat="22.7377540" lon="120.3339520">
    <ele>18.7</ele>
    <time>2026-08-17T12:14:03Z</time>
   </trkpt>
   <trkpt lat="22.7377580" lon="120.3339310">
    <ele>18.7</ele>
    <time>2026-08-17T12:14:04Z</time>
   </trkpt>
   <trkpt lat="22.7377470" lon="120.3339330">
    <ele>18.7</ele>
    <time>2026-08-17T12:14:05Z</time>
   </trkpt>
   <trkpt lat="22.7377360" lon="120.3339340">
    <ele>18.7</ele>
    <time>2026-08-17T12:14:06Z</time>
   </trkpt>
   <trkpt lat="22.7377250" lon="120.3339360">
    <ele>18.7</ele>
    <time>2026-08-17T12:14:07Z</time>
   </trkpt>
   <trkpt lat="22.7377140" lon="120.3339370">
    <ele>18.7</ele>
    <time>2026-08-17T12:14:08Z</time>
   </trkpt>
   <trkpt lat="22.7376540" lon="120.3339460">
    <ele>18.7</ele>
    <time>2026-08-17T12:14:09Z</time>
   </trkpt>
   <trkpt lat="22.7376130" lon="120.3339460">
    <ele>18.7</ele>
    <time>2026-08-17T12:14:10Z</time>
   </trkpt>
   <trkpt lat="22.7375680" lon="120.3339360">
    <ele>18.7</ele>
    <time>2026-08-17T12:14:11Z</time>
   </trkpt>
   <trkpt lat="22.7374950" lon="120.3339310">
    <ele>18.7</ele>
    <time>2026-08-17T12:14:12Z</time>
   </trkpt>
   <trkpt lat="22.7374360" lon="120.3339270">
    <ele>18.7</ele>
    <time>2026-08-17T12:14:13Z</time>
   </trkpt>
   <trkpt lat="22.7373880" lon="120.3338990">
    <ele>18.7</ele>
    <time>2026-08-17T12:14:14Z</time>
   </trkpt>
   <trkpt lat="22.7373500" lon="120.3338950">
    <ele>18.7</ele>
    <time>2026-08-17T12:14:15Z</time>
   </trkpt>
   <trkpt lat="22.7373180" lon="120.3338910">
    <ele>18.7</ele>
    <time>2026-08-17T12:14:16Z</time>
   </trkpt>
   <trkpt lat="22.7372920" lon="120.3338760">
    <ele>18.7</ele>
    <time>2026-08-17T12:14:17Z</time>
   </trkpt>
   <trkpt lat="22.7372630" lon="120.3338490">
    <ele>18.7</ele>
    <time>2026-08-17T12:14:18Z</time>
   </trkpt>
   <trkpt lat="22.7372540" lon="120.3338000">
    <ele>18.7</ele>
    <time>2026-08-17T12:14:19Z</time>
   </trkpt>
   <trkpt lat="22.7372530" lon="120.3337520">
    <ele>18.7</ele>
    <time>2026-08-17T12:14:20Z</time>
   </trkpt>
   <trkpt lat="22.7372610" lon="120.3337070">
    <ele>18.7</ele>
    <time>2026-08-17T12:14:21Z</time>
   </trkpt>
   <trkpt lat="22.7372680" lon="120.3336590">
    <ele>18.7</ele>
    <time>2026-08-17T12:14:22Z</time>
   </trkpt>
   <trkpt lat="22.7372600" lon="120.3336010">
    <ele>18.7</ele>
    <time>2026-08-17T12:14:23Z</time>
   </trkpt>
   <trkpt lat="22.7372450" lon="120.3335330">
    <ele>18.7</ele>
    <time>2026-08-17T12:14:24Z</time>
   </trkpt>
   <trkpt lat="22.7372490" lon="120.3334760">
    <ele>18.7</ele>
    <time>2026-08-17T12:14:25Z</time>
   </trkpt>
   <trkpt lat="22.7372420" lon="120.3334160">
    <ele>18.6</ele>
    <time>2026-08-17T12:14:26Z</time>
   </trkpt>
   <trkpt lat="22.7372400" lon="120.3333630">
    <ele>18.6</ele>
    <time>2026-08-17T12:14:27Z</time>
   </trkpt>
   <trkpt lat="22.7372350" lon="120.3333080">
    <ele>18.6</ele>
    <time>2026-08-17T12:14:28Z</time>
   </trkpt>
   <trkpt lat="22.7372250" lon="120.3332540">
    <ele>18.6</ele>
    <time>2026-08-17T12:14:29Z</time>
   </trkpt>
   <trkpt lat="22.7372220" lon="120.3332110">
    <ele>18.6</ele>
    <time>2026-08-17T12:14:30Z</time>
   </trkpt>
   <trkpt lat="22.7372190" lon="120.3331660">
    <ele>18.5</ele>
    <time>2026-08-17T12:14:31Z</time>
   </trkpt>
   <trkpt lat="22.7372220" lon="120.3331190">
    <ele>18.5</ele>
    <time>2026-08-17T12:14:32Z</time>
   </trkpt>
   <trkpt lat="22.7372270" lon="120.3330730">
    <ele>18.5</ele>
    <time>2026-08-17T12:14:33Z</time>
   </trkpt>
   <trkpt lat="22.7372240" lon="120.3330380">
    <ele>18.5</ele>
    <time>2026-08-17T12:14:34Z</time>
   </trkpt>
   <trkpt lat="22.7372290" lon="120.3330090">
    <ele>18.5</ele>
    <time>2026-08-17T12:14:35Z</time>
   </trkpt>
   <trkpt lat="22.7372270" lon="120.3329690">
    <ele>18.5</ele>
    <time>2026-08-17T12:14:36Z</time>
   </trkpt>
   <trkpt lat="22.7372280" lon="120.3329250">
    <ele>18.5</ele>
    <time>2026-08-17T12:14:37Z</time>
   </trkpt>
   <trkpt lat="22.7372240" lon="120.3328780">
    <ele>18.5</ele>
    <time>2026-08-17T12:14:38Z</time>
   </trkpt>
   <trkpt lat="22.7372100" lon="120.3328360">
    <ele>18.6</ele>
    <time>2026-08-17T12:14:39Z</time>
   </trkpt>
   <trkpt lat="22.7372040" lon="120.3327970">
    <ele>18.6</ele>
    <time>2026-08-17T12:14:40Z</time>
   </trkpt>
   <trkpt lat="22.7371900" lon="120.3327580">
    <ele>18.6</ele>
    <time>2026-08-17T12:14:41Z</time>
   </trkpt>
   <trkpt lat="22.7371730" lon="120.3327150">
    <ele>18.6</ele>
    <time>2026-08-17T12:14:42Z</time>
   </trkpt>
   <trkpt lat="22.7371560" lon="120.3326710">
    <ele>18.6</ele>
    <time>2026-08-17T12:14:43Z</time>
   </trkpt>
   <trkpt lat="22.7371430" lon="120.3326270">
    <ele>18.6</ele>
    <time>2026-08-17T12:14:44Z</time>
   </trkpt>
   <trkpt lat="22.7371350" lon="120.3325860">
    <ele>18.6</ele>
    <time>2026-08-17T12:14:45Z</time>
   </trkpt>
   <trkpt lat="22.7371230" lon="120.3325500">
    <ele>18.6</ele>
    <time>2026-08-17T12:14:46Z</time>
   </trkpt>
   <trkpt lat="22.7371190" lon="120.3325320">
    <ele>18.6</ele>
    <time>2026-08-17T12:14:47Z</time>
   </trkpt>
   <trkpt lat="22.7371230" lon="120.3325050">
    <ele>18.6</ele>
    <time>2026-08-17T12:14:48Z</time>
   </trkpt>
   <trkpt lat="22.7371180" lon="120.3324840">
    <ele>18.7</ele>
    <time>2026-08-17T12:14:49Z</time>
   </trkpt>
   <trkpt lat="22.7370950" lon="120.3324480">
    <ele>18.7</ele>
    <time>2026-08-17T12:14:50Z</time>
   </trkpt>
   <trkpt lat="22.7370820" lon="120.3324110">
    <ele>18.7</ele>
    <time>2026-08-17T12:14:51Z</time>
   </trkpt>
   <trkpt lat="22.7370650" lon="120.3323700">
    <ele>18.7</ele>
    <time>2026-08-17T12:14:52Z</time>
   </trkpt>
   <trkpt lat="22.7370490" lon="120.3323350">
    <ele>18.8</ele>
    <time>2026-08-17T12:14:53Z</time>
   </trkpt>
   <trkpt lat="22.7370410" lon="120.3323070">
    <ele>18.8</ele>
    <time>2026-08-17T12:14:54Z</time>
   </trkpt>
   <trkpt lat="22.7370460" lon="120.3322670">
    <ele>18.8</ele>
    <time>2026-08-17T12:14:55Z</time>
   </trkpt>
   <trkpt lat="22.7370540" lon="120.3322340">
    <ele>18.8</ele>
    <time>2026-08-17T12:14:56Z</time>
   </trkpt>
   <trkpt lat="22.7370490" lon="120.3322070">
    <ele>18.8</ele>
    <time>2026-08-17T12:14:57Z</time>
   </trkpt>
   <trkpt lat="22.7370380" lon="120.3321770">
    <ele>18.8</ele>
    <time>2026-08-17T12:14:58Z</time>
   </trkpt>
   <trkpt lat="22.7370210" lon="120.3321490">
    <ele>18.8</ele>
    <time>2026-08-17T12:14:59Z</time>
   </trkpt>
   <trkpt lat="22.7370220" lon="120.3321520">
    <ele>18.8</ele>
    <time>2026-08-17T12:15:00Z</time>
   </trkpt>
   <trkpt lat="22.7370250" lon="120.3321480">
    <ele>18.8</ele>
    <time>2026-08-17T12:15:01Z</time>
   </trkpt>
   <trkpt lat="22.7370190" lon="120.3321380">
    <ele>18.8</ele>
    <time>2026-08-17T12:15:02Z</time>
   </trkpt>
   <trkpt lat="22.7369990" lon="120.3321380">
    <ele>18.9</ele>
    <time>2026-08-17T12:15:03Z</time>
   </trkpt>
   <trkpt lat="22.7369730" lon="120.3321500">
    <ele>18.9</ele>
    <time>2026-08-17T12:15:04Z</time>
   </trkpt>
   <trkpt lat="22.7369520" lon="120.3321730">
    <ele>18.9</ele>
    <time>2026-08-17T12:15:05Z</time>
   </trkpt>
   <trkpt lat="22.7369420" lon="120.3321950">
    <ele>18.9</ele>
    <time>2026-08-17T12:15:06Z</time>
   </trkpt>
   <trkpt lat="22.7369360" lon="120.3322050">
    <ele>18.9</ele>
    <time>2026-08-17T12:15:07Z</time>
   </trkpt>
   <trkpt lat="22.7369270" lon="120.3322090">
    <ele>18.9</ele>
    <time>2026-08-17T12:15:08Z</time>
   </trkpt>
   <trkpt lat="22.7369150" lon="120.3322110">
    <ele>18.9</ele>
    <time>2026-08-17T12:15:09Z</time>
   </trkpt>
   <trkpt lat="22.7368860" lon="120.3322140">
    <ele>18.9</ele>
    <time>2026-08-17T12:15:10Z</time>
   </trkpt>
   <trkpt lat="22.7368620" lon="120.3322180">
    <ele>18.9</ele>
    <time>2026-08-17T12:15:11Z</time>
   </trkpt>
   <trkpt lat="22.7368460" lon="120.3322270">
    <ele>18.9</ele>
    <time>2026-08-17T12:15:12Z</time>
   </trkpt>
   <trkpt lat="22.7368370" lon="120.3322270">
    <ele>18.9</ele>
    <time>2026-08-17T12:15:13Z</time>
   </trkpt>
   <trkpt lat="22.7368300" lon="120.3322250">
    <ele>18.9</ele>
    <time>2026-08-17T12:15:14Z</time>
   </trkpt>
   <trkpt lat="22.7368230" lon="120.3322170">
    <ele>18.9</ele>
    <time>2026-08-17T12:15:15Z</time>
   </trkpt>
   <trkpt lat="22.7368140" lon="120.3322110">
    <ele>18.9</ele>
    <time>2026-08-17T12:15:16Z</time>
   </trkpt>
   <trkpt lat="22.7368130" lon="120.3322200">
    <ele>18.9</ele>
    <time>2026-08-17T12:15:17Z</time>
   </trkpt>
   <trkpt lat="22.7368080" lon="120.3322270">
    <ele>18.9</ele>
    <time>2026-08-17T12:15:18Z</time>
   </trkpt>
   <trkpt lat="22.7368040" lon="120.3322310">
    <ele>18.9</ele>
    <time>2026-08-17T12:15:19Z</time>
   </trkpt>
   <trkpt lat="22.7367990" lon="120.3322350">
    <ele>18.9</ele>
    <time>2026-08-17T12:15:20Z</time>
   </trkpt>
   <trkpt lat="22.7367990" lon="120.3322350">
    <ele>18.9</ele>
    <time>2026-08-17T12:15:21Z</time>
   </trkpt>
   <trkpt lat="22.7367990" lon="120.3322350">
    <ele>18.9</ele>
    <time>2026-08-17T12:15:22Z</time>
   </trkpt>
   <trkpt lat="22.7367970" lon="120.3322390">
    <ele>18.9</ele>
    <time>2026-08-17T12:15:23Z</time>
   </trkpt>
   <trkpt lat="22.7367960" lon="120.3322330">
    <ele>18.9</ele>
    <time>2026-08-17T12:15:24Z</time>
   </trkpt>
   <trkpt lat="22.7367880" lon="120.3322280">
    <ele>18.9</ele>
    <time>2026-08-17T12:15:25Z</time>
   </trkpt>
   <trkpt lat="22.7367700" lon="120.3322530">
    <ele>18.9</ele>
    <time>2026-08-17T12:16:04Z</time>
   </trkpt>
   <trkpt lat="22.7367710" lon="120.3322570">
    <ele>18.9</ele>
    <time>2026-08-17T12:16:05Z</time>
   </trkpt>
   <trkpt lat="22.7367650" lon="120.3322730">
    <ele>18.9</ele>
    <time>2026-08-17T12:16:06Z</time>
   </trkpt>
   <trkpt lat="22.7367820" lon="120.3322400">
    <ele>19.0</ele>
    <time>2026-08-17T12:16:07Z</time>
   </trkpt>
   <trkpt lat="22.7367590" lon="120.3322350">
    <ele>19.0</ele>
    <time>2026-08-17T12:16:08Z</time>
   </trkpt>
   <trkpt lat="22.7367930" lon="120.3321990">
    <ele>19.0</ele>
    <time>2026-08-17T12:16:09Z</time>
   </trkpt>
   <trkpt lat="22.7368040" lon="120.3321980">
    <ele>19.0</ele>
    <time>2026-08-17T12:16:10Z</time>
   </trkpt>
   <trkpt lat="22.7367910" lon="120.3321950">
    <ele>19.0</ele>
    <time>2026-08-17T12:16:11Z</time>
   </trkpt>
   <trkpt lat="22.7367990" lon="120.3322120">
    <ele>19.0</ele>
    <time>2026-08-17T12:16:12Z</time>
   </trkpt>
   <trkpt lat="22.7368080" lon="120.3322290">
    <ele>19.0</ele>
    <time>2026-08-17T12:16:13Z</time>
   </trkpt>
   <trkpt lat="22.7368240" lon="120.3322290">
    <ele>19.0</ele>
    <time>2026-08-17T12:16:14Z</time>
   </trkpt>
   <trkpt lat="22.7368380" lon="120.3322110">
    <ele>19.0</ele>
    <time>2026-08-17T12:16:15Z</time>
   </trkpt>
   <trkpt lat="22.7368630" lon="120.3322020">
    <ele>19.0</ele>
    <time>2026-08-17T12:16:16Z</time>
   </trkpt>
   <trkpt lat="22.7368900" lon="120.3321850">
    <ele>19.0</ele>
    <time>2026-08-17T12:16:17Z</time>
   </trkpt>
   <trkpt lat="22.7369150" lon="120.3321800">
    <ele>19.0</ele>
    <time>2026-08-17T12:16:18Z</time>
   </trkpt>
   <trkpt lat="22.7369270" lon="120.3321640">
    <ele>19.0</ele>
    <time>2026-08-17T12:16:19Z</time>
   </trkpt>
   <trkpt lat="22.7369450" lon="120.3321420">
    <ele>19.1</ele>
    <time>2026-08-17T12:16:20Z</time>
   </trkpt>
   <trkpt lat="22.7369660" lon="120.3321080">
    <ele>19.1</ele>
    <time>2026-08-17T12:16:21Z</time>
   </trkpt>
   <trkpt lat="22.7369790" lon="120.3320690">
    <ele>19.2</ele>
    <time>2026-08-17T12:16:22Z</time>
   </trkpt>
   <trkpt lat="22.7369850" lon="120.3320300">
    <ele>19.3</ele>
    <time>2026-08-17T12:16:23Z</time>
   </trkpt>
   <trkpt lat="22.7369880" lon="120.3319980">
    <ele>19.4</ele>
    <time>2026-08-17T12:16:24Z</time>
   </trkpt>
   <trkpt lat="22.7369940" lon="120.3319810">
    <ele>19.4</ele>
    <time>2026-08-17T12:16:25Z</time>
   </trkpt>
   <trkpt lat="22.7369910" lon="120.3319640">
    <ele>19.5</ele>
    <time>2026-08-17T12:16:26Z</time>
   </trkpt>
   <trkpt lat="22.7369860" lon="120.3319510">
    <ele>19.5</ele>
    <time>2026-08-17T12:16:27Z</time>
   </trkpt>
   <trkpt lat="22.7369770" lon="120.3319430">
    <ele>19.5</ele>
    <time>2026-08-17T12:16:28Z</time>
   </trkpt>
   <trkpt lat="22.7369670" lon="120.3319420">
    <ele>19.5</ele>
    <time>2026-08-17T12:16:29Z</time>
   </trkpt>
   <trkpt lat="22.7369660" lon="120.3319420">
    <ele>19.5</ele>
    <time>2026-08-17T12:16:30Z</time>
   </trkpt>
   <trkpt lat="22.7369670" lon="120.3319390">
    <ele>19.5</ele>
    <time>2026-08-17T12:16:31Z</time>
   </trkpt>
   <trkpt lat="22.7369660" lon="120.3319400">
    <ele>19.5</ele>
    <time>2026-08-17T12:16:32Z</time>
   </trkpt>
   <trkpt lat="22.7369530" lon="120.3319400">
    <ele>19.5</ele>
    <time>2026-08-17T12:16:33Z</time>
   </trkpt>
   <trkpt lat="22.7369200" lon="120.3319530">
    <ele>19.5</ele>
    <time>2026-08-17T12:16:34Z</time>
   </trkpt>
   <trkpt lat="22.7368810" lon="120.3319670">
    <ele>19.6</ele>
    <time>2026-08-17T12:16:35Z</time>
   </trkpt>
   <trkpt lat="22.7368330" lon="120.3319800">
    <ele>19.6</ele>
    <time>2026-08-17T12:16:36Z</time>
   </trkpt>
   <trkpt lat="22.7367840" lon="120.3319790">
    <ele>19.6</ele>
    <time>2026-08-17T12:16:37Z</time>
   </trkpt>
   <trkpt lat="22.7367450" lon="120.3319670">
    <ele>19.6</ele>
    <time>2026-08-17T12:16:38Z</time>
   </trkpt>
   <trkpt lat="22.7367090" lon="120.3319610">
    <ele>19.6</ele>
    <time>2026-08-17T12:16:39Z</time>
   </trkpt>
   <trkpt lat="22.7366670" lon="120.3319620">
    <ele>19.6</ele>
    <time>2026-08-17T12:16:40Z</time>
   </trkpt>
   <trkpt lat="22.7366270" lon="120.3319680">
    <ele>19.5</ele>
    <time>2026-08-17T12:16:41Z</time>
   </trkpt>
   <trkpt lat="22.7366020" lon="120.3319760">
    <ele>19.5</ele>
    <time>2026-08-17T12:16:42Z</time>
   </trkpt>
   <trkpt lat="22.7365860" lon="120.3319860">
    <ele>19.5</ele>
    <time>2026-08-17T12:16:43Z</time>
   </trkpt>
   <trkpt lat="22.7365750" lon="120.3320000">
    <ele>19.5</ele>
    <time>2026-08-17T12:16:44Z</time>
   </trkpt>
   <trkpt lat="22.7365540" lon="120.3320100">
    <ele>19.5</ele>
    <time>2026-08-17T12:16:45Z</time>
   </trkpt>
   <trkpt lat="22.7365210" lon="120.3320320">
    <ele>19.5</ele>
    <time>2026-08-17T12:16:46Z</time>
   </trkpt>
   <trkpt lat="22.7364790" lon="120.3320500">
    <ele>19.4</ele>
    <time>2026-08-17T12:16:47Z</time>
   </trkpt>
   <trkpt lat="22.7364360" lon="120.3320580">
    <ele>19.4</ele>
    <time>2026-08-17T12:16:48Z</time>
   </trkpt>
   <trkpt lat="22.7363960" lon="120.3320890">
    <ele>19.3</ele>
    <time>2026-08-17T12:16:49Z</time>
   </trkpt>
   <trkpt lat="22.7363680" lon="120.3320990">
    <ele>19.3</ele>
    <time>2026-08-17T12:16:50Z</time>
   </trkpt>
   <trkpt lat="22.7363420" lon="120.3320990">
    <ele>19.3</ele>
    <time>2026-08-17T12:16:51Z</time>
   </trkpt>
   <trkpt lat="22.7363360" lon="120.3321000">
    <ele>19.3</ele>
    <time>2026-08-17T12:16:52Z</time>
   </trkpt>
   <trkpt lat="22.7363290" lon="120.3321060">
    <ele>19.3</ele>
    <time>2026-08-17T12:16:53Z</time>
   </trkpt>
   <trkpt lat="22.7363280" lon="120.3321150">
    <ele>19.3</ele>
    <time>2026-08-17T12:16:54Z</time>
   </trkpt>
   <trkpt lat="22.7363230" lon="120.3321240">
    <ele>19.3</ele>
    <time>2026-08-17T12:16:55Z</time>
   </trkpt>
   <trkpt lat="22.7363230" lon="120.3321230">
    <ele>19.3</ele>
    <time>2026-08-17T12:16:56Z</time>
   </trkpt>
   <trkpt lat="22.7363200" lon="120.3321280">
    <ele>19.3</ele>
    <time>2026-08-17T12:16:57Z</time>
   </trkpt>
   <trkpt lat="22.7363130" lon="120.3321340">
    <ele>19.3</ele>
    <time>2026-08-17T12:16:58Z</time>
   </trkpt>
   <trkpt lat="22.7363070" lon="120.3321390">
    <ele>19.3</ele>
    <time>2026-08-17T12:16:59Z</time>
   </trkpt>
   <trkpt lat="22.7363080" lon="120.3321380">
    <ele>19.3</ele>
    <time>2026-08-17T12:17:00Z</time>
   </trkpt>
   <trkpt lat="22.7363030" lon="120.3321380">
    <ele>19.3</ele>
    <time>2026-08-17T12:17:01Z</time>
   </trkpt>
   <trkpt lat="22.7362850" lon="120.3321490">
    <ele>19.3</ele>
    <time>2026-08-17T12:17:02Z</time>
   </trkpt>
   <trkpt lat="22.7362570" lon="120.3321670">
    <ele>19.3</ele>
    <time>2026-08-17T12:17:03Z</time>
   </trkpt>
   <trkpt lat="22.7362160" lon="120.3321780">
    <ele>19.3</ele>
    <time>2026-08-17T12:17:04Z</time>
   </trkpt>
   <trkpt lat="22.7361760" lon="120.3321970">
    <ele>19.3</ele>
    <time>2026-08-17T12:17:05Z</time>
   </trkpt>
   <trkpt lat="22.7361470" lon="120.3322180">
    <ele>19.2</ele>
    <time>2026-08-17T12:17:06Z</time>
   </trkpt>
   <trkpt lat="22.7361170" lon="120.3322350">
    <ele>19.2</ele>
    <time>2026-08-17T12:17:07Z</time>
   </trkpt>
   <trkpt lat="22.7360880" lon="120.3322470">
    <ele>19.2</ele>
    <time>2026-08-17T12:17:08Z</time>
   </trkpt>
   <trkpt lat="22.7360630" lon="120.3322610">
    <ele>19.2</ele>
    <time>2026-08-17T12:17:09Z</time>
   </trkpt>
   <trkpt lat="22.7360290" lon="120.3322860">
    <ele>19.2</ele>
    <time>2026-08-17T12:17:10Z</time>
   </trkpt>
   <trkpt lat="22.7359950" lon="120.3323040">
    <ele>19.2</ele>
    <time>2026-08-17T12:17:11Z</time>
   </trkpt>
   <trkpt lat="22.7359610" lon="120.3323120">
    <ele>19.2</ele>
    <time>2026-08-17T12:17:12Z</time>
   </trkpt>
   <trkpt lat="22.7359240" lon="120.3323190">
    <ele>19.2</ele>
    <time>2026-08-17T12:17:13Z</time>
   </trkpt>
   <trkpt lat="22.7358970" lon="120.3323260">
    <ele>19.3</ele>
    <time>2026-08-17T12:17:14Z</time>
   </trkpt>
   <trkpt lat="22.7358690" lon="120.3323360">
    <ele>19.3</ele>
    <time>2026-08-17T12:17:15Z</time>
   </trkpt>
   <trkpt lat="22.7358450" lon="120.3323460">
    <ele>19.3</ele>
    <time>2026-08-17T12:17:16Z</time>
   </trkpt>
   <trkpt lat="22.7358230" lon="120.3323520">
    <ele>19.3</ele>
    <time>2026-08-17T12:17:17Z</time>
   </trkpt>
   <trkpt lat="22.7358040" lon="120.3323610">
    <ele>19.3</ele>
    <time>2026-08-17T12:17:18Z</time>
   </trkpt>
   <trkpt lat="22.7357980" lon="120.3323640">
    <ele>19.4</ele>
    <time>2026-08-17T12:17:19Z</time>
   </trkpt>
   <trkpt lat="22.7358070" lon="120.3323780">
    <ele>19.4</ele>
    <time>2026-08-17T12:17:20Z</time>
   </trkpt>
   <trkpt lat="22.7358230" lon="120.3323800">
    <ele>19.4</ele>
    <time>2026-08-17T12:17:21Z</time>
   </trkpt>
   <trkpt lat="22.7358420" lon="120.3323690">
    <ele>19.3</ele>
    <time>2026-08-17T12:17:22Z</time>
   </trkpt>
   <trkpt lat="22.7358700" lon="120.3323500">
    <ele>19.3</ele>
    <time>2026-08-17T12:17:23Z</time>
   </trkpt>
   <trkpt lat="22.7358990" lon="120.3323230">
    <ele>19.2</ele>
    <time>2026-08-17T12:17:24Z</time>
   </trkpt>
   <trkpt lat="22.7359220" lon="120.3323030">
    <ele>19.2</ele>
    <time>2026-08-17T12:17:25Z</time>
   </trkpt>
   <trkpt lat="22.7359400" lon="120.3322870">
    <ele>19.2</ele>
    <time>2026-08-17T12:17:26Z</time>
   </trkpt>
   <trkpt lat="22.7359610" lon="120.3322750">
    <ele>19.2</ele>
    <time>2026-08-17T12:17:27Z</time>
   </trkpt>
   <trkpt lat="22.7359780" lon="120.3322710">
    <ele>19.2</ele>
    <time>2026-08-17T12:17:28Z</time>
   </trkpt>
   <trkpt lat="22.7359830" lon="120.3322610">
    <ele>19.2</ele>
    <time>2026-08-17T12:17:29Z</time>
   </trkpt>
   <trkpt lat="22.7359730" lon="120.3322490">
    <ele>19.2</ele>
    <time>2026-08-17T12:17:30Z</time>
   </trkpt>
   <trkpt lat="22.7359690" lon="120.3322330">
    <ele>19.2</ele>
    <time>2026-08-17T12:17:31Z</time>
   </trkpt>
   <trkpt lat="22.7359670" lon="120.3322190">
    <ele>19.2</ele>
    <time>2026-08-17T12:17:32Z</time>
   </trkpt>
   <trkpt lat="22.7359670" lon="120.3322190">
    <ele>19.2</ele>
    <time>2026-08-17T12:17:33Z</time>
   </trkpt>
   <trkpt lat="22.7359380" lon="120.3322280">
    <ele>19.2</ele>
    <time>2026-08-17T12:19:58Z</time>
   </trkpt>
   <trkpt lat="22.7359400" lon="120.3322280">
    <ele>19.2</ele>
    <time>2026-08-17T12:19:59Z</time>
   </trkpt>
   <trkpt lat="22.7359320" lon="120.3322170">
    <ele>19.2</ele>
    <time>2026-08-17T12:20:00Z</time>
   </trkpt>
   <trkpt lat="22.7359280" lon="120.3322150">
    <ele>19.2</ele>
    <time>2026-08-17T12:20:01Z</time>
   </trkpt>
   <trkpt lat="22.7359230" lon="120.3322170">
    <ele>19.2</ele>
    <time>2026-08-17T12:20:02Z</time>
   </trkpt>
   <trkpt lat="22.7359300" lon="120.3322130">
    <ele>19.2</ele>
    <time>2026-08-17T12:20:03Z</time>
   </trkpt>
   <trkpt lat="22.7359300" lon="120.3322130">
    <ele>19.2</ele>
    <time>2026-08-17T12:20:04Z</time>
   </trkpt>
   <trkpt lat="22.7359440" lon="120.3322150">
    <ele>19.2</ele>
    <time>2026-08-17T12:20:05Z</time>
   </trkpt>
   <trkpt lat="22.7359410" lon="120.3322100">
    <ele>19.2</ele>
    <time>2026-08-17T12:20:06Z</time>
   </trkpt>
   <trkpt lat="22.7359470" lon="120.3322090">
    <ele>19.2</ele>
    <time>2026-08-17T12:20:07Z</time>
   </trkpt>
   <trkpt lat="22.7359820" lon="120.3321690">
    <ele>19.2</ele>
    <time>2026-08-17T12:20:18Z</time>
   </trkpt>
   <trkpt lat="22.7360000" lon="120.3321640">
    <ele>19.2</ele>
    <time>2026-08-17T12:20:19Z</time>
   </trkpt>
   <trkpt lat="22.7360260" lon="120.3321680">
    <ele>19.2</ele>
    <time>2026-08-17T12:20:20Z</time>
   </trkpt>
   <trkpt lat="22.7360480" lon="120.3321620">
    <ele>19.2</ele>
    <time>2026-08-17T12:20:21Z</time>
   </trkpt>
   <trkpt lat="22.7360630" lon="120.3321490">
    <ele>19.2</ele>
    <time>2026-08-17T12:20:22Z</time>
   </trkpt>
   <trkpt lat="22.7360860" lon="120.3321450">
    <ele>19.3</ele>
    <time>2026-08-17T12:20:23Z</time>
   </trkpt>
   <trkpt lat="22.7361020" lon="120.3321430">
    <ele>19.3</ele>
    <time>2026-08-17T12:20:24Z</time>
   </trkpt>
   <trkpt lat="22.7361150" lon="120.3321300">
    <ele>19.3</ele>
    <time>2026-08-17T12:20:25Z</time>
   </trkpt>
   <trkpt lat="22.7361440" lon="120.3321310">
    <ele>19.3</ele>
    <time>2026-08-17T12:20:26Z</time>
   </trkpt>
   <trkpt lat="22.7361690" lon="120.3321260">
    <ele>19.3</ele>
    <time>2026-08-17T12:20:27Z</time>
   </trkpt>
   <trkpt lat="22.7361930" lon="120.3321210">
    <ele>19.3</ele>
    <time>2026-08-17T12:20:28Z</time>
   </trkpt>
   <trkpt lat="22.7362300" lon="120.3321020">
    <ele>19.3</ele>
    <time>2026-08-17T12:20:29Z</time>
   </trkpt>
   <trkpt lat="22.7362680" lon="120.3320870">
    <ele>19.3</ele>
    <time>2026-08-17T12:20:30Z</time>
   </trkpt>
   <trkpt lat="22.7363070" lon="120.3320770">
    <ele>19.3</ele>
    <time>2026-08-17T12:20:31Z</time>
   </trkpt>
   <trkpt lat="22.7363410" lon="120.3320690">
    <ele>19.3</ele>
    <time>2026-08-17T12:20:32Z</time>
   </trkpt>
   <trkpt lat="22.7363740" lon="120.3320620">
    <ele>19.3</ele>
    <time>2026-08-17T12:20:33Z</time>
   </trkpt>
   <trkpt lat="22.7363940" lon="120.3320490">
    <ele>19.4</ele>
    <time>2026-08-17T12:20:34Z</time>
   </trkpt>
   <trkpt lat="22.7364330" lon="120.3320510">
    <ele>19.4</ele>
    <time>2026-08-17T12:20:35Z</time>
   </trkpt>
   <trkpt lat="22.7364600" lon="120.3320440">
    <ele>19.4</ele>
    <time>2026-08-17T12:20:36Z</time>
   </trkpt>
   <trkpt lat="22.7364880" lon="120.3320130">
    <ele>19.5</ele>
    <time>2026-08-17T12:20:37Z</time>
   </trkpt>
   <trkpt lat="22.7365200" lon="120.3319990">
    <ele>19.5</ele>
    <time>2026-08-17T12:20:38Z</time>
   </trkpt>
   <trkpt lat="22.7365530" lon="120.3319820">
    <ele>19.5</ele>
    <time>2026-08-17T12:20:39Z</time>
   </trkpt>
   <trkpt lat="22.7365910" lon="120.3319650">
    <ele>19.6</ele>
    <time>2026-08-17T12:20:40Z</time>
   </trkpt>
   <trkpt lat="22.7366380" lon="120.3319420">
    <ele>19.6</ele>
    <time>2026-08-17T12:20:41Z</time>
   </trkpt>
   <trkpt lat="22.7366990" lon="120.3319280">
    <ele>19.6</ele>
    <time>2026-08-17T12:20:42Z</time>
   </trkpt>
   <trkpt lat="22.7367590" lon="120.3319240">
    <ele>19.6</ele>
    <time>2026-08-17T12:20:43Z</time>
   </trkpt>
   <trkpt lat="22.7368120" lon="120.3319170">
    <ele>19.5</ele>
    <time>2026-08-17T12:20:44Z</time>
   </trkpt>
   <trkpt lat="22.7368800" lon="120.3319080">
    <ele>19.5</ele>
    <time>2026-08-17T12:20:45Z</time>
   </trkpt>
   <trkpt lat="22.7369360" lon="120.3319020">
    <ele>19.5</ele>
    <time>2026-08-17T12:20:46Z</time>
   </trkpt>
   <trkpt lat="22.7369950" lon="120.3318810">
    <ele>19.5</ele>
    <time>2026-08-17T12:20:47Z</time>
   </trkpt>
   <trkpt lat="22.7370640" lon="120.3318550">
    <ele>19.5</ele>
    <time>2026-08-17T12:20:48Z</time>
   </trkpt>
   <trkpt lat="22.7371270" lon="120.3318280">
    <ele>19.5</ele>
    <time>2026-08-17T12:20:49Z</time>
   </trkpt>
   <trkpt lat="22.7371820" lon="120.3318000">
    <ele>19.5</ele>
    <time>2026-08-17T12:20:50Z</time>
   </trkpt>
   <trkpt lat="22.7372380" lon="120.3317750">
    <ele>19.5</ele>
    <time>2026-08-17T12:20:51Z</time>
   </trkpt>
   <trkpt lat="22.7372890" lon="120.3317360">
    <ele>19.5</ele>
    <time>2026-08-17T12:20:52Z</time>
   </trkpt>
   <trkpt lat="22.7373450" lon="120.3317020">
    <ele>19.5</ele>
    <time>2026-08-17T12:20:53Z</time>
   </trkpt>
   <trkpt lat="22.7374050" lon="120.3316730">
    <ele>19.5</ele>
    <time>2026-08-17T12:20:54Z</time>
   </trkpt>
   <trkpt lat="22.7374560" lon="120.3316480">
    <ele>19.6</ele>
    <time>2026-08-17T12:20:55Z</time>
   </trkpt>
   <trkpt lat="22.7374980" lon="120.3316250">
    <ele>19.6</ele>
    <time>2026-08-17T12:20:56Z</time>
   </trkpt>
   <trkpt lat="22.7375300" lon="120.3316010">
    <ele>19.6</ele>
    <time>2026-08-17T12:20:57Z</time>
   </trkpt>
   <trkpt lat="22.7375690" lon="120.3315770">
    <ele>19.6</ele>
    <time>2026-08-17T12:20:58Z</time>
   </trkpt>
   <trkpt lat="22.7376160" lon="120.3315640">
    <ele>19.6</ele>
    <time>2026-08-17T12:20:59Z</time>
   </trkpt>
   <trkpt lat="22.7376650" lon="120.3315460">
    <ele>19.7</ele>
    <time>2026-08-17T12:21:00Z</time>
   </trkpt>
   <trkpt lat="22.7377170" lon="120.3315400">
    <ele>19.7</ele>
    <time>2026-08-17T12:21:01Z</time>
   </trkpt>
   <trkpt lat="22.7377530" lon="120.3315500">
    <ele>19.7</ele>
    <time>2026-08-17T12:21:02Z</time>
   </trkpt>
   <trkpt lat="22.7377830" lon="120.3315450">
    <ele>19.8</ele>
    <time>2026-08-17T12:21:03Z</time>
   </trkpt>
   <trkpt lat="22.7378190" lon="120.3315410">
    <ele>19.8</ele>
    <time>2026-08-17T12:21:04Z</time>
   </trkpt>
   <trkpt lat="22.7378520" lon="120.3315330">
    <ele>19.8</ele>
    <time>2026-08-17T12:21:05Z</time>
   </trkpt>
   <trkpt lat="22.7378710" lon="120.3315260">
    <ele>19.8</ele>
    <time>2026-08-17T12:21:06Z</time>
   </trkpt>
   <trkpt lat="22.7378800" lon="120.3315230">
    <ele>19.8</ele>
    <time>2026-08-17T12:21:07Z</time>
   </trkpt>
   <trkpt lat="22.7378900" lon="120.3315190">
    <ele>19.7</ele>
    <time>2026-08-17T12:21:08Z</time>
   </trkpt>
   <trkpt lat="22.7378840" lon="120.3315100">
    <ele>19.7</ele>
    <time>2026-08-17T12:21:09Z</time>
   </trkpt>
   <trkpt lat="22.7378850" lon="120.3315070">
    <ele>19.7</ele>
    <time>2026-08-17T12:21:10Z</time>
   </trkpt>
   <trkpt lat="22.7378850" lon="120.3315070">
    <ele>19.7</ele>
    <time>2026-08-17T12:21:11Z</time>
   </trkpt>
   <trkpt lat="22.7378850" lon="120.3315070">
    <ele>19.7</ele>
    <time>2026-08-17T12:21:12Z</time>
   </trkpt>
   <trkpt lat="22.7378830" lon="120.3315140">
    <ele>19.7</ele>
    <time>2026-08-17T12:21:13Z</time>
   </trkpt>
   <trkpt lat="22.7378890" lon="120.3315120">
    <ele>19.7</ele>
    <time>2026-08-17T12:21:14Z</time>
   </trkpt>
   <trkpt lat="22.7379000" lon="120.3315160">
    <ele>19.7</ele>
    <time>2026-08-17T12:21:15Z</time>
   </trkpt>
   <trkpt lat="22.7379190" lon="120.3315380">
    <ele>19.7</ele>
    <time>2026-08-17T12:21:16Z</time>
   </trkpt>
   <trkpt lat="22.7379470" lon="120.3315670">
    <ele>19.6</ele>
    <time>2026-08-17T12:21:17Z</time>
   </trkpt>
   <trkpt lat="22.7379710" lon="120.3315870">
    <ele>19.6</ele>
    <time>2026-08-17T12:21:18Z</time>
   </trkpt>
   <trkpt lat="22.7379970" lon="120.3315970">
    <ele>19.6</ele>
    <time>2026-08-17T12:21:19Z</time>
   </trkpt>
   <trkpt lat="22.7380130" lon="120.3316110">
    <ele>19.6</ele>
    <time>2026-08-17T12:21:20Z</time>
   </trkpt>
   <trkpt lat="22.7380360" lon="120.3316020">
    <ele>19.5</ele>
    <time>2026-08-17T12:21:21Z</time>
   </trkpt>
   <trkpt lat="22.7380360" lon="120.3316020">
    <ele>19.5</ele>
    <time>2026-08-17T12:21:22Z</time>
   </trkpt>
   <trkpt lat="22.7380440" lon="120.3316110">
    <ele>19.5</ele>
    <time>2026-08-17T12:21:23Z</time>
   </trkpt>
   <trkpt lat="22.7380440" lon="120.3316110">
    <ele>19.5</ele>
    <time>2026-08-17T12:21:24Z</time>
   </trkpt>
   <trkpt lat="22.7380510" lon="120.3316190">
    <ele>19.5</ele>
    <time>2026-08-17T12:21:25Z</time>
   </trkpt>
   <trkpt lat="22.7380510" lon="120.3316190">
    <ele>19.5</ele>
    <time>2026-08-17T12:21:26Z</time>
   </trkpt>
   <trkpt lat="22.7380580" lon="120.3316270">
    <ele>19.5</ele>
    <time>2026-08-17T12:21:27Z</time>
   </trkpt>
   <trkpt lat="22.7380580" lon="120.3316270">
    <ele>19.5</ele>
    <time>2026-08-17T12:21:28Z</time>
   </trkpt>
   <trkpt lat="22.7380580" lon="120.3316270">
    <ele>19.5</ele>
    <time>2026-08-17T12:21:29Z</time>
   </trkpt>
   <trkpt lat="22.7380580" lon="120.3316280">
    <ele>19.5</ele>
    <time>2026-08-17T12:21:30Z</time>
   </trkpt>
   <trkpt lat="22.7380580" lon="120.3316280">
    <ele>19.5</ele>
    <time>2026-08-17T12:21:31Z</time>
   </trkpt>
   <trkpt lat="22.7380590" lon="120.3316280">
    <ele>19.5</ele>
    <time>2026-08-17T12:21:32Z</time>
   </trkpt>
   <trkpt lat="22.7380590" lon="120.3316280">
    <ele>19.5</ele>
    <time>2026-08-17T12:21:33Z</time>
   </trkpt>
   <trkpt lat="22.7380590" lon="120.3316280">
    <ele>19.5</ele>
    <time>2026-08-17T12:21:34Z</time>
   </trkpt>
   <trkpt lat="22.7380590" lon="120.3316290">
    <ele>19.5</ele>
    <time>2026-08-17T12:21:35Z</time>
   </trkpt>
   <trkpt lat="22.7380590" lon="120.3316290">
    <ele>19.5</ele>
    <time>2026-08-17T12:21:36Z</time>
   </trkpt>
   <trkpt lat="22.7380890" lon="120.3316630">
    <ele>19.5</ele>
    <time>2026-08-17T12:24:22Z</time>
   </trkpt>
   <trkpt lat="22.7380890" lon="120.3316630">
    <ele>19.5</ele>
    <time>2026-08-17T12:24:23Z</time>
   </trkpt>
   <trkpt lat="22.7381330" lon="120.3316870">
    <ele>19.4</ele>
    <time>2026-08-17T12:24:24Z</time>
   </trkpt>
   <trkpt lat="22.7381630" lon="120.3316880">
    <ele>19.4</ele>
    <time>2026-08-17T12:24:25Z</time>
   </trkpt>
   <trkpt lat="22.7381980" lon="120.3317010">
    <ele>19.4</ele>
    <time>2026-08-17T12:24:26Z</time>
   </trkpt>
   <trkpt lat="22.7382370" lon="120.3317140">
    <ele>19.4</ele>
    <time>2026-08-17T12:24:27Z</time>
   </trkpt>
   <trkpt lat="22.7382840" lon="120.3317220">
    <ele>19.4</ele>
    <time>2026-08-17T12:24:28Z</time>
   </trkpt>
   <trkpt lat="22.7383250" lon="120.3317320">
    <ele>19.4</ele>
    <time>2026-08-17T12:24:29Z</time>
   </trkpt>
   <trkpt lat="22.7383650" lon="120.3317480">
    <ele>19.4</ele>
    <time>2026-08-17T12:24:30Z</time>
   </trkpt>
   <trkpt lat="22.7384080" lon="120.3317520">
    <ele>19.4</ele>
    <time>2026-08-17T12:24:31Z</time>
   </trkpt>
   <trkpt lat="22.7384410" lon="120.3317640">
    <ele>19.4</ele>
    <time>2026-08-17T12:24:32Z</time>
   </trkpt>
   <trkpt lat="22.7384920" lon="120.3317710">
    <ele>19.4</ele>
    <time>2026-08-17T12:24:33Z</time>
   </trkpt>
   <trkpt lat="22.7385130" lon="120.3317570">
    <ele>19.5</ele>
    <time>2026-08-17T12:24:34Z</time>
   </trkpt>
   <trkpt lat="22.7385280" lon="120.3317650">
    <ele>19.5</ele>
    <time>2026-08-17T12:24:35Z</time>
   </trkpt>
   <trkpt lat="22.7385410" lon="120.3317670">
    <ele>19.5</ele>
    <time>2026-08-17T12:24:36Z</time>
   </trkpt>
   <trkpt lat="22.7385510" lon="120.3317630">
    <ele>19.5</ele>
    <time>2026-08-17T12:24:37Z</time>
   </trkpt>
   <trkpt lat="22.7385520" lon="120.3317600">
    <ele>19.5</ele>
    <time>2026-08-17T12:24:38Z</time>
   </trkpt>
   <trkpt lat="22.7385480" lon="120.3317420">
    <ele>19.5</ele>
    <time>2026-08-17T12:24:39Z</time>
   </trkpt>
   <trkpt lat="22.7385430" lon="120.3317400">
    <ele>19.5</ele>
    <time>2026-08-17T12:24:40Z</time>
   </trkpt>
   <trkpt lat="22.7385370" lon="120.3317370">
    <ele>19.5</ele>
    <time>2026-08-17T12:24:41Z</time>
   </trkpt>
   <trkpt lat="22.7385310" lon="120.3317300">
    <ele>19.6</ele>
    <time>2026-08-17T12:24:42Z</time>
   </trkpt>
   <trkpt lat="22.7385210" lon="120.3317310">
    <ele>19.6</ele>
    <time>2026-08-17T12:24:43Z</time>
   </trkpt>
   <trkpt lat="22.7385140" lon="120.3317230">
    <ele>19.6</ele>
    <time>2026-08-17T12:24:44Z</time>
   </trkpt>
   <trkpt lat="22.7385090" lon="120.3317220">
    <ele>19.6</ele>
    <time>2026-08-17T12:24:45Z</time>
   </trkpt>
   <trkpt lat="22.7384950" lon="120.3317160">
    <ele>19.6</ele>
    <time>2026-08-17T12:24:46Z</time>
   </trkpt>
   <trkpt lat="22.7384840" lon="120.3317170">
    <ele>19.6</ele>
    <time>2026-08-17T12:24:47Z</time>
   </trkpt>
   <trkpt lat="22.7384750" lon="120.3317140">
    <ele>19.7</ele>
    <time>2026-08-17T12:24:48Z</time>
   </trkpt>
   <trkpt lat="22.7385100" lon="120.3317700">
    <ele>19.8</ele>
    <time>2026-08-17T12:24:58Z</time>
   </trkpt>
   <trkpt lat="22.7385330" lon="120.3317760">
    <ele>19.8</ele>
    <time>2026-08-17T12:24:59Z</time>
   </trkpt>
   <trkpt lat="22.7385690" lon="120.3317780">
    <ele>19.8</ele>
    <time>2026-08-17T12:25:00Z</time>
   </trkpt>
   <trkpt lat="22.7386060" lon="120.3317530">
    <ele>19.8</ele>
    <time>2026-08-17T12:25:01Z</time>
   </trkpt>
   <trkpt lat="22.7386450" lon="120.3317720">
    <ele>19.8</ele>
    <time>2026-08-17T12:25:02Z</time>
   </trkpt>
   <trkpt lat="22.7386770" lon="120.3317700">
    <ele>19.8</ele>
    <time>2026-08-17T12:25:03Z</time>
   </trkpt>
   <trkpt lat="22.7387140" lon="120.3317660">
    <ele>19.8</ele>
    <time>2026-08-17T12:25:04Z</time>
   </trkpt>
   <trkpt lat="22.7387260" lon="120.3317670">
    <ele>19.8</ele>
    <time>2026-08-17T12:25:05Z</time>
   </trkpt>
   <trkpt lat="22.7387470" lon="120.3317660">
    <ele>19.8</ele>
    <time>2026-08-17T12:25:06Z</time>
   </trkpt>
   <trkpt lat="22.7387700" lon="120.3317380">
    <ele>19.8</ele>
    <time>2026-08-17T12:25:07Z</time>
   </trkpt>
   <trkpt lat="22.7387830" lon="120.3317570">
    <ele>19.8</ele>
    <time>2026-08-17T12:25:08Z</time>
   </trkpt>
   <trkpt lat="22.7388280" lon="120.3317550">
    <ele>19.7</ele>
    <time>2026-08-17T12:25:09Z</time>
   </trkpt>
   <trkpt lat="22.7388710" lon="120.3317690">
    <ele>19.7</ele>
    <time>2026-08-17T12:25:10Z</time>
   </trkpt>
   <trkpt lat="22.7389080" lon="120.3317750">
    <ele>19.7</ele>
    <time>2026-08-17T12:25:11Z</time>
   </trkpt>
   <trkpt lat="22.7389360" lon="120.3317780">
    <ele>19.7</ele>
    <time>2026-08-17T12:25:13Z</time>
   </trkpt>
   <trkpt lat="22.7389750" lon="120.3317840">
    <ele>19.7</ele>
    <time>2026-08-17T12:25:14Z</time>
   </trkpt>
   <trkpt lat="22.7390130" lon="120.3317910">
    <ele>19.7</ele>
    <time>2026-08-17T12:25:15Z</time>
   </trkpt>
   <trkpt lat="22.7390510" lon="120.3317930">
    <ele>19.7</ele>
    <time>2026-08-17T12:25:16Z</time>
   </trkpt>
   <trkpt lat="22.7390950" lon="120.3317920">
    <ele>19.6</ele>
    <time>2026-08-17T12:25:17Z</time>
   </trkpt>
   <trkpt lat="22.7391100" lon="120.3318070">
    <ele>19.6</ele>
    <time>2026-08-17T12:25:18Z</time>
   </trkpt>
   <trkpt lat="22.7391170" lon="120.3318060">
    <ele>19.6</ele>
    <time>2026-08-17T12:25:19Z</time>
   </trkpt>
   <trkpt lat="22.7391110" lon="120.3317980">
    <ele>19.6</ele>
    <time>2026-08-17T12:25:20Z</time>
   </trkpt>
   <trkpt lat="22.7391080" lon="120.3317880">
    <ele>19.6</ele>
    <time>2026-08-17T12:25:21Z</time>
   </trkpt>
   <trkpt lat="22.7390980" lon="120.3317840">
    <ele>19.6</ele>
    <time>2026-08-17T12:25:22Z</time>
   </trkpt>
   <trkpt lat="22.7390810" lon="120.3317910">
    <ele>19.6</ele>
    <time>2026-08-17T12:25:23Z</time>
   </trkpt>
   <trkpt lat="22.7390460" lon="120.3317950">
    <ele>19.7</ele>
    <time>2026-08-17T12:25:24Z</time>
   </trkpt>
   <trkpt lat="22.7389990" lon="120.3317940">
    <ele>19.7</ele>
    <time>2026-08-17T12:25:25Z</time>
   </trkpt>
   <trkpt lat="22.7389480" lon="120.3317970">
    <ele>19.7</ele>
    <time>2026-08-17T12:25:26Z</time>
   </trkpt>
   <trkpt lat="22.7388900" lon="120.3317890">
    <ele>19.7</ele>
    <time>2026-08-17T12:25:27Z</time>
   </trkpt>
   <trkpt lat="22.7388410" lon="120.3317900">
    <ele>19.7</ele>
    <time>2026-08-17T12:25:28Z</time>
   </trkpt>
   <trkpt lat="22.7387770" lon="120.3317950">
    <ele>19.8</ele>
    <time>2026-08-17T12:25:29Z</time>
   </trkpt>
   <trkpt lat="22.7387190" lon="120.3317860">
    <ele>19.8</ele>
    <time>2026-08-17T12:25:30Z</time>
   </trkpt>
   <trkpt lat="22.7386700" lon="120.3317960">
    <ele>19.8</ele>
    <time>2026-08-17T12:25:31Z</time>
   </trkpt>
   <trkpt lat="22.7386150" lon="120.3317720">
    <ele>19.8</ele>
    <time>2026-08-17T12:25:32Z</time>
   </trkpt>
   <trkpt lat="22.7385600" lon="120.3317660">
    <ele>19.8</ele>
    <time>2026-08-17T12:25:33Z</time>
   </trkpt>
   <trkpt lat="22.7385180" lon="120.3317550">
    <ele>19.8</ele>
    <time>2026-08-17T12:25:34Z</time>
   </trkpt>
   <trkpt lat="22.7384680" lon="120.3317350">
    <ele>19.7</ele>
    <time>2026-08-17T12:25:35Z</time>
   </trkpt>
   <trkpt lat="22.7384190" lon="120.3317320">
    <ele>19.6</ele>
    <time>2026-08-17T12:25:36Z</time>
   </trkpt>
   <trkpt lat="22.7383710" lon="120.3317020">
    <ele>19.5</ele>
    <time>2026-08-17T12:25:37Z</time>
   </trkpt>
   <trkpt lat="22.7383220" lon="120.3316880">
    <ele>19.4</ele>
    <time>2026-08-17T12:25:38Z</time>
   </trkpt>
   <trkpt lat="22.7382680" lon="120.3316900">
    <ele>19.4</ele>
    <time>2026-08-17T12:25:39Z</time>
   </trkpt>
   <trkpt lat="22.7382080" lon="120.3316790">
    <ele>19.4</ele>
    <time>2026-08-17T12:25:40Z</time>
   </trkpt>
   <trkpt lat="22.7381580" lon="120.3316530">
    <ele>19.4</ele>
    <time>2026-08-17T12:25:41Z</time>
   </trkpt>
   <trkpt lat="22.7381120" lon="120.3316360">
    <ele>19.4</ele>
    <time>2026-08-17T12:25:42Z</time>
   </trkpt>
   <trkpt lat="22.7380650" lon="120.3316160">
    <ele>19.4</ele>
    <time>2026-08-17T12:25:43Z</time>
   </trkpt>
   <trkpt lat="22.7380270" lon="120.3315910">
    <ele>19.5</ele>
    <time>2026-08-17T12:25:44Z</time>
   </trkpt>
   <trkpt lat="22.7380000" lon="120.3315730">
    <ele>19.5</ele>
    <time>2026-08-17T12:25:45Z</time>
   </trkpt>
   <trkpt lat="22.7379680" lon="120.3315580">
    <ele>19.5</ele>
    <time>2026-08-17T12:25:46Z</time>
   </trkpt>
   <trkpt lat="22.7379480" lon="120.3315460">
    <ele>19.6</ele>
    <time>2026-08-17T12:25:47Z</time>
   </trkpt>
   <trkpt lat="22.7379340" lon="120.3315360">
    <ele>19.6</ele>
    <time>2026-08-17T12:25:48Z</time>
   </trkpt>
   <trkpt lat="22.7379340" lon="120.3315360">
    <ele>19.6</ele>
    <time>2026-08-17T12:25:49Z</time>
   </trkpt>
   <trkpt lat="22.7379340" lon="120.3315360">
    <ele>19.6</ele>
    <time>2026-08-17T12:25:50Z</time>
   </trkpt>
   <trkpt lat="22.7379340" lon="120.3315360">
    <ele>19.6</ele>
    <time>2026-08-17T12:25:51Z</time>
   </trkpt>
   <trkpt lat="22.7379340" lon="120.3315360">
    <ele>19.6</ele>
    <time>2026-08-17T12:25:52Z</time>
   </trkpt>
   <trkpt lat="22.7379110" lon="120.3315200">
    <ele>19.6</ele>
    <time>2026-08-17T12:25:53Z</time>
   </trkpt>
   <trkpt lat="22.7379050" lon="120.3315160">
    <ele>19.6</ele>
    <time>2026-08-17T12:25:54Z</time>
   </trkpt>
   <trkpt lat="22.7377360" lon="120.3313990">
    <ele>19.7</ele>
    <time>2026-08-17T12:26:21Z</time>
   </trkpt>
   <trkpt lat="22.7377300" lon="120.3313950">
    <ele>19.7</ele>
    <time>2026-08-17T12:26:22Z</time>
   </trkpt>
   <trkpt lat="22.7376920" lon="120.3313500">
    <ele>19.8</ele>
    <time>2026-08-17T12:26:23Z</time>
   </trkpt>
   <trkpt lat="22.7376530" lon="120.3313060">
    <ele>19.9</ele>
    <time>2026-08-17T12:26:24Z</time>
   </trkpt>
   <trkpt lat="22.7376120" lon="120.3312590">
    <ele>20.0</ele>
    <time>2026-08-17T12:26:25Z</time>
   </trkpt>
   <trkpt lat="22.7375710" lon="120.3312180">
    <ele>20.2</ele>
    <time>2026-08-17T12:26:26Z</time>
   </trkpt>
   <trkpt lat="22.7375400" lon="120.3311790">
    <ele>20.2</ele>
    <time>2026-08-17T12:26:27Z</time>
   </trkpt>
   <trkpt lat="22.7375040" lon="120.3311400">
    <ele>20.1</ele>
    <time>2026-08-17T12:26:28Z</time>
   </trkpt>
   <trkpt lat="22.7374640" lon="120.3310970">
    <ele>20.1</ele>
    <time>2026-08-17T12:26:29Z</time>
   </trkpt>
   <trkpt lat="22.7374220" lon="120.3310530">
    <ele>20.1</ele>
    <time>2026-08-17T12:26:30Z</time>
   </trkpt>
   <trkpt lat="22.7373710" lon="120.3310120">
    <ele>20.1</ele>
    <time>2026-08-17T12:26:31Z</time>
   </trkpt>
   <trkpt lat="22.7373240" lon="120.3309660">
    <ele>20.0</ele>
    <time>2026-08-17T12:26:32Z</time>
   </trkpt>
   <trkpt lat="22.7372850" lon="120.3309160">
    <ele>20.0</ele>
    <time>2026-08-17T12:26:33Z</time>
   </trkpt>
   <trkpt lat="22.7372520" lon="120.3308680">
    <ele>20.0</ele>
    <time>2026-08-17T12:26:34Z</time>
   </trkpt>
   <trkpt lat="22.7372240" lon="120.3308270">
    <ele>20.0</ele>
    <time>2026-08-17T12:26:35Z</time>
   </trkpt>
   <trkpt lat="22.7372040" lon="120.3307970">
    <ele>20.0</ele>
    <time>2026-08-17T12:26:36Z</time>
   </trkpt>
   <trkpt lat="22.7371890" lon="120.3307790">
    <ele>20.0</ele>
    <time>2026-08-17T12:26:37Z</time>
   </trkpt>
   <trkpt lat="22.7371830" lon="120.3307800">
    <ele>20.0</ele>
    <time>2026-08-17T12:26:38Z</time>
   </trkpt>
   <trkpt lat="22.7371860" lon="120.3307800">
    <ele>20.0</ele>
    <time>2026-08-17T12:26:39Z</time>
   </trkpt>
   <trkpt lat="22.7371850" lon="120.3307790">
    <ele>20.0</ele>
    <time>2026-08-17T12:26:40Z</time>
   </trkpt>
   <trkpt lat="22.7371860" lon="120.3307750">
    <ele>20.0</ele>
    <time>2026-08-17T12:26:41Z</time>
   </trkpt>
   <trkpt lat="22.7371880" lon="120.3307780">
    <ele>20.0</ele>
    <time>2026-08-17T12:26:42Z</time>
   </trkpt>
   <trkpt lat="22.7371880" lon="120.3307780">
    <ele>20.0</ele>
    <time>2026-08-17T12:26:43Z</time>
   </trkpt>
   <trkpt lat="22.7371880" lon="120.3307780">
    <ele>20.0</ele>
    <time>2026-08-17T12:26:44Z</time>
   </trkpt>
   <trkpt lat="22.7371880" lon="120.3307780">
    <ele>20.0</ele>
    <time>2026-08-17T12:26:45Z</time>
   </trkpt>
   <trkpt lat="22.7371880" lon="120.3307780">
    <ele>20.0</ele>
    <time>2026-08-17T12:26:47Z</time>
   </trkpt>
   <trkpt lat="22.7371940" lon="120.3307700">
    <ele>20.0</ele>
    <time>2026-08-17T12:26:48Z</time>
   </trkpt>
   <trkpt lat="22.7371770" lon="120.3307340">
    <ele>20.0</ele>
    <time>2026-08-17T12:27:16Z</time>
   </trkpt>
   <trkpt lat="22.7371650" lon="120.3307120">
    <ele>20.0</ele>
    <time>2026-08-17T12:27:17Z</time>
   </trkpt>
   <trkpt lat="22.7371420" lon="120.3306820">
    <ele>20.0</ele>
    <time>2026-08-17T12:27:18Z</time>
   </trkpt>
   <trkpt lat="22.7371150" lon="120.3306530">
    <ele>20.0</ele>
    <time>2026-08-17T12:27:19Z</time>
   </trkpt>
   <trkpt lat="22.7370740" lon="120.3306140">
    <ele>20.0</ele>
    <time>2026-08-17T12:27:20Z</time>
   </trkpt>
   <trkpt lat="22.7370300" lon="120.3305720">
    <ele>20.0</ele>
    <time>2026-08-17T12:27:21Z</time>
   </trkpt>
   <trkpt lat="22.7369890" lon="120.3305290">
    <ele>19.9</ele>
    <time>2026-08-17T12:27:22Z</time>
   </trkpt>
   <trkpt lat="22.7369430" lon="120.3304880">
    <ele>19.9</ele>
    <time>2026-08-17T12:27:23Z</time>
   </trkpt>
   <trkpt lat="22.7368970" lon="120.3304460">
    <ele>19.9</ele>
    <time>2026-08-17T12:27:24Z</time>
   </trkpt>
   <trkpt lat="22.7368530" lon="120.3304070">
    <ele>19.9</ele>
    <time>2026-08-17T12:27:25Z</time>
   </trkpt>
   <trkpt lat="22.7368170" lon="120.3303750">
    <ele>19.9</ele>
    <time>2026-08-17T12:27:26Z</time>
   </trkpt>
   <trkpt lat="22.7367820" lon="120.3303420">
    <ele>19.9</ele>
    <time>2026-08-17T12:27:27Z</time>
   </trkpt>
   <trkpt lat="22.7367520" lon="120.3303070">
    <ele>19.9</ele>
    <time>2026-08-17T12:27:28Z</time>
   </trkpt>
   <trkpt lat="22.7367300" lon="120.3302780">
    <ele>19.9</ele>
    <time>2026-08-17T12:27:29Z</time>
   </trkpt>
   <trkpt lat="22.7367120" lon="120.3302520">
    <ele>19.9</ele>
    <time>2026-08-17T12:27:30Z</time>
   </trkpt>
   <trkpt lat="22.7366940" lon="120.3302260">
    <ele>19.9</ele>
    <time>2026-08-17T12:27:31Z</time>
   </trkpt>
   <trkpt lat="22.7366740" lon="120.3302050">
    <ele>19.9</ele>
    <time>2026-08-17T12:27:32Z</time>
   </trkpt>
   <trkpt lat="22.7366610" lon="120.3301860">
    <ele>19.9</ele>
    <time>2026-08-17T12:27:33Z</time>
   </trkpt>
   <trkpt lat="22.7366450" lon="120.3301690">
    <ele>19.9</ele>
    <time>2026-08-17T12:27:34Z</time>
   </trkpt>
   <trkpt lat="22.7366220" lon="120.3301620">
    <ele>19.9</ele>
    <time>2026-08-17T12:27:35Z</time>
   </trkpt>
   <trkpt lat="22.7365880" lon="120.3301510">
    <ele>19.9</ele>
    <time>2026-08-17T12:27:36Z</time>
   </trkpt>
   <trkpt lat="22.7365630" lon="120.3301230">
    <ele>19.9</ele>
    <time>2026-08-17T12:27:37Z</time>
   </trkpt>
   <trkpt lat="22.7365460" lon="120.3300960">
    <ele>19.9</ele>
    <time>2026-08-17T12:27:38Z</time>
   </trkpt>
   <trkpt lat="22.7365250" lon="120.3300720">
    <ele>20.0</ele>
    <time>2026-08-17T12:27:39Z</time>
   </trkpt>
   <trkpt lat="22.7364970" lon="120.3300470">
    <ele>20.0</ele>
    <time>2026-08-17T12:27:40Z</time>
   </trkpt>
   <trkpt lat="22.7364650" lon="120.3300250">
    <ele>20.0</ele>
    <time>2026-08-17T12:27:41Z</time>
   </trkpt>
   <trkpt lat="22.7364350" lon="120.3299990">
    <ele>20.0</ele>
    <time>2026-08-17T12:27:42Z</time>
   </trkpt>
   <trkpt lat="22.7364170" lon="120.3299740">
    <ele>20.0</ele>
    <time>2026-08-17T12:27:43Z</time>
   </trkpt>
   <trkpt lat="22.7364000" lon="120.3299500">
    <ele>20.0</ele>
    <time>2026-08-17T12:27:44Z</time>
   </trkpt>
   <trkpt lat="22.7363880" lon="120.3299360">
    <ele>20.0</ele>
    <time>2026-08-17T12:27:45Z</time>
   </trkpt>
   <trkpt lat="22.7363800" lon="120.3299230">
    <ele>20.0</ele>
    <time>2026-08-17T12:27:46Z</time>
   </trkpt>
   <trkpt lat="22.7363840" lon="120.3299280">
    <ele>20.0</ele>
    <time>2026-08-17T12:27:47Z</time>
   </trkpt>
   <trkpt lat="22.7363840" lon="120.3299290">
    <ele>20.0</ele>
    <time>2026-08-17T12:27:48Z</time>
   </trkpt>
   <trkpt lat="22.7363840" lon="120.3299300">
    <ele>20.0</ele>
    <time>2026-08-17T12:27:49Z</time>
   </trkpt>
   <trkpt lat="22.7363840" lon="120.3299300">
    <ele>20.0</ele>
    <time>2026-08-17T12:27:50Z</time>
   </trkpt>
   <trkpt lat="22.7363840" lon="120.3299300">
    <ele>20.0</ele>
    <time>2026-08-17T12:27:51Z</time>
   </trkpt>
   <trkpt lat="22.7363790" lon="120.3299310">
    <ele>20.0</ele>
    <time>2026-08-17T12:27:52Z</time>
   </trkpt>
   <trkpt lat="22.7363790" lon="120.3299300">
    <ele>20.0</ele>
    <time>2026-08-17T12:27:53Z</time>
   </trkpt>
   <trkpt lat="22.7363790" lon="120.3299260">
    <ele>20.0</ele>
    <time>2026-08-17T12:27:54Z</time>
   </trkpt>
   <trkpt lat="22.7363700" lon="120.3299150">
    <ele>20.0</ele>
    <time>2026-08-17T12:27:55Z</time>
   </trkpt>
   <trkpt lat="22.7363360" lon="120.3298860">
    <ele>19.9</ele>
    <time>2026-08-17T12:27:56Z</time>
   </trkpt>
   <trkpt lat="22.7362980" lon="120.3298570">
    <ele>19.9</ele>
    <time>2026-08-17T12:27:57Z</time>
   </trkpt>
   <trkpt lat="22.7362520" lon="120.3298250">
    <ele>19.9</ele>
    <time>2026-08-17T12:27:58Z</time>
   </trkpt>
   <trkpt lat="22.7362010" lon="120.3297940">
    <ele>19.8</ele>
    <time>2026-08-17T12:27:59Z</time>
   </trkpt>
   <trkpt lat="22.7361460" lon="120.3297660">
    <ele>19.7</ele>
    <time>2026-08-17T12:28:00Z</time>
   </trkpt>
   <trkpt lat="22.7360970" lon="120.3297430">
    <ele>19.5</ele>
    <time>2026-08-17T12:28:01Z</time>
   </trkpt>
   <trkpt lat="22.7360460" lon="120.3297190">
    <ele>19.4</ele>
    <time>2026-08-17T12:28:02Z</time>
   </trkpt>
   <trkpt lat="22.7359870" lon="120.3296930">
    <ele>19.6</ele>
    <time>2026-08-17T12:28:03Z</time>
   </trkpt>
   <trkpt lat="22.7359250" lon="120.3296710">
    <ele>19.7</ele>
    <time>2026-08-17T12:28:04Z</time>
   </trkpt>
   <trkpt lat="22.7358690" lon="120.3296380">
    <ele>19.8</ele>
    <time>2026-08-17T12:28:05Z</time>
   </trkpt>
   <trkpt lat="22.7358040" lon="120.3296040">
    <ele>19.8</ele>
    <time>2026-08-17T12:28:06Z</time>
   </trkpt>
   <trkpt lat="22.7357350" lon="120.3295720">
    <ele>19.9</ele>
    <time>2026-08-17T12:28:07Z</time>
   </trkpt>
   <trkpt lat="22.7356690" lon="120.3295430">
    <ele>19.9</ele>
    <time>2026-08-17T12:28:08Z</time>
   </trkpt>
   <trkpt lat="22.7356000" lon="120.3295150">
    <ele>20.0</ele>
    <time>2026-08-17T12:28:09Z</time>
   </trkpt>
   <trkpt lat="22.7355270" lon="120.3294880">
    <ele>20.0</ele>
    <time>2026-08-17T12:28:10Z</time>
   </trkpt>
   <trkpt lat="22.7354500" lon="120.3294630">
    <ele>19.9</ele>
    <time>2026-08-17T12:28:11Z</time>
   </trkpt>
   <trkpt lat="22.7353760" lon="120.3294330">
    <ele>19.9</ele>
    <time>2026-08-17T12:28:12Z</time>
   </trkpt>
   <trkpt lat="22.7352980" lon="120.3294000">
    <ele>19.9</ele>
    <time>2026-08-17T12:28:13Z</time>
   </trkpt>
   <trkpt lat="22.7352220" lon="120.3293680">
    <ele>19.9</ele>
    <time>2026-08-17T12:28:14Z</time>
   </trkpt>
   <trkpt lat="22.7351470" lon="120.3293350">
    <ele>19.9</ele>
    <time>2026-08-17T12:28:15Z</time>
   </trkpt>
   <trkpt lat="22.7350730" lon="120.3293060">
    <ele>19.9</ele>
    <time>2026-08-17T12:28:16Z</time>
   </trkpt>
   <trkpt lat="22.7350010" lon="120.3292740">
    <ele>20.0</ele>
    <time>2026-08-17T12:28:17Z</time>
   </trkpt>
   <trkpt lat="22.7349360" lon="120.3292450">
    <ele>20.0</ele>
    <time>2026-08-17T12:28:18Z</time>
   </trkpt>
   <trkpt lat="22.7348730" lon="120.3292180">
    <ele>20.0</ele>
    <time>2026-08-17T12:28:19Z</time>
   </trkpt>
   <trkpt lat="22.7348090" lon="120.3291910">
    <ele>20.0</ele>
    <time>2026-08-17T12:28:20Z</time>
   </trkpt>
   <trkpt lat="22.7347460" lon="120.3291740">
    <ele>20.0</ele>
    <time>2026-08-17T12:28:21Z</time>
   </trkpt>
   <trkpt lat="22.7346820" lon="120.3291660">
    <ele>20.1</ele>
    <time>2026-08-17T12:28:22Z</time>
   </trkpt>
   <trkpt lat="22.7346230" lon="120.3291750">
    <ele>20.1</ele>
    <time>2026-08-17T12:28:23Z</time>
   </trkpt>
   <trkpt lat="22.7345660" lon="120.3292050">
    <ele>20.1</ele>
    <time>2026-08-17T12:28:24Z</time>
   </trkpt>
   <trkpt lat="22.7345190" lon="120.3292410">
    <ele>20.1</ele>
    <time>2026-08-17T12:28:25Z</time>
   </trkpt>
   <trkpt lat="22.7344820" lon="120.3292810">
    <ele>20.2</ele>
    <time>2026-08-17T12:28:26Z</time>
   </trkpt>
   <trkpt lat="22.7344550" lon="120.3293180">
    <ele>20.2</ele>
    <time>2026-08-17T12:28:27Z</time>
   </trkpt>
   <trkpt lat="22.7344370" lon="120.3293500">
    <ele>20.2</ele>
    <time>2026-08-17T12:28:28Z</time>
   </trkpt>
   <trkpt lat="22.7344210" lon="120.3293740">
    <ele>20.2</ele>
    <time>2026-08-17T12:28:29Z</time>
   </trkpt>
   <trkpt lat="22.7344120" lon="120.3293860">
    <ele>20.2</ele>
    <time>2026-08-17T12:28:30Z</time>
   </trkpt>
   <trkpt lat="22.7344110" lon="120.3293830">
    <ele>20.2</ele>
    <time>2026-08-17T12:28:31Z</time>
   </trkpt>
   <trkpt lat="22.7344100" lon="120.3293820">
    <ele>20.2</ele>
    <time>2026-08-17T12:28:32Z</time>
   </trkpt>
   <trkpt lat="22.7344030" lon="120.3293800">
    <ele>20.2</ele>
    <time>2026-08-17T12:28:33Z</time>
   </trkpt>
   <trkpt lat="22.7344020" lon="120.3293720">
    <ele>20.2</ele>
    <time>2026-08-17T12:28:34Z</time>
   </trkpt>
   <trkpt lat="22.7344010" lon="120.3293730">
    <ele>20.2</ele>
    <time>2026-08-17T12:28:35Z</time>
   </trkpt>
  </trkseg>
 </trk>
</gpx>
