<?xml version="1.0" encoding="UTF-8"?>
<gpx creator="StravaGPX" version="1.1" xmlns="http://www.topografix.com/GPX/1/1" xmlns:xsi="http://www.w3.org/2001/XMLSchema-instance" xsi:schemaLocation="http://www.topografix.com/GPX/1/1 http://www.topografix.com/GPX/1/1/gpx.xsd">
 <trk>
  <name>午後跑步</name>
  <type>running</type>
  <trkseg>
   <trkpt lat="22.7282910" lon="120.3230520">
    <ele>17.9</ele>
   </trkpt>
   <trkpt lat="22.7282910" lon="120.3230520">
    <ele>17.9</ele>
   </trkpt>
   <trkpt lat="22.7282910" lon="120.3230520">
    <ele>17.9</ele>
   </trkpt>
   <trkpt lat="22.7283030" lon="120.3230180">
    <ele>17.9</ele>
   </trkpt>
   <trkpt lat="22.7283010" lon="120.3230080">
    <ele>17.9</ele>
   </trkpt>
   <trkpt lat="22.7283030" lon="120.3230060">
    <ele>17.9</ele>
   </trkpt>
   <trkpt lat="22.7283060" lon="120.3230040">
    <ele>17.9</ele>
   </trkpt>
   <trkpt lat="22.7283070" lon="120.3230010">
    <ele>17.9</ele>
   </trkpt>
   <trkpt lat="22.7283070" lon="120.3230000">
    <ele>17.9</ele>
   </trkpt>
   <trkpt lat="22.7283090" lon="120.3229920">
    <ele>17.9</ele>
   </trkpt>
   <trkpt lat="22.7283110" lon="120.3229900">
    <ele>17.9</ele>
   </trkpt>
   <trkpt lat="22.7283160" lon="120.3229880">
    <ele>17.9</ele>
   </trkpt>
   <trkpt lat="22.7283180" lon="120.3229880">
    <ele>17.9</ele>
   </trkpt>
   <trkpt lat="22.7283220" lon="120.3229890">
    <ele>17.9</ele>
   </trkpt>
   <trkpt lat="22.7283210" lon="120.3229880">
    <ele>17.9</ele>
   </trkpt>
   <trkpt lat="22.7283210" lon="120.3229850">
    <ele>17.9</ele>
   </trkpt>
   <trkpt lat="22.7283220" lon="120.3229820">
    <ele>17.9</ele>
   </trkpt>
   <trkpt lat="22.7283220" lon="120.3229820">
    <ele>17.9</ele>
   </trkpt>
   <trkpt lat="22.7283230" lon="120.3229810">
    <ele>17.9</ele>
   </trkpt>
   <trkpt lat="22.7283200" lon="120.3229800">
    <ele>17.9</ele>
   </trkpt>
   <trkpt lat="22.7283220" lon="120.3229790">
    <ele>17.9</ele>
   </trkpt>
   <trkpt lat="22.7283220" lon="120.3229800">
    <ele>17.9</ele>
   </trkpt>
   <trkpt lat="22.7283230" lon="120.3229790">
    <ele>17.9</ele>
   </trkpt>
   <trkpt lat="22.7283250" lon="120.3229750">
    <ele>17.9</ele>
   </trkpt>
   <trkpt lat="22.7283260" lon="120.3229710">
    <ele>17.9</ele>
   </trkpt>
   <trkpt lat="22.7283290" lon="120.3229650">
    <ele>17.9</ele>
   </trkpt>
   <trkpt lat="22.7283300" lon="120.3229580">
    <ele>17.9</ele>
   </trkpt>
   <trkpt lat="22.7283280" lon="120.3229590">
    <ele>17.9</ele>
   </trkpt>
   <trkpt lat="22.7283270" lon="120.3229580">
    <ele>17.9</ele>
   </trkpt>
   <trkpt lat="22.7283280" lon="120.3229580">
    <ele>17.9</ele>
   </trkpt>
   <trkpt lat="22.7283260" lon="120.3229600">
    <ele>17.9</ele>
   </trkpt>
   <trkpt lat="22.7283260" lon="120.3229610">
    <ele>17.9</ele>
   </trkpt>
   <trkpt lat="22.7283280" lon="120.3229670">
    <ele>17.9</ele>
   </trkpt>
   <trkpt lat="22.7283280" lon="120.3229660">
    <ele>17.9</ele>
   </trkpt>
   <trkpt lat="22.7283270" lon="120.3229670">
    <ele>17.9</ele>
   </trkpt>
   <trkpt lat="22.7283240" lon="120.3229680">
    <ele>17.9</ele>
   </trkpt>
   <trkpt lat="22.7283220" lon="120.3229650">
    <ele>17.9</ele>
   </trkpt>
   <trkpt lat="22.7283240" lon="120.3229610">
    <ele>17.9</ele>
   </trkpt>
   <trkpt lat="22.7283170" lon="120.3229620">
    <ele>17.9</ele>
   </trkpt>
   <trkpt lat="22.7283150" lon="120.3229630">
    <ele>17.9</ele>
   </trkpt>
   <trkpt lat="22.7283140" lon="120.3229620">
    <ele>17.9</ele>
   </trkpt>
   <trkpt lat="22.7283130" lon="120.3229580">
    <ele>17.9</ele>
   </trkpt>
   <trkpt lat="22.7283130" lon="120.3229600">
    <ele>17.9</ele>
   </trkpt>
   <trkpt lat="22.7283090" lon="120.3229570">
    <ele>17.9</ele>
   </trkpt>
   <trkpt lat="22.7283150" lon="120.3229550">
    <ele>17.9</ele>
   </trkpt>
   <trkpt lat="22.7283200" lon="120.3229490">
    <ele>17.9</ele>
   </trkpt>
   <trkpt lat="22.7283180" lon="120.3229460">
    <ele>17.9</ele>
   </trkpt>
   <trkpt lat="22.7283190" lon="120.3229430">
    <ele>17.9</ele>
   </trkpt>
   <trkpt lat="22.7283210" lon="120.3229430">
    <ele>17.9</ele>
   </trkpt>
   <trkpt lat="22.7283240" lon="120.3229310">
    <ele>18.0</ele>
   </trkpt>
   <trkpt lat="22.7283270" lon="120.3229320">
    <ele>18.0</ele>
   </trkpt>
   <trkpt lat="22.7283360" lon="120.3229390">
    <ele>18.0</ele>
   </trkpt>
   <trkpt lat="22.7283170" lon="120.3229560">
    <ele>18.0</ele>
   </trkpt>
   <trkpt lat="22.7283160" lon="120.3229550">
    <ele>18.0</ele>
   </trkpt>
   <trkpt lat="22.7283190" lon="120.3229570">
    <ele>18.0</ele>
   </trkpt>
   <trkpt lat="22.7283240" lon="120.3229570">
    <ele>18.0</ele>
   </trkpt>
   <trkpt lat="22.7283180" lon="120.3229580">
    <ele>18.0</ele>
   </trkpt>
   <trkpt lat="22.7283190" lon="120.3229490">
    <ele>18.0</ele>
   </trkpt>
   <trkpt lat="22.7283150" lon="120.3229370">
    <ele>18.0</ele>
   </trkpt>
   <trkpt lat="22.7283150" lon="120.3229280">
    <ele>18.0</ele>
   </trkpt>
   <trkpt lat="22.7283110" lon="120.3229290">
    <ele>18.0</ele>
   </trkpt>
   <trkpt lat="22.7283130" lon="120.3229280">
    <ele>18.0</ele>
   </trkpt>
   <trkpt lat="22.7283170" lon="120.3229260">
    <ele>18.0</ele>
   </trkpt>
   <trkpt lat="22.7283150" lon="120.3229220">
    <ele>18.0</ele>
   </trkpt>
   <trkpt lat="22.7283110" lon="120.3229220">
    <ele>18.0</ele>
   </trkpt>
   <trkpt lat="22.7283030" lon="120.3229220">
    <ele>18.0</ele>
   </trkpt>
   <trkpt lat="22.7282850" lon="120.3229300">
    <ele>18.0</ele>
   </trkpt>
   <trkpt lat="22.7282670" lon="120.3229420">
    <ele>18.0</ele>
   </trkpt>
   <trkpt lat="22.7282390" lon="120.3229620">
    <ele>18.0</ele>
   </trkpt>
   <trkpt lat="22.7282010" lon="120.3229840">
    <ele>18.0</ele>
   </trkpt>
   <trkpt lat="22.7281550" lon="120.3229900">
    <ele>18.0</ele>
   </trkpt>
   <trkpt lat="22.7281140" lon="120.3229970">
    <ele>18.0</ele>
   </trkpt>
   <trkpt lat="22.7280820" lon="120.3229940">
    <ele>18.0</ele>
   </trkpt>
   <trkpt lat="22.7280580" lon="120.3229980">
    <ele>18.0</ele>
   </trkpt>
   <trkpt lat="22.7280310" lon="120.3230020">
    <ele>18.3</ele>
   </trkpt>
   <trkpt lat="22.7280000" lon="120.3229950">
    <ele>18.6</ele>
   </trkpt>
   <trkpt lat="22.7279750" lon="120.3229790">
    <ele>18.9</ele>
   </trkpt>
   <trkpt lat="22.7279530" lon="120.3229600">
    <ele>19.2</ele>
   </trkpt>
   <trkpt lat="22.7279290" lon="120.3229340">
    <ele>19.5</ele>
   </trkpt>
   <trkpt lat="22.7279100" lon="120.3229010">
    <ele>19.8</ele>
   </trkpt>
   <trkpt lat="22.7278880" lon="120.3228650">
    <ele>20.2</ele>
   </trkpt>
   <trkpt lat="22.7278600" lon="120.3228330">
    <ele>20.6</ele>
   </trkpt>
   <trkpt lat="22.7278330" lon="120.3227960">
    <ele>21.0</ele>
   </trkpt>
   <trkpt lat="22.7278120" lon="120.3227560">
    <ele>21.5</ele>
   </trkpt>
   <trkpt lat="22.7277810" lon="120.3227200">
    <ele>22.0</ele>
   </trkpt>
   <trkpt lat="22.7277460" lon="120.3226850">
    <ele>22.5</ele>
   </trkpt>
   <trkpt lat="22.7277160" lon="120.3226470">
    <ele>23.1</ele>
   </trkpt>
   <trkpt lat="22.7276860" lon="120.3226110">
    <ele>23.6</ele>
   </trkpt>
   <trkpt lat="22.7276520" lon="120.3225720">
    <ele>23.8</ele>
   </trkpt>
   <trkpt lat="22.7276200" lon="120.3225280">
    <ele>23.6</ele>
   </trkpt>
   <trkpt lat="22.7275900" lon="120.3224900">
    <ele>23.4</ele>
   </trkpt>
   <trkpt lat="22.7275550" lon="120.3224570">
    <ele>23.2</ele>
   </trkpt>
   <trkpt lat="22.7275190" lon="120.3224110">
    <ele>23.0</ele>
   </trkpt>
   <trkpt lat="22.7274900" lon="120.3223760">
    <ele>22.9</ele>
   </trkpt>
   <trkpt lat="22.7274710" lon="120.3223490">
    <ele>22.8</ele>
   </trkpt>
   <trkpt lat="22.7274560" lon="120.3223310">
    <ele>22.7</ele>
   </trkpt>
   <trkpt lat="22.7274490" lon="120.3223140">
    <ele>22.7</ele>
   </trkpt>
   <trkpt lat="22.7274490" lon="120.3223090">
    <ele>22.7</ele>
   </trkpt>
   <trkpt lat="22.7274570" lon="120.3223090">
    <ele>22.6</ele>
   </trkpt>
   <trkpt lat="22.7274730" lon="120.3223000">
    <ele>22.6</ele>
   </trkpt>
   <trkpt lat="22.7274910" lon="120.3223100">
    <ele>22.5</ele>
   </trkpt>
   <trkpt lat="22.7274940" lon="120.3223350">
    <ele>22.5</ele>
   </trkpt>
   <trkpt lat="22.7275010" lon="120.3223570">
    <ele>22.4</ele>
   </trkpt>
   <trkpt lat="22.7275050" lon="120.3223800">
    <ele>22.3</ele>
   </trkpt>
   <trkpt lat="22.7275130" lon="120.3223920">
    <ele>22.3</ele>
   </trkpt>
   <trkpt lat="22.7275170" lon="120.3224100">
    <ele>22.2</ele>
   </trkpt>
   <trkpt lat="22.7275220" lon="120.3224020">
    <ele>22.2</ele>
   </trkpt>
   <trkpt lat="22.7275240" lon="120.3223960">
    <ele>22.2</ele>
   </trkpt>
   <trkpt lat="22.7275350" lon="120.3223950">
    <ele>22.2</ele>
   </trkpt>
   <trkpt lat="22.7275400" lon="120.3223890">
    <ele>22.1</ele>
   </trkpt>
   <trkpt lat="22.7275390" lon="120.3223900">
    <ele>22.1</ele>
   </trkpt>
   <trkpt lat="22.7275310" lon="120.3223900">
    <ele>22.1</ele>
   </trkpt>
   <trkpt lat="22.7275310" lon="120.3223880">
    <ele>22.1</ele>
   </trkpt>
   <trkpt lat="22.7275260" lon="120.3223920">
    <ele>22.1</ele>
   </trkpt>
   <trkpt lat="22.7275250" lon="120.3224010">
    <ele>22.1</ele>
   </trkpt>
   <trkpt lat="22.7275180" lon="120.3224080">
    <ele>22.0</ele>
   </trkpt>
   <trkpt lat="22.7275130" lon="120.3224060">
    <ele>22.0</ele>
   </trkpt>
   <trkpt lat="22.7275130" lon="120.3224010">
    <ele>22.0</ele>
   </trkpt>
   <trkpt lat="22.7275120" lon="120.3223950">
    <ele>22.0</ele>
   </trkpt>
   <trkpt lat="22.7275090" lon="120.3223940">
    <ele>22.0</ele>
   </trkpt>
   <trkpt lat="22.7275060" lon="120.3223950">
    <ele>22.0</ele>
   </trkpt>
   <trkpt lat="22.7275020" lon="120.3223950">
    <ele>22.0</ele>
   </trkpt>
   <trkpt lat="22.7275030" lon="120.3223980">
    <ele>22.0</ele>
   </trkpt>
   <trkpt lat="22.7275010" lon="120.3224000">
    <ele>21.9</ele>
   </trkpt>
   <trkpt lat="22.7275000" lon="120.3224000">
    <ele>21.9</ele>
   </trkpt>
   <trkpt lat="22.7274930" lon="120.3223910">
    <ele>21.9</ele>
   </trkpt>
   <trkpt lat="22.7274870" lon="120.3223820">
    <ele>21.9</ele>
   </trkpt>
   <trkpt lat="22.7274840" lon="120.3223810">
    <ele>21.9</ele>
   </trkpt>
   <trkpt lat="22.7274710" lon="120.3223750">
    <ele>21.8</ele>
   </trkpt>
   <trkpt lat="22.7274540" lon="120.3223690">
    <ele>21.7</ele>
   </trkpt>
   <trkpt lat="22.7274430" lon="120.3223630">
    <ele>21.7</ele>
   </trkpt>
   <trkpt lat="22.7274410" lon="120.3223560">
    <ele>21.7</ele>
   </trkpt>
   <trkpt lat="22.7274420" lon="120.3223480">
    <ele>21.6</ele>
   </trkpt>
   <trkpt lat="22.7274310" lon="120.3223470">
    <ele>21.6</ele>
   </trkpt>
   <trkpt lat="22.7274220" lon="120.3223410">
    <ele>21.5</ele>
   </trkpt>
   <trkpt lat="22.7274140" lon="120.3223410">
    <ele>21.5</ele>
   </trkpt>
   <trkpt lat="22.7274070" lon="120.3223370">
    <ele>21.4</ele>
   </trkpt>
   <trkpt lat="22.7274070" lon="120.3223080">
    <ele>21.3</ele>
   </trkpt>
   <trkpt lat="22.7274010" lon="120.3222900">
    <ele>21.2</ele>
   </trkpt>
   <trkpt lat="22.7274050" lon="120.3222590">
    <ele>21.0</ele>
   </trkpt>
   <trkpt lat="22.7274120" lon="120.3222380">
    <ele>20.8</ele>
   </trkpt>
   <trkpt lat="22.7274170" lon="120.3222160">
    <ele>20.7</ele>
   </trkpt>
   <trkpt lat="22.7274200" lon="120.3222020">
    <ele>20.7</ele>
   </trkpt>
   <trkpt lat="22.7274200" lon="120.3221940">
    <ele>20.6</ele>
   </trkpt>
   <trkpt lat="22.7274230" lon="120.3221830">
    <ele>20.6</ele>
   </trkpt>
   <trkpt lat="22.7274250" lon="120.3221690">
    <ele>20.6</ele>
   </trkpt>
   <trkpt lat="22.7274240" lon="120.3221650">
    <ele>20.5</ele>
   </trkpt>
   <trkpt lat="22.7274200" lon="120.3221550">
    <ele>20.5</ele>
   </trkpt>
   <trkpt lat="22.7274180" lon="120.3221510">
    <ele>20.5</ele>
   </trkpt>
   <trkpt lat="22.7274150" lon="120.3221480">
    <ele>20.5</ele>
   </trkpt>
   <trkpt lat="22.7274200" lon="120.3221280">
    <ele>20.4</ele>
   </trkpt>
   <trkpt lat="22.7274190" lon="120.3221050">
    <ele>20.3</ele>
   </trkpt>
   <trkpt lat="22.7274200" lon="120.3220830">
    <ele>20.2</ele>
   </trkpt>
   <trkpt lat="22.7274110" lon="120.3220700">
    <ele>20.2</ele>
   </trkpt>
   <trkpt lat="22.7274090" lon="120.3220640">
    <ele>20.2</ele>
   </trkpt>
   <trkpt lat="22.7274020" lon="120.3220540">
    <ele>20.1</ele>
   </trkpt>
   <trkpt lat="22.7274130" lon="120.3220540">
    <ele>20.1</ele>
   </trkpt>
   <trkpt lat="22.7274260" lon="120.3220320">
    <ele>20.0</ele>
   </trkpt>
   <trkpt lat="22.7274370" lon="120.3220180">
    <ele>19.9</ele>
   </trkpt>
   <trkpt lat="22.7274470" lon="120.3220030">
    <ele>19.9</ele>
   </trkpt>
   <trkpt lat="22.7274470" lon="120.3219840">
    <ele>19.8</ele>
   </trkpt>
   <trkpt lat="22.7274630" lon="120.3219780">
    <ele>19.8</ele>
   </trkpt>
   <trkpt lat="22.7274730" lon="120.3219780">
    <ele>19.7</ele>
   </trkpt>
   <trkpt lat="22.7274830" lon="120.3220090">
    <ele>19.7</ele>
   </trkpt>
   <trkpt lat="22.7274900" lon="120.3220020">
    <ele>19.6</ele>
   </trkpt>
   <trkpt lat="22.7274970" lon="120.3219940">
    <ele>19.6</ele>
   </trkpt>
   <trkpt lat="22.7275070" lon="120.3219870">
    <ele>19.6</ele>
   </trkpt>
   <trkpt lat="22.7275070" lon="120.3219700">
    <ele>19.5</ele>
   </trkpt>
   <trkpt lat="22.7275070" lon="120.3219610">
    <ele>19.5</ele>
   </trkpt>
   <trkpt lat="22.7275070" lon="120.3219530">
    <ele>19.5</ele>
   </trkpt>
   <trkpt lat="22.7275170" lon="120.3219510">
    <ele>19.5</ele>
   </trkpt>
   <trkpt lat="22.7275300" lon="120.3219470">
    <ele>19.4</ele>
   </trkpt>
   <trkpt lat="22.7275360" lon="120.3219380">
    <ele>19.4</ele>
   </trkpt>
   <trkpt lat="22.7275520" lon="120.3219280">
    <ele>19.4</ele>
   </trkpt>
   <trkpt lat="22.7275640" lon="120.3219280">
    <ele>19.3</ele>
   </trkpt>
   <trkpt lat="22.7275780" lon="120.3219210">
    <ele>19.3</ele>
   </trkpt>
   <trkpt lat="22.7275900" lon="120.3219150">
    <ele>19.3</ele>
   </trkpt>
   <trkpt lat="22.7276010" lon="120.3219120">
    <ele>19.3</ele>
   </trkpt>
   <trkpt lat="22.7276090" lon="120.3219090">
    <ele>19.2</ele>
   </trkpt>
   <trkpt lat="22.7276190" lon="120.3219060">
    <ele>19.2</ele>
   </trkpt>
   <trkpt lat="22.7276270" lon="120.3219000">
    <ele>19.2</ele>
   </trkpt>
   <trkpt lat="22.7276340" lon="120.3218950">
    <ele>19.2</ele>
   </trkpt>
   <trkpt lat="22.7276400" lon="120.3218890">
    <ele>19.2</ele>
   </trkpt>
   <trkpt lat="22.7276380" lon="120.3218890">
    <ele>19.2</ele>
   </trkpt>
   <trkpt lat="22.7276340" lon="120.3218780">
    <ele>19.1</ele>
   </trkpt>
   <trkpt lat="22.7276370" lon="120.3218660">
    <ele>19.1</ele>
   </trkpt>
   <trkpt lat="22.7276350" lon="120.3218550">
    <ele>19.1</ele>
   </trkpt>
   <trkpt lat="22.7276400" lon="120.3218490">
    <ele>19.1</ele>
   </trkpt>
   <trkpt lat="22.7276450" lon="120.3218460">
    <ele>19.1</ele>
   </trkpt>
   <trkpt lat="22.7276480" lon="120.3218430">
    <ele>19.1</ele>
   </trkpt>
   <trkpt lat="22.7276530" lon="120.3218410">
    <ele>19.1</ele>
   </trkpt>
   <trkpt lat="22.7276510" lon="120.3218350">
    <ele>19.1</ele>
   </trkpt>
   <trkpt lat="22.7276490" lon="120.3218310">
    <ele>19.1</ele>
   </trkpt>
   <trkpt lat="22.7276450" lon="120.3218330">
    <ele>19.1</ele>
   </trkpt>
   <trkpt lat="22.7276470" lon="120.3218280">
    <ele>19.1</ele>
   </trkpt>
   <trkpt lat="22.7276470" lon="120.3218280">
    <ele>19.1</ele>
   </trkpt>
   <trkpt lat="22.7276470" lon="120.3218280">
    <ele>19.0</ele>
   </trkpt>
   <trkpt lat="22.7278050" lon="120.3219460">
    <ele>21.5</ele>
   </trkpt>
   <trkpt lat="22.7278080" lon="120.3218060">
    <ele>20.0</ele>
   </trkpt>
   <trkpt lat="22.7277520" lon="120.3219110">
    <ele>20.7</ele>
   </trkpt>
   <trkpt lat="22.7277470" lon="120.3219180">
    <ele>20.7</ele>
   </trkpt>
   <trkpt lat="22.7277320" lon="120.3218120">
    <ele>19.4</ele>
   </trkpt>
   <trkpt lat="22.7277290" lon="120.3217870">
    <ele>19.0</ele>
   </trkpt>
   <trkpt lat="22.7277040" lon="120.3219050">
    <ele>20.5</ele>
   </trkpt>
   <trkpt lat="22.7275790" lon="120.3217630">
    <ele>18.7</ele>
   </trkpt>
   <trkpt lat="22.7275310" lon="120.3217380">
    <ele>18.5</ele>
   </trkpt>
   <trkpt lat="22.7275620" lon="120.3217240">
    <ele>18.4</ele>
   </trkpt>
   <trkpt lat="22.7276730" lon="120.3216970">
    <ele>18.5</ele>
   </trkpt>
   <trkpt lat="22.7277040" lon="120.3217450">
    <ele>18.8</ele>
   </trkpt>
   <trkpt lat="22.7277380" lon="120.3218000">
    <ele>19.4</ele>
   </trkpt>
   <trkpt lat="22.7277420" lon="120.3218060">
    <ele>19.6</ele>
   </trkpt>
   <trkpt lat="22.7275990" lon="120.3218390">
    <ele>19.5</ele>
   </trkpt>
   <trkpt lat="22.7276160" lon="120.3218570">
    <ele>19.5</ele>
   </trkpt>
   <trkpt lat="22.7276330" lon="120.3218750">
    <ele>19.5</ele>
   </trkpt>
   <trkpt lat="22.7276340" lon="120.3218780">
    <ele>19.5</ele>
   </trkpt>
   <trkpt lat="22.7276000" lon="120.3218770">
    <ele>19.5</ele>
   </trkpt>
   <trkpt lat="22.7275870" lon="120.3218540">
    <ele>19.5</ele>
   </trkpt>
   <trkpt lat="22.7275870" lon="120.3218550">
    <ele>19.5</ele>
   </trkpt>
   <trkpt lat="22.7275930" lon="120.3218540">
    <ele>19.5</ele>
   </trkpt>
   <trkpt lat="22.7275930" lon="120.3218540">
    <ele>19.5</ele>
   </trkpt>
   <trkpt lat="22.7275990" lon="120.3218420">
    <ele>19.5</ele>
   </trkpt>
   <trkpt lat="22.7275940" lon="120.3218350">
    <ele>19.0</ele>
   </trkpt>
   <trkpt lat="22.7275930" lon="120.3218380">
    <ele>19.5</ele>
   </trkpt>
   <trkpt lat="22.7275890" lon="120.3218250">
    <ele>19.0</ele>
   </trkpt>
   <trkpt lat="22.7275890" lon="120.3218240">
    <ele>19.0</ele>
   </trkpt>
   <trkpt lat="22.7275890" lon="120.3218240">
    <ele>19.0</ele>
   </trkpt>
   <trkpt lat="22.7276060" lon="120.3218340">
    <ele>19.0</ele>
   </trkpt>
   <trkpt lat="22.7276110" lon="120.3218330">
    <ele>19.0</ele>
   </trkpt>
   <trkpt lat="22.7276280" lon="120.3218320">
    <ele>19.0</ele>
   </trkpt>
   <trkpt lat="22.7276310" lon="120.3218320">
    <ele>19.0</ele>
   </trkpt>
   <trkpt lat="22.7276380" lon="120.3218300">
    <ele>19.0</ele>
   </trkpt>
   <trkpt lat="22.7276390" lon="120.3218220">
    <ele>19.0</ele>
   </trkpt>
   <trkpt lat="22.7276410" lon="120.3218200">
    <ele>19.0</ele>
   </trkpt>
   <trkpt lat="22.7276450" lon="120.3218220">
    <ele>19.0</ele>
   </trkpt>
   <trkpt lat="22.7276550" lon="120.3218200">
    <ele>18.9</ele>
   </trkpt>
   <trkpt lat="22.7276650" lon="120.3218120">
    <ele>19.1</ele>
   </trkpt>
   <trkpt lat="22.7276590" lon="120.3218110">
    <ele>18.9</ele>
   </trkpt>
   <trkpt lat="22.7276610" lon="120.3218180">
    <ele>18.9</ele>
   </trkpt>
   <trkpt lat="22.7276570" lon="120.3218220">
    <ele>18.9</ele>
   </trkpt>
   <trkpt lat="22.7276540" lon="120.3218230">
    <ele>18.9</ele>
   </trkpt>
   <trkpt lat="22.7276560" lon="120.3218190">
    <ele>18.9</ele>
   </trkpt>
   <trkpt lat="22.7276520" lon="120.3218240">
    <ele>18.9</ele>
   </trkpt>
   <trkpt lat="22.7276470" lon="120.3218270">
    <ele>18.9</ele>
   </trkpt>
   <trkpt lat="22.7276420" lon="120.3218290">
    <ele>18.9</ele>
   </trkpt>
   <trkpt lat="22.7276360" lon="120.3218310">
    <ele>18.9</ele>
   </trkpt>
   <trkpt lat="22.7276350" lon="120.3218320">
    <ele>18.9</ele>
   </trkpt>
   <trkpt lat="22.7276330" lon="120.3218360">
    <ele>18.9</ele>
   </trkpt>
   <trkpt lat="22.7276350" lon="120.3218410">
    <ele>19.4</ele>
   </trkpt>
   <trkpt lat="22.7276440" lon="120.3218410">
    <ele>19.4</ele>
   </trkpt>
   <trkpt lat="22.7276360" lon="120.3218430">
    <ele>19.4</ele>
   </trkpt>
   <trkpt lat="22.7276280" lon="120.3218420">
    <ele>19.4</ele>
   </trkpt>
   <trkpt lat="22.7276100" lon="120.3218570">
    <ele>19.4</ele>
   </trkpt>
   <trkpt lat="22.7275980" lon="120.3218740">
    <ele>19.4</ele>
   </trkpt>
   <trkpt lat="22.7275930" lon="120.3218780">
    <ele>19.4</ele>
   </trkpt>
   <trkpt lat="22.7275940" lon="120.3218770">
    <ele>19.4</ele>
   </trkpt>
   <trkpt lat="22.7275940" lon="120.3218780">
    <ele>19.4</ele>
   </trkpt>
   <trkpt lat="22.7275890" lon="120.3218740">
    <ele>19.4</ele>
   </trkpt>
   <trkpt lat="22.7275850" lon="120.3218680">
    <ele>19.4</ele>
   </trkpt>
   <trkpt lat="22.7275790" lon="120.3218670">
    <ele>19.4</ele>
   </trkpt>
   <trkpt lat="22.7275750" lon="120.3218650">
    <ele>19.4</ele>
   </trkpt>
   <trkpt lat="22.7275750" lon="120.3218670">
    <ele>19.4</ele>
   </trkpt>
   <trkpt lat="22.7275630" lon="120.3218600">
    <ele>19.4</ele>
   </trkpt>
   <trkpt lat="22.7275480" lon="120.3218540">
    <ele>19.4</ele>
   </trkpt>
   <trkpt lat="22.7275390" lon="120.3218510">
    <ele>19.4</ele>
   </trkpt>
   <trkpt lat="22.7275270" lon="120.3218550">
    <ele>19.4</ele>
   </trkpt>
   <trkpt lat="22.7275290" lon="120.3218550">
    <ele>19.4</ele>
   </trkpt>
   <trkpt lat="22.7275220" lon="120.3218600">
    <ele>19.4</ele>
   </trkpt>
   <trkpt lat="22.7275060" lon="120.3218640">
    <ele>19.4</ele>
   </trkpt>
   <trkpt lat="22.7274990" lon="120.3218680">
    <ele>19.3</ele>
   </trkpt>
   <trkpt lat="22.7274890" lon="120.3218690">
    <ele>19.3</ele>
   </trkpt>
   <trkpt lat="22.7274880" lon="120.3218670">
    <ele>19.3</ele>
   </trkpt>
   <trkpt lat="22.7274770" lon="120.3218590">
    <ele>19.3</ele>
   </trkpt>
   <trkpt lat="22.7274560" lon="120.3218480">
    <ele>19.1</ele>
   </trkpt>
   <trkpt lat="22.7274420" lon="120.3218450">
    <ele>19.1</ele>
   </trkpt>
   <trkpt lat="22.7274420" lon="120.3218450">
    <ele>19.1</ele>
   </trkpt>
   <trkpt lat="22.7274370" lon="120.3218330">
    <ele>18.8</ele>
   </trkpt>
   <trkpt lat="22.7274300" lon="120.3218260">
    <ele>18.8</ele>
   </trkpt>
   <trkpt lat="22.7274180" lon="120.3218090">
    <ele>18.6</ele>
   </trkpt>
   <trkpt lat="22.7274060" lon="120.3217860">
    <ele>18.5</ele>
   </trkpt>
   <trkpt lat="22.7274090" lon="120.3217870">
    <ele>18.5</ele>
   </trkpt>
   <trkpt lat="22.7274210" lon="120.3217920">
    <ele>18.5</ele>
   </trkpt>
   <trkpt lat="22.7274260" lon="120.3217850">
    <ele>18.6</ele>
   </trkpt>
   <trkpt lat="22.7274600" lon="120.3218130">
    <ele>18.8</ele>
   </trkpt>
   <trkpt lat="22.7274600" lon="120.3218280">
    <ele>18.8</ele>
   </trkpt>
   <trkpt lat="22.7274530" lon="120.3218320">
    <ele>18.8</ele>
   </trkpt>
   <trkpt lat="22.7274550" lon="120.3218340">
    <ele>18.8</ele>
   </trkpt>
   <trkpt lat="22.7274560" lon="120.3218260">
    <ele>18.8</ele>
   </trkpt>
   <trkpt lat="22.7274530" lon="120.3218330">
    <ele>18.8</ele>
   </trkpt>
   <trkpt lat="22.7274480" lon="120.3218310">
    <ele>18.8</ele>
   </trkpt>
   <trkpt lat="22.7274490" lon="120.3218390">
    <ele>19.0</ele>
   </trkpt>
   <trkpt lat="22.7274490" lon="120.3218410">
    <ele>19.0</ele>
   </trkpt>
   <trkpt lat="22.7274490" lon="120.3218410">
    <ele>19.0</ele>
   </trkpt>
   <trkpt lat="22.7274490" lon="120.3218410">
    <ele>19.0</ele>
   </trkpt>
   <trkpt lat="22.7274420" lon="120.3218340">
    <ele>18.8</ele>
   </trkpt>
   <trkpt lat="22.7274370" lon="120.3218260">
    <ele>18.8</ele>
   </trkpt>
   <trkpt lat="22.7274360" lon="120.3218220">
    <ele>18.7</ele>
   </trkpt>
   <trkpt lat="22.7274360" lon="120.3218220">
    <ele>18.7</ele>
   </trkpt>
   <trkpt lat="22.7274380" lon="120.3218270">
    <ele>18.7</ele>
   </trkpt>
   <trkpt lat="22.7274400" lon="120.3218310">
    <ele>18.7</ele>
   </trkpt>
   <trkpt lat="22.7274430" lon="120.3218240">
    <ele>18.7</ele>
   </trkpt>
   <trkpt lat="22.7274440" lon="120.3218270">
    <ele>18.7</ele>
   </trkpt>
   <trkpt lat="22.7274430" lon="120.3218230">
    <ele>18.7</ele>
   </trkpt>
   <trkpt lat="22.7274440" lon="120.3218220">
    <ele>18.7</ele>
   </trkpt>
   <trkpt lat="22.7274440" lon="120.3218240">
    <ele>18.7</ele>
   </trkpt>
   <trkpt lat="22.7274440" lon="120.3218240">
    <ele>18.7</ele>
   </trkpt>
   <trkpt lat="22.7274420" lon="120.3218210">
    <ele>18.7</ele>
   </trkpt>
   <trkpt lat="22.7274420" lon="120.3218190">
    <ele>18.7</ele>
   </trkpt>
   <trkpt lat="22.7274410" lon="120.3218190">
    <ele>18.7</ele>
   </trkpt>
   <trkpt lat="22.7274420" lon="120.3218190">
    <ele>18.7</ele>
   </trkpt>
   <trkpt lat="22.7274440" lon="120.3218180">
    <ele>18.7</ele>
   </trkpt>
   <trkpt lat="22.7274440" lon="120.3218190">
    <ele>18.7</ele>
   </trkpt>
   <trkpt lat="22.7274430" lon="120.3218190">
    <ele>18.7</ele>
   </trkpt>
   <trkpt lat="22.7274430" lon="120.3218200">
    <ele>18.7</ele>
   </trkpt>
   <trkpt lat="22.7274420" lon="120.3218180">
    <ele>18.7</ele>
   </trkpt>
   <trkpt lat="22.7274410" lon="120.3218170">
    <ele>18.7</ele>
   </trkpt>
   <trkpt lat="22.7274410" lon="120.3218190">
    <ele>18.7</ele>
   </trkpt>
   <trkpt lat="22.7274400" lon="120.3218170">
    <ele>18.7</ele>
   </trkpt>
   <trkpt lat="22.7274410" lon="120.3218160">
    <ele>18.7</ele>
   </trkpt>
   <trkpt lat="22.7274430" lon="120.3218210">
    <ele>18.7</ele>
   </trkpt>
   <trkpt lat="22.7274440" lon="120.3218270">
    <ele>18.7</ele>
   </trkpt>
   <trkpt lat="22.7274460" lon="120.3218390">
    <ele>19.0</ele>
   </trkpt>
   <trkpt lat="22.7274450" lon="120.3218440">
    <ele>19.0</ele>
   </trkpt>
   <trkpt lat="22.7274440" lon="120.3218430">
    <ele>19.0</ele>
   </trkpt>
   <trkpt lat="22.7274390" lon="120.3218410">
    <ele>19.0</ele>
   </trkpt>
   <trkpt lat="22.7274430" lon="120.3218470">
    <ele>19.0</ele>
   </trkpt>
   <trkpt lat="22.7274390" lon="120.3218440">
    <ele>19.0</ele>
   </trkpt>
   <trkpt lat="22.7274400" lon="120.3218450">
    <ele>19.0</ele>
   </trkpt>
   <trkpt lat="22.7274400" lon="120.3218450">
    <ele>18.9</ele>
   </trkpt>
   <trkpt lat="22.7274370" lon="120.3218410">
    <ele>18.9</ele>
   </trkpt>
   <trkpt lat="22.7274360" lon="120.3218390">
    <ele>18.9</ele>
   </trkpt>
   <trkpt lat="22.7274360" lon="120.3218390">
    <ele>18.9</ele>
   </trkpt>
   <trkpt lat="22.7274350" lon="120.3218370">
    <ele>18.9</ele>
   </trkpt>
   <trkpt lat="22.7274340" lon="120.3218360">
    <ele>18.7</ele>
   </trkpt>
   <trkpt lat="22.7274350" lon="120.3218360">
    <ele>18.6</ele>
   </trkpt>
   <trkpt lat="22.7274350" lon="120.3218360">
    <ele>18.6</ele>
   </trkpt>
   <trkpt lat="22.7274350" lon="120.3218360">
    <ele>18.6</ele>
   </trkpt>
   <trkpt lat="22.7274350" lon="120.3218360">
    <ele>18.6</ele>
   </trkpt>
   <trkpt lat="22.7274340" lon="120.3218410">
    <ele>18.9</ele>
   </trkpt>
   <trkpt lat="22.7274330" lon="120.3218410">
    <ele>18.9</ele>
   </trkpt>
   <trkpt lat="22.7274300" lon="120.3218400">
    <ele>18.9</ele>
   </trkpt>
   <trkpt lat="22.7274250" lon="120.3218380">
    <ele>18.9</ele>
   </trkpt>
   <trkpt lat="22.7274250" lon="120.3218380">
    <ele>18.9</ele>
   </trkpt>
   <trkpt lat="22.7274200" lon="120.3218350">
    <ele>18.4</ele>
   </trkpt>
   <trkpt lat="22.7274150" lon="120.3218310">
    <ele>18.4</ele>
   </trkpt>
   <trkpt lat="22.7274170" lon="120.3218340">
    <ele>18.4</ele>
   </trkpt>
   <trkpt lat="22.7274150" lon="120.3218290">
    <ele>18.4</ele>
   </trkpt>
   <trkpt lat="22.7274150" lon="120.3218290">
    <ele>18.4</ele>
   </trkpt>
   <trkpt lat="22.7274160" lon="120.3218290">
    <ele>18.4</ele>
   </trkpt>
   <trkpt lat="22.7274160" lon="120.3218290">
    <ele>18.4</ele>
   </trkpt>
   <trkpt lat="22.7274140" lon="120.3218230">
    <ele>18.4</ele>
   </trkpt>
   <trkpt lat="22.7274140" lon="120.3218240">
    <ele>18.4</ele>
   </trkpt>
   <trkpt lat="22.7274130" lon="120.3218180">
    <ele>18.4</ele>
   </trkpt>
   <trkpt lat="22.7274100" lon="120.3218160">
    <ele>18.4</ele>
   </trkpt>
   <trkpt lat="22.7274070" lon="120.3218110">
    <ele>18.4</ele>
   </trkpt>
   <trkpt lat="22.7274090" lon="120.3218140">
    <ele>18.4</ele>
   </trkpt>
   <trkpt lat="22.7274090" lon="120.3218140">
    <ele>18.4</ele>
   </trkpt>
   <trkpt lat="22.7274080" lon="120.3218130">
    <ele>18.4</ele>
   </trkpt>
   <trkpt lat="22.7274070" lon="120.3218130">
    <ele>18.4</ele>
   </trkpt>
   <trkpt lat="22.7274040" lon="120.3218090">
    <ele>18.4</ele>
   </trkpt>
   <trkpt lat="22.7274030" lon="120.3218090">
    <ele>18.4</ele>
   </trkpt>
   <trkpt lat="22.7274020" lon="120.3218090">
    <ele>18.4</ele>
   </trkpt>
   <trkpt lat="22.7274020" lon="120.3218090">
    <ele>18.4</ele>
   </trkpt>
   <trkpt lat="22.7274020" lon="120.3218090">
    <ele>18.4</ele>
   </trkpt>
   <trkpt lat="22.7274020" lon="120.3218090">
    <ele>18.4</ele>
   </trkpt>
   <trkpt lat="22.7274020" lon="120.3218090">
    <ele>18.4</ele>
   </trkpt>
   <trkpt lat="22.7274020" lon="120.3218090">
    <ele>18.4</ele>
   </trkpt>
   <trkpt lat="22.7274020" lon="120.3218090">
    <ele>18.4</ele>
   </trkpt>
   <trkpt lat="22.7274020" lon="120.3218090">
    <ele>18.4</ele>
   </trkpt>
   <trkpt lat="22.7274020" lon="120.3218090">
    <ele>18.4</ele>
   </trkpt>
   <trkpt lat="22.7274020" lon="120.3218090">
    <ele>18.4</ele>
   </trkpt>
   <trkpt lat="22.7274020" lon="120.3218090">
    <ele>18.4</ele>
   </trkpt>
   <trkpt lat="22.7274020" lon="120.3218090">
    <ele>18.4</ele>
   </trkpt>
   <trkpt lat="22.7273900" lon="120.3217970">
    <ele>18.4</ele>
   </trkpt>
   <trkpt lat="22.7273900" lon="120.3217970">
    <ele>18.3</ele>
   </trkpt>
   <trkpt lat="22.7273870" lon="120.3217950">
    <ele>18.3</ele>
   </trkpt>
   <trkpt lat="22.7273870" lon="120.3217950">
    <ele>18.3</ele>
   </trkpt>
   <trkpt lat="22.7273870" lon="120.3217950">
    <ele>18.3</ele>
   </trkpt>
   <trkpt lat="22.7273850" lon="120.3217910">
    <ele>18.3</ele>
   </trkpt>
   <trkpt lat="22.7273850" lon="120.3217900">
    <ele>18.3</ele>
   </trkpt>
   <trkpt lat="22.7273860" lon="120.3217910">
    <ele>18.3</ele>
   </trkpt>
   <trkpt lat="22.7273860" lon="120.3217910">
    <ele>18.3</ele>
   </trkpt>
   <trkpt lat="22.7273860" lon="120.3217910">
    <ele>18.3</ele>
   </trkpt>
   <trkpt lat="22.7273860" lon="120.3217910">
    <ele>18.3</ele>
   </trkpt>
   <trkpt lat="22.7273850" lon="120.3217870">
    <ele>18.3</ele>
   </trkpt>
   <trkpt lat="22.7273860" lon="120.3217880">
    <ele>18.3</ele>
   </trkpt>
   <trkpt lat="22.7273900" lon="120.3217920">
    <ele>18.3</ele>
   </trkpt>
   <trkpt lat="22.7273920" lon="120.3217920">
    <ele>18.3</ele>
   </trkpt>
   <trkpt lat="22.7273930" lon="120.3217930">
    <ele>18.3</ele>
   </trkpt>
   <trkpt lat="22.7273940" lon="120.3217920">
    <ele>18.3</ele>
   </trkpt>
   <trkpt lat="22.7273940" lon="120.3217920">
    <ele>18.3</ele>
   </trkpt>
   <trkpt lat="22.7273940" lon="120.3217920">
    <ele>18.3</ele>
   </trkpt>
   <trkpt lat="22.7273940" lon="120.3217930">
    <ele>18.2</ele>
   </trkpt>
   <trkpt lat="22.7273940" lon="120.3217930">
    <ele>18.2</ele>
   </trkpt>
   <trkpt lat="22.7273940" lon="120.3217930">
    <ele>18.2</ele>
   </trkpt>
   <trkpt lat="22.7273940" lon="120.3217930">
    <ele>18.2</ele>
   </trkpt>
   <trkpt lat="22.7273940" lon="120.3217930">
    <ele>18.2</ele>
   </trkpt>
   <trkpt lat="22.7273940" lon="120.3217930">
    <ele>18.2</ele>
   </trkpt>
   <trkpt lat="22.7274000" lon="120.3217990">
    <ele>18.3</ele>
   </trkpt>
   <trkpt lat="22.7274000" lon="120.3217990">
    <ele>18.3</ele>
   </trkpt>
   <trkpt lat="22.7274000" lon="120.3217990">
    <ele>18.3</ele>
   </trkpt>
   <trkpt lat="22.7274000" lon="120.3217990">
    <ele>18.3</ele>
   </trkpt>
   <trkpt lat="22.7274000" lon="120.3217990">
    <ele>18.3</ele>
   </trkpt>
   <trkpt lat="22.7274000" lon="120.3217990">
    <ele>18.3</ele>
   </trkpt>
   <trkpt lat="22.7274000" lon="120.3217990">
    <ele>18.3</ele>
   </trkpt>
   <trkpt lat="22.7274000" lon="120.3217990">
    <ele>18.3</ele>
   </trkpt>
   <trkpt lat="22.7274000" lon="120.3217990">
    <ele>18.3</ele>
   </trkpt>
   <trkpt lat="22.7274000" lon="120.3217990">
    <ele>18.3</ele>
   </trkpt>
   <trkpt lat="22.7274000" lon="120.3217990">
    <ele>18.3</ele>
   </trkpt>
   <trkpt lat="22.7274000" lon="120.3217990">
    <ele>18.3</ele>
   </trkpt>
   <trkpt lat="22.7274000" lon="120.3217990">
    <ele>18.3</ele>
   </trkpt>
   <trkpt lat="22.7274000" lon="120.3217990">
    <ele>18.2</ele>
   </trkpt>
   <trkpt lat="22.7274000" lon="120.3217990">
    <ele>18.2</ele>
   </trkpt>
   <trkpt lat="22.7274000" lon="120.3217990">
    <ele>18.2</ele>
   </trkpt>
   <trkpt lat="22.7274000" lon="120.3217990">
    <ele>18.2</ele>
   </trkpt>
   <trkpt lat="22.7274000" lon="120.3218010">
    <ele>18.2</ele>
   </trkpt>
   <trkpt lat="22.7274000" lon="120.3218010">
    <ele>18.2</ele>
   </trkpt>
   <trkpt lat="22.7274020" lon="120.3218020">
    <ele>18.2</ele>
   </trkpt>
   <trkpt lat="22.7274050" lon="120.3218060">
    <ele>18.2</ele>
   </trkpt>
   <trkpt lat="22.7274030" lon="120.3218050">
    <ele>18.2</ele>
   </trkpt>
   <trkpt lat="22.7274040" lon="120.3218050">
    <ele>18.2</ele>
   </trkpt>
   <trkpt lat="22.7274040" lon="120.3218050">
    <ele>18.2</ele>
   </trkpt>
   <trkpt lat="22.7274020" lon="120.3218030">
    <ele>18.2</ele>
   </trkpt>
   <trkpt lat="22.7274020" lon="120.3218030">
    <ele>18.2</ele>
   </trkpt>
   <trkpt lat="22.7274020" lon="120.3218040">
    <ele>18.2</ele>
   </trkpt>
   <trkpt lat="22.7274010" lon="120.3217990">
    <ele>18.2</ele>
   </trkpt>
   <trkpt lat="22.7274020" lon="120.3218010">
    <ele>18.2</ele>
   </trkpt>
   <trkpt lat="22.7274040" lon="120.3218060">
    <ele>18.2</ele>
   </trkpt>
   <trkpt lat="22.7274040" lon="120.3218080">
    <ele>18.2</ele>
   </trkpt>
   <trkpt lat="22.7274050" lon="120.3218050">
    <ele>18.2</ele>
   </trkpt>
   <trkpt lat="22.7274050" lon="120.3218050">
    <ele>18.2</ele>
   </trkpt>
   <trkpt lat="22.7274050" lon="120.3218050">
    <ele>18.2</ele>
   </trkpt>
   <trkpt lat="22.7274050" lon="120.3218050">
    <ele>18.2</ele>
   </trkpt>
   <trkpt lat="22.7274050" lon="120.3218050">
    <ele>18.2</ele>
   </trkpt>
   <trkpt lat="22.7274090" lon="120.3218070">
    <ele>18.2</ele>
   </trkpt>
   <trkpt lat="22.7274090" lon="120.3218070">
    <ele>18.2</ele>
   </trkpt>
   <trkpt lat="22.7274100" lon="120.3218080">
    <ele>18.2</ele>
   </trkpt>
   <trkpt lat="22.7274100" lon="120.3218090">
    <ele>18.2</ele>
   </trkpt>
   <trkpt lat="22.7274100" lon="120.3218090">
    <ele>18.2</ele>
   </trkpt>
   <trkpt lat="22.7274100" lon="120.3218090">
    <ele>18.2</ele>
   </trkpt>
   <trkpt lat="22.7274100" lon="120.3218090">
    <ele>18.2</ele>
   </trkpt>
   <trkpt lat="22.7274100" lon="120.3218090">
    <ele>18.2</ele>
   </trkpt>
   <trkpt lat="22.7274100" lon="120.3218090">
    <ele>18.2</ele>
   </trkpt>
   <trkpt lat="22.7274100" lon="120.3218090">
    <ele>18.2</ele>
   </trkpt>
   <trkpt lat="22.7274100" lon="120.3218090">
    <ele>18.2</ele>
   </trkpt>
   <trkpt lat="22.7274100" lon="120.3218090">
    <ele>18.2</ele>
   </trkpt>
   <trkpt lat="22.7274100" lon="120.3218090">
    <ele>18.2</ele>
   </trkpt>
   <trkpt lat="22.7274080" lon="120.3218060">
    <ele>18.2</ele>
   </trkpt>
   <trkpt lat="22.7274080" lon="120.3218050">
    <ele>18.2</ele>
   </trkpt>
   <trkpt lat="22.7274090" lon="120.3218050">
    <ele>18.1</ele>
   </trkpt>
   <trkpt lat="22.7274080" lon="120.3218040">
    <ele>18.1</ele>
   </trkpt>
   <trkpt lat="22.7274080" lon="120.3218040">
    <ele>18.1</ele>
   </trkpt>
   <trkpt lat="22.7274070" lon="120.3218010">
    <ele>18.1</ele>
   </trkpt>
   <trkpt lat="22.7274060" lon="120.3217990">
    <ele>18.1</ele>
   </trkpt>
   <trkpt lat="22.7274090" lon="120.3218010">
    <ele>18.1</ele>
   </trkpt>
   <trkpt lat="22.7274110" lon="120.3218030">
    <ele>18.1</ele>
   </trkpt>
   <trkpt lat="22.7274130" lon="120.3218030">
    <ele>18.1</ele>
   </trkpt>
   <trkpt lat="22.7274130" lon="120.3218030">
    <ele>18.1</ele>
   </trkpt>
   <trkpt lat="22.7274150" lon="120.3218030">
    <ele>18.1</ele>
   </trkpt>
   <trkpt lat="22.7274150" lon="120.3218030">
    <ele>18.1</ele>
   </trkpt>
   <trkpt lat="22.7274150" lon="120.3218030">
    <ele>18.1</ele>
   </trkpt>
   <trkpt lat="22.7274150" lon="120.3218030">
    <ele>18.1</ele>
   </trkpt>
   <trkpt lat="22.7274150" lon="120.3218030">
    <ele>18.1</ele>
   </trkpt>
   <trkpt lat="22.7274150" lon="120.3218030">
    <ele>18.1</ele>
   </trkpt>
   <trkpt lat="22.7274210" lon="120.3218040">
    <ele>18.1</ele>
   </trkpt>
   <trkpt lat="22.7274210" lon="120.3218040">
    <ele>18.1</ele>
   </trkpt>
   <trkpt lat="22.7274210" lon="120.3218040">
    <ele>18.1</ele>
   </trkpt>
   <trkpt lat="22.7274210" lon="120.3218040">
    <ele>18.1</ele>
   </trkpt>
   <trkpt lat="22.7274210" lon="120.3218040">
    <ele>18.1</ele>
   </trkpt>
   <trkpt lat="22.7274200" lon="120.3218020">
    <ele>18.1</ele>
   </trkpt>
   <trkpt lat="22.7274190" lon="120.3218030">
    <ele>18.1</ele>
   </trkpt>
   <trkpt lat="22.7274180" lon="120.3218020">
    <ele>18.1</ele>
   </trkpt>
   <trkpt lat="22.7274200" lon="120.3218040">
    <ele>18.1</ele>
   </trkpt>
   <trkpt lat="22.7274200" lon="120.3218040">
    <ele>18.1</ele>
   </trkpt>
   <trkpt lat="22.7274200" lon="120.3218030">
    <ele>18.1</ele>
   </trkpt>
   <trkpt lat="22.7274200" lon="120.3218030">
    <ele>18.1</ele>
   </trkpt>
   <trkpt lat="22.7274210" lon="120.3218050">
    <ele>18.1</ele>
   </trkpt>
   <trkpt lat="22.7274220" lon="120.3218050">
    <ele>18.1</ele>
   </trkpt>
   <trkpt lat="22.7274220" lon="120.3218070">
    <ele>18.1</ele>
   </trkpt>
   <trkpt lat="22.7274220" lon="120.3218070">
    <ele>18.1</ele>
   </trkpt>
   <trkpt lat="22.7274220" lon="120.3218070">
    <ele>18.1</ele>
   </trkpt>
   <trkpt lat="22.7274190" lon="120.3218040">
    <ele>18.1</ele>
   </trkpt>
   <trkpt lat="22.7274200" lon="120.3218040">
    <ele>18.1</ele>
   </trkpt>
   <trkpt lat="22.7274200" lon="120.3218010">
    <ele>18.1</ele>
   </trkpt>
   <trkpt lat="22.7274190" lon="120.3218020">
    <ele>18.1</ele>
   </trkpt>
   <trkpt lat="22.7274190" lon="120.3218030">
    <ele>18.1</ele>
   </trkpt>
   <trkpt lat="22.7274190" lon="120.3218030">
    <ele>18.1</ele>
   </trkpt>
   <trkpt lat="22.7274190" lon="120.3218020">
    <ele>18.0</ele>
   </trkpt>
   <trkpt lat="22.7274190" lon="120.3218020">
    <ele>18.0</ele>
   </trkpt>
   <trkpt lat="22.7274200" lon="120.3218010">
    <ele>18.0</ele>
   </trkpt>
   <trkpt lat="22.7274200" lon="120.3218010">
    <ele>18.0</ele>
   </trkpt>
   <trkpt lat="22.7274210" lon="120.3218020">
    <ele>18.0</ele>
   </trkpt>
   <trkpt lat="22.7274210" lon="120.3218020">
    <ele>18.0</ele>
   </trkpt>
   <trkpt lat="22.7274210" lon="120.3218020">
    <ele>18.0</ele>
   </trkpt>
   <trkpt lat="22.7274210" lon="120.3218020">
    <ele>18.0</ele>
   </trkpt>
   <trkpt lat="22.7274210" lon="120.3218020">
    <ele>18.0</ele>
   </trkpt>
   <trkpt lat="22.7274210" lon="120.3218020">
    <ele>18.0</ele>
   </trkpt>
   <trkpt lat="22.7274210" lon="120.3218020">
    <ele>18.0</ele>
   </trkpt>
   <trkpt lat="22.7274210" lon="120.3218020">
    <ele>18.0</ele>
   </trkpt>
   <trkpt lat="22.7274260" lon="120.3218000">
    <ele>18.2</ele>
   </trkpt>
   <trkpt lat="22.7274250" lon="120.3217990">
    <ele>18.2</ele>
   </trkpt>
   <trkpt lat="22.7274250" lon="120.3217990">
    <ele>18.2</ele>
   </trkpt>
   <trkpt lat="22.7274250" lon="120.3217990">
    <ele>18.2</ele>
   </trkpt>
   <trkpt lat="22.7274220" lon="120.3217950">
    <ele>18.0</ele>
   </trkpt>
   <trkpt lat="22.7274220" lon="120.3217950">
    <ele>18.0</ele>
   </trkpt>
   <trkpt lat="22.7274210" lon="120.3217930">
    <ele>18.0</ele>
   </trkpt>
   <trkpt lat="22.7274210" lon="120.3217930">
    <ele>17.9</ele>
   </trkpt>
   <trkpt lat="22.7274210" lon="120.3217930">
    <ele>17.9</ele>
   </trkpt>
   <trkpt lat="22.7274210" lon="120.3217930">
    <ele>17.9</ele>
   </trkpt>
   <trkpt lat="22.7274210" lon="120.3217900">
    <ele>17.9</ele>
   </trkpt>
   <trkpt lat="22.7274220" lon="120.3217920">
    <ele>17.9</ele>
   </trkpt>
   <trkpt lat="22.7274250" lon="120.3217940">
    <ele>18.2</ele>
   </trkpt>
   <trkpt lat="22.7274280" lon="120.3217950">
    <ele>18.2</ele>
   </trkpt>
   <trkpt lat="22.7274300" lon="120.3217950">
    <ele>18.2</ele>
   </trkpt>
   <trkpt lat="22.7274320" lon="120.3218010">
    <ele>18.2</ele>
   </trkpt>
   <trkpt lat="22.7274380" lon="120.3218120">
    <ele>18.2</ele>
   </trkpt>
   <trkpt lat="22.7274400" lon="120.3218140">
    <ele>18.2</ele>
   </trkpt>
   <trkpt lat="22.7274380" lon="120.3218130">
    <ele>18.2</ele>
   </trkpt>
   <trkpt lat="22.7274410" lon="120.3218140">
    <ele>18.2</ele>
   </trkpt>
   <trkpt lat="22.7274350" lon="120.3218140">
    <ele>18.2</ele>
   </trkpt>
   <trkpt lat="22.7274340" lon="120.3218140">
    <ele>18.2</ele>
   </trkpt>
   <trkpt lat="22.7274340" lon="120.3218140">
    <ele>18.2</ele>
   </trkpt>
   <trkpt lat="22.7274330" lon="120.3218140">
    <ele>18.2</ele>
   </trkpt>
   <trkpt lat="22.7274310" lon="120.3218170">
    <ele>18.1</ele>
   </trkpt>
   <trkpt lat="22.7274310" lon="120.3218170">
    <ele>18.1</ele>
   </trkpt>
   <trkpt lat="22.7274310" lon="120.3218170">
    <ele>18.1</ele>
   </trkpt>
   <trkpt lat="22.7274310" lon="120.3218170">
    <ele>18.1</ele>
   </trkpt>
   <trkpt lat="22.7274310" lon="120.3218170">
    <ele>18.1</ele>
   </trkpt>
   <trkpt lat="22.7274310" lon="120.3218170">
    <ele>18.1</ele>
   </trkpt>
   <trkpt lat="22.7274230" lon="120.3218210">
    <ele>17.9</ele>
   </trkpt>
   <trkpt lat="22.7274220" lon="120.3218170">
    <ele>17.9</ele>
   </trkpt>
   <trkpt lat="22.7274190" lon="120.3218140">
    <ele>17.9</ele>
   </trkpt>
   <trkpt lat="22.7274110" lon="120.3218080">
    <ele>17.9</ele>
   </trkpt>
   <trkpt lat="22.7274040" lon="120.3218060">
    <ele>17.9</ele>
   </trkpt>
   <trkpt lat="22.7274230" lon="120.3218150">
    <ele>17.9</ele>
   </trkpt>
   <trkpt lat="22.7274210" lon="120.3217920">
    <ele>17.9</ele>
   </trkpt>
   <trkpt lat="22.7274310" lon="120.3217870">
    <ele>17.9</ele>
   </trkpt>
   <trkpt lat="22.7274150" lon="120.3217820">
    <ele>17.9</ele>
   </trkpt>
   <trkpt lat="22.7274140" lon="120.3217740">
    <ele>17.9</ele>
   </trkpt>
   <trkpt lat="22.7274190" lon="120.3217840">
    <ele>17.9</ele>
   </trkpt>
   <trkpt lat="22.7274060" lon="120.3217670">
    <ele>17.9</ele>
   </trkpt>
   <trkpt lat="22.7273740" lon="120.3217410">
    <ele>18.0</ele>
   </trkpt>
   <trkpt lat="22.7273460" lon="120.3217320">
    <ele>18.0</ele>
   </trkpt>
   <trkpt lat="22.7273460" lon="120.3217080">
    <ele>18.0</ele>
   </trkpt>
   <trkpt lat="22.7273710" lon="120.3217390">
    <ele>18.0</ele>
   </trkpt>
   <trkpt lat="22.7273810" lon="120.3217420">
    <ele>18.0</ele>
   </trkpt>
   <trkpt lat="22.7273860" lon="120.3217280">
    <ele>17.9</ele>
   </trkpt>
   <trkpt lat="22.7273730" lon="120.3217360">
    <ele>18.0</ele>
   </trkpt>
   <trkpt lat="22.7273740" lon="120.3217240">
    <ele>18.0</ele>
   </trkpt>
   <trkpt lat="22.7273540" lon="120.3216970">
    <ele>18.3</ele>
   </trkpt>
   <trkpt lat="22.7273570" lon="120.3216760">
    <ele>18.3</ele>
   </trkpt>
   <trkpt lat="22.7273590" lon="120.3216800">
    <ele>18.3</ele>
   </trkpt>
   <trkpt lat="22.7273810" lon="120.3216450">
    <ele>18.7</ele>
   </trkpt>
   <trkpt lat="22.7273860" lon="120.3216640">
    <ele>18.3</ele>
   </trkpt>
   <trkpt lat="22.7273900" lon="120.3216830">
    <ele>18.1</ele>
   </trkpt>
   <trkpt lat="22.7273950" lon="120.3217020">
    <ele>18.1</ele>
   </trkpt>
   <trkpt lat="22.7274020" lon="120.3217260">
    <ele>17.9</ele>
   </trkpt>
   <trkpt lat="22.7274310" lon="120.3217540">
    <ele>17.9</ele>
   </trkpt>
   <trkpt lat="22.7274530" lon="120.3218050">
    <ele>18.1</ele>
   </trkpt>
   <trkpt lat="22.7274670" lon="120.3218110">
    <ele>18.2</ele>
   </trkpt>
   <trkpt lat="22.7274780" lon="120.3218320">
    <ele>18.2</ele>
   </trkpt>
   <trkpt lat="22.7274780" lon="120.3218320">
    <ele>18.2</ele>
   </trkpt>
   <trkpt lat="22.7274780" lon="120.3218320">
    <ele>18.2</ele>
   </trkpt>
   <trkpt lat="22.7274600" lon="120.3218450">
    <ele>18.3</ele>
   </trkpt>
   <trkpt lat="22.7274610" lon="120.3218650">
    <ele>18.3</ele>
   </trkpt>
   <trkpt lat="22.7274640" lon="120.3219020">
    <ele>18.9</ele>
   </trkpt>
   <trkpt lat="22.7274640" lon="120.3219020">
    <ele>18.9</ele>
   </trkpt>
   <trkpt lat="22.7274640" lon="120.3219020">
    <ele>18.9</ele>
   </trkpt>
   <trkpt lat="22.7274640" lon="120.3219020">
    <ele>18.9</ele>
   </trkpt>
   <trkpt lat="22.7274640" lon="120.3219020">
    <ele>18.9</ele>
   </trkpt>
   <trkpt lat="22.7274640" lon="120.3219020">
    <ele>18.9</ele>
   </trkpt>
   <trkpt lat="22.7274640" lon="120.3219020">
    <ele>18.9</ele>
   </trkpt>
   <trkpt lat="22.7274640" lon="120.3219020">
    <ele>18.9</ele>
   </trkpt>
   <trkpt lat="22.7274680" lon="120.3219030">
    <ele>18.9</ele>
   </trkpt>
   <trkpt lat="22.7274680" lon="120.3219030">
    <ele>18.9</ele>
   </trkpt>
   <trkpt lat="22.7274680" lon="120.3219030">
    <ele>18.9</ele>
   </trkpt>
   <trkpt lat="22.7274710" lon="120.3219030">
    <ele>18.9</ele>
   </trkpt>
   <trkpt lat="22.7274730" lon="120.3219040">
    <ele>18.9</ele>
   </trkpt>
   <trkpt lat="22.7274750" lon="120.3219040">
    <ele>18.9</ele>
   </trkpt>
   <trkpt lat="22.7274760" lon="120.3219040">
    <ele>18.9</ele>
   </trkpt>
   <trkpt lat="22.7274860" lon="120.3219060">
    <ele>18.9</ele>
   </trkpt>
   <trkpt lat="22.7274950" lon="120.3219310">
    <ele>19.4</ele>
   </trkpt>
   <trkpt lat="22.7274740" lon="120.3219270">
    <ele>19.4</ele>
   </trkpt>
   <trkpt lat="22.7274890" lon="120.3219480">
    <ele>19.4</ele>
   </trkpt>
   <trkpt lat="22.7274950" lon="120.3219640">
    <ele>19.4</ele>
   </trkpt>
   <trkpt lat="22.7274840" lon="120.3219240">
    <ele>19.4</ele>
   </trkpt>
   <trkpt lat="22.7274630" lon="120.3218880">
    <ele>18.7</ele>
   </trkpt>
   <trkpt lat="22.7274420" lon="120.3218520">
    <ele>18.3</ele>
   </trkpt>
   <trkpt lat="22.7274350" lon="120.3218440">
    <ele>18.3</ele>
   </trkpt>
   <trkpt lat="22.7274190" lon="120.3218280">
    <ele>17.8</ele>
   </trkpt>
   <trkpt lat="22.7274040" lon="120.3218080">
    <ele>17.8</ele>
   </trkpt>
   <trkpt lat="22.7273620" lon="120.3217770">
    <ele>17.6</ele>
   </trkpt>
   <trkpt lat="22.7273570" lon="120.3217640">
    <ele>17.6</ele>
   </trkpt>
   <trkpt lat="22.7273520" lon="120.3217730">
    <ele>17.6</ele>
   </trkpt>
   <trkpt lat="22.7273540" lon="120.3217910">
    <ele>17.6</ele>
   </trkpt>
   <trkpt lat="22.7273520" lon="120.3217930">
    <ele>17.6</ele>
   </trkpt>
   <trkpt lat="22.7273560" lon="120.3218100">
    <ele>17.5</ele>
   </trkpt>
   <trkpt lat="22.7273650" lon="120.3218280">
    <ele>17.5</ele>
   </trkpt>
   <trkpt lat="22.7273700" lon="120.3218210">
    <ele>17.5</ele>
   </trkpt>
   <trkpt lat="22.7273670" lon="120.3218140">
    <ele>17.5</ele>
   </trkpt>
   <trkpt lat="22.7273490" lon="120.3218110">
    <ele>17.5</ele>
   </trkpt>
   <trkpt lat="22.7273370" lon="120.3218200">
    <ele>17.3</ele>
   </trkpt>
   <trkpt lat="22.7273350" lon="120.3218470">
    <ele>17.3</ele>
   </trkpt>
   <trkpt lat="22.7273360" lon="120.3218580">
    <ele>17.3</ele>
   </trkpt>
   <trkpt lat="22.7273250" lon="120.3218590">
    <ele>17.3</ele>
   </trkpt>
   <trkpt lat="22.7273190" lon="120.3218650">
    <ele>17.3</ele>
   </trkpt>
   <trkpt lat="22.7273180" lon="120.3218740">
    <ele>17.3</ele>
   </trkpt>
   <trkpt lat="22.7273260" lon="120.3219000">
    <ele>17.6</ele>
   </trkpt>
   <trkpt lat="22.7273280" lon="120.3219150">
    <ele>17.6</ele>
   </trkpt>
   <trkpt lat="22.7273240" lon="120.3219110">
    <ele>17.6</ele>
   </trkpt>
   <trkpt lat="22.7273260" lon="120.3219110">
    <ele>17.6</ele>
   </trkpt>
   <trkpt lat="22.7273270" lon="120.3219200">
    <ele>17.6</ele>
   </trkpt>
   <trkpt lat="22.7273310" lon="120.3219280">
    <ele>18.1</ele>
   </trkpt>
   <trkpt lat="22.7273250" lon="120.3219260">
    <ele>18.1</ele>
   </trkpt>
   <trkpt lat="22.7273270" lon="120.3219220">
    <ele>17.6</ele>
   </trkpt>
   <trkpt lat="22.7273280" lon="120.3219270">
    <ele>18.1</ele>
   </trkpt>
   <trkpt lat="22.7273330" lon="120.3219360">
    <ele>18.1</ele>
   </trkpt>
   <trkpt lat="22.7273320" lon="120.3219340">
    <ele>18.1</ele>
   </trkpt>
   <trkpt lat="22.7273290" lon="120.3219270">
    <ele>18.1</ele>
   </trkpt>
   <trkpt lat="22.7273240" lon="120.3219210">
    <ele>17.6</ele>
   </trkpt>
   <trkpt lat="22.7273250" lon="120.3219210">
    <ele>17.6</ele>
   </trkpt>
   <trkpt lat="22.7273210" lon="120.3219180">
    <ele>17.6</ele>
   </trkpt>
   <trkpt lat="22.7273150" lon="120.3219090">
    <ele>17.6</ele>
   </trkpt>
   <trkpt lat="22.7273090" lon="120.3218990">
    <ele>17.5</ele>
   </trkpt>
   <trkpt lat="22.7273110" lon="120.3218960">
    <ele>17.5</ele>
   </trkpt>
   <trkpt lat="22.7273130" lon="120.3218970">
    <ele>17.5</ele>
   </trkpt>
   <trkpt lat="22.7273060" lon="120.3219000">
    <ele>17.5</ele>
   </trkpt>
   <trkpt lat="22.7272980" lon="120.3218900">
    <ele>17.2</ele>
   </trkpt>
   <trkpt lat="22.7273030" lon="120.3219030">
    <ele>17.2</ele>
   </trkpt>
   <trkpt lat="22.7273090" lon="120.3219080">
    <ele>17.5</ele>
   </trkpt>
   <trkpt lat="22.7273120" lon="120.3219170">
    <ele>17.5</ele>
   </trkpt>
   <trkpt lat="22.7273060" lon="120.3219070">
    <ele>17.5</ele>
   </trkpt>
   <trkpt lat="22.7273090" lon="120.3219110">
    <ele>17.5</ele>
   </trkpt>
   <trkpt lat="22.7273060" lon="120.3219070">
    <ele>17.5</ele>
   </trkpt>
   <trkpt lat="22.7273090" lon="120.3219150">
    <ele>17.5</ele>
   </trkpt>
   <trkpt lat="22.7273140" lon="120.3219190">
    <ele>17.5</ele>
   </trkpt>
   <trkpt lat="22.7273140" lon="120.3219200">
    <ele>17.5</ele>
   </trkpt>
   <trkpt lat="22.7273180" lon="120.3219250">
    <ele>18.0</ele>
   </trkpt>
   <trkpt lat="22.7273230" lon="120.3219280">
    <ele>18.0</ele>
   </trkpt>
   <trkpt lat="22.7273250" lon="120.3219330">
    <ele>18.0</ele>
   </trkpt>
   <trkpt lat="22.7273250" lon="120.3219330">
    <ele>18.0</ele>
   </trkpt>
   <trkpt lat="22.7273260" lon="120.3219320">
    <ele>18.0</ele>
   </trkpt>
   <trkpt lat="22.7273260" lon="120.3219320">
    <ele>18.0</ele>
   </trkpt>
   <trkpt lat="22.7273230" lon="120.3219310">
    <ele>18.0</ele>
   </trkpt>
   <trkpt lat="22.7273240" lon="120.3219290">
    <ele>18.0</ele>
   </trkpt>
   <trkpt lat="22.7273310" lon="120.3219350">
    <ele>18.0</ele>
   </trkpt>
   <trkpt lat="22.7273300" lon="120.3219330">
    <ele>18.0</ele>
   </trkpt>
   <trkpt lat="22.7273300" lon="120.3219310">
    <ele>18.0</ele>
   </trkpt>
   <trkpt lat="22.7273330" lon="120.3219310">
    <ele>18.0</ele>
   </trkpt>
   <trkpt lat="22.7273360" lon="120.3219370">
    <ele>18.0</ele>
   </trkpt>
   <trkpt lat="22.7273350" lon="120.3219340">
    <ele>18.0</ele>
   </trkpt>
   <trkpt lat="22.7273320" lon="120.3219290">
    <ele>18.0</ele>
   </trkpt>
   <trkpt lat="22.7273330" lon="120.3219250">
    <ele>18.0</ele>
   </trkpt>
   <trkpt lat="22.7273350" lon="120.3219190">
    <ele>17.5</ele>
   </trkpt>
   <trkpt lat="22.7273340" lon="120.3219140">
    <ele>17.5</ele>
   </trkpt>
   <trkpt lat="22.7273340" lon="120.3219110">
    <ele>17.5</ele>
   </trkpt>
   <trkpt lat="22.7273240" lon="120.3219050">
    <ele>17.5</ele>
   </trkpt>
   <trkpt lat="22.7273150" lon="120.3218930">
    <ele>17.5</ele>
   </trkpt>
   <trkpt lat="22.7272890" lon="120.3218530">
    <ele>16.9</ele>
   </trkpt>
   <trkpt lat="22.7272730" lon="120.3218310">
    <ele>16.9</ele>
   </trkpt>
   <trkpt lat="22.7272570" lon="120.3218330">
    <ele>16.7</ele>
   </trkpt>
   <trkpt lat="22.7272370" lon="120.3218340">
    <ele>16.7</ele>
   </trkpt>
   <trkpt lat="22.7272400" lon="120.3218250">
    <ele>16.7</ele>
   </trkpt>
   <trkpt lat="22.7272420" lon="120.3218250">
    <ele>16.7</ele>
   </trkpt>
   <trkpt lat="22.7272540" lon="120.3218330">
    <ele>16.7</ele>
   </trkpt>
   <trkpt lat="22.7272680" lon="120.3218440">
    <ele>16.9</ele>
   </trkpt>
   <trkpt lat="22.7272730" lon="120.3218520">
    <ele>16.9</ele>
   </trkpt>
   <trkpt lat="22.7272840" lon="120.3218770">
    <ele>16.9</ele>
   </trkpt>
   <trkpt lat="22.7272910" lon="120.3218820">
    <ele>17.1</ele>
   </trkpt>
   <trkpt lat="22.7272930" lon="120.3218850">
    <ele>17.1</ele>
   </trkpt>
   <trkpt lat="22.7272990" lon="120.3218860">
    <ele>17.1</ele>
   </trkpt>
   <trkpt lat="22.7272980" lon="120.3218750">
    <ele>16.9</ele>
   </trkpt>
   <trkpt lat="22.7273040" lon="120.3218850">
    <ele>17.1</ele>
   </trkpt>
   <trkpt lat="22.7272980" lon="120.3218900">
    <ele>17.1</ele>
   </trkpt>
   <trkpt lat="22.7272970" lon="120.3219050">
    <ele>17.1</ele>
   </trkpt>
   <trkpt lat="22.7272970" lon="120.3219070">
    <ele>17.1</ele>
   </trkpt>
   <trkpt lat="22.7272980" lon="120.3219060">
    <ele>17.1</ele>
   </trkpt>
   <trkpt lat="22.7273100" lon="120.3219100">
    <ele>17.4</ele>
   </trkpt>
   <trkpt lat="22.7273090" lon="120.3219080">
    <ele>17.4</ele>
   </trkpt>
   <trkpt lat="22.7273060" lon="120.3218980">
    <ele>17.4</ele>
   </trkpt>
   <trkpt lat="22.7273020" lon="120.3218660">
    <ele>16.8</ele>
   </trkpt>
   <trkpt lat="22.7272940" lon="120.3218430">
    <ele>16.8</ele>
   </trkpt>
   <trkpt lat="22.7272870" lon="120.3218350">
    <ele>16.9</ele>
   </trkpt>
   <trkpt lat="22.7272910" lon="120.3218540">
    <ele>16.8</ele>
   </trkpt>
   <trkpt lat="22.7272800" lon="120.3218310">
    <ele>16.9</ele>
   </trkpt>
   <trkpt lat="22.7272780" lon="120.3218320">
    <ele>16.9</ele>
   </trkpt>
   <trkpt lat="22.7272780" lon="120.3218320">
    <ele>16.9</ele>
   </trkpt>
   <trkpt lat="22.7272840" lon="120.3218330">
    <ele>16.9</ele>
   </trkpt>
   <trkpt lat="22.7272780" lon="120.3218090">
    <ele>16.9</ele>
   </trkpt>
   <trkpt lat="22.7272960" lon="120.3218220">
    <ele>16.9</ele>
   </trkpt>
   <trkpt lat="22.7273140" lon="120.3218190">
    <ele>17.1</ele>
   </trkpt>
   <trkpt lat="22.7273150" lon="120.3218150">
    <ele>17.1</ele>
   </trkpt>
   <trkpt lat="22.7273000" lon="120.3217980">
    <ele>16.8</ele>
   </trkpt>
   <trkpt lat="22.7272900" lon="120.3217850">
    <ele>17.1</ele>
   </trkpt>
   <trkpt lat="22.7272910" lon="120.3217710">
    <ele>17.1</ele>
   </trkpt>
   <trkpt lat="22.7272980" lon="120.3217750">
    <ele>17.1</ele>
   </trkpt>
   <trkpt lat="22.7273020" lon="120.3217820">
    <ele>17.1</ele>
   </trkpt>
   <trkpt lat="22.7273110" lon="120.3217860">
    <ele>17.2</ele>
   </trkpt>
   <trkpt lat="22.7273260" lon="120.3217910">
    <ele>17.2</ele>
   </trkpt>
   <trkpt lat="22.7273420" lon="120.3218090">
    <ele>17.0</ele>
   </trkpt>
   <trkpt lat="22.7273610" lon="120.3218250">
    <ele>17.3</ele>
   </trkpt>
   <trkpt lat="22.7273830" lon="120.3218220">
    <ele>17.3</ele>
   </trkpt>
   <trkpt lat="22.7274140" lon="120.3218420">
    <ele>17.7</ele>
   </trkpt>
   <trkpt lat="22.7274450" lon="120.3218340">
    <ele>17.7</ele>
   </trkpt>
   <trkpt lat="22.7274650" lon="120.3218150">
    <ele>17.8</ele>
   </trkpt>
   <trkpt lat="22.7274790" lon="120.3218270">
    <ele>17.8</ele>
   </trkpt>
   <trkpt lat="22.7275010" lon="120.3218360">
    <ele>17.8</ele>
   </trkpt>
   <trkpt lat="22.7275100" lon="120.3218380">
    <ele>18.2</ele>
   </trkpt>
   <trkpt lat="22.7274940" lon="120.3218460">
    <ele>18.1</ele>
   </trkpt>
   <trkpt lat="22.7275030" lon="120.3218980">
    <ele>18.7</ele>
   </trkpt>
   <trkpt lat="22.7275090" lon="120.3219030">
    <ele>18.7</ele>
   </trkpt>
   <trkpt lat="22.7275320" lon="120.3219240">
    <ele>19.2</ele>
   </trkpt>
   <trkpt lat="22.7275580" lon="120.3219320">
    <ele>19.3</ele>
   </trkpt>
   <trkpt lat="22.7275770" lon="120.3219290">
    <ele>19.3</ele>
   </trkpt>
   <trkpt lat="22.7275860" lon="120.3219200">
    <ele>19.3</ele>
   </trkpt>
   <trkpt lat="22.7275920" lon="120.3219120">
    <ele>19.3</ele>
   </trkpt>
   <trkpt lat="22.7276010" lon="120.3219030">
    <ele>19.3</ele>
   </trkpt>
   <trkpt lat="22.7276120" lon="120.3219000">
    <ele>19.3</ele>
   </trkpt>
   <trkpt lat="22.7276220" lon="120.3218940">
    <ele>19.3</ele>
   </trkpt>
   <trkpt lat="22.7276360" lon="120.3218880">
    <ele>19.3</ele>
   </trkpt>
   <trkpt lat="22.7276440" lon="120.3218700">
    <ele>19.3</ele>
   </trkpt>
   <trkpt lat="22.7276530" lon="120.3218660">
    <ele>19.3</ele>
   </trkpt>
   <trkpt lat="22.7276690" lon="120.3218630">
    <ele>19.3</ele>
   </trkpt>
   <trkpt lat="22.7276800" lon="120.3218570">
    <ele>19.3</ele>
   </trkpt>
   <trkpt lat="22.7276920" lon="120.3218540">
    <ele>19.3</ele>
   </trkpt>
   <trkpt lat="22.7277020" lon="120.3218470">
    <ele>19.3</ele>
   </trkpt>
   <trkpt lat="22.7277100" lon="120.3218380">
    <ele>19.3</ele>
   </trkpt>
   <trkpt lat="22.7277140" lon="120.3218300">
    <ele>19.2</ele>
   </trkpt>
   <trkpt lat="22.7277160" lon="120.3218270">
    <ele>19.2</ele>
   </trkpt>
   <trkpt lat="22.7277220" lon="120.3218150">
    <ele>19.2</ele>
   </trkpt>
   <trkpt lat="22.7277300" lon="120.3218080">
    <ele>19.2</ele>
   </trkpt>
   <trkpt lat="22.7277360" lon="120.3218010">
    <ele>19.2</ele>
   </trkpt>
   <trkpt lat="22.7277390" lon="120.3217880">
    <ele>19.2</ele>
   </trkpt>
   <trkpt lat="22.7277400" lon="120.3217760">
    <ele>19.2</ele>
   </trkpt>
   <trkpt lat="22.7277430" lon="120.3217680">
    <ele>19.2</ele>
   </trkpt>
   <trkpt lat="22.7277400" lon="120.3217630">
    <ele>19.2</ele>
   </trkpt>
   <trkpt lat="22.7277330" lon="120.3217570">
    <ele>19.2</ele>
   </trkpt>
   <trkpt lat="22.7277320" lon="120.3217570">
    <ele>19.2</ele>
   </trkpt>
   <trkpt lat="22.7277320" lon="120.3217590">
    <ele>19.2</ele>
   </trkpt>
   <trkpt lat="22.7277320" lon="120.3217620">
    <ele>19.2</ele>
   </trkpt>
   <trkpt lat="22.7277300" lon="120.3217700">
    <ele>19.2</ele>
   </trkpt>
   <trkpt lat="22.7277280" lon="120.3217730">
    <ele>19.2</ele>
   </trkpt>
   <trkpt lat="22.7277290" lon="120.3217810">
    <ele>19.2</ele>
   </trkpt>
   <trkpt lat="22.7277260" lon="120.3217910">
    <ele>19.2</ele>
   </trkpt>
   <trkpt lat="22.7277210" lon="120.3217970">
    <ele>19.2</ele>
   </trkpt>
   <trkpt lat="22.7277170" lon="120.3218060">
    <ele>19.2</ele>
   </trkpt>
   <trkpt lat="22.7277100" lon="120.3218150">
    <ele>19.2</ele>
   </trkpt>
   <trkpt lat="22.7277090" lon="120.3218250">
    <ele>19.2</ele>
   </trkpt>
   <trkpt lat="22.7277040" lon="120.3218360">
    <ele>19.2</ele>
   </trkpt>
   <trkpt lat="22.7276990" lon="120.3218450">
    <ele>19.2</ele>
   </trkpt>
   <trkpt lat="22.7276950" lon="120.3218540">
    <ele>19.2</ele>
   </trkpt>
   <trkpt lat="22.7276920" lon="120.3218620">
    <ele>19.2</ele>
   </trkpt>
   <trkpt lat="22.7276860" lon="120.3218750">
    <ele>19.2</ele>
   </trkpt>
   <trkpt lat="22.7276840" lon="120.3218840">
    <ele>19.1</ele>
   </trkpt>
   <trkpt lat="22.7276810" lon="120.3219010">
    <ele>19.1</ele>
   </trkpt>
   <trkpt lat="22.7276740" lon="120.3219080">
    <ele>19.1</ele>
   </trkpt>
   <trkpt lat="22.7276700" lon="120.3219180">
    <ele>19.1</ele>
   </trkpt>
   <trkpt lat="22.7276630" lon="120.3219280">
    <ele>19.2</ele>
   </trkpt>
   <trkpt lat="22.7276530" lon="120.3219370">
    <ele>19.2</ele>
   </trkpt>
   <trkpt lat="22.7276450" lon="120.3219460">
    <ele>19.2</ele>
   </trkpt>
   <trkpt lat="22.7276380" lon="120.3219560">
    <ele>19.2</ele>
   </trkpt>
   <trkpt lat="22.7276290" lon="120.3219670">
    <ele>19.3</ele>
   </trkpt>
   <trkpt lat="22.7276220" lon="120.3219770">
    <ele>19.3</ele>
   </trkpt>
   <trkpt lat="22.7276140" lon="120.3219810">
    <ele>19.3</ele>
   </trkpt>
   <trkpt lat="22.7276040" lon="120.3219870">
    <ele>19.3</ele>
   </trkpt>
   <trkpt lat="22.7275990" lon="120.3219910">
    <ele>19.4</ele>
   </trkpt>
   <trkpt lat="22.7275940" lon="120.3219960">
    <ele>19.4</ele>
   </trkpt>
   <trkpt lat="22.7275850" lon="120.3220040">
    <ele>19.4</ele>
   </trkpt>
   <trkpt lat="22.7275800" lon="120.3220080">
    <ele>19.4</ele>
   </trkpt>
   <trkpt lat="22.7275680" lon="120.3220170">
    <ele>19.5</ele>
   </trkpt>
   <trkpt lat="22.7275610" lon="120.3220190">
    <ele>19.5</ele>
   </trkpt>
   <trkpt lat="22.7275560" lon="120.3220240">
    <ele>19.5</ele>
   </trkpt>
   <trkpt lat="22.7275450" lon="120.3220330">
    <ele>19.6</ele>
   </trkpt>
   <trkpt lat="22.7275340" lon="120.3220410">
    <ele>19.6</ele>
   </trkpt>
   <trkpt lat="22.7275200" lon="120.3220460">
    <ele>19.7</ele>
   </trkpt>
   <trkpt lat="22.7275110" lon="120.3220540">
    <ele>19.7</ele>
   </trkpt>
   <trkpt lat="22.7275080" lon="120.3220730">
    <ele>19.8</ele>
   </trkpt>
   <trkpt lat="22.7274980" lon="120.3220810">
    <ele>19.8</ele>
   </trkpt>
   <trkpt lat="22.7274880" lon="120.3220820">
    <ele>19.8</ele>
   </trkpt>
   <trkpt lat="22.7274840" lon="120.3220870">
    <ele>19.9</ele>
   </trkpt>
   <trkpt lat="22.7274760" lon="120.3220900">
    <ele>19.9</ele>
   </trkpt>
   <trkpt lat="22.7274680" lon="120.3220940">
    <ele>19.9</ele>
   </trkpt>
   <trkpt lat="22.7274550" lon="120.3221060">
    <ele>20.0</ele>
   </trkpt>
   <trkpt lat="22.7274440" lon="120.3221180">
    <ele>20.1</ele>
   </trkpt>
   <trkpt lat="22.7274400" lon="120.3221260">
    <ele>20.1</ele>
   </trkpt>
   <trkpt lat="22.7274330" lon="120.3221360">
    <ele>20.2</ele>
   </trkpt>
   <trkpt lat="22.7274280" lon="120.3221440">
    <ele>20.2</ele>
   </trkpt>
   <trkpt lat="22.7274230" lon="120.3221530">
    <ele>20.3</ele>
   </trkpt>
   <trkpt lat="22.7274110" lon="120.3221610">
    <ele>20.3</ele>
   </trkpt>
   <trkpt lat="22.7273960" lon="120.3221610">
    <ele>20.4</ele>
   </trkpt>
   <trkpt lat="22.7273840" lon="120.3221690">
    <ele>20.4</ele>
   </trkpt>
   <trkpt lat="22.7273820" lon="120.3221830">
    <ele>20.5</ele>
   </trkpt>
   <trkpt lat="22.7273780" lon="120.3221970">
    <ele>20.6</ele>
   </trkpt>
   <trkpt lat="22.7273740" lon="120.3222100">
    <ele>20.6</ele>
   </trkpt>
   <trkpt lat="22.7273680" lon="120.3222190">
    <ele>20.7</ele>
   </trkpt>
   <trkpt lat="22.7273650" lon="120.3222360">
    <ele>20.7</ele>
   </trkpt>
   <trkpt lat="22.7273630" lon="120.3222420">
    <ele>20.8</ele>
   </trkpt>
   <trkpt lat="22.7273650" lon="120.3222520">
    <ele>20.8</ele>
   </trkpt>
   <trkpt lat="22.7273610" lon="120.3222600">
    <ele>20.8</ele>
   </trkpt>
   <trkpt lat="22.7273540" lon="120.3222670">
    <ele>20.8</ele>
   </trkpt>
   <trkpt lat="22.7273460" lon="120.3222670">
    <ele>20.8</ele>
   </trkpt>
   <trkpt lat="22.7273400" lon="120.3222700">
    <ele>20.8</ele>
   </trkpt>
   <trkpt lat="22.7273360" lon="120.3222760">
    <ele>20.7</ele>
   </trkpt>
   <trkpt lat="22.7273230" lon="120.3222890">
    <ele>20.7</ele>
   </trkpt>
   <trkpt lat="22.7273160" lon="120.3222990">
    <ele>20.7</ele>
   </trkpt>
   <trkpt lat="22.7273130" lon="120.3223070">
    <ele>20.7</ele>
   </trkpt>
   <trkpt lat="22.7273120" lon="120.3223130">
    <ele>20.7</ele>
   </trkpt>
   <trkpt lat="22.7273050" lon="120.3223220">
    <ele>20.7</ele>
   </trkpt>
   <trkpt lat="22.7272990" lon="120.3223350">
    <ele>20.6</ele>
   </trkpt>
   <trkpt lat="22.7272950" lon="120.3223500">
    <ele>20.6</ele>
   </trkpt>
   <trkpt lat="22.7272900" lon="120.3223640">
    <ele>20.6</ele>
   </trkpt>
   <trkpt lat="22.7272880" lon="120.3223720">
    <ele>20.6</ele>
   </trkpt>
   <trkpt lat="22.7272840" lon="120.3223790">
    <ele>20.6</ele>
   </trkpt>
   <trkpt lat="22.7272760" lon="120.3223890">
    <ele>20.6</ele>
   </trkpt>
   <trkpt lat="22.7272700" lon="120.3223910">
    <ele>20.6</ele>
   </trkpt>
   <trkpt lat="22.7272590" lon="120.3223820">
    <ele>20.5</ele>
   </trkpt>
   <trkpt lat="22.7272470" lon="120.3223810">
    <ele>20.5</ele>
   </trkpt>
   <trkpt lat="22.7272410" lon="120.3223880">
    <ele>20.5</ele>
   </trkpt>
   <trkpt lat="22.7272370" lon="120.3224000">
    <ele>20.5</ele>
   </trkpt>
   <trkpt lat="22.7272290" lon="120.3224020">
    <ele>20.5</ele>
   </trkpt>
   <trkpt lat="22.7272330" lon="120.3223950">
    <ele>20.5</ele>
   </trkpt>
   <trkpt lat="22.7272390" lon="120.3224110">
    <ele>20.4</ele>
   </trkpt>
   <trkpt lat="22.7272320" lon="120.3224040">
    <ele>20.4</ele>
   </trkpt>
   <trkpt lat="22.7272340" lon="120.3223960">
    <ele>20.4</ele>
   </trkpt>
   <trkpt lat="22.7272320" lon="120.3223880">
    <ele>20.4</ele>
   </trkpt>
   <trkpt lat="22.7272330" lon="120.3223850">
    <ele>20.4</ele>
   </trkpt>
   <trkpt lat="22.7272320" lon="120.3223840">
    <ele>20.4</ele>
   </trkpt>
   <trkpt lat="22.7272220" lon="120.3223780">
    <ele>20.4</ele>
   </trkpt>
   <trkpt lat="22.7272180" lon="120.3223810">
    <ele>20.4</ele>
   </trkpt>
   <trkpt lat="22.7272240" lon="120.3223820">
    <ele>20.4</ele>
   </trkpt>
   <trkpt lat="22.7272240" lon="120.3223830">
    <ele>20.4</ele>
   </trkpt>
   <trkpt lat="22.7272210" lon="120.3223860">
    <ele>20.3</ele>
   </trkpt>
   <trkpt lat="22.7272210" lon="120.3223860">
    <ele>20.3</ele>
   </trkpt>
   <trkpt lat="22.7272140" lon="120.3223820">
    <ele>20.3</ele>
   </trkpt>
   <trkpt lat="22.7272170" lon="120.3223830">
    <ele>20.3</ele>
   </trkpt>
   <trkpt lat="22.7272170" lon="120.3223830">
    <ele>20.3</ele>
   </trkpt>
   <trkpt lat="22.7272170" lon="120.3223830">
    <ele>20.3</ele>
   </trkpt>
   <trkpt lat="22.7272170" lon="120.3223830">
    <ele>20.3</ele>
   </trkpt>
   <trkpt lat="22.7272180" lon="120.3223830">
    <ele>20.3</ele>
   </trkpt>
   <trkpt lat="22.7272150" lon="120.3223860">
    <ele>20.3</ele>
   </trkpt>
   <trkpt lat="22.7272110" lon="120.3223830">
    <ele>20.3</ele>
   </trkpt>
   <trkpt lat="22.7272040" lon="120.3223840">
    <ele>20.3</ele>
   </trkpt>
   <trkpt lat="22.7272020" lon="120.3223780">
    <ele>20.3</ele>
   </trkpt>
   <trkpt lat="22.7271980" lon="120.3223750">
    <ele>20.3</ele>
   </trkpt>
   <trkpt lat="22.7271710" lon="120.3223610">
    <ele>20.2</ele>
   </trkpt>
   <trkpt lat="22.7271600" lon="120.3223490">
    <ele>20.2</ele>
   </trkpt>
   <trkpt lat="22.7271520" lon="120.3223370">
    <ele>20.2</ele>
   </trkpt>
   <trkpt lat="22.7271430" lon="120.3223240">
    <ele>20.1</ele>
   </trkpt>
   <trkpt lat="22.7271310" lon="120.3223260">
    <ele>20.1</ele>
   </trkpt>
   <trkpt lat="22.7271410" lon="120.3223240">
    <ele>20.2</ele>
   </trkpt>
   <trkpt lat="22.7271360" lon="120.3223150">
    <ele>20.2</ele>
   </trkpt>
   <trkpt lat="22.7271540" lon="120.3223240">
    <ele>20.3</ele>
   </trkpt>
   <trkpt lat="22.7271450" lon="120.3222970">
    <ele>20.3</ele>
   </trkpt>
   <trkpt lat="22.7271480" lon="120.3222810">
    <ele>20.4</ele>
   </trkpt>
   <trkpt lat="22.7271590" lon="120.3223010">
    <ele>20.4</ele>
   </trkpt>
   <trkpt lat="22.7271730" lon="120.3223040">
    <ele>20.5</ele>
   </trkpt>
   <trkpt lat="22.7271920" lon="120.3223110">
    <ele>20.5</ele>
   </trkpt>
   <trkpt lat="22.7272040" lon="120.3223140">
    <ele>20.5</ele>
   </trkpt>
   <trkpt lat="22.7272160" lon="120.3223070">
    <ele>20.6</ele>
   </trkpt>
   <trkpt lat="22.7272250" lon="120.3223060">
    <ele>20.6</ele>
   </trkpt>
   <trkpt lat="22.7272370" lon="120.3223030">
    <ele>20.6</ele>
   </trkpt>
   <trkpt lat="22.7272530" lon="120.3223010">
    <ele>20.6</ele>
   </trkpt>
   <trkpt lat="22.7272610" lon="120.3222950">
    <ele>20.7</ele>
   </trkpt>
   <trkpt lat="22.7272720" lon="120.3222940">
    <ele>20.7</ele>
   </trkpt>
   <trkpt lat="22.7272880" lon="120.3222930">
    <ele>20.7</ele>
   </trkpt>
   <trkpt lat="22.7272990" lon="120.3222920">
    <ele>20.8</ele>
   </trkpt>
   <trkpt lat="22.7273110" lon="120.3222850">
    <ele>20.8</ele>
   </trkpt>
   <trkpt lat="22.7273210" lon="120.3222790">
    <ele>20.9</ele>
   </trkpt>
   <trkpt lat="22.7273240" lon="120.3222780">
    <ele>20.9</ele>
   </trkpt>
   <trkpt lat="22.7273300" lon="120.3222720">
    <ele>20.9</ele>
   </trkpt>
   <trkpt lat="22.7273360" lon="120.3222640">
    <ele>21.0</ele>
   </trkpt>
   <trkpt lat="22.7273400" lon="120.3222630">
    <ele>21.0</ele>
   </trkpt>
   <trkpt lat="22.7273480" lon="120.3222670">
    <ele>21.1</ele>
   </trkpt>
   <trkpt lat="22.7273540" lon="120.3222790">
    <ele>21.2</ele>
   </trkpt>
   <trkpt lat="22.7273670" lon="120.3223040">
    <ele>21.4</ele>
   </trkpt>
   <trkpt lat="22.7273830" lon="120.3223240">
    <ele>21.5</ele>
   </trkpt>
   <trkpt lat="22.7273940" lon="120.3223250">
    <ele>21.6</ele>
   </trkpt>
   <trkpt lat="22.7274050" lon="120.3223340">
    <ele>21.7</ele>
   </trkpt>
   <trkpt lat="22.7274140" lon="120.3223460">
    <ele>21.7</ele>
   </trkpt>
   <trkpt lat="22.7274280" lon="120.3223570">
    <ele>21.8</ele>
   </trkpt>
   <trkpt lat="22.7274340" lon="120.3223720">
    <ele>21.9</ele>
   </trkpt>
   <trkpt lat="22.7274350" lon="120.3223790">
    <ele>21.9</ele>
   </trkpt>
   <trkpt lat="22.7274430" lon="120.3223870">
    <ele>22.0</ele>
   </trkpt>
   <trkpt lat="22.7274490" lon="120.3223960">
    <ele>22.0</ele>
   </trkpt>
   <trkpt lat="22.7274540" lon="120.3223930">
    <ele>22.0</ele>
   </trkpt>
   <trkpt lat="22.7274600" lon="120.3223920">
    <ele>22.1</ele>
   </trkpt>
   <trkpt lat="22.7274680" lon="120.3223980">
    <ele>22.1</ele>
   </trkpt>
   <trkpt lat="22.7274740" lon="120.3223970">
    <ele>22.1</ele>
   </trkpt>
   <trkpt lat="22.7274880" lon="120.3224040">
    <ele>22.2</ele>
   </trkpt>
   <trkpt lat="22.7275000" lon="120.3224070">
    <ele>22.2</ele>
   </trkpt>
   <trkpt lat="22.7275090" lon="120.3224160">
    <ele>22.3</ele>
   </trkpt>
   <trkpt lat="22.7275160" lon="120.3224220">
    <ele>22.3</ele>
   </trkpt>
   <trkpt lat="22.7275240" lon="120.3224160">
    <ele>22.3</ele>
   </trkpt>
   <trkpt lat="22.7275280" lon="120.3224140">
    <ele>22.4</ele>
   </trkpt>
   <trkpt lat="22.7275270" lon="120.3224110">
    <ele>22.4</ele>
   </trkpt>
   <trkpt lat="22.7275400" lon="120.3224240">
    <ele>22.4</ele>
   </trkpt>
   <trkpt lat="22.7275460" lon="120.3224270">
    <ele>22.5</ele>
   </trkpt>
   <trkpt lat="22.7275520" lon="120.3224260">
    <ele>22.5</ele>
   </trkpt>
   <trkpt lat="22.7275610" lon="120.3224240">
    <ele>22.5</ele>
   </trkpt>
   <trkpt lat="22.7275710" lon="120.3224360">
    <ele>22.6</ele>
   </trkpt>
   <trkpt lat="22.7275780" lon="120.3224570">
    <ele>22.7</ele>
   </trkpt>
   <trkpt lat="22.7275810" lon="120.3224650">
    <ele>22.7</ele>
   </trkpt>
   <trkpt lat="22.7275890" lon="120.3224750">
    <ele>22.7</ele>
   </trkpt>
   <trkpt lat="22.7275960" lon="120.3224810">
    <ele>22.8</ele>
   </trkpt>
   <trkpt lat="22.7275990" lon="120.3224940">
    <ele>22.8</ele>
   </trkpt>
   <trkpt lat="22.7276060" lon="120.3225080">
    <ele>22.9</ele>
   </trkpt>
   <trkpt lat="22.7276120" lon="120.3225140">
    <ele>22.9</ele>
   </trkpt>
   <trkpt lat="22.7276170" lon="120.3225180">
    <ele>22.9</ele>
   </trkpt>
   <trkpt lat="22.7276250" lon="120.3225210">
    <ele>23.0</ele>
   </trkpt>
   <trkpt lat="22.7276300" lon="120.3225210">
    <ele>23.0</ele>
   </trkpt>
   <trkpt lat="22.7276360" lon="120.3225120">
    <ele>23.0</ele>
   </trkpt>
   <trkpt lat="22.7276380" lon="120.3225160">
    <ele>23.1</ele>
   </trkpt>
   <trkpt lat="22.7276330" lon="120.3225230">
    <ele>23.1</ele>
   </trkpt>
   <trkpt lat="22.7276430" lon="120.3225350">
    <ele>23.2</ele>
   </trkpt>
   <trkpt lat="22.7276470" lon="120.3225480">
    <ele>23.2</ele>
   </trkpt>
   <trkpt lat="22.7276540" lon="120.3225570">
    <ele>23.3</ele>
   </trkpt>
   <trkpt lat="22.7276640" lon="120.3225560">
    <ele>23.3</ele>
   </trkpt>
   <trkpt lat="22.7276700" lon="120.3225470">
    <ele>23.4</ele>
   </trkpt>
   <trkpt lat="22.7276710" lon="120.3225380">
    <ele>23.4</ele>
   </trkpt>
   <trkpt lat="22.7276720" lon="120.3225330">
    <ele>23.4</ele>
   </trkpt>
   <trkpt lat="22.7276710" lon="120.3225340">
    <ele>23.4</ele>
   </trkpt>
   <trkpt lat="22.7276730" lon="120.3225290">
    <ele>23.4</ele>
   </trkpt>
   <trkpt lat="22.7276760" lon="120.3225310">
    <ele>23.5</ele>
   </trkpt>
   <trkpt lat="22.7276890" lon="120.3225450">
    <ele>23.6</ele>
   </trkpt>
   <trkpt lat="22.7276960" lon="120.3225610">
    <ele>23.6</ele>
   </trkpt>
   <trkpt lat="22.7277010" lon="120.3225750">
    <ele>23.7</ele>
   </trkpt>
   <trkpt lat="22.7277040" lon="120.3225880">
    <ele>23.8</ele>
   </trkpt>
   <trkpt lat="22.7277020" lon="120.3225900">
    <ele>23.8</ele>
   </trkpt>
   <trkpt lat="22.7277030" lon="120.3225920">
    <ele>23.8</ele>
   </trkpt>
   <trkpt lat="22.7277020" lon="120.3226020">
    <ele>23.8</ele>
   </trkpt>
   <trkpt lat="22.7276960" lon="120.3225970">
    <ele>23.9</ele>
   </trkpt>
   <trkpt lat="22.7276850" lon="120.3226040">
    <ele>23.9</ele>
   </trkpt>
   <trkpt lat="22.7276870" lon="120.3225930">
    <ele>23.9</ele>
   </trkpt>
   <trkpt lat="22.7276840" lon="120.3225900">
    <ele>23.9</ele>
   </trkpt>
   <trkpt lat="22.7276940" lon="120.3225940">
    <ele>23.9</ele>
   </trkpt>
   <trkpt lat="22.7277050" lon="120.3226010">
    <ele>23.9</ele>
   </trkpt>
   <trkpt lat="22.7277150" lon="120.3225950">
    <ele>23.9</ele>
   </trkpt>
   <trkpt lat="22.7277210" lon="120.3225930">
    <ele>23.8</ele>
   </trkpt>
   <trkpt lat="22.7277290" lon="120.3225920">
    <ele>23.8</ele>
   </trkpt>
   <trkpt lat="22.7277380" lon="120.3225880">
    <ele>23.8</ele>
   </trkpt>
   <trkpt lat="22.7277440" lon="120.3225810">
    <ele>23.8</ele>
   </trkpt>
   <trkpt lat="22.7277470" lon="120.3225730">
    <ele>23.8</ele>
   </trkpt>
   <trkpt lat="22.7277550" lon="120.3225590">
    <ele>23.8</ele>
   </trkpt>
   <trkpt lat="22.7277580" lon="120.3225480">
    <ele>23.8</ele>
   </trkpt>
   <trkpt lat="22.7277610" lon="120.3225390">
    <ele>23.8</ele>
   </trkpt>
   <trkpt lat="22.7277600" lon="120.3225300">
    <ele>23.8</ele>
   </trkpt>
   <trkpt lat="22.7277690" lon="120.3225180">
    <ele>23.8</ele>
   </trkpt>
   <trkpt lat="22.7277760" lon="120.3225080">
    <ele>23.8</ele>
   </trkpt>
   <trkpt lat="22.7277800" lon="120.3225050">
    <ele>23.8</ele>
   </trkpt>
   <trkpt lat="22.7277810" lon="120.3225100">
    <ele>23.8</ele>
   </trkpt>
   <trkpt lat="22.7277810" lon="120.3225110">
    <ele>23.8</ele>
   </trkpt>
   <trkpt lat="22.7277820" lon="120.3225090">
    <ele>23.7</ele>
   </trkpt>
   <trkpt lat="22.7277870" lon="120.3225090">
    <ele>23.7</ele>
   </trkpt>
   <trkpt lat="22.7277840" lon="120.3225040">
    <ele>23.7</ele>
   </trkpt>
   <trkpt lat="22.7277850" lon="120.3225000">
    <ele>23.7</ele>
   </trkpt>
   <trkpt lat="22.7277820" lon="120.3224990">
    <ele>23.7</ele>
   </trkpt>
   <trkpt lat="22.7277820" lon="120.3225020">
    <ele>23.7</ele>
   </trkpt>
   <trkpt lat="22.7277870" lon="120.3224960">
    <ele>23.7</ele>
   </trkpt>
   <trkpt lat="22.7277800" lon="120.3225070">
    <ele>23.7</ele>
   </trkpt>
   <trkpt lat="22.7277830" lon="120.3225110">
    <ele>23.7</ele>
   </trkpt>
   <trkpt lat="22.7277830" lon="120.3225110">
    <ele>23.7</ele>
   </trkpt>
   <trkpt lat="22.7277970" lon="120.3225120">
    <ele>23.7</ele>
   </trkpt>
   <trkpt lat="22.7277970" lon="120.3225120">
    <ele>23.7</ele>
   </trkpt>
   <trkpt lat="22.7277950" lon="120.3225190">
    <ele>23.7</ele>
   </trkpt>
   <trkpt lat="22.7277940" lon="120.3225190">
    <ele>23.7</ele>
   </trkpt>
   <trkpt lat="22.7277980" lon="120.3225210">
    <ele>23.7</ele>
   </trkpt>
   <trkpt lat="22.7277980" lon="120.3225210">
    <ele>23.7</ele>
   </trkpt>
   <trkpt lat="22.7277920" lon="120.3225210">
    <ele>23.7</ele>
   </trkpt>
   <trkpt lat="22.7277910" lon="120.3225210">
    <ele>23.7</ele>
   </trkpt>
   <trkpt lat="22.7277870" lon="120.3225080">
    <ele>23.7</ele>
   </trkpt>
   <trkpt lat="22.7277870" lon="120.3225060">
    <ele>23.7</ele>
   </trkpt>
   <trkpt lat="22.7277850" lon="120.3225030">
    <ele>23.7</ele>
   </trkpt>
   <trkpt lat="22.7277870" lon="120.3224990">
    <ele>23.7</ele>
   </trkpt>
   <trkpt lat="22.7277910" lon="120.3224940">
    <ele>23.7</ele>
   </trkpt>
   <trkpt lat="22.7277910" lon="120.3224940">
    <ele>23.7</ele>
   </trkpt>
   <trkpt lat="22.7277910" lon="120.3224940">
    <ele>23.7</ele>
   </trkpt>
   <trkpt lat="22.7277910" lon="120.3224940">
    <ele>23.7</ele>
   </trkpt>
   <trkpt lat="22.7277910" lon="120.3224940">
    <ele>23.7</ele>
   </trkpt>
   <trkpt lat="22.7277910" lon="120.3224940">
    <ele>23.7</ele>
   </trkpt>
   <trkpt lat="22.7277910" lon="120.3224940">
    <ele>23.7</ele>
   </trkpt>
   <trkpt lat="22.7277910" lon="120.3224940">
    <ele>23.7</ele>
   </trkpt>
   <trkpt lat="22.7277910" lon="120.3224940">
    <ele>23.7</ele>
   </trkpt>
   <trkpt lat="22.7277910" lon="120.3224940">
    <ele>23.7</ele>
   </trkpt>
   <trkpt lat="22.7277910" lon="120.3224940">
    <ele>23.7</ele>
   </trkpt>
   <trkpt lat="22.7277910" lon="120.3224940">
    <ele>23.7</ele>
   </trkpt>
   <trkpt lat="22.7277910" lon="120.3224940">
    <ele>23.7</ele>
   </trkpt>
   <trkpt lat="22.7277910" lon="120.3224940">
    <ele>23.7</ele>
   </trkpt>
   <trkpt lat="22.7277910" lon="120.3224940">
    <ele>23.7</ele>
   </trkpt>
   <trkpt lat="22.7277910" lon="120.3224940">
    <ele>23.7</ele>
   </trkpt>
   <trkpt lat="22.7277910" lon="120.3224940">
    <ele>23.7</ele>
   </trkpt>
   <trkpt lat="22.7277910" lon="120.3224940">
    <ele>23.7</ele>
   </trkpt>
   <trkpt lat="22.7278230" lon="120.3224920">
    <ele>23.6</ele>
   </trkpt>
   <trkpt lat="22.7278290" lon="120.3224830">
    <ele>23.6</ele>
   </trkpt>
   <trkpt lat="22.7278380" lon="120.3224800">
    <ele>23.6</ele>
   </trkpt>
   <trkpt lat="22.7278390" lon="120.3224880">
    <ele>23.6</ele>
   </trkpt>
   <trkpt lat="22.7278340" lon="120.3224840">
    <ele>23.6</ele>
   </trkpt>
   <trkpt lat="22.7278270" lon="120.3224870">
    <ele>23.6</ele>
   </trkpt>
   <trkpt lat="22.7278270" lon="120.3224870">
    <ele>23.6</ele>
   </trkpt>
   <trkpt lat="22.7278320" lon="120.3224930">
    <ele>23.6</ele>
   </trkpt>
   <trkpt lat="22.7278410" lon="120.3225160">
    <ele>23.6</ele>
   </trkpt>
   <trkpt lat="22.7278630" lon="120.3225470">
    <ele>23.5</ele>
   </trkpt>
   <trkpt lat="22.7278600" lon="120.3225200">
    <ele>23.5</ele>
   </trkpt>
   <trkpt lat="22.7278550" lon="120.3225310">
    <ele>23.5</ele>
   </trkpt>
   <trkpt lat="22.7278550" lon="120.3225310">
    <ele>23.5</ele>
   </trkpt>
   <trkpt lat="22.7278550" lon="120.3225310">
    <ele>23.5</ele>
   </trkpt>
   <trkpt lat="22.7278550" lon="120.3225310">
    <ele>23.5</ele>
   </trkpt>
   <trkpt lat="22.7278640" lon="120.3225620">
    <ele>23.5</ele>
   </trkpt>
   <trkpt lat="22.7278700" lon="120.3225660">
    <ele>23.5</ele>
   </trkpt>
   <trkpt lat="22.7278610" lon="120.3225710">
    <ele>23.5</ele>
   </trkpt>
   <trkpt lat="22.7278750" lon="120.3225940">
    <ele>23.5</ele>
   </trkpt>
   <trkpt lat="22.7278930" lon="120.3226170">
    <ele>23.4</ele>
   </trkpt>
   <trkpt lat="22.7278970" lon="120.3226110">
    <ele>23.4</ele>
   </trkpt>
   <trkpt lat="22.7278970" lon="120.3226050">
    <ele>23.4</ele>
   </trkpt>
   <trkpt lat="22.7278900" lon="120.3225980">
    <ele>23.4</ele>
   </trkpt>
   <trkpt lat="22.7278720" lon="120.3225920">
    <ele>23.4</ele>
   </trkpt>
   <trkpt lat="22.7278710" lon="120.3225940">
    <ele>23.4</ele>
   </trkpt>
   <trkpt lat="22.7278750" lon="120.3225920">
    <ele>23.4</ele>
   </trkpt>
   <trkpt lat="22.7278740" lon="120.3225870">
    <ele>23.4</ele>
   </trkpt>
   <trkpt lat="22.7278650" lon="120.3225680">
    <ele>23.4</ele>
   </trkpt>
   <trkpt lat="22.7278760" lon="120.3225540">
    <ele>23.4</ele>
   </trkpt>
   <trkpt lat="22.7278820" lon="120.3225370">
    <ele>23.3</ele>
   </trkpt>
   <trkpt lat="22.7278850" lon="120.3225230">
    <ele>23.3</ele>
   </trkpt>
   <trkpt lat="22.7278870" lon="120.3225060">
    <ele>23.3</ele>
   </trkpt>
   <trkpt lat="22.7278900" lon="120.3224940">
    <ele>23.3</ele>
   </trkpt>
   <trkpt lat="22.7278990" lon="120.3224890">
    <ele>23.3</ele>
   </trkpt>
   <trkpt lat="22.7279030" lon="120.3224770">
    <ele>23.3</ele>
   </trkpt>
   <trkpt lat="22.7279070" lon="120.3224690">
    <ele>23.3</ele>
   </trkpt>
   <trkpt lat="22.7279060" lon="120.3224580">
    <ele>23.3</ele>
   </trkpt>
   <trkpt lat="22.7279110" lon="120.3224480">
    <ele>23.3</ele>
   </trkpt>
   <trkpt lat="22.7279080" lon="120.3224370">
    <ele>23.3</ele>
   </trkpt>
   <trkpt lat="22.7279060" lon="120.3224320">
    <ele>23.3</ele>
   </trkpt>
   <trkpt lat="22.7279040" lon="120.3224260">
    <ele>23.3</ele>
   </trkpt>
   <trkpt lat="22.7279000" lon="120.3224210">
    <ele>23.2</ele>
   </trkpt>
   <trkpt lat="22.7278970" lon="120.3224150">
    <ele>23.2</ele>
   </trkpt>
   <trkpt lat="22.7278970" lon="120.3224220">
    <ele>23.2</ele>
   </trkpt>
   <trkpt lat="22.7279020" lon="120.3224260">
    <ele>23.2</ele>
   </trkpt>
   <trkpt lat="22.7279000" lon="120.3224250">
    <ele>23.2</ele>
   </trkpt>
   <trkpt lat="22.7279000" lon="120.3224320">
    <ele>23.2</ele>
   </trkpt>
   <trkpt lat="22.7279070" lon="120.3224280">
    <ele>23.2</ele>
   </trkpt>
   <trkpt lat="22.7279150" lon="120.3224270">
    <ele>23.2</ele>
   </trkpt>
   <trkpt lat="22.7279110" lon="120.3224080">
    <ele>23.2</ele>
   </trkpt>
   <trkpt lat="22.7279140" lon="120.3224020">
    <ele>23.2</ele>
   </trkpt>
   <trkpt lat="22.7279130" lon="120.3224010">
    <ele>23.2</ele>
   </trkpt>
   <trkpt lat="22.7279150" lon="120.3224110">
    <ele>23.2</ele>
   </trkpt>
   <trkpt lat="22.7279160" lon="120.3224050">
    <ele>23.2</ele>
   </trkpt>
   <trkpt lat="22.7279130" lon="120.3224020">
    <ele>23.2</ele>
   </trkpt>
   <trkpt lat="22.7279110" lon="120.3224020">
    <ele>23.2</ele>
   </trkpt>
   <trkpt lat="22.7279090" lon="120.3224050">
    <ele>23.2</ele>
   </trkpt>
   <trkpt lat="22.7279080" lon="120.3224030">
    <ele>23.2</ele>
   </trkpt>
   <trkpt lat="22.7279050" lon="120.3223930">
    <ele>23.2</ele>
   </trkpt>
   <trkpt lat="22.7279030" lon="120.3223910">
    <ele>23.2</ele>
   </trkpt>
   <trkpt lat="22.7278990" lon="120.3223850">
    <ele>23.2</ele>
   </trkpt>
   <trkpt lat="22.7279040" lon="120.3223950">
    <ele>23.1</ele>
   </trkpt>
   <trkpt lat="22.7279040" lon="120.3223950">
    <ele>23.1</ele>
   </trkpt>
   <trkpt lat="22.7279070" lon="120.3223940">
    <ele>23.1</ele>
   </trkpt>
   <trkpt lat="22.7279170" lon="120.3223920">
    <ele>23.1</ele>
   </trkpt>
   <trkpt lat="22.7279390" lon="120.3223830">
    <ele>23.1</ele>
   </trkpt>
   <trkpt lat="22.7279520" lon="120.3224000">
    <ele>23.1</ele>
   </trkpt>
   <trkpt lat="22.7279700" lon="120.3224000">
    <ele>23.1</ele>
   </trkpt>
   <trkpt lat="22.7280040" lon="120.3224070">
    <ele>22.4</ele>
   </trkpt>
   <trkpt lat="22.7280380" lon="120.3224130">
    <ele>21.8</ele>
   </trkpt>
   <trkpt lat="22.7280820" lon="120.3224220">
    <ele>21.5</ele>
   </trkpt>
   <trkpt lat="22.7281140" lon="120.3224340">
    <ele>21.3</ele>
   </trkpt>
   <trkpt lat="22.7281320" lon="120.3224370">
    <ele>21.3</ele>
   </trkpt>
   <trkpt lat="22.7281980" lon="120.3224640">
    <ele>21.4</ele>
   </trkpt>
   <trkpt lat="22.7283010" lon="120.3224790">
    <ele>22.5</ele>
   </trkpt>
   <trkpt lat="22.7284050" lon="120.3225170">
    <ele>22.7</ele>
   </trkpt>
   <trkpt lat="22.7284570" lon="120.3225380">
    <ele>22.7</ele>
   </trkpt>
   <trkpt lat="22.7285220" lon="120.3226150">
    <ele>22.3</ele>
   </trkpt>
   <trkpt lat="22.7285290" lon="120.3226860">
    <ele>21.9</ele>
   </trkpt>
   <trkpt lat="22.7285910" lon="120.3227110">
    <ele>22.5</ele>
   </trkpt>
   <trkpt lat="22.7285680" lon="120.3225590">
    <ele>23.4</ele>
   </trkpt>
   <trkpt lat="22.7286180" lon="120.3225760">
    <ele>23.6</ele>
   </trkpt>
   <trkpt lat="22.7286550" lon="120.3225990">
    <ele>23.7</ele>
   </trkpt>
   <trkpt lat="22.7286430" lon="120.3225850">
    <ele>23.6</ele>
   </trkpt>
   <trkpt lat="22.7286740" lon="120.3225840">
    <ele>23.7</ele>
   </trkpt>
   <trkpt lat="22.7286760" lon="120.3225610">
    <ele>23.9</ele>
   </trkpt>
   <trkpt lat="22.7287990" lon="120.3224900">
    <ele>24.1</ele>
   </trkpt>
   <trkpt lat="22.7287910" lon="120.3224510">
    <ele>24.3</ele>
   </trkpt>
   <trkpt lat="22.7287920" lon="120.3224400">
    <ele>24.3</ele>
   </trkpt>
   <trkpt lat="22.7287530" lon="120.3224640">
    <ele>24.3</ele>
   </trkpt>
   <trkpt lat="22.7287160" lon="120.3224720">
    <ele>24.4</ele>
   </trkpt>
   <trkpt lat="22.7286780" lon="120.3224800">
    <ele>24.4</ele>
   </trkpt>
   <trkpt lat="22.7286530" lon="120.3224580">
    <ele>24.4</ele>
   </trkpt>
   <trkpt lat="22.7286120" lon="120.3224150">
    <ele>24.7</ele>
   </trkpt>
   <trkpt lat="22.7287270" lon="120.3224030">
    <ele>24.7</ele>
   </trkpt>
   <trkpt lat="22.7287370" lon="120.3224230">
    <ele>24.7</ele>
   </trkpt>
   <trkpt lat="22.7287570" lon="120.3224330">
    <ele>24.7</ele>
   </trkpt>
   <trkpt lat="22.7287810" lon="120.3224480">
    <ele>24.4</ele>
   </trkpt>
   <trkpt lat="22.7288040" lon="120.3224630">
    <ele>24.4</ele>
   </trkpt>
   <trkpt lat="22.7288380" lon="120.3224660">
    <ele>24.4</ele>
   </trkpt>
   <trkpt lat="22.7288760" lon="120.3224790">
    <ele>24.4</ele>
   </trkpt>
   <trkpt lat="22.7289250" lon="120.3224480">
    <ele>24.3</ele>
   </trkpt>
   <trkpt lat="22.7289350" lon="120.3224760">
    <ele>24.0</ele>
   </trkpt>
   <trkpt lat="22.7288050" lon="120.3223570">
    <ele>24.9</ele>
   </trkpt>
   <trkpt lat="22.7286740" lon="120.3222380">
    <ele>25.2</ele>
   </trkpt>
   <trkpt lat="22.7286660" lon="120.3222250">
    <ele>25.2</ele>
   </trkpt>
   <trkpt lat="22.7286740" lon="120.3221980">
    <ele>25.1</ele>
   </trkpt>
   <trkpt lat="22.7286610" lon="120.3221780">
    <ele>25.1</ele>
   </trkpt>
   <trkpt lat="22.7286330" lon="120.3221320">
    <ele>25.1</ele>
   </trkpt>
   <trkpt lat="22.7286650" lon="120.3221670">
    <ele>25.1</ele>
   </trkpt>
   <trkpt lat="22.7286660" lon="120.3221670">
    <ele>25.1</ele>
   </trkpt>
   <trkpt lat="22.7286620" lon="120.3221970">
    <ele>25.1</ele>
   </trkpt>
   <trkpt lat="22.7286630" lon="120.3222170">
    <ele>25.1</ele>
   </trkpt>
   <trkpt lat="22.7286440" lon="120.3222320">
    <ele>25.2</ele>
   </trkpt>
   <trkpt lat="22.7286630" lon="120.3222460">
    <ele>25.2</ele>
   </trkpt>
   <trkpt lat="22.7286640" lon="120.3222870">
    <ele>25.4</ele>
   </trkpt>
   <trkpt lat="22.7286670" lon="120.3222940">
    <ele>25.4</ele>
   </trkpt>
   <trkpt lat="22.7286840" lon="120.3222760">
    <ele>25.4</ele>
   </trkpt>
   <trkpt lat="22.7286840" lon="120.3222760">
    <ele>25.4</ele>
   </trkpt>
   <trkpt lat="22.7286840" lon="120.3222760">
    <ele>25.4</ele>
   </trkpt>
   <trkpt lat="22.7286280" lon="120.3222900">
    <ele>25.3</ele>
   </trkpt>
   <trkpt lat="22.7286100" lon="120.3222910">
    <ele>25.2</ele>
   </trkpt>
   <trkpt lat="22.7285800" lon="120.3222950">
    <ele>25.3</ele>
   </trkpt>
   <trkpt lat="22.7285800" lon="120.3222950">
    <ele>25.3</ele>
   </trkpt>
   <trkpt lat="22.7284990" lon="120.3223060">
    <ele>24.9</ele>
   </trkpt>
   <trkpt lat="22.7284200" lon="120.3223160">
    <ele>24.2</ele>
   </trkpt>
   <trkpt lat="22.7283970" lon="120.3223260">
    <ele>23.9</ele>
   </trkpt>
   <trkpt lat="22.7283560" lon="120.3223420">
    <ele>23.7</ele>
   </trkpt>
   <trkpt lat="22.7283360" lon="120.3223540">
    <ele>23.5</ele>
   </trkpt>
   <trkpt lat="22.7283080" lon="120.3223580">
    <ele>23.3</ele>
   </trkpt>
   <trkpt lat="22.7284350" lon="120.3226740">
    <ele>21.2</ele>
   </trkpt>
   <trkpt lat="22.7284160" lon="120.3227190">
    <ele>20.8</ele>
   </trkpt>
   <trkpt lat="22.7284110" lon="120.3227450">
    <ele>20.3</ele>
   </trkpt>
   <trkpt lat="22.7284110" lon="120.3227690">
    <ele>20.3</ele>
   </trkpt>
   <trkpt lat="22.7284060" lon="120.3227480">
    <ele>20.3</ele>
   </trkpt>
   <trkpt lat="22.7284020" lon="120.3227280">
    <ele>20.5</ele>
   </trkpt>
   <trkpt lat="22.7283970" lon="120.3227070">
    <ele>20.5</ele>
   </trkpt>
   <trkpt lat="22.7283640" lon="120.3226870">
    <ele>20.5</ele>
   </trkpt>
   <trkpt lat="22.7283300" lon="120.3226660">
    <ele>20.4</ele>
   </trkpt>
   <trkpt lat="22.7283330" lon="120.3226660">
    <ele>20.4</ele>
   </trkpt>
   <trkpt lat="22.7283430" lon="120.3226690">
    <ele>20.6</ele>
   </trkpt>
   <trkpt lat="22.7283570" lon="120.3226640">
    <ele>20.6</ele>
   </trkpt>
   <trkpt lat="22.7283540" lon="120.3226640">
    <ele>20.6</ele>
   </trkpt>
   <trkpt lat="22.7280410" lon="120.3224160">
    <ele>22.3</ele>
   </trkpt>
   <trkpt lat="22.7280280" lon="120.3227420">
    <ele>21.9</ele>
   </trkpt>
   <trkpt lat="22.7280360" lon="120.3226670">
    <ele>22.0</ele>
   </trkpt>
   <trkpt lat="22.7280350" lon="120.3226100">
    <ele>22.1</ele>
   </trkpt>
   <trkpt lat="22.7280350" lon="120.3225530">
    <ele>22.3</ele>
   </trkpt>
   <trkpt lat="22.7280270" lon="120.3225050">
    <ele>22.4</ele>
   </trkpt>
   <trkpt lat="22.7280230" lon="120.3225000">
    <ele>22.4</ele>
   </trkpt>
   <trkpt lat="22.7280010" lon="120.3224950">
    <ele>23.0</ele>
   </trkpt>
   <trkpt lat="22.7279960" lon="120.3224990">
    <ele>23.0</ele>
   </trkpt>
   <trkpt lat="22.7279940" lon="120.3224930">
    <ele>23.0</ele>
   </trkpt>
   <trkpt lat="22.7280000" lon="120.3224910">
    <ele>23.0</ele>
   </trkpt>
   <trkpt lat="22.7280040" lon="120.3224880">
    <ele>23.0</ele>
   </trkpt>
   <trkpt lat="22.7279910" lon="120.3224500">
    <ele>23.0</ele>
   </trkpt>
   <trkpt lat="22.7279960" lon="120.3224320">
    <ele>23.0</ele>
   </trkpt>
   <trkpt lat="22.7279940" lon="120.3224080">
    <ele>23.0</ele>
   </trkpt>
   <trkpt lat="22.7280090" lon="120.3224000">
    <ele>22.6</ele>
   </trkpt>
   <trkpt lat="22.7280200" lon="120.3223970">
    <ele>22.4</ele>
   </trkpt>
   <trkpt lat="22.7280330" lon="120.3223990">
    <ele>22.2</ele>
   </trkpt>
   <trkpt lat="22.7280450" lon="120.3223970">
    <ele>21.9</ele>
   </trkpt>
   <trkpt lat="22.7280590" lon="120.3223900">
    <ele>21.6</ele>
   </trkpt>
   <trkpt lat="22.7280590" lon="120.3223880">
    <ele>21.6</ele>
   </trkpt>
   <trkpt lat="22.7280800" lon="120.3223870">
    <ele>21.2</ele>
   </trkpt>
   <trkpt lat="22.7280910" lon="120.3223900">
    <ele>21.0</ele>
   </trkpt>
   <trkpt lat="22.7281030" lon="120.3223920">
    <ele>20.7</ele>
   </trkpt>
   <trkpt lat="22.7281180" lon="120.3223900">
    <ele>20.4</ele>
   </trkpt>
   <trkpt lat="22.7281280" lon="120.3223860">
    <ele>20.3</ele>
   </trkpt>
   <trkpt lat="22.7281360" lon="120.3223800">
    <ele>20.3</ele>
   </trkpt>
   <trkpt lat="22.7281460" lon="120.3223830">
    <ele>20.3</ele>
   </trkpt>
   <trkpt lat="22.7281580" lon="120.3223800">
    <ele>20.3</ele>
   </trkpt>
   <trkpt lat="22.7281710" lon="120.3223740">
    <ele>20.4</ele>
   </trkpt>
   <trkpt lat="22.7281780" lon="120.3223720">
    <ele>20.4</ele>
   </trkpt>
   <trkpt lat="22.7281810" lon="120.3223710">
    <ele>20.4</ele>
   </trkpt>
   <trkpt lat="22.7281910" lon="120.3223710">
    <ele>20.4</ele>
   </trkpt>
   <trkpt lat="22.7282070" lon="120.3223710">
    <ele>20.4</ele>
   </trkpt>
   <trkpt lat="22.7282200" lon="120.3223690">
    <ele>20.4</ele>
   </trkpt>
   <trkpt lat="22.7282270" lon="120.3223670">
    <ele>20.4</ele>
   </trkpt>
   <trkpt lat="22.7282340" lon="120.3223720">
    <ele>20.4</ele>
   </trkpt>
   <trkpt lat="22.7282340" lon="120.3223700">
    <ele>20.4</ele>
   </trkpt>
   <trkpt lat="22.7282540" lon="120.3223520">
    <ele>20.5</ele>
   </trkpt>
   <trkpt lat="22.7282570" lon="120.3223460">
    <ele>20.5</ele>
   </trkpt>
   <trkpt lat="22.7282610" lon="120.3223470">
    <ele>20.5</ele>
   </trkpt>
   <trkpt lat="22.7282700" lon="120.3223460">
    <ele>20.5</ele>
   </trkpt>
   <trkpt lat="22.7282860" lon="120.3223430">
    <ele>20.5</ele>
   </trkpt>
   <trkpt lat="22.7282970" lon="120.3223310">
    <ele>20.5</ele>
   </trkpt>
   <trkpt lat="22.7283100" lon="120.3223290">
    <ele>20.6</ele>
   </trkpt>
   <trkpt lat="22.7283230" lon="120.3223280">
    <ele>20.6</ele>
   </trkpt>
   <trkpt lat="22.7283350" lon="120.3223250">
    <ele>20.6</ele>
   </trkpt>
   <trkpt lat="22.7283460" lon="120.3223190">
    <ele>20.6</ele>
   </trkpt>
   <trkpt lat="22.7283540" lon="120.3223210">
    <ele>20.6</ele>
   </trkpt>
   <trkpt lat="22.7283600" lon="120.3223210">
    <ele>20.6</ele>
   </trkpt>
   <trkpt lat="22.7283640" lon="120.3223160">
    <ele>20.6</ele>
   </trkpt>
   <trkpt lat="22.7283760" lon="120.3223070">
    <ele>20.7</ele>
   </trkpt>
   <trkpt lat="22.7283820" lon="120.3223010">
    <ele>20.7</ele>
   </trkpt>
   <trkpt lat="22.7283800" lon="120.3223020">
    <ele>20.7</ele>
   </trkpt>
   <trkpt lat="22.7283820" lon="120.3223030">
    <ele>20.7</ele>
   </trkpt>
   <trkpt lat="22.7283860" lon="120.3223070">
    <ele>20.7</ele>
   </trkpt>
   <trkpt lat="22.7283990" lon="120.3223090">
    <ele>20.7</ele>
   </trkpt>
   <trkpt lat="22.7284090" lon="120.3223070">
    <ele>20.7</ele>
   </trkpt>
   <trkpt lat="22.7284130" lon="120.3223070">
    <ele>20.7</ele>
   </trkpt>
   <trkpt lat="22.7284220" lon="120.3223020">
    <ele>20.7</ele>
   </trkpt>
   <trkpt lat="22.7284300" lon="120.3223070">
    <ele>20.7</ele>
   </trkpt>
   <trkpt lat="22.7284240" lon="120.3223080">
    <ele>20.7</ele>
   </trkpt>
   <trkpt lat="22.7284370" lon="120.3223020">
    <ele>20.8</ele>
   </trkpt>
   <trkpt lat="22.7284500" lon="120.3223020">
    <ele>20.8</ele>
   </trkpt>
   <trkpt lat="22.7284470" lon="120.3223030">
    <ele>20.8</ele>
   </trkpt>
   <trkpt lat="22.7284600" lon="120.3223030">
    <ele>20.8</ele>
   </trkpt>
   <trkpt lat="22.7284740" lon="120.3222980">
    <ele>20.8</ele>
   </trkpt>
   <trkpt lat="22.7284900" lon="120.3222970">
    <ele>20.8</ele>
   </trkpt>
   <trkpt lat="22.7284980" lon="120.3222950">
    <ele>20.9</ele>
   </trkpt>
   <trkpt lat="22.7284970" lon="120.3222870">
    <ele>20.8</ele>
   </trkpt>
   <trkpt lat="22.7284990" lon="120.3222800">
    <ele>20.8</ele>
   </trkpt>
   <trkpt lat="22.7284990" lon="120.3222780">
    <ele>20.8</ele>
   </trkpt>
   <trkpt lat="22.7285000" lon="120.3222770">
    <ele>20.8</ele>
   </trkpt>
   <trkpt lat="22.7285050" lon="120.3222580">
    <ele>20.8</ele>
   </trkpt>
   <trkpt lat="22.7285050" lon="120.3222500">
    <ele>20.8</ele>
   </trkpt>
   <trkpt lat="22.7285150" lon="120.3222350">
    <ele>20.8</ele>
   </trkpt>
   <trkpt lat="22.7285130" lon="120.3222300">
    <ele>20.7</ele>
   </trkpt>
   <trkpt lat="22.7285060" lon="120.3222220">
    <ele>20.7</ele>
   </trkpt>
   <trkpt lat="22.7285010" lon="120.3222130">
    <ele>20.7</ele>
   </trkpt>
   <trkpt lat="22.7285010" lon="120.3222110">
    <ele>20.7</ele>
   </trkpt>
   <trkpt lat="22.7285020" lon="120.3222130">
    <ele>20.7</ele>
   </trkpt>
   <trkpt lat="22.7284950" lon="120.3222010">
    <ele>20.7</ele>
   </trkpt>
   <trkpt lat="22.7284980" lon="120.3221980">
    <ele>20.7</ele>
   </trkpt>
   <trkpt lat="22.7285060" lon="120.3222090">
    <ele>20.7</ele>
   </trkpt>
   <trkpt lat="22.7284990" lon="120.3222030">
    <ele>20.6</ele>
   </trkpt>
   <trkpt lat="22.7285060" lon="120.3221980">
    <ele>20.6</ele>
   </trkpt>
   <trkpt lat="22.7285090" lon="120.3221930">
    <ele>20.6</ele>
   </trkpt>
   <trkpt lat="22.7285010" lon="120.3221820">
    <ele>20.6</ele>
   </trkpt>
   <trkpt lat="22.7284910" lon="120.3221730">
    <ele>20.6</ele>
   </trkpt>
   <trkpt lat="22.7284910" lon="120.3221660">
    <ele>20.6</ele>
   </trkpt>
   <trkpt lat="22.7284840" lon="120.3221540">
    <ele>20.5</ele>
   </trkpt>
   <trkpt lat="22.7284830" lon="120.3221440">
    <ele>20.5</ele>
   </trkpt>
   <trkpt lat="22.7284780" lon="120.3221330">
    <ele>20.5</ele>
   </trkpt>
   <trkpt lat="22.7284730" lon="120.3221210">
    <ele>20.5</ele>
   </trkpt>
   <trkpt lat="22.7284700" lon="120.3221140">
    <ele>20.5</ele>
   </trkpt>
   <trkpt lat="22.7284650" lon="120.3221130">
    <ele>20.5</ele>
   </trkpt>
   <trkpt lat="22.7284600" lon="120.3221170">
    <ele>20.5</ele>
   </trkpt>
   <trkpt lat="22.7284560" lon="120.3221190">
    <ele>20.5</ele>
   </trkpt>
   <trkpt lat="22.7284500" lon="120.3221210">
    <ele>20.4</ele>
   </trkpt>
   <trkpt lat="22.7284420" lon="120.3221250">
    <ele>20.4</ele>
   </trkpt>
   <trkpt lat="22.7284400" lon="120.3221250">
    <ele>20.4</ele>
   </trkpt>
   <trkpt lat="22.7284380" lon="120.3221140">
    <ele>20.4</ele>
   </trkpt>
   <trkpt lat="22.7284350" lon="120.3221230">
    <ele>20.4</ele>
   </trkpt>
   <trkpt lat="22.7284320" lon="120.3221300">
    <ele>20.4</ele>
   </trkpt>
   <trkpt lat="22.7284420" lon="120.3221370">
    <ele>20.4</ele>
   </trkpt>
   <trkpt lat="22.7284420" lon="120.3221450">
    <ele>20.4</ele>
   </trkpt>
   <trkpt lat="22.7284500" lon="120.3221590">
    <ele>20.5</ele>
   </trkpt>
   <trkpt lat="22.7284590" lon="120.3221650">
    <ele>20.5</ele>
   </trkpt>
   <trkpt lat="22.7284670" lon="120.3221700">
    <ele>20.6</ele>
   </trkpt>
   <trkpt lat="22.7284750" lon="120.3221780">
    <ele>20.6</ele>
   </trkpt>
   <trkpt lat="22.7284810" lon="120.3221860">
    <ele>20.6</ele>
   </trkpt>
   <trkpt lat="22.7284890" lon="120.3221910">
    <ele>20.6</ele>
   </trkpt>
   <trkpt lat="22.7284930" lon="120.3222020">
    <ele>20.7</ele>
   </trkpt>
   <trkpt lat="22.7285000" lon="120.3222120">
    <ele>20.7</ele>
   </trkpt>
   <trkpt lat="22.7285090" lon="120.3222220">
    <ele>20.7</ele>
   </trkpt>
   <trkpt lat="22.7285200" lon="120.3222330">
    <ele>20.8</ele>
   </trkpt>
   <trkpt lat="22.7285310" lon="120.3222470">
    <ele>20.8</ele>
   </trkpt>
   <trkpt lat="22.7285350" lon="120.3222570">
    <ele>20.8</ele>
   </trkpt>
   <trkpt lat="22.7285420" lon="120.3222650">
    <ele>20.8</ele>
   </trkpt>
   <trkpt lat="22.7285480" lon="120.3222730">
    <ele>20.7</ele>
   </trkpt>
   <trkpt lat="22.7285550" lon="120.3222820">
    <ele>20.7</ele>
   </trkpt>
   <trkpt lat="22.7285640" lon="120.3222910">
    <ele>20.6</ele>
   </trkpt>
   <trkpt lat="22.7285770" lon="120.3222980">
    <ele>20.6</ele>
   </trkpt>
   <trkpt lat="22.7285880" lon="120.3223100">
    <ele>20.5</ele>
   </trkpt>
   <trkpt lat="22.7285950" lon="120.3223180">
    <ele>20.5</ele>
   </trkpt>
   <trkpt lat="22.7286000" lon="120.3223170">
    <ele>20.5</ele>
   </trkpt>
   <trkpt lat="22.7286030" lon="120.3223140">
    <ele>20.4</ele>
   </trkpt>
   <trkpt lat="22.7286120" lon="120.3223150">
    <ele>20.4</ele>
   </trkpt>
   <trkpt lat="22.7286270" lon="120.3223120">
    <ele>20.3</ele>
   </trkpt>
   <trkpt lat="22.7286400" lon="120.3223190">
    <ele>20.3</ele>
   </trkpt>
   <trkpt lat="22.7286510" lon="120.3223260">
    <ele>20.2</ele>
   </trkpt>
   <trkpt lat="22.7286600" lon="120.3223320">
    <ele>20.2</ele>
   </trkpt>
   <trkpt lat="22.7286690" lon="120.3223400">
    <ele>20.1</ele>
   </trkpt>
   <trkpt lat="22.7286790" lon="120.3223430">
    <ele>20.1</ele>
   </trkpt>
   <trkpt lat="22.7286920" lon="120.3223520">
    <ele>20.0</ele>
   </trkpt>
   <trkpt lat="22.7286990" lon="120.3223630">
    <ele>20.0</ele>
   </trkpt>
   <trkpt lat="22.7287080" lon="120.3223690">
    <ele>19.9</ele>
   </trkpt>
   <trkpt lat="22.7287160" lon="120.3223720">
    <ele>19.9</ele>
   </trkpt>
   <trkpt lat="22.7287220" lon="120.3223810">
    <ele>19.9</ele>
   </trkpt>
   <trkpt lat="22.7287350" lon="120.3223860">
    <ele>19.8</ele>
   </trkpt>
   <trkpt lat="22.7287420" lon="120.3223920">
    <ele>19.8</ele>
   </trkpt>
   <trkpt lat="22.7287510" lon="120.3224040">
    <ele>19.7</ele>
   </trkpt>
   <trkpt lat="22.7287560" lon="120.3224150">
    <ele>19.7</ele>
   </trkpt>
   <trkpt lat="22.7287630" lon="120.3224240">
    <ele>19.6</ele>
   </trkpt>
   <trkpt lat="22.7287690" lon="120.3224370">
    <ele>19.6</ele>
   </trkpt>
   <trkpt lat="22.7287780" lon="120.3224470">
    <ele>19.5</ele>
   </trkpt>
   <trkpt lat="22.7287780" lon="120.3224570">
    <ele>19.5</ele>
   </trkpt>
   <trkpt lat="22.7287830" lon="120.3224660">
    <ele>19.5</ele>
   </trkpt>
   <trkpt lat="22.7287940" lon="120.3224740">
    <ele>19.4</ele>
   </trkpt>
   <trkpt lat="22.7287940" lon="120.3224740">
    <ele>19.4</ele>
   </trkpt>
   <trkpt lat="22.7287920" lon="120.3224690">
    <ele>19.4</ele>
   </trkpt>
   <trkpt lat="22.7287870" lon="120.3224700">
    <ele>19.4</ele>
   </trkpt>
   <trkpt lat="22.7287800" lon="120.3224770">
    <ele>19.3</ele>
   </trkpt>
   <trkpt lat="22.7287790" lon="120.3224740">
    <ele>19.3</ele>
   </trkpt>
   <trkpt lat="22.7287750" lon="120.3224570">
    <ele>19.3</ele>
   </trkpt>
   <trkpt lat="22.7287700" lon="120.3224520">
    <ele>19.3</ele>
   </trkpt>
   <trkpt lat="22.7287590" lon="120.3224680">
    <ele>19.2</ele>
   </trkpt>
   <trkpt lat="22.7287540" lon="120.3224750">
    <ele>19.2</ele>
   </trkpt>
   <trkpt lat="22.7287550" lon="120.3224750">
    <ele>19.2</ele>
   </trkpt>
   <trkpt lat="22.7287520" lon="120.3224850">
    <ele>19.1</ele>
   </trkpt>
   <trkpt lat="22.7287440" lon="120.3224920">
    <ele>19.1</ele>
   </trkpt>
   <trkpt lat="22.7287350" lon="120.3224960">
    <ele>19.0</ele>
   </trkpt>
   <trkpt lat="22.7287240" lon="120.3225040">
    <ele>19.0</ele>
   </trkpt>
   <trkpt lat="22.7287070" lon="120.3225070">
    <ele>18.9</ele>
   </trkpt>
   <trkpt lat="22.7287060" lon="120.3225040">
    <ele>18.9</ele>
   </trkpt>
   <trkpt lat="22.7287100" lon="120.3225180">
    <ele>18.9</ele>
   </trkpt>
   <trkpt lat="22.7287110" lon="120.3225260">
    <ele>18.8</ele>
   </trkpt>
   <trkpt lat="22.7287270" lon="120.3225180">
    <ele>18.8</ele>
   </trkpt>
   <trkpt lat="22.7287370" lon="120.3225290">
    <ele>18.7</ele>
   </trkpt>
   <trkpt lat="22.7287470" lon="120.3225320">
    <ele>18.7</ele>
   </trkpt>
   <trkpt lat="22.7287560" lon="120.3225410">
    <ele>18.6</ele>
   </trkpt>
   <trkpt lat="22.7287680" lon="120.3225490">
    <ele>18.6</ele>
   </trkpt>
   <trkpt lat="22.7287800" lon="120.3225590">
    <ele>18.5</ele>
   </trkpt>
   <trkpt lat="22.7287950" lon="120.3225650">
    <ele>18.5</ele>
   </trkpt>
   <trkpt lat="22.7288060" lon="120.3225740">
    <ele>18.4</ele>
   </trkpt>
   <trkpt lat="22.7288210" lon="120.3225800">
    <ele>18.3</ele>
   </trkpt>
   <trkpt lat="22.7288270" lon="120.3225850">
    <ele>18.3</ele>
   </trkpt>
   <trkpt lat="22.7288380" lon="120.3225900">
    <ele>18.3</ele>
   </trkpt>
   <trkpt lat="22.7288410" lon="120.3226010">
    <ele>18.2</ele>
   </trkpt>
   <trkpt lat="22.7288460" lon="120.3226040">
    <ele>18.2</ele>
   </trkpt>
   <trkpt lat="22.7288450" lon="120.3226080">
    <ele>18.2</ele>
   </trkpt>
   <trkpt lat="22.7288450" lon="120.3226120">
    <ele>18.2</ele>
   </trkpt>
   <trkpt lat="22.7288460" lon="120.3226250">
    <ele>18.1</ele>
   </trkpt>
   <trkpt lat="22.7288550" lon="120.3226310">
    <ele>18.1</ele>
   </trkpt>
   <trkpt lat="22.7288590" lon="120.3226330">
    <ele>18.0</ele>
   </trkpt>
   <trkpt lat="22.7288610" lon="120.3226380">
    <ele>18.0</ele>
   </trkpt>
   <trkpt lat="22.7288620" lon="120.3226360">
    <ele>18.0</ele>
   </trkpt>
   <trkpt lat="22.7288660" lon="120.3226360">
    <ele>18.0</ele>
   </trkpt>
   <trkpt lat="22.7288800" lon="120.3226510">
    <ele>17.9</ele>
   </trkpt>
   <trkpt lat="22.7288850" lon="120.3226610">
    <ele>17.9</ele>
   </trkpt>
   <trkpt lat="22.7288930" lon="120.3226670">
    <ele>17.9</ele>
   </trkpt>
   <trkpt lat="22.7289070" lon="120.3226780">
    <ele>17.9</ele>
   </trkpt>
   <trkpt lat="22.7289150" lon="120.3226830">
    <ele>17.9</ele>
   </trkpt>
   <trkpt lat="22.7289240" lon="120.3226850">
    <ele>17.8</ele>
   </trkpt>
   <trkpt lat="22.7289350" lon="120.3226880">
    <ele>17.8</ele>
   </trkpt>
   <trkpt lat="22.7289380" lon="120.3226890">
    <ele>17.8</ele>
   </trkpt>
   <trkpt lat="22.7289470" lon="120.3226910">
    <ele>17.8</ele>
   </trkpt>
   <trkpt lat="22.7289550" lon="120.3227020">
    <ele>17.8</ele>
   </trkpt>
   <trkpt lat="22.7289680" lon="120.3227090">
    <ele>17.8</ele>
   </trkpt>
   <trkpt lat="22.7289700" lon="120.3227120">
    <ele>17.8</ele>
   </trkpt>
   <trkpt lat="22.7289680" lon="120.3227080">
    <ele>17.8</ele>
   </trkpt>
   <trkpt lat="22.7289650" lon="120.3227020">
    <ele>17.8</ele>
   </trkpt>
   <trkpt lat="22.7289780" lon="120.3227100">
    <ele>17.8</ele>
   </trkpt>
   <trkpt lat="22.7289810" lon="120.3227300">
    <ele>17.7</ele>
   </trkpt>
   <trkpt lat="22.7289860" lon="120.3227400">
    <ele>17.7</ele>
   </trkpt>
   <trkpt lat="22.7289950" lon="120.3227430">
    <ele>17.7</ele>
   </trkpt>
   <trkpt lat="22.7290110" lon="120.3227350">
    <ele>17.7</ele>
   </trkpt>
   <trkpt lat="22.7290300" lon="120.3227390">
    <ele>17.7</ele>
   </trkpt>
   <trkpt lat="22.7290410" lon="120.3227540">
    <ele>17.7</ele>
   </trkpt>
   <trkpt lat="22.7290550" lon="120.3227590">
    <ele>17.7</ele>
   </trkpt>
   <trkpt lat="22.7290650" lon="120.3227720">
    <ele>17.6</ele>
   </trkpt>
   <trkpt lat="22.7290720" lon="120.3227800">
    <ele>17.6</ele>
   </trkpt>
   <trkpt lat="22.7290800" lon="120.3227890">
    <ele>17.6</ele>
   </trkpt>
   <trkpt lat="22.7290870" lon="120.3228000">
    <ele>17.6</ele>
   </trkpt>
   <trkpt lat="22.7290900" lon="120.3228060">
    <ele>17.6</ele>
   </trkpt>
   <trkpt lat="22.7290950" lon="120.3228160">
    <ele>17.6</ele>
   </trkpt>
   <trkpt lat="22.7291080" lon="120.3228200">
    <ele>17.6</ele>
   </trkpt>
   <trkpt lat="22.7291260" lon="120.3228230">
    <ele>17.6</ele>
   </trkpt>
   <trkpt lat="22.7291340" lon="120.3228250">
    <ele>17.6</ele>
   </trkpt>
   <trkpt lat="22.7291390" lon="120.3228290">
    <ele>17.6</ele>
   </trkpt>
   <trkpt lat="22.7291390" lon="120.3228350">
    <ele>17.5</ele>
   </trkpt>
   <trkpt lat="22.7291460" lon="120.3228340">
    <ele>17.5</ele>
   </trkpt>
   <trkpt lat="22.7291610" lon="120.3228270">
    <ele>17.5</ele>
   </trkpt>
   <trkpt lat="22.7291720" lon="120.3228350">
    <ele>17.5</ele>
   </trkpt>
   <trkpt lat="22.7291730" lon="120.3228450">
    <ele>17.5</ele>
   </trkpt>
   <trkpt lat="22.7291770" lon="120.3228590">
    <ele>17.5</ele>
   </trkpt>
   <trkpt lat="22.7291780" lon="120.3228710">
    <ele>17.5</ele>
   </trkpt>
   <trkpt lat="22.7291760" lon="120.3228920">
    <ele>17.5</ele>
   </trkpt>
   <trkpt lat="22.7291750" lon="120.3229090">
    <ele>17.5</ele>
   </trkpt>
   <trkpt lat="22.7291790" lon="120.3229260">
    <ele>17.5</ele>
   </trkpt>
   <trkpt lat="22.7291790" lon="120.3229420">
    <ele>17.5</ele>
   </trkpt>
   <trkpt lat="22.7291830" lon="120.3229530">
    <ele>17.5</ele>
   </trkpt>
   <trkpt lat="22.7291880" lon="120.3229620">
    <ele>17.4</ele>
   </trkpt>
   <trkpt lat="22.7291860" lon="120.3229700">
    <ele>17.4</ele>
   </trkpt>
   <trkpt lat="22.7291820" lon="120.3229660">
    <ele>17.4</ele>
   </trkpt>
   <trkpt lat="22.7291770" lon="120.3229650">
    <ele>17.4</ele>
   </trkpt>
   <trkpt lat="22.7291780" lon="120.3229820">
    <ele>17.4</ele>
   </trkpt>
   <trkpt lat="22.7291880" lon="120.3229950">
    <ele>17.4</ele>
   </trkpt>
   <trkpt lat="22.7291910" lon="120.3230020">
    <ele>17.4</ele>
   </trkpt>
   <trkpt lat="22.7291970" lon="120.3230100">
    <ele>17.4</ele>
   </trkpt>
   <trkpt lat="22.7292140" lon="120.3230160">
    <ele>17.4</ele>
   </trkpt>
   <trkpt lat="22.7292310" lon="120.3230230">
    <ele>17.4</ele>
   </trkpt>
   <trkpt lat="22.7292420" lon="120.3230260">
    <ele>17.4</ele>
   </trkpt>
   <trkpt lat="22.7292490" lon="120.3230370">
    <ele>17.4</ele>
   </trkpt>
   <trkpt lat="22.7292600" lon="120.3230450">
    <ele>17.4</ele>
   </trkpt>
   <trkpt lat="22.7292650" lon="120.3230560">
    <ele>17.3</ele>
   </trkpt>
   <trkpt lat="22.7292750" lon="120.3230690">
    <ele>17.3</ele>
   </trkpt>
   <trkpt lat="22.7292780" lon="120.3230800">
    <ele>17.3</ele>
   </trkpt>
   <trkpt lat="22.7292800" lon="120.3230900">
    <ele>17.3</ele>
   </trkpt>
   <trkpt lat="22.7292820" lon="120.3230960">
    <ele>17.3</ele>
   </trkpt>
   <trkpt lat="22.7292820" lon="120.3230950">
    <ele>17.3</ele>
   </trkpt>
   <trkpt lat="22.7292810" lon="120.3230970">
    <ele>17.3</ele>
   </trkpt>
   <trkpt lat="22.7292800" lon="120.3230920">
    <ele>17.3</ele>
   </trkpt>
   <trkpt lat="22.7292850" lon="120.3230810">
    <ele>17.3</ele>
   </trkpt>
   <trkpt lat="22.7292880" lon="120.3230800">
    <ele>17.3</ele>
   </trkpt>
   <trkpt lat="22.7292840" lon="120.3230720">
    <ele>17.3</ele>
   </trkpt>
   <trkpt lat="22.7292840" lon="120.3230680">
    <ele>17.3</ele>
   </trkpt>
   <trkpt lat="22.7292940" lon="120.3230720">
    <ele>17.3</ele>
   </trkpt>
   <trkpt lat="22.7292940" lon="120.3230770">
    <ele>17.3</ele>
   </trkpt>
   <trkpt lat="22.7293030" lon="120.3230690">
    <ele>17.3</ele>
   </trkpt>
   <trkpt lat="22.7293070" lon="120.3230690">
    <ele>17.3</ele>
   </trkpt>
   <trkpt lat="22.7293160" lon="120.3230770">
    <ele>17.3</ele>
   </trkpt>
   <trkpt lat="22.7293230" lon="120.3230770">
    <ele>17.3</ele>
   </trkpt>
   <trkpt lat="22.7293260" lon="120.3230920">
    <ele>17.3</ele>
   </trkpt>
   <trkpt lat="22.7293270" lon="120.3231040">
    <ele>17.3</ele>
   </trkpt>
   <trkpt lat="22.7293260" lon="120.3231180">
    <ele>17.3</ele>
   </trkpt>
   <trkpt lat="22.7293280" lon="120.3231260">
    <ele>17.3</ele>
   </trkpt>
   <trkpt lat="22.7293270" lon="120.3231350">
    <ele>17.3</ele>
   </trkpt>
   <trkpt lat="22.7293250" lon="120.3231350">
    <ele>17.3</ele>
   </trkpt>
   <trkpt lat="22.7293230" lon="120.3231340">
    <ele>17.3</ele>
   </trkpt>
   <trkpt lat="22.7293270" lon="120.3231320">
    <ele>17.3</ele>
   </trkpt>
   <trkpt lat="22.7293280" lon="120.3231270">
    <ele>17.3</ele>
   </trkpt>
   <trkpt lat="22.7293290" lon="120.3231250">
    <ele>17.3</ele>
   </trkpt>
   <trkpt lat="22.7293330" lon="120.3231240">
    <ele>17.3</ele>
   </trkpt>
   <trkpt lat="22.7293320" lon="120.3231260">
    <ele>17.3</ele>
   </trkpt>
   <trkpt lat="22.7293360" lon="120.3231270">
    <ele>17.3</ele>
   </trkpt>
   <trkpt lat="22.7293350" lon="120.3231220">
    <ele>17.3</ele>
   </trkpt>
   <trkpt lat="22.7293480" lon="120.3231210">
    <ele>17.3</ele>
   </trkpt>
   <trkpt lat="22.7293630" lon="120.3231220">
    <ele>17.2</ele>
   </trkpt>
   <trkpt lat="22.7293640" lon="120.3231240">
    <ele>17.2</ele>
   </trkpt>
   <trkpt lat="22.7293760" lon="120.3231310">
    <ele>17.2</ele>
   </trkpt>
   <trkpt lat="22.7293870" lon="120.3231400">
    <ele>17.2</ele>
   </trkpt>
   <trkpt lat="22.7293940" lon="120.3231550">
    <ele>17.2</ele>
   </trkpt>
   <trkpt lat="22.7293940" lon="120.3231680">
    <ele>17.2</ele>
   </trkpt>
   <trkpt lat="22.7293910" lon="120.3231790">
    <ele>17.2</ele>
   </trkpt>
   <trkpt lat="22.7293980" lon="120.3231910">
    <ele>17.2</ele>
   </trkpt>
   <trkpt lat="22.7294100" lon="120.3231960">
    <ele>17.2</ele>
   </trkpt>
   <trkpt lat="22.7294190" lon="120.3232080">
    <ele>17.2</ele>
   </trkpt>
   <trkpt lat="22.7294260" lon="120.3232170">
    <ele>17.2</ele>
   </trkpt>
   <trkpt lat="22.7294300" lon="120.3232280">
    <ele>17.2</ele>
   </trkpt>
   <trkpt lat="22.7294420" lon="120.3232320">
    <ele>17.2</ele>
   </trkpt>
   <trkpt lat="22.7294490" lon="120.3232370">
    <ele>17.2</ele>
   </trkpt>
   <trkpt lat="22.7294560" lon="120.3232410">
    <ele>17.2</ele>
   </trkpt>
   <trkpt lat="22.7294620" lon="120.3232490">
    <ele>17.2</ele>
   </trkpt>
   <trkpt lat="22.7294710" lon="120.3232580">
    <ele>17.1</ele>
   </trkpt>
   <trkpt lat="22.7294770" lon="120.3232670">
    <ele>17.1</ele>
   </trkpt>
   <trkpt lat="22.7294770" lon="120.3232770">
    <ele>17.1</ele>
   </trkpt>
   <trkpt lat="22.7294820" lon="120.3232870">
    <ele>17.1</ele>
   </trkpt>
   <trkpt lat="22.7294920" lon="120.3232880">
    <ele>17.1</ele>
   </trkpt>
   <trkpt lat="22.7295060" lon="120.3232770">
    <ele>17.1</ele>
   </trkpt>
   <trkpt lat="22.7295140" lon="120.3232720">
    <ele>17.1</ele>
   </trkpt>
   <trkpt lat="22.7295250" lon="120.3232600">
    <ele>17.1</ele>
   </trkpt>
   <trkpt lat="22.7295330" lon="120.3232560">
    <ele>17.1</ele>
   </trkpt>
   <trkpt lat="22.7295400" lon="120.3232430">
    <ele>17.1</ele>
   </trkpt>
   <trkpt lat="22.7295500" lon="120.3232330">
    <ele>17.1</ele>
   </trkpt>
   <trkpt lat="22.7295540" lon="120.3232260">
    <ele>17.1</ele>
   </trkpt>
   <trkpt lat="22.7295570" lon="120.3232190">
    <ele>17.1</ele>
   </trkpt>
   <trkpt lat="22.7295690" lon="120.3232120">
    <ele>17.1</ele>
   </trkpt>
   <trkpt lat="22.7295670" lon="120.3232000">
    <ele>17.1</ele>
   </trkpt>
   <trkpt lat="22.7295720" lon="120.3231900">
    <ele>17.1</ele>
   </trkpt>
   <trkpt lat="22.7295740" lon="120.3231770">
    <ele>17.1</ele>
   </trkpt>
   <trkpt lat="22.7295700" lon="120.3231770">
    <ele>17.1</ele>
   </trkpt>
   <trkpt lat="22.7295780" lon="120.3231830">
    <ele>17.1</ele>
   </trkpt>
   <trkpt lat="22.7295840" lon="120.3231900">
    <ele>17.1</ele>
   </trkpt>
   <trkpt lat="22.7295880" lon="120.3231930">
    <ele>17.1</ele>
   </trkpt>
   <trkpt lat="22.7295890" lon="120.3231880">
    <ele>17.1</ele>
   </trkpt>
   <trkpt lat="22.7296050" lon="120.3231840">
    <ele>17.1</ele>
   </trkpt>
   <trkpt lat="22.7296150" lon="120.3231760">
    <ele>17.1</ele>
   </trkpt>
   <trkpt lat="22.7296180" lon="120.3231650">
    <ele>17.1</ele>
   </trkpt>
   <trkpt lat="22.7296180" lon="120.3231530">
    <ele>17.1</ele>
   </trkpt>
   <trkpt lat="22.7296220" lon="120.3231410">
    <ele>17.1</ele>
   </trkpt>
   <trkpt lat="22.7296250" lon="120.3231220">
    <ele>17.1</ele>
   </trkpt>
   <trkpt lat="22.7296310" lon="120.3231100">
    <ele>17.1</ele>
   </trkpt>
   <trkpt lat="22.7296370" lon="120.3231010">
    <ele>17.1</ele>
   </trkpt>
   <trkpt lat="22.7296410" lon="120.3230800">
    <ele>17.1</ele>
   </trkpt>
   <trkpt lat="22.7296430" lon="120.3230680">
    <ele>17.1</ele>
   </trkpt>
   <trkpt lat="22.7296450" lon="120.3230690">
    <ele>17.1</ele>
   </trkpt>
   <trkpt lat="22.7296490" lon="120.3230740">
    <ele>17.1</ele>
   </trkpt>
   <trkpt lat="22.7296610" lon="120.3230760">
    <ele>17.1</ele>
   </trkpt>
   <trkpt lat="22.7296670" lon="120.3230670">
    <ele>17.1</ele>
   </trkpt>
   <trkpt lat="22.7296740" lon="120.3230710">
    <ele>17.1</ele>
   </trkpt>
   <trkpt lat="22.7296820" lon="120.3230690">
    <ele>17.1</ele>
   </trkpt>
   <trkpt lat="22.7296940" lon="120.3230610">
    <ele>17.1</ele>
   </trkpt>
   <trkpt lat="22.7296960" lon="120.3230630">
    <ele>17.1</ele>
   </trkpt>
   <trkpt lat="22.7296820" lon="120.3230820">
    <ele>17.1</ele>
   </trkpt>
   <trkpt lat="22.7296600" lon="120.3230990">
    <ele>17.1</ele>
   </trkpt>
   <trkpt lat="22.7296470" lon="120.3231000">
    <ele>17.1</ele>
   </trkpt>
   <trkpt lat="22.7296350" lon="120.3231010">
    <ele>17.1</ele>
   </trkpt>
   <trkpt lat="22.7296270" lon="120.3231050">
    <ele>17.1</ele>
   </trkpt>
   <trkpt lat="22.7296140" lon="120.3231100">
    <ele>17.1</ele>
   </trkpt>
   <trkpt lat="22.7296070" lon="120.3231200">
    <ele>17.1</ele>
   </trkpt>
   <trkpt lat="22.7295930" lon="120.3231270">
    <ele>17.1</ele>
   </trkpt>
   <trkpt lat="22.7295860" lon="120.3231300">
    <ele>17.1</ele>
   </trkpt>
   <trkpt lat="22.7295880" lon="120.3231300">
    <ele>17.1</ele>
   </trkpt>
   <trkpt lat="22.7295930" lon="120.3231230">
    <ele>17.1</ele>
   </trkpt>
   <trkpt lat="22.7295910" lon="120.3231260">
    <ele>17.1</ele>
   </trkpt>
   <trkpt lat="22.7295890" lon="120.3231370">
    <ele>17.1</ele>
   </trkpt>
   <trkpt lat="22.7295840" lon="120.3231580">
    <ele>17.1</ele>
   </trkpt>
   <trkpt lat="22.7295770" lon="120.3231640">
    <ele>17.2</ele>
   </trkpt>
   <trkpt lat="22.7295660" lon="120.3231630">
    <ele>17.2</ele>
   </trkpt>
   <trkpt lat="22.7295690" lon="120.3231660">
    <ele>17.2</ele>
   </trkpt>
   <trkpt lat="22.7295720" lon="120.3231690">
    <ele>17.2</ele>
   </trkpt>
   <trkpt lat="22.7295760" lon="120.3231680">
    <ele>17.2</ele>
   </trkpt>
   <trkpt lat="22.7295720" lon="120.3231800">
    <ele>17.2</ele>
   </trkpt>
   <trkpt lat="22.7295700" lon="120.3231970">
    <ele>17.2</ele>
   </trkpt>
   <trkpt lat="22.7295560" lon="120.3232110">
    <ele>17.2</ele>
   </trkpt>
   <trkpt lat="22.7295440" lon="120.3232110">
    <ele>17.2</ele>
   </trkpt>
   <trkpt lat="22.7295280" lon="120.3232160">
    <ele>17.2</ele>
   </trkpt>
   <trkpt lat="22.7295160" lon="120.3232150">
    <ele>17.2</ele>
   </trkpt>
   <trkpt lat="22.7295050" lon="120.3232140">
    <ele>17.2</ele>
   </trkpt>
   <trkpt lat="22.7294930" lon="120.3232160">
    <ele>17.2</ele>
   </trkpt>
   <trkpt lat="22.7294840" lon="120.3232190">
    <ele>17.2</ele>
   </trkpt>
   <trkpt lat="22.7294750" lon="120.3232260">
    <ele>17.2</ele>
   </trkpt>
   <trkpt lat="22.7294660" lon="120.3232340">
    <ele>17.2</ele>
   </trkpt>
   <trkpt lat="22.7294640" lon="120.3232320">
    <ele>17.2</ele>
   </trkpt>
   <trkpt lat="22.7294630" lon="120.3232290">
    <ele>17.2</ele>
   </trkpt>
   <trkpt lat="22.7294580" lon="120.3232330">
    <ele>17.2</ele>
   </trkpt>
   <trkpt lat="22.7294610" lon="120.3232150">
    <ele>17.2</ele>
   </trkpt>
   <trkpt lat="22.7294580" lon="120.3232060">
    <ele>17.2</ele>
   </trkpt>
   <trkpt lat="22.7294510" lon="120.3232040">
    <ele>17.2</ele>
   </trkpt>
   <trkpt lat="22.7294440" lon="120.3232030">
    <ele>17.2</ele>
   </trkpt>
   <trkpt lat="22.7294350" lon="120.3231950">
    <ele>17.2</ele>
   </trkpt>
   <trkpt lat="22.7294270" lon="120.3231840">
    <ele>17.2</ele>
   </trkpt>
   <trkpt lat="22.7294200" lon="120.3231750">
    <ele>17.2</ele>
   </trkpt>
   <trkpt lat="22.7294170" lon="120.3231640">
    <ele>17.2</ele>
   </trkpt>
   <trkpt lat="22.7294090" lon="120.3231580">
    <ele>17.3</ele>
   </trkpt>
   <trkpt lat="22.7294000" lon="120.3231550">
    <ele>17.3</ele>
   </trkpt>
   <trkpt lat="22.7293930" lon="120.3231490">
    <ele>17.3</ele>
   </trkpt>
   <trkpt lat="22.7293840" lon="120.3231400">
    <ele>17.3</ele>
   </trkpt>
   <trkpt lat="22.7293780" lon="120.3231360">
    <ele>17.3</ele>
   </trkpt>
   <trkpt lat="22.7293670" lon="120.3231280">
    <ele>17.3</ele>
   </trkpt>
   <trkpt lat="22.7293590" lon="120.3231190">
    <ele>17.3</ele>
   </trkpt>
   <trkpt lat="22.7293520" lon="120.3231130">
    <ele>17.3</ele>
   </trkpt>
   <trkpt lat="22.7293460" lon="120.3231160">
    <ele>17.3</ele>
   </trkpt>
   <trkpt lat="22.7293490" lon="120.3231270">
    <ele>17.3</ele>
   </trkpt>
   <trkpt lat="22.7293410" lon="120.3231300">
    <ele>17.3</ele>
   </trkpt>
   <trkpt lat="22.7293320" lon="120.3231400">
    <ele>17.3</ele>
   </trkpt>
   <trkpt lat="22.7293170" lon="120.3231410">
    <ele>17.3</ele>
   </trkpt>
   <trkpt lat="22.7293010" lon="120.3231350">
    <ele>17.3</ele>
   </trkpt>
   <trkpt lat="22.7292930" lon="120.3231370">
    <ele>17.3</ele>
   </trkpt>
   <trkpt lat="22.7292810" lon="120.3231500">
    <ele>17.3</ele>
   </trkpt>
   <trkpt lat="22.7292730" lon="120.3231560">
    <ele>17.3</ele>
   </trkpt>
   <trkpt lat="22.7292690" lon="120.3231530">
    <ele>17.3</ele>
   </trkpt>
   <trkpt lat="22.7292660" lon="120.3231530">
    <ele>17.3</ele>
   </trkpt>
   <trkpt lat="22.7292500" lon="120.3231560">
    <ele>17.3</ele>
   </trkpt>
   <trkpt lat="22.7292450" lon="120.3231400">
    <ele>17.3</ele>
   </trkpt>
   <trkpt lat="22.7292360" lon="120.3231340">
    <ele>17.3</ele>
   </trkpt>
   <trkpt lat="22.7292330" lon="120.3231190">
    <ele>17.3</ele>
   </trkpt>
   <trkpt lat="22.7292270" lon="120.3231220">
    <ele>17.3</ele>
   </trkpt>
   <trkpt lat="22.7292190" lon="120.3231230">
    <ele>17.3</ele>
   </trkpt>
   <trkpt lat="22.7292230" lon="120.3231190">
    <ele>17.3</ele>
   </trkpt>
   <trkpt lat="22.7292360" lon="120.3230940">
    <ele>17.3</ele>
   </trkpt>
   <trkpt lat="22.7292580" lon="120.3230750">
    <ele>17.3</ele>
   </trkpt>
   <trkpt lat="22.7292670" lon="120.3230540">
    <ele>17.4</ele>
   </trkpt>
   <trkpt lat="22.7292840" lon="120.3230260">
    <ele>17.4</ele>
   </trkpt>
   <trkpt lat="22.7293050" lon="120.3230060">
    <ele>17.4</ele>
   </trkpt>
   <trkpt lat="22.7293240" lon="120.3229780">
    <ele>17.4</ele>
   </trkpt>
   <trkpt lat="22.7293320" lon="120.3229630">
    <ele>17.4</ele>
   </trkpt>
   <trkpt lat="22.7293400" lon="120.3229580">
    <ele>17.4</ele>
   </trkpt>
   <trkpt lat="22.7293420" lon="120.3229510">
    <ele>17.4</ele>
   </trkpt>
   <trkpt lat="22.7293480" lon="120.3229430">
    <ele>17.4</ele>
   </trkpt>
   <trkpt lat="22.7293520" lon="120.3229370">
    <ele>17.4</ele>
   </trkpt>
   <trkpt lat="22.7293550" lon="120.3229350">
    <ele>17.4</ele>
   </trkpt>
   <trkpt lat="22.7293540" lon="120.3229330">
    <ele>17.4</ele>
   </trkpt>
   <trkpt lat="22.7293530" lon="120.3229300">
    <ele>17.4</ele>
   </trkpt>
   <trkpt lat="22.7293550" lon="120.3229270">
    <ele>17.4</ele>
   </trkpt>
   <trkpt lat="22.7293540" lon="120.3229310">
    <ele>17.4</ele>
   </trkpt>
   <trkpt lat="22.7293580" lon="120.3229230">
    <ele>17.4</ele>
   </trkpt>
   <trkpt lat="22.7293580" lon="120.3229230">
    <ele>17.4</ele>
   </trkpt>
   <trkpt lat="22.7293570" lon="120.3229190">
    <ele>17.4</ele>
   </trkpt>
   <trkpt lat="22.7293580" lon="120.3229170">
    <ele>17.4</ele>
   </trkpt>
   <trkpt lat="22.7293560" lon="120.3229230">
    <ele>17.4</ele>
   </trkpt>
   <trkpt lat="22.7293450" lon="120.3229270">
    <ele>17.4</ele>
   </trkpt>
   <trkpt lat="22.7293390" lon="120.3229450">
    <ele>17.4</ele>
   </trkpt>
   <trkpt lat="22.7293190" lon="120.3229330">
    <ele>17.5</ele>
   </trkpt>
   <trkpt lat="22.7293090" lon="120.3229440">
    <ele>17.5</ele>
   </trkpt>
   <trkpt lat="22.7293090" lon="120.3229660">
    <ele>17.5</ele>
   </trkpt>
   <trkpt lat="22.7293040" lon="120.3229650">
    <ele>17.5</ele>
   </trkpt>
   <trkpt lat="22.7292890" lon="120.3229730">
    <ele>17.5</ele>
   </trkpt>
   <trkpt lat="22.7292850" lon="120.3229840">
    <ele>17.5</ele>
   </trkpt>
   <trkpt lat="22.7292920" lon="120.3229780">
    <ele>17.5</ele>
   </trkpt>
   <trkpt lat="22.7292850" lon="120.3229750">
    <ele>17.5</ele>
   </trkpt>
   <trkpt lat="22.7292720" lon="120.3229810">
    <ele>17.5</ele>
   </trkpt>
   <trkpt lat="22.7292690" lon="120.3229850">
    <ele>17.5</ele>
   </trkpt>
   <trkpt lat="22.7292640" lon="120.3229780">
    <ele>17.5</ele>
   </trkpt>
   <trkpt lat="22.7292510" lon="120.3229690">
    <ele>17.5</ele>
   </trkpt>
   <trkpt lat="22.7292410" lon="120.3229770">
    <ele>17.5</ele>
   </trkpt>
   <trkpt lat="22.7292290" lon="120.3229700">
    <ele>17.5</ele>
   </trkpt>
   <trkpt lat="22.7292130" lon="120.3229600">
    <ele>17.5</ele>
   </trkpt>
   <trkpt lat="22.7292040" lon="120.3229610">
    <ele>17.5</ele>
   </trkpt>
   <trkpt lat="22.7291940" lon="120.3229580">
    <ele>17.5</ele>
   </trkpt>
   <trkpt lat="22.7291830" lon="120.3229580">
    <ele>17.5</ele>
   </trkpt>
   <trkpt lat="22.7291840" lon="120.3229690">
    <ele>17.5</ele>
   </trkpt>
   <trkpt lat="22.7291730" lon="120.3229790">
    <ele>17.6</ele>
   </trkpt>
   <trkpt lat="22.7291670" lon="120.3229730">
    <ele>17.6</ele>
   </trkpt>
   <trkpt lat="22.7291680" lon="120.3229630">
    <ele>17.6</ele>
   </trkpt>
   <trkpt lat="22.7291540" lon="120.3229570">
    <ele>17.6</ele>
   </trkpt>
   <trkpt lat="22.7291430" lon="120.3229460">
    <ele>17.6</ele>
   </trkpt>
   <trkpt lat="22.7291420" lon="120.3229360">
    <ele>17.6</ele>
   </trkpt>
   <trkpt lat="22.7291380" lon="120.3229310">
    <ele>17.6</ele>
   </trkpt>
   <trkpt lat="22.7291350" lon="120.3229410">
    <ele>17.6</ele>
   </trkpt>
   <trkpt lat="22.7291230" lon="120.3229600">
    <ele>17.6</ele>
   </trkpt>
   <trkpt lat="22.7291190" lon="120.3229540">
    <ele>17.6</ele>
   </trkpt>
   <trkpt lat="22.7291180" lon="120.3229400">
    <ele>17.6</ele>
   </trkpt>
   <trkpt lat="22.7291140" lon="120.3229320">
    <ele>17.6</ele>
   </trkpt>
   <trkpt lat="22.7291080" lon="120.3229390">
    <ele>17.6</ele>
   </trkpt>
   <trkpt lat="22.7291040" lon="120.3229310">
    <ele>17.6</ele>
   </trkpt>
   <trkpt lat="22.7290950" lon="120.3229330">
    <ele>17.7</ele>
   </trkpt>
   <trkpt lat="22.7290950" lon="120.3229330">
    <ele>17.7</ele>
   </trkpt>
   <trkpt lat="22.7290880" lon="120.3229310">
    <ele>17.7</ele>
   </trkpt>
   <trkpt lat="22.7290850" lon="120.3229340">
    <ele>17.7</ele>
   </trkpt>
   <trkpt lat="22.7290820" lon="120.3229330">
    <ele>17.7</ele>
   </trkpt>
   <trkpt lat="22.7290800" lon="120.3229370">
    <ele>17.7</ele>
   </trkpt>
   <trkpt lat="22.7290790" lon="120.3229360">
    <ele>17.7</ele>
   </trkpt>
   <trkpt lat="22.7290830" lon="120.3229350">
    <ele>17.7</ele>
   </trkpt>
   <trkpt lat="22.7290850" lon="120.3229280">
    <ele>17.7</ele>
   </trkpt>
   <trkpt lat="22.7290810" lon="120.3229180">
    <ele>17.7</ele>
   </trkpt>
   <trkpt lat="22.7290750" lon="120.3229060">
    <ele>17.7</ele>
   </trkpt>
   <trkpt lat="22.7290650" lon="120.3228990">
    <ele>17.7</ele>
   </trkpt>
   <trkpt lat="22.7290610" lon="120.3229070">
    <ele>17.7</ele>
   </trkpt>
   <trkpt lat="22.7290610" lon="120.3229170">
    <ele>17.7</ele>
   </trkpt>
   <trkpt lat="22.7290560" lon="120.3229090">
    <ele>17.7</ele>
   </trkpt>
   <trkpt lat="22.7290510" lon="120.3228940">
    <ele>17.7</ele>
   </trkpt>
   <trkpt lat="22.7290480" lon="120.3228780">
    <ele>17.7</ele>
   </trkpt>
   <trkpt lat="22.7290320" lon="120.3228650">
    <ele>17.7</ele>
   </trkpt>
   <trkpt lat="22.7290280" lon="120.3228560">
    <ele>17.8</ele>
   </trkpt>
   <trkpt lat="22.7290160" lon="120.3228520">
    <ele>17.8</ele>
   </trkpt>
   <trkpt lat="22.7290090" lon="120.3228460">
    <ele>17.8</ele>
   </trkpt>
   <trkpt lat="22.7290050" lon="120.3228360">
    <ele>17.8</ele>
   </trkpt>
   <trkpt lat="22.7290060" lon="120.3228190">
    <ele>17.8</ele>
   </trkpt>
   <trkpt lat="22.7290100" lon="120.3228050">
    <ele>17.8</ele>
   </trkpt>
   <trkpt lat="22.7290100" lon="120.3227930">
    <ele>17.8</ele>
   </trkpt>
   <trkpt lat="22.7290170" lon="120.3227850">
    <ele>17.8</ele>
   </trkpt>
   <trkpt lat="22.7290220" lon="120.3227830">
    <ele>17.8</ele>
   </trkpt>
   <trkpt lat="22.7290260" lon="120.3227690">
    <ele>17.8</ele>
   </trkpt>
   <trkpt lat="22.7290220" lon="120.3227670">
    <ele>17.8</ele>
   </trkpt>
   <trkpt lat="22.7290180" lon="120.3227450">
    <ele>17.8</ele>
   </trkpt>
   <trkpt lat="22.7290180" lon="120.3227120">
    <ele>17.9</ele>
   </trkpt>
   <trkpt lat="22.7290180" lon="120.3226900">
    <ele>17.9</ele>
   </trkpt>
   <trkpt lat="22.7290190" lon="120.3226760">
    <ele>17.9</ele>
   </trkpt>
   <trkpt lat="22.7290070" lon="120.3226670">
    <ele>17.9</ele>
   </trkpt>
   <trkpt lat="22.7289930" lon="120.3226650">
    <ele>17.9</ele>
   </trkpt>
   <trkpt lat="22.7289760" lon="120.3226630">
    <ele>17.9</ele>
   </trkpt>
   <trkpt lat="22.7289600" lon="120.3226640">
    <ele>17.9</ele>
   </trkpt>
   <trkpt lat="22.7289370" lon="120.3226650">
    <ele>17.9</ele>
   </trkpt>
   <trkpt lat="22.7289220" lon="120.3226720">
    <ele>17.9</ele>
   </trkpt>
   <trkpt lat="22.7289070" lon="120.3226800">
    <ele>17.9</ele>
   </trkpt>
   <trkpt lat="22.7288920" lon="120.3226860">
    <ele>17.9</ele>
   </trkpt>
   <trkpt lat="22.7288810" lon="120.3226890">
    <ele>17.9</ele>
   </trkpt>
   <trkpt lat="22.7288640" lon="120.3226880">
    <ele>17.9</ele>
   </trkpt>
   <trkpt lat="22.7288550" lon="120.3226890">
    <ele>17.9</ele>
   </trkpt>
   <trkpt lat="22.7288380" lon="120.3226930">
    <ele>17.8</ele>
   </trkpt>
   <trkpt lat="22.7288240" lon="120.3226950">
    <ele>17.8</ele>
   </trkpt>
   <trkpt lat="22.7288130" lon="120.3226960">
    <ele>17.8</ele>
   </trkpt>
   <trkpt lat="22.7288000" lon="120.3226950">
    <ele>17.8</ele>
   </trkpt>
   <trkpt lat="22.7287830" lon="120.3226970">
    <ele>17.8</ele>
   </trkpt>
   <trkpt lat="22.7287720" lon="120.3227000">
    <ele>17.8</ele>
   </trkpt>
   <trkpt lat="22.7287550" lon="120.3227060">
    <ele>17.8</ele>
   </trkpt>
   <trkpt lat="22.7287410" lon="120.3227130">
    <ele>17.8</ele>
   </trkpt>
   <trkpt lat="22.7287280" lon="120.3227190">
    <ele>17.8</ele>
   </trkpt>
   <trkpt lat="22.7287160" lon="120.3227280">
    <ele>17.8</ele>
   </trkpt>
   <trkpt lat="22.7287030" lon="120.3227330">
    <ele>17.8</ele>
   </trkpt>
   <trkpt lat="22.7286920" lon="120.3227310">
    <ele>17.8</ele>
   </trkpt>
   <trkpt lat="22.7286770" lon="120.3227380">
    <ele>17.8</ele>
   </trkpt>
   <trkpt lat="22.7286660" lon="120.3227470">
    <ele>17.8</ele>
   </trkpt>
   <trkpt lat="22.7286560" lon="120.3227460">
    <ele>17.8</ele>
   </trkpt>
   <trkpt lat="22.7286470" lon="120.3227580">
    <ele>17.8</ele>
   </trkpt>
   <trkpt lat="22.7286380" lon="120.3227710">
    <ele>17.8</ele>
   </trkpt>
   <trkpt lat="22.7286360" lon="120.3227800">
    <ele>17.8</ele>
   </trkpt>
   <trkpt lat="22.7286320" lon="120.3227820">
    <ele>17.9</ele>
   </trkpt>
   <trkpt lat="22.7286180" lon="120.3227930">
    <ele>17.9</ele>
   </trkpt>
   <trkpt lat="22.7286120" lon="120.3228000">
    <ele>17.9</ele>
   </trkpt>
   <trkpt lat="22.7286090" lon="120.3228100">
    <ele>17.9</ele>
   </trkpt>
   <trkpt lat="22.7286040" lon="120.3228190">
    <ele>17.9</ele>
   </trkpt>
   <trkpt lat="22.7286010" lon="120.3228320">
    <ele>17.9</ele>
   </trkpt>
   <trkpt lat="22.7285920" lon="120.3228450">
    <ele>17.9</ele>
   </trkpt>
   <trkpt lat="22.7285840" lon="120.3228530">
    <ele>17.9</ele>
   </trkpt>
   <trkpt lat="22.7285720" lon="120.3228630">
    <ele>17.9</ele>
   </trkpt>
   <trkpt lat="22.7285620" lon="120.3228750">
    <ele>17.9</ele>
   </trkpt>
   <trkpt lat="22.7285530" lon="120.3228870">
    <ele>17.9</ele>
   </trkpt>
   <trkpt lat="22.7285490" lon="120.3228940">
    <ele>17.9</ele>
   </trkpt>
   <trkpt lat="22.7285370" lon="120.3228970">
    <ele>17.9</ele>
   </trkpt>
   <trkpt lat="22.7285310" lon="120.3229050">
    <ele>17.9</ele>
   </trkpt>
   <trkpt lat="22.7285210" lon="120.3229230">
    <ele>17.9</ele>
   </trkpt>
   <trkpt lat="22.7285180" lon="120.3229360">
    <ele>17.9</ele>
   </trkpt>
   <trkpt lat="22.7285130" lon="120.3229460">
    <ele>17.9</ele>
   </trkpt>
   <trkpt lat="22.7285050" lon="120.3229640">
    <ele>17.9</ele>
   </trkpt>
   <trkpt lat="22.7285020" lon="120.3229780">
    <ele>17.9</ele>
   </trkpt>
   <trkpt lat="22.7285010" lon="120.3229880">
    <ele>17.9</ele>
   </trkpt>
   <trkpt lat="22.7284950" lon="120.3229940">
    <ele>17.9</ele>
   </trkpt>
   <trkpt lat="22.7284800" lon="120.3230000">
    <ele>17.9</ele>
   </trkpt>
   <trkpt lat="22.7284700" lon="120.3230090">
    <ele>17.9</ele>
   </trkpt>
   <trkpt lat="22.7284540" lon="120.3230190">
    <ele>17.9</ele>
   </trkpt>
   <trkpt lat="22.7284530" lon="120.3230270">
    <ele>17.9</ele>
   </trkpt>
   <trkpt lat="22.7284420" lon="120.3230310">
    <ele>17.9</ele>
   </trkpt>
   <trkpt lat="22.7284360" lon="120.3230360">
    <ele>17.9</ele>
   </trkpt>
   <trkpt lat="22.7284380" lon="120.3230340">
    <ele>17.9</ele>
   </trkpt>
   <trkpt lat="22.7284290" lon="120.3230340">
    <ele>17.9</ele>
   </trkpt>
   <trkpt lat="22.7284260" lon="120.3230340">
    <ele>17.9</ele>
   </trkpt>
   <trkpt lat="22.7284350" lon="120.3230270">
    <ele>17.9</ele>
   </trkpt>
   <trkpt lat="22.7284400" lon="120.3230360">
    <ele>17.9</ele>
   </trkpt>
   <trkpt lat="22.7284480" lon="120.3230330">
    <ele>17.9</ele>
   </trkpt>
   <trkpt lat="22.7284540" lon="120.3230320">
    <ele>17.9</ele>
   </trkpt>
   <trkpt lat="22.7284540" lon="120.3230280">
    <ele>17.9</ele>
   </trkpt>
   <trkpt lat="22.7284410" lon="120.3230300">
    <ele>18.0</ele>
   </trkpt>
   <trkpt lat="22.7284540" lon="120.3230450">
    <ele>18.0</ele>
   </trkpt>
   <trkpt lat="22.7284660" lon="120.3230410">
    <ele>18.0</ele>
   </trkpt>
   <trkpt lat="22.7284790" lon="120.3230400">
    <ele>18.0</ele>
   </trkpt>
   <trkpt lat="22.7285000" lon="120.3230360">
    <ele>18.0</ele>
   </trkpt>
   <trkpt lat="22.7285050" lon="120.3230410">
    <ele>18.0</ele>
   </trkpt>
   <trkpt lat="22.7285150" lon="120.3230370">
    <ele>18.0</ele>
   </trkpt>
   <trkpt lat="22.7285210" lon="120.3230490">
    <ele>18.0</ele>
   </trkpt>
   <trkpt lat="22.7285370" lon="120.3230620">
    <ele>18.0</ele>
   </trkpt>
   <trkpt lat="22.7285420" lon="120.3230690">
    <ele>18.0</ele>
   </trkpt>
   <trkpt lat="22.7285450" lon="120.3230690">
    <ele>18.0</ele>
   </trkpt>
   <trkpt lat="22.7285520" lon="120.3230650">
    <ele>18.0</ele>
   </trkpt>
   <trkpt lat="22.7285550" lon="120.3230560">
    <ele>18.0</ele>
   </trkpt>
   <trkpt lat="22.7285540" lon="120.3230590">
    <ele>18.0</ele>
   </trkpt>
   <trkpt lat="22.7285700" lon="120.3230700">
    <ele>18.0</ele>
   </trkpt>
   <trkpt lat="22.7285810" lon="120.3230700">
    <ele>18.0</ele>
   </trkpt>
   <trkpt lat="22.7285980" lon="120.3230710">
    <ele>18.0</ele>
   </trkpt>
   <trkpt lat="22.7286090" lon="120.3230780">
    <ele>18.0</ele>
   </trkpt>
   <trkpt lat="22.7286200" lon="120.3230770">
    <ele>18.0</ele>
   </trkpt>
   <trkpt lat="22.7286380" lon="120.3230900">
    <ele>18.0</ele>
   </trkpt>
   <trkpt lat="22.7286460" lon="120.3230950">
    <ele>18.0</ele>
   </trkpt>
   <trkpt lat="22.7286660" lon="120.3230960">
    <ele>18.0</ele>
   </trkpt>
   <trkpt lat="22.7286770" lon="120.3230950">
    <ele>18.0</ele>
   </trkpt>
   <trkpt lat="22.7286840" lon="120.3230940">
    <ele>18.0</ele>
   </trkpt>
   <trkpt lat="22.7286980" lon="120.3231030">
    <ele>18.0</ele>
   </trkpt>
   <trkpt lat="22.7286990" lon="120.3231050">
    <ele>18.0</ele>
   </trkpt>
   <trkpt lat="22.7287120" lon="120.3231070">
    <ele>18.0</ele>
   </trkpt>
   <trkpt lat="22.7287230" lon="120.3231060">
    <ele>18.0</ele>
   </trkpt>
   <trkpt lat="22.7287290" lon="120.3231070">
    <ele>18.0</ele>
   </trkpt>
   <trkpt lat="22.7287350" lon="120.3231200">
    <ele>18.0</ele>
   </trkpt>
   <trkpt lat="22.7287390" lon="120.3231380">
    <ele>18.0</ele>
   </trkpt>
   <trkpt lat="22.7287410" lon="120.3231520">
    <ele>18.0</ele>
   </trkpt>
   <trkpt lat="22.7287410" lon="120.3231500">
    <ele>18.0</ele>
   </trkpt>
   <trkpt lat="22.7287400" lon="120.3231420">
    <ele>18.0</ele>
   </trkpt>
   <trkpt lat="22.7287460" lon="120.3231420">
    <ele>18.0</ele>
   </trkpt>
   <trkpt lat="22.7287550" lon="120.3231370">
    <ele>18.0</ele>
   </trkpt>
   <trkpt lat="22.7287520" lon="120.3231350">
    <ele>18.0</ele>
   </trkpt>
   <trkpt lat="22.7287510" lon="120.3231380">
    <ele>18.0</ele>
   </trkpt>
   <trkpt lat="22.7287540" lon="120.3231510">
    <ele>18.0</ele>
   </trkpt>
   <trkpt lat="22.7287590" lon="120.3231560">
    <ele>18.0</ele>
   </trkpt>
   <trkpt lat="22.7287660" lon="120.3231590">
    <ele>18.0</ele>
   </trkpt>
   <trkpt lat="22.7287850" lon="120.3231580">
    <ele>18.0</ele>
   </trkpt>
   <trkpt lat="22.7288030" lon="120.3231540">
    <ele>18.0</ele>
   </trkpt>
   <trkpt lat="22.7288180" lon="120.3231570">
    <ele>18.0</ele>
   </trkpt>
   <trkpt lat="22.7288190" lon="120.3231660">
    <ele>18.1</ele>
   </trkpt>
   <trkpt lat="22.7288210" lon="120.3231670">
    <ele>18.1</ele>
   </trkpt>
   <trkpt lat="22.7288180" lon="120.3231710">
    <ele>18.1</ele>
   </trkpt>
   <trkpt lat="22.7288180" lon="120.3231650">
    <ele>18.1</ele>
   </trkpt>
   <trkpt lat="22.7288220" lon="120.3231700">
    <ele>18.1</ele>
   </trkpt>
   <trkpt lat="22.7288380" lon="120.3231790">
    <ele>18.1</ele>
   </trkpt>
   <trkpt lat="22.7288500" lon="120.3231890">
    <ele>18.1</ele>
   </trkpt>
   <trkpt lat="22.7288510" lon="120.3231960">
    <ele>18.1</ele>
   </trkpt>
   <trkpt lat="22.7288520" lon="120.3231980">
    <ele>18.1</ele>
   </trkpt>
   <trkpt lat="22.7288570" lon="120.3232060">
    <ele>18.1</ele>
   </trkpt>
   <trkpt lat="22.7288600" lon="120.3232230">
    <ele>18.1</ele>
   </trkpt>
   <trkpt lat="22.7288630" lon="120.3232320">
    <ele>18.1</ele>
   </trkpt>
   <trkpt lat="22.7288660" lon="120.3232360">
    <ele>18.1</ele>
   </trkpt>
   <trkpt lat="22.7288600" lon="120.3232370">
    <ele>18.1</ele>
   </trkpt>
   <trkpt lat="22.7288590" lon="120.3232550">
    <ele>18.1</ele>
   </trkpt>
   <trkpt lat="22.7288610" lon="120.3232730">
    <ele>18.1</ele>
   </trkpt>
   <trkpt lat="22.7288630" lon="120.3232860">
    <ele>18.1</ele>
   </trkpt>
   <trkpt lat="22.7288600" lon="120.3232950">
    <ele>18.1</ele>
   </trkpt>
   <trkpt lat="22.7288610" lon="120.3232950">
    <ele>18.1</ele>
   </trkpt>
   <trkpt lat="22.7288590" lon="120.3232890">
    <ele>18.1</ele>
   </trkpt>
   <trkpt lat="22.7288590" lon="120.3233110">
    <ele>18.1</ele>
   </trkpt>
   <trkpt lat="22.7288610" lon="120.3233440">
    <ele>18.1</ele>
   </trkpt>
   <trkpt lat="22.7288650" lon="120.3233530">
    <ele>18.1</ele>
   </trkpt>
   <trkpt lat="22.7288630" lon="120.3233790">
    <ele>18.1</ele>
   </trkpt>
   <trkpt lat="22.7288650" lon="120.3233840">
    <ele>18.1</ele>
   </trkpt>
   <trkpt lat="22.7288650" lon="120.3233910">
    <ele>18.1</ele>
   </trkpt>
   <trkpt lat="22.7288700" lon="120.3234060">
    <ele>18.1</ele>
   </trkpt>
   <trkpt lat="22.7288740" lon="120.3234110">
    <ele>18.1</ele>
   </trkpt>
   <trkpt lat="22.7288880" lon="120.3234190">
    <ele>18.1</ele>
   </trkpt>
   <trkpt lat="22.7288800" lon="120.3234310">
    <ele>18.1</ele>
   </trkpt>
   <trkpt lat="22.7288810" lon="120.3234430">
    <ele>18.1</ele>
   </trkpt>
   <trkpt lat="22.7288760" lon="120.3234510">
    <ele>18.2</ele>
   </trkpt>
   <trkpt lat="22.7288800" lon="120.3234520">
    <ele>18.2</ele>
   </trkpt>
   <trkpt lat="22.7288860" lon="120.3234580">
    <ele>18.2</ele>
   </trkpt>
   <trkpt lat="22.7288910" lon="120.3234640">
    <ele>18.2</ele>
   </trkpt>
   <trkpt lat="22.7288980" lon="120.3234820">
    <ele>18.2</ele>
   </trkpt>
   <trkpt lat="22.7289030" lon="120.3234880">
    <ele>18.2</ele>
   </trkpt>
   <trkpt lat="22.7288880" lon="120.3234930">
    <ele>18.2</ele>
   </trkpt>
   <trkpt lat="22.7288730" lon="120.3235060">
    <ele>18.2</ele>
   </trkpt>
   <trkpt lat="22.7288670" lon="120.3235080">
    <ele>18.2</ele>
   </trkpt>
   <trkpt lat="22.7288770" lon="120.3235110">
    <ele>18.2</ele>
   </trkpt>
   <trkpt lat="22.7288920" lon="120.3235180">
    <ele>18.2</ele>
   </trkpt>
   <trkpt lat="22.7288970" lon="120.3235280">
    <ele>18.2</ele>
   </trkpt>
   <trkpt lat="22.7288930" lon="120.3235300">
    <ele>18.2</ele>
   </trkpt>
   <trkpt lat="22.7288940" lon="120.3235320">
    <ele>18.2</ele>
   </trkpt>
   <trkpt lat="22.7288880" lon="120.3235350">
    <ele>18.2</ele>
   </trkpt>
   <trkpt lat="22.7288830" lon="120.3235330">
    <ele>18.2</ele>
   </trkpt>
   <trkpt lat="22.7289100" lon="120.3235280">
    <ele>18.2</ele>
   </trkpt>
   <trkpt lat="22.7289140" lon="120.3235350">
    <ele>18.2</ele>
   </trkpt>
   <trkpt lat="22.7289130" lon="120.3235470">
    <ele>18.2</ele>
   </trkpt>
   <trkpt lat="22.7289120" lon="120.3235520">
    <ele>18.2</ele>
   </trkpt>
   <trkpt lat="22.7289170" lon="120.3235580">
    <ele>18.2</ele>
   </trkpt>
   <trkpt lat="22.7289250" lon="120.3235610">
    <ele>18.2</ele>
   </trkpt>
   <trkpt lat="22.7289370" lon="120.3235680">
    <ele>18.2</ele>
   </trkpt>
   <trkpt lat="22.7289430" lon="120.3235770">
    <ele>18.2</ele>
   </trkpt>
   <trkpt lat="22.7289430" lon="120.3235730">
    <ele>18.2</ele>
   </trkpt>
   <trkpt lat="22.7289480" lon="120.3235620">
    <ele>18.2</ele>
   </trkpt>
   <trkpt lat="22.7289540" lon="120.3235590">
    <ele>18.2</ele>
   </trkpt>
   <trkpt lat="22.7289510" lon="120.3235430">
    <ele>18.2</ele>
   </trkpt>
   <trkpt lat="22.7289500" lon="120.3235320">
    <ele>18.2</ele>
   </trkpt>
   <trkpt lat="22.7289390" lon="120.3235270">
    <ele>18.2</ele>
   </trkpt>
   <trkpt lat="22.7289340" lon="120.3235160">
    <ele>18.2</ele>
   </trkpt>
   <trkpt lat="22.7289340" lon="120.3235050">
    <ele>18.2</ele>
   </trkpt>
   <trkpt lat="22.7289320" lon="120.3234930">
    <ele>18.2</ele>
   </trkpt>
   <trkpt lat="22.7289220" lon="120.3234940">
    <ele>18.2</ele>
   </trkpt>
   <trkpt lat="22.7289150" lon="120.3234820">
    <ele>18.2</ele>
   </trkpt>
   <trkpt lat="22.7289120" lon="120.3234710">
    <ele>18.2</ele>
   </trkpt>
   <trkpt lat="22.7289030" lon="120.3234670">
    <ele>18.2</ele>
   </trkpt>
   <trkpt lat="22.7288950" lon="120.3234580">
    <ele>18.2</ele>
   </trkpt>
   <trkpt lat="22.7288820" lon="120.3234580">
    <ele>18.2</ele>
   </trkpt>
   <trkpt lat="22.7288680" lon="120.3234470">
    <ele>18.2</ele>
   </trkpt>
   <trkpt lat="22.7288590" lon="120.3234440">
    <ele>18.2</ele>
   </trkpt>
   <trkpt lat="22.7288520" lon="120.3234310">
    <ele>18.2</ele>
   </trkpt>
   <trkpt lat="22.7288430" lon="120.3234250">
    <ele>18.2</ele>
   </trkpt>
   <trkpt lat="22.7288320" lon="120.3234180">
    <ele>18.2</ele>
   </trkpt>
   <trkpt lat="22.7288180" lon="120.3234110">
    <ele>18.2</ele>
   </trkpt>
   <trkpt lat="22.7288080" lon="120.3234050">
    <ele>18.2</ele>
   </trkpt>
   <trkpt lat="22.7287890" lon="120.3233950">
    <ele>18.2</ele>
   </trkpt>
   <trkpt lat="22.7287820" lon="120.3233890">
    <ele>18.2</ele>
   </trkpt>
   <trkpt lat="22.7287750" lon="120.3233780">
    <ele>18.1</ele>
   </trkpt>
   <trkpt lat="22.7287630" lon="120.3233720">
    <ele>18.1</ele>
   </trkpt>
   <trkpt lat="22.7287580" lon="120.3233650">
    <ele>18.1</ele>
   </trkpt>
   <trkpt lat="22.7287500" lon="120.3233540">
    <ele>18.1</ele>
   </trkpt>
   <trkpt lat="22.7287430" lon="120.3233430">
    <ele>18.1</ele>
   </trkpt>
   <trkpt lat="22.7287390" lon="120.3233320">
    <ele>18.1</ele>
   </trkpt>
   <trkpt lat="22.7287350" lon="120.3233240">
    <ele>18.1</ele>
   </trkpt>
   <trkpt lat="22.7287250" lon="120.3233130">
    <ele>18.1</ele>
   </trkpt>
   <trkpt lat="22.7287180" lon="120.3233060">
    <ele>18.1</ele>
   </trkpt>
   <trkpt lat="22.7287080" lon="120.3232940">
    <ele>18.1</ele>
   </trkpt>
   <trkpt lat="22.7287020" lon="120.3232810">
    <ele>18.1</ele>
   </trkpt>
   <trkpt lat="22.7286950" lon="120.3232700">
    <ele>18.1</ele>
   </trkpt>
   <trkpt lat="22.7286880" lon="120.3232590">
    <ele>18.1</ele>
   </trkpt>
   <trkpt lat="22.7286820" lon="120.3232470">
    <ele>18.1</ele>
   </trkpt>
   <trkpt lat="22.7286740" lon="120.3232380">
    <ele>18.1</ele>
   </trkpt>
   <trkpt lat="22.7286670" lon="120.3232270">
    <ele>18.1</ele>
   </trkpt>
   <trkpt lat="22.7286600" lon="120.3232200">
    <ele>18.1</ele>
   </trkpt>
   <trkpt lat="22.7286520" lon="120.3232070">
    <ele>18.1</ele>
   </trkpt>
   <trkpt lat="22.7286460" lon="120.3231940">
    <ele>18.1</ele>
   </trkpt>
   <trkpt lat="22.7286360" lon="120.3231890">
    <ele>18.0</ele>
   </trkpt>
   <trkpt lat="22.7286280" lon="120.3231790">
    <ele>18.0</ele>
   </trkpt>
   <trkpt lat="22.7286160" lon="120.3231690">
    <ele>18.0</ele>
   </trkpt>
   <trkpt lat="22.7286140" lon="120.3231550">
    <ele>18.0</ele>
   </trkpt>
   <trkpt lat="22.7286150" lon="120.3231380">
    <ele>18.0</ele>
   </trkpt>
   <trkpt lat="22.7286140" lon="120.3231260">
    <ele>18.0</ele>
   </trkpt>
   <trkpt lat="22.7286060" lon="120.3231150">
    <ele>18.0</ele>
   </trkpt>
   <trkpt lat="22.7285980" lon="120.3231020">
    <ele>18.0</ele>
   </trkpt>
   <trkpt lat="22.7285910" lon="120.3230950">
    <ele>18.0</ele>
   </trkpt>
   <trkpt lat="22.7285830" lon="120.3230840">
    <ele>18.0</ele>
   </trkpt>
   <trkpt lat="22.7285750" lon="120.3230730">
    <ele>18.0</ele>
   </trkpt>
   <trkpt lat="22.7285690" lon="120.3230640">
    <ele>18.0</ele>
   </trkpt>
   <trkpt lat="22.7285640" lon="120.3230570">
    <ele>18.0</ele>
   </trkpt>
   <trkpt lat="22.7285530" lon="120.3230500">
    <ele>18.0</ele>
   </trkpt>
   <trkpt lat="22.7285430" lon="120.3230420">
    <ele>18.0</ele>
   </trkpt>
   <trkpt lat="22.7285290" lon="120.3230340">
    <ele>18.0</ele>
   </trkpt>
   <trkpt lat="22.7285210" lon="120.3230270">
    <ele>18.0</ele>
   </trkpt>
   <trkpt lat="22.7285120" lon="120.3230180">
    <ele>18.0</ele>
   </trkpt>
   <trkpt lat="22.7284990" lon="120.3230150">
    <ele>18.0</ele>
   </trkpt>
   <trkpt lat="22.7284840" lon="120.3230140">
    <ele>18.0</ele>
   </trkpt>
   <trkpt lat="22.7284690" lon="120.3230120">
    <ele>18.0</ele>
   </trkpt>
   <trkpt lat="22.7284550" lon="120.3230070">
    <ele>18.0</ele>
   </trkpt>
   <trkpt lat="22.7284380" lon="120.3230020">
    <ele>18.0</ele>
   </trkpt>
   <trkpt lat="22.7284230" lon="120.3229970">
    <ele>18.0</ele>
   </trkpt>
   <trkpt lat="22.7284060" lon="120.3230000">
    <ele>17.9</ele>
   </trkpt>
   <trkpt lat="22.7283890" lon="120.3229990">
    <ele>17.9</ele>
   </trkpt>
   <trkpt lat="22.7283750" lon="120.3230020">
    <ele>17.9</ele>
   </trkpt>
   <trkpt lat="22.7283600" lon="120.3230020">
    <ele>17.9</ele>
   </trkpt>
   <trkpt lat="22.7283530" lon="120.3230030">
    <ele>17.9</ele>
   </trkpt>
   <trkpt lat="22.7283400" lon="120.3230020">
    <ele>17.9</ele>
   </trkpt>
   <trkpt lat="22.7283290" lon="120.3230010">
    <ele>17.9</ele>
   </trkpt>
   <trkpt lat="22.7283170" lon="120.3229990">
    <ele>17.9</ele>
   </trkpt>
   <trkpt lat="22.7283070" lon="120.3229980">
    <ele>17.9</ele>
   </trkpt>
   <trkpt lat="22.7282960" lon="120.3229970">
    <ele>17.9</ele>
   </trkpt>
   <trkpt lat="22.7282900" lon="120.3229960">
    <ele>17.9</ele>
   </trkpt>
   <trkpt lat="22.7282770" lon="120.3229870">
    <ele>17.9</ele>
   </trkpt>
   <trkpt lat="22.7282700" lon="120.3229750">
    <ele>17.9</ele>
   </trkpt>
  </trkseg>
 </trk>
</gpx>
