<?xml version="1.0" encoding="UTF-8"?>
<gpx creator="StravaGPX" version="1.1" xmlns="http://www.topografix.com/GPX/1/1" xmlns:xsi="http://www.w3.org/2001/XMLSchema-instance" xsi:schemaLocation="http://www.topografix.com/GPX/1/1 http://www.topografix.com/GPX/1/1/gpx.xsd">
 <metadata>
  <time>2026-08-31T06:46:26Z</time>
 </metadata>
 <trk>
  <name>午後步行</name>
  <type>walking</type>
  <trkseg>
   <trkpt lat="22.7262090" lon="120.3003290">
    <ele>21.3</ele>
    <time>2026-08-31T06:46:26Z</time>
   </trkpt>
   <trkpt lat="22.7262090" lon="120.3003290">
    <ele>21.3</ele>
    <time>2026-08-31T06:46:27Z</time>
   </trkpt>
   <trkpt lat="22.7262090" lon="120.3003290">
    <ele>21.3</ele>
    <time>2026-08-31T06:46:28Z</time>
   </trkpt>
   <trkpt lat="22.7262090" lon="120.3003290">
    <ele>21.3</ele>
    <time>2026-08-31T06:46:29Z</time>
   </trkpt>
   <trkpt lat="22.7262090" lon="120.3003290">
    <ele>21.3</ele>
    <time>2026-08-31T06:46:30Z</time>
   </trkpt>
   <trkpt lat="22.7262090" lon="120.3003290">
    <ele>21.3</ele>
    <time>2026-08-31T06:46:31Z</time>
   </trkpt>
   <trkpt lat="22.7262090" lon="120.3003290">
    <ele>21.3</ele>
    <time>2026-08-31T06:46:32Z</time>
   </trkpt>
   <trkpt lat="22.7262090" lon="120.3003290">
    <ele>21.3</ele>
    <time>2026-08-31T06:46:33Z</time>
   </trkpt>
   <trkpt lat="22.7262090" lon="120.3003290">
    <ele>21.3</ele>
    <time>2026-08-31T06:46:34Z</time>
   </trkpt>
   <trkpt lat="22.7262150" lon="120.3003330">
    <ele>21.3</ele>
    <time>2026-08-31T06:46:35Z</time>
   </trkpt>
   <trkpt lat="22.7262150" lon="120.3003340">
    <ele>21.3</ele>
    <time>2026-08-31T06:46:36Z</time>
   </trkpt>
   <trkpt lat="22.7262150" lon="120.3003350">
    <ele>21.3</ele>
    <time>2026-08-31T06:46:37Z</time>
   </trkpt>
   <trkpt lat="22.7262160" lon="120.3003340">
    <ele>21.3</ele>
    <time>2026-08-31T06:46:38Z</time>
   </trkpt>
   <trkpt lat="22.7262140" lon="120.3003360">
    <ele>21.3</ele>
    <time>2026-08-31T06:46:39Z</time>
   </trkpt>
   <trkpt lat="22.7262110" lon="120.3003320">
    <ele>21.3</ele>
    <time>2026-08-31T06:46:40Z</time>
   </trkpt>
   <trkpt lat="22.7262120" lon="120.3003320">
    <ele>21.3</ele>
    <time>2026-08-31T06:46:41Z</time>
   </trkpt>
   <trkpt lat="22.7262110" lon="120.3003320">
    <ele>21.3</ele>
    <time>2026-08-31T06:46:42Z</time>
   </trkpt>
   <trkpt lat="22.7262160" lon="120.3003310">
    <ele>21.3</ele>
    <time>2026-08-31T06:46:43Z</time>
   </trkpt>
   <trkpt lat="22.7262230" lon="120.3003290">
    <ele>21.3</ele>
    <time>2026-08-31T06:46:44Z</time>
   </trkpt>
   <trkpt lat="22.7262340" lon="120.3003360">
    <ele>21.3</ele>
    <time>2026-08-31T06:46:45Z</time>
   </trkpt>
   <trkpt lat="22.7262360" lon="120.3003530">
    <ele>21.3</ele>
    <time>2026-08-31T06:46:46Z</time>
   </trkpt>
   <trkpt lat="22.7262270" lon="120.3003690">
    <ele>21.3</ele>
    <time>2026-08-31T06:46:47Z</time>
   </trkpt>
   <trkpt lat="22.7262240" lon="120.3003760">
    <ele>21.3</ele>
    <time>2026-08-31T06:46:48Z</time>
   </trkpt>
   <trkpt lat="22.7262230" lon="120.3003910">
    <ele>21.3</ele>
    <time>2026-08-31T06:46:49Z</time>
   </trkpt>
   <trkpt lat="22.7262180" lon="120.3004040">
    <ele>21.3</ele>
    <time>2026-08-31T06:46:50Z</time>
   </trkpt>
   <trkpt lat="22.7262150" lon="120.3004080">
    <ele>21.3</ele>
    <time>2026-08-31T06:46:51Z</time>
   </trkpt>
   <trkpt lat="22.7262140" lon="120.3004010">
    <ele>21.3</ele>
    <time>2026-08-31T06:46:52Z</time>
   </trkpt>
   <trkpt lat="22.7262150" lon="120.3003900">
    <ele>21.3</ele>
    <time>2026-08-31T06:46:53Z</time>
   </trkpt>
   <trkpt lat="22.7262130" lon="120.3003740">
    <ele>21.3</ele>
    <time>2026-08-31T06:46:54Z</time>
   </trkpt>
   <trkpt lat="22.7262140" lon="120.3003580">
    <ele>21.3</ele>
    <time>2026-08-31T06:46:55Z</time>
   </trkpt>
   <trkpt lat="22.7262240" lon="120.3003480">
    <ele>21.3</ele>
    <time>2026-08-31T06:46:56Z</time>
   </trkpt>
   <trkpt lat="22.7262260" lon="120.3003400">
    <ele>21.3</ele>
    <time>2026-08-31T06:46:57Z</time>
   </trkpt>
   <trkpt lat="22.7262370" lon="120.3003330">
    <ele>21.3</ele>
    <time>2026-08-31T06:46:58Z</time>
   </trkpt>
   <trkpt lat="22.7262470" lon="120.3003330">
    <ele>21.2</ele>
    <time>2026-08-31T06:46:59Z</time>
   </trkpt>
   <trkpt lat="22.7262570" lon="120.3003290">
    <ele>21.2</ele>
    <time>2026-08-31T06:47:00Z</time>
   </trkpt>
   <trkpt lat="22.7262660" lon="120.3003270">
    <ele>21.2</ele>
    <time>2026-08-31T06:47:01Z</time>
   </trkpt>
   <trkpt lat="22.7262730" lon="120.3003260">
    <ele>21.2</ele>
    <time>2026-08-31T06:47:02Z</time>
   </trkpt>
   <trkpt lat="22.7262800" lon="120.3003260">
    <ele>21.2</ele>
    <time>2026-08-31T06:47:03Z</time>
   </trkpt>
   <trkpt lat="22.7262870" lon="120.3003270">
    <ele>21.2</ele>
    <time>2026-08-31T06:47:04Z</time>
   </trkpt>
   <trkpt lat="22.7262940" lon="120.3003250">
    <ele>21.2</ele>
    <time>2026-08-31T06:47:05Z</time>
   </trkpt>
   <trkpt lat="22.7263050" lon="120.3003200">
    <ele>21.1</ele>
    <time>2026-08-31T06:47:06Z</time>
   </trkpt>
   <trkpt lat="22.7263170" lon="120.3003130">
    <ele>21.1</ele>
    <time>2026-08-31T06:47:07Z</time>
   </trkpt>
   <trkpt lat="22.7263260" lon="120.3003070">
    <ele>21.1</ele>
    <time>2026-08-31T06:47:08Z</time>
   </trkpt>
   <trkpt lat="22.7263380" lon="120.3003050">
    <ele>21.1</ele>
    <time>2026-08-31T06:47:09Z</time>
   </trkpt>
   <trkpt lat="22.7263450" lon="120.3003010">
    <ele>21.1</ele>
    <time>2026-08-31T06:47:10Z</time>
   </trkpt>
   <trkpt lat="22.7263530" lon="120.3002990">
    <ele>21.1</ele>
    <time>2026-08-31T06:47:11Z</time>
   </trkpt>
   <trkpt lat="22.7263540" lon="120.3003020">
    <ele>21.1</ele>
    <time>2026-08-31T06:47:12Z</time>
   </trkpt>
   <trkpt lat="22.7263500" lon="120.3003050">
    <ele>21.1</ele>
    <time>2026-08-31T06:47:13Z</time>
   </trkpt>
   <trkpt lat="22.7263460" lon="120.3003080">
    <ele>21.0</ele>
    <time>2026-08-31T06:47:14Z</time>
   </trkpt>
   <trkpt lat="22.7263450" lon="120.3003070">
    <ele>21.0</ele>
    <time>2026-08-31T06:47:15Z</time>
   </trkpt>
   <trkpt lat="22.7263500" lon="120.3002890">
    <ele>21.0</ele>
    <time>2026-08-31T06:47:16Z</time>
   </trkpt>
   <trkpt lat="22.7263590" lon="120.3002850">
    <ele>21.0</ele>
    <time>2026-08-31T06:47:17Z</time>
   </trkpt>
   <trkpt lat="22.7263680" lon="120.3002740">
    <ele>21.0</ele>
    <time>2026-08-31T06:47:18Z</time>
   </trkpt>
   <trkpt lat="22.7263730" lon="120.3002670">
    <ele>21.0</ele>
    <time>2026-08-31T06:47:19Z</time>
   </trkpt>
   <trkpt lat="22.7263760" lon="120.3002590">
    <ele>21.0</ele>
    <time>2026-08-31T06:47:20Z</time>
   </trkpt>
   <trkpt lat="22.7263830" lon="120.3002560">
    <ele>21.0</ele>
    <time>2026-08-31T06:47:21Z</time>
   </trkpt>
   <trkpt lat="22.7263850" lon="120.3002450">
    <ele>20.9</ele>
    <time>2026-08-31T06:47:22Z</time>
   </trkpt>
   <trkpt lat="22.7263940" lon="120.3002300">
    <ele>20.9</ele>
    <time>2026-08-31T06:47:23Z</time>
   </trkpt>
   <trkpt lat="22.7263940" lon="120.3002110">
    <ele>20.9</ele>
    <time>2026-08-31T06:47:24Z</time>
   </trkpt>
   <trkpt lat="22.7263950" lon="120.3001970">
    <ele>20.9</ele>
    <time>2026-08-31T06:47:25Z</time>
   </trkpt>
   <trkpt lat="22.7264100" lon="120.3002010">
    <ele>20.9</ele>
    <time>2026-08-31T06:47:26Z</time>
   </trkpt>
   <trkpt lat="22.7264180" lon="120.3001940">
    <ele>20.9</ele>
    <time>2026-08-31T06:47:27Z</time>
   </trkpt>
   <trkpt lat="22.7264240" lon="120.3001820">
    <ele>20.8</ele>
    <time>2026-08-31T06:47:28Z</time>
   </trkpt>
   <trkpt lat="22.7264340" lon="120.3001780">
    <ele>20.8</ele>
    <time>2026-08-31T06:47:29Z</time>
   </trkpt>
   <trkpt lat="22.7264450" lon="120.3001730">
    <ele>20.8</ele>
    <time>2026-08-31T06:47:30Z</time>
   </trkpt>
   <trkpt lat="22.7264550" lon="120.3001680">
    <ele>20.8</ele>
    <time>2026-08-31T06:47:31Z</time>
   </trkpt>
   <trkpt lat="22.7264670" lon="120.3001680">
    <ele>20.8</ele>
    <time>2026-08-31T06:47:32Z</time>
   </trkpt>
   <trkpt lat="22.7264800" lon="120.3001710">
    <ele>20.8</ele>
    <time>2026-08-31T06:47:33Z</time>
   </trkpt>
   <trkpt lat="22.7264880" lon="120.3001600">
    <ele>20.8</ele>
    <time>2026-08-31T06:47:34Z</time>
   </trkpt>
   <trkpt lat="22.7264920" lon="120.3001520">
    <ele>20.8</ele>
    <time>2026-08-31T06:47:35Z</time>
   </trkpt>
   <trkpt lat="22.7264990" lon="120.3001470">
    <ele>20.7</ele>
    <time>2026-08-31T06:47:36Z</time>
   </trkpt>
   <trkpt lat="22.7265080" lon="120.3001410">
    <ele>20.7</ele>
    <time>2026-08-31T06:47:37Z</time>
   </trkpt>
   <trkpt lat="22.7265120" lon="120.3001350">
    <ele>20.7</ele>
    <time>2026-08-31T06:47:38Z</time>
   </trkpt>
   <trkpt lat="22.7265100" lon="120.3001310">
    <ele>20.7</ele>
    <time>2026-08-31T06:47:39Z</time>
   </trkpt>
   <trkpt lat="22.7265110" lon="120.3001320">
    <ele>20.7</ele>
    <time>2026-08-31T06:47:40Z</time>
   </trkpt>
   <trkpt lat="22.7265100" lon="120.3001390">
    <ele>20.7</ele>
    <time>2026-08-31T06:47:41Z</time>
   </trkpt>
   <trkpt lat="22.7265090" lon="120.3001390">
    <ele>20.7</ele>
    <time>2026-08-31T06:47:42Z</time>
   </trkpt>
   <trkpt lat="22.7265060" lon="120.3001390">
    <ele>20.7</ele>
    <time>2026-08-31T06:47:43Z</time>
   </trkpt>
   <trkpt lat="22.7265060" lon="120.3001400">
    <ele>20.7</ele>
    <time>2026-08-31T06:47:44Z</time>
   </trkpt>
   <trkpt lat="22.7264980" lon="120.3001320">
    <ele>20.7</ele>
    <time>2026-08-31T06:47:45Z</time>
   </trkpt>
   <trkpt lat="22.7264970" lon="120.3001360">
    <ele>20.7</ele>
    <time>2026-08-31T06:47:46Z</time>
   </trkpt>
   <trkpt lat="22.7265030" lon="120.3001390">
    <ele>20.7</ele>
    <time>2026-08-31T06:47:47Z</time>
   </trkpt>
   <trkpt lat="22.7265080" lon="120.3001460">
    <ele>20.7</ele>
    <time>2026-08-31T06:47:48Z</time>
   </trkpt>
   <trkpt lat="22.7265080" lon="120.3001460">
    <ele>20.7</ele>
    <time>2026-08-31T06:47:49Z</time>
   </trkpt>
   <trkpt lat="22.7265080" lon="120.3001460">
    <ele>20.7</ele>
    <time>2026-08-31T06:47:50Z</time>
   </trkpt>
   <trkpt lat="22.7265140" lon="120.3001700">
    <ele>20.7</ele>
    <time>2026-08-31T06:47:51Z</time>
   </trkpt>
   <trkpt lat="22.7265240" lon="120.3001710">
    <ele>20.7</ele>
    <time>2026-08-31T06:47:52Z</time>
   </trkpt>
   <trkpt lat="22.7265300" lon="120.3001680">
    <ele>20.6</ele>
    <time>2026-08-31T06:47:53Z</time>
   </trkpt>
   <trkpt lat="22.7265350" lon="120.3001770">
    <ele>20.6</ele>
    <time>2026-08-31T06:47:54Z</time>
   </trkpt>
   <trkpt lat="22.7265500" lon="120.3001770">
    <ele>20.6</ele>
    <time>2026-08-31T06:47:55Z</time>
   </trkpt>
   <trkpt lat="22.7265610" lon="120.3001780">
    <ele>20.6</ele>
    <time>2026-08-31T06:47:56Z</time>
   </trkpt>
   <trkpt lat="22.7265700" lon="120.3001770">
    <ele>20.6</ele>
    <time>2026-08-31T06:47:57Z</time>
   </trkpt>
   <trkpt lat="22.7265830" lon="120.3001740">
    <ele>20.6</ele>
    <time>2026-08-31T06:47:58Z</time>
   </trkpt>
   <trkpt lat="22.7265830" lon="120.3001700">
    <ele>20.6</ele>
    <time>2026-08-31T06:47:59Z</time>
   </trkpt>
   <trkpt lat="22.7265870" lon="120.3001670">
    <ele>20.6</ele>
    <time>2026-08-31T06:48:00Z</time>
   </trkpt>
   <trkpt lat="22.7265940" lon="120.3001680">
    <ele>20.6</ele>
    <time>2026-08-31T06:48:01Z</time>
   </trkpt>
   <trkpt lat="22.7265940" lon="120.3001670">
    <ele>20.6</ele>
    <time>2026-08-31T06:48:02Z</time>
   </trkpt>
   <trkpt lat="22.7265910" lon="120.3001700">
    <ele>20.6</ele>
    <time>2026-08-31T06:48:03Z</time>
   </trkpt>
   <trkpt lat="22.7265950" lon="120.3001730">
    <ele>20.6</ele>
    <time>2026-08-31T06:48:04Z</time>
   </trkpt>
   <trkpt lat="22.7265940" lon="120.3001760">
    <ele>20.6</ele>
    <time>2026-08-31T06:48:05Z</time>
   </trkpt>
   <trkpt lat="22.7265930" lon="120.3001800">
    <ele>20.6</ele>
    <time>2026-08-31T06:48:06Z</time>
   </trkpt>
   <trkpt lat="22.7265930" lon="120.3001880">
    <ele>20.6</ele>
    <time>2026-08-31T06:48:07Z</time>
   </trkpt>
   <trkpt lat="22.7266000" lon="120.3001930">
    <ele>20.6</ele>
    <time>2026-08-31T06:48:08Z</time>
   </trkpt>
   <trkpt lat="22.7265950" lon="120.3001910">
    <ele>20.6</ele>
    <time>2026-08-31T06:48:09Z</time>
   </trkpt>
   <trkpt lat="22.7265880" lon="120.3001950">
    <ele>20.5</ele>
    <time>2026-08-31T06:48:10Z</time>
   </trkpt>
   <trkpt lat="22.7265920" lon="120.3001750">
    <ele>20.5</ele>
    <time>2026-08-31T06:48:11Z</time>
   </trkpt>
   <trkpt lat="22.7265890" lon="120.3001670">
    <ele>20.5</ele>
    <time>2026-08-31T06:48:12Z</time>
   </trkpt>
   <trkpt lat="22.7265870" lon="120.3001610">
    <ele>20.5</ele>
    <time>2026-08-31T06:48:13Z</time>
   </trkpt>
   <trkpt lat="22.7265940" lon="120.3001500">
    <ele>20.5</ele>
    <time>2026-08-31T06:48:14Z</time>
   </trkpt>
   <trkpt lat="22.7266050" lon="120.3001400">
    <ele>20.5</ele>
    <time>2026-08-31T06:48:15Z</time>
   </trkpt>
   <trkpt lat="22.7266040" lon="120.3001360">
    <ele>20.5</ele>
    <time>2026-08-31T06:48:16Z</time>
   </trkpt>
   <trkpt lat="22.7266060" lon="120.3001440">
    <ele>20.5</ele>
    <time>2026-08-31T06:48:17Z</time>
   </trkpt>
   <trkpt lat="22.7266170" lon="120.3001450">
    <ele>20.5</ele>
    <time>2026-08-31T06:48:18Z</time>
   </trkpt>
   <trkpt lat="22.7266250" lon="120.3001450">
    <ele>20.5</ele>
    <time>2026-08-31T06:48:19Z</time>
   </trkpt>
   <trkpt lat="22.7266320" lon="120.3001470">
    <ele>20.5</ele>
    <time>2026-08-31T06:48:20Z</time>
   </trkpt>
   <trkpt lat="22.7266380" lon="120.3001490">
    <ele>20.5</ele>
    <time>2026-08-31T06:48:21Z</time>
   </trkpt>
   <trkpt lat="22.7266450" lon="120.3001530">
    <ele>20.4</ele>
    <time>2026-08-31T06:48:22Z</time>
   </trkpt>
   <trkpt lat="22.7266490" lon="120.3001530">
    <ele>20.4</ele>
    <time>2026-08-31T06:48:23Z</time>
   </trkpt>
   <trkpt lat="22.7266510" lon="120.3001450">
    <ele>20.4</ele>
    <time>2026-08-31T06:48:24Z</time>
   </trkpt>
   <trkpt lat="22.7266520" lon="120.3001520">
    <ele>20.4</ele>
    <time>2026-08-31T06:48:25Z</time>
   </trkpt>
   <trkpt lat="22.7266550" lon="120.3001360">
    <ele>20.4</ele>
    <time>2026-08-31T06:48:26Z</time>
   </trkpt>
   <trkpt lat="22.7266630" lon="120.3001420">
    <ele>20.4</ele>
    <time>2026-08-31T06:48:27Z</time>
   </trkpt>
   <trkpt lat="22.7266630" lon="120.3001470">
    <ele>20.4</ele>
    <time>2026-08-31T06:48:28Z</time>
   </trkpt>
   <trkpt lat="22.7266640" lon="120.3001520">
    <ele>20.4</ele>
    <time>2026-08-31T06:48:29Z</time>
   </trkpt>
   <trkpt lat="22.7266760" lon="120.3001280">
    <ele>20.4</ele>
    <time>2026-08-31T06:48:30Z</time>
   </trkpt>
   <trkpt lat="22.7266840" lon="120.3001050">
    <ele>20.4</ele>
    <time>2026-08-31T06:48:31Z</time>
   </trkpt>
   <trkpt lat="22.7266910" lon="120.3001050">
    <ele>20.3</ele>
    <time>2026-08-31T06:48:32Z</time>
   </trkpt>
   <trkpt lat="22.7266940" lon="120.3001010">
    <ele>20.3</ele>
    <time>2026-08-31T06:48:33Z</time>
   </trkpt>
   <trkpt lat="22.7266990" lon="120.3000770">
    <ele>20.3</ele>
    <time>2026-08-31T06:48:34Z</time>
   </trkpt>
   <trkpt lat="22.7266840" lon="120.3000650">
    <ele>20.3</ele>
    <time>2026-08-31T06:48:35Z</time>
   </trkpt>
   <trkpt lat="22.7266900" lon="120.3000780">
    <ele>20.3</ele>
    <time>2026-08-31T06:48:36Z</time>
   </trkpt>
   <trkpt lat="22.7266910" lon="120.3000780">
    <ele>20.3</ele>
    <time>2026-08-31T06:48:37Z</time>
   </trkpt>
   <trkpt lat="22.7266980" lon="120.3000940">
    <ele>20.3</ele>
    <time>2026-08-31T06:48:38Z</time>
   </trkpt>
   <trkpt lat="22.7266960" lon="120.3001010">
    <ele>20.3</ele>
    <time>2026-08-31T06:48:39Z</time>
   </trkpt>
   <trkpt lat="22.7266970" lon="120.3001040">
    <ele>20.3</ele>
    <time>2026-08-31T06:48:40Z</time>
   </trkpt>
   <trkpt lat="22.7266980" lon="120.3001070">
    <ele>20.3</ele>
    <time>2026-08-31T06:48:41Z</time>
   </trkpt>
   <trkpt lat="22.7267030" lon="120.3001100">
    <ele>20.3</ele>
    <time>2026-08-31T06:48:42Z</time>
   </trkpt>
   <trkpt lat="22.7267110" lon="120.3001080">
    <ele>20.3</ele>
    <time>2026-08-31T06:48:43Z</time>
   </trkpt>
   <trkpt lat="22.7267050" lon="120.3000960">
    <ele>20.3</ele>
    <time>2026-08-31T06:48:44Z</time>
   </trkpt>
   <trkpt lat="22.7267100" lon="120.3000960">
    <ele>20.2</ele>
    <time>2026-08-31T06:48:45Z</time>
   </trkpt>
   <trkpt lat="22.7267170" lon="120.3000900">
    <ele>20.2</ele>
    <time>2026-08-31T06:48:46Z</time>
   </trkpt>
   <trkpt lat="22.7267280" lon="120.3000800">
    <ele>20.2</ele>
    <time>2026-08-31T06:48:47Z</time>
   </trkpt>
   <trkpt lat="22.7267380" lon="120.3000800">
    <ele>20.2</ele>
    <time>2026-08-31T06:48:48Z</time>
   </trkpt>
   <trkpt lat="22.7267560" lon="120.3000870">
    <ele>20.2</ele>
    <time>2026-08-31T06:48:49Z</time>
   </trkpt>
   <trkpt lat="22.7267590" lon="120.3000940">
    <ele>20.2</ele>
    <time>2026-08-31T06:48:50Z</time>
   </trkpt>
   <trkpt lat="22.7267650" lon="120.3000940">
    <ele>20.2</ele>
    <time>2026-08-31T06:48:51Z</time>
   </trkpt>
   <trkpt lat="22.7267660" lon="120.3000910">
    <ele>20.2</ele>
    <time>2026-08-31T06:48:52Z</time>
   </trkpt>
   <trkpt lat="22.7267680" lon="120.3000920">
    <ele>20.2</ele>
    <time>2026-08-31T06:48:53Z</time>
   </trkpt>
   <trkpt lat="22.7267880" lon="120.3000950">
    <ele>20.2</ele>
    <time>2026-08-31T06:48:54Z</time>
   </trkpt>
   <trkpt lat="22.7267870" lon="120.3001070">
    <ele>20.2</ele>
    <time>2026-08-31T06:48:55Z</time>
   </trkpt>
   <trkpt lat="22.7267780" lon="120.3001140">
    <ele>20.2</ele>
    <time>2026-08-31T06:48:56Z</time>
   </trkpt>
   <trkpt lat="22.7267810" lon="120.3001220">
    <ele>20.1</ele>
    <time>2026-08-31T06:48:57Z</time>
   </trkpt>
   <trkpt lat="22.7267850" lon="120.3001280">
    <ele>20.1</ele>
    <time>2026-08-31T06:48:58Z</time>
   </trkpt>
   <trkpt lat="22.7267950" lon="120.3001280">
    <ele>20.1</ele>
    <time>2026-08-31T06:48:59Z</time>
   </trkpt>
   <trkpt lat="22.7267960" lon="120.3001270">
    <ele>20.1</ele>
    <time>2026-08-31T06:49:00Z</time>
   </trkpt>
   <trkpt lat="22.7267960" lon="120.3001270">
    <ele>20.1</ele>
    <time>2026-08-31T06:49:01Z</time>
   </trkpt>
   <trkpt lat="22.7267960" lon="120.3001270">
    <ele>20.1</ele>
    <time>2026-08-31T06:49:02Z</time>
   </trkpt>
   <trkpt lat="22.7268030" lon="120.3001290">
    <ele>20.1</ele>
    <time>2026-08-31T06:49:03Z</time>
   </trkpt>
   <trkpt lat="22.7268020" lon="120.3001270">
    <ele>20.1</ele>
    <time>2026-08-31T06:49:04Z</time>
   </trkpt>
   <trkpt lat="22.7268020" lon="120.3001270">
    <ele>20.1</ele>
    <time>2026-08-31T06:49:05Z</time>
   </trkpt>
   <trkpt lat="22.7268020" lon="120.3001270">
    <ele>20.1</ele>
    <time>2026-08-31T06:49:06Z</time>
   </trkpt>
   <trkpt lat="22.7267950" lon="120.3001320">
    <ele>20.1</ele>
    <time>2026-08-31T06:49:07Z</time>
   </trkpt>
   <trkpt lat="22.7267930" lon="120.3001320">
    <ele>20.1</ele>
    <time>2026-08-31T06:49:08Z</time>
   </trkpt>
   <trkpt lat="22.7267950" lon="120.3001320">
    <ele>20.1</ele>
    <time>2026-08-31T06:49:09Z</time>
   </trkpt>
   <trkpt lat="22.7267930" lon="120.3001360">
    <ele>20.1</ele>
    <time>2026-08-31T06:49:10Z</time>
   </trkpt>
   <trkpt lat="22.7267980" lon="120.3001320">
    <ele>20.1</ele>
    <time>2026-08-31T06:49:11Z</time>
   </trkpt>
   <trkpt lat="22.7267990" lon="120.3001310">
    <ele>20.1</ele>
    <time>2026-08-31T06:49:12Z</time>
   </trkpt>
   <trkpt lat="22.7267990" lon="120.3001310">
    <ele>20.1</ele>
    <time>2026-08-31T06:49:13Z</time>
   </trkpt>
   <trkpt lat="22.7268000" lon="120.3001300">
    <ele>20.1</ele>
    <time>2026-08-31T06:49:14Z</time>
   </trkpt>
   <trkpt lat="22.7268050" lon="120.3001290">
    <ele>20.1</ele>
    <time>2026-08-31T06:49:15Z</time>
   </trkpt>
   <trkpt lat="22.7268030" lon="120.3001320">
    <ele>20.1</ele>
    <time>2026-08-31T06:49:16Z</time>
   </trkpt>
   <trkpt lat="22.7268120" lon="120.3001260">
    <ele>20.1</ele>
    <time>2026-08-31T06:49:17Z</time>
   </trkpt>
   <trkpt lat="22.7268210" lon="120.3001230">
    <ele>20.1</ele>
    <time>2026-08-31T06:49:18Z</time>
   </trkpt>
   <trkpt lat="22.7268230" lon="120.3001290">
    <ele>20.1</ele>
    <time>2026-08-31T06:49:19Z</time>
   </trkpt>
   <trkpt lat="22.7268190" lon="120.3001290">
    <ele>20.1</ele>
    <time>2026-08-31T06:49:20Z</time>
   </trkpt>
   <trkpt lat="22.7268170" lon="120.3001280">
    <ele>20.1</ele>
    <time>2026-08-31T06:49:21Z</time>
   </trkpt>
   <trkpt lat="22.7268200" lon="120.3001320">
    <ele>20.1</ele>
    <time>2026-08-31T06:49:22Z</time>
   </trkpt>
   <trkpt lat="22.7268120" lon="120.3001360">
    <ele>20.1</ele>
    <time>2026-08-31T06:49:23Z</time>
   </trkpt>
   <trkpt lat="22.7268120" lon="120.3001320">
    <ele>20.1</ele>
    <time>2026-08-31T06:49:24Z</time>
   </trkpt>
   <trkpt lat="22.7268120" lon="120.3001310">
    <ele>20.1</ele>
    <time>2026-08-31T06:49:25Z</time>
   </trkpt>
   <trkpt lat="22.7268120" lon="120.3001310">
    <ele>20.1</ele>
    <time>2026-08-31T06:49:26Z</time>
   </trkpt>
   <trkpt lat="22.7268120" lon="120.3001310">
    <ele>20.1</ele>
    <time>2026-08-31T06:49:27Z</time>
   </trkpt>
   <trkpt lat="22.7268120" lon="120.3001310">
    <ele>20.1</ele>
    <time>2026-08-31T06:49:28Z</time>
   </trkpt>
   <trkpt lat="22.7268120" lon="120.3001310">
    <ele>20.1</ele>
    <time>2026-08-31T06:49:29Z</time>
   </trkpt>
   <trkpt lat="22.7268120" lon="120.3001310">
    <ele>20.1</ele>
    <time>2026-08-31T06:49:30Z</time>
   </trkpt>
   <trkpt lat="22.7268120" lon="120.3001310">
    <ele>20.1</ele>
    <time>2026-08-31T06:49:31Z</time>
   </trkpt>
   <trkpt lat="22.7268120" lon="120.3001310">
    <ele>20.1</ele>
    <time>2026-08-31T06:49:32Z</time>
   </trkpt>
   <trkpt lat="22.7268120" lon="120.3001310">
    <ele>20.1</ele>
    <time>2026-08-31T06:49:33Z</time>
   </trkpt>
   <trkpt lat="22.7268120" lon="120.3001310">
    <ele>20.1</ele>
    <time>2026-08-31T06:49:34Z</time>
   </trkpt>
   <trkpt lat="22.7268150" lon="120.3001370">
    <ele>20.0</ele>
    <time>2026-08-31T06:49:35Z</time>
   </trkpt>
   <trkpt lat="22.7268130" lon="120.3001360">
    <ele>20.0</ele>
    <time>2026-08-31T06:49:36Z</time>
   </trkpt>
   <trkpt lat="22.7268110" lon="120.3001370">
    <ele>20.0</ele>
    <time>2026-08-31T06:49:37Z</time>
   </trkpt>
   <trkpt lat="22.7268100" lon="120.3001360">
    <ele>20.0</ele>
    <time>2026-08-31T06:49:38Z</time>
   </trkpt>
   <trkpt lat="22.7268060" lon="120.3001340">
    <ele>20.0</ele>
    <time>2026-08-31T06:49:39Z</time>
   </trkpt>
   <trkpt lat="22.7268100" lon="120.3001310">
    <ele>20.0</ele>
    <time>2026-08-31T06:49:40Z</time>
   </trkpt>
   <trkpt lat="22.7268090" lon="120.3001340">
    <ele>20.0</ele>
    <time>2026-08-31T06:49:41Z</time>
   </trkpt>
   <trkpt lat="22.7268090" lon="120.3001280">
    <ele>20.0</ele>
    <time>2026-08-31T06:49:42Z</time>
   </trkpt>
   <trkpt lat="22.7268160" lon="120.3001280">
    <ele>20.0</ele>
    <time>2026-08-31T06:49:43Z</time>
   </trkpt>
   <trkpt lat="22.7268240" lon="120.3001250">
    <ele>20.0</ele>
    <time>2026-08-31T06:49:44Z</time>
   </trkpt>
   <trkpt lat="22.7268390" lon="120.3001150">
    <ele>20.0</ele>
    <time>2026-08-31T06:49:45Z</time>
   </trkpt>
   <trkpt lat="22.7268420" lon="120.3001080">
    <ele>20.0</ele>
    <time>2026-08-31T06:49:46Z</time>
   </trkpt>
   <trkpt lat="22.7268490" lon="120.3001060">
    <ele>20.0</ele>
    <time>2026-08-31T06:49:47Z</time>
   </trkpt>
   <trkpt lat="22.7268550" lon="120.3001070">
    <ele>20.0</ele>
    <time>2026-08-31T06:49:48Z</time>
   </trkpt>
   <trkpt lat="22.7268590" lon="120.3001070">
    <ele>20.0</ele>
    <time>2026-08-31T06:49:49Z</time>
   </trkpt>
   <trkpt lat="22.7268560" lon="120.3001010">
    <ele>20.0</ele>
    <time>2026-08-31T06:49:50Z</time>
   </trkpt>
   <trkpt lat="22.7268520" lon="120.3000930">
    <ele>20.0</ele>
    <time>2026-08-31T06:49:51Z</time>
   </trkpt>
   <trkpt lat="22.7268600" lon="120.3000960">
    <ele>20.0</ele>
    <time>2026-08-31T06:49:52Z</time>
   </trkpt>
   <trkpt lat="22.7268720" lon="120.3000760">
    <ele>19.9</ele>
    <time>2026-08-31T06:49:53Z</time>
   </trkpt>
   <trkpt lat="22.7268670" lon="120.3000730">
    <ele>19.9</ele>
    <time>2026-08-31T06:49:54Z</time>
   </trkpt>
   <trkpt lat="22.7268530" lon="120.3000690">
    <ele>19.9</ele>
    <time>2026-08-31T06:49:55Z</time>
   </trkpt>
   <trkpt lat="22.7268490" lon="120.3000650">
    <ele>19.9</ele>
    <time>2026-08-31T06:49:56Z</time>
   </trkpt>
   <trkpt lat="22.7268460" lon="120.3000460">
    <ele>19.9</ele>
    <time>2026-08-31T06:49:57Z</time>
   </trkpt>
   <trkpt lat="22.7268480" lon="120.3000430">
    <ele>19.9</ele>
    <time>2026-08-31T06:49:58Z</time>
   </trkpt>
   <trkpt lat="22.7268510" lon="120.3000390">
    <ele>19.9</ele>
    <time>2026-08-31T06:49:59Z</time>
   </trkpt>
   <trkpt lat="22.7268500" lon="120.3000320">
    <ele>19.9</ele>
    <time>2026-08-31T06:50:00Z</time>
   </trkpt>
   <trkpt lat="22.7268470" lon="120.3000240">
    <ele>19.9</ele>
    <time>2026-08-31T06:50:01Z</time>
   </trkpt>
   <trkpt lat="22.7268350" lon="120.3000060">
    <ele>19.9</ele>
    <time>2026-08-31T06:50:02Z</time>
   </trkpt>
   <trkpt lat="22.7268310" lon="120.3000030">
    <ele>19.9</ele>
    <time>2026-08-31T06:50:03Z</time>
   </trkpt>
   <trkpt lat="22.7268260" lon="120.3000030">
    <ele>19.9</ele>
    <time>2026-08-31T06:50:04Z</time>
   </trkpt>
   <trkpt lat="22.7268210" lon="120.2999940">
    <ele>19.9</ele>
    <time>2026-08-31T06:50:05Z</time>
   </trkpt>
   <trkpt lat="22.7268160" lon="120.2999900">
    <ele>19.9</ele>
    <time>2026-08-31T06:50:06Z</time>
   </trkpt>
   <trkpt lat="22.7268130" lon="120.2999870">
    <ele>19.9</ele>
    <time>2026-08-31T06:50:07Z</time>
   </trkpt>
   <trkpt lat="22.7268090" lon="120.2999810">
    <ele>19.9</ele>
    <time>2026-08-31T06:50:08Z</time>
   </trkpt>
   <trkpt lat="22.7268040" lon="120.2999660">
    <ele>19.9</ele>
    <time>2026-08-31T06:50:09Z</time>
   </trkpt>
   <trkpt lat="22.7268020" lon="120.2999500">
    <ele>19.9</ele>
    <time>2026-08-31T06:50:10Z</time>
   </trkpt>
   <trkpt lat="22.7267970" lon="120.2999310">
    <ele>19.9</ele>
    <time>2026-08-31T06:50:11Z</time>
   </trkpt>
   <trkpt lat="22.7267980" lon="120.2999190">
    <ele>19.9</ele>
    <time>2026-08-31T06:50:12Z</time>
   </trkpt>
   <trkpt lat="22.7268060" lon="120.2999160">
    <ele>19.9</ele>
    <time>2026-08-31T06:50:13Z</time>
   </trkpt>
   <trkpt lat="22.7268140" lon="120.2999030">
    <ele>19.9</ele>
    <time>2026-08-31T06:50:14Z</time>
   </trkpt>
   <trkpt lat="22.7268210" lon="120.2998850">
    <ele>19.9</ele>
    <time>2026-08-31T06:50:15Z</time>
   </trkpt>
   <trkpt lat="22.7268260" lon="120.2998840">
    <ele>19.9</ele>
    <time>2026-08-31T06:50:16Z</time>
   </trkpt>
   <trkpt lat="22.7268280" lon="120.2998790">
    <ele>19.9</ele>
    <time>2026-08-31T06:50:17Z</time>
   </trkpt>
   <trkpt lat="22.7268270" lon="120.2998800">
    <ele>19.9</ele>
    <time>2026-08-31T06:50:18Z</time>
   </trkpt>
   <trkpt lat="22.7268350" lon="120.2998750">
    <ele>19.9</ele>
    <time>2026-08-31T06:50:19Z</time>
   </trkpt>
   <trkpt lat="22.7268350" lon="120.2998770">
    <ele>19.9</ele>
    <time>2026-08-31T06:50:20Z</time>
   </trkpt>
   <trkpt lat="22.7268300" lon="120.2998850">
    <ele>19.8</ele>
    <time>2026-08-31T06:50:21Z</time>
   </trkpt>
   <trkpt lat="22.7268370" lon="120.2998800">
    <ele>19.8</ele>
    <time>2026-08-31T06:50:22Z</time>
   </trkpt>
   <trkpt lat="22.7268370" lon="120.2998800">
    <ele>19.8</ele>
    <time>2026-08-31T06:50:23Z</time>
   </trkpt>
   <trkpt lat="22.7268390" lon="120.2998710">
    <ele>19.8</ele>
    <time>2026-08-31T06:50:24Z</time>
   </trkpt>
   <trkpt lat="22.7268440" lon="120.2998600">
    <ele>19.8</ele>
    <time>2026-08-31T06:50:25Z</time>
   </trkpt>
   <trkpt lat="22.7268340" lon="120.2998610">
    <ele>19.8</ele>
    <time>2026-08-31T06:50:26Z</time>
   </trkpt>
   <trkpt lat="22.7268440" lon="120.2998310">
    <ele>19.8</ele>
    <time>2026-08-31T06:50:27Z</time>
   </trkpt>
   <trkpt lat="22.7268430" lon="120.2998150">
    <ele>19.8</ele>
    <time>2026-08-31T06:50:28Z</time>
   </trkpt>
   <trkpt lat="22.7268310" lon="120.2997910">
    <ele>19.8</ele>
    <time>2026-08-31T06:50:29Z</time>
   </trkpt>
   <trkpt lat="22.7268260" lon="120.2997720">
    <ele>19.8</ele>
    <time>2026-08-31T06:50:30Z</time>
   </trkpt>
   <trkpt lat="22.7268270" lon="120.2997530">
    <ele>19.8</ele>
    <time>2026-08-31T06:50:31Z</time>
   </trkpt>
   <trkpt lat="22.7268100" lon="120.2997660">
    <ele>19.8</ele>
    <time>2026-08-31T06:50:32Z</time>
   </trkpt>
   <trkpt lat="22.7268170" lon="120.2997540">
    <ele>19.8</ele>
    <time>2026-08-31T06:50:33Z</time>
   </trkpt>
   <trkpt lat="22.7268100" lon="120.2997570">
    <ele>19.8</ele>
    <time>2026-08-31T06:50:34Z</time>
   </trkpt>
   <trkpt lat="22.7268140" lon="120.2997680">
    <ele>19.8</ele>
    <time>2026-08-31T06:50:35Z</time>
   </trkpt>
   <trkpt lat="22.7268310" lon="120.2997690">
    <ele>19.8</ele>
    <time>2026-08-31T06:50:36Z</time>
   </trkpt>
   <trkpt lat="22.7268340" lon="120.2997670">
    <ele>19.8</ele>
    <time>2026-08-31T06:50:37Z</time>
   </trkpt>
   <trkpt lat="22.7268310" lon="120.2997760">
    <ele>19.8</ele>
    <time>2026-08-31T06:50:38Z</time>
   </trkpt>
   <trkpt lat="22.7268440" lon="120.2997780">
    <ele>19.8</ele>
    <time>2026-08-31T06:50:39Z</time>
   </trkpt>
   <trkpt lat="22.7268490" lon="120.2997920">
    <ele>19.8</ele>
    <time>2026-08-31T06:50:40Z</time>
   </trkpt>
   <trkpt lat="22.7268530" lon="120.2997810">
    <ele>19.8</ele>
    <time>2026-08-31T06:50:41Z</time>
   </trkpt>
   <trkpt lat="22.7268620" lon="120.2997630">
    <ele>19.7</ele>
    <time>2026-08-31T06:50:42Z</time>
   </trkpt>
   <trkpt lat="22.7268620" lon="120.2997490">
    <ele>19.7</ele>
    <time>2026-08-31T06:50:43Z</time>
   </trkpt>
   <trkpt lat="22.7268500" lon="120.2997470">
    <ele>19.7</ele>
    <time>2026-08-31T06:50:44Z</time>
   </trkpt>
   <trkpt lat="22.7268450" lon="120.2997230">
    <ele>19.7</ele>
    <time>2026-08-31T06:50:45Z</time>
   </trkpt>
   <trkpt lat="22.7268370" lon="120.2997060">
    <ele>19.7</ele>
    <time>2026-08-31T06:50:46Z</time>
   </trkpt>
   <trkpt lat="22.7268320" lon="120.2996840">
    <ele>19.7</ele>
    <time>2026-08-31T06:50:47Z</time>
   </trkpt>
   <trkpt lat="22.7268300" lon="120.2996500">
    <ele>19.7</ele>
    <time>2026-08-31T06:50:48Z</time>
   </trkpt>
   <trkpt lat="22.7268240" lon="120.2996310">
    <ele>19.7</ele>
    <time>2026-08-31T06:50:49Z</time>
   </trkpt>
   <trkpt lat="22.7268160" lon="120.2996160">
    <ele>19.7</ele>
    <time>2026-08-31T06:50:50Z</time>
   </trkpt>
   <trkpt lat="22.7268110" lon="120.2996110">
    <ele>19.7</ele>
    <time>2026-08-31T06:50:51Z</time>
   </trkpt>
   <trkpt lat="22.7268100" lon="120.2996050">
    <ele>19.7</ele>
    <time>2026-08-31T06:50:52Z</time>
   </trkpt>
   <trkpt lat="22.7268050" lon="120.2995950">
    <ele>19.7</ele>
    <time>2026-08-31T06:50:53Z</time>
   </trkpt>
   <trkpt lat="22.7268060" lon="120.2995930">
    <ele>19.7</ele>
    <time>2026-08-31T06:50:54Z</time>
   </trkpt>
   <trkpt lat="22.7268020" lon="120.2995860">
    <ele>19.7</ele>
    <time>2026-08-31T06:50:55Z</time>
   </trkpt>
   <trkpt lat="22.7268020" lon="120.2995770">
    <ele>19.7</ele>
    <time>2026-08-31T06:50:56Z</time>
   </trkpt>
   <trkpt lat="22.7267990" lon="120.2995730">
    <ele>19.7</ele>
    <time>2026-08-31T06:50:57Z</time>
   </trkpt>
   <trkpt lat="22.7268070" lon="120.2995700">
    <ele>19.7</ele>
    <time>2026-08-31T06:50:58Z</time>
   </trkpt>
   <trkpt lat="22.7268040" lon="120.2995740">
    <ele>19.7</ele>
    <time>2026-08-31T06:50:59Z</time>
   </trkpt>
   <trkpt lat="22.7268090" lon="120.2995760">
    <ele>19.7</ele>
    <time>2026-08-31T06:51:00Z</time>
   </trkpt>
   <trkpt lat="22.7268100" lon="120.2995780">
    <ele>19.7</ele>
    <time>2026-08-31T06:51:01Z</time>
   </trkpt>
   <trkpt lat="22.7268070" lon="120.2995770">
    <ele>19.7</ele>
    <time>2026-08-31T06:51:02Z</time>
   </trkpt>
   <trkpt lat="22.7268160" lon="120.2995790">
    <ele>19.7</ele>
    <time>2026-08-31T06:51:03Z</time>
   </trkpt>
   <trkpt lat="22.7268180" lon="120.2995580">
    <ele>19.7</ele>
    <time>2026-08-31T06:51:04Z</time>
   </trkpt>
   <trkpt lat="22.7268040" lon="120.2995470">
    <ele>19.7</ele>
    <time>2026-08-31T06:51:05Z</time>
   </trkpt>
   <trkpt lat="22.7267920" lon="120.2995540">
    <ele>19.7</ele>
    <time>2026-08-31T06:51:06Z</time>
   </trkpt>
   <trkpt lat="22.7267780" lon="120.2995470">
    <ele>19.7</ele>
    <time>2026-08-31T06:51:07Z</time>
   </trkpt>
   <trkpt lat="22.7267780" lon="120.2995440">
    <ele>19.7</ele>
    <time>2026-08-31T06:51:08Z</time>
   </trkpt>
   <trkpt lat="22.7267740" lon="120.2995300">
    <ele>19.7</ele>
    <time>2026-08-31T06:51:09Z</time>
   </trkpt>
   <trkpt lat="22.7267670" lon="120.2995180">
    <ele>19.7</ele>
    <time>2026-08-31T06:51:10Z</time>
   </trkpt>
   <trkpt lat="22.7267690" lon="120.2995050">
    <ele>19.7</ele>
    <time>2026-08-31T06:51:11Z</time>
   </trkpt>
   <trkpt lat="22.7267480" lon="120.2995060">
    <ele>19.7</ele>
    <time>2026-08-31T06:51:12Z</time>
   </trkpt>
   <trkpt lat="22.7267330" lon="120.2995120">
    <ele>19.7</ele>
    <time>2026-08-31T06:51:13Z</time>
   </trkpt>
   <trkpt lat="22.7267300" lon="120.2994950">
    <ele>19.7</ele>
    <time>2026-08-31T06:51:14Z</time>
   </trkpt>
   <trkpt lat="22.7267260" lon="120.2994920">
    <ele>19.7</ele>
    <time>2026-08-31T06:51:15Z</time>
   </trkpt>
   <trkpt lat="22.7267290" lon="120.2994720">
    <ele>19.7</ele>
    <time>2026-08-31T06:51:16Z</time>
   </trkpt>
   <trkpt lat="22.7267250" lon="120.2994530">
    <ele>19.7</ele>
    <time>2026-08-31T06:51:17Z</time>
   </trkpt>
   <trkpt lat="22.7267290" lon="120.2994370">
    <ele>19.7</ele>
    <time>2026-08-31T06:51:18Z</time>
   </trkpt>
   <trkpt lat="22.7267370" lon="120.2994300">
    <ele>19.7</ele>
    <time>2026-08-31T06:51:19Z</time>
   </trkpt>
   <trkpt lat="22.7267360" lon="120.2994210">
    <ele>19.7</ele>
    <time>2026-08-31T06:51:20Z</time>
   </trkpt>
   <trkpt lat="22.7267430" lon="120.2994100">
    <ele>19.7</ele>
    <time>2026-08-31T06:51:21Z</time>
   </trkpt>
   <trkpt lat="22.7267470" lon="120.2994010">
    <ele>19.7</ele>
    <time>2026-08-31T06:51:22Z</time>
   </trkpt>
   <trkpt lat="22.7267420" lon="120.2993870">
    <ele>19.7</ele>
    <time>2026-08-31T06:51:23Z</time>
   </trkpt>
   <trkpt lat="22.7267250" lon="120.2993780">
    <ele>19.7</ele>
    <time>2026-08-31T06:51:24Z</time>
   </trkpt>
   <trkpt lat="22.7267240" lon="120.2993710">
    <ele>19.7</ele>
    <time>2026-08-31T06:51:25Z</time>
   </trkpt>
   <trkpt lat="22.7267160" lon="120.2993630">
    <ele>19.7</ele>
    <time>2026-08-31T06:51:26Z</time>
   </trkpt>
   <trkpt lat="22.7267060" lon="120.2993480">
    <ele>19.7</ele>
    <time>2026-08-31T06:51:27Z</time>
   </trkpt>
   <trkpt lat="22.7266940" lon="120.2993230">
    <ele>19.7</ele>
    <time>2026-08-31T06:51:28Z</time>
   </trkpt>
   <trkpt lat="22.7266740" lon="120.2993100">
    <ele>19.7</ele>
    <time>2026-08-31T06:51:29Z</time>
   </trkpt>
   <trkpt lat="22.7266660" lon="120.2993040">
    <ele>19.7</ele>
    <time>2026-08-31T06:51:30Z</time>
   </trkpt>
   <trkpt lat="22.7266440" lon="120.2992860">
    <ele>19.7</ele>
    <time>2026-08-31T06:51:31Z</time>
   </trkpt>
   <trkpt lat="22.7266580" lon="120.2992810">
    <ele>19.7</ele>
    <time>2026-08-31T06:51:32Z</time>
   </trkpt>
   <trkpt lat="22.7266300" lon="120.2992650">
    <ele>19.6</ele>
    <time>2026-08-31T06:51:33Z</time>
   </trkpt>
   <trkpt lat="22.7266340" lon="120.2992470">
    <ele>19.6</ele>
    <time>2026-08-31T06:51:34Z</time>
   </trkpt>
   <trkpt lat="22.7266230" lon="120.2992470">
    <ele>19.6</ele>
    <time>2026-08-31T06:51:35Z</time>
   </trkpt>
   <trkpt lat="22.7266240" lon="120.2992490">
    <ele>19.6</ele>
    <time>2026-08-31T06:51:36Z</time>
   </trkpt>
   <trkpt lat="22.7266230" lon="120.2992360">
    <ele>19.6</ele>
    <time>2026-08-31T06:51:37Z</time>
   </trkpt>
   <trkpt lat="22.7266150" lon="120.2992270">
    <ele>19.6</ele>
    <time>2026-08-31T06:51:38Z</time>
   </trkpt>
   <trkpt lat="22.7266160" lon="120.2992180">
    <ele>19.6</ele>
    <time>2026-08-31T06:51:39Z</time>
   </trkpt>
   <trkpt lat="22.7266130" lon="120.2992170">
    <ele>19.6</ele>
    <time>2026-08-31T06:51:40Z</time>
   </trkpt>
   <trkpt lat="22.7266160" lon="120.2992070">
    <ele>19.6</ele>
    <time>2026-08-31T06:51:41Z</time>
   </trkpt>
   <trkpt lat="22.7266150" lon="120.2992030">
    <ele>19.6</ele>
    <time>2026-08-31T06:51:42Z</time>
   </trkpt>
   <trkpt lat="22.7266060" lon="120.2991920">
    <ele>19.6</ele>
    <time>2026-08-31T06:51:43Z</time>
   </trkpt>
   <trkpt lat="22.7265930" lon="120.2992000">
    <ele>19.6</ele>
    <time>2026-08-31T06:51:44Z</time>
   </trkpt>
   <trkpt lat="22.7265920" lon="120.2991960">
    <ele>19.6</ele>
    <time>2026-08-31T06:51:45Z</time>
   </trkpt>
   <trkpt lat="22.7265850" lon="120.2991890">
    <ele>19.7</ele>
    <time>2026-08-31T06:51:46Z</time>
   </trkpt>
   <trkpt lat="22.7265710" lon="120.2991880">
    <ele>19.7</ele>
    <time>2026-08-31T06:51:47Z</time>
   </trkpt>
   <trkpt lat="22.7265630" lon="120.2991850">
    <ele>19.7</ele>
    <time>2026-08-31T06:51:48Z</time>
   </trkpt>
   <trkpt lat="22.7265600" lon="120.2991810">
    <ele>19.7</ele>
    <time>2026-08-31T06:51:49Z</time>
   </trkpt>
   <trkpt lat="22.7265600" lon="120.2991810">
    <ele>19.7</ele>
    <time>2026-08-31T06:51:50Z</time>
   </trkpt>
   <trkpt lat="22.7265510" lon="120.2991710">
    <ele>19.7</ele>
    <time>2026-08-31T06:51:51Z</time>
   </trkpt>
   <trkpt lat="22.7265420" lon="120.2991680">
    <ele>19.7</ele>
    <time>2026-08-31T06:51:52Z</time>
   </trkpt>
   <trkpt lat="22.7265280" lon="120.2991700">
    <ele>19.7</ele>
    <time>2026-08-31T06:51:53Z</time>
   </trkpt>
   <trkpt lat="22.7265090" lon="120.2991630">
    <ele>19.7</ele>
    <time>2026-08-31T06:51:54Z</time>
   </trkpt>
   <trkpt lat="22.7264920" lon="120.2991630">
    <ele>19.7</ele>
    <time>2026-08-31T06:51:55Z</time>
   </trkpt>
   <trkpt lat="22.7264720" lon="120.2991580">
    <ele>19.7</ele>
    <time>2026-08-31T06:51:56Z</time>
   </trkpt>
   <trkpt lat="22.7264510" lon="120.2991560">
    <ele>19.7</ele>
    <time>2026-08-31T06:51:57Z</time>
   </trkpt>
   <trkpt lat="22.7264390" lon="120.2991560">
    <ele>19.7</ele>
    <time>2026-08-31T06:51:58Z</time>
   </trkpt>
   <trkpt lat="22.7264230" lon="120.2991540">
    <ele>19.7</ele>
    <time>2026-08-31T06:51:59Z</time>
   </trkpt>
   <trkpt lat="22.7264140" lon="120.2991530">
    <ele>19.7</ele>
    <time>2026-08-31T06:52:00Z</time>
   </trkpt>
   <trkpt lat="22.7264040" lon="120.2991630">
    <ele>19.7</ele>
    <time>2026-08-31T06:52:01Z</time>
   </trkpt>
   <trkpt lat="22.7263920" lon="120.2991810">
    <ele>19.7</ele>
    <time>2026-08-31T06:52:02Z</time>
   </trkpt>
   <trkpt lat="22.7263790" lon="120.2991910">
    <ele>19.7</ele>
    <time>2026-08-31T06:52:03Z</time>
   </trkpt>
   <trkpt lat="22.7263660" lon="120.2991970">
    <ele>19.8</ele>
    <time>2026-08-31T06:52:04Z</time>
   </trkpt>
   <trkpt lat="22.7263530" lon="120.2992040">
    <ele>19.8</ele>
    <time>2026-08-31T06:52:05Z</time>
   </trkpt>
   <trkpt lat="22.7263420" lon="120.2992120">
    <ele>19.8</ele>
    <time>2026-08-31T06:52:06Z</time>
   </trkpt>
   <trkpt lat="22.7263360" lon="120.2992180">
    <ele>19.8</ele>
    <time>2026-08-31T06:52:07Z</time>
   </trkpt>
   <trkpt lat="22.7263160" lon="120.2992230">
    <ele>19.8</ele>
    <time>2026-08-31T06:52:08Z</time>
   </trkpt>
   <trkpt lat="22.7263060" lon="120.2992290">
    <ele>19.8</ele>
    <time>2026-08-31T06:52:09Z</time>
   </trkpt>
   <trkpt lat="22.7263030" lon="120.2992320">
    <ele>19.8</ele>
    <time>2026-08-31T06:52:10Z</time>
   </trkpt>
   <trkpt lat="22.7262890" lon="120.2992340">
    <ele>19.8</ele>
    <time>2026-08-31T06:52:11Z</time>
   </trkpt>
   <trkpt lat="22.7262810" lon="120.2992250">
    <ele>19.8</ele>
    <time>2026-08-31T06:52:12Z</time>
   </trkpt>
   <trkpt lat="22.7262690" lon="120.2992240">
    <ele>19.8</ele>
    <time>2026-08-31T06:52:13Z</time>
   </trkpt>
   <trkpt lat="22.7262580" lon="120.2992220">
    <ele>19.8</ele>
    <time>2026-08-31T06:52:14Z</time>
   </trkpt>
   <trkpt lat="22.7262520" lon="120.2992280">
    <ele>19.8</ele>
    <time>2026-08-31T06:52:15Z</time>
   </trkpt>
   <trkpt lat="22.7262460" lon="120.2992280">
    <ele>19.8</ele>
    <time>2026-08-31T06:52:16Z</time>
   </trkpt>
   <trkpt lat="22.7262370" lon="120.2992310">
    <ele>19.8</ele>
    <time>2026-08-31T06:52:17Z</time>
   </trkpt>
   <trkpt lat="22.7262270" lon="120.2992470">
    <ele>19.8</ele>
    <time>2026-08-31T06:52:18Z</time>
   </trkpt>
   <trkpt lat="22.7262230" lon="120.2992600">
    <ele>19.8</ele>
    <time>2026-08-31T06:52:19Z</time>
   </trkpt>
   <trkpt lat="22.7262220" lon="120.2992610">
    <ele>19.8</ele>
    <time>2026-08-31T06:52:20Z</time>
   </trkpt>
   <trkpt lat="22.7262210" lon="120.2992560">
    <ele>19.8</ele>
    <time>2026-08-31T06:52:21Z</time>
   </trkpt>
   <trkpt lat="22.7262240" lon="120.2992670">
    <ele>19.8</ele>
    <time>2026-08-31T06:52:22Z</time>
   </trkpt>
   <trkpt lat="22.7262230" lon="120.2992760">
    <ele>19.8</ele>
    <time>2026-08-31T06:52:23Z</time>
   </trkpt>
   <trkpt lat="22.7262240" lon="120.2992800">
    <ele>19.8</ele>
    <time>2026-08-31T06:52:24Z</time>
   </trkpt>
   <trkpt lat="22.7262250" lon="120.2992680">
    <ele>19.8</ele>
    <time>2026-08-31T06:52:25Z</time>
   </trkpt>
   <trkpt lat="22.7262270" lon="120.2992560">
    <ele>19.9</ele>
    <time>2026-08-31T06:52:26Z</time>
   </trkpt>
   <trkpt lat="22.7262280" lon="120.2992470">
    <ele>19.9</ele>
    <time>2026-08-31T06:52:27Z</time>
   </trkpt>
   <trkpt lat="22.7262270" lon="120.2992430">
    <ele>19.9</ele>
    <time>2026-08-31T06:52:28Z</time>
   </trkpt>
   <trkpt lat="22.7262100" lon="120.2992560">
    <ele>19.9</ele>
    <time>2026-08-31T06:52:29Z</time>
   </trkpt>
   <trkpt lat="22.7262120" lon="120.2992530">
    <ele>19.9</ele>
    <time>2026-08-31T06:52:30Z</time>
   </trkpt>
   <trkpt lat="22.7262140" lon="120.2992400">
    <ele>19.9</ele>
    <time>2026-08-31T06:52:31Z</time>
   </trkpt>
   <trkpt lat="22.7262090" lon="120.2992410">
    <ele>19.9</ele>
    <time>2026-08-31T06:52:32Z</time>
   </trkpt>
   <trkpt lat="22.7262030" lon="120.2992510">
    <ele>19.9</ele>
    <time>2026-08-31T06:52:33Z</time>
   </trkpt>
   <trkpt lat="22.7261930" lon="120.2992500">
    <ele>19.9</ele>
    <time>2026-08-31T06:52:34Z</time>
   </trkpt>
   <trkpt lat="22.7261850" lon="120.2992500">
    <ele>19.9</ele>
    <time>2026-08-31T06:52:35Z</time>
   </trkpt>
   <trkpt lat="22.7261790" lon="120.2992530">
    <ele>19.9</ele>
    <time>2026-08-31T06:52:36Z</time>
   </trkpt>
   <trkpt lat="22.7261780" lon="120.2992570">
    <ele>19.9</ele>
    <time>2026-08-31T06:52:37Z</time>
   </trkpt>
   <trkpt lat="22.7261790" lon="120.2992520">
    <ele>19.9</ele>
    <time>2026-08-31T06:52:38Z</time>
   </trkpt>
   <trkpt lat="22.7261750" lon="120.2992550">
    <ele>19.9</ele>
    <time>2026-08-31T06:52:39Z</time>
   </trkpt>
   <trkpt lat="22.7261720" lon="120.2992610">
    <ele>19.9</ele>
    <time>2026-08-31T06:52:40Z</time>
   </trkpt>
   <trkpt lat="22.7261620" lon="120.2992670">
    <ele>19.9</ele>
    <time>2026-08-31T06:52:41Z</time>
   </trkpt>
   <trkpt lat="22.7261510" lon="120.2992710">
    <ele>19.9</ele>
    <time>2026-08-31T06:52:42Z</time>
   </trkpt>
   <trkpt lat="22.7261400" lon="120.2992770">
    <ele>19.9</ele>
    <time>2026-08-31T06:52:43Z</time>
   </trkpt>
   <trkpt lat="22.7261350" lon="120.2992790">
    <ele>19.9</ele>
    <time>2026-08-31T06:52:44Z</time>
   </trkpt>
   <trkpt lat="22.7261350" lon="120.2992770">
    <ele>19.9</ele>
    <time>2026-08-31T06:52:45Z</time>
   </trkpt>
   <trkpt lat="22.7261340" lon="120.2992710">
    <ele>19.9</ele>
    <time>2026-08-31T06:52:46Z</time>
   </trkpt>
   <trkpt lat="22.7261310" lon="120.2992640">
    <ele>19.9</ele>
    <time>2026-08-31T06:52:47Z</time>
   </trkpt>
   <trkpt lat="22.7261150" lon="120.2992610">
    <ele>19.9</ele>
    <time>2026-08-31T06:52:48Z</time>
   </trkpt>
   <trkpt lat="22.7260970" lon="120.2992730">
    <ele>19.9</ele>
    <time>2026-08-31T06:52:49Z</time>
   </trkpt>
   <trkpt lat="22.7261020" lon="120.2992830">
    <ele>20.0</ele>
    <time>2026-08-31T06:52:50Z</time>
   </trkpt>
   <trkpt lat="22.7261020" lon="120.2992790">
    <ele>20.0</ele>
    <time>2026-08-31T06:52:51Z</time>
   </trkpt>
   <trkpt lat="22.7261020" lon="120.2992810">
    <ele>20.0</ele>
    <time>2026-08-31T06:52:52Z</time>
   </trkpt>
   <trkpt lat="22.7261020" lon="120.2992820">
    <ele>20.0</ele>
    <time>2026-08-31T06:52:53Z</time>
   </trkpt>
   <trkpt lat="22.7261000" lon="120.2992980">
    <ele>20.0</ele>
    <time>2026-08-31T06:52:54Z</time>
   </trkpt>
   <trkpt lat="22.7261180" lon="120.2992910">
    <ele>20.0</ele>
    <time>2026-08-31T06:52:55Z</time>
   </trkpt>
   <trkpt lat="22.7261140" lon="120.2993120">
    <ele>20.0</ele>
    <time>2026-08-31T06:52:56Z</time>
   </trkpt>
   <trkpt lat="22.7261120" lon="120.2993240">
    <ele>20.0</ele>
    <time>2026-08-31T06:52:57Z</time>
   </trkpt>
   <trkpt lat="22.7261100" lon="120.2993360">
    <ele>20.0</ele>
    <time>2026-08-31T06:52:58Z</time>
   </trkpt>
   <trkpt lat="22.7261080" lon="120.2993490">
    <ele>20.0</ele>
    <time>2026-08-31T06:52:59Z</time>
   </trkpt>
   <trkpt lat="22.7261060" lon="120.2993610">
    <ele>20.0</ele>
    <time>2026-08-31T06:53:00Z</time>
   </trkpt>
   <trkpt lat="22.7260890" lon="120.2994090">
    <ele>20.0</ele>
    <time>2026-08-31T06:53:01Z</time>
   </trkpt>
   <trkpt lat="22.7260830" lon="120.2994290">
    <ele>20.0</ele>
    <time>2026-08-31T06:53:02Z</time>
   </trkpt>
   <trkpt lat="22.7260720" lon="120.2994600">
    <ele>20.1</ele>
    <time>2026-08-31T06:53:03Z</time>
   </trkpt>
   <trkpt lat="22.7260650" lon="120.2994630">
    <ele>20.1</ele>
    <time>2026-08-31T06:53:04Z</time>
   </trkpt>
   <trkpt lat="22.7260630" lon="120.2994800">
    <ele>20.1</ele>
    <time>2026-08-31T06:53:05Z</time>
   </trkpt>
   <trkpt lat="22.7260580" lon="120.2994760">
    <ele>20.1</ele>
    <time>2026-08-31T06:53:06Z</time>
   </trkpt>
   <trkpt lat="22.7260590" lon="120.2994750">
    <ele>20.1</ele>
    <time>2026-08-31T06:53:07Z</time>
   </trkpt>
   <trkpt lat="22.7260590" lon="120.2994750">
    <ele>20.1</ele>
    <time>2026-08-31T06:53:08Z</time>
   </trkpt>
   <trkpt lat="22.7260530" lon="120.2994600">
    <ele>20.1</ele>
    <time>2026-08-31T06:53:09Z</time>
   </trkpt>
   <trkpt lat="22.7260530" lon="120.2994600">
    <ele>20.1</ele>
    <time>2026-08-31T06:53:10Z</time>
   </trkpt>
   <trkpt lat="22.7260500" lon="120.2994760">
    <ele>20.1</ele>
    <time>2026-08-31T06:53:11Z</time>
   </trkpt>
   <trkpt lat="22.7260470" lon="120.2994780">
    <ele>20.1</ele>
    <time>2026-08-31T06:53:12Z</time>
   </trkpt>
   <trkpt lat="22.7260470" lon="120.2994780">
    <ele>20.1</ele>
    <time>2026-08-31T06:53:13Z</time>
   </trkpt>
   <trkpt lat="22.7260460" lon="120.2994800">
    <ele>20.1</ele>
    <time>2026-08-31T06:53:14Z</time>
   </trkpt>
   <trkpt lat="22.7260440" lon="120.2994820">
    <ele>20.1</ele>
    <time>2026-08-31T06:53:15Z</time>
   </trkpt>
   <trkpt lat="22.7260390" lon="120.2994910">
    <ele>20.1</ele>
    <time>2026-08-31T06:53:16Z</time>
   </trkpt>
   <trkpt lat="22.7260410" lon="120.2994910">
    <ele>20.1</ele>
    <time>2026-08-31T06:53:17Z</time>
   </trkpt>
   <trkpt lat="22.7260370" lon="120.2994910">
    <ele>20.1</ele>
    <time>2026-08-31T06:53:18Z</time>
   </trkpt>
   <trkpt lat="22.7260370" lon="120.2994930">
    <ele>20.1</ele>
    <time>2026-08-31T06:53:19Z</time>
   </trkpt>
   <trkpt lat="22.7260410" lon="120.2994910">
    <ele>20.1</ele>
    <time>2026-08-31T06:53:20Z</time>
   </trkpt>
   <trkpt lat="22.7260470" lon="120.2994840">
    <ele>20.1</ele>
    <time>2026-08-31T06:53:21Z</time>
   </trkpt>
   <trkpt lat="22.7260400" lon="120.2994900">
    <ele>20.1</ele>
    <time>2026-08-31T06:53:22Z</time>
   </trkpt>
   <trkpt lat="22.7260520" lon="120.2994840">
    <ele>20.1</ele>
    <time>2026-08-31T06:53:23Z</time>
   </trkpt>
   <trkpt lat="22.7260510" lon="120.2994860">
    <ele>20.1</ele>
    <time>2026-08-31T06:53:24Z</time>
   </trkpt>
   <trkpt lat="22.7260550" lon="120.2994840">
    <ele>20.1</ele>
    <time>2026-08-31T06:53:25Z</time>
   </trkpt>
   <trkpt lat="22.7260570" lon="120.2994840">
    <ele>20.1</ele>
    <time>2026-08-31T06:53:26Z</time>
   </trkpt>
   <trkpt lat="22.7260590" lon="120.2994850">
    <ele>20.1</ele>
    <time>2026-08-31T06:53:27Z</time>
   </trkpt>
   <trkpt lat="22.7260620" lon="120.2994840">
    <ele>20.1</ele>
    <time>2026-08-31T06:53:28Z</time>
   </trkpt>
   <trkpt lat="22.7260640" lon="120.2994820">
    <ele>20.1</ele>
    <time>2026-08-31T06:53:29Z</time>
   </trkpt>
   <trkpt lat="22.7260640" lon="120.2994810">
    <ele>20.1</ele>
    <time>2026-08-31T06:53:30Z</time>
   </trkpt>
   <trkpt lat="22.7260700" lon="120.2994800">
    <ele>20.1</ele>
    <time>2026-08-31T06:53:31Z</time>
   </trkpt>
   <trkpt lat="22.7260760" lon="120.2994790">
    <ele>20.1</ele>
    <time>2026-08-31T06:53:32Z</time>
   </trkpt>
   <trkpt lat="22.7260770" lon="120.2994770">
    <ele>20.1</ele>
    <time>2026-08-31T06:53:33Z</time>
   </trkpt>
   <trkpt lat="22.7260770" lon="120.2994760">
    <ele>20.1</ele>
    <time>2026-08-31T06:53:34Z</time>
   </trkpt>
   <trkpt lat="22.7260840" lon="120.2994740">
    <ele>20.1</ele>
    <time>2026-08-31T06:53:35Z</time>
   </trkpt>
   <trkpt lat="22.7260830" lon="120.2994700">
    <ele>20.1</ele>
    <time>2026-08-31T06:53:36Z</time>
   </trkpt>
   <trkpt lat="22.7260830" lon="120.2994700">
    <ele>20.1</ele>
    <time>2026-08-31T06:53:37Z</time>
   </trkpt>
   <trkpt lat="22.7260860" lon="120.2994660">
    <ele>20.1</ele>
    <time>2026-08-31T06:53:38Z</time>
   </trkpt>
   <trkpt lat="22.7260910" lon="120.2994680">
    <ele>20.1</ele>
    <time>2026-08-31T06:53:39Z</time>
   </trkpt>
   <trkpt lat="22.7260900" lon="120.2994660">
    <ele>20.1</ele>
    <time>2026-08-31T06:53:40Z</time>
   </trkpt>
   <trkpt lat="22.7260910" lon="120.2994650">
    <ele>20.1</ele>
    <time>2026-08-31T06:53:41Z</time>
   </trkpt>
   <trkpt lat="22.7260970" lon="120.2994600">
    <ele>20.1</ele>
    <time>2026-08-31T06:53:42Z</time>
   </trkpt>
   <trkpt lat="22.7260980" lon="120.2994580">
    <ele>20.2</ele>
    <time>2026-08-31T06:53:43Z</time>
   </trkpt>
   <trkpt lat="22.7261000" lon="120.2994560">
    <ele>20.2</ele>
    <time>2026-08-31T06:53:44Z</time>
   </trkpt>
   <trkpt lat="22.7260990" lon="120.2994600">
    <ele>20.2</ele>
    <time>2026-08-31T06:53:45Z</time>
   </trkpt>
   <trkpt lat="22.7261000" lon="120.2994570">
    <ele>20.2</ele>
    <time>2026-08-31T06:53:46Z</time>
   </trkpt>
   <trkpt lat="22.7261000" lon="120.2994550">
    <ele>20.2</ele>
    <time>2026-08-31T06:53:47Z</time>
   </trkpt>
   <trkpt lat="22.7261020" lon="120.2994630">
    <ele>20.2</ele>
    <time>2026-08-31T06:53:48Z</time>
   </trkpt>
   <trkpt lat="22.7261090" lon="120.2994580">
    <ele>20.2</ele>
    <time>2026-08-31T06:53:49Z</time>
   </trkpt>
   <trkpt lat="22.7261110" lon="120.2994600">
    <ele>20.2</ele>
    <time>2026-08-31T06:53:50Z</time>
   </trkpt>
   <trkpt lat="22.7261150" lon="120.2994560">
    <ele>20.2</ele>
    <time>2026-08-31T06:53:51Z</time>
   </trkpt>
   <trkpt lat="22.7261160" lon="120.2994550">
    <ele>20.2</ele>
    <time>2026-08-31T06:53:52Z</time>
   </trkpt>
   <trkpt lat="22.7261120" lon="120.2994590">
    <ele>20.2</ele>
    <time>2026-08-31T06:53:53Z</time>
   </trkpt>
   <trkpt lat="22.7261120" lon="120.2994570">
    <ele>20.2</ele>
    <time>2026-08-31T06:53:54Z</time>
   </trkpt>
   <trkpt lat="22.7261160" lon="120.2994530">
    <ele>20.2</ele>
    <time>2026-08-31T06:53:55Z</time>
   </trkpt>
   <trkpt lat="22.7261150" lon="120.2994510">
    <ele>20.2</ele>
    <time>2026-08-31T06:53:56Z</time>
   </trkpt>
   <trkpt lat="22.7261210" lon="120.2994450">
    <ele>20.2</ele>
    <time>2026-08-31T06:53:57Z</time>
   </trkpt>
   <trkpt lat="22.7261260" lon="120.2994380">
    <ele>20.2</ele>
    <time>2026-08-31T06:53:58Z</time>
   </trkpt>
   <trkpt lat="22.7261320" lon="120.2994350">
    <ele>20.2</ele>
    <time>2026-08-31T06:53:59Z</time>
   </trkpt>
   <trkpt lat="22.7261360" lon="120.2994220">
    <ele>20.2</ele>
    <time>2026-08-31T06:54:00Z</time>
   </trkpt>
   <trkpt lat="22.7261190" lon="120.2994140">
    <ele>20.2</ele>
    <time>2026-08-31T06:54:01Z</time>
   </trkpt>
   <trkpt lat="22.7261050" lon="120.2994100">
    <ele>20.2</ele>
    <time>2026-08-31T06:54:02Z</time>
   </trkpt>
   <trkpt lat="22.7260940" lon="120.2994020">
    <ele>20.2</ele>
    <time>2026-08-31T06:54:03Z</time>
   </trkpt>
   <trkpt lat="22.7260920" lon="120.2993970">
    <ele>20.2</ele>
    <time>2026-08-31T06:54:04Z</time>
   </trkpt>
   <trkpt lat="22.7260920" lon="120.2993870">
    <ele>20.2</ele>
    <time>2026-08-31T06:54:05Z</time>
   </trkpt>
   <trkpt lat="22.7260840" lon="120.2993720">
    <ele>20.2</ele>
    <time>2026-08-31T06:54:06Z</time>
   </trkpt>
   <trkpt lat="22.7260770" lon="120.2993520">
    <ele>20.3</ele>
    <time>2026-08-31T06:54:07Z</time>
   </trkpt>
   <trkpt lat="22.7260670" lon="120.2993480">
    <ele>20.3</ele>
    <time>2026-08-31T06:54:08Z</time>
   </trkpt>
   <trkpt lat="22.7260830" lon="120.2993460">
    <ele>20.3</ele>
    <time>2026-08-31T06:54:09Z</time>
   </trkpt>
   <trkpt lat="22.7260820" lon="120.2993400">
    <ele>20.3</ele>
    <time>2026-08-31T06:54:10Z</time>
   </trkpt>
   <trkpt lat="22.7260850" lon="120.2993210">
    <ele>20.3</ele>
    <time>2026-08-31T06:54:11Z</time>
   </trkpt>
   <trkpt lat="22.7260810" lon="120.2993170">
    <ele>20.3</ele>
    <time>2026-08-31T06:54:12Z</time>
   </trkpt>
   <trkpt lat="22.7260600" lon="120.2992990">
    <ele>20.3</ele>
    <time>2026-08-31T06:54:13Z</time>
   </trkpt>
   <trkpt lat="22.7260600" lon="120.2993030">
    <ele>20.3</ele>
    <time>2026-08-31T06:54:14Z</time>
   </trkpt>
   <trkpt lat="22.7260630" lon="120.2993070">
    <ele>20.3</ele>
    <time>2026-08-31T06:54:15Z</time>
   </trkpt>
   <trkpt lat="22.7260570" lon="120.2993070">
    <ele>20.3</ele>
    <time>2026-08-31T06:54:16Z</time>
   </trkpt>
   <trkpt lat="22.7260450" lon="120.2992960">
    <ele>20.3</ele>
    <time>2026-08-31T06:54:17Z</time>
   </trkpt>
   <trkpt lat="22.7260370" lon="120.2993020">
    <ele>20.3</ele>
    <time>2026-08-31T06:54:18Z</time>
   </trkpt>
   <trkpt lat="22.7260190" lon="120.2993110">
    <ele>20.4</ele>
    <time>2026-08-31T06:54:19Z</time>
   </trkpt>
   <trkpt lat="22.7260040" lon="120.2993200">
    <ele>20.4</ele>
    <time>2026-08-31T06:54:20Z</time>
   </trkpt>
   <trkpt lat="22.7259890" lon="120.2993140">
    <ele>20.4</ele>
    <time>2026-08-31T06:54:21Z</time>
   </trkpt>
   <trkpt lat="22.7259630" lon="120.2993120">
    <ele>20.4</ele>
    <time>2026-08-31T06:54:22Z</time>
   </trkpt>
   <trkpt lat="22.7259360" lon="120.2993100">
    <ele>20.4</ele>
    <time>2026-08-31T06:54:23Z</time>
   </trkpt>
   <trkpt lat="22.7259130" lon="120.2993030">
    <ele>20.5</ele>
    <time>2026-08-31T06:54:24Z</time>
   </trkpt>
   <trkpt lat="22.7258880" lon="120.2992930">
    <ele>20.6</ele>
    <time>2026-08-31T06:54:25Z</time>
   </trkpt>
   <trkpt lat="22.7258900" lon="120.2993000">
    <ele>20.6</ele>
    <time>2026-08-31T06:54:26Z</time>
   </trkpt>
   <trkpt lat="22.7258770" lon="120.2993130">
    <ele>20.6</ele>
    <time>2026-08-31T06:54:27Z</time>
   </trkpt>
   <trkpt lat="22.7258810" lon="120.2993280">
    <ele>20.7</ele>
    <time>2026-08-31T06:54:28Z</time>
   </trkpt>
   <trkpt lat="22.7258760" lon="120.2993380">
    <ele>20.7</ele>
    <time>2026-08-31T06:54:29Z</time>
   </trkpt>
   <trkpt lat="22.7258680" lon="120.2993400">
    <ele>20.7</ele>
    <time>2026-08-31T06:54:30Z</time>
   </trkpt>
   <trkpt lat="22.7258520" lon="120.2993380">
    <ele>20.8</ele>
    <time>2026-08-31T06:54:31Z</time>
   </trkpt>
   <trkpt lat="22.7258250" lon="120.2993410">
    <ele>20.8</ele>
    <time>2026-08-31T06:54:32Z</time>
   </trkpt>
   <trkpt lat="22.7258160" lon="120.2993570">
    <ele>20.9</ele>
    <time>2026-08-31T06:54:33Z</time>
   </trkpt>
   <trkpt lat="22.7258030" lon="120.2993590">
    <ele>20.9</ele>
    <time>2026-08-31T06:54:34Z</time>
   </trkpt>
   <trkpt lat="22.7257970" lon="120.2993430">
    <ele>21.0</ele>
    <time>2026-08-31T06:54:35Z</time>
   </trkpt>
   <trkpt lat="22.7257910" lon="120.2993400">
    <ele>21.0</ele>
    <time>2026-08-31T06:54:36Z</time>
   </trkpt>
   <trkpt lat="22.7257780" lon="120.2993400">
    <ele>21.0</ele>
    <time>2026-08-31T06:54:37Z</time>
   </trkpt>
   <trkpt lat="22.7257640" lon="120.2993460">
    <ele>21.0</ele>
    <time>2026-08-31T06:54:38Z</time>
   </trkpt>
   <trkpt lat="22.7257620" lon="120.2993520">
    <ele>21.1</ele>
    <time>2026-08-31T06:54:39Z</time>
   </trkpt>
   <trkpt lat="22.7257440" lon="120.2993570">
    <ele>21.1</ele>
    <time>2026-08-31T06:54:40Z</time>
   </trkpt>
   <trkpt lat="22.7257500" lon="120.2993470">
    <ele>21.1</ele>
    <time>2026-08-31T06:54:41Z</time>
   </trkpt>
   <trkpt lat="22.7257480" lon="120.2993350">
    <ele>21.2</ele>
    <time>2026-08-31T06:54:42Z</time>
   </trkpt>
   <trkpt lat="22.7257540" lon="120.2993390">
    <ele>21.2</ele>
    <time>2026-08-31T06:54:43Z</time>
   </trkpt>
   <trkpt lat="22.7257460" lon="120.2993350">
    <ele>21.2</ele>
    <time>2026-08-31T06:54:44Z</time>
   </trkpt>
   <trkpt lat="22.7257300" lon="120.2993280">
    <ele>21.3</ele>
    <time>2026-08-31T06:54:45Z</time>
   </trkpt>
   <trkpt lat="22.7257180" lon="120.2993310">
    <ele>21.3</ele>
    <time>2026-08-31T06:54:46Z</time>
   </trkpt>
   <trkpt lat="22.7257130" lon="120.2993290">
    <ele>21.3</ele>
    <time>2026-08-31T06:54:47Z</time>
   </trkpt>
   <trkpt lat="22.7257140" lon="120.2993310">
    <ele>21.3</ele>
    <time>2026-08-31T06:54:48Z</time>
   </trkpt>
   <trkpt lat="22.7257090" lon="120.2993340">
    <ele>21.3</ele>
    <time>2026-08-31T06:54:49Z</time>
   </trkpt>
   <trkpt lat="22.7257060" lon="120.2993330">
    <ele>21.3</ele>
    <time>2026-08-31T06:54:50Z</time>
   </trkpt>
   <trkpt lat="22.7257050" lon="120.2993340">
    <ele>21.3</ele>
    <time>2026-08-31T06:54:51Z</time>
   </trkpt>
   <trkpt lat="22.7257030" lon="120.2993360">
    <ele>21.3</ele>
    <time>2026-08-31T06:54:52Z</time>
   </trkpt>
   <trkpt lat="22.7256990" lon="120.2993360">
    <ele>21.3</ele>
    <time>2026-08-31T06:54:53Z</time>
   </trkpt>
   <trkpt lat="22.7256930" lon="120.2993360">
    <ele>21.3</ele>
    <time>2026-08-31T06:54:54Z</time>
   </trkpt>
   <trkpt lat="22.7256860" lon="120.2993400">
    <ele>21.4</ele>
    <time>2026-08-31T06:54:55Z</time>
   </trkpt>
   <trkpt lat="22.7256750" lon="120.2993440">
    <ele>21.4</ele>
    <time>2026-08-31T06:54:56Z</time>
   </trkpt>
   <trkpt lat="22.7256620" lon="120.2993470">
    <ele>21.4</ele>
    <time>2026-08-31T06:54:57Z</time>
   </trkpt>
   <trkpt lat="22.7256520" lon="120.2993510">
    <ele>21.4</ele>
    <time>2026-08-31T06:54:58Z</time>
   </trkpt>
   <trkpt lat="22.7256430" lon="120.2993580">
    <ele>21.5</ele>
    <time>2026-08-31T06:54:59Z</time>
   </trkpt>
   <trkpt lat="22.7256370" lon="120.2993650">
    <ele>21.5</ele>
    <time>2026-08-31T06:55:00Z</time>
   </trkpt>
   <trkpt lat="22.7256280" lon="120.2993680">
    <ele>21.5</ele>
    <time>2026-08-31T06:55:01Z</time>
   </trkpt>
   <trkpt lat="22.7256210" lon="120.2993720">
    <ele>21.5</ele>
    <time>2026-08-31T06:55:02Z</time>
   </trkpt>
   <trkpt lat="22.7256180" lon="120.2993750">
    <ele>21.5</ele>
    <time>2026-08-31T06:55:03Z</time>
   </trkpt>
   <trkpt lat="22.7256070" lon="120.2993870">
    <ele>21.5</ele>
    <time>2026-08-31T06:55:04Z</time>
   </trkpt>
   <trkpt lat="22.7256010" lon="120.2993930">
    <ele>21.5</ele>
    <time>2026-08-31T06:55:05Z</time>
   </trkpt>
   <trkpt lat="22.7255910" lon="120.2994010">
    <ele>21.6</ele>
    <time>2026-08-31T06:55:06Z</time>
   </trkpt>
   <trkpt lat="22.7255850" lon="120.2994100">
    <ele>21.6</ele>
    <time>2026-08-31T06:55:07Z</time>
   </trkpt>
   <trkpt lat="22.7255770" lon="120.2994160">
    <ele>21.6</ele>
    <time>2026-08-31T06:55:08Z</time>
   </trkpt>
   <trkpt lat="22.7255710" lon="120.2994200">
    <ele>21.6</ele>
    <time>2026-08-31T06:55:09Z</time>
   </trkpt>
   <trkpt lat="22.7255630" lon="120.2994240">
    <ele>21.6</ele>
    <time>2026-08-31T06:55:10Z</time>
   </trkpt>
   <trkpt lat="22.7255540" lon="120.2994250">
    <ele>21.6</ele>
    <time>2026-08-31T06:55:11Z</time>
   </trkpt>
   <trkpt lat="22.7255460" lon="120.2994280">
    <ele>21.6</ele>
    <time>2026-08-31T06:55:12Z</time>
   </trkpt>
   <trkpt lat="22.7255380" lon="120.2994330">
    <ele>21.6</ele>
    <time>2026-08-31T06:55:13Z</time>
   </trkpt>
   <trkpt lat="22.7255290" lon="120.2994350">
    <ele>21.6</ele>
    <time>2026-08-31T06:55:14Z</time>
   </trkpt>
   <trkpt lat="22.7255190" lon="120.2994400">
    <ele>21.6</ele>
    <time>2026-08-31T06:55:15Z</time>
   </trkpt>
   <trkpt lat="22.7255230" lon="120.2994430">
    <ele>21.6</ele>
    <time>2026-08-31T06:55:16Z</time>
   </trkpt>
   <trkpt lat="22.7255280" lon="120.2994510">
    <ele>21.6</ele>
    <time>2026-08-31T06:55:17Z</time>
   </trkpt>
   <trkpt lat="22.7255290" lon="120.2994550">
    <ele>21.7</ele>
    <time>2026-08-31T06:55:18Z</time>
   </trkpt>
   <trkpt lat="22.7255240" lon="120.2994500">
    <ele>21.7</ele>
    <time>2026-08-31T06:55:19Z</time>
   </trkpt>
   <trkpt lat="22.7255200" lon="120.2994490">
    <ele>21.7</ele>
    <time>2026-08-31T06:55:20Z</time>
   </trkpt>
   <trkpt lat="22.7255210" lon="120.2994530">
    <ele>21.7</ele>
    <time>2026-08-31T06:55:21Z</time>
   </trkpt>
   <trkpt lat="22.7255160" lon="120.2994700">
    <ele>21.7</ele>
    <time>2026-08-31T06:55:22Z</time>
   </trkpt>
   <trkpt lat="22.7255020" lon="120.2994780">
    <ele>21.7</ele>
    <time>2026-08-31T06:55:23Z</time>
   </trkpt>
   <trkpt lat="22.7255030" lon="120.2994890">
    <ele>21.7</ele>
    <time>2026-08-31T06:55:24Z</time>
   </trkpt>
   <trkpt lat="22.7255100" lon="120.2994780">
    <ele>21.7</ele>
    <time>2026-08-31T06:55:25Z</time>
   </trkpt>
   <trkpt lat="22.7255140" lon="120.2994650">
    <ele>21.7</ele>
    <time>2026-08-31T06:55:26Z</time>
   </trkpt>
   <trkpt lat="22.7255140" lon="120.2994640">
    <ele>21.7</ele>
    <time>2026-08-31T06:55:27Z</time>
   </trkpt>
   <trkpt lat="22.7255000" lon="120.2994760">
    <ele>21.7</ele>
    <time>2026-08-31T06:55:28Z</time>
   </trkpt>
   <trkpt lat="22.7254940" lon="120.2994790">
    <ele>21.7</ele>
    <time>2026-08-31T06:55:29Z</time>
   </trkpt>
   <trkpt lat="22.7254930" lon="120.2994820">
    <ele>21.7</ele>
    <time>2026-08-31T06:55:30Z</time>
   </trkpt>
   <trkpt lat="22.7254930" lon="120.2994820">
    <ele>21.7</ele>
    <time>2026-08-31T06:55:31Z</time>
   </trkpt>
   <trkpt lat="22.7254880" lon="120.2994770">
    <ele>21.7</ele>
    <time>2026-08-31T06:55:32Z</time>
   </trkpt>
   <trkpt lat="22.7254830" lon="120.2994820">
    <ele>21.7</ele>
    <time>2026-08-31T06:55:33Z</time>
   </trkpt>
   <trkpt lat="22.7254790" lon="120.2994810">
    <ele>21.7</ele>
    <time>2026-08-31T06:55:34Z</time>
   </trkpt>
   <trkpt lat="22.7254780" lon="120.2994740">
    <ele>21.7</ele>
    <time>2026-08-31T06:55:35Z</time>
   </trkpt>
   <trkpt lat="22.7254790" lon="120.2994710">
    <ele>21.7</ele>
    <time>2026-08-31T06:55:36Z</time>
   </trkpt>
   <trkpt lat="22.7254790" lon="120.2994760">
    <ele>21.7</ele>
    <time>2026-08-31T06:55:37Z</time>
   </trkpt>
   <trkpt lat="22.7254780" lon="120.2994840">
    <ele>21.7</ele>
    <time>2026-08-31T06:55:38Z</time>
   </trkpt>
   <trkpt lat="22.7254750" lon="120.2994920">
    <ele>21.7</ele>
    <time>2026-08-31T06:55:39Z</time>
   </trkpt>
   <trkpt lat="22.7254750" lon="120.2994900">
    <ele>21.7</ele>
    <time>2026-08-31T06:55:40Z</time>
   </trkpt>
   <trkpt lat="22.7254750" lon="120.2994900">
    <ele>21.7</ele>
    <time>2026-08-31T06:55:41Z</time>
   </trkpt>
   <trkpt lat="22.7254770" lon="120.2994930">
    <ele>21.7</ele>
    <time>2026-08-31T06:55:42Z</time>
   </trkpt>
   <trkpt lat="22.7254640" lon="120.2994960">
    <ele>21.7</ele>
    <time>2026-08-31T06:55:43Z</time>
   </trkpt>
   <trkpt lat="22.7254660" lon="120.2994960">
    <ele>21.7</ele>
    <time>2026-08-31T06:55:44Z</time>
   </trkpt>
   <trkpt lat="22.7254640" lon="120.2994970">
    <ele>21.7</ele>
    <time>2026-08-31T06:55:45Z</time>
   </trkpt>
   <trkpt lat="22.7254670" lon="120.2994900">
    <ele>21.7</ele>
    <time>2026-08-31T06:55:46Z</time>
   </trkpt>
   <trkpt lat="22.7254530" lon="120.2994680">
    <ele>21.7</ele>
    <time>2026-08-31T06:55:47Z</time>
   </trkpt>
   <trkpt lat="22.7254460" lon="120.2994810">
    <ele>21.8</ele>
    <time>2026-08-31T06:55:48Z</time>
   </trkpt>
   <trkpt lat="22.7254540" lon="120.2994890">
    <ele>21.8</ele>
    <time>2026-08-31T06:55:49Z</time>
   </trkpt>
   <trkpt lat="22.7254480" lon="120.2995000">
    <ele>21.8</ele>
    <time>2026-08-31T06:55:50Z</time>
   </trkpt>
   <trkpt lat="22.7254280" lon="120.2995130">
    <ele>21.8</ele>
    <time>2026-08-31T06:55:51Z</time>
   </trkpt>
   <trkpt lat="22.7254140" lon="120.2995270">
    <ele>21.8</ele>
    <time>2026-08-31T06:55:52Z</time>
   </trkpt>
   <trkpt lat="22.7254100" lon="120.2995280">
    <ele>21.8</ele>
    <time>2026-08-31T06:55:53Z</time>
   </trkpt>
   <trkpt lat="22.7254010" lon="120.2995270">
    <ele>21.8</ele>
    <time>2026-08-31T06:55:54Z</time>
   </trkpt>
   <trkpt lat="22.7254010" lon="120.2995220">
    <ele>21.8</ele>
    <time>2026-08-31T06:55:55Z</time>
   </trkpt>
   <trkpt lat="22.7253830" lon="120.2995390">
    <ele>21.8</ele>
    <time>2026-08-31T06:55:56Z</time>
   </trkpt>
   <trkpt lat="22.7253900" lon="120.2995300">
    <ele>21.8</ele>
    <time>2026-08-31T06:55:57Z</time>
   </trkpt>
   <trkpt lat="22.7253870" lon="120.2995310">
    <ele>21.8</ele>
    <time>2026-08-31T06:55:58Z</time>
   </trkpt>
   <trkpt lat="22.7253710" lon="120.2995460">
    <ele>21.8</ele>
    <time>2026-08-31T06:55:59Z</time>
   </trkpt>
   <trkpt lat="22.7253720" lon="120.2995700">
    <ele>21.8</ele>
    <time>2026-08-31T06:56:00Z</time>
   </trkpt>
   <trkpt lat="22.7253660" lon="120.2995720">
    <ele>21.8</ele>
    <time>2026-08-31T06:56:01Z</time>
   </trkpt>
   <trkpt lat="22.7253490" lon="120.2995700">
    <ele>21.8</ele>
    <time>2026-08-31T06:56:02Z</time>
   </trkpt>
   <trkpt lat="22.7253120" lon="120.2996070">
    <ele>21.8</ele>
    <time>2026-08-31T06:56:03Z</time>
   </trkpt>
   <trkpt lat="22.7253170" lon="120.2996110">
    <ele>21.8</ele>
    <time>2026-08-31T06:56:04Z</time>
   </trkpt>
   <trkpt lat="22.7253210" lon="120.2996250">
    <ele>21.8</ele>
    <time>2026-08-31T06:56:05Z</time>
   </trkpt>
   <trkpt lat="22.7253110" lon="120.2996390">
    <ele>21.7</ele>
    <time>2026-08-31T06:56:06Z</time>
   </trkpt>
   <trkpt lat="22.7253040" lon="120.2996440">
    <ele>21.7</ele>
    <time>2026-08-31T06:56:07Z</time>
   </trkpt>
   <trkpt lat="22.7253020" lon="120.2996380">
    <ele>21.7</ele>
    <time>2026-08-31T06:56:09Z</time>
   </trkpt>
   <trkpt lat="22.7252970" lon="120.2996420">
    <ele>21.7</ele>
    <time>2026-08-31T06:56:10Z</time>
   </trkpt>
   <trkpt lat="22.7252920" lon="120.2996490">
    <ele>21.7</ele>
    <time>2026-08-31T06:56:11Z</time>
   </trkpt>
   <trkpt lat="22.7252900" lon="120.2996510">
    <ele>21.7</ele>
    <time>2026-08-31T06:56:12Z</time>
   </trkpt>
   <trkpt lat="22.7252910" lon="120.2996590">
    <ele>21.7</ele>
    <time>2026-08-31T06:56:13Z</time>
   </trkpt>
   <trkpt lat="22.7252910" lon="120.2996700">
    <ele>21.7</ele>
    <time>2026-08-31T06:56:14Z</time>
   </trkpt>
   <trkpt lat="22.7252930" lon="120.2996820">
    <ele>21.7</ele>
    <time>2026-08-31T06:56:15Z</time>
   </trkpt>
   <trkpt lat="22.7252940" lon="120.2996920">
    <ele>21.7</ele>
    <time>2026-08-31T06:56:16Z</time>
   </trkpt>
   <trkpt lat="22.7253040" lon="120.2997170">
    <ele>21.7</ele>
    <time>2026-08-31T06:56:17Z</time>
   </trkpt>
   <trkpt lat="22.7253140" lon="120.2997450">
    <ele>21.6</ele>
    <time>2026-08-31T06:56:18Z</time>
   </trkpt>
   <trkpt lat="22.7253240" lon="120.2997510">
    <ele>21.6</ele>
    <time>2026-08-31T06:56:19Z</time>
   </trkpt>
   <trkpt lat="22.7253280" lon="120.2997890">
    <ele>21.6</ele>
    <time>2026-08-31T06:56:20Z</time>
   </trkpt>
   <trkpt lat="22.7253280" lon="120.2998110">
    <ele>21.6</ele>
    <time>2026-08-31T06:56:21Z</time>
   </trkpt>
   <trkpt lat="22.7253320" lon="120.2998260">
    <ele>21.6</ele>
    <time>2026-08-31T06:56:22Z</time>
   </trkpt>
   <trkpt lat="22.7253370" lon="120.2998520">
    <ele>21.5</ele>
    <time>2026-08-31T06:56:23Z</time>
   </trkpt>
   <trkpt lat="22.7253410" lon="120.2998720">
    <ele>21.5</ele>
    <time>2026-08-31T06:56:24Z</time>
   </trkpt>
   <trkpt lat="22.7253380" lon="120.2998900">
    <ele>21.5</ele>
    <time>2026-08-31T06:56:25Z</time>
   </trkpt>
   <trkpt lat="22.7253350" lon="120.2999060">
    <ele>21.5</ele>
    <time>2026-08-31T06:56:26Z</time>
   </trkpt>
   <trkpt lat="22.7253400" lon="120.2999250">
    <ele>21.5</ele>
    <time>2026-08-31T06:56:27Z</time>
   </trkpt>
   <trkpt lat="22.7253510" lon="120.2999370">
    <ele>21.5</ele>
    <time>2026-08-31T06:56:28Z</time>
   </trkpt>
   <trkpt lat="22.7253480" lon="120.2999490">
    <ele>21.5</ele>
    <time>2026-08-31T06:56:29Z</time>
   </trkpt>
   <trkpt lat="22.7253570" lon="120.2999630">
    <ele>21.5</ele>
    <time>2026-08-31T06:56:30Z</time>
   </trkpt>
   <trkpt lat="22.7253630" lon="120.2999780">
    <ele>21.5</ele>
    <time>2026-08-31T06:56:31Z</time>
   </trkpt>
   <trkpt lat="22.7253630" lon="120.2999880">
    <ele>21.5</ele>
    <time>2026-08-31T06:56:32Z</time>
   </trkpt>
   <trkpt lat="22.7253630" lon="120.3000010">
    <ele>21.5</ele>
    <time>2026-08-31T06:56:33Z</time>
   </trkpt>
   <trkpt lat="22.7253710" lon="120.3000090">
    <ele>21.5</ele>
    <time>2026-08-31T06:56:34Z</time>
   </trkpt>
   <trkpt lat="22.7253670" lon="120.3000230">
    <ele>21.5</ele>
    <time>2026-08-31T06:56:35Z</time>
   </trkpt>
   <trkpt lat="22.7253710" lon="120.3000370">
    <ele>21.5</ele>
    <time>2026-08-31T06:56:36Z</time>
   </trkpt>
   <trkpt lat="22.7253750" lon="120.3000500">
    <ele>21.5</ele>
    <time>2026-08-31T06:56:37Z</time>
   </trkpt>
   <trkpt lat="22.7253760" lon="120.3000640">
    <ele>21.5</ele>
    <time>2026-08-31T06:56:38Z</time>
   </trkpt>
   <trkpt lat="22.7253840" lon="120.3000720">
    <ele>21.5</ele>
    <time>2026-08-31T06:56:39Z</time>
   </trkpt>
   <trkpt lat="22.7253870" lon="120.3000820">
    <ele>21.5</ele>
    <time>2026-08-31T06:56:40Z</time>
   </trkpt>
   <trkpt lat="22.7253910" lon="120.3001030">
    <ele>21.4</ele>
    <time>2026-08-31T06:56:41Z</time>
   </trkpt>
   <trkpt lat="22.7253950" lon="120.3001100">
    <ele>21.4</ele>
    <time>2026-08-31T06:56:42Z</time>
   </trkpt>
   <trkpt lat="22.7253920" lon="120.3001210">
    <ele>21.4</ele>
    <time>2026-08-31T06:56:43Z</time>
   </trkpt>
   <trkpt lat="22.7253890" lon="120.3001330">
    <ele>21.4</ele>
    <time>2026-08-31T06:56:44Z</time>
   </trkpt>
   <trkpt lat="22.7253900" lon="120.3001450">
    <ele>21.4</ele>
    <time>2026-08-31T06:56:45Z</time>
   </trkpt>
   <trkpt lat="22.7253830" lon="120.3001630">
    <ele>21.4</ele>
    <time>2026-08-31T06:56:46Z</time>
   </trkpt>
   <trkpt lat="22.7253810" lon="120.3001710">
    <ele>21.4</ele>
    <time>2026-08-31T06:56:47Z</time>
   </trkpt>
   <trkpt lat="22.7253830" lon="120.3001850">
    <ele>21.4</ele>
    <time>2026-08-31T06:56:48Z</time>
   </trkpt>
   <trkpt lat="22.7253910" lon="120.3001850">
    <ele>21.5</ele>
    <time>2026-08-31T06:56:49Z</time>
   </trkpt>
   <trkpt lat="22.7254110" lon="120.3001940">
    <ele>21.7</ele>
    <time>2026-08-31T06:56:50Z</time>
   </trkpt>
   <trkpt lat="22.7254180" lon="120.3001940">
    <ele>21.8</ele>
    <time>2026-08-31T06:56:51Z</time>
   </trkpt>
   <trkpt lat="22.7254260" lon="120.3001720">
    <ele>22.0</ele>
    <time>2026-08-31T06:56:52Z</time>
   </trkpt>
   <trkpt lat="22.7254460" lon="120.3001550">
    <ele>22.2</ele>
    <time>2026-08-31T06:56:53Z</time>
   </trkpt>
   <trkpt lat="22.7254600" lon="120.3001460">
    <ele>22.3</ele>
    <time>2026-08-31T06:56:54Z</time>
   </trkpt>
   <trkpt lat="22.7254700" lon="120.3001360">
    <ele>22.5</ele>
    <time>2026-08-31T06:56:55Z</time>
   </trkpt>
   <trkpt lat="22.7254870" lon="120.3001300">
    <ele>22.6</ele>
    <time>2026-08-31T06:56:56Z</time>
   </trkpt>
   <trkpt lat="22.7255100" lon="120.3001160">
    <ele>22.9</ele>
    <time>2026-08-31T06:56:57Z</time>
   </trkpt>
   <trkpt lat="22.7255280" lon="120.3001020">
    <ele>23.1</ele>
    <time>2026-08-31T06:56:58Z</time>
   </trkpt>
   <trkpt lat="22.7255490" lon="120.3000850">
    <ele>23.4</ele>
    <time>2026-08-31T06:56:59Z</time>
   </trkpt>
   <trkpt lat="22.7255630" lon="120.3000810">
    <ele>23.5</ele>
    <time>2026-08-31T06:57:00Z</time>
   </trkpt>
   <trkpt lat="22.7255790" lon="120.3000690">
    <ele>23.7</ele>
    <time>2026-08-31T06:57:01Z</time>
   </trkpt>
   <trkpt lat="22.7256060" lon="120.3000630">
    <ele>24.0</ele>
    <time>2026-08-31T06:57:02Z</time>
   </trkpt>
   <trkpt lat="22.7256210" lon="120.3000590">
    <ele>24.1</ele>
    <time>2026-08-31T06:57:03Z</time>
   </trkpt>
   <trkpt lat="22.7256340" lon="120.3000550">
    <ele>24.3</ele>
    <time>2026-08-31T06:57:04Z</time>
   </trkpt>
   <trkpt lat="22.7256480" lon="120.3000470">
    <ele>24.4</ele>
    <time>2026-08-31T06:57:05Z</time>
   </trkpt>
   <trkpt lat="22.7256580" lon="120.3000410">
    <ele>24.6</ele>
    <time>2026-08-31T06:57:06Z</time>
   </trkpt>
   <trkpt lat="22.7256640" lon="120.3000460">
    <ele>24.6</ele>
    <time>2026-08-31T06:57:07Z</time>
   </trkpt>
   <trkpt lat="22.7256610" lon="120.3000430">
    <ele>24.7</ele>
    <time>2026-08-31T06:57:08Z</time>
   </trkpt>
   <trkpt lat="22.7256590" lon="120.3000360">
    <ele>24.7</ele>
    <time>2026-08-31T06:57:09Z</time>
   </trkpt>
   <trkpt lat="22.7256550" lon="120.3000290">
    <ele>24.8</ele>
    <time>2026-08-31T06:57:10Z</time>
   </trkpt>
   <trkpt lat="22.7256610" lon="120.3000110">
    <ele>25.0</ele>
    <time>2026-08-31T06:57:11Z</time>
   </trkpt>
   <trkpt lat="22.7256670" lon="120.3000060">
    <ele>25.1</ele>
    <time>2026-08-31T06:57:12Z</time>
   </trkpt>
   <trkpt lat="22.7256830" lon="120.2999960">
    <ele>25.3</ele>
    <time>2026-08-31T06:57:13Z</time>
   </trkpt>
   <trkpt lat="22.7256850" lon="120.2999900">
    <ele>25.3</ele>
    <time>2026-08-31T06:57:14Z</time>
   </trkpt>
   <trkpt lat="22.7256810" lon="120.2999910">
    <ele>25.4</ele>
    <time>2026-08-31T06:57:15Z</time>
   </trkpt>
   <trkpt lat="22.7256820" lon="120.2999890">
    <ele>25.4</ele>
    <time>2026-08-31T06:57:16Z</time>
   </trkpt>
   <trkpt lat="22.7256850" lon="120.2999880">
    <ele>25.4</ele>
    <time>2026-08-31T06:57:17Z</time>
   </trkpt>
   <trkpt lat="22.7257040" lon="120.2999870">
    <ele>25.6</ele>
    <time>2026-08-31T06:57:18Z</time>
   </trkpt>
   <trkpt lat="22.7257100" lon="120.2999790">
    <ele>25.7</ele>
    <time>2026-08-31T06:57:19Z</time>
   </trkpt>
   <trkpt lat="22.7257190" lon="120.2999700">
    <ele>25.9</ele>
    <time>2026-08-31T06:57:20Z</time>
   </trkpt>
   <trkpt lat="22.7257250" lon="120.2999640">
    <ele>26.0</ele>
    <time>2026-08-31T06:57:21Z</time>
   </trkpt>
   <trkpt lat="22.7257260" lon="120.2999570">
    <ele>26.0</ele>
    <time>2026-08-31T06:57:22Z</time>
   </trkpt>
   <trkpt lat="22.7257310" lon="120.2999520">
    <ele>26.1</ele>
    <time>2026-08-31T06:57:23Z</time>
   </trkpt>
   <trkpt lat="22.7257410" lon="120.2999420">
    <ele>26.2</ele>
    <time>2026-08-31T06:57:24Z</time>
   </trkpt>
   <trkpt lat="22.7257450" lon="120.2999430">
    <ele>26.3</ele>
    <time>2026-08-31T06:57:25Z</time>
   </trkpt>
   <trkpt lat="22.7257460" lon="120.2999440">
    <ele>26.3</ele>
    <time>2026-08-31T06:57:26Z</time>
   </trkpt>
   <trkpt lat="22.7257480" lon="120.2999460">
    <ele>26.3</ele>
    <time>2026-08-31T06:57:27Z</time>
   </trkpt>
   <trkpt lat="22.7257530" lon="120.2999420">
    <ele>26.4</ele>
    <time>2026-08-31T06:57:28Z</time>
   </trkpt>
   <trkpt lat="22.7257620" lon="120.2999300">
    <ele>26.5</ele>
    <time>2026-08-31T06:57:29Z</time>
   </trkpt>
   <trkpt lat="22.7257740" lon="120.2999270">
    <ele>26.7</ele>
    <time>2026-08-31T06:57:30Z</time>
   </trkpt>
   <trkpt lat="22.7257870" lon="120.2999190">
    <ele>26.8</ele>
    <time>2026-08-31T06:57:31Z</time>
   </trkpt>
   <trkpt lat="22.7257950" lon="120.2999210">
    <ele>26.9</ele>
    <time>2026-08-31T06:57:32Z</time>
   </trkpt>
   <trkpt lat="22.7257950" lon="120.2999250">
    <ele>26.9</ele>
    <time>2026-08-31T06:57:33Z</time>
   </trkpt>
   <trkpt lat="22.7257930" lon="120.2999230">
    <ele>27.0</ele>
    <time>2026-08-31T06:57:34Z</time>
   </trkpt>
   <trkpt lat="22.7257960" lon="120.2999240">
    <ele>27.0</ele>
    <time>2026-08-31T06:57:35Z</time>
   </trkpt>
   <trkpt lat="22.7258100" lon="120.2999110">
    <ele>27.2</ele>
    <time>2026-08-31T06:57:36Z</time>
   </trkpt>
   <trkpt lat="22.7258160" lon="120.2998990">
    <ele>27.3</ele>
    <time>2026-08-31T06:57:37Z</time>
   </trkpt>
   <trkpt lat="22.7258160" lon="120.2998880">
    <ele>27.4</ele>
    <time>2026-08-31T06:57:38Z</time>
   </trkpt>
   <trkpt lat="22.7258220" lon="120.2998800">
    <ele>27.5</ele>
    <time>2026-08-31T06:57:39Z</time>
   </trkpt>
   <trkpt lat="22.7258200" lon="120.2998840">
    <ele>27.6</ele>
    <time>2026-08-31T06:57:40Z</time>
   </trkpt>
   <trkpt lat="22.7258320" lon="120.2998790">
    <ele>27.7</ele>
    <time>2026-08-31T06:57:41Z</time>
   </trkpt>
   <trkpt lat="22.7258500" lon="120.2998790">
    <ele>27.9</ele>
    <time>2026-08-31T06:57:42Z</time>
   </trkpt>
   <trkpt lat="22.7258630" lon="120.2998740">
    <ele>28.1</ele>
    <time>2026-08-31T06:57:43Z</time>
   </trkpt>
   <trkpt lat="22.7258730" lon="120.2998710">
    <ele>28.2</ele>
    <time>2026-08-31T06:57:44Z</time>
   </trkpt>
   <trkpt lat="22.7258710" lon="120.2998780">
    <ele>28.2</ele>
    <time>2026-08-31T06:57:45Z</time>
   </trkpt>
   <trkpt lat="22.7258650" lon="120.2998750">
    <ele>28.3</ele>
    <time>2026-08-31T06:57:46Z</time>
   </trkpt>
   <trkpt lat="22.7258650" lon="120.2998740">
    <ele>28.3</ele>
    <time>2026-08-31T06:57:48Z</time>
   </trkpt>
   <trkpt lat="22.7258660" lon="120.2998700">
    <ele>28.3</ele>
    <time>2026-08-31T06:57:49Z</time>
   </trkpt>
   <trkpt lat="22.7258660" lon="120.2998680">
    <ele>28.4</ele>
    <time>2026-08-31T06:57:50Z</time>
   </trkpt>
   <trkpt lat="22.7258670" lon="120.2998660">
    <ele>28.4</ele>
    <time>2026-08-31T06:57:51Z</time>
   </trkpt>
   <trkpt lat="22.7258750" lon="120.2998520">
    <ele>28.5</ele>
    <time>2026-08-31T06:57:52Z</time>
   </trkpt>
   <trkpt lat="22.7258820" lon="120.2998400">
    <ele>28.7</ele>
    <time>2026-08-31T06:57:53Z</time>
   </trkpt>
   <trkpt lat="22.7258890" lon="120.2998380">
    <ele>28.8</ele>
    <time>2026-08-31T06:57:54Z</time>
   </trkpt>
   <trkpt lat="22.7258830" lon="120.2998450">
    <ele>28.9</ele>
    <time>2026-08-31T06:57:55Z</time>
   </trkpt>
   <trkpt lat="22.7258880" lon="120.2998500">
    <ele>28.9</ele>
    <time>2026-08-31T06:57:56Z</time>
   </trkpt>
   <trkpt lat="22.7258960" lon="120.2998520">
    <ele>29.0</ele>
    <time>2026-08-31T06:57:57Z</time>
   </trkpt>
   <trkpt lat="22.7259090" lon="120.2998420">
    <ele>29.2</ele>
    <time>2026-08-31T06:57:58Z</time>
   </trkpt>
   <trkpt lat="22.7259100" lon="120.2998320">
    <ele>29.3</ele>
    <time>2026-08-31T06:57:59Z</time>
   </trkpt>
   <trkpt lat="22.7259150" lon="120.2998280">
    <ele>29.3</ele>
    <time>2026-08-31T06:58:00Z</time>
   </trkpt>
   <trkpt lat="22.7259150" lon="120.2998320">
    <ele>29.4</ele>
    <time>2026-08-31T06:58:01Z</time>
   </trkpt>
   <trkpt lat="22.7259190" lon="120.2998410">
    <ele>29.5</ele>
    <time>2026-08-31T06:58:02Z</time>
   </trkpt>
   <trkpt lat="22.7259120" lon="120.2998380">
    <ele>29.5</ele>
    <time>2026-08-31T06:58:03Z</time>
   </trkpt>
   <trkpt lat="22.7259130" lon="120.2998390">
    <ele>29.5</ele>
    <time>2026-08-31T06:58:04Z</time>
   </trkpt>
   <trkpt lat="22.7259140" lon="120.2998360">
    <ele>29.6</ele>
    <time>2026-08-31T06:58:05Z</time>
   </trkpt>
   <trkpt lat="22.7259140" lon="120.2998370">
    <ele>29.6</ele>
    <time>2026-08-31T06:58:06Z</time>
   </trkpt>
   <trkpt lat="22.7259130" lon="120.2998360">
    <ele>29.6</ele>
    <time>2026-08-31T06:58:07Z</time>
   </trkpt>
   <trkpt lat="22.7259140" lon="120.2998340">
    <ele>29.6</ele>
    <time>2026-08-31T06:58:08Z</time>
   </trkpt>
   <trkpt lat="22.7259140" lon="120.2998320">
    <ele>29.6</ele>
    <time>2026-08-31T06:58:09Z</time>
   </trkpt>
   <trkpt lat="22.7259150" lon="120.2998280">
    <ele>29.7</ele>
    <time>2026-08-31T06:58:10Z</time>
   </trkpt>
   <trkpt lat="22.7259160" lon="120.2998210">
    <ele>29.7</ele>
    <time>2026-08-31T06:58:11Z</time>
   </trkpt>
   <trkpt lat="22.7259190" lon="120.2998170">
    <ele>29.8</ele>
    <time>2026-08-31T06:58:12Z</time>
   </trkpt>
   <trkpt lat="22.7259330" lon="120.2998100">
    <ele>29.9</ele>
    <time>2026-08-31T06:58:13Z</time>
   </trkpt>
   <trkpt lat="22.7259480" lon="120.2998030">
    <ele>30.1</ele>
    <time>2026-08-31T06:58:14Z</time>
   </trkpt>
   <trkpt lat="22.7259630" lon="120.2998090">
    <ele>30.3</ele>
    <time>2026-08-31T06:58:15Z</time>
   </trkpt>
   <trkpt lat="22.7259700" lon="120.2998040">
    <ele>30.3</ele>
    <time>2026-08-31T06:58:16Z</time>
   </trkpt>
   <trkpt lat="22.7259750" lon="120.2997950">
    <ele>30.4</ele>
    <time>2026-08-31T06:58:17Z</time>
   </trkpt>
   <trkpt lat="22.7259810" lon="120.2997890">
    <ele>30.5</ele>
    <time>2026-08-31T06:58:18Z</time>
   </trkpt>
   <trkpt lat="22.7259880" lon="120.2997830">
    <ele>30.6</ele>
    <time>2026-08-31T06:58:19Z</time>
   </trkpt>
   <trkpt lat="22.7259890" lon="120.2997810">
    <ele>30.6</ele>
    <time>2026-08-31T06:58:20Z</time>
   </trkpt>
   <trkpt lat="22.7259880" lon="120.2997780">
    <ele>30.7</ele>
    <time>2026-08-31T06:58:21Z</time>
   </trkpt>
   <trkpt lat="22.7259890" lon="120.2997730">
    <ele>30.7</ele>
    <time>2026-08-31T06:58:22Z</time>
   </trkpt>
   <trkpt lat="22.7259970" lon="120.2997640">
    <ele>30.8</ele>
    <time>2026-08-31T06:58:23Z</time>
   </trkpt>
   <trkpt lat="22.7260070" lon="120.2997580">
    <ele>30.9</ele>
    <time>2026-08-31T06:58:24Z</time>
   </trkpt>
   <trkpt lat="22.7260150" lon="120.2997590">
    <ele>31.0</ele>
    <time>2026-08-31T06:58:25Z</time>
   </trkpt>
   <trkpt lat="22.7260050" lon="120.2997530">
    <ele>30.9</ele>
    <time>2026-08-31T06:58:26Z</time>
   </trkpt>
   <trkpt lat="22.7260050" lon="120.2997560">
    <ele>30.9</ele>
    <time>2026-08-31T06:58:27Z</time>
   </trkpt>
   <trkpt lat="22.7260050" lon="120.2997530">
    <ele>30.8</ele>
    <time>2026-08-31T06:58:28Z</time>
   </trkpt>
   <trkpt lat="22.7260070" lon="120.2997550">
    <ele>30.8</ele>
    <time>2026-08-31T06:58:29Z</time>
   </trkpt>
   <trkpt lat="22.7259930" lon="120.2997540">
    <ele>30.7</ele>
    <time>2026-08-31T06:58:30Z</time>
   </trkpt>
   <trkpt lat="22.7259810" lon="120.2997620">
    <ele>30.5</ele>
    <time>2026-08-31T06:58:31Z</time>
   </trkpt>
   <trkpt lat="22.7259780" lon="120.2997680">
    <ele>30.5</ele>
    <time>2026-08-31T06:58:32Z</time>
   </trkpt>
   <trkpt lat="22.7259740" lon="120.2997810">
    <ele>30.3</ele>
    <time>2026-08-31T06:58:33Z</time>
   </trkpt>
   <trkpt lat="22.7259770" lon="120.2997850">
    <ele>30.3</ele>
    <time>2026-08-31T06:58:34Z</time>
   </trkpt>
   <trkpt lat="22.7259700" lon="120.2997750">
    <ele>30.2</ele>
    <time>2026-08-31T06:58:35Z</time>
   </trkpt>
   <trkpt lat="22.7259750" lon="120.2997740">
    <ele>30.1</ele>
    <time>2026-08-31T06:58:36Z</time>
   </trkpt>
   <trkpt lat="22.7259740" lon="120.2997850">
    <ele>30.0</ele>
    <time>2026-08-31T06:58:37Z</time>
   </trkpt>
   <trkpt lat="22.7259730" lon="120.2997840">
    <ele>30.0</ele>
    <time>2026-08-31T06:58:38Z</time>
   </trkpt>
   <trkpt lat="22.7259710" lon="120.2998140">
    <ele>29.8</ele>
    <time>2026-08-31T06:58:39Z</time>
   </trkpt>
   <trkpt lat="22.7259800" lon="120.2998170">
    <ele>29.7</ele>
    <time>2026-08-31T06:58:40Z</time>
   </trkpt>
   <trkpt lat="22.7259810" lon="120.2998300">
    <ele>29.6</ele>
    <time>2026-08-31T06:58:41Z</time>
   </trkpt>
   <trkpt lat="22.7259810" lon="120.2998370">
    <ele>29.5</ele>
    <time>2026-08-31T06:58:42Z</time>
   </trkpt>
   <trkpt lat="22.7259850" lon="120.2998420">
    <ele>29.4</ele>
    <time>2026-08-31T06:58:43Z</time>
   </trkpt>
   <trkpt lat="22.7259830" lon="120.2998540">
    <ele>29.3</ele>
    <time>2026-08-31T06:58:44Z</time>
   </trkpt>
   <trkpt lat="22.7259840" lon="120.2998700">
    <ele>29.2</ele>
    <time>2026-08-31T06:58:45Z</time>
   </trkpt>
   <trkpt lat="22.7259790" lon="120.2998760">
    <ele>29.1</ele>
    <time>2026-08-31T06:58:46Z</time>
   </trkpt>
   <trkpt lat="22.7259740" lon="120.2998830">
    <ele>29.0</ele>
    <time>2026-08-31T06:58:47Z</time>
   </trkpt>
   <trkpt lat="22.7259660" lon="120.2998900">
    <ele>28.9</ele>
    <time>2026-08-31T06:58:48Z</time>
   </trkpt>
   <trkpt lat="22.7259620" lon="120.2998850">
    <ele>28.9</ele>
    <time>2026-08-31T06:58:49Z</time>
   </trkpt>
   <trkpt lat="22.7259660" lon="120.2998850">
    <ele>28.8</ele>
    <time>2026-08-31T06:58:50Z</time>
   </trkpt>
   <trkpt lat="22.7259670" lon="120.2998850">
    <ele>28.8</ele>
    <time>2026-08-31T06:58:51Z</time>
   </trkpt>
   <trkpt lat="22.7259690" lon="120.2998820">
    <ele>28.8</ele>
    <time>2026-08-31T06:58:52Z</time>
   </trkpt>
   <trkpt lat="22.7259690" lon="120.2998820">
    <ele>28.8</ele>
    <time>2026-08-31T06:58:53Z</time>
   </trkpt>
   <trkpt lat="22.7259690" lon="120.2998790">
    <ele>28.8</ele>
    <time>2026-08-31T06:58:54Z</time>
   </trkpt>
   <trkpt lat="22.7259680" lon="120.2998790">
    <ele>28.7</ele>
    <time>2026-08-31T06:58:55Z</time>
   </trkpt>
   <trkpt lat="22.7259690" lon="120.2998810">
    <ele>28.7</ele>
    <time>2026-08-31T06:58:56Z</time>
   </trkpt>
   <trkpt lat="22.7259670" lon="120.2998830">
    <ele>28.7</ele>
    <time>2026-08-31T06:58:57Z</time>
   </trkpt>
   <trkpt lat="22.7259640" lon="120.2998950">
    <ele>28.6</ele>
    <time>2026-08-31T06:58:58Z</time>
   </trkpt>
   <trkpt lat="22.7259510" lon="120.2999050">
    <ele>28.4</ele>
    <time>2026-08-31T06:58:59Z</time>
   </trkpt>
   <trkpt lat="22.7259430" lon="120.2999090">
    <ele>28.3</ele>
    <time>2026-08-31T06:59:00Z</time>
   </trkpt>
   <trkpt lat="22.7259380" lon="120.2999090">
    <ele>28.3</ele>
    <time>2026-08-31T06:59:01Z</time>
   </trkpt>
   <trkpt lat="22.7259330" lon="120.2999130">
    <ele>28.2</ele>
    <time>2026-08-31T06:59:02Z</time>
   </trkpt>
   <trkpt lat="22.7259430" lon="120.2998990">
    <ele>28.1</ele>
    <time>2026-08-31T06:59:03Z</time>
   </trkpt>
   <trkpt lat="22.7259460" lon="120.2999020">
    <ele>28.0</ele>
    <time>2026-08-31T06:59:04Z</time>
   </trkpt>
   <trkpt lat="22.7259460" lon="120.2999080">
    <ele>28.0</ele>
    <time>2026-08-31T06:59:05Z</time>
   </trkpt>
   <trkpt lat="22.7259410" lon="120.2999090">
    <ele>27.9</ele>
    <time>2026-08-31T06:59:06Z</time>
   </trkpt>
   <trkpt lat="22.7259300" lon="120.2999140">
    <ele>27.8</ele>
    <time>2026-08-31T06:59:07Z</time>
   </trkpt>
   <trkpt lat="22.7259250" lon="120.2999240">
    <ele>27.7</ele>
    <time>2026-08-31T06:59:08Z</time>
   </trkpt>
   <trkpt lat="22.7259170" lon="120.2999290">
    <ele>27.6</ele>
    <time>2026-08-31T06:59:09Z</time>
   </trkpt>
   <trkpt lat="22.7259080" lon="120.2999360">
    <ele>27.5</ele>
    <time>2026-08-31T06:59:10Z</time>
   </trkpt>
   <trkpt lat="22.7259010" lon="120.2999410">
    <ele>27.4</ele>
    <time>2026-08-31T06:59:11Z</time>
   </trkpt>
   <trkpt lat="22.7258920" lon="120.2999510">
    <ele>27.3</ele>
    <time>2026-08-31T06:59:12Z</time>
   </trkpt>
   <trkpt lat="22.7258870" lon="120.2999530">
    <ele>27.2</ele>
    <time>2026-08-31T06:59:13Z</time>
   </trkpt>
   <trkpt lat="22.7258790" lon="120.2999580">
    <ele>27.1</ele>
    <time>2026-08-31T06:59:14Z</time>
   </trkpt>
   <trkpt lat="22.7258690" lon="120.2999620">
    <ele>27.0</ele>
    <time>2026-08-31T06:59:15Z</time>
   </trkpt>
   <trkpt lat="22.7258600" lon="120.2999680">
    <ele>26.9</ele>
    <time>2026-08-31T06:59:16Z</time>
   </trkpt>
   <trkpt lat="22.7258530" lon="120.2999690">
    <ele>26.8</ele>
    <time>2026-08-31T06:59:17Z</time>
   </trkpt>
   <trkpt lat="22.7258560" lon="120.2999680">
    <ele>26.8</ele>
    <time>2026-08-31T06:59:18Z</time>
   </trkpt>
   <trkpt lat="22.7258540" lon="120.2999670">
    <ele>26.8</ele>
    <time>2026-08-31T06:59:19Z</time>
   </trkpt>
   <trkpt lat="22.7258540" lon="120.2999690">
    <ele>26.8</ele>
    <time>2026-08-31T06:59:20Z</time>
   </trkpt>
   <trkpt lat="22.7258490" lon="120.2999700">
    <ele>26.7</ele>
    <time>2026-08-31T06:59:21Z</time>
   </trkpt>
   <trkpt lat="22.7258490" lon="120.2999700">
    <ele>26.7</ele>
    <time>2026-08-31T06:59:22Z</time>
   </trkpt>
   <trkpt lat="22.7258520" lon="120.2999690">
    <ele>26.7</ele>
    <time>2026-08-31T06:59:23Z</time>
   </trkpt>
   <trkpt lat="22.7258480" lon="120.2999750">
    <ele>26.6</ele>
    <time>2026-08-31T06:59:24Z</time>
   </trkpt>
   <trkpt lat="22.7258400" lon="120.2999820">
    <ele>26.5</ele>
    <time>2026-08-31T06:59:25Z</time>
   </trkpt>
   <trkpt lat="22.7258300" lon="120.2999840">
    <ele>26.4</ele>
    <time>2026-08-31T06:59:26Z</time>
   </trkpt>
   <trkpt lat="22.7258180" lon="120.2999880">
    <ele>26.3</ele>
    <time>2026-08-31T06:59:27Z</time>
   </trkpt>
   <trkpt lat="22.7258090" lon="120.2999900">
    <ele>26.2</ele>
    <time>2026-08-31T06:59:28Z</time>
   </trkpt>
   <trkpt lat="22.7257910" lon="120.2999980">
    <ele>26.0</ele>
    <time>2026-08-31T06:59:29Z</time>
   </trkpt>
   <trkpt lat="22.7257780" lon="120.2999970">
    <ele>25.9</ele>
    <time>2026-08-31T06:59:30Z</time>
   </trkpt>
   <trkpt lat="22.7257760" lon="120.2999990">
    <ele>25.8</ele>
    <time>2026-08-31T06:59:31Z</time>
   </trkpt>
   <trkpt lat="22.7257690" lon="120.2999990">
    <ele>25.8</ele>
    <time>2026-08-31T06:59:32Z</time>
   </trkpt>
   <trkpt lat="22.7257610" lon="120.3000080">
    <ele>25.6</ele>
    <time>2026-08-31T06:59:33Z</time>
   </trkpt>
   <trkpt lat="22.7257480" lon="120.3000140">
    <ele>25.5</ele>
    <time>2026-08-31T06:59:34Z</time>
   </trkpt>
   <trkpt lat="22.7257400" lon="120.3000200">
    <ele>25.4</ele>
    <time>2026-08-31T06:59:35Z</time>
   </trkpt>
   <trkpt lat="22.7257380" lon="120.3000210">
    <ele>25.4</ele>
    <time>2026-08-31T06:59:36Z</time>
   </trkpt>
   <trkpt lat="22.7257320" lon="120.3000270">
    <ele>25.3</ele>
    <time>2026-08-31T06:59:38Z</time>
   </trkpt>
   <trkpt lat="22.7257210" lon="120.3000340">
    <ele>25.2</ele>
    <time>2026-08-31T06:59:39Z</time>
   </trkpt>
   <trkpt lat="22.7257110" lon="120.3000400">
    <ele>25.1</ele>
    <time>2026-08-31T06:59:40Z</time>
   </trkpt>
   <trkpt lat="22.7257010" lon="120.3000420">
    <ele>24.9</ele>
    <time>2026-08-31T06:59:41Z</time>
   </trkpt>
   <trkpt lat="22.7256970" lon="120.3000330">
    <ele>24.9</ele>
    <time>2026-08-31T06:59:42Z</time>
   </trkpt>
   <trkpt lat="22.7257020" lon="120.3000380">
    <ele>24.8</ele>
    <time>2026-08-31T06:59:43Z</time>
   </trkpt>
   <trkpt lat="22.7257050" lon="120.3000400">
    <ele>24.8</ele>
    <time>2026-08-31T06:59:44Z</time>
   </trkpt>
   <trkpt lat="22.7257030" lon="120.3000440">
    <ele>24.7</ele>
    <time>2026-08-31T06:59:45Z</time>
   </trkpt>
   <trkpt lat="22.7257020" lon="120.3000450">
    <ele>24.7</ele>
    <time>2026-08-31T06:59:46Z</time>
   </trkpt>
   <trkpt lat="22.7257020" lon="120.3000340">
    <ele>24.6</ele>
    <time>2026-08-31T06:59:47Z</time>
   </trkpt>
   <trkpt lat="22.7256980" lon="120.3000330">
    <ele>24.6</ele>
    <time>2026-08-31T06:59:48Z</time>
   </trkpt>
   <trkpt lat="22.7256950" lon="120.3000360">
    <ele>24.5</ele>
    <time>2026-08-31T06:59:49Z</time>
   </trkpt>
   <trkpt lat="22.7256860" lon="120.3000440">
    <ele>24.4</ele>
    <time>2026-08-31T06:59:50Z</time>
   </trkpt>
   <trkpt lat="22.7256750" lon="120.3000580">
    <ele>24.2</ele>
    <time>2026-08-31T06:59:51Z</time>
   </trkpt>
   <trkpt lat="22.7256670" lon="120.3000670">
    <ele>24.1</ele>
    <time>2026-08-31T06:59:52Z</time>
   </trkpt>
   <trkpt lat="22.7256590" lon="120.3000620">
    <ele>24.0</ele>
    <time>2026-08-31T06:59:53Z</time>
   </trkpt>
   <trkpt lat="22.7256580" lon="120.3000590">
    <ele>24.0</ele>
    <time>2026-08-31T06:59:54Z</time>
   </trkpt>
   <trkpt lat="22.7256560" lon="120.3000590">
    <ele>24.0</ele>
    <time>2026-08-31T06:59:55Z</time>
   </trkpt>
   <trkpt lat="22.7256470" lon="120.3000580">
    <ele>23.9</ele>
    <time>2026-08-31T06:59:56Z</time>
   </trkpt>
   <trkpt lat="22.7256390" lon="120.3000690">
    <ele>23.8</ele>
    <time>2026-08-31T06:59:57Z</time>
   </trkpt>
   <trkpt lat="22.7256360" lon="120.3000730">
    <ele>23.7</ele>
    <time>2026-08-31T06:59:58Z</time>
   </trkpt>
   <trkpt lat="22.7256300" lon="120.3000780">
    <ele>23.6</ele>
    <time>2026-08-31T06:59:59Z</time>
   </trkpt>
   <trkpt lat="22.7256270" lon="120.3000780">
    <ele>23.6</ele>
    <time>2026-08-31T07:00:00Z</time>
   </trkpt>
   <trkpt lat="22.7256230" lon="120.3000770">
    <ele>23.6</ele>
    <time>2026-08-31T07:00:01Z</time>
   </trkpt>
   <trkpt lat="22.7256160" lon="120.3000730">
    <ele>23.5</ele>
    <time>2026-08-31T07:00:02Z</time>
   </trkpt>
   <trkpt lat="22.7256130" lon="120.3000910">
    <ele>23.3</ele>
    <time>2026-08-31T07:00:03Z</time>
   </trkpt>
   <trkpt lat="22.7256040" lon="120.3001020">
    <ele>23.2</ele>
    <time>2026-08-31T07:00:04Z</time>
   </trkpt>
   <trkpt lat="22.7255990" lon="120.3001010">
    <ele>23.2</ele>
    <time>2026-08-31T07:00:05Z</time>
   </trkpt>
   <trkpt lat="22.7255950" lon="120.3001040">
    <ele>23.1</ele>
    <time>2026-08-31T07:00:06Z</time>
   </trkpt>
   <trkpt lat="22.7255760" lon="120.3001080">
    <ele>22.9</ele>
    <time>2026-08-31T07:00:07Z</time>
   </trkpt>
   <trkpt lat="22.7255560" lon="120.3001260">
    <ele>22.7</ele>
    <time>2026-08-31T07:00:08Z</time>
   </trkpt>
   <trkpt lat="22.7255520" lon="120.3001340">
    <ele>22.6</ele>
    <time>2026-08-31T07:00:09Z</time>
   </trkpt>
   <trkpt lat="22.7255500" lon="120.3001410">
    <ele>22.6</ele>
    <time>2026-08-31T07:00:10Z</time>
   </trkpt>
   <trkpt lat="22.7255440" lon="120.3001460">
    <ele>22.5</ele>
    <time>2026-08-31T07:00:11Z</time>
   </trkpt>
   <trkpt lat="22.7255400" lon="120.3001510">
    <ele>22.4</ele>
    <time>2026-08-31T07:00:12Z</time>
   </trkpt>
   <trkpt lat="22.7255310" lon="120.3001600">
    <ele>22.3</ele>
    <time>2026-08-31T07:00:13Z</time>
   </trkpt>
   <trkpt lat="22.7255290" lon="120.3001670">
    <ele>22.3</ele>
    <time>2026-08-31T07:00:14Z</time>
   </trkpt>
   <trkpt lat="22.7255220" lon="120.3001720">
    <ele>22.2</ele>
    <time>2026-08-31T07:00:15Z</time>
   </trkpt>
   <trkpt lat="22.7255200" lon="120.3001780">
    <ele>22.2</ele>
    <time>2026-08-31T07:00:16Z</time>
   </trkpt>
   <trkpt lat="22.7255150" lon="120.3001890">
    <ele>22.1</ele>
    <time>2026-08-31T07:00:17Z</time>
   </trkpt>
   <trkpt lat="22.7255060" lon="120.3002020">
    <ele>21.9</ele>
    <time>2026-08-31T07:00:18Z</time>
   </trkpt>
   <trkpt lat="22.7255030" lon="120.3002050">
    <ele>21.9</ele>
    <time>2026-08-31T07:00:19Z</time>
   </trkpt>
   <trkpt lat="22.7255070" lon="120.3001990">
    <ele>21.8</ele>
    <time>2026-08-31T07:00:20Z</time>
   </trkpt>
   <trkpt lat="22.7255150" lon="120.3002060">
    <ele>21.7</ele>
    <time>2026-08-31T07:00:21Z</time>
   </trkpt>
   <trkpt lat="22.7254900" lon="120.3002280">
    <ele>21.4</ele>
    <time>2026-08-31T07:00:22Z</time>
   </trkpt>
   <trkpt lat="22.7254520" lon="120.3002610">
    <ele>21.4</ele>
    <time>2026-08-31T07:00:23Z</time>
   </trkpt>
   <trkpt lat="22.7254210" lon="120.3002910">
    <ele>21.4</ele>
    <time>2026-08-31T07:00:24Z</time>
   </trkpt>
   <trkpt lat="22.7254160" lon="120.3002800">
    <ele>21.4</ele>
    <time>2026-08-31T07:00:25Z</time>
   </trkpt>
   <trkpt lat="22.7253970" lon="120.3002950">
    <ele>21.4</ele>
    <time>2026-08-31T07:00:26Z</time>
   </trkpt>
   <trkpt lat="22.7253870" lon="120.3003150">
    <ele>21.4</ele>
    <time>2026-08-31T07:00:27Z</time>
   </trkpt>
   <trkpt lat="22.7253730" lon="120.3003300">
    <ele>21.3</ele>
    <time>2026-08-31T07:00:28Z</time>
   </trkpt>
   <trkpt lat="22.7253720" lon="120.3003410">
    <ele>21.3</ele>
    <time>2026-08-31T07:00:29Z</time>
   </trkpt>
   <trkpt lat="22.7253770" lon="120.3003460">
    <ele>21.3</ele>
    <time>2026-08-31T07:00:30Z</time>
   </trkpt>
   <trkpt lat="22.7253910" lon="120.3003650">
    <ele>21.3</ele>
    <time>2026-08-31T07:00:31Z</time>
   </trkpt>
   <trkpt lat="22.7254050" lon="120.3003820">
    <ele>21.3</ele>
    <time>2026-08-31T07:00:32Z</time>
   </trkpt>
   <trkpt lat="22.7254060" lon="120.3003970">
    <ele>21.3</ele>
    <time>2026-08-31T07:00:33Z</time>
   </trkpt>
   <trkpt lat="22.7253970" lon="120.3004130">
    <ele>21.3</ele>
    <time>2026-08-31T07:00:34Z</time>
   </trkpt>
   <trkpt lat="22.7253890" lon="120.3004260">
    <ele>21.3</ele>
    <time>2026-08-31T07:00:35Z</time>
   </trkpt>
   <trkpt lat="22.7253830" lon="120.3004430">
    <ele>21.3</ele>
    <time>2026-08-31T07:00:36Z</time>
   </trkpt>
   <trkpt lat="22.7253850" lon="120.3004540">
    <ele>21.3</ele>
    <time>2026-08-31T07:00:37Z</time>
   </trkpt>
   <trkpt lat="22.7253870" lon="120.3004690">
    <ele>21.3</ele>
    <time>2026-08-31T07:00:38Z</time>
   </trkpt>
   <trkpt lat="22.7253960" lon="120.3004890">
    <ele>21.3</ele>
    <time>2026-08-31T07:00:39Z</time>
   </trkpt>
   <trkpt lat="22.7254080" lon="120.3004980">
    <ele>21.2</ele>
    <time>2026-08-31T07:00:40Z</time>
   </trkpt>
   <trkpt lat="22.7254270" lon="120.3005080">
    <ele>21.2</ele>
    <time>2026-08-31T07:00:41Z</time>
   </trkpt>
   <trkpt lat="22.7254350" lon="120.3005240">
    <ele>21.2</ele>
    <time>2026-08-31T07:00:42Z</time>
   </trkpt>
   <trkpt lat="22.7254420" lon="120.3005260">
    <ele>21.2</ele>
    <time>2026-08-31T07:00:43Z</time>
   </trkpt>
   <trkpt lat="22.7254450" lon="120.3005290">
    <ele>21.2</ele>
    <time>2026-08-31T07:00:44Z</time>
   </trkpt>
   <trkpt lat="22.7254540" lon="120.3005260">
    <ele>21.2</ele>
    <time>2026-08-31T07:00:45Z</time>
   </trkpt>
   <trkpt lat="22.7254820" lon="120.3005310">
    <ele>21.2</ele>
    <time>2026-08-31T07:00:46Z</time>
   </trkpt>
   <trkpt lat="22.7254950" lon="120.3005420">
    <ele>21.2</ele>
    <time>2026-08-31T07:00:47Z</time>
   </trkpt>
   <trkpt lat="22.7255140" lon="120.3005390">
    <ele>21.2</ele>
    <time>2026-08-31T07:00:48Z</time>
   </trkpt>
   <trkpt lat="22.7255130" lon="120.3005490">
    <ele>21.2</ele>
    <time>2026-08-31T07:00:49Z</time>
   </trkpt>
   <trkpt lat="22.7255100" lon="120.3005710">
    <ele>21.2</ele>
    <time>2026-08-31T07:00:50Z</time>
   </trkpt>
   <trkpt lat="22.7255310" lon="120.3005800">
    <ele>21.1</ele>
    <time>2026-08-31T07:00:51Z</time>
   </trkpt>
   <trkpt lat="22.7255540" lon="120.3005830">
    <ele>21.1</ele>
    <time>2026-08-31T07:00:52Z</time>
   </trkpt>
   <trkpt lat="22.7255760" lon="120.3005860">
    <ele>21.1</ele>
    <time>2026-08-31T07:00:53Z</time>
   </trkpt>
   <trkpt lat="22.7255940" lon="120.3005750">
    <ele>21.1</ele>
    <time>2026-08-31T07:00:54Z</time>
   </trkpt>
   <trkpt lat="22.7255940" lon="120.3005660">
    <ele>21.1</ele>
    <time>2026-08-31T07:00:55Z</time>
   </trkpt>
   <trkpt lat="22.7255910" lon="120.3005190">
    <ele>21.1</ele>
    <time>2026-08-31T07:00:56Z</time>
   </trkpt>
   <trkpt lat="22.7256130" lon="120.3005200">
    <ele>21.1</ele>
    <time>2026-08-31T07:00:57Z</time>
   </trkpt>
   <trkpt lat="22.7256320" lon="120.3005220">
    <ele>21.1</ele>
    <time>2026-08-31T07:00:58Z</time>
   </trkpt>
   <trkpt lat="22.7256470" lon="120.3005340">
    <ele>21.1</ele>
    <time>2026-08-31T07:00:59Z</time>
   </trkpt>
   <trkpt lat="22.7256560" lon="120.3005410">
    <ele>21.1</ele>
    <time>2026-08-31T07:01:00Z</time>
   </trkpt>
   <trkpt lat="22.7256690" lon="120.3005420">
    <ele>21.1</ele>
    <time>2026-08-31T07:01:01Z</time>
   </trkpt>
   <trkpt lat="22.7256900" lon="120.3005500">
    <ele>21.1</ele>
    <time>2026-08-31T07:01:02Z</time>
   </trkpt>
   <trkpt lat="22.7256960" lon="120.3005510">
    <ele>21.1</ele>
    <time>2026-08-31T07:01:03Z</time>
   </trkpt>
   <trkpt lat="22.7257010" lon="120.3005530">
    <ele>21.1</ele>
    <time>2026-08-31T07:01:04Z</time>
   </trkpt>
   <trkpt lat="22.7257000" lon="120.3005610">
    <ele>21.1</ele>
    <time>2026-08-31T07:01:05Z</time>
   </trkpt>
   <trkpt lat="22.7257030" lon="120.3005650">
    <ele>21.1</ele>
    <time>2026-08-31T07:01:06Z</time>
   </trkpt>
   <trkpt lat="22.7257130" lon="120.3005680">
    <ele>21.1</ele>
    <time>2026-08-31T07:01:07Z</time>
   </trkpt>
   <trkpt lat="22.7257200" lon="120.3005750">
    <ele>21.1</ele>
    <time>2026-08-31T07:01:08Z</time>
   </trkpt>
   <trkpt lat="22.7257250" lon="120.3005820">
    <ele>21.1</ele>
    <time>2026-08-31T07:01:09Z</time>
   </trkpt>
   <trkpt lat="22.7257250" lon="120.3005870">
    <ele>21.1</ele>
    <time>2026-08-31T07:01:10Z</time>
   </trkpt>
   <trkpt lat="22.7257230" lon="120.3005960">
    <ele>21.1</ele>
    <time>2026-08-31T07:01:11Z</time>
   </trkpt>
   <trkpt lat="22.7257240" lon="120.3006010">
    <ele>21.1</ele>
    <time>2026-08-31T07:01:12Z</time>
   </trkpt>
   <trkpt lat="22.7257210" lon="120.3006090">
    <ele>21.1</ele>
    <time>2026-08-31T07:01:13Z</time>
   </trkpt>
   <trkpt lat="22.7257130" lon="120.3006130">
    <ele>21.1</ele>
    <time>2026-08-31T07:01:14Z</time>
   </trkpt>
   <trkpt lat="22.7257120" lon="120.3006240">
    <ele>21.1</ele>
    <time>2026-08-31T07:01:15Z</time>
   </trkpt>
   <trkpt lat="22.7257110" lon="120.3006340">
    <ele>21.1</ele>
    <time>2026-08-31T07:01:16Z</time>
   </trkpt>
   <trkpt lat="22.7257100" lon="120.3006420">
    <ele>21.1</ele>
    <time>2026-08-31T07:01:17Z</time>
   </trkpt>
   <trkpt lat="22.7257110" lon="120.3006550">
    <ele>21.1</ele>
    <time>2026-08-31T07:01:18Z</time>
   </trkpt>
   <trkpt lat="22.7257170" lon="120.3006640">
    <ele>21.1</ele>
    <time>2026-08-31T07:01:19Z</time>
   </trkpt>
   <trkpt lat="22.7257300" lon="120.3006740">
    <ele>21.1</ele>
    <time>2026-08-31T07:01:20Z</time>
   </trkpt>
   <trkpt lat="22.7257330" lon="120.3006840">
    <ele>21.0</ele>
    <time>2026-08-31T07:01:21Z</time>
   </trkpt>
   <trkpt lat="22.7257370" lon="120.3006940">
    <ele>21.0</ele>
    <time>2026-08-31T07:01:22Z</time>
   </trkpt>
   <trkpt lat="22.7257490" lon="120.3007080">
    <ele>21.0</ele>
    <time>2026-08-31T07:01:23Z</time>
   </trkpt>
   <trkpt lat="22.7257550" lon="120.3007200">
    <ele>21.0</ele>
    <time>2026-08-31T07:01:25Z</time>
   </trkpt>
   <trkpt lat="22.7257660" lon="120.3007280">
    <ele>21.0</ele>
    <time>2026-08-31T07:01:26Z</time>
   </trkpt>
   <trkpt lat="22.7257650" lon="120.3007360">
    <ele>21.0</ele>
    <time>2026-08-31T07:01:27Z</time>
   </trkpt>
   <trkpt lat="22.7257700" lon="120.3007520">
    <ele>21.0</ele>
    <time>2026-08-31T07:01:28Z</time>
   </trkpt>
   <trkpt lat="22.7257830" lon="120.3007650">
    <ele>21.0</ele>
    <time>2026-08-31T07:01:29Z</time>
   </trkpt>
   <trkpt lat="22.7257870" lon="120.3007640">
    <ele>21.0</ele>
    <time>2026-08-31T07:01:30Z</time>
   </trkpt>
   <trkpt lat="22.7257810" lon="120.3007610">
    <ele>21.0</ele>
    <time>2026-08-31T07:01:31Z</time>
   </trkpt>
   <trkpt lat="22.7257780" lon="120.3007540">
    <ele>21.0</ele>
    <time>2026-08-31T07:01:32Z</time>
   </trkpt>
   <trkpt lat="22.7257780" lon="120.3007540">
    <ele>21.0</ele>
    <time>2026-08-31T07:01:33Z</time>
   </trkpt>
   <trkpt lat="22.7257770" lon="120.3007660">
    <ele>21.0</ele>
    <time>2026-08-31T07:01:34Z</time>
   </trkpt>
   <trkpt lat="22.7257870" lon="120.3007800">
    <ele>21.0</ele>
    <time>2026-08-31T07:01:35Z</time>
   </trkpt>
   <trkpt lat="22.7257850" lon="120.3008020">
    <ele>21.0</ele>
    <time>2026-08-31T07:01:36Z</time>
   </trkpt>
   <trkpt lat="22.7257870" lon="120.3007970">
    <ele>21.0</ele>
    <time>2026-08-31T07:01:37Z</time>
   </trkpt>
   <trkpt lat="22.7257930" lon="120.3008030">
    <ele>21.0</ele>
    <time>2026-08-31T07:01:38Z</time>
   </trkpt>
   <trkpt lat="22.7258040" lon="120.3007630">
    <ele>21.0</ele>
    <time>2026-08-31T07:01:39Z</time>
   </trkpt>
   <trkpt lat="22.7258090" lon="120.3007720">
    <ele>21.0</ele>
    <time>2026-08-31T07:01:40Z</time>
   </trkpt>
   <trkpt lat="22.7258050" lon="120.3007890">
    <ele>21.0</ele>
    <time>2026-08-31T07:01:41Z</time>
   </trkpt>
   <trkpt lat="22.7258170" lon="120.3008070">
    <ele>21.0</ele>
    <time>2026-08-31T07:01:42Z</time>
   </trkpt>
   <trkpt lat="22.7258300" lon="120.3008200">
    <ele>21.0</ele>
    <time>2026-08-31T07:01:43Z</time>
   </trkpt>
   <trkpt lat="22.7258390" lon="120.3008290">
    <ele>21.0</ele>
    <time>2026-08-31T07:01:44Z</time>
   </trkpt>
   <trkpt lat="22.7258460" lon="120.3008640">
    <ele>21.0</ele>
    <time>2026-08-31T07:01:45Z</time>
   </trkpt>
   <trkpt lat="22.7258460" lon="120.3008640">
    <ele>21.0</ele>
    <time>2026-08-31T07:01:46Z</time>
   </trkpt>
   <trkpt lat="22.7258460" lon="120.3008640">
    <ele>21.0</ele>
    <time>2026-08-31T07:01:47Z</time>
   </trkpt>
   <trkpt lat="22.7258490" lon="120.3008870">
    <ele>21.0</ele>
    <time>2026-08-31T07:01:48Z</time>
   </trkpt>
   <trkpt lat="22.7258600" lon="120.3009070">
    <ele>21.0</ele>
    <time>2026-08-31T07:01:49Z</time>
   </trkpt>
   <trkpt lat="22.7258600" lon="120.3009200">
    <ele>21.0</ele>
    <time>2026-08-31T07:01:50Z</time>
   </trkpt>
   <trkpt lat="22.7258610" lon="120.3009340">
    <ele>21.0</ele>
    <time>2026-08-31T07:01:51Z</time>
   </trkpt>
   <trkpt lat="22.7258610" lon="120.3009470">
    <ele>21.0</ele>
    <time>2026-08-31T07:01:52Z</time>
   </trkpt>
   <trkpt lat="22.7258610" lon="120.3009470">
    <ele>21.0</ele>
    <time>2026-08-31T07:01:53Z</time>
   </trkpt>
   <trkpt lat="22.7258590" lon="120.3009500">
    <ele>21.0</ele>
    <time>2026-08-31T07:01:54Z</time>
   </trkpt>
   <trkpt lat="22.7258660" lon="120.3009580">
    <ele>21.0</ele>
    <time>2026-08-31T07:01:55Z</time>
   </trkpt>
   <trkpt lat="22.7258700" lon="120.3009590">
    <ele>21.0</ele>
    <time>2026-08-31T07:01:56Z</time>
   </trkpt>
   <trkpt lat="22.7258870" lon="120.3009550">
    <ele>21.0</ele>
    <time>2026-08-31T07:01:57Z</time>
   </trkpt>
   <trkpt lat="22.7258830" lon="120.3009590">
    <ele>21.0</ele>
    <time>2026-08-31T07:01:58Z</time>
   </trkpt>
   <trkpt lat="22.7258890" lon="120.3009870">
    <ele>21.0</ele>
    <time>2026-08-31T07:01:59Z</time>
   </trkpt>
   <trkpt lat="22.7259260" lon="120.3011530">
    <ele>21.1</ele>
    <time>2026-08-31T07:02:00Z</time>
   </trkpt>
   <trkpt lat="22.7259500" lon="120.3011710">
    <ele>21.1</ele>
    <time>2026-08-31T07:02:01Z</time>
   </trkpt>
   <trkpt lat="22.7259680" lon="120.3011890">
    <ele>21.1</ele>
    <time>2026-08-31T07:02:02Z</time>
   </trkpt>
   <trkpt lat="22.7259910" lon="120.3011760">
    <ele>21.1</ele>
    <time>2026-08-31T07:02:03Z</time>
   </trkpt>
   <trkpt lat="22.7260050" lon="120.3011820">
    <ele>21.1</ele>
    <time>2026-08-31T07:02:04Z</time>
   </trkpt>
   <trkpt lat="22.7259970" lon="120.3011430">
    <ele>21.1</ele>
    <time>2026-08-31T07:02:05Z</time>
   </trkpt>
   <trkpt lat="22.7259690" lon="120.3011040">
    <ele>21.1</ele>
    <time>2026-08-31T07:02:06Z</time>
   </trkpt>
   <trkpt lat="22.7259750" lon="120.3011440">
    <ele>21.1</ele>
    <time>2026-08-31T07:02:07Z</time>
   </trkpt>
   <trkpt lat="22.7259710" lon="120.3011900">
    <ele>21.1</ele>
    <time>2026-08-31T07:02:08Z</time>
   </trkpt>
   <trkpt lat="22.7259670" lon="120.3012360">
    <ele>21.1</ele>
    <time>2026-08-31T07:02:09Z</time>
   </trkpt>
   <trkpt lat="22.7259660" lon="120.3012140">
    <ele>21.1</ele>
    <time>2026-08-31T07:02:10Z</time>
   </trkpt>
   <trkpt lat="22.7259640" lon="120.3011920">
    <ele>21.1</ele>
    <time>2026-08-31T07:02:11Z</time>
   </trkpt>
   <trkpt lat="22.7259630" lon="120.3011690">
    <ele>21.1</ele>
    <time>2026-08-31T07:02:12Z</time>
   </trkpt>
   <trkpt lat="22.7259610" lon="120.3011470">
    <ele>21.1</ele>
    <time>2026-08-31T07:02:13Z</time>
   </trkpt>
   <trkpt lat="22.7259590" lon="120.3011310">
    <ele>21.1</ele>
    <time>2026-08-31T07:02:14Z</time>
   </trkpt>
   <trkpt lat="22.7259570" lon="120.3011150">
    <ele>21.1</ele>
    <time>2026-08-31T07:02:15Z</time>
   </trkpt>
   <trkpt lat="22.7259550" lon="120.3010990">
    <ele>21.1</ele>
    <time>2026-08-31T07:02:16Z</time>
   </trkpt>
   <trkpt lat="22.7259520" lon="120.3010820">
    <ele>21.1</ele>
    <time>2026-08-31T07:02:17Z</time>
   </trkpt>
   <trkpt lat="22.7259500" lon="120.3010660">
    <ele>21.1</ele>
    <time>2026-08-31T07:02:18Z</time>
   </trkpt>
   <trkpt lat="22.7259480" lon="120.3010500">
    <ele>21.1</ele>
    <time>2026-08-31T07:02:19Z</time>
   </trkpt>
   <trkpt lat="22.7259450" lon="120.3010450">
    <ele>21.1</ele>
    <time>2026-08-31T07:02:20Z</time>
   </trkpt>
   <trkpt lat="22.7259480" lon="120.3010580">
    <ele>21.1</ele>
    <time>2026-08-31T07:02:21Z</time>
   </trkpt>
   <trkpt lat="22.7259530" lon="120.3010620">
    <ele>21.1</ele>
    <time>2026-08-31T07:02:22Z</time>
   </trkpt>
   <trkpt lat="22.7259580" lon="120.3010350">
    <ele>21.1</ele>
    <time>2026-08-31T07:02:23Z</time>
   </trkpt>
   <trkpt lat="22.7259530" lon="120.3010000">
    <ele>21.1</ele>
    <time>2026-08-31T07:02:24Z</time>
   </trkpt>
   <trkpt lat="22.7259310" lon="120.3009740">
    <ele>21.1</ele>
    <time>2026-08-31T07:02:25Z</time>
   </trkpt>
   <trkpt lat="22.7259070" lon="120.3009290">
    <ele>21.0</ele>
    <time>2026-08-31T07:02:26Z</time>
   </trkpt>
   <trkpt lat="22.7258970" lon="120.3009220">
    <ele>21.0</ele>
    <time>2026-08-31T07:02:27Z</time>
   </trkpt>
   <trkpt lat="22.7258950" lon="120.3009220">
    <ele>21.0</ele>
    <time>2026-08-31T07:02:28Z</time>
   </trkpt>
   <trkpt lat="22.7259270" lon="120.3009140">
    <ele>21.3</ele>
    <time>2026-08-31T07:02:29Z</time>
   </trkpt>
   <trkpt lat="22.7259630" lon="120.3009050">
    <ele>21.2</ele>
    <time>2026-08-31T07:02:30Z</time>
   </trkpt>
   <trkpt lat="22.7259840" lon="120.3009470">
    <ele>21.2</ele>
    <time>2026-08-31T07:02:31Z</time>
   </trkpt>
   <trkpt lat="22.7259950" lon="120.3009440">
    <ele>21.2</ele>
    <time>2026-08-31T07:02:32Z</time>
   </trkpt>
   <trkpt lat="22.7259840" lon="120.3009430">
    <ele>21.2</ele>
    <time>2026-08-31T07:02:33Z</time>
   </trkpt>
   <trkpt lat="22.7259530" lon="120.3009490">
    <ele>21.2</ele>
    <time>2026-08-31T07:02:34Z</time>
   </trkpt>
   <trkpt lat="22.7259860" lon="120.3009550">
    <ele>21.2</ele>
    <time>2026-08-31T07:02:35Z</time>
   </trkpt>
   <trkpt lat="22.7259860" lon="120.3009550">
    <ele>21.2</ele>
    <time>2026-08-31T07:02:36Z</time>
   </trkpt>
   <trkpt lat="22.7260170" lon="120.3009390">
    <ele>21.0</ele>
    <time>2026-08-31T07:02:37Z</time>
   </trkpt>
   <trkpt lat="22.7260480" lon="120.3009220">
    <ele>20.4</ele>
    <time>2026-08-31T07:02:38Z</time>
   </trkpt>
   <trkpt lat="22.7260790" lon="120.3009060">
    <ele>19.7</ele>
    <time>2026-08-31T07:02:39Z</time>
   </trkpt>
   <trkpt lat="22.7260970" lon="120.3009190">
    <ele>19.7</ele>
    <time>2026-08-31T07:02:40Z</time>
   </trkpt>
   <trkpt lat="22.7260310" lon="120.3008000">
    <ele>20.3</ele>
    <time>2026-08-31T07:02:41Z</time>
   </trkpt>
   <trkpt lat="22.7260310" lon="120.3008000">
    <ele>20.3</ele>
    <time>2026-08-31T07:02:42Z</time>
   </trkpt>
   <trkpt lat="22.7260140" lon="120.3007820">
    <ele>20.2</ele>
    <time>2026-08-31T07:02:43Z</time>
   </trkpt>
   <trkpt lat="22.7260000" lon="120.3007060">
    <ele>19.8</ele>
    <time>2026-08-31T07:02:44Z</time>
   </trkpt>
   <trkpt lat="22.7260020" lon="120.3007200">
    <ele>19.8</ele>
    <time>2026-08-31T07:02:45Z</time>
   </trkpt>
   <trkpt lat="22.7260030" lon="120.3007330">
    <ele>20.0</ele>
    <time>2026-08-31T07:02:46Z</time>
   </trkpt>
   <trkpt lat="22.7260050" lon="120.3007470">
    <ele>20.0</ele>
    <time>2026-08-31T07:02:47Z</time>
   </trkpt>
   <trkpt lat="22.7259710" lon="120.3007540">
    <ele>20.5</ele>
    <time>2026-08-31T07:02:48Z</time>
   </trkpt>
   <trkpt lat="22.7259330" lon="120.3006270">
    <ele>21.0</ele>
    <time>2026-08-31T07:02:49Z</time>
   </trkpt>
   <trkpt lat="22.7259280" lon="120.3006240">
    <ele>20.9</ele>
    <time>2026-08-31T07:02:50Z</time>
   </trkpt>
   <trkpt lat="22.7259330" lon="120.3006290">
    <ele>20.9</ele>
    <time>2026-08-31T07:02:51Z</time>
   </trkpt>
   <trkpt lat="22.7259340" lon="120.3006300">
    <ele>20.9</ele>
    <time>2026-08-31T07:02:52Z</time>
   </trkpt>
   <trkpt lat="22.7259270" lon="120.3006370">
    <ele>20.8</ele>
    <time>2026-08-31T07:02:53Z</time>
   </trkpt>
   <trkpt lat="22.7259190" lon="120.3006560">
    <ele>21.2</ele>
    <time>2026-08-31T07:02:54Z</time>
   </trkpt>
   <trkpt lat="22.7259120" lon="120.3006160">
    <ele>21.4</ele>
    <time>2026-08-31T07:02:55Z</time>
   </trkpt>
   <trkpt lat="22.7259050" lon="120.3006320">
    <ele>21.4</ele>
    <time>2026-08-31T07:02:56Z</time>
   </trkpt>
   <trkpt lat="22.7258910" lon="120.3005930">
    <ele>21.7</ele>
    <time>2026-08-31T07:02:57Z</time>
   </trkpt>
   <trkpt lat="22.7258830" lon="120.3006190">
    <ele>21.4</ele>
    <time>2026-08-31T07:02:58Z</time>
   </trkpt>
   <trkpt lat="22.7258850" lon="120.3006400">
    <ele>21.1</ele>
    <time>2026-08-31T07:02:59Z</time>
   </trkpt>
   <trkpt lat="22.7259140" lon="120.3006530">
    <ele>21.1</ele>
    <time>2026-08-31T07:03:00Z</time>
   </trkpt>
   <trkpt lat="22.7259300" lon="120.3006310">
    <ele>20.9</ele>
    <time>2026-08-31T07:03:01Z</time>
   </trkpt>
   <trkpt lat="22.7259390" lon="120.3006280">
    <ele>20.9</ele>
    <time>2026-08-31T07:03:02Z</time>
   </trkpt>
   <trkpt lat="22.7259410" lon="120.3006240">
    <ele>20.8</ele>
    <time>2026-08-31T07:03:03Z</time>
   </trkpt>
   <trkpt lat="22.7259410" lon="120.3006130">
    <ele>20.8</ele>
    <time>2026-08-31T07:03:04Z</time>
   </trkpt>
   <trkpt lat="22.7259420" lon="120.3005870">
    <ele>21.1</ele>
    <time>2026-08-31T07:03:05Z</time>
   </trkpt>
   <trkpt lat="22.7259320" lon="120.3005420">
    <ele>21.4</ele>
    <time>2026-08-31T07:03:06Z</time>
   </trkpt>
   <trkpt lat="22.7259210" lon="120.3004960">
    <ele>21.9</ele>
    <time>2026-08-31T07:03:07Z</time>
   </trkpt>
   <trkpt lat="22.7258980" lon="120.3003050">
    <ele>24.4</ele>
    <time>2026-08-31T07:03:08Z</time>
   </trkpt>
   <trkpt lat="22.7258870" lon="120.3002680">
    <ele>24.5</ele>
    <time>2026-08-31T07:03:09Z</time>
   </trkpt>
   <trkpt lat="22.7258930" lon="120.3002340">
    <ele>24.8</ele>
    <time>2026-08-31T07:03:10Z</time>
   </trkpt>
   <trkpt lat="22.7258170" lon="120.3001900">
    <ele>24.7</ele>
    <time>2026-08-31T07:03:11Z</time>
   </trkpt>
   <trkpt lat="22.7258110" lon="120.3001500">
    <ele>24.5</ele>
    <time>2026-08-31T07:03:12Z</time>
   </trkpt>
   <trkpt lat="22.7258190" lon="120.3001260">
    <ele>24.5</ele>
    <time>2026-08-31T07:03:13Z</time>
   </trkpt>
   <trkpt lat="22.7258290" lon="120.3001210">
    <ele>24.4</ele>
    <time>2026-08-31T07:03:14Z</time>
   </trkpt>
   <trkpt lat="22.7258470" lon="120.3001040">
    <ele>24.6</ele>
    <time>2026-08-31T07:03:15Z</time>
   </trkpt>
   <trkpt lat="22.7258590" lon="120.3001080">
    <ele>24.6</ele>
    <time>2026-08-31T07:03:16Z</time>
   </trkpt>
   <trkpt lat="22.7258630" lon="120.3001250">
    <ele>24.6</ele>
    <time>2026-08-31T07:03:17Z</time>
   </trkpt>
   <trkpt lat="22.7258600" lon="120.3001530">
    <ele>24.6</ele>
    <time>2026-08-31T07:03:18Z</time>
   </trkpt>
   <trkpt lat="22.7258570" lon="120.3001420">
    <ele>24.6</ele>
    <time>2026-08-31T07:03:19Z</time>
   </trkpt>
   <trkpt lat="22.7258580" lon="120.3001670">
    <ele>24.7</ele>
    <time>2026-08-31T07:03:20Z</time>
   </trkpt>
   <trkpt lat="22.7258670" lon="120.3001660">
    <ele>24.7</ele>
    <time>2026-08-31T07:03:21Z</time>
   </trkpt>
   <trkpt lat="22.7258850" lon="120.3001530">
    <ele>24.7</ele>
    <time>2026-08-31T07:03:22Z</time>
   </trkpt>
   <trkpt lat="22.7258940" lon="120.3001980">
    <ele>24.7</ele>
    <time>2026-08-31T07:03:23Z</time>
   </trkpt>
   <trkpt lat="22.7258940" lon="120.3001980">
    <ele>24.7</ele>
    <time>2026-08-31T07:03:24Z</time>
   </trkpt>
   <trkpt lat="22.7258940" lon="120.3001980">
    <ele>24.7</ele>
    <time>2026-08-31T07:03:25Z</time>
   </trkpt>
   <trkpt lat="22.7258940" lon="120.3001980">
    <ele>24.7</ele>
    <time>2026-08-31T07:03:26Z</time>
   </trkpt>
   <trkpt lat="22.7258940" lon="120.3001980">
    <ele>24.7</ele>
    <time>2026-08-31T07:03:27Z</time>
   </trkpt>
   <trkpt lat="22.7258940" lon="120.3001980">
    <ele>24.7</ele>
    <time>2026-08-31T07:03:28Z</time>
   </trkpt>
   <trkpt lat="22.7258940" lon="120.3001980">
    <ele>24.7</ele>
    <time>2026-08-31T07:03:29Z</time>
   </trkpt>
   <trkpt lat="22.7258980" lon="120.3002280">
    <ele>24.6</ele>
    <time>2026-08-31T07:03:30Z</time>
   </trkpt>
   <trkpt lat="22.7259010" lon="120.3002510">
    <ele>24.4</ele>
    <time>2026-08-31T07:03:31Z</time>
   </trkpt>
   <trkpt lat="22.7259040" lon="120.3002750">
    <ele>24.4</ele>
    <time>2026-08-31T07:03:32Z</time>
   </trkpt>
   <trkpt lat="22.7259070" lon="120.3002980">
    <ele>24.2</ele>
    <time>2026-08-31T07:03:33Z</time>
   </trkpt>
   <trkpt lat="22.7259210" lon="120.3003590">
    <ele>23.2</ele>
    <time>2026-08-31T07:03:34Z</time>
   </trkpt>
   <trkpt lat="22.7259430" lon="120.3003940">
    <ele>22.7</ele>
    <time>2026-08-31T07:03:35Z</time>
   </trkpt>
   <trkpt lat="22.7259510" lon="120.3004790">
    <ele>21.7</ele>
    <time>2026-08-31T07:03:36Z</time>
   </trkpt>
   <trkpt lat="22.7259470" lon="120.3005630">
    <ele>20.8</ele>
    <time>2026-08-31T07:03:37Z</time>
   </trkpt>
   <trkpt lat="22.7259370" lon="120.3005810">
    <ele>20.8</ele>
    <time>2026-08-31T07:03:38Z</time>
   </trkpt>
   <trkpt lat="22.7259370" lon="120.3005810">
    <ele>20.8</ele>
    <time>2026-08-31T07:03:39Z</time>
   </trkpt>
   <trkpt lat="22.7259260" lon="120.3005340">
    <ele>21.2</ele>
    <time>2026-08-31T07:03:40Z</time>
   </trkpt>
   <trkpt lat="22.7259370" lon="120.3005080">
    <ele>21.2</ele>
    <time>2026-08-31T07:03:41Z</time>
   </trkpt>
   <trkpt lat="22.7259460" lon="120.3004840">
    <ele>21.6</ele>
    <time>2026-08-31T07:03:42Z</time>
   </trkpt>
   <trkpt lat="22.7259460" lon="120.3005320">
    <ele>21.1</ele>
    <time>2026-08-31T07:03:43Z</time>
   </trkpt>
   <trkpt lat="22.7259460" lon="120.3005320">
    <ele>21.1</ele>
    <time>2026-08-31T07:03:44Z</time>
   </trkpt>
   <trkpt lat="22.7259460" lon="120.3005320">
    <ele>21.1</ele>
    <time>2026-08-31T07:03:45Z</time>
   </trkpt>
   <trkpt lat="22.7259380" lon="120.3005580">
    <ele>20.8</ele>
    <time>2026-08-31T07:03:46Z</time>
   </trkpt>
   <trkpt lat="22.7259280" lon="120.3005930">
    <ele>20.8</ele>
    <time>2026-08-31T07:03:47Z</time>
   </trkpt>
   <trkpt lat="22.7259300" lon="120.3005840">
    <ele>20.8</ele>
    <time>2026-08-31T07:03:48Z</time>
   </trkpt>
   <trkpt lat="22.7259340" lon="120.3005820">
    <ele>20.7</ele>
    <time>2026-08-31T07:03:49Z</time>
   </trkpt>
   <trkpt lat="22.7259330" lon="120.3005710">
    <ele>20.7</ele>
    <time>2026-08-31T07:03:50Z</time>
   </trkpt>
   <trkpt lat="22.7259300" lon="120.3005620">
    <ele>20.7</ele>
    <time>2026-08-31T07:03:51Z</time>
   </trkpt>
   <trkpt lat="22.7259290" lon="120.3005830">
    <ele>20.7</ele>
    <time>2026-08-31T07:03:52Z</time>
   </trkpt>
   <trkpt lat="22.7259280" lon="120.3006200">
    <ele>20.5</ele>
    <time>2026-08-31T07:03:53Z</time>
   </trkpt>
   <trkpt lat="22.7259270" lon="120.3006560">
    <ele>20.3</ele>
    <time>2026-08-31T07:03:54Z</time>
   </trkpt>
   <trkpt lat="22.7259340" lon="120.3006810">
    <ele>20.3</ele>
    <time>2026-08-31T07:03:55Z</time>
   </trkpt>
   <trkpt lat="22.7259320" lon="120.3006690">
    <ele>20.3</ele>
    <time>2026-08-31T07:03:56Z</time>
   </trkpt>
   <trkpt lat="22.7259360" lon="120.3006700">
    <ele>20.3</ele>
    <time>2026-08-31T07:03:57Z</time>
   </trkpt>
   <trkpt lat="22.7259310" lon="120.3006730">
    <ele>20.3</ele>
    <time>2026-08-31T07:03:58Z</time>
   </trkpt>
   <trkpt lat="22.7259280" lon="120.3006720">
    <ele>20.3</ele>
    <time>2026-08-31T07:03:59Z</time>
   </trkpt>
   <trkpt lat="22.7259270" lon="120.3006820">
    <ele>20.2</ele>
    <time>2026-08-31T07:04:00Z</time>
   </trkpt>
   <trkpt lat="22.7259220" lon="120.3006750">
    <ele>20.3</ele>
    <time>2026-08-31T07:04:01Z</time>
   </trkpt>
   <trkpt lat="22.7259130" lon="120.3006520">
    <ele>20.7</ele>
    <time>2026-08-31T07:04:02Z</time>
   </trkpt>
   <trkpt lat="22.7258870" lon="120.3005560">
    <ele>21.2</ele>
    <time>2026-08-31T07:04:03Z</time>
   </trkpt>
   <trkpt lat="22.7258870" lon="120.3005560">
    <ele>21.2</ele>
    <time>2026-08-31T07:04:04Z</time>
   </trkpt>
   <trkpt lat="22.7258870" lon="120.3005560">
    <ele>21.2</ele>
    <time>2026-08-31T07:04:05Z</time>
   </trkpt>
   <trkpt lat="22.7258780" lon="120.3005920">
    <ele>21.2</ele>
    <time>2026-08-31T07:04:06Z</time>
   </trkpt>
   <trkpt lat="22.7258720" lon="120.3005890">
    <ele>21.2</ele>
    <time>2026-08-31T07:04:07Z</time>
   </trkpt>
   <trkpt lat="22.7258780" lon="120.3005940">
    <ele>21.2</ele>
    <time>2026-08-31T07:04:08Z</time>
   </trkpt>
   <trkpt lat="22.7258840" lon="120.3005990">
    <ele>21.2</ele>
    <time>2026-08-31T07:04:09Z</time>
   </trkpt>
   <trkpt lat="22.7258850" lon="120.3005880">
    <ele>21.2</ele>
    <time>2026-08-31T07:04:10Z</time>
   </trkpt>
   <trkpt lat="22.7258860" lon="120.3005920">
    <ele>21.2</ele>
    <time>2026-08-31T07:04:11Z</time>
   </trkpt>
   <trkpt lat="22.7259020" lon="120.3005780">
    <ele>21.2</ele>
    <time>2026-08-31T07:04:12Z</time>
   </trkpt>
   <trkpt lat="22.7259110" lon="120.3005840">
    <ele>21.2</ele>
    <time>2026-08-31T07:04:13Z</time>
   </trkpt>
   <trkpt lat="22.7259200" lon="120.3005890">
    <ele>21.2</ele>
    <time>2026-08-31T07:04:14Z</time>
   </trkpt>
   <trkpt lat="22.7259290" lon="120.3005950">
    <ele>21.2</ele>
    <time>2026-08-31T07:04:15Z</time>
   </trkpt>
   <trkpt lat="22.7259420" lon="120.3006030">
    <ele>21.2</ele>
    <time>2026-08-31T07:04:16Z</time>
   </trkpt>
   <trkpt lat="22.7259560" lon="120.3006120">
    <ele>21.2</ele>
    <time>2026-08-31T07:04:17Z</time>
   </trkpt>
   <trkpt lat="22.7259690" lon="120.3006200">
    <ele>21.2</ele>
    <time>2026-08-31T07:04:18Z</time>
   </trkpt>
   <trkpt lat="22.7259730" lon="120.3006540">
    <ele>21.2</ele>
    <time>2026-08-31T07:04:19Z</time>
   </trkpt>
   <trkpt lat="22.7259750" lon="120.3006810">
    <ele>21.2</ele>
    <time>2026-08-31T07:04:20Z</time>
   </trkpt>
   <trkpt lat="22.7259760" lon="120.3006970">
    <ele>21.2</ele>
    <time>2026-08-31T07:04:21Z</time>
   </trkpt>
   <trkpt lat="22.7259700" lon="120.3006930">
    <ele>21.2</ele>
    <time>2026-08-31T07:04:22Z</time>
   </trkpt>
   <trkpt lat="22.7259560" lon="120.3006720">
    <ele>21.2</ele>
    <time>2026-08-31T07:04:23Z</time>
   </trkpt>
   <trkpt lat="22.7259500" lon="120.3006510">
    <ele>21.2</ele>
    <time>2026-08-31T07:04:24Z</time>
   </trkpt>
   <trkpt lat="22.7259500" lon="120.3006510">
    <ele>21.2</ele>
    <time>2026-08-31T07:04:25Z</time>
   </trkpt>
   <trkpt lat="22.7259500" lon="120.3006510">
    <ele>21.2</ele>
    <time>2026-08-31T07:04:26Z</time>
   </trkpt>
   <trkpt lat="22.7259480" lon="120.3006770">
    <ele>21.2</ele>
    <time>2026-08-31T07:04:27Z</time>
   </trkpt>
   <trkpt lat="22.7259460" lon="120.3007050">
    <ele>21.2</ele>
    <time>2026-08-31T07:04:28Z</time>
   </trkpt>
   <trkpt lat="22.7259440" lon="120.3007340">
    <ele>21.1</ele>
    <time>2026-08-31T07:04:29Z</time>
   </trkpt>
   <trkpt lat="22.7259460" lon="120.3007450">
    <ele>21.1</ele>
    <time>2026-08-31T07:04:30Z</time>
   </trkpt>
   <trkpt lat="22.7259490" lon="120.3007370">
    <ele>21.1</ele>
    <time>2026-08-31T07:04:31Z</time>
   </trkpt>
   <trkpt lat="22.7259510" lon="120.3007400">
    <ele>21.1</ele>
    <time>2026-08-31T07:04:32Z</time>
   </trkpt>
   <trkpt lat="22.7259420" lon="120.3007730">
    <ele>21.1</ele>
    <time>2026-08-31T07:04:33Z</time>
   </trkpt>
   <trkpt lat="22.7259420" lon="120.3007750">
    <ele>21.1</ele>
    <time>2026-08-31T07:04:34Z</time>
   </trkpt>
   <trkpt lat="22.7259270" lon="120.3007880">
    <ele>21.1</ele>
    <time>2026-08-31T07:04:35Z</time>
   </trkpt>
   <trkpt lat="22.7259180" lon="120.3007900">
    <ele>21.1</ele>
    <time>2026-08-31T07:04:36Z</time>
   </trkpt>
   <trkpt lat="22.7259090" lon="120.3007930">
    <ele>21.1</ele>
    <time>2026-08-31T07:04:37Z</time>
   </trkpt>
   <trkpt lat="22.7259050" lon="120.3008090">
    <ele>21.1</ele>
    <time>2026-08-31T07:04:38Z</time>
   </trkpt>
   <trkpt lat="22.7259000" lon="120.3008150">
    <ele>21.1</ele>
    <time>2026-08-31T07:04:39Z</time>
   </trkpt>
   <trkpt lat="22.7259000" lon="120.3008180">
    <ele>21.1</ele>
    <time>2026-08-31T07:04:40Z</time>
   </trkpt>
   <trkpt lat="22.7259000" lon="120.3008130">
    <ele>21.1</ele>
    <time>2026-08-31T07:04:41Z</time>
   </trkpt>
   <trkpt lat="22.7258890" lon="120.3008280">
    <ele>21.1</ele>
    <time>2026-08-31T07:04:42Z</time>
   </trkpt>
   <trkpt lat="22.7258780" lon="120.3008380">
    <ele>21.1</ele>
    <time>2026-08-31T07:04:43Z</time>
   </trkpt>
   <trkpt lat="22.7258790" lon="120.3008470">
    <ele>21.1</ele>
    <time>2026-08-31T07:04:44Z</time>
   </trkpt>
   <trkpt lat="22.7258800" lon="120.3008480">
    <ele>21.1</ele>
    <time>2026-08-31T07:04:45Z</time>
   </trkpt>
   <trkpt lat="22.7258760" lon="120.3008260">
    <ele>21.1</ele>
    <time>2026-08-31T07:04:46Z</time>
   </trkpt>
   <trkpt lat="22.7258860" lon="120.3008250">
    <ele>21.1</ele>
    <time>2026-08-31T07:04:47Z</time>
   </trkpt>
   <trkpt lat="22.7258880" lon="120.3008240">
    <ele>21.1</ele>
    <time>2026-08-31T07:04:48Z</time>
   </trkpt>
   <trkpt lat="22.7258770" lon="120.3008320">
    <ele>21.1</ele>
    <time>2026-08-31T07:04:49Z</time>
   </trkpt>
   <trkpt lat="22.7258780" lon="120.3008440">
    <ele>21.1</ele>
    <time>2026-08-31T07:04:50Z</time>
   </trkpt>
   <trkpt lat="22.7258800" lon="120.3008460">
    <ele>21.1</ele>
    <time>2026-08-31T07:04:51Z</time>
   </trkpt>
   <trkpt lat="22.7258880" lon="120.3008130">
    <ele>21.1</ele>
    <time>2026-08-31T07:04:52Z</time>
   </trkpt>
   <trkpt lat="22.7258890" lon="120.3007970">
    <ele>21.1</ele>
    <time>2026-08-31T07:04:53Z</time>
   </trkpt>
   <trkpt lat="22.7258880" lon="120.3008000">
    <ele>21.1</ele>
    <time>2026-08-31T07:04:54Z</time>
   </trkpt>
   <trkpt lat="22.7258940" lon="120.3007950">
    <ele>21.1</ele>
    <time>2026-08-31T07:04:55Z</time>
   </trkpt>
   <trkpt lat="22.7258920" lon="120.3008010">
    <ele>21.1</ele>
    <time>2026-08-31T07:04:56Z</time>
   </trkpt>
   <trkpt lat="22.7258950" lon="120.3007870">
    <ele>21.1</ele>
    <time>2026-08-31T07:04:57Z</time>
   </trkpt>
   <trkpt lat="22.7258940" lon="120.3007870">
    <ele>21.1</ele>
    <time>2026-08-31T07:04:58Z</time>
   </trkpt>
   <trkpt lat="22.7259080" lon="120.3008180">
    <ele>21.1</ele>
    <time>2026-08-31T07:04:59Z</time>
   </trkpt>
   <trkpt lat="22.7259330" lon="120.3008210">
    <ele>21.1</ele>
    <time>2026-08-31T07:05:00Z</time>
   </trkpt>
   <trkpt lat="22.7259410" lon="120.3008270">
    <ele>21.1</ele>
    <time>2026-08-31T07:05:01Z</time>
   </trkpt>
   <trkpt lat="22.7259380" lon="120.3008260">
    <ele>21.1</ele>
    <time>2026-08-31T07:05:02Z</time>
   </trkpt>
   <trkpt lat="22.7259380" lon="120.3008260">
    <ele>21.1</ele>
    <time>2026-08-31T07:05:03Z</time>
   </trkpt>
   <trkpt lat="22.7259180" lon="120.3008280">
    <ele>21.1</ele>
    <time>2026-08-31T07:05:04Z</time>
   </trkpt>
   <trkpt lat="22.7259220" lon="120.3008280">
    <ele>21.1</ele>
    <time>2026-08-31T07:05:05Z</time>
   </trkpt>
   <trkpt lat="22.7259290" lon="120.3008230">
    <ele>21.1</ele>
    <time>2026-08-31T07:05:06Z</time>
   </trkpt>
   <trkpt lat="22.7259370" lon="120.3008180">
    <ele>21.1</ele>
    <time>2026-08-31T07:05:07Z</time>
   </trkpt>
   <trkpt lat="22.7259420" lon="120.3008080">
    <ele>21.1</ele>
    <time>2026-08-31T07:05:08Z</time>
   </trkpt>
   <trkpt lat="22.7259400" lon="120.3008010">
    <ele>21.1</ele>
    <time>2026-08-31T07:05:09Z</time>
   </trkpt>
   <trkpt lat="22.7259390" lon="120.3007970">
    <ele>21.1</ele>
    <time>2026-08-31T07:05:10Z</time>
   </trkpt>
   <trkpt lat="22.7259310" lon="120.3007960">
    <ele>21.1</ele>
    <time>2026-08-31T07:05:11Z</time>
   </trkpt>
   <trkpt lat="22.7259270" lon="120.3007960">
    <ele>21.1</ele>
    <time>2026-08-31T07:05:12Z</time>
   </trkpt>
   <trkpt lat="22.7259200" lon="120.3007920">
    <ele>21.1</ele>
    <time>2026-08-31T07:05:13Z</time>
   </trkpt>
   <trkpt lat="22.7259210" lon="120.3007850">
    <ele>21.1</ele>
    <time>2026-08-31T07:05:14Z</time>
   </trkpt>
   <trkpt lat="22.7259250" lon="120.3007790">
    <ele>21.1</ele>
    <time>2026-08-31T07:05:15Z</time>
   </trkpt>
   <trkpt lat="22.7259160" lon="120.3007640">
    <ele>21.1</ele>
    <time>2026-08-31T07:05:16Z</time>
   </trkpt>
   <trkpt lat="22.7259070" lon="120.3007630">
    <ele>21.1</ele>
    <time>2026-08-31T07:05:17Z</time>
   </trkpt>
   <trkpt lat="22.7258890" lon="120.3007470">
    <ele>21.1</ele>
    <time>2026-08-31T07:05:18Z</time>
   </trkpt>
   <trkpt lat="22.7258680" lon="120.3007520">
    <ele>21.1</ele>
    <time>2026-08-31T07:05:19Z</time>
   </trkpt>
   <trkpt lat="22.7258680" lon="120.3007820">
    <ele>21.1</ele>
    <time>2026-08-31T07:05:20Z</time>
   </trkpt>
   <trkpt lat="22.7258720" lon="120.3008080">
    <ele>21.0</ele>
    <time>2026-08-31T07:05:21Z</time>
   </trkpt>
   <trkpt lat="22.7258410" lon="120.3008460">
    <ele>21.0</ele>
    <time>2026-08-31T07:05:22Z</time>
   </trkpt>
   <trkpt lat="22.7258770" lon="120.3008370">
    <ele>21.0</ele>
    <time>2026-08-31T07:05:23Z</time>
   </trkpt>
   <trkpt lat="22.7258770" lon="120.3008060">
    <ele>21.0</ele>
    <time>2026-08-31T07:05:24Z</time>
   </trkpt>
   <trkpt lat="22.7258690" lon="120.3007790">
    <ele>21.0</ele>
    <time>2026-08-31T07:05:25Z</time>
   </trkpt>
   <trkpt lat="22.7258800" lon="120.3007710">
    <ele>21.0</ele>
    <time>2026-08-31T07:05:26Z</time>
   </trkpt>
   <trkpt lat="22.7258790" lon="120.3007620">
    <ele>21.0</ele>
    <time>2026-08-31T07:05:27Z</time>
   </trkpt>
   <trkpt lat="22.7258790" lon="120.3007580">
    <ele>21.0</ele>
    <time>2026-08-31T07:05:28Z</time>
   </trkpt>
   <trkpt lat="22.7258820" lon="120.3007510">
    <ele>21.0</ele>
    <time>2026-08-31T07:05:29Z</time>
   </trkpt>
   <trkpt lat="22.7258840" lon="120.3007530">
    <ele>21.0</ele>
    <time>2026-08-31T07:05:30Z</time>
   </trkpt>
   <trkpt lat="22.7258830" lon="120.3007630">
    <ele>21.0</ele>
    <time>2026-08-31T07:05:31Z</time>
   </trkpt>
   <trkpt lat="22.7258760" lon="120.3007690">
    <ele>21.0</ele>
    <time>2026-08-31T07:05:32Z</time>
   </trkpt>
   <trkpt lat="22.7258660" lon="120.3007700">
    <ele>21.0</ele>
    <time>2026-08-31T07:05:33Z</time>
   </trkpt>
   <trkpt lat="22.7258580" lon="120.3007710">
    <ele>21.0</ele>
    <time>2026-08-31T07:05:34Z</time>
   </trkpt>
   <trkpt lat="22.7258450" lon="120.3007760">
    <ele>21.0</ele>
    <time>2026-08-31T07:05:35Z</time>
   </trkpt>
   <trkpt lat="22.7258390" lon="120.3007870">
    <ele>21.0</ele>
    <time>2026-08-31T07:05:36Z</time>
   </trkpt>
   <trkpt lat="22.7258280" lon="120.3008190">
    <ele>21.0</ele>
    <time>2026-08-31T07:05:37Z</time>
   </trkpt>
   <trkpt lat="22.7258150" lon="120.3008280">
    <ele>21.0</ele>
    <time>2026-08-31T07:05:38Z</time>
   </trkpt>
   <trkpt lat="22.7258200" lon="120.3008360">
    <ele>21.0</ele>
    <time>2026-08-31T07:05:39Z</time>
   </trkpt>
   <trkpt lat="22.7258180" lon="120.3008470">
    <ele>21.0</ele>
    <time>2026-08-31T07:05:40Z</time>
   </trkpt>
   <trkpt lat="22.7258110" lon="120.3008690">
    <ele>21.0</ele>
    <time>2026-08-31T07:05:41Z</time>
   </trkpt>
   <trkpt lat="22.7258100" lon="120.3008820">
    <ele>21.0</ele>
    <time>2026-08-31T07:05:42Z</time>
   </trkpt>
   <trkpt lat="22.7258140" lon="120.3009000">
    <ele>21.0</ele>
    <time>2026-08-31T07:05:43Z</time>
   </trkpt>
   <trkpt lat="22.7258210" lon="120.3009310">
    <ele>21.0</ele>
    <time>2026-08-31T07:05:44Z</time>
   </trkpt>
   <trkpt lat="22.7258340" lon="120.3009490">
    <ele>21.0</ele>
    <time>2026-08-31T07:05:45Z</time>
   </trkpt>
   <trkpt lat="22.7258440" lon="120.3009620">
    <ele>21.0</ele>
    <time>2026-08-31T07:05:46Z</time>
   </trkpt>
   <trkpt lat="22.7258590" lon="120.3009750">
    <ele>21.0</ele>
    <time>2026-08-31T07:05:47Z</time>
   </trkpt>
   <trkpt lat="22.7258750" lon="120.3009860">
    <ele>21.0</ele>
    <time>2026-08-31T07:05:48Z</time>
   </trkpt>
   <trkpt lat="22.7258850" lon="120.3009950">
    <ele>21.0</ele>
    <time>2026-08-31T07:05:49Z</time>
   </trkpt>
   <trkpt lat="22.7258940" lon="120.3010040">
    <ele>21.0</ele>
    <time>2026-08-31T07:05:50Z</time>
   </trkpt>
   <trkpt lat="22.7259010" lon="120.3010140">
    <ele>21.1</ele>
    <time>2026-08-31T07:05:51Z</time>
   </trkpt>
   <trkpt lat="22.7259100" lon="120.3010210">
    <ele>21.1</ele>
    <time>2026-08-31T07:05:52Z</time>
   </trkpt>
   <trkpt lat="22.7259210" lon="120.3010300">
    <ele>21.1</ele>
    <time>2026-08-31T07:05:53Z</time>
   </trkpt>
   <trkpt lat="22.7259290" lon="120.3010340">
    <ele>21.1</ele>
    <time>2026-08-31T07:05:54Z</time>
   </trkpt>
   <trkpt lat="22.7259360" lon="120.3010420">
    <ele>21.1</ele>
    <time>2026-08-31T07:05:55Z</time>
   </trkpt>
   <trkpt lat="22.7259410" lon="120.3010570">
    <ele>21.1</ele>
    <time>2026-08-31T07:05:56Z</time>
   </trkpt>
   <trkpt lat="22.7259370" lon="120.3010640">
    <ele>21.1</ele>
    <time>2026-08-31T07:05:57Z</time>
   </trkpt>
   <trkpt lat="22.7259390" lon="120.3010700">
    <ele>21.1</ele>
    <time>2026-08-31T07:05:58Z</time>
   </trkpt>
   <trkpt lat="22.7259470" lon="120.3010750">
    <ele>21.1</ele>
    <time>2026-08-31T07:05:59Z</time>
   </trkpt>
   <trkpt lat="22.7259620" lon="120.3010910">
    <ele>21.1</ele>
    <time>2026-08-31T07:06:00Z</time>
   </trkpt>
   <trkpt lat="22.7259580" lon="120.3011000">
    <ele>21.1</ele>
    <time>2026-08-31T07:06:01Z</time>
   </trkpt>
   <trkpt lat="22.7259640" lon="120.3011150">
    <ele>21.1</ele>
    <time>2026-08-31T07:06:02Z</time>
   </trkpt>
   <trkpt lat="22.7259720" lon="120.3011210">
    <ele>21.1</ele>
    <time>2026-08-31T07:06:03Z</time>
   </trkpt>
   <trkpt lat="22.7259820" lon="120.3011320">
    <ele>21.1</ele>
    <time>2026-08-31T07:06:04Z</time>
   </trkpt>
   <trkpt lat="22.7259890" lon="120.3011460">
    <ele>21.1</ele>
    <time>2026-08-31T07:06:05Z</time>
   </trkpt>
   <trkpt lat="22.7259940" lon="120.3011540">
    <ele>21.1</ele>
    <time>2026-08-31T07:06:06Z</time>
   </trkpt>
   <trkpt lat="22.7259930" lon="120.3011450">
    <ele>21.1</ele>
    <time>2026-08-31T07:06:07Z</time>
   </trkpt>
   <trkpt lat="22.7259970" lon="120.3011560">
    <ele>21.1</ele>
    <time>2026-08-31T07:06:08Z</time>
   </trkpt>
   <trkpt lat="22.7260070" lon="120.3011720">
    <ele>21.1</ele>
    <time>2026-08-31T07:06:09Z</time>
   </trkpt>
   <trkpt lat="22.7260160" lon="120.3011830">
    <ele>21.1</ele>
    <time>2026-08-31T07:06:10Z</time>
   </trkpt>
   <trkpt lat="22.7260210" lon="120.3011880">
    <ele>21.1</ele>
    <time>2026-08-31T07:06:11Z</time>
   </trkpt>
   <trkpt lat="22.7260260" lon="120.3012000">
    <ele>21.1</ele>
    <time>2026-08-31T07:06:12Z</time>
   </trkpt>
   <trkpt lat="22.7260310" lon="120.3012100">
    <ele>21.1</ele>
    <time>2026-08-31T07:06:13Z</time>
   </trkpt>
   <trkpt lat="22.7260310" lon="120.3012170">
    <ele>21.1</ele>
    <time>2026-08-31T07:06:14Z</time>
   </trkpt>
   <trkpt lat="22.7260360" lon="120.3012210">
    <ele>21.1</ele>
    <time>2026-08-31T07:06:15Z</time>
   </trkpt>
   <trkpt lat="22.7260480" lon="120.3012270">
    <ele>21.2</ele>
    <time>2026-08-31T07:06:16Z</time>
   </trkpt>
   <trkpt lat="22.7260570" lon="120.3012310">
    <ele>21.4</ele>
    <time>2026-08-31T07:06:17Z</time>
   </trkpt>
   <trkpt lat="22.7260660" lon="120.3012220">
    <ele>21.6</ele>
    <time>2026-08-31T07:06:18Z</time>
   </trkpt>
   <trkpt lat="22.7260690" lon="120.3012420">
    <ele>22.0</ele>
    <time>2026-08-31T07:06:19Z</time>
   </trkpt>
   <trkpt lat="22.7260760" lon="120.3012510">
    <ele>22.3</ele>
    <time>2026-08-31T07:06:20Z</time>
   </trkpt>
   <trkpt lat="22.7260830" lon="120.3012550">
    <ele>22.4</ele>
    <time>2026-08-31T07:06:21Z</time>
   </trkpt>
   <trkpt lat="22.7260890" lon="120.3012570">
    <ele>22.6</ele>
    <time>2026-08-31T07:06:22Z</time>
   </trkpt>
   <trkpt lat="22.7260980" lon="120.3012590">
    <ele>22.8</ele>
    <time>2026-08-31T07:06:23Z</time>
   </trkpt>
   <trkpt lat="22.7261030" lon="120.3012580">
    <ele>22.9</ele>
    <time>2026-08-31T07:06:24Z</time>
   </trkpt>
   <trkpt lat="22.7261200" lon="120.3012560">
    <ele>23.2</ele>
    <time>2026-08-31T07:06:25Z</time>
   </trkpt>
   <trkpt lat="22.7261290" lon="120.3012520">
    <ele>23.4</ele>
    <time>2026-08-31T07:06:26Z</time>
   </trkpt>
   <trkpt lat="22.7261380" lon="120.3012470">
    <ele>23.6</ele>
    <time>2026-08-31T07:06:27Z</time>
   </trkpt>
   <trkpt lat="22.7261460" lon="120.3012430">
    <ele>23.8</ele>
    <time>2026-08-31T07:06:28Z</time>
   </trkpt>
   <trkpt lat="22.7261510" lon="120.3012380">
    <ele>24.0</ele>
    <time>2026-08-31T07:06:29Z</time>
   </trkpt>
   <trkpt lat="22.7261610" lon="120.3012410">
    <ele>24.2</ele>
    <time>2026-08-31T07:06:30Z</time>
   </trkpt>
   <trkpt lat="22.7261640" lon="120.3012440">
    <ele>24.3</ele>
    <time>2026-08-31T07:06:31Z</time>
   </trkpt>
   <trkpt lat="22.7261770" lon="120.3012390">
    <ele>24.6</ele>
    <time>2026-08-31T07:06:32Z</time>
   </trkpt>
   <trkpt lat="22.7261910" lon="120.3012300">
    <ele>24.9</ele>
    <time>2026-08-31T07:06:33Z</time>
   </trkpt>
   <trkpt lat="22.7261960" lon="120.3012190">
    <ele>25.1</ele>
    <time>2026-08-31T07:06:34Z</time>
   </trkpt>
   <trkpt lat="22.7262010" lon="120.3012070">
    <ele>25.4</ele>
    <time>2026-08-31T07:06:35Z</time>
   </trkpt>
   <trkpt lat="22.7262070" lon="120.3012000">
    <ele>25.6</ele>
    <time>2026-08-31T07:06:36Z</time>
   </trkpt>
   <trkpt lat="22.7262080" lon="120.3012000">
    <ele>25.6</ele>
    <time>2026-08-31T07:06:37Z</time>
   </trkpt>
   <trkpt lat="22.7262040" lon="120.3012020">
    <ele>25.5</ele>
    <time>2026-08-31T07:06:38Z</time>
   </trkpt>
   <trkpt lat="22.7261940" lon="120.3012090">
    <ele>25.3</ele>
    <time>2026-08-31T07:06:39Z</time>
   </trkpt>
   <trkpt lat="22.7261850" lon="120.3012150">
    <ele>25.1</ele>
    <time>2026-08-31T07:06:40Z</time>
   </trkpt>
   <trkpt lat="22.7261770" lon="120.3012200">
    <ele>25.0</ele>
    <time>2026-08-31T07:06:41Z</time>
   </trkpt>
   <trkpt lat="22.7261750" lon="120.3012280">
    <ele>24.9</ele>
    <time>2026-08-31T07:06:42Z</time>
   </trkpt>
   <trkpt lat="22.7261720" lon="120.3012320">
    <ele>24.8</ele>
    <time>2026-08-31T07:06:43Z</time>
   </trkpt>
   <trkpt lat="22.7261690" lon="120.3012300">
    <ele>24.7</ele>
    <time>2026-08-31T07:06:44Z</time>
   </trkpt>
   <trkpt lat="22.7261540" lon="120.3012270">
    <ele>24.5</ele>
    <time>2026-08-31T07:06:45Z</time>
   </trkpt>
   <trkpt lat="22.7261480" lon="120.3012540">
    <ele>24.0</ele>
    <time>2026-08-31T07:06:46Z</time>
   </trkpt>
   <trkpt lat="22.7261540" lon="120.3012660">
    <ele>23.8</ele>
    <time>2026-08-31T07:06:47Z</time>
   </trkpt>
   <trkpt lat="22.7261570" lon="120.3012710">
    <ele>23.8</ele>
    <time>2026-08-31T07:06:48Z</time>
   </trkpt>
   <trkpt lat="22.7261490" lon="120.3012930">
    <ele>23.4</ele>
    <time>2026-08-31T07:06:49Z</time>
   </trkpt>
   <trkpt lat="22.7261310" lon="120.3013030">
    <ele>23.1</ele>
    <time>2026-08-31T07:06:50Z</time>
   </trkpt>
   <trkpt lat="22.7261120" lon="120.3012870">
    <ele>22.7</ele>
    <time>2026-08-31T07:06:51Z</time>
   </trkpt>
   <trkpt lat="22.7261050" lon="120.3012760">
    <ele>22.5</ele>
    <time>2026-08-31T07:06:52Z</time>
   </trkpt>
   <trkpt lat="22.7260980" lon="120.3012740">
    <ele>22.3</ele>
    <time>2026-08-31T07:06:53Z</time>
   </trkpt>
   <trkpt lat="22.7260880" lon="120.3012770">
    <ele>22.2</ele>
    <time>2026-08-31T07:06:54Z</time>
   </trkpt>
   <trkpt lat="22.7260680" lon="120.3012750">
    <ele>21.8</ele>
    <time>2026-08-31T07:06:55Z</time>
   </trkpt>
   <trkpt lat="22.7260500" lon="120.3012720">
    <ele>21.5</ele>
    <time>2026-08-31T07:06:56Z</time>
   </trkpt>
   <trkpt lat="22.7260340" lon="120.3012660">
    <ele>21.3</ele>
    <time>2026-08-31T07:06:57Z</time>
   </trkpt>
   <trkpt lat="22.7260240" lon="120.3012560">
    <ele>21.1</ele>
    <time>2026-08-31T07:06:58Z</time>
   </trkpt>
   <trkpt lat="22.7260200" lon="120.3012420">
    <ele>21.1</ele>
    <time>2026-08-31T07:06:59Z</time>
   </trkpt>
   <trkpt lat="22.7260140" lon="120.3012260">
    <ele>21.1</ele>
    <time>2026-08-31T07:07:00Z</time>
   </trkpt>
   <trkpt lat="22.7260030" lon="120.3012100">
    <ele>21.1</ele>
    <time>2026-08-31T07:07:01Z</time>
   </trkpt>
   <trkpt lat="22.7260000" lon="120.3011990">
    <ele>21.1</ele>
    <time>2026-08-31T07:07:02Z</time>
   </trkpt>
   <trkpt lat="22.7259970" lon="120.3011820">
    <ele>21.1</ele>
    <time>2026-08-31T07:07:03Z</time>
   </trkpt>
   <trkpt lat="22.7259950" lon="120.3011680">
    <ele>21.1</ele>
    <time>2026-08-31T07:07:04Z</time>
   </trkpt>
   <trkpt lat="22.7259930" lon="120.3011550">
    <ele>21.1</ele>
    <time>2026-08-31T07:07:05Z</time>
   </trkpt>
   <trkpt lat="22.7259890" lon="120.3011410">
    <ele>21.1</ele>
    <time>2026-08-31T07:07:06Z</time>
   </trkpt>
   <trkpt lat="22.7259850" lon="120.3011290">
    <ele>21.1</ele>
    <time>2026-08-31T07:07:07Z</time>
   </trkpt>
   <trkpt lat="22.7259800" lon="120.3011160">
    <ele>21.1</ele>
    <time>2026-08-31T07:07:08Z</time>
   </trkpt>
   <trkpt lat="22.7259740" lon="120.3011060">
    <ele>21.1</ele>
    <time>2026-08-31T07:07:09Z</time>
   </trkpt>
   <trkpt lat="22.7259670" lon="120.3010980">
    <ele>21.1</ele>
    <time>2026-08-31T07:07:10Z</time>
   </trkpt>
   <trkpt lat="22.7259620" lon="120.3010850">
    <ele>21.1</ele>
    <time>2026-08-31T07:07:11Z</time>
   </trkpt>
   <trkpt lat="22.7259570" lon="120.3010750">
    <ele>21.1</ele>
    <time>2026-08-31T07:07:12Z</time>
   </trkpt>
   <trkpt lat="22.7259520" lon="120.3010650">
    <ele>21.1</ele>
    <time>2026-08-31T07:07:13Z</time>
   </trkpt>
   <trkpt lat="22.7259460" lon="120.3010550">
    <ele>21.1</ele>
    <time>2026-08-31T07:07:14Z</time>
   </trkpt>
   <trkpt lat="22.7259400" lon="120.3010470">
    <ele>21.1</ele>
    <time>2026-08-31T07:07:15Z</time>
   </trkpt>
   <trkpt lat="22.7259330" lon="120.3010350">
    <ele>21.1</ele>
    <time>2026-08-31T07:07:16Z</time>
   </trkpt>
   <trkpt lat="22.7259260" lon="120.3010250">
    <ele>21.1</ele>
    <time>2026-08-31T07:07:17Z</time>
   </trkpt>
   <trkpt lat="22.7259210" lon="120.3010150">
    <ele>21.1</ele>
    <time>2026-08-31T07:07:18Z</time>
   </trkpt>
   <trkpt lat="22.7259140" lon="120.3010040">
    <ele>21.1</ele>
    <time>2026-08-31T07:07:19Z</time>
   </trkpt>
   <trkpt lat="22.7259100" lon="120.3009910">
    <ele>21.1</ele>
    <time>2026-08-31T07:07:20Z</time>
   </trkpt>
   <trkpt lat="22.7259080" lon="120.3009780">
    <ele>21.1</ele>
    <time>2026-08-31T07:07:21Z</time>
   </trkpt>
   <trkpt lat="22.7259050" lon="120.3009700">
    <ele>21.1</ele>
    <time>2026-08-31T07:07:22Z</time>
   </trkpt>
   <trkpt lat="22.7259000" lon="120.3009590">
    <ele>21.0</ele>
    <time>2026-08-31T07:07:23Z</time>
   </trkpt>
   <trkpt lat="22.7258960" lon="120.3009480">
    <ele>21.0</ele>
    <time>2026-08-31T07:07:24Z</time>
   </trkpt>
   <trkpt lat="22.7258930" lon="120.3009390">
    <ele>21.0</ele>
    <time>2026-08-31T07:07:25Z</time>
   </trkpt>
   <trkpt lat="22.7258920" lon="120.3009290">
    <ele>21.0</ele>
    <time>2026-08-31T07:07:26Z</time>
   </trkpt>
   <trkpt lat="22.7258880" lon="120.3009170">
    <ele>21.0</ele>
    <time>2026-08-31T07:07:27Z</time>
   </trkpt>
   <trkpt lat="22.7258850" lon="120.3009100">
    <ele>21.0</ele>
    <time>2026-08-31T07:07:28Z</time>
   </trkpt>
   <trkpt lat="22.7258820" lon="120.3008940">
    <ele>21.0</ele>
    <time>2026-08-31T07:07:29Z</time>
   </trkpt>
   <trkpt lat="22.7258750" lon="120.3008850">
    <ele>21.0</ele>
    <time>2026-08-31T07:07:30Z</time>
   </trkpt>
   <trkpt lat="22.7258680" lon="120.3008780">
    <ele>21.0</ele>
    <time>2026-08-31T07:07:31Z</time>
   </trkpt>
   <trkpt lat="22.7258650" lon="120.3008690">
    <ele>21.0</ele>
    <time>2026-08-31T07:07:32Z</time>
   </trkpt>
   <trkpt lat="22.7258580" lon="120.3008580">
    <ele>21.0</ele>
    <time>2026-08-31T07:07:33Z</time>
   </trkpt>
   <trkpt lat="22.7258520" lon="120.3008480">
    <ele>21.0</ele>
    <time>2026-08-31T07:07:34Z</time>
   </trkpt>
   <trkpt lat="22.7258470" lon="120.3008380">
    <ele>21.0</ele>
    <time>2026-08-31T07:07:35Z</time>
   </trkpt>
   <trkpt lat="22.7258430" lon="120.3008230">
    <ele>21.0</ele>
    <time>2026-08-31T07:07:36Z</time>
   </trkpt>
   <trkpt lat="22.7258390" lon="120.3008100">
    <ele>21.0</ele>
    <time>2026-08-31T07:07:37Z</time>
   </trkpt>
   <trkpt lat="22.7258380" lon="120.3008010">
    <ele>21.0</ele>
    <time>2026-08-31T07:07:38Z</time>
   </trkpt>
   <trkpt lat="22.7258340" lon="120.3007910">
    <ele>21.0</ele>
    <time>2026-08-31T07:07:39Z</time>
   </trkpt>
   <trkpt lat="22.7258300" lon="120.3007800">
    <ele>21.0</ele>
    <time>2026-08-31T07:07:40Z</time>
   </trkpt>
   <trkpt lat="22.7258270" lon="120.3007690">
    <ele>21.0</ele>
    <time>2026-08-31T07:07:41Z</time>
   </trkpt>
   <trkpt lat="22.7258230" lon="120.3007610">
    <ele>21.0</ele>
    <time>2026-08-31T07:07:42Z</time>
   </trkpt>
   <trkpt lat="22.7258200" lon="120.3007520">
    <ele>21.0</ele>
    <time>2026-08-31T07:07:43Z</time>
   </trkpt>
   <trkpt lat="22.7258210" lon="120.3007400">
    <ele>21.0</ele>
    <time>2026-08-31T07:07:44Z</time>
   </trkpt>
   <trkpt lat="22.7258140" lon="120.3007340">
    <ele>21.0</ele>
    <time>2026-08-31T07:07:45Z</time>
   </trkpt>
   <trkpt lat="22.7258070" lon="120.3007270">
    <ele>21.0</ele>
    <time>2026-08-31T07:07:46Z</time>
   </trkpt>
   <trkpt lat="22.7258010" lon="120.3007140">
    <ele>21.0</ele>
    <time>2026-08-31T07:07:47Z</time>
   </trkpt>
   <trkpt lat="22.7257930" lon="120.3007080">
    <ele>21.0</ele>
    <time>2026-08-31T07:07:48Z</time>
   </trkpt>
   <trkpt lat="22.7257840" lon="120.3007010">
    <ele>21.0</ele>
    <time>2026-08-31T07:07:49Z</time>
   </trkpt>
   <trkpt lat="22.7257780" lon="120.3006930">
    <ele>21.0</ele>
    <time>2026-08-31T07:07:50Z</time>
   </trkpt>
   <trkpt lat="22.7257710" lon="120.3006830">
    <ele>21.0</ele>
    <time>2026-08-31T07:07:51Z</time>
   </trkpt>
   <trkpt lat="22.7257680" lon="120.3006730">
    <ele>21.0</ele>
    <time>2026-08-31T07:07:52Z</time>
   </trkpt>
   <trkpt lat="22.7257620" lon="120.3006630">
    <ele>21.1</ele>
    <time>2026-08-31T07:07:53Z</time>
   </trkpt>
   <trkpt lat="22.7257570" lon="120.3006540">
    <ele>21.1</ele>
    <time>2026-08-31T07:07:54Z</time>
   </trkpt>
   <trkpt lat="22.7257580" lon="120.3006480">
    <ele>21.1</ele>
    <time>2026-08-31T07:07:55Z</time>
   </trkpt>
   <trkpt lat="22.7257480" lon="120.3006350">
    <ele>21.1</ele>
    <time>2026-08-31T07:07:56Z</time>
   </trkpt>
   <trkpt lat="22.7257400" lon="120.3006270">
    <ele>21.1</ele>
    <time>2026-08-31T07:07:57Z</time>
   </trkpt>
   <trkpt lat="22.7257370" lon="120.3006170">
    <ele>21.1</ele>
    <time>2026-08-31T07:07:58Z</time>
   </trkpt>
   <trkpt lat="22.7257360" lon="120.3006060">
    <ele>21.1</ele>
    <time>2026-08-31T07:07:59Z</time>
   </trkpt>
   <trkpt lat="22.7257360" lon="120.3005940">
    <ele>21.1</ele>
    <time>2026-08-31T07:08:00Z</time>
   </trkpt>
   <trkpt lat="22.7257330" lon="120.3005840">
    <ele>21.1</ele>
    <time>2026-08-31T07:08:01Z</time>
   </trkpt>
   <trkpt lat="22.7257280" lon="120.3005680">
    <ele>21.1</ele>
    <time>2026-08-31T07:08:02Z</time>
   </trkpt>
   <trkpt lat="22.7257240" lon="120.3005580">
    <ele>21.1</ele>
    <time>2026-08-31T07:08:03Z</time>
   </trkpt>
   <trkpt lat="22.7257160" lon="120.3005490">
    <ele>21.1</ele>
    <time>2026-08-31T07:08:04Z</time>
   </trkpt>
   <trkpt lat="22.7257140" lon="120.3005360">
    <ele>21.1</ele>
    <time>2026-08-31T07:08:05Z</time>
   </trkpt>
   <trkpt lat="22.7257120" lon="120.3005190">
    <ele>21.1</ele>
    <time>2026-08-31T07:08:06Z</time>
   </trkpt>
   <trkpt lat="22.7257110" lon="120.3005090">
    <ele>21.1</ele>
    <time>2026-08-31T07:08:07Z</time>
   </trkpt>
   <trkpt lat="22.7257110" lon="120.3004900">
    <ele>21.1</ele>
    <time>2026-08-31T07:08:08Z</time>
   </trkpt>
   <trkpt lat="22.7257160" lon="120.3004860">
    <ele>21.1</ele>
    <time>2026-08-31T07:08:09Z</time>
   </trkpt>
   <trkpt lat="22.7257170" lon="120.3004820">
    <ele>21.1</ele>
    <time>2026-08-31T07:08:10Z</time>
   </trkpt>
   <trkpt lat="22.7257140" lon="120.3004870">
    <ele>21.1</ele>
    <time>2026-08-31T07:08:11Z</time>
   </trkpt>
   <trkpt lat="22.7257170" lon="120.3004810">
    <ele>21.1</ele>
    <time>2026-08-31T07:08:12Z</time>
   </trkpt>
   <trkpt lat="22.7257310" lon="120.3004720">
    <ele>21.1</ele>
    <time>2026-08-31T07:08:13Z</time>
   </trkpt>
   <trkpt lat="22.7257400" lon="120.3004700">
    <ele>21.1</ele>
    <time>2026-08-31T07:08:14Z</time>
   </trkpt>
   <trkpt lat="22.7257590" lon="120.3004650">
    <ele>21.1</ele>
    <time>2026-08-31T07:08:15Z</time>
   </trkpt>
   <trkpt lat="22.7257690" lon="120.3004610">
    <ele>21.1</ele>
    <time>2026-08-31T07:08:16Z</time>
   </trkpt>
   <trkpt lat="22.7257770" lon="120.3004450">
    <ele>21.1</ele>
    <time>2026-08-31T07:08:17Z</time>
   </trkpt>
   <trkpt lat="22.7257890" lon="120.3004490">
    <ele>21.1</ele>
    <time>2026-08-31T07:08:18Z</time>
   </trkpt>
   <trkpt lat="22.7258030" lon="120.3004470">
    <ele>21.2</ele>
    <time>2026-08-31T07:08:19Z</time>
   </trkpt>
   <trkpt lat="22.7258080" lon="120.3004380">
    <ele>21.2</ele>
    <time>2026-08-31T07:08:20Z</time>
   </trkpt>
   <trkpt lat="22.7258230" lon="120.3004290">
    <ele>21.2</ele>
    <time>2026-08-31T07:08:21Z</time>
   </trkpt>
   <trkpt lat="22.7258340" lon="120.3004270">
    <ele>21.2</ele>
    <time>2026-08-31T07:08:22Z</time>
   </trkpt>
   <trkpt lat="22.7258430" lon="120.3004220">
    <ele>21.2</ele>
    <time>2026-08-31T07:08:23Z</time>
   </trkpt>
   <trkpt lat="22.7258490" lon="120.3004230">
    <ele>21.2</ele>
    <time>2026-08-31T07:08:24Z</time>
   </trkpt>
   <trkpt lat="22.7258530" lon="120.3004240">
    <ele>21.2</ele>
    <time>2026-08-31T07:08:25Z</time>
   </trkpt>
   <trkpt lat="22.7258560" lon="120.3004270">
    <ele>21.2</ele>
    <time>2026-08-31T07:08:26Z</time>
   </trkpt>
   <trkpt lat="22.7258580" lon="120.3004340">
    <ele>21.2</ele>
    <time>2026-08-31T07:08:27Z</time>
   </trkpt>
   <trkpt lat="22.7258720" lon="120.3004330">
    <ele>21.2</ele>
    <time>2026-08-31T07:08:28Z</time>
   </trkpt>
   <trkpt lat="22.7258680" lon="120.3004330">
    <ele>21.2</ele>
    <time>2026-08-31T07:08:29Z</time>
   </trkpt>
   <trkpt lat="22.7258670" lon="120.3004390">
    <ele>21.2</ele>
    <time>2026-08-31T07:08:30Z</time>
   </trkpt>
   <trkpt lat="22.7258650" lon="120.3004430">
    <ele>21.2</ele>
    <time>2026-08-31T07:08:31Z</time>
   </trkpt>
   <trkpt lat="22.7258650" lon="120.3004440">
    <ele>21.2</ele>
    <time>2026-08-31T07:08:32Z</time>
   </trkpt>
   <trkpt lat="22.7258740" lon="120.3004460">
    <ele>21.2</ele>
    <time>2026-08-31T07:08:33Z</time>
   </trkpt>
   <trkpt lat="22.7258940" lon="120.3004430">
    <ele>21.2</ele>
    <time>2026-08-31T07:08:34Z</time>
   </trkpt>
   <trkpt lat="22.7259200" lon="120.3004440">
    <ele>21.2</ele>
    <time>2026-08-31T07:08:35Z</time>
   </trkpt>
   <trkpt lat="22.7259200" lon="120.3004440">
    <ele>21.2</ele>
    <time>2026-08-31T07:08:36Z</time>
   </trkpt>
   <trkpt lat="22.7259200" lon="120.3004440">
    <ele>21.2</ele>
    <time>2026-08-31T07:08:37Z</time>
   </trkpt>
   <trkpt lat="22.7259200" lon="120.3004440">
    <ele>21.2</ele>
    <time>2026-08-31T07:08:38Z</time>
   </trkpt>
   <trkpt lat="22.7259200" lon="120.3004440">
    <ele>21.2</ele>
    <time>2026-08-31T07:08:39Z</time>
   </trkpt>
   <trkpt lat="22.7259450" lon="120.3004460">
    <ele>21.2</ele>
    <time>2026-08-31T07:08:40Z</time>
   </trkpt>
   <trkpt lat="22.7259640" lon="120.3004470">
    <ele>21.2</ele>
    <time>2026-08-31T07:08:41Z</time>
   </trkpt>
   <trkpt lat="22.7259830" lon="120.3004480">
    <ele>21.2</ele>
    <time>2026-08-31T07:08:42Z</time>
   </trkpt>
   <trkpt lat="22.7260020" lon="120.3004490">
    <ele>21.2</ele>
    <time>2026-08-31T07:08:43Z</time>
   </trkpt>
   <trkpt lat="22.7259890" lon="120.3004380">
    <ele>21.2</ele>
    <time>2026-08-31T07:08:44Z</time>
   </trkpt>
   <trkpt lat="22.7259760" lon="120.3004260">
    <ele>21.2</ele>
    <time>2026-08-31T07:08:45Z</time>
   </trkpt>
   <trkpt lat="22.7260040" lon="120.3004250">
    <ele>21.2</ele>
    <time>2026-08-31T07:08:46Z</time>
   </trkpt>
   <trkpt lat="22.7260240" lon="120.3004080">
    <ele>21.2</ele>
    <time>2026-08-31T07:08:47Z</time>
   </trkpt>
   <trkpt lat="22.7260380" lon="120.3004130">
    <ele>21.2</ele>
    <time>2026-08-31T07:08:48Z</time>
   </trkpt>
   <trkpt lat="22.7260440" lon="120.3004150">
    <ele>21.2</ele>
    <time>2026-08-31T07:08:49Z</time>
   </trkpt>
   <trkpt lat="22.7260480" lon="120.3004290">
    <ele>21.2</ele>
    <time>2026-08-31T07:08:50Z</time>
   </trkpt>
   <trkpt lat="22.7260670" lon="120.3004160">
    <ele>21.2</ele>
    <time>2026-08-31T07:08:51Z</time>
   </trkpt>
   <trkpt lat="22.7260480" lon="120.3004230">
    <ele>21.2</ele>
    <time>2026-08-31T07:08:52Z</time>
   </trkpt>
   <trkpt lat="22.7260470" lon="120.3004080">
    <ele>21.2</ele>
    <time>2026-08-31T07:08:53Z</time>
   </trkpt>
   <trkpt lat="22.7260460" lon="120.3004080">
    <ele>21.2</ele>
    <time>2026-08-31T07:08:54Z</time>
   </trkpt>
   <trkpt lat="22.7260640" lon="120.3004280">
    <ele>21.2</ele>
    <time>2026-08-31T07:08:55Z</time>
   </trkpt>
   <trkpt lat="22.7260860" lon="120.3004360">
    <ele>21.2</ele>
    <time>2026-08-31T07:08:56Z</time>
   </trkpt>
   <trkpt lat="22.7260850" lon="120.3004370">
    <ele>21.2</ele>
    <time>2026-08-31T07:08:57Z</time>
   </trkpt>
   <trkpt lat="22.7260810" lon="120.3004190">
    <ele>21.2</ele>
    <time>2026-08-31T07:08:58Z</time>
   </trkpt>
   <trkpt lat="22.7260780" lon="120.3004130">
    <ele>21.2</ele>
    <time>2026-08-31T07:08:59Z</time>
   </trkpt>
   <trkpt lat="22.7260760" lon="120.3004120">
    <ele>21.2</ele>
    <time>2026-08-31T07:09:00Z</time>
   </trkpt>
   <trkpt lat="22.7260760" lon="120.3004120">
    <ele>21.2</ele>
    <time>2026-08-31T07:09:01Z</time>
   </trkpt>
   <trkpt lat="22.7260760" lon="120.3004120">
    <ele>21.2</ele>
    <time>2026-08-31T07:09:02Z</time>
   </trkpt>
   <trkpt lat="22.7260760" lon="120.3004080">
    <ele>21.2</ele>
    <time>2026-08-31T07:09:03Z</time>
   </trkpt>
   <trkpt lat="22.7260760" lon="120.3004070">
    <ele>21.2</ele>
    <time>2026-08-31T07:09:04Z</time>
   </trkpt>
   <trkpt lat="22.7260920" lon="120.3004250">
    <ele>21.2</ele>
    <time>2026-08-31T07:09:05Z</time>
   </trkpt>
   <trkpt lat="22.7260980" lon="120.3004230">
    <ele>21.2</ele>
    <time>2026-08-31T07:09:06Z</time>
   </trkpt>
   <trkpt lat="22.7261190" lon="120.3004050">
    <ele>21.3</ele>
    <time>2026-08-31T07:09:07Z</time>
   </trkpt>
   <trkpt lat="22.7261110" lon="120.3004010">
    <ele>21.3</ele>
    <time>2026-08-31T07:09:08Z</time>
   </trkpt>
   <trkpt lat="22.7261050" lon="120.3003970">
    <ele>21.3</ele>
    <time>2026-08-31T07:09:09Z</time>
   </trkpt>
   <trkpt lat="22.7261140" lon="120.3004000">
    <ele>21.3</ele>
    <time>2026-08-31T07:09:10Z</time>
   </trkpt>
   <trkpt lat="22.7261280" lon="120.3003890">
    <ele>21.3</ele>
    <time>2026-08-31T07:09:11Z</time>
   </trkpt>
   <trkpt lat="22.7261380" lon="120.3003930">
    <ele>21.3</ele>
    <time>2026-08-31T07:09:12Z</time>
   </trkpt>
   <trkpt lat="22.7261380" lon="120.3003830">
    <ele>21.3</ele>
    <time>2026-08-31T07:09:13Z</time>
   </trkpt>
   <trkpt lat="22.7261450" lon="120.3003700">
    <ele>21.3</ele>
    <time>2026-08-31T07:09:14Z</time>
   </trkpt>
   <trkpt lat="22.7261520" lon="120.3003650">
    <ele>21.3</ele>
    <time>2026-08-31T07:09:15Z</time>
   </trkpt>
   <trkpt lat="22.7261550" lon="120.3003620">
    <ele>21.3</ele>
    <time>2026-08-31T07:09:16Z</time>
   </trkpt>
   <trkpt lat="22.7261720" lon="120.3003550">
    <ele>21.3</ele>
    <time>2026-08-31T07:09:17Z</time>
   </trkpt>
   <trkpt lat="22.7261790" lon="120.3003560">
    <ele>21.3</ele>
    <time>2026-08-31T07:09:18Z</time>
   </trkpt>
   <trkpt lat="22.7261810" lon="120.3003520">
    <ele>21.3</ele>
    <time>2026-08-31T07:09:19Z</time>
   </trkpt>
   <trkpt lat="22.7261910" lon="120.3003450">
    <ele>21.3</ele>
    <time>2026-08-31T07:09:20Z</time>
   </trkpt>
   <trkpt lat="22.7261970" lon="120.3003440">
    <ele>21.3</ele>
    <time>2026-08-31T07:09:21Z</time>
   </trkpt>
   <trkpt lat="22.7261990" lon="120.3003430">
    <ele>21.3</ele>
    <time>2026-08-31T07:09:22Z</time>
   </trkpt>
   <trkpt lat="22.7261860" lon="120.3003280">
    <ele>21.3</ele>
    <time>2026-08-31T07:09:23Z</time>
   </trkpt>
   <trkpt lat="22.7261810" lon="120.3003090">
    <ele>21.3</ele>
    <time>2026-08-31T07:09:24Z</time>
   </trkpt>
   <trkpt lat="22.7261840" lon="120.3003090">
    <ele>21.3</ele>
    <time>2026-08-31T07:09:25Z</time>
   </trkpt>
   <trkpt lat="22.7261730" lon="120.3003060">
    <ele>21.3</ele>
    <time>2026-08-31T07:09:26Z</time>
   </trkpt>
   <trkpt lat="22.7261750" lon="120.3003070">
    <ele>21.3</ele>
    <time>2026-08-31T07:09:27Z</time>
   </trkpt>
   <trkpt lat="22.7261810" lon="120.3003080">
    <ele>21.3</ele>
    <time>2026-08-31T07:09:28Z</time>
   </trkpt>
   <trkpt lat="22.7261790" lon="120.3003070">
    <ele>21.3</ele>
    <time>2026-08-31T07:09:29Z</time>
   </trkpt>
   <trkpt lat="22.7261660" lon="120.3002920">
    <ele>21.3</ele>
    <time>2026-08-31T07:09:30Z</time>
   </trkpt>
   <trkpt lat="22.7261750" lon="120.3002960">
    <ele>21.3</ele>
    <time>2026-08-31T07:09:31Z</time>
   </trkpt>
   <trkpt lat="22.7261810" lon="120.3002970">
    <ele>21.3</ele>
    <time>2026-08-31T07:09:32Z</time>
   </trkpt>
   <trkpt lat="22.7261880" lon="120.3002930">
    <ele>21.3</ele>
    <time>2026-08-31T07:09:33Z</time>
   </trkpt>
   <trkpt lat="22.7261810" lon="120.3002910">
    <ele>21.3</ele>
    <time>2026-08-31T07:09:34Z</time>
   </trkpt>
   <trkpt lat="22.7261770" lon="120.3002920">
    <ele>21.3</ele>
    <time>2026-08-31T07:09:35Z</time>
   </trkpt>
   <trkpt lat="22.7261780" lon="120.3002940">
    <ele>21.3</ele>
    <time>2026-08-31T07:09:36Z</time>
   </trkpt>
   <trkpt lat="22.7261810" lon="120.3002980">
    <ele>21.3</ele>
    <time>2026-08-31T07:09:37Z</time>
   </trkpt>
   <trkpt lat="22.7261820" lon="120.3003000">
    <ele>21.3</ele>
    <time>2026-08-31T07:09:38Z</time>
   </trkpt>
   <trkpt lat="22.7261860" lon="120.3003040">
    <ele>21.3</ele>
    <time>2026-08-31T07:09:39Z</time>
   </trkpt>
   <trkpt lat="22.7261890" lon="120.3003060">
    <ele>21.3</ele>
    <time>2026-08-31T07:09:40Z</time>
   </trkpt>
   <trkpt lat="22.7261910" lon="120.3003120">
    <ele>21.3</ele>
    <time>2026-08-31T07:09:41Z</time>
   </trkpt>
   <trkpt lat="22.7261950" lon="120.3003180">
    <ele>21.3</ele>
    <time>2026-08-31T07:09:42Z</time>
   </trkpt>
   <trkpt lat="22.7261970" lon="120.3003250">
    <ele>21.3</ele>
    <time>2026-08-31T07:09:43Z</time>
   </trkpt>
   <trkpt lat="22.7262000" lon="120.3003330">
    <ele>21.3</ele>
    <time>2026-08-31T07:09:44Z</time>
   </trkpt>
   <trkpt lat="22.7262010" lon="120.3003370">
    <ele>21.3</ele>
    <time>2026-08-31T07:09:45Z</time>
   </trkpt>
   <trkpt lat="22.7261990" lon="120.3003410">
    <ele>21.3</ele>
    <time>2026-08-31T07:09:46Z</time>
   </trkpt>
   <trkpt lat="22.7261970" lon="120.3003420">
    <ele>21.3</ele>
    <time>2026-08-31T07:09:47Z</time>
   </trkpt>
   <trkpt lat="22.7261970" lon="120.3003400">
    <ele>21.3</ele>
    <time>2026-08-31T07:09:48Z</time>
   </trkpt>
   <trkpt lat="22.7261910" lon="120.3003410">
    <ele>21.3</ele>
    <time>2026-08-31T07:09:49Z</time>
   </trkpt>
   <trkpt lat="22.7261740" lon="120.3003420">
    <ele>21.3</ele>
    <time>2026-08-31T07:09:50Z</time>
   </trkpt>
   <trkpt lat="22.7261630" lon="120.3003470">
    <ele>21.3</ele>
    <time>2026-08-31T07:09:51Z</time>
   </trkpt>
   <trkpt lat="22.7261630" lon="120.3003440">
    <ele>21.3</ele>
    <time>2026-08-31T07:09:52Z</time>
   </trkpt>
   <trkpt lat="22.7261690" lon="120.3003490">
    <ele>21.3</ele>
    <time>2026-08-31T07:09:53Z</time>
   </trkpt>
   <trkpt lat="22.7261610" lon="120.3003410">
    <ele>21.3</ele>
    <time>2026-08-31T07:09:54Z</time>
   </trkpt>
   <trkpt lat="22.7261590" lon="120.3003350">
    <ele>21.3</ele>
    <time>2026-08-31T07:09:55Z</time>
   </trkpt>
   <trkpt lat="22.7261660" lon="120.3003370">
    <ele>21.3</ele>
    <time>2026-08-31T07:09:56Z</time>
   </trkpt>
   <trkpt lat="22.7261710" lon="120.3003430">
    <ele>21.3</ele>
    <time>2026-08-31T07:09:57Z</time>
   </trkpt>
   <trkpt lat="22.7261670" lon="120.3003350">
    <ele>21.3</ele>
    <time>2026-08-31T07:09:58Z</time>
   </trkpt>
   <trkpt lat="22.7261740" lon="120.3003360">
    <ele>21.3</ele>
    <time>2026-08-31T07:09:59Z</time>
   </trkpt>
   <trkpt lat="22.7261670" lon="120.3003290">
    <ele>21.3</ele>
    <time>2026-08-31T07:10:00Z</time>
   </trkpt>
   <trkpt lat="22.7261590" lon="120.3003290">
    <ele>21.3</ele>
    <time>2026-08-31T07:10:01Z</time>
   </trkpt>
   <trkpt lat="22.7261680" lon="120.3003320">
    <ele>21.3</ele>
    <time>2026-08-31T07:10:02Z</time>
   </trkpt>
   <trkpt lat="22.7261750" lon="120.3003330">
    <ele>21.3</ele>
    <time>2026-08-31T07:10:03Z</time>
   </trkpt>
   <trkpt lat="22.7261830" lon="120.3003290">
    <ele>21.3</ele>
    <time>2026-08-31T07:10:04Z</time>
   </trkpt>
   <trkpt lat="22.7261780" lon="120.3003330">
    <ele>21.3</ele>
    <time>2026-08-31T07:10:05Z</time>
   </trkpt>
   <trkpt lat="22.7261800" lon="120.3003410">
    <ele>21.3</ele>
    <time>2026-08-31T07:10:06Z</time>
   </trkpt>
   <trkpt lat="22.7261840" lon="120.3003330">
    <ele>21.3</ele>
    <time>2026-08-31T07:10:07Z</time>
   </trkpt>
   <trkpt lat="22.7261840" lon="120.3003310">
    <ele>21.3</ele>
    <time>2026-08-31T07:10:08Z</time>
   </trkpt>
   <trkpt lat="22.7261800" lon="120.3003300">
    <ele>21.3</ele>
    <time>2026-08-31T07:10:09Z</time>
   </trkpt>
   <trkpt lat="22.7261770" lon="120.3003370">
    <ele>21.3</ele>
    <time>2026-08-31T07:10:10Z</time>
   </trkpt>
   <trkpt lat="22.7261770" lon="120.3003330">
    <ele>21.3</ele>
    <time>2026-08-31T07:10:11Z</time>
   </trkpt>
   <trkpt lat="22.7261790" lon="120.3003320">
    <ele>21.3</ele>
    <time>2026-08-31T07:10:12Z</time>
   </trkpt>
   <trkpt lat="22.7261820" lon="120.3003290">
    <ele>21.3</ele>
    <time>2026-08-31T07:10:13Z</time>
   </trkpt>
   <trkpt lat="22.7261860" lon="120.3003290">
    <ele>21.3</ele>
    <time>2026-08-31T07:10:14Z</time>
   </trkpt>
   <trkpt lat="22.7261860" lon="120.3003310">
    <ele>21.3</ele>
    <time>2026-08-31T07:10:15Z</time>
   </trkpt>
   <trkpt lat="22.7261840" lon="120.3003350">
    <ele>21.3</ele>
    <time>2026-08-31T07:10:16Z</time>
   </trkpt>
   <trkpt lat="22.7261840" lon="120.3003310">
    <ele>21.3</ele>
    <time>2026-08-31T07:10:17Z</time>
   </trkpt>
   <trkpt lat="22.7261820" lon="120.3003320">
    <ele>21.3</ele>
    <time>2026-08-31T07:10:18Z</time>
   </trkpt>
   <trkpt lat="22.7261840" lon="120.3003330">
    <ele>21.3</ele>
    <time>2026-08-31T07:10:19Z</time>
   </trkpt>
   <trkpt lat="22.7261840" lon="120.3003330">
    <ele>21.3</ele>
    <time>2026-08-31T07:10:20Z</time>
   </trkpt>
   <trkpt lat="22.7261810" lon="120.3003390">
    <ele>21.3</ele>
    <time>2026-08-31T07:10:21Z</time>
   </trkpt>
   <trkpt lat="22.7261810" lon="120.3003390">
    <ele>21.3</ele>
    <time>2026-08-31T07:10:22Z</time>
   </trkpt>
   <trkpt lat="22.7261810" lon="120.3003390">
    <ele>21.3</ele>
    <time>2026-08-31T07:10:23Z</time>
   </trkpt>
   <trkpt lat="22.7261810" lon="120.3003390">
    <ele>21.3</ele>
    <time>2026-08-31T07:10:24Z</time>
   </trkpt>
   <trkpt lat="22.7261820" lon="120.3003370">
    <ele>21.3</ele>
    <time>2026-08-31T07:10:25Z</time>
   </trkpt>
   <trkpt lat="22.7261830" lon="120.3003390">
    <ele>21.3</ele>
    <time>2026-08-31T07:10:26Z</time>
   </trkpt>
   <trkpt lat="22.7261830" lon="120.3003400">
    <ele>21.3</ele>
    <time>2026-08-31T07:10:27Z</time>
   </trkpt>
   <trkpt lat="22.7261830" lon="120.3003400">
    <ele>21.3</ele>
    <time>2026-08-31T07:10:28Z</time>
   </trkpt>
   <trkpt lat="22.7261850" lon="120.3003410">
    <ele>21.3</ele>
    <time>2026-08-31T07:10:29Z</time>
   </trkpt>
   <trkpt lat="22.7261850" lon="120.3003410">
    <ele>21.3</ele>
    <time>2026-08-31T07:10:30Z</time>
   </trkpt>
   <trkpt lat="22.7261850" lon="120.3003410">
    <ele>21.3</ele>
    <time>2026-08-31T07:10:31Z</time>
   </trkpt>
   <trkpt lat="22.7261850" lon="120.3003410">
    <ele>21.3</ele>
    <time>2026-08-31T07:10:32Z</time>
   </trkpt>
   <trkpt lat="22.7261850" lon="120.3003410">
    <ele>21.3</ele>
    <time>2026-08-31T07:10:33Z</time>
   </trkpt>
   <trkpt lat="22.7261850" lon="120.3003410">
    <ele>21.3</ele>
    <time>2026-08-31T07:10:34Z</time>
   </trkpt>
   <trkpt lat="22.7261850" lon="120.3003410">
    <ele>21.3</ele>
    <time>2026-08-31T07:10:35Z</time>
   </trkpt>
   <trkpt lat="22.7261900" lon="120.3003510">
    <ele>21.3</ele>
    <time>2026-08-31T07:10:36Z</time>
   </trkpt>
   <trkpt lat="22.7261890" lon="120.3003500">
    <ele>21.3</ele>
    <time>2026-08-31T07:10:37Z</time>
   </trkpt>
   <trkpt lat="22.7261890" lon="120.3003510">
    <ele>21.3</ele>
    <time>2026-08-31T07:10:38Z</time>
   </trkpt>
   <trkpt lat="22.7261890" lon="120.3003510">
    <ele>21.3</ele>
    <time>2026-08-31T07:10:39Z</time>
   </trkpt>
   <trkpt lat="22.7261890" lon="120.3003510">
    <ele>21.3</ele>
    <time>2026-08-31T07:10:40Z</time>
   </trkpt>
   <trkpt lat="22.7261890" lon="120.3003520">
    <ele>21.3</ele>
    <time>2026-08-31T07:10:41Z</time>
   </trkpt>
   <trkpt lat="22.7261900" lon="120.3003520">
    <ele>21.3</ele>
    <time>2026-08-31T07:10:42Z</time>
   </trkpt>
   <trkpt lat="22.7261900" lon="120.3003510">
    <ele>21.3</ele>
    <time>2026-08-31T07:10:43Z</time>
   </trkpt>
   <trkpt lat="22.7261900" lon="120.3003510">
    <ele>21.3</ele>
    <time>2026-08-31T07:10:44Z</time>
   </trkpt>
   <trkpt lat="22.7261940" lon="120.3003500">
    <ele>21.3</ele>
    <time>2026-08-31T07:10:45Z</time>
   </trkpt>
   <trkpt lat="22.7261860" lon="120.3003550">
    <ele>21.3</ele>
    <time>2026-08-31T07:10:46Z</time>
   </trkpt>
   <trkpt lat="22.7261860" lon="120.3003510">
    <ele>21.3</ele>
    <time>2026-08-31T07:10:47Z</time>
   </trkpt>
   <trkpt lat="22.7261830" lon="120.3003520">
    <ele>21.3</ele>
    <time>2026-08-31T07:10:48Z</time>
   </trkpt>
   <trkpt lat="22.7261770" lon="120.3003520">
    <ele>21.3</ele>
    <time>2026-08-31T07:10:49Z</time>
   </trkpt>
   <trkpt lat="22.7261780" lon="120.3003620">
    <ele>21.3</ele>
    <time>2026-08-31T07:10:50Z</time>
   </trkpt>
   <trkpt lat="22.7261710" lon="120.3003630">
    <ele>21.3</ele>
    <time>2026-08-31T07:10:51Z</time>
   </trkpt>
   <trkpt lat="22.7261710" lon="120.3003630">
    <ele>21.3</ele>
    <time>2026-08-31T07:10:52Z</time>
   </trkpt>
   <trkpt lat="22.7261710" lon="120.3003630">
    <ele>21.3</ele>
    <time>2026-08-31T07:10:53Z</time>
   </trkpt>
   <trkpt lat="22.7261730" lon="120.3003490">
    <ele>21.3</ele>
    <time>2026-08-31T07:10:54Z</time>
   </trkpt>
   <trkpt lat="22.7261760" lon="120.3003430">
    <ele>21.3</ele>
    <time>2026-08-31T07:10:55Z</time>
   </trkpt>
   <trkpt lat="22.7261760" lon="120.3003390">
    <ele>21.3</ele>
    <time>2026-08-31T07:10:56Z</time>
   </trkpt>
   <trkpt lat="22.7261760" lon="120.3003380">
    <ele>21.3</ele>
    <time>2026-08-31T07:10:57Z</time>
   </trkpt>
   <trkpt lat="22.7261750" lon="120.3003400">
    <ele>21.3</ele>
    <time>2026-08-31T07:10:58Z</time>
   </trkpt>
   <trkpt lat="22.7261740" lon="120.3003380">
    <ele>21.3</ele>
    <time>2026-08-31T07:10:59Z</time>
   </trkpt>
   <trkpt lat="22.7261730" lon="120.3003350">
    <ele>21.3</ele>
    <time>2026-08-31T07:11:00Z</time>
   </trkpt>
   <trkpt lat="22.7261740" lon="120.3003350">
    <ele>21.3</ele>
    <time>2026-08-31T07:11:01Z</time>
   </trkpt>
   <trkpt lat="22.7261740" lon="120.3003350">
    <ele>21.3</ele>
    <time>2026-08-31T07:11:02Z</time>
   </trkpt>
   <trkpt lat="22.7261740" lon="120.3003350">
    <ele>21.3</ele>
    <time>2026-08-31T07:11:03Z</time>
   </trkpt>
   <trkpt lat="22.7261740" lon="120.3003350">
    <ele>21.3</ele>
    <time>2026-08-31T07:11:04Z</time>
   </trkpt>
   <trkpt lat="22.7261780" lon="120.3003270">
    <ele>21.3</ele>
    <time>2026-08-31T07:11:05Z</time>
   </trkpt>
   <trkpt lat="22.7261770" lon="120.3003290">
    <ele>21.3</ele>
    <time>2026-08-31T07:11:06Z</time>
   </trkpt>
   <trkpt lat="22.7261770" lon="120.3003290">
    <ele>21.3</ele>
    <time>2026-08-31T07:11:07Z</time>
   </trkpt>
   <trkpt lat="22.7261770" lon="120.3003320">
    <ele>21.3</ele>
    <time>2026-08-31T07:11:08Z</time>
   </trkpt>
   <trkpt lat="22.7261770" lon="120.3003320">
    <ele>21.3</ele>
    <time>2026-08-31T07:11:09Z</time>
   </trkpt>
   <trkpt lat="22.7261760" lon="120.3003360">
    <ele>21.3</ele>
    <time>2026-08-31T07:11:10Z</time>
   </trkpt>
   <trkpt lat="22.7261760" lon="120.3003360">
    <ele>21.3</ele>
    <time>2026-08-31T07:11:11Z</time>
   </trkpt>
   <trkpt lat="22.7261760" lon="120.3003360">
    <ele>21.3</ele>
    <time>2026-08-31T07:11:12Z</time>
   </trkpt>
   <trkpt lat="22.7261760" lon="120.3003360">
    <ele>21.3</ele>
    <time>2026-08-31T07:11:13Z</time>
   </trkpt>
   <trkpt lat="22.7261760" lon="120.3003360">
    <ele>21.3</ele>
    <time>2026-08-31T07:11:14Z</time>
   </trkpt>
   <trkpt lat="22.7261760" lon="120.3003360">
    <ele>21.3</ele>
    <time>2026-08-31T07:11:15Z</time>
   </trkpt>
   <trkpt lat="22.7261910" lon="120.3003260">
    <ele>21.3</ele>
    <time>2026-08-31T07:11:16Z</time>
   </trkpt>
   <trkpt lat="22.7261910" lon="120.3003300">
    <ele>21.3</ele>
    <time>2026-08-31T07:11:17Z</time>
   </trkpt>
   <trkpt lat="22.7261900" lon="120.3003290">
    <ele>21.3</ele>
    <time>2026-08-31T07:11:18Z</time>
   </trkpt>
   <trkpt lat="22.7261900" lon="120.3003280">
    <ele>21.3</ele>
    <time>2026-08-31T07:11:19Z</time>
   </trkpt>
   <trkpt lat="22.7261910" lon="120.3003330">
    <ele>21.3</ele>
    <time>2026-08-31T07:11:20Z</time>
   </trkpt>
   <trkpt lat="22.7261910" lon="120.3003330">
    <ele>21.3</ele>
    <time>2026-08-31T07:11:21Z</time>
   </trkpt>
   <trkpt lat="22.7261910" lon="120.3003350">
    <ele>21.3</ele>
    <time>2026-08-31T07:11:22Z</time>
   </trkpt>
   <trkpt lat="22.7261900" lon="120.3003350">
    <ele>21.3</ele>
    <time>2026-08-31T07:11:23Z</time>
   </trkpt>
   <trkpt lat="22.7261890" lon="120.3003340">
    <ele>21.3</ele>
    <time>2026-08-31T07:11:24Z</time>
   </trkpt>
   <trkpt lat="22.7261900" lon="120.3003350">
    <ele>21.3</ele>
    <time>2026-08-31T07:11:25Z</time>
   </trkpt>
   <trkpt lat="22.7261920" lon="120.3003380">
    <ele>21.3</ele>
    <time>2026-08-31T07:11:26Z</time>
   </trkpt>
   <trkpt lat="22.7261940" lon="120.3003380">
    <ele>21.3</ele>
    <time>2026-08-31T07:11:27Z</time>
   </trkpt>
   <trkpt lat="22.7261940" lon="120.3003370">
    <ele>21.3</ele>
    <time>2026-08-31T07:11:28Z</time>
   </trkpt>
   <trkpt lat="22.7261960" lon="120.3003410">
    <ele>21.3</ele>
    <time>2026-08-31T07:11:29Z</time>
   </trkpt>
   <trkpt lat="22.7261960" lon="120.3003400">
    <ele>21.3</ele>
    <time>2026-08-31T07:11:30Z</time>
   </trkpt>
   <trkpt lat="22.7261960" lon="120.3003400">
    <ele>21.3</ele>
    <time>2026-08-31T07:11:31Z</time>
   </trkpt>
   <trkpt lat="22.7261960" lon="120.3003400">
    <ele>21.3</ele>
    <time>2026-08-31T07:11:32Z</time>
   </trkpt>
   <trkpt lat="22.7262000" lon="120.3003440">
    <ele>21.3</ele>
    <time>2026-08-31T07:11:33Z</time>
   </trkpt>
   <trkpt lat="22.7262000" lon="120.3003440">
    <ele>21.3</ele>
    <time>2026-08-31T07:11:34Z</time>
   </trkpt>
   <trkpt lat="22.7262000" lon="120.3003440">
    <ele>21.3</ele>
    <time>2026-08-31T07:11:35Z</time>
   </trkpt>
   <trkpt lat="22.7262000" lon="120.3003430">
    <ele>21.3</ele>
    <time>2026-08-31T07:11:36Z</time>
   </trkpt>
   <trkpt lat="22.7262000" lon="120.3003420">
    <ele>21.3</ele>
    <time>2026-08-31T07:11:37Z</time>
   </trkpt>
   <trkpt lat="22.7262000" lon="120.3003420">
    <ele>21.3</ele>
    <time>2026-08-31T07:11:38Z</time>
   </trkpt>
   <trkpt lat="22.7262000" lon="120.3003430">
    <ele>21.3</ele>
    <time>2026-08-31T07:11:39Z</time>
   </trkpt>
   <trkpt lat="22.7262000" lon="120.3003430">
    <ele>21.3</ele>
    <time>2026-08-31T07:11:40Z</time>
   </trkpt>
   <trkpt lat="22.7261990" lon="120.3003430">
    <ele>21.3</ele>
    <time>2026-08-31T07:11:41Z</time>
   </trkpt>
   <trkpt lat="22.7261990" lon="120.3003410">
    <ele>21.3</ele>
    <time>2026-08-31T07:11:42Z</time>
   </trkpt>
   <trkpt lat="22.7261980" lon="120.3003420">
    <ele>21.3</ele>
    <time>2026-08-31T07:11:43Z</time>
   </trkpt>
   <trkpt lat="22.7261980" lon="120.3003410">
    <ele>21.3</ele>
    <time>2026-08-31T07:11:44Z</time>
   </trkpt>
   <trkpt lat="22.7261980" lon="120.3003400">
    <ele>21.3</ele>
    <time>2026-08-31T07:11:45Z</time>
   </trkpt>
   <trkpt lat="22.7261980" lon="120.3003400">
    <ele>21.3</ele>
    <time>2026-08-31T07:11:46Z</time>
   </trkpt>
   <trkpt lat="22.7261980" lon="120.3003400">
    <ele>21.3</ele>
    <time>2026-08-31T07:11:47Z</time>
   </trkpt>
   <trkpt lat="22.7261980" lon="120.3003400">
    <ele>21.3</ele>
    <time>2026-08-31T07:11:48Z</time>
   </trkpt>
   <trkpt lat="22.7261980" lon="120.3003400">
    <ele>21.3</ele>
    <time>2026-08-31T07:11:49Z</time>
   </trkpt>
   <trkpt lat="22.7261980" lon="120.3003400">
    <ele>21.3</ele>
    <time>2026-08-31T07:11:50Z</time>
   </trkpt>
   <trkpt lat="22.7261980" lon="120.3003400">
    <ele>21.3</ele>
    <time>2026-08-31T07:11:51Z</time>
   </trkpt>
   <trkpt lat="22.7261980" lon="120.3003400">
    <ele>21.3</ele>
    <time>2026-08-31T07:11:52Z</time>
   </trkpt>
   <trkpt lat="22.7261950" lon="120.3003360">
    <ele>21.3</ele>
    <time>2026-08-31T07:11:53Z</time>
   </trkpt>
   <trkpt lat="22.7261860" lon="120.3003410">
    <ele>21.3</ele>
    <time>2026-08-31T07:11:54Z</time>
   </trkpt>
   <trkpt lat="22.7261910" lon="120.3003360">
    <ele>21.3</ele>
    <time>2026-08-31T07:11:55Z</time>
   </trkpt>
   <trkpt lat="22.7261910" lon="120.3003350">
    <ele>21.3</ele>
    <time>2026-08-31T07:11:56Z</time>
   </trkpt>
   <trkpt lat="22.7261910" lon="120.3003330">
    <ele>21.3</ele>
    <time>2026-08-31T07:11:57Z</time>
   </trkpt>
   <trkpt lat="22.7261910" lon="120.3003330">
    <ele>21.3</ele>
    <time>2026-08-31T07:11:58Z</time>
   </trkpt>
   <trkpt lat="22.7261910" lon="120.3003300">
    <ele>21.3</ele>
    <time>2026-08-31T07:11:59Z</time>
   </trkpt>
   <trkpt lat="22.7261910" lon="120.3003300">
    <ele>21.3</ele>
    <time>2026-08-31T07:12:00Z</time>
   </trkpt>
   <trkpt lat="22.7261910" lon="120.3003300">
    <ele>21.3</ele>
    <time>2026-08-31T07:12:01Z</time>
   </trkpt>
   <trkpt lat="22.7261910" lon="120.3003300">
    <ele>21.3</ele>
    <time>2026-08-31T07:12:02Z</time>
   </trkpt>
   <trkpt lat="22.7261910" lon="120.3003300">
    <ele>21.3</ele>
    <time>2026-08-31T07:12:03Z</time>
   </trkpt>
   <trkpt lat="22.7261910" lon="120.3003300">
    <ele>21.3</ele>
    <time>2026-08-31T07:12:04Z</time>
   </trkpt>
   <trkpt lat="22.7261910" lon="120.3003300">
    <ele>21.3</ele>
    <time>2026-08-31T07:12:05Z</time>
   </trkpt>
   <trkpt lat="22.7261910" lon="120.3003300">
    <ele>21.3</ele>
    <time>2026-08-31T07:12:06Z</time>
   </trkpt>
   <trkpt lat="22.7261910" lon="120.3003300">
    <ele>21.3</ele>
    <time>2026-08-31T07:12:07Z</time>
   </trkpt>
   <trkpt lat="22.7261910" lon="120.3003300">
    <ele>21.3</ele>
    <time>2026-08-31T07:12:08Z</time>
   </trkpt>
   <trkpt lat="22.7261950" lon="120.3003240">
    <ele>21.3</ele>
    <time>2026-08-31T07:12:09Z</time>
   </trkpt>
   <trkpt lat="22.7261980" lon="120.3003170">
    <ele>21.3</ele>
    <time>2026-08-31T07:12:10Z</time>
   </trkpt>
   <trkpt lat="22.7261980" lon="120.3003210">
    <ele>21.3</ele>
    <time>2026-08-31T07:12:11Z</time>
   </trkpt>
   <trkpt lat="22.7261930" lon="120.3003240">
    <ele>21.3</ele>
    <time>2026-08-31T07:12:12Z</time>
   </trkpt>
   <trkpt lat="22.7261940" lon="120.3003230">
    <ele>21.3</ele>
    <time>2026-08-31T07:12:13Z</time>
   </trkpt>
   <trkpt lat="22.7261940" lon="120.3003230">
    <ele>21.3</ele>
    <time>2026-08-31T07:12:14Z</time>
   </trkpt>
   <trkpt lat="22.7261940" lon="120.3003230">
    <ele>21.3</ele>
    <time>2026-08-31T07:12:15Z</time>
   </trkpt>
   <trkpt lat="22.7261940" lon="120.3003230">
    <ele>21.3</ele>
    <time>2026-08-31T07:12:16Z</time>
   </trkpt>
   <trkpt lat="22.7261940" lon="120.3003230">
    <ele>21.3</ele>
    <time>2026-08-31T07:12:17Z</time>
   </trkpt>
   <trkpt lat="22.7261940" lon="120.3003230">
    <ele>21.3</ele>
    <time>2026-08-31T07:12:18Z</time>
   </trkpt>
   <trkpt lat="22.7261940" lon="120.3003230">
    <ele>21.3</ele>
    <time>2026-08-31T07:12:19Z</time>
   </trkpt>
   <trkpt lat="22.7261940" lon="120.3003230">
    <ele>21.3</ele>
    <time>2026-08-31T07:12:20Z</time>
   </trkpt>
   <trkpt lat="22.7261940" lon="120.3003230">
    <ele>21.3</ele>
    <time>2026-08-31T07:12:21Z</time>
   </trkpt>
   <trkpt lat="22.7261940" lon="120.3003230">
    <ele>21.3</ele>
    <time>2026-08-31T07:12:22Z</time>
   </trkpt>
   <trkpt lat="22.7261940" lon="120.3003230">
    <ele>21.3</ele>
    <time>2026-08-31T07:12:23Z</time>
   </trkpt>
   <trkpt lat="22.7261940" lon="120.3003230">
    <ele>21.3</ele>
    <time>2026-08-31T07:12:24Z</time>
   </trkpt>
   <trkpt lat="22.7261940" lon="120.3003230">
    <ele>21.3</ele>
    <time>2026-08-31T07:12:26Z</time>
   </trkpt>
   <trkpt lat="22.7261930" lon="120.3003270">
    <ele>21.3</ele>
    <time>2026-08-31T07:12:27Z</time>
   </trkpt>
   <trkpt lat="22.7261940" lon="120.3003270">
    <ele>21.3</ele>
    <time>2026-08-31T07:12:28Z</time>
   </trkpt>
   <trkpt lat="22.7261920" lon="120.3003280">
    <ele>21.3</ele>
    <time>2026-08-31T07:12:29Z</time>
   </trkpt>
   <trkpt lat="22.7261920" lon="120.3003280">
    <ele>21.3</ele>
    <time>2026-08-31T07:12:30Z</time>
   </trkpt>
   <trkpt lat="22.7261900" lon="120.3003290">
    <ele>21.3</ele>
    <time>2026-08-31T07:12:31Z</time>
   </trkpt>
   <trkpt lat="22.7261900" lon="120.3003290">
    <ele>21.3</ele>
    <time>2026-08-31T07:12:32Z</time>
   </trkpt>
   <trkpt lat="22.7261900" lon="120.3003300">
    <ele>21.3</ele>
    <time>2026-08-31T07:12:33Z</time>
   </trkpt>
   <trkpt lat="22.7261900" lon="120.3003300">
    <ele>21.3</ele>
    <time>2026-08-31T07:12:34Z</time>
   </trkpt>
   <trkpt lat="22.7261900" lon="120.3003310">
    <ele>21.3</ele>
    <time>2026-08-31T07:12:35Z</time>
   </trkpt>
   <trkpt lat="22.7261910" lon="120.3003310">
    <ele>21.3</ele>
    <time>2026-08-31T07:12:36Z</time>
   </trkpt>
   <trkpt lat="22.7261910" lon="120.3003310">
    <ele>21.3</ele>
    <time>2026-08-31T07:12:37Z</time>
   </trkpt>
   <trkpt lat="22.7261920" lon="120.3003330">
    <ele>21.3</ele>
    <time>2026-08-31T07:12:38Z</time>
   </trkpt>
   <trkpt lat="22.7261920" lon="120.3003330">
    <ele>21.3</ele>
    <time>2026-08-31T07:12:39Z</time>
   </trkpt>
   <trkpt lat="22.7261920" lon="120.3003330">
    <ele>21.3</ele>
    <time>2026-08-31T07:12:40Z</time>
   </trkpt>
   <trkpt lat="22.7261920" lon="120.3003330">
    <ele>21.3</ele>
    <time>2026-08-31T07:12:41Z</time>
   </trkpt>
   <trkpt lat="22.7261920" lon="120.3003330">
    <ele>21.3</ele>
    <time>2026-08-31T07:12:42Z</time>
   </trkpt>
   <trkpt lat="22.7261920" lon="120.3003330">
    <ele>21.3</ele>
    <time>2026-08-31T07:12:43Z</time>
   </trkpt>
   <trkpt lat="22.7261920" lon="120.3003330">
    <ele>21.3</ele>
    <time>2026-08-31T07:12:44Z</time>
   </trkpt>
   <trkpt lat="22.7261920" lon="120.3003330">
    <ele>21.3</ele>
    <time>2026-08-31T07:12:45Z</time>
   </trkpt>
   <trkpt lat="22.7261920" lon="120.3003330">
    <ele>21.3</ele>
    <time>2026-08-31T07:12:46Z</time>
   </trkpt>
   <trkpt lat="22.7261920" lon="120.3003330">
    <ele>21.3</ele>
    <time>2026-08-31T07:12:47Z</time>
   </trkpt>
   <trkpt lat="22.7261860" lon="120.3003370">
    <ele>21.3</ele>
    <time>2026-08-31T07:12:48Z</time>
   </trkpt>
   <trkpt lat="22.7261870" lon="120.3003370">
    <ele>21.3</ele>
    <time>2026-08-31T07:12:49Z</time>
   </trkpt>
   <trkpt lat="22.7261880" lon="120.3003360">
    <ele>21.3</ele>
    <time>2026-08-31T07:12:50Z</time>
   </trkpt>
   <trkpt lat="22.7261890" lon="120.3003340">
    <ele>21.3</ele>
    <time>2026-08-31T07:12:51Z</time>
   </trkpt>
   <trkpt lat="22.7261840" lon="120.3003360">
    <ele>21.3</ele>
    <time>2026-08-31T07:12:52Z</time>
   </trkpt>
   <trkpt lat="22.7261850" lon="120.3003370">
    <ele>21.3</ele>
    <time>2026-08-31T07:12:53Z</time>
   </trkpt>
   <trkpt lat="22.7261870" lon="120.3003340">
    <ele>21.3</ele>
    <time>2026-08-31T07:12:54Z</time>
   </trkpt>
   <trkpt lat="22.7261870" lon="120.3003360">
    <ele>21.3</ele>
    <time>2026-08-31T07:12:55Z</time>
   </trkpt>
   <trkpt lat="22.7261870" lon="120.3003340">
    <ele>21.3</ele>
    <time>2026-08-31T07:12:56Z</time>
   </trkpt>
   <trkpt lat="22.7261880" lon="120.3003340">
    <ele>21.3</ele>
    <time>2026-08-31T07:12:57Z</time>
   </trkpt>
   <trkpt lat="22.7261880" lon="120.3003340">
    <ele>21.3</ele>
    <time>2026-08-31T07:12:58Z</time>
   </trkpt>
   <trkpt lat="22.7261880" lon="120.3003340">
    <ele>21.3</ele>
    <time>2026-08-31T07:12:59Z</time>
   </trkpt>
   <trkpt lat="22.7261880" lon="120.3003340">
    <ele>21.3</ele>
    <time>2026-08-31T07:13:00Z</time>
   </trkpt>
   <trkpt lat="22.7261880" lon="120.3003340">
    <ele>21.3</ele>
    <time>2026-08-31T07:13:01Z</time>
   </trkpt>
   <trkpt lat="22.7261880" lon="120.3003340">
    <ele>21.3</ele>
    <time>2026-08-31T07:13:02Z</time>
   </trkpt>
   <trkpt lat="22.7261880" lon="120.3003340">
    <ele>21.3</ele>
    <time>2026-08-31T07:13:03Z</time>
   </trkpt>
   <trkpt lat="22.7261880" lon="120.3003330">
    <ele>21.3</ele>
    <time>2026-08-31T07:13:04Z</time>
   </trkpt>
   <trkpt lat="22.7261880" lon="120.3003330">
    <ele>21.3</ele>
    <time>2026-08-31T07:13:05Z</time>
   </trkpt>
   <trkpt lat="22.7261880" lon="120.3003330">
    <ele>21.3</ele>
    <time>2026-08-31T07:13:06Z</time>
   </trkpt>
   <trkpt lat="22.7261940" lon="120.3003280">
    <ele>21.3</ele>
    <time>2026-08-31T07:13:07Z</time>
   </trkpt>
   <trkpt lat="22.7262000" lon="120.3003230">
    <ele>21.3</ele>
    <time>2026-08-31T07:13:08Z</time>
   </trkpt>
   <trkpt lat="22.7262100" lon="120.3003170">
    <ele>21.3</ele>
    <time>2026-08-31T07:13:09Z</time>
   </trkpt>
   <trkpt lat="22.7262240" lon="120.3003100">
    <ele>21.3</ele>
    <time>2026-08-31T07:13:10Z</time>
   </trkpt>
   <trkpt lat="22.7262400" lon="120.3003030">
    <ele>21.2</ele>
    <time>2026-08-31T07:13:11Z</time>
   </trkpt>
   <trkpt lat="22.7262590" lon="120.3002940">
    <ele>21.2</ele>
    <time>2026-08-31T07:13:12Z</time>
   </trkpt>
   <trkpt lat="22.7262820" lon="120.3002850">
    <ele>21.1</ele>
    <time>2026-08-31T07:13:13Z</time>
   </trkpt>
   <trkpt lat="22.7263300" lon="120.3002690">
    <ele>21.0</ele>
    <time>2026-08-31T07:13:14Z</time>
   </trkpt>
   <trkpt lat="22.7263710" lon="120.3002440">
    <ele>20.9</ele>
    <time>2026-08-31T07:13:15Z</time>
   </trkpt>
   <trkpt lat="22.7264050" lon="120.3002290">
    <ele>20.9</ele>
    <time>2026-08-31T07:13:16Z</time>
   </trkpt>
   <trkpt lat="22.7264430" lon="120.3002150">
    <ele>20.8</ele>
    <time>2026-08-31T07:13:17Z</time>
   </trkpt>
   <trkpt lat="22.7264780" lon="120.3002000">
    <ele>20.8</ele>
    <time>2026-08-31T07:13:18Z</time>
   </trkpt>
   <trkpt lat="22.7265140" lon="120.3001850">
    <ele>20.7</ele>
    <time>2026-08-31T07:13:19Z</time>
   </trkpt>
   <trkpt lat="22.7265510" lon="120.3001740">
    <ele>20.6</ele>
    <time>2026-08-31T07:13:20Z</time>
   </trkpt>
   <trkpt lat="22.7265870" lon="120.3001600">
    <ele>20.5</ele>
    <time>2026-08-31T07:13:21Z</time>
   </trkpt>
   <trkpt lat="22.7266220" lon="120.3001420">
    <ele>20.5</ele>
    <time>2026-08-31T07:13:22Z</time>
   </trkpt>
   <trkpt lat="22.7266510" lon="120.3001190">
    <ele>20.4</ele>
    <time>2026-08-31T07:13:23Z</time>
   </trkpt>
   <trkpt lat="22.7266860" lon="120.3000990">
    <ele>20.3</ele>
    <time>2026-08-31T07:13:24Z</time>
   </trkpt>
   <trkpt lat="22.7267260" lon="120.3000910">
    <ele>20.2</ele>
    <time>2026-08-31T07:13:25Z</time>
   </trkpt>
   <trkpt lat="22.7267540" lon="120.3000590">
    <ele>20.2</ele>
    <time>2026-08-31T07:13:26Z</time>
   </trkpt>
   <trkpt lat="22.7267880" lon="120.3000450">
    <ele>20.1</ele>
    <time>2026-08-31T07:13:27Z</time>
   </trkpt>
   <trkpt lat="22.7268240" lon="120.3000310">
    <ele>20.0</ele>
    <time>2026-08-31T07:13:28Z</time>
   </trkpt>
   <trkpt lat="22.7268670" lon="120.3000150">
    <ele>19.9</ele>
    <time>2026-08-31T07:13:29Z</time>
   </trkpt>
   <trkpt lat="22.7269120" lon="120.2999900">
    <ele>19.7</ele>
    <time>2026-08-31T07:13:30Z</time>
   </trkpt>
   <trkpt lat="22.7269530" lon="120.2999730">
    <ele>19.6</ele>
    <time>2026-08-31T07:13:31Z</time>
   </trkpt>
   <trkpt lat="22.7269940" lon="120.2999550">
    <ele>19.5</ele>
    <time>2026-08-31T07:13:32Z</time>
   </trkpt>
   <trkpt lat="22.7270360" lon="120.2999310">
    <ele>19.3</ele>
    <time>2026-08-31T07:13:33Z</time>
   </trkpt>
   <trkpt lat="22.7270740" lon="120.2999130">
    <ele>19.2</ele>
    <time>2026-08-31T07:13:34Z</time>
   </trkpt>
   <trkpt lat="22.7271170" lon="120.2998900">
    <ele>19.0</ele>
    <time>2026-08-31T07:13:35Z</time>
   </trkpt>
   <trkpt lat="22.7271580" lon="120.2998660">
    <ele>18.9</ele>
    <time>2026-08-31T07:13:36Z</time>
   </trkpt>
   <trkpt lat="22.7271980" lon="120.2998440">
    <ele>18.7</ele>
    <time>2026-08-31T07:13:37Z</time>
   </trkpt>
   <trkpt lat="22.7272540" lon="120.2997990">
    <ele>18.6</ele>
    <time>2026-08-31T07:13:38Z</time>
   </trkpt>
   <trkpt lat="22.7272740" lon="120.2997810">
    <ele>18.5</ele>
    <time>2026-08-31T07:13:39Z</time>
   </trkpt>
   <trkpt lat="22.7272980" lon="120.2997720">
    <ele>18.5</ele>
    <time>2026-08-31T07:13:40Z</time>
   </trkpt>
   <trkpt lat="22.7273130" lon="120.2997620">
    <ele>18.4</ele>
    <time>2026-08-31T07:13:41Z</time>
   </trkpt>
   <trkpt lat="22.7273250" lon="120.2997460">
    <ele>18.4</ele>
    <time>2026-08-31T07:13:42Z</time>
   </trkpt>
   <trkpt lat="22.7273350" lon="120.2997320">
    <ele>18.3</ele>
    <time>2026-08-31T07:13:43Z</time>
   </trkpt>
   <trkpt lat="22.7273420" lon="120.2997240">
    <ele>18.3</ele>
    <time>2026-08-31T07:13:44Z</time>
   </trkpt>
   <trkpt lat="22.7273450" lon="120.2997170">
    <ele>18.3</ele>
    <time>2026-08-31T07:13:45Z</time>
   </trkpt>
   <trkpt lat="22.7273500" lon="120.2997120">
    <ele>18.3</ele>
    <time>2026-08-31T07:13:46Z</time>
   </trkpt>
   <trkpt lat="22.7273650" lon="120.2997070">
    <ele>18.2</ele>
    <time>2026-08-31T07:13:47Z</time>
   </trkpt>
   <trkpt lat="22.7273710" lon="120.2996980">
    <ele>18.2</ele>
    <time>2026-08-31T07:13:48Z</time>
   </trkpt>
   <trkpt lat="22.7273830" lon="120.2996790">
    <ele>18.2</ele>
    <time>2026-08-31T07:13:49Z</time>
   </trkpt>
   <trkpt lat="22.7273910" lon="120.2996420">
    <ele>18.2</ele>
    <time>2026-08-31T07:13:50Z</time>
   </trkpt>
   <trkpt lat="22.7273850" lon="120.2995970">
    <ele>18.3</ele>
    <time>2026-08-31T07:13:51Z</time>
   </trkpt>
   <trkpt lat="22.7273680" lon="120.2995540">
    <ele>18.3</ele>
    <time>2026-08-31T07:13:52Z</time>
   </trkpt>
   <trkpt lat="22.7273430" lon="120.2995150">
    <ele>18.4</ele>
    <time>2026-08-31T07:13:53Z</time>
   </trkpt>
   <trkpt lat="22.7273130" lon="120.2994770">
    <ele>18.5</ele>
    <time>2026-08-31T07:13:54Z</time>
   </trkpt>
   <trkpt lat="22.7272800" lon="120.2994330">
    <ele>18.5</ele>
    <time>2026-08-31T07:13:55Z</time>
   </trkpt>
   <trkpt lat="22.7272490" lon="120.2993890">
    <ele>18.6</ele>
    <time>2026-08-31T07:13:56Z</time>
   </trkpt>
   <trkpt lat="22.7272180" lon="120.2993500">
    <ele>18.6</ele>
    <time>2026-08-31T07:13:57Z</time>
   </trkpt>
   <trkpt lat="22.7271940" lon="120.2993150">
    <ele>18.6</ele>
    <time>2026-08-31T07:13:58Z</time>
   </trkpt>
   <trkpt lat="22.7271720" lon="120.2992850">
    <ele>18.6</ele>
    <time>2026-08-31T07:13:59Z</time>
   </trkpt>
   <trkpt lat="22.7271540" lon="120.2992610">
    <ele>18.7</ele>
    <time>2026-08-31T07:14:00Z</time>
   </trkpt>
   <trkpt lat="22.7271390" lon="120.2992420">
    <ele>18.7</ele>
    <time>2026-08-31T07:14:01Z</time>
   </trkpt>
   <trkpt lat="22.7271350" lon="120.2992350">
    <ele>18.7</ele>
    <time>2026-08-31T07:14:02Z</time>
   </trkpt>
   <trkpt lat="22.7271290" lon="120.2992250">
    <ele>18.7</ele>
    <time>2026-08-31T07:14:03Z</time>
   </trkpt>
   <trkpt lat="22.7271190" lon="120.2992110">
    <ele>18.7</ele>
    <time>2026-08-31T07:14:04Z</time>
   </trkpt>
   <trkpt lat="22.7271060" lon="120.2991930">
    <ele>18.7</ele>
    <time>2026-08-31T07:14:05Z</time>
   </trkpt>
   <trkpt lat="22.7270840" lon="120.2991720">
    <ele>18.7</ele>
    <time>2026-08-31T07:14:06Z</time>
   </trkpt>
   <trkpt lat="22.7270530" lon="120.2991550">
    <ele>18.7</ele>
    <time>2026-08-31T07:14:07Z</time>
   </trkpt>
   <trkpt lat="22.7270140" lon="120.2991460">
    <ele>18.8</ele>
    <time>2026-08-31T07:14:08Z</time>
   </trkpt>
   <trkpt lat="22.7269680" lon="120.2991480">
    <ele>18.8</ele>
    <time>2026-08-31T07:14:09Z</time>
   </trkpt>
   <trkpt lat="22.7269210" lon="120.2991540">
    <ele>18.9</ele>
    <time>2026-08-31T07:14:10Z</time>
   </trkpt>
   <trkpt lat="22.7268680" lon="120.2991640">
    <ele>19.0</ele>
    <time>2026-08-31T07:14:11Z</time>
   </trkpt>
   <trkpt lat="22.7268080" lon="120.2991780">
    <ele>19.1</ele>
    <time>2026-08-31T07:14:12Z</time>
   </trkpt>
   <trkpt lat="22.7267440" lon="120.2991910">
    <ele>19.2</ele>
    <time>2026-08-31T07:14:13Z</time>
   </trkpt>
   <trkpt lat="22.7266760" lon="120.2992040">
    <ele>19.4</ele>
    <time>2026-08-31T07:14:14Z</time>
   </trkpt>
   <trkpt lat="22.7266050" lon="120.2992200">
    <ele>19.5</ele>
    <time>2026-08-31T07:14:15Z</time>
   </trkpt>
   <trkpt lat="22.7265310" lon="120.2992370">
    <ele>19.7</ele>
    <time>2026-08-31T07:14:16Z</time>
   </trkpt>
   <trkpt lat="22.7264570" lon="120.2992510">
    <ele>19.7</ele>
    <time>2026-08-31T07:14:17Z</time>
   </trkpt>
   <trkpt lat="22.7263840" lon="120.2992650">
    <ele>19.8</ele>
    <time>2026-08-31T07:14:18Z</time>
   </trkpt>
   <trkpt lat="22.7263100" lon="120.2992750">
    <ele>19.9</ele>
    <time>2026-08-31T07:14:19Z</time>
   </trkpt>
   <trkpt lat="22.7262350" lon="120.2992890">
    <ele>20.0</ele>
    <time>2026-08-31T07:14:20Z</time>
   </trkpt>
   <trkpt lat="22.7261640" lon="120.2993030">
    <ele>20.1</ele>
    <time>2026-08-31T07:14:21Z</time>
   </trkpt>
   <trkpt lat="22.7260910" lon="120.2993160">
    <ele>20.3</ele>
    <time>2026-08-31T07:14:22Z</time>
   </trkpt>
   <trkpt lat="22.7260260" lon="120.2993320">
    <ele>20.4</ele>
    <time>2026-08-31T07:14:23Z</time>
   </trkpt>
   <trkpt lat="22.7259690" lon="120.2993510">
    <ele>20.4</ele>
    <time>2026-08-31T07:14:24Z</time>
   </trkpt>
   <trkpt lat="22.7259200" lon="120.2993760">
    <ele>20.6</ele>
    <time>2026-08-31T07:14:25Z</time>
   </trkpt>
   <trkpt lat="22.7258770" lon="120.2994000">
    <ele>20.7</ele>
    <time>2026-08-31T07:14:26Z</time>
   </trkpt>
   <trkpt lat="22.7258440" lon="120.2994190">
    <ele>20.9</ele>
    <time>2026-08-31T07:14:27Z</time>
   </trkpt>
   <trkpt lat="22.7258190" lon="120.2994330">
    <ele>21.0</ele>
    <time>2026-08-31T07:14:28Z</time>
   </trkpt>
   <trkpt lat="22.7258040" lon="120.2994410">
    <ele>21.0</ele>
    <time>2026-08-31T07:14:29Z</time>
   </trkpt>
   <trkpt lat="22.7257870" lon="120.2994480">
    <ele>21.1</ele>
    <time>2026-08-31T07:14:30Z</time>
   </trkpt>
   <trkpt lat="22.7257680" lon="120.2994570">
    <ele>21.1</ele>
    <time>2026-08-31T07:14:31Z</time>
   </trkpt>
   <trkpt lat="22.7257400" lon="120.2994690">
    <ele>21.3</ele>
    <time>2026-08-31T07:14:32Z</time>
   </trkpt>
   <trkpt lat="22.7257040" lon="120.2994820">
    <ele>21.4</ele>
    <time>2026-08-31T07:14:33Z</time>
   </trkpt>
   <trkpt lat="22.7256640" lon="120.2994940">
    <ele>21.5</ele>
    <time>2026-08-31T07:14:34Z</time>
   </trkpt>
   <trkpt lat="22.7256210" lon="120.2994990">
    <ele>21.5</ele>
    <time>2026-08-31T07:14:35Z</time>
   </trkpt>
   <trkpt lat="22.7255790" lon="120.2995130">
    <ele>21.6</ele>
    <time>2026-08-31T07:14:36Z</time>
   </trkpt>
   <trkpt lat="22.7255370" lon="120.2995260">
    <ele>21.7</ele>
    <time>2026-08-31T07:14:37Z</time>
   </trkpt>
   <trkpt lat="22.7254990" lon="120.2995370">
    <ele>21.7</ele>
    <time>2026-08-31T07:14:38Z</time>
   </trkpt>
   <trkpt lat="22.7254680" lon="120.2995460">
    <ele>21.7</ele>
    <time>2026-08-31T07:14:39Z</time>
   </trkpt>
   <trkpt lat="22.7254480" lon="120.2995540">
    <ele>21.7</ele>
    <time>2026-08-31T07:14:40Z</time>
   </trkpt>
   <trkpt lat="22.7254530" lon="120.2995540">
    <ele>21.7</ele>
    <time>2026-08-31T07:14:41Z</time>
   </trkpt>
   <trkpt lat="22.7254500" lon="120.2995550">
    <ele>21.7</ele>
    <time>2026-08-31T07:14:42Z</time>
   </trkpt>
   <trkpt lat="22.7254440" lon="120.2995590">
    <ele>21.7</ele>
    <time>2026-08-31T07:14:43Z</time>
   </trkpt>
   <trkpt lat="22.7254370" lon="120.2995620">
    <ele>21.7</ele>
    <time>2026-08-31T07:14:45Z</time>
   </trkpt>
   <trkpt lat="22.7254300" lon="120.2995660">
    <ele>21.7</ele>
    <time>2026-08-31T07:14:46Z</time>
   </trkpt>
   <trkpt lat="22.7254260" lon="120.2995680">
    <ele>21.7</ele>
    <time>2026-08-31T07:14:47Z</time>
   </trkpt>
   <trkpt lat="22.7254270" lon="120.2995680">
    <ele>21.7</ele>
    <time>2026-08-31T07:14:48Z</time>
   </trkpt>
   <trkpt lat="22.7254270" lon="120.2995690">
    <ele>21.7</ele>
    <time>2026-08-31T07:14:49Z</time>
   </trkpt>
   <trkpt lat="22.7254260" lon="120.2995690">
    <ele>21.7</ele>
    <time>2026-08-31T07:14:50Z</time>
   </trkpt>
   <trkpt lat="22.7254270" lon="120.2995690">
    <ele>21.7</ele>
    <time>2026-08-31T07:14:51Z</time>
   </trkpt>
   <trkpt lat="22.7254270" lon="120.2995690">
    <ele>21.7</ele>
    <time>2026-08-31T07:14:52Z</time>
   </trkpt>
   <trkpt lat="22.7254270" lon="120.2995700">
    <ele>21.7</ele>
    <time>2026-08-31T07:14:53Z</time>
   </trkpt>
   <trkpt lat="22.7254270" lon="120.2995700">
    <ele>21.7</ele>
    <time>2026-08-31T07:14:54Z</time>
   </trkpt>
   <trkpt lat="22.7254260" lon="120.2995700">
    <ele>21.7</ele>
    <time>2026-08-31T07:14:55Z</time>
   </trkpt>
   <trkpt lat="22.7254260" lon="120.2995700">
    <ele>21.7</ele>
    <time>2026-08-31T07:14:56Z</time>
   </trkpt>
   <trkpt lat="22.7254260" lon="120.2995710">
    <ele>21.7</ele>
    <time>2026-08-31T07:14:57Z</time>
   </trkpt>
   <trkpt lat="22.7254260" lon="120.2995700">
    <ele>21.7</ele>
    <time>2026-08-31T07:14:58Z</time>
   </trkpt>
   <trkpt lat="22.7254260" lon="120.2995700">
    <ele>21.7</ele>
    <time>2026-08-31T07:14:59Z</time>
   </trkpt>
   <trkpt lat="22.7254260" lon="120.2995700">
    <ele>21.7</ele>
    <time>2026-08-31T07:15:00Z</time>
   </trkpt>
   <trkpt lat="22.7254270" lon="120.2995690">
    <ele>21.7</ele>
    <time>2026-08-31T07:15:01Z</time>
   </trkpt>
   <trkpt lat="22.7254260" lon="120.2995720">
    <ele>21.7</ele>
    <time>2026-08-31T07:15:02Z</time>
   </trkpt>
   <trkpt lat="22.7254260" lon="120.2995710">
    <ele>21.7</ele>
    <time>2026-08-31T07:15:03Z</time>
   </trkpt>
   <trkpt lat="22.7254260" lon="120.2995710">
    <ele>21.7</ele>
    <time>2026-08-31T07:15:04Z</time>
   </trkpt>
   <trkpt lat="22.7254270" lon="120.2995700">
    <ele>21.7</ele>
    <time>2026-08-31T07:15:05Z</time>
   </trkpt>
   <trkpt lat="22.7254280" lon="120.2995680">
    <ele>21.7</ele>
    <time>2026-08-31T07:15:06Z</time>
   </trkpt>
   <trkpt lat="22.7254280" lon="120.2995670">
    <ele>21.7</ele>
    <time>2026-08-31T07:15:07Z</time>
   </trkpt>
   <trkpt lat="22.7254270" lon="120.2995690">
    <ele>21.7</ele>
    <time>2026-08-31T07:15:08Z</time>
   </trkpt>
   <trkpt lat="22.7254280" lon="120.2995690">
    <ele>21.7</ele>
    <time>2026-08-31T07:15:09Z</time>
   </trkpt>
   <trkpt lat="22.7254280" lon="120.2995690">
    <ele>21.7</ele>
    <time>2026-08-31T07:15:10Z</time>
   </trkpt>
   <trkpt lat="22.7254280" lon="120.2995690">
    <ele>21.7</ele>
    <time>2026-08-31T07:15:11Z</time>
   </trkpt>
   <trkpt lat="22.7254280" lon="120.2995690">
    <ele>21.7</ele>
    <time>2026-08-31T07:15:12Z</time>
   </trkpt>
   <trkpt lat="22.7254280" lon="120.2995690">
    <ele>21.7</ele>
    <time>2026-08-31T07:15:13Z</time>
   </trkpt>
   <trkpt lat="22.7254280" lon="120.2995690">
    <ele>21.7</ele>
    <time>2026-08-31T07:15:14Z</time>
   </trkpt>
   <trkpt lat="22.7254310" lon="120.2995640">
    <ele>21.7</ele>
    <time>2026-08-31T07:15:15Z</time>
   </trkpt>
   <trkpt lat="22.7254310" lon="120.2995640">
    <ele>21.7</ele>
    <time>2026-08-31T07:15:16Z</time>
   </trkpt>
   <trkpt lat="22.7254310" lon="120.2995640">
    <ele>21.7</ele>
    <time>2026-08-31T07:15:17Z</time>
   </trkpt>
   <trkpt lat="22.7254310" lon="120.2995640">
    <ele>21.7</ele>
    <time>2026-08-31T07:15:18Z</time>
   </trkpt>
   <trkpt lat="22.7254310" lon="120.2995640">
    <ele>21.7</ele>
    <time>2026-08-31T07:15:19Z</time>
   </trkpt>
   <trkpt lat="22.7254310" lon="120.2995640">
    <ele>21.7</ele>
    <time>2026-08-31T07:15:20Z</time>
   </trkpt>
   <trkpt lat="22.7254310" lon="120.2995640">
    <ele>21.7</ele>
    <time>2026-08-31T07:15:21Z</time>
   </trkpt>
   <trkpt lat="22.7254310" lon="120.2995640">
    <ele>21.7</ele>
    <time>2026-08-31T07:15:22Z</time>
   </trkpt>
   <trkpt lat="22.7254310" lon="120.2995640">
    <ele>21.7</ele>
    <time>2026-08-31T07:15:23Z</time>
   </trkpt>
   <trkpt lat="22.7254300" lon="120.2995660">
    <ele>21.7</ele>
    <time>2026-08-31T07:15:24Z</time>
   </trkpt>
   <trkpt lat="22.7254300" lon="120.2995660">
    <ele>21.7</ele>
    <time>2026-08-31T07:15:25Z</time>
   </trkpt>
   <trkpt lat="22.7254300" lon="120.2995660">
    <ele>21.7</ele>
    <time>2026-08-31T07:15:26Z</time>
   </trkpt>
   <trkpt lat="22.7254300" lon="120.2995660">
    <ele>21.7</ele>
    <time>2026-08-31T07:15:27Z</time>
   </trkpt>
   <trkpt lat="22.7254300" lon="120.2995660">
    <ele>21.7</ele>
    <time>2026-08-31T07:15:28Z</time>
   </trkpt>
   <trkpt lat="22.7254300" lon="120.2995660">
    <ele>21.7</ele>
    <time>2026-08-31T07:15:29Z</time>
   </trkpt>
   <trkpt lat="22.7254300" lon="120.2995660">
    <ele>21.7</ele>
    <time>2026-08-31T07:15:30Z</time>
   </trkpt>
   <trkpt lat="22.7254240" lon="120.2995720">
    <ele>21.8</ele>
    <time>2026-08-31T07:15:31Z</time>
   </trkpt>
   <trkpt lat="22.7254240" lon="120.2995730">
    <ele>21.8</ele>
    <time>2026-08-31T07:15:32Z</time>
   </trkpt>
   <trkpt lat="22.7254240" lon="120.2995730">
    <ele>21.8</ele>
    <time>2026-08-31T07:15:33Z</time>
   </trkpt>
   <trkpt lat="22.7254240" lon="120.2995730">
    <ele>21.8</ele>
    <time>2026-08-31T07:15:34Z</time>
   </trkpt>
   <trkpt lat="22.7254240" lon="120.2995730">
    <ele>21.8</ele>
    <time>2026-08-31T07:15:35Z</time>
   </trkpt>
   <trkpt lat="22.7254240" lon="120.2995730">
    <ele>21.8</ele>
    <time>2026-08-31T07:15:36Z</time>
   </trkpt>
   <trkpt lat="22.7254240" lon="120.2995730">
    <ele>21.8</ele>
    <time>2026-08-31T07:15:37Z</time>
   </trkpt>
   <trkpt lat="22.7254270" lon="120.2995750">
    <ele>21.8</ele>
    <time>2026-08-31T07:15:38Z</time>
   </trkpt>
   <trkpt lat="22.7254270" lon="120.2995750">
    <ele>21.8</ele>
    <time>2026-08-31T07:15:39Z</time>
   </trkpt>
   <trkpt lat="22.7254280" lon="120.2995760">
    <ele>21.8</ele>
    <time>2026-08-31T07:15:40Z</time>
   </trkpt>
   <trkpt lat="22.7254280" lon="120.2995760">
    <ele>21.8</ele>
    <time>2026-08-31T07:15:41Z</time>
   </trkpt>
   <trkpt lat="22.7254280" lon="120.2995780">
    <ele>21.8</ele>
    <time>2026-08-31T07:15:42Z</time>
   </trkpt>
   <trkpt lat="22.7254280" lon="120.2995780">
    <ele>21.8</ele>
    <time>2026-08-31T07:15:43Z</time>
   </trkpt>
   <trkpt lat="22.7254280" lon="120.2995790">
    <ele>21.8</ele>
    <time>2026-08-31T07:15:44Z</time>
   </trkpt>
   <trkpt lat="22.7254270" lon="120.2995790">
    <ele>21.8</ele>
    <time>2026-08-31T07:15:45Z</time>
   </trkpt>
   <trkpt lat="22.7254270" lon="120.2995800">
    <ele>21.8</ele>
    <time>2026-08-31T07:15:46Z</time>
   </trkpt>
   <trkpt lat="22.7254270" lon="120.2995800">
    <ele>21.8</ele>
    <time>2026-08-31T07:15:47Z</time>
   </trkpt>
   <trkpt lat="22.7254270" lon="120.2995810">
    <ele>21.8</ele>
    <time>2026-08-31T07:15:48Z</time>
   </trkpt>
   <trkpt lat="22.7254270" lon="120.2995810">
    <ele>21.8</ele>
    <time>2026-08-31T07:15:49Z</time>
   </trkpt>
   <trkpt lat="22.7254270" lon="120.2995810">
    <ele>21.8</ele>
    <time>2026-08-31T07:15:50Z</time>
   </trkpt>
   <trkpt lat="22.7254270" lon="120.2995810">
    <ele>21.8</ele>
    <time>2026-08-31T07:15:51Z</time>
   </trkpt>
   <trkpt lat="22.7254270" lon="120.2995820">
    <ele>21.8</ele>
    <time>2026-08-31T07:15:52Z</time>
   </trkpt>
   <trkpt lat="22.7254270" lon="120.2995830">
    <ele>21.8</ele>
    <time>2026-08-31T07:15:53Z</time>
   </trkpt>
   <trkpt lat="22.7254270" lon="120.2995820">
    <ele>21.8</ele>
    <time>2026-08-31T07:15:54Z</time>
   </trkpt>
   <trkpt lat="22.7254260" lon="120.2995830">
    <ele>21.8</ele>
    <time>2026-08-31T07:15:55Z</time>
   </trkpt>
   <trkpt lat="22.7254260" lon="120.2995830">
    <ele>21.8</ele>
    <time>2026-08-31T07:15:56Z</time>
   </trkpt>
   <trkpt lat="22.7254270" lon="120.2995820">
    <ele>21.8</ele>
    <time>2026-08-31T07:15:57Z</time>
   </trkpt>
   <trkpt lat="22.7254260" lon="120.2995830">
    <ele>21.8</ele>
    <time>2026-08-31T07:15:58Z</time>
   </trkpt>
   <trkpt lat="22.7254260" lon="120.2995840">
    <ele>21.8</ele>
    <time>2026-08-31T07:15:59Z</time>
   </trkpt>
   <trkpt lat="22.7254260" lon="120.2995840">
    <ele>21.8</ele>
    <time>2026-08-31T07:16:00Z</time>
   </trkpt>
   <trkpt lat="22.7254260" lon="120.2995840">
    <ele>21.8</ele>
    <time>2026-08-31T07:16:01Z</time>
   </trkpt>
   <trkpt lat="22.7254210" lon="120.2995870">
    <ele>21.8</ele>
    <time>2026-08-31T07:16:02Z</time>
   </trkpt>
   <trkpt lat="22.7254090" lon="120.2995920">
    <ele>21.8</ele>
    <time>2026-08-31T07:16:03Z</time>
   </trkpt>
   <trkpt lat="22.7253880" lon="120.2996020">
    <ele>21.8</ele>
    <time>2026-08-31T07:16:04Z</time>
   </trkpt>
   <trkpt lat="22.7253610" lon="120.2996020">
    <ele>21.8</ele>
    <time>2026-08-31T07:16:05Z</time>
   </trkpt>
   <trkpt lat="22.7253280" lon="120.2996100">
    <ele>21.8</ele>
    <time>2026-08-31T07:16:06Z</time>
   </trkpt>
   <trkpt lat="22.7252940" lon="120.2996110">
    <ele>21.8</ele>
    <time>2026-08-31T07:16:07Z</time>
   </trkpt>
   <trkpt lat="22.7252630" lon="120.2995900">
    <ele>21.8</ele>
    <time>2026-08-31T07:16:08Z</time>
   </trkpt>
   <trkpt lat="22.7252300" lon="120.2995670">
    <ele>21.8</ele>
    <time>2026-08-31T07:16:09Z</time>
   </trkpt>
   <trkpt lat="22.7252080" lon="120.2995090">
    <ele>21.8</ele>
    <time>2026-08-31T07:16:10Z</time>
   </trkpt>
   <trkpt lat="22.7251900" lon="120.2994500">
    <ele>21.8</ele>
    <time>2026-08-31T07:16:11Z</time>
   </trkpt>
   <trkpt lat="22.7251580" lon="120.2993920">
    <ele>21.7</ele>
    <time>2026-08-31T07:16:12Z</time>
   </trkpt>
   <trkpt lat="22.7251260" lon="120.2993240">
    <ele>21.7</ele>
    <time>2026-08-31T07:16:13Z</time>
   </trkpt>
   <trkpt lat="22.7250860" lon="120.2992510">
    <ele>21.6</ele>
    <time>2026-08-31T07:16:14Z</time>
   </trkpt>
   <trkpt lat="22.7250460" lon="120.2991710">
    <ele>21.5</ele>
    <time>2026-08-31T07:16:15Z</time>
   </trkpt>
   <trkpt lat="22.7250080" lon="120.2990890">
    <ele>21.4</ele>
    <time>2026-08-31T07:16:16Z</time>
   </trkpt>
   <trkpt lat="22.7249690" lon="120.2990100">
    <ele>21.4</ele>
    <time>2026-08-31T07:16:17Z</time>
   </trkpt>
   <trkpt lat="22.7249330" lon="120.2989310">
    <ele>21.3</ele>
    <time>2026-08-31T07:16:18Z</time>
   </trkpt>
   <trkpt lat="22.7249010" lon="120.2988490">
    <ele>21.1</ele>
    <time>2026-08-31T07:16:19Z</time>
   </trkpt>
   <trkpt lat="22.7248680" lon="120.2987760">
    <ele>20.9</ele>
    <time>2026-08-31T07:16:20Z</time>
   </trkpt>
   <trkpt lat="22.7248360" lon="120.2987060">
    <ele>20.6</ele>
    <time>2026-08-31T07:16:21Z</time>
   </trkpt>
   <trkpt lat="22.7248020" lon="120.2986390">
    <ele>20.3</ele>
    <time>2026-08-31T07:16:22Z</time>
   </trkpt>
   <trkpt lat="22.7247690" lon="120.2985730">
    <ele>20.0</ele>
    <time>2026-08-31T07:16:23Z</time>
   </trkpt>
   <trkpt lat="22.7247410" lon="120.2985130">
    <ele>19.7</ele>
    <time>2026-08-31T07:16:24Z</time>
   </trkpt>
   <trkpt lat="22.7247100" lon="120.2984610">
    <ele>19.4</ele>
    <time>2026-08-31T07:16:25Z</time>
   </trkpt>
   <trkpt lat="22.7246860" lon="120.2984030">
    <ele>19.0</ele>
    <time>2026-08-31T07:16:26Z</time>
   </trkpt>
   <trkpt lat="22.7246570" lon="120.2983560">
    <ele>18.6</ele>
    <time>2026-08-31T07:16:27Z</time>
   </trkpt>
   <trkpt lat="22.7246360" lon="120.2983070">
    <ele>18.2</ele>
    <time>2026-08-31T07:16:28Z</time>
   </trkpt>
   <trkpt lat="22.7246150" lon="120.2982620">
    <ele>17.9</ele>
    <time>2026-08-31T07:16:29Z</time>
   </trkpt>
   <trkpt lat="22.7246010" lon="120.2982270">
    <ele>17.7</ele>
    <time>2026-08-31T07:16:30Z</time>
   </trkpt>
   <trkpt lat="22.7245840" lon="120.2982080">
    <ele>17.6</ele>
    <time>2026-08-31T07:16:31Z</time>
   </trkpt>
   <trkpt lat="22.7245810" lon="120.2981850">
    <ele>17.5</ele>
    <time>2026-08-31T07:16:32Z</time>
   </trkpt>
   <trkpt lat="22.7245720" lon="120.2981670">
    <ele>17.4</ele>
    <time>2026-08-31T07:16:33Z</time>
   </trkpt>
   <trkpt lat="22.7245640" lon="120.2981540">
    <ele>17.4</ele>
    <time>2026-08-31T07:16:34Z</time>
   </trkpt>
   <trkpt lat="22.7245560" lon="120.2981400">
    <ele>17.3</ele>
    <time>2026-08-31T07:16:35Z</time>
   </trkpt>
   <trkpt lat="22.7245510" lon="120.2981340">
    <ele>17.3</ele>
    <time>2026-08-31T07:16:36Z</time>
   </trkpt>
   <trkpt lat="22.7245510" lon="120.2981380">
    <ele>17.3</ele>
    <time>2026-08-31T07:16:37Z</time>
   </trkpt>
   <trkpt lat="22.7245490" lon="120.2981380">
    <ele>17.3</ele>
    <time>2026-08-31T07:16:38Z</time>
   </trkpt>
   <trkpt lat="22.7245490" lon="120.2981380">
    <ele>17.3</ele>
    <time>2026-08-31T07:16:39Z</time>
   </trkpt>
   <trkpt lat="22.7245490" lon="120.2981380">
    <ele>17.3</ele>
    <time>2026-08-31T07:16:40Z</time>
   </trkpt>
   <trkpt lat="22.7245490" lon="120.2981380">
    <ele>17.3</ele>
    <time>2026-08-31T07:16:41Z</time>
   </trkpt>
   <trkpt lat="22.7245490" lon="120.2981380">
    <ele>17.3</ele>
    <time>2026-08-31T07:16:42Z</time>
   </trkpt>
   <trkpt lat="22.7245490" lon="120.2981380">
    <ele>17.3</ele>
    <time>2026-08-31T07:16:43Z</time>
   </trkpt>
   <trkpt lat="22.7245390" lon="120.2981250">
    <ele>17.3</ele>
    <time>2026-08-31T07:16:44Z</time>
   </trkpt>
   <trkpt lat="22.7245290" lon="120.2981080">
    <ele>17.2</ele>
    <time>2026-08-31T07:16:45Z</time>
   </trkpt>
   <trkpt lat="22.7245150" lon="120.2980830">
    <ele>17.1</ele>
    <time>2026-08-31T07:16:46Z</time>
   </trkpt>
   <trkpt lat="22.7245010" lon="120.2980580">
    <ele>17.1</ele>
    <time>2026-08-31T07:16:47Z</time>
   </trkpt>
   <trkpt lat="22.7244840" lon="120.2980290">
    <ele>17.1</ele>
    <time>2026-08-31T07:16:48Z</time>
   </trkpt>
   <trkpt lat="22.7244660" lon="120.2979910">
    <ele>17.0</ele>
    <time>2026-08-31T07:16:49Z</time>
   </trkpt>
   <trkpt lat="22.7244480" lon="120.2979520">
    <ele>16.9</ele>
    <time>2026-08-31T07:16:50Z</time>
   </trkpt>
   <trkpt lat="22.7244310" lon="120.2979140">
    <ele>16.9</ele>
    <time>2026-08-31T07:16:51Z</time>
   </trkpt>
   <trkpt lat="22.7244130" lon="120.2978770">
    <ele>16.8</ele>
    <time>2026-08-31T07:16:52Z</time>
   </trkpt>
   <trkpt lat="22.7243950" lon="120.2978410">
    <ele>16.7</ele>
    <time>2026-08-31T07:16:53Z</time>
   </trkpt>
   <trkpt lat="22.7243780" lon="120.2978050">
    <ele>16.7</ele>
    <time>2026-08-31T07:16:54Z</time>
   </trkpt>
   <trkpt lat="22.7243660" lon="120.2977770">
    <ele>16.6</ele>
    <time>2026-08-31T07:16:55Z</time>
   </trkpt>
   <trkpt lat="22.7243560" lon="120.2977520">
    <ele>16.6</ele>
    <time>2026-08-31T07:16:56Z</time>
   </trkpt>
   <trkpt lat="22.7243460" lon="120.2977310">
    <ele>16.5</ele>
    <time>2026-08-31T07:16:57Z</time>
   </trkpt>
   <trkpt lat="22.7243390" lon="120.2977160">
    <ele>16.5</ele>
    <time>2026-08-31T07:16:58Z</time>
   </trkpt>
   <trkpt lat="22.7243330" lon="120.2977060">
    <ele>16.5</ele>
    <time>2026-08-31T07:16:59Z</time>
   </trkpt>
   <trkpt lat="22.7243300" lon="120.2976980">
    <ele>16.5</ele>
    <time>2026-08-31T07:17:00Z</time>
   </trkpt>
   <trkpt lat="22.7243250" lon="120.2976960">
    <ele>16.5</ele>
    <time>2026-08-31T07:17:01Z</time>
   </trkpt>
   <trkpt lat="22.7243230" lon="120.2976970">
    <ele>16.5</ele>
    <time>2026-08-31T07:17:02Z</time>
   </trkpt>
   <trkpt lat="22.7243230" lon="120.2976960">
    <ele>16.5</ele>
    <time>2026-08-31T07:17:03Z</time>
   </trkpt>
   <trkpt lat="22.7243220" lon="120.2976940">
    <ele>16.5</ele>
    <time>2026-08-31T07:17:04Z</time>
   </trkpt>
   <trkpt lat="22.7243220" lon="120.2976950">
    <ele>16.5</ele>
    <time>2026-08-31T07:17:05Z</time>
   </trkpt>
   <trkpt lat="22.7243220" lon="120.2976920">
    <ele>16.5</ele>
    <time>2026-08-31T07:17:06Z</time>
   </trkpt>
   <trkpt lat="22.7243230" lon="120.2976900">
    <ele>16.5</ele>
    <time>2026-08-31T07:17:07Z</time>
   </trkpt>
   <trkpt lat="22.7243220" lon="120.2976920">
    <ele>16.4</ele>
    <time>2026-08-31T07:17:08Z</time>
   </trkpt>
   <trkpt lat="22.7243210" lon="120.2976930">
    <ele>16.4</ele>
    <time>2026-08-31T07:17:09Z</time>
   </trkpt>
   <trkpt lat="22.7243200" lon="120.2976930">
    <ele>16.4</ele>
    <time>2026-08-31T07:17:10Z</time>
   </trkpt>
   <trkpt lat="22.7243190" lon="120.2976930">
    <ele>16.4</ele>
    <time>2026-08-31T07:17:11Z</time>
   </trkpt>
   <trkpt lat="22.7243190" lon="120.2976940">
    <ele>16.4</ele>
    <time>2026-08-31T07:17:12Z</time>
   </trkpt>
   <trkpt lat="22.7243180" lon="120.2976940">
    <ele>16.4</ele>
    <time>2026-08-31T07:17:13Z</time>
   </trkpt>
   <trkpt lat="22.7243180" lon="120.2976940">
    <ele>16.4</ele>
    <time>2026-08-31T07:17:14Z</time>
   </trkpt>
   <trkpt lat="22.7243160" lon="120.2976940">
    <ele>16.4</ele>
    <time>2026-08-31T07:17:15Z</time>
   </trkpt>
   <trkpt lat="22.7243170" lon="120.2976960">
    <ele>16.4</ele>
    <time>2026-08-31T07:17:16Z</time>
   </trkpt>
   <trkpt lat="22.7243150" lon="120.2976960">
    <ele>16.4</ele>
    <time>2026-08-31T07:17:17Z</time>
   </trkpt>
   <trkpt lat="22.7243150" lon="120.2976960">
    <ele>16.4</ele>
    <time>2026-08-31T07:17:18Z</time>
   </trkpt>
   <trkpt lat="22.7243140" lon="120.2976950">
    <ele>16.4</ele>
    <time>2026-08-31T07:17:19Z</time>
   </trkpt>
   <trkpt lat="22.7243120" lon="120.2976950">
    <ele>16.4</ele>
    <time>2026-08-31T07:17:20Z</time>
   </trkpt>
   <trkpt lat="22.7243120" lon="120.2976950">
    <ele>16.4</ele>
    <time>2026-08-31T07:17:21Z</time>
   </trkpt>
   <trkpt lat="22.7243120" lon="120.2976930">
    <ele>16.4</ele>
    <time>2026-08-31T07:17:22Z</time>
   </trkpt>
   <trkpt lat="22.7243110" lon="120.2976930">
    <ele>16.4</ele>
    <time>2026-08-31T07:17:23Z</time>
   </trkpt>
   <trkpt lat="22.7243110" lon="120.2976930">
    <ele>16.4</ele>
    <time>2026-08-31T07:17:24Z</time>
   </trkpt>
   <trkpt lat="22.7243110" lon="120.2976930">
    <ele>16.4</ele>
    <time>2026-08-31T07:17:25Z</time>
   </trkpt>
   <trkpt lat="22.7243080" lon="120.2976930">
    <ele>16.4</ele>
    <time>2026-08-31T07:17:26Z</time>
   </trkpt>
   <trkpt lat="22.7243050" lon="120.2976870">
    <ele>16.4</ele>
    <time>2026-08-31T07:17:27Z</time>
   </trkpt>
   <trkpt lat="22.7243070" lon="120.2976800">
    <ele>16.4</ele>
    <time>2026-08-31T07:17:28Z</time>
   </trkpt>
   <trkpt lat="22.7242970" lon="120.2976550">
    <ele>16.4</ele>
    <time>2026-08-31T07:17:29Z</time>
   </trkpt>
   <trkpt lat="22.7242920" lon="120.2976340">
    <ele>16.3</ele>
    <time>2026-08-31T07:17:30Z</time>
   </trkpt>
   <trkpt lat="22.7242890" lon="120.2976110">
    <ele>16.3</ele>
    <time>2026-08-31T07:17:31Z</time>
   </trkpt>
   <trkpt lat="22.7242840" lon="120.2975920">
    <ele>16.3</ele>
    <time>2026-08-31T07:17:32Z</time>
   </trkpt>
   <trkpt lat="22.7242740" lon="120.2975620">
    <ele>16.2</ele>
    <time>2026-08-31T07:17:33Z</time>
   </trkpt>
   <trkpt lat="22.7242670" lon="120.2975210">
    <ele>16.2</ele>
    <time>2026-08-31T07:17:34Z</time>
   </trkpt>
   <trkpt lat="22.7242420" lon="120.2974950">
    <ele>16.1</ele>
    <time>2026-08-31T07:17:35Z</time>
   </trkpt>
   <trkpt lat="22.7242250" lon="120.2974350">
    <ele>16.0</ele>
    <time>2026-08-31T07:17:36Z</time>
   </trkpt>
   <trkpt lat="22.7242010" lon="120.2973940">
    <ele>15.9</ele>
    <time>2026-08-31T07:17:37Z</time>
   </trkpt>
   <trkpt lat="22.7241830" lon="120.2973360">
    <ele>15.7</ele>
    <time>2026-08-31T07:17:38Z</time>
   </trkpt>
   <trkpt lat="22.7241530" lon="120.2972750">
    <ele>15.7</ele>
    <time>2026-08-31T07:17:39Z</time>
   </trkpt>
   <trkpt lat="22.7241250" lon="120.2972090">
    <ele>15.7</ele>
    <time>2026-08-31T07:17:40Z</time>
   </trkpt>
   <trkpt lat="22.7240960" lon="120.2971380">
    <ele>15.6</ele>
    <time>2026-08-31T07:17:41Z</time>
   </trkpt>
   <trkpt lat="22.7240670" lon="120.2970650">
    <ele>15.6</ele>
    <time>2026-08-31T07:17:42Z</time>
   </trkpt>
   <trkpt lat="22.7240400" lon="120.2969900">
    <ele>15.5</ele>
    <time>2026-08-31T07:17:43Z</time>
   </trkpt>
   <trkpt lat="22.7240090" lon="120.2969110">
    <ele>15.4</ele>
    <time>2026-08-31T07:17:44Z</time>
   </trkpt>
   <trkpt lat="22.7239790" lon="120.2968290">
    <ele>15.4</ele>
    <time>2026-08-31T07:17:45Z</time>
   </trkpt>
   <trkpt lat="22.7239510" lon="120.2967470">
    <ele>15.3</ele>
    <time>2026-08-31T07:17:46Z</time>
   </trkpt>
   <trkpt lat="22.7239210" lon="120.2966660">
    <ele>15.2</ele>
    <time>2026-08-31T07:17:47Z</time>
   </trkpt>
   <trkpt lat="22.7238920" lon="120.2965870">
    <ele>15.2</ele>
    <time>2026-08-31T07:17:48Z</time>
   </trkpt>
   <trkpt lat="22.7238660" lon="120.2965130">
    <ele>15.0</ele>
    <time>2026-08-31T07:17:49Z</time>
   </trkpt>
   <trkpt lat="22.7238430" lon="120.2964400">
    <ele>14.8</ele>
    <time>2026-08-31T07:17:50Z</time>
   </trkpt>
   <trkpt lat="22.7238210" lon="120.2963710">
    <ele>14.6</ele>
    <time>2026-08-31T07:17:51Z</time>
   </trkpt>
   <trkpt lat="22.7238010" lon="120.2963100">
    <ele>14.5</ele>
    <time>2026-08-31T07:17:52Z</time>
   </trkpt>
   <trkpt lat="22.7237790" lon="120.2962480">
    <ele>14.3</ele>
    <time>2026-08-31T07:17:53Z</time>
   </trkpt>
   <trkpt lat="22.7237580" lon="120.2961880">
    <ele>14.2</ele>
    <time>2026-08-31T07:17:54Z</time>
   </trkpt>
   <trkpt lat="22.7237350" lon="120.2961260">
    <ele>14.0</ele>
    <time>2026-08-31T07:17:55Z</time>
   </trkpt>
   <trkpt lat="22.7237160" lon="120.2960640">
    <ele>13.9</ele>
    <time>2026-08-31T07:17:56Z</time>
   </trkpt>
   <trkpt lat="22.7236980" lon="120.2960060">
    <ele>13.8</ele>
    <time>2026-08-31T07:17:57Z</time>
   </trkpt>
   <trkpt lat="22.7236820" lon="120.2959510">
    <ele>13.7</ele>
    <time>2026-08-31T07:17:58Z</time>
   </trkpt>
   <trkpt lat="22.7236650" lon="120.2959010">
    <ele>13.6</ele>
    <time>2026-08-31T07:17:59Z</time>
   </trkpt>
   <trkpt lat="22.7236500" lon="120.2958560">
    <ele>13.6</ele>
    <time>2026-08-31T07:18:00Z</time>
   </trkpt>
   <trkpt lat="22.7236380" lon="120.2958180">
    <ele>13.6</ele>
    <time>2026-08-31T07:18:01Z</time>
   </trkpt>
   <trkpt lat="22.7236260" lon="120.2957870">
    <ele>13.5</ele>
    <time>2026-08-31T07:18:02Z</time>
   </trkpt>
   <trkpt lat="22.7236180" lon="120.2957620">
    <ele>13.5</ele>
    <time>2026-08-31T07:18:03Z</time>
   </trkpt>
   <trkpt lat="22.7236120" lon="120.2957450">
    <ele>13.4</ele>
    <time>2026-08-31T07:18:04Z</time>
   </trkpt>
   <trkpt lat="22.7236070" lon="120.2957290">
    <ele>13.4</ele>
    <time>2026-08-31T07:18:05Z</time>
   </trkpt>
   <trkpt lat="22.7236010" lon="120.2957080">
    <ele>13.4</ele>
    <time>2026-08-31T07:18:06Z</time>
   </trkpt>
   <trkpt lat="22.7235920" lon="120.2956820">
    <ele>13.3</ele>
    <time>2026-08-31T07:18:07Z</time>
   </trkpt>
   <trkpt lat="22.7235810" lon="120.2956440">
    <ele>13.3</ele>
    <time>2026-08-31T07:18:08Z</time>
   </trkpt>
   <trkpt lat="22.7235700" lon="120.2956060">
    <ele>13.2</ele>
    <time>2026-08-31T07:18:09Z</time>
   </trkpt>
   <trkpt lat="22.7235580" lon="120.2955680">
    <ele>13.1</ele>
    <time>2026-08-31T07:18:10Z</time>
   </trkpt>
   <trkpt lat="22.7235440" lon="120.2955260">
    <ele>13.1</ele>
    <time>2026-08-31T07:18:11Z</time>
   </trkpt>
   <trkpt lat="22.7235290" lon="120.2954780">
    <ele>12.9</ele>
    <time>2026-08-31T07:18:12Z</time>
   </trkpt>
   <trkpt lat="22.7235130" lon="120.2954200">
    <ele>12.8</ele>
    <time>2026-08-31T07:18:13Z</time>
   </trkpt>
   <trkpt lat="22.7234960" lon="120.2953590">
    <ele>12.6</ele>
    <time>2026-08-31T07:18:14Z</time>
   </trkpt>
   <trkpt lat="22.7234820" lon="120.2952930">
    <ele>12.5</ele>
    <time>2026-08-31T07:18:15Z</time>
   </trkpt>
   <trkpt lat="22.7234710" lon="120.2952210">
    <ele>12.3</ele>
    <time>2026-08-31T07:18:16Z</time>
   </trkpt>
   <trkpt lat="22.7234630" lon="120.2951440">
    <ele>12.2</ele>
    <time>2026-08-31T07:18:17Z</time>
   </trkpt>
   <trkpt lat="22.7234560" lon="120.2950620">
    <ele>12.0</ele>
    <time>2026-08-31T07:18:18Z</time>
   </trkpt>
   <trkpt lat="22.7234470" lon="120.2949750">
    <ele>11.9</ele>
    <time>2026-08-31T07:18:19Z</time>
   </trkpt>
   <trkpt lat="22.7234370" lon="120.2948890">
    <ele>11.7</ele>
    <time>2026-08-31T07:18:20Z</time>
   </trkpt>
   <trkpt lat="22.7234270" lon="120.2948020">
    <ele>11.5</ele>
    <time>2026-08-31T07:18:21Z</time>
   </trkpt>
   <trkpt lat="22.7234160" lon="120.2947250">
    <ele>11.4</ele>
    <time>2026-08-31T07:18:22Z</time>
   </trkpt>
   <trkpt lat="22.7234070" lon="120.2946520">
    <ele>11.3</ele>
    <time>2026-08-31T07:18:23Z</time>
   </trkpt>
   <trkpt lat="22.7234030" lon="120.2945790">
    <ele>11.2</ele>
    <time>2026-08-31T07:18:24Z</time>
   </trkpt>
   <trkpt lat="22.7234000" lon="120.2945060">
    <ele>11.1</ele>
    <time>2026-08-31T07:18:25Z</time>
   </trkpt>
   <trkpt lat="22.7233990" lon="120.2944370">
    <ele>11.1</ele>
    <time>2026-08-31T07:18:26Z</time>
   </trkpt>
   <trkpt lat="22.7234100" lon="120.2943680">
    <ele>11.1</ele>
    <time>2026-08-31T07:18:27Z</time>
   </trkpt>
   <trkpt lat="22.7234280" lon="120.2942950">
    <ele>11.1</ele>
    <time>2026-08-31T07:18:28Z</time>
   </trkpt>
   <trkpt lat="22.7234660" lon="120.2942120">
    <ele>11.2</ele>
    <time>2026-08-31T07:18:29Z</time>
   </trkpt>
   <trkpt lat="22.7235030" lon="120.2941310">
    <ele>11.2</ele>
    <time>2026-08-31T07:18:30Z</time>
   </trkpt>
   <trkpt lat="22.7235370" lon="120.2940420">
    <ele>11.3</ele>
    <time>2026-08-31T07:18:31Z</time>
   </trkpt>
   <trkpt lat="22.7235590" lon="120.2939490">
    <ele>11.3</ele>
    <time>2026-08-31T07:18:32Z</time>
   </trkpt>
   <trkpt lat="22.7235910" lon="120.2938680">
    <ele>11.3</ele>
    <time>2026-08-31T07:18:33Z</time>
   </trkpt>
   <trkpt lat="22.7236190" lon="120.2938050">
    <ele>11.3</ele>
    <time>2026-08-31T07:18:34Z</time>
   </trkpt>
   <trkpt lat="22.7236390" lon="120.2937680">
    <ele>11.3</ele>
    <time>2026-08-31T07:18:35Z</time>
   </trkpt>
   <trkpt lat="22.7236500" lon="120.2937450">
    <ele>11.4</ele>
    <time>2026-08-31T07:18:36Z</time>
   </trkpt>
   <trkpt lat="22.7236670" lon="120.2937180">
    <ele>11.4</ele>
    <time>2026-08-31T07:18:37Z</time>
   </trkpt>
   <trkpt lat="22.7236790" lon="120.2936890">
    <ele>11.4</ele>
    <time>2026-08-31T07:18:38Z</time>
   </trkpt>
   <trkpt lat="22.7236890" lon="120.2936400">
    <ele>11.4</ele>
    <time>2026-08-31T07:18:39Z</time>
   </trkpt>
   <trkpt lat="22.7236960" lon="120.2935840">
    <ele>11.4</ele>
    <time>2026-08-31T07:18:40Z</time>
   </trkpt>
   <trkpt lat="22.7237100" lon="120.2935140">
    <ele>11.3</ele>
    <time>2026-08-31T07:18:41Z</time>
   </trkpt>
   <trkpt lat="22.7237310" lon="120.2934380">
    <ele>11.3</ele>
    <time>2026-08-31T07:18:42Z</time>
   </trkpt>
   <trkpt lat="22.7237540" lon="120.2933520">
    <ele>11.3</ele>
    <time>2026-08-31T07:18:43Z</time>
   </trkpt>
   <trkpt lat="22.7237860" lon="120.2932660">
    <ele>11.3</ele>
    <time>2026-08-31T07:18:44Z</time>
   </trkpt>
   <trkpt lat="22.7238150" lon="120.2931780">
    <ele>11.4</ele>
    <time>2026-08-31T07:18:45Z</time>
   </trkpt>
   <trkpt lat="22.7238390" lon="120.2930850">
    <ele>11.4</ele>
    <time>2026-08-31T07:18:46Z</time>
   </trkpt>
   <trkpt lat="22.7238550" lon="120.2929940">
    <ele>11.4</ele>
    <time>2026-08-31T07:18:47Z</time>
   </trkpt>
   <trkpt lat="22.7238790" lon="120.2928970">
    <ele>11.4</ele>
    <time>2026-08-31T07:18:48Z</time>
   </trkpt>
   <trkpt lat="22.7239060" lon="120.2927980">
    <ele>11.4</ele>
    <time>2026-08-31T07:18:49Z</time>
   </trkpt>
   <trkpt lat="22.7239260" lon="120.2927020">
    <ele>11.4</ele>
    <time>2026-08-31T07:18:50Z</time>
   </trkpt>
   <trkpt lat="22.7239470" lon="120.2926060">
    <ele>11.4</ele>
    <time>2026-08-31T07:18:51Z</time>
   </trkpt>
   <trkpt lat="22.7239640" lon="120.2925110">
    <ele>11.4</ele>
    <time>2026-08-31T07:18:52Z</time>
   </trkpt>
   <trkpt lat="22.7239820" lon="120.2924170">
    <ele>11.3</ele>
    <time>2026-08-31T07:18:53Z</time>
   </trkpt>
   <trkpt lat="22.7240000" lon="120.2923230">
    <ele>11.3</ele>
    <time>2026-08-31T07:18:54Z</time>
   </trkpt>
   <trkpt lat="22.7240150" lon="120.2922310">
    <ele>11.2</ele>
    <time>2026-08-31T07:18:55Z</time>
   </trkpt>
   <trkpt lat="22.7240310" lon="120.2921480">
    <ele>11.2</ele>
    <time>2026-08-31T07:18:56Z</time>
   </trkpt>
   <trkpt lat="22.7240440" lon="120.2920730">
    <ele>11.2</ele>
    <time>2026-08-31T07:18:57Z</time>
   </trkpt>
   <trkpt lat="22.7240550" lon="120.2920040">
    <ele>11.2</ele>
    <time>2026-08-31T07:18:58Z</time>
   </trkpt>
   <trkpt lat="22.7240660" lon="120.2919360">
    <ele>11.1</ele>
    <time>2026-08-31T07:18:59Z</time>
   </trkpt>
   <trkpt lat="22.7240750" lon="120.2918720">
    <ele>11.1</ele>
    <time>2026-08-31T07:19:00Z</time>
   </trkpt>
   <trkpt lat="22.7240780" lon="120.2918100">
    <ele>11.1</ele>
    <time>2026-08-31T07:19:01Z</time>
   </trkpt>
   <trkpt lat="22.7240800" lon="120.2917530">
    <ele>11.1</ele>
    <time>2026-08-31T07:19:02Z</time>
   </trkpt>
   <trkpt lat="22.7240790" lon="120.2917040">
    <ele>11.0</ele>
    <time>2026-08-31T07:19:03Z</time>
   </trkpt>
   <trkpt lat="22.7240810" lon="120.2916650">
    <ele>11.0</ele>
    <time>2026-08-31T07:19:04Z</time>
   </trkpt>
   <trkpt lat="22.7240810" lon="120.2916320">
    <ele>11.0</ele>
    <time>2026-08-31T07:19:05Z</time>
   </trkpt>
   <trkpt lat="22.7240840" lon="120.2916060">
    <ele>11.0</ele>
    <time>2026-08-31T07:19:06Z</time>
   </trkpt>
   <trkpt lat="22.7240820" lon="120.2915860">
    <ele>11.0</ele>
    <time>2026-08-31T07:19:07Z</time>
   </trkpt>
   <trkpt lat="22.7240880" lon="120.2915680">
    <ele>11.0</ele>
    <time>2026-08-31T07:19:08Z</time>
   </trkpt>
   <trkpt lat="22.7240900" lon="120.2915630">
    <ele>11.0</ele>
    <time>2026-08-31T07:19:09Z</time>
   </trkpt>
   <trkpt lat="22.7240930" lon="120.2915590">
    <ele>11.0</ele>
    <time>2026-08-31T07:19:10Z</time>
   </trkpt>
  </trkseg>
 </trk>
</gpx>
