<?xml version="1.0" encoding="UTF-8"?>
<gpx creator="StravaGPX" version="1.1" xmlns="http://www.topografix.com/GPX/1/1" xmlns:xsi="http://www.w3.org/2001/XMLSchema-instance" xsi:schemaLocation="http://www.topografix.com/GPX/1/1 http://www.topografix.com/GPX/1/1/gpx.xsd">
 <metadata>
  <time>2026-07-26T09:16:10Z</time>
 </metadata>
 <trk>
  <name>午後步行</name>
  <type>walking</type>
  <trkseg>
   <trkpt lat="22.7282560" lon="120.3098790">
    <ele>15.6</ele>
    <time>2026-07-26T09:16:10Z</time>
   </trkpt>
   <trkpt lat="22.7282560" lon="120.3098790">
    <ele>15.6</ele>
    <time>2026-07-26T09:16:12Z</time>
   </trkpt>
   <trkpt lat="22.7283260" lon="120.3098520">
    <ele>15.6</ele>
    <time>2026-07-26T09:16:13Z</time>
   </trkpt>
   <trkpt lat="22.7283500" lon="120.3098350">
    <ele>15.6</ele>
    <time>2026-07-26T09:16:14Z</time>
   </trkpt>
   <trkpt lat="22.7283700" lon="120.3098540">
    <ele>15.5</ele>
    <time>2026-07-26T09:16:15Z</time>
   </trkpt>
   <trkpt lat="22.7283700" lon="120.3098540">
    <ele>15.5</ele>
    <time>2026-07-26T09:16:16Z</time>
   </trkpt>
   <trkpt lat="22.7283700" lon="120.3098540">
    <ele>15.5</ele>
    <time>2026-07-26T09:16:17Z</time>
   </trkpt>
   <trkpt lat="22.7283700" lon="120.3098540">
    <ele>15.5</ele>
    <time>2026-07-26T09:16:18Z</time>
   </trkpt>
   <trkpt lat="22.7283700" lon="120.3098540">
    <ele>15.5</ele>
    <time>2026-07-26T09:16:19Z</time>
   </trkpt>
   <trkpt lat="22.7283700" lon="120.3098540">
    <ele>15.5</ele>
    <time>2026-07-26T09:16:20Z</time>
   </trkpt>
   <trkpt lat="22.7283700" lon="120.3098540">
    <ele>15.5</ele>
    <time>2026-07-26T09:16:21Z</time>
   </trkpt>
   <trkpt lat="22.7283700" lon="120.3098540">
    <ele>15.5</ele>
    <time>2026-07-26T09:16:22Z</time>
   </trkpt>
   <trkpt lat="22.7283700" lon="120.3098540">
    <ele>15.5</ele>
    <time>2026-07-26T09:16:23Z</time>
   </trkpt>
   <trkpt lat="22.7283700" lon="120.3098540">
    <ele>15.5</ele>
    <time>2026-07-26T09:16:24Z</time>
   </trkpt>
   <trkpt lat="22.7283700" lon="120.3098540">
    <ele>15.5</ele>
    <time>2026-07-26T09:16:25Z</time>
   </trkpt>
   <trkpt lat="22.7283700" lon="120.3098540">
    <ele>15.5</ele>
    <time>2026-07-26T09:16:26Z</time>
   </trkpt>
   <trkpt lat="22.7283780" lon="120.3098190">
    <ele>15.5</ele>
    <time>2026-07-26T09:16:27Z</time>
   </trkpt>
   <trkpt lat="22.7283780" lon="120.3098190">
    <ele>15.5</ele>
    <time>2026-07-26T09:16:28Z</time>
   </trkpt>
   <trkpt lat="22.7283780" lon="120.3098190">
    <ele>15.5</ele>
    <time>2026-07-26T09:16:29Z</time>
   </trkpt>
   <trkpt lat="22.7283780" lon="120.3098190">
    <ele>15.5</ele>
    <time>2026-07-26T09:16:30Z</time>
   </trkpt>
   <trkpt lat="22.7283870" lon="120.3097830">
    <ele>15.5</ele>
    <time>2026-07-26T09:16:31Z</time>
   </trkpt>
   <trkpt lat="22.7283890" lon="120.3097760">
    <ele>15.5</ele>
    <time>2026-07-26T09:16:32Z</time>
   </trkpt>
   <trkpt lat="22.7283900" lon="120.3097720">
    <ele>15.5</ele>
    <time>2026-07-26T09:16:33Z</time>
   </trkpt>
   <trkpt lat="22.7283910" lon="120.3097670">
    <ele>15.5</ele>
    <time>2026-07-26T09:16:34Z</time>
   </trkpt>
   <trkpt lat="22.7283920" lon="120.3097630">
    <ele>15.5</ele>
    <time>2026-07-26T09:16:35Z</time>
   </trkpt>
   <trkpt lat="22.7283930" lon="120.3097580">
    <ele>15.5</ele>
    <time>2026-07-26T09:16:36Z</time>
   </trkpt>
   <trkpt lat="22.7283940" lon="120.3097530">
    <ele>15.5</ele>
    <time>2026-07-26T09:16:37Z</time>
   </trkpt>
   <trkpt lat="22.7283950" lon="120.3097490">
    <ele>15.5</ele>
    <time>2026-07-26T09:16:38Z</time>
   </trkpt>
   <trkpt lat="22.7283970" lon="120.3097440">
    <ele>15.5</ele>
    <time>2026-07-26T09:16:39Z</time>
   </trkpt>
   <trkpt lat="22.7283980" lon="120.3097400">
    <ele>15.5</ele>
    <time>2026-07-26T09:16:40Z</time>
   </trkpt>
   <trkpt lat="22.7283990" lon="120.3097350">
    <ele>15.5</ele>
    <time>2026-07-26T09:16:41Z</time>
   </trkpt>
   <trkpt lat="22.7284000" lon="120.3097310">
    <ele>15.5</ele>
    <time>2026-07-26T09:16:42Z</time>
   </trkpt>
   <trkpt lat="22.7284010" lon="120.3097260">
    <ele>15.5</ele>
    <time>2026-07-26T09:16:43Z</time>
   </trkpt>
   <trkpt lat="22.7283950" lon="120.3097250">
    <ele>15.5</ele>
    <time>2026-07-26T09:16:44Z</time>
   </trkpt>
   <trkpt lat="22.7283920" lon="120.3097250">
    <ele>15.5</ele>
    <time>2026-07-26T09:16:45Z</time>
   </trkpt>
   <trkpt lat="22.7283840" lon="120.3097330">
    <ele>15.5</ele>
    <time>2026-07-26T09:16:46Z</time>
   </trkpt>
   <trkpt lat="22.7283790" lon="120.3097350">
    <ele>15.5</ele>
    <time>2026-07-26T09:16:47Z</time>
   </trkpt>
   <trkpt lat="22.7283790" lon="120.3097360">
    <ele>15.5</ele>
    <time>2026-07-26T09:16:48Z</time>
   </trkpt>
   <trkpt lat="22.7283800" lon="120.3097300">
    <ele>15.5</ele>
    <time>2026-07-26T09:16:49Z</time>
   </trkpt>
   <trkpt lat="22.7283780" lon="120.3097270">
    <ele>15.5</ele>
    <time>2026-07-26T09:16:50Z</time>
   </trkpt>
   <trkpt lat="22.7283790" lon="120.3097250">
    <ele>15.5</ele>
    <time>2026-07-26T09:16:51Z</time>
   </trkpt>
   <trkpt lat="22.7283780" lon="120.3097190">
    <ele>15.5</ele>
    <time>2026-07-26T09:16:52Z</time>
   </trkpt>
   <trkpt lat="22.7283850" lon="120.3097110">
    <ele>15.5</ele>
    <time>2026-07-26T09:16:53Z</time>
   </trkpt>
   <trkpt lat="22.7283410" lon="120.3097000">
    <ele>15.5</ele>
    <time>2026-07-26T09:16:54Z</time>
   </trkpt>
   <trkpt lat="22.7283420" lon="120.3096910">
    <ele>15.5</ele>
    <time>2026-07-26T09:16:55Z</time>
   </trkpt>
   <trkpt lat="22.7283490" lon="120.3096830">
    <ele>15.5</ele>
    <time>2026-07-26T09:16:56Z</time>
   </trkpt>
   <trkpt lat="22.7283670" lon="120.3096830">
    <ele>15.4</ele>
    <time>2026-07-26T09:16:57Z</time>
   </trkpt>
   <trkpt lat="22.7283780" lon="120.3096710">
    <ele>15.4</ele>
    <time>2026-07-26T09:16:58Z</time>
   </trkpt>
   <trkpt lat="22.7284010" lon="120.3096650">
    <ele>15.4</ele>
    <time>2026-07-26T09:16:59Z</time>
   </trkpt>
   <trkpt lat="22.7284210" lon="120.3096730">
    <ele>15.4</ele>
    <time>2026-07-26T09:17:00Z</time>
   </trkpt>
   <trkpt lat="22.7284320" lon="120.3096750">
    <ele>15.4</ele>
    <time>2026-07-26T09:17:01Z</time>
   </trkpt>
   <trkpt lat="22.7284450" lon="120.3096660">
    <ele>15.4</ele>
    <time>2026-07-26T09:17:02Z</time>
   </trkpt>
   <trkpt lat="22.7284610" lon="120.3096730">
    <ele>15.4</ele>
    <time>2026-07-26T09:17:03Z</time>
   </trkpt>
   <trkpt lat="22.7284680" lon="120.3096670">
    <ele>15.4</ele>
    <time>2026-07-26T09:17:04Z</time>
   </trkpt>
   <trkpt lat="22.7284710" lon="120.3096560">
    <ele>15.4</ele>
    <time>2026-07-26T09:17:05Z</time>
   </trkpt>
   <trkpt lat="22.7284720" lon="120.3096500">
    <ele>15.4</ele>
    <time>2026-07-26T09:17:06Z</time>
   </trkpt>
   <trkpt lat="22.7284660" lon="120.3096490">
    <ele>15.4</ele>
    <time>2026-07-26T09:17:07Z</time>
   </trkpt>
   <trkpt lat="22.7284660" lon="120.3096480">
    <ele>15.4</ele>
    <time>2026-07-26T09:17:08Z</time>
   </trkpt>
   <trkpt lat="22.7284570" lon="120.3096390">
    <ele>15.4</ele>
    <time>2026-07-26T09:17:09Z</time>
   </trkpt>
   <trkpt lat="22.7284500" lon="120.3096360">
    <ele>15.4</ele>
    <time>2026-07-26T09:17:10Z</time>
   </trkpt>
   <trkpt lat="22.7284430" lon="120.3096300">
    <ele>15.4</ele>
    <time>2026-07-26T09:17:11Z</time>
   </trkpt>
   <trkpt lat="22.7284490" lon="120.3096250">
    <ele>15.4</ele>
    <time>2026-07-26T09:17:12Z</time>
   </trkpt>
   <trkpt lat="22.7284620" lon="120.3096220">
    <ele>15.4</ele>
    <time>2026-07-26T09:17:13Z</time>
   </trkpt>
   <trkpt lat="22.7284630" lon="120.3096100">
    <ele>15.4</ele>
    <time>2026-07-26T09:17:14Z</time>
   </trkpt>
   <trkpt lat="22.7284650" lon="120.3096100">
    <ele>15.4</ele>
    <time>2026-07-26T09:17:15Z</time>
   </trkpt>
   <trkpt lat="22.7284660" lon="120.3096150">
    <ele>15.4</ele>
    <time>2026-07-26T09:17:16Z</time>
   </trkpt>
   <trkpt lat="22.7284580" lon="120.3096080">
    <ele>15.4</ele>
    <time>2026-07-26T09:17:17Z</time>
   </trkpt>
   <trkpt lat="22.7284550" lon="120.3096060">
    <ele>15.4</ele>
    <time>2026-07-26T09:17:18Z</time>
   </trkpt>
   <trkpt lat="22.7284510" lon="120.3096020">
    <ele>15.4</ele>
    <time>2026-07-26T09:17:19Z</time>
   </trkpt>
   <trkpt lat="22.7284500" lon="120.3095950">
    <ele>15.4</ele>
    <time>2026-07-26T09:17:20Z</time>
   </trkpt>
   <trkpt lat="22.7284510" lon="120.3095920">
    <ele>15.4</ele>
    <time>2026-07-26T09:17:21Z</time>
   </trkpt>
   <trkpt lat="22.7284600" lon="120.3095820">
    <ele>15.3</ele>
    <time>2026-07-26T09:17:22Z</time>
   </trkpt>
   <trkpt lat="22.7284700" lon="120.3095860">
    <ele>15.3</ele>
    <time>2026-07-26T09:17:23Z</time>
   </trkpt>
   <trkpt lat="22.7284760" lon="120.3095910">
    <ele>15.3</ele>
    <time>2026-07-26T09:17:24Z</time>
   </trkpt>
   <trkpt lat="22.7284890" lon="120.3095940">
    <ele>15.3</ele>
    <time>2026-07-26T09:17:25Z</time>
   </trkpt>
   <trkpt lat="22.7284950" lon="120.3095970">
    <ele>15.3</ele>
    <time>2026-07-26T09:17:26Z</time>
   </trkpt>
   <trkpt lat="22.7284990" lon="120.3095940">
    <ele>15.3</ele>
    <time>2026-07-26T09:17:27Z</time>
   </trkpt>
   <trkpt lat="22.7284920" lon="120.3095960">
    <ele>15.3</ele>
    <time>2026-07-26T09:17:28Z</time>
   </trkpt>
   <trkpt lat="22.7284840" lon="120.3095910">
    <ele>15.3</ele>
    <time>2026-07-26T09:17:29Z</time>
   </trkpt>
   <trkpt lat="22.7284750" lon="120.3095860">
    <ele>15.3</ele>
    <time>2026-07-26T09:17:30Z</time>
   </trkpt>
   <trkpt lat="22.7284710" lon="120.3095780">
    <ele>15.3</ele>
    <time>2026-07-26T09:17:31Z</time>
   </trkpt>
   <trkpt lat="22.7284710" lon="120.3095800">
    <ele>15.3</ele>
    <time>2026-07-26T09:17:32Z</time>
   </trkpt>
   <trkpt lat="22.7284700" lon="120.3095770">
    <ele>15.3</ele>
    <time>2026-07-26T09:17:33Z</time>
   </trkpt>
   <trkpt lat="22.7284680" lon="120.3095760">
    <ele>15.3</ele>
    <time>2026-07-26T09:17:34Z</time>
   </trkpt>
   <trkpt lat="22.7284650" lon="120.3095730">
    <ele>15.3</ele>
    <time>2026-07-26T09:17:35Z</time>
   </trkpt>
   <trkpt lat="22.7284630" lon="120.3095690">
    <ele>15.3</ele>
    <time>2026-07-26T09:17:36Z</time>
   </trkpt>
   <trkpt lat="22.7284590" lon="120.3095640">
    <ele>15.3</ele>
    <time>2026-07-26T09:17:37Z</time>
   </trkpt>
   <trkpt lat="22.7284580" lon="120.3095610">
    <ele>15.3</ele>
    <time>2026-07-26T09:17:38Z</time>
   </trkpt>
   <trkpt lat="22.7284650" lon="120.3095460">
    <ele>15.3</ele>
    <time>2026-07-26T09:17:39Z</time>
   </trkpt>
   <trkpt lat="22.7284690" lon="120.3095380">
    <ele>15.3</ele>
    <time>2026-07-26T09:17:40Z</time>
   </trkpt>
   <trkpt lat="22.7284780" lon="120.3095350">
    <ele>15.2</ele>
    <time>2026-07-26T09:17:41Z</time>
   </trkpt>
   <trkpt lat="22.7284880" lon="120.3095280">
    <ele>15.2</ele>
    <time>2026-07-26T09:17:42Z</time>
   </trkpt>
   <trkpt lat="22.7284840" lon="120.3095310">
    <ele>15.2</ele>
    <time>2026-07-26T09:17:43Z</time>
   </trkpt>
   <trkpt lat="22.7284840" lon="120.3095320">
    <ele>15.2</ele>
    <time>2026-07-26T09:17:44Z</time>
   </trkpt>
   <trkpt lat="22.7284830" lon="120.3095330">
    <ele>15.2</ele>
    <time>2026-07-26T09:17:45Z</time>
   </trkpt>
   <trkpt lat="22.7284770" lon="120.3095330">
    <ele>15.2</ele>
    <time>2026-07-26T09:17:46Z</time>
   </trkpt>
   <trkpt lat="22.7284770" lon="120.3095310">
    <ele>15.2</ele>
    <time>2026-07-26T09:17:47Z</time>
   </trkpt>
   <trkpt lat="22.7284910" lon="120.3095220">
    <ele>15.2</ele>
    <time>2026-07-26T09:17:48Z</time>
   </trkpt>
   <trkpt lat="22.7285010" lon="120.3095150">
    <ele>15.2</ele>
    <time>2026-07-26T09:17:49Z</time>
   </trkpt>
   <trkpt lat="22.7285140" lon="120.3095150">
    <ele>15.2</ele>
    <time>2026-07-26T09:17:50Z</time>
   </trkpt>
   <trkpt lat="22.7285280" lon="120.3095140">
    <ele>15.2</ele>
    <time>2026-07-26T09:17:51Z</time>
   </trkpt>
   <trkpt lat="22.7285380" lon="120.3095140">
    <ele>15.2</ele>
    <time>2026-07-26T09:17:52Z</time>
   </trkpt>
   <trkpt lat="22.7285440" lon="120.3095140">
    <ele>15.1</ele>
    <time>2026-07-26T09:17:53Z</time>
   </trkpt>
   <trkpt lat="22.7285530" lon="120.3095080">
    <ele>15.1</ele>
    <time>2026-07-26T09:17:54Z</time>
   </trkpt>
   <trkpt lat="22.7285650" lon="120.3095140">
    <ele>15.1</ele>
    <time>2026-07-26T09:17:55Z</time>
   </trkpt>
   <trkpt lat="22.7285780" lon="120.3095100">
    <ele>15.1</ele>
    <time>2026-07-26T09:17:56Z</time>
   </trkpt>
   <trkpt lat="22.7285960" lon="120.3095120">
    <ele>15.1</ele>
    <time>2026-07-26T09:17:57Z</time>
   </trkpt>
   <trkpt lat="22.7286050" lon="120.3095190">
    <ele>15.1</ele>
    <time>2026-07-26T09:17:58Z</time>
   </trkpt>
   <trkpt lat="22.7286070" lon="120.3095240">
    <ele>15.1</ele>
    <time>2026-07-26T09:17:59Z</time>
   </trkpt>
   <trkpt lat="22.7286050" lon="120.3095310">
    <ele>15.1</ele>
    <time>2026-07-26T09:18:00Z</time>
   </trkpt>
   <trkpt lat="22.7286170" lon="120.3095260">
    <ele>15.1</ele>
    <time>2026-07-26T09:18:01Z</time>
   </trkpt>
   <trkpt lat="22.7286170" lon="120.3095200">
    <ele>15.1</ele>
    <time>2026-07-26T09:18:02Z</time>
   </trkpt>
   <trkpt lat="22.7286210" lon="120.3095240">
    <ele>15.0</ele>
    <time>2026-07-26T09:18:03Z</time>
   </trkpt>
   <trkpt lat="22.7286110" lon="120.3095240">
    <ele>15.0</ele>
    <time>2026-07-26T09:18:04Z</time>
   </trkpt>
   <trkpt lat="22.7286120" lon="120.3095180">
    <ele>15.0</ele>
    <time>2026-07-26T09:18:05Z</time>
   </trkpt>
   <trkpt lat="22.7286050" lon="120.3095140">
    <ele>15.0</ele>
    <time>2026-07-26T09:18:06Z</time>
   </trkpt>
   <trkpt lat="22.7286000" lon="120.3095060">
    <ele>15.0</ele>
    <time>2026-07-26T09:18:07Z</time>
   </trkpt>
   <trkpt lat="22.7285950" lon="120.3095030">
    <ele>15.0</ele>
    <time>2026-07-26T09:18:08Z</time>
   </trkpt>
   <trkpt lat="22.7285900" lon="120.3095050">
    <ele>15.0</ele>
    <time>2026-07-26T09:18:09Z</time>
   </trkpt>
   <trkpt lat="22.7286010" lon="120.3095070">
    <ele>15.0</ele>
    <time>2026-07-26T09:18:10Z</time>
   </trkpt>
   <trkpt lat="22.7286060" lon="120.3095060">
    <ele>15.0</ele>
    <time>2026-07-26T09:18:11Z</time>
   </trkpt>
   <trkpt lat="22.7286170" lon="120.3095060">
    <ele>15.0</ele>
    <time>2026-07-26T09:18:12Z</time>
   </trkpt>
   <trkpt lat="22.7286310" lon="120.3095150">
    <ele>15.0</ele>
    <time>2026-07-26T09:18:13Z</time>
   </trkpt>
   <trkpt lat="22.7286480" lon="120.3095230">
    <ele>14.9</ele>
    <time>2026-07-26T09:18:14Z</time>
   </trkpt>
   <trkpt lat="22.7286620" lon="120.3095210">
    <ele>14.9</ele>
    <time>2026-07-26T09:18:15Z</time>
   </trkpt>
   <trkpt lat="22.7286670" lon="120.3095280">
    <ele>14.9</ele>
    <time>2026-07-26T09:18:16Z</time>
   </trkpt>
   <trkpt lat="22.7286620" lon="120.3095340">
    <ele>14.9</ele>
    <time>2026-07-26T09:18:17Z</time>
   </trkpt>
   <trkpt lat="22.7286630" lon="120.3095310">
    <ele>14.9</ele>
    <time>2026-07-26T09:18:18Z</time>
   </trkpt>
   <trkpt lat="22.7286570" lon="120.3095240">
    <ele>14.9</ele>
    <time>2026-07-26T09:18:19Z</time>
   </trkpt>
   <trkpt lat="22.7286530" lon="120.3095200">
    <ele>14.9</ele>
    <time>2026-07-26T09:18:20Z</time>
   </trkpt>
   <trkpt lat="22.7286560" lon="120.3095160">
    <ele>14.9</ele>
    <time>2026-07-26T09:18:21Z</time>
   </trkpt>
   <trkpt lat="22.7286640" lon="120.3095150">
    <ele>14.9</ele>
    <time>2026-07-26T09:18:22Z</time>
   </trkpt>
   <trkpt lat="22.7286560" lon="120.3095110">
    <ele>14.9</ele>
    <time>2026-07-26T09:18:23Z</time>
   </trkpt>
   <trkpt lat="22.7286530" lon="120.3095060">
    <ele>14.9</ele>
    <time>2026-07-26T09:18:24Z</time>
   </trkpt>
   <trkpt lat="22.7286480" lon="120.3094990">
    <ele>14.9</ele>
    <time>2026-07-26T09:18:25Z</time>
   </trkpt>
   <trkpt lat="22.7286480" lon="120.3094860">
    <ele>14.9</ele>
    <time>2026-07-26T09:18:26Z</time>
   </trkpt>
   <trkpt lat="22.7286510" lon="120.3094800">
    <ele>14.8</ele>
    <time>2026-07-26T09:18:27Z</time>
   </trkpt>
   <trkpt lat="22.7286750" lon="120.3094910">
    <ele>14.8</ele>
    <time>2026-07-26T09:18:28Z</time>
   </trkpt>
   <trkpt lat="22.7287000" lon="120.3095030">
    <ele>14.8</ele>
    <time>2026-07-26T09:18:29Z</time>
   </trkpt>
   <trkpt lat="22.7287040" lon="120.3094990">
    <ele>14.8</ele>
    <time>2026-07-26T09:18:30Z</time>
   </trkpt>
   <trkpt lat="22.7287230" lon="120.3095160">
    <ele>14.8</ele>
    <time>2026-07-26T09:18:31Z</time>
   </trkpt>
   <trkpt lat="22.7287400" lon="120.3095310">
    <ele>14.7</ele>
    <time>2026-07-26T09:18:32Z</time>
   </trkpt>
   <trkpt lat="22.7287600" lon="120.3095380">
    <ele>14.7</ele>
    <time>2026-07-26T09:18:33Z</time>
   </trkpt>
   <trkpt lat="22.7287730" lon="120.3095520">
    <ele>14.7</ele>
    <time>2026-07-26T09:18:34Z</time>
   </trkpt>
   <trkpt lat="22.7287930" lon="120.3095730">
    <ele>14.8</ele>
    <time>2026-07-26T09:18:35Z</time>
   </trkpt>
   <trkpt lat="22.7288050" lon="120.3095860">
    <ele>14.8</ele>
    <time>2026-07-26T09:18:36Z</time>
   </trkpt>
   <trkpt lat="22.7288180" lon="120.3095990">
    <ele>14.8</ele>
    <time>2026-07-26T09:18:37Z</time>
   </trkpt>
   <trkpt lat="22.7288280" lon="120.3096090">
    <ele>14.8</ele>
    <time>2026-07-26T09:18:38Z</time>
   </trkpt>
   <trkpt lat="22.7288320" lon="120.3096230">
    <ele>14.8</ele>
    <time>2026-07-26T09:18:39Z</time>
   </trkpt>
   <trkpt lat="22.7288420" lon="120.3096250">
    <ele>14.8</ele>
    <time>2026-07-26T09:18:40Z</time>
   </trkpt>
   <trkpt lat="22.7288440" lon="120.3096340">
    <ele>14.8</ele>
    <time>2026-07-26T09:18:41Z</time>
   </trkpt>
   <trkpt lat="22.7288510" lon="120.3096400">
    <ele>14.8</ele>
    <time>2026-07-26T09:18:42Z</time>
   </trkpt>
   <trkpt lat="22.7288600" lon="120.3096530">
    <ele>14.8</ele>
    <time>2026-07-26T09:18:43Z</time>
   </trkpt>
   <trkpt lat="22.7288680" lon="120.3096740">
    <ele>14.9</ele>
    <time>2026-07-26T09:18:44Z</time>
   </trkpt>
   <trkpt lat="22.7288680" lon="120.3096900">
    <ele>14.9</ele>
    <time>2026-07-26T09:18:45Z</time>
   </trkpt>
   <trkpt lat="22.7288700" lon="120.3097030">
    <ele>14.9</ele>
    <time>2026-07-26T09:18:46Z</time>
   </trkpt>
   <trkpt lat="22.7288650" lon="120.3097090">
    <ele>14.9</ele>
    <time>2026-07-26T09:18:47Z</time>
   </trkpt>
   <trkpt lat="22.7288540" lon="120.3097140">
    <ele>14.9</ele>
    <time>2026-07-26T09:18:48Z</time>
   </trkpt>
   <trkpt lat="22.7288430" lon="120.3097070">
    <ele>14.9</ele>
    <time>2026-07-26T09:18:49Z</time>
   </trkpt>
   <trkpt lat="22.7288390" lon="120.3097020">
    <ele>14.9</ele>
    <time>2026-07-26T09:18:50Z</time>
   </trkpt>
   <trkpt lat="22.7288480" lon="120.3097020">
    <ele>14.9</ele>
    <time>2026-07-26T09:18:51Z</time>
   </trkpt>
   <trkpt lat="22.7288430" lon="120.3097070">
    <ele>14.9</ele>
    <time>2026-07-26T09:18:52Z</time>
   </trkpt>
   <trkpt lat="22.7288450" lon="120.3097100">
    <ele>14.9</ele>
    <time>2026-07-26T09:18:53Z</time>
   </trkpt>
   <trkpt lat="22.7288540" lon="120.3097130">
    <ele>14.9</ele>
    <time>2026-07-26T09:18:54Z</time>
   </trkpt>
   <trkpt lat="22.7288560" lon="120.3097040">
    <ele>15.0</ele>
    <time>2026-07-26T09:18:55Z</time>
   </trkpt>
   <trkpt lat="22.7288550" lon="120.3096990">
    <ele>15.0</ele>
    <time>2026-07-26T09:18:56Z</time>
   </trkpt>
   <trkpt lat="22.7288710" lon="120.3096980">
    <ele>15.0</ele>
    <time>2026-07-26T09:18:57Z</time>
   </trkpt>
   <trkpt lat="22.7288750" lon="120.3097050">
    <ele>15.0</ele>
    <time>2026-07-26T09:18:58Z</time>
   </trkpt>
   <trkpt lat="22.7288790" lon="120.3097160">
    <ele>15.0</ele>
    <time>2026-07-26T09:18:59Z</time>
   </trkpt>
   <trkpt lat="22.7288820" lon="120.3097280">
    <ele>15.0</ele>
    <time>2026-07-26T09:19:00Z</time>
   </trkpt>
   <trkpt lat="22.7288860" lon="120.3097380">
    <ele>15.0</ele>
    <time>2026-07-26T09:19:01Z</time>
   </trkpt>
   <trkpt lat="22.7288740" lon="120.3097380">
    <ele>15.0</ele>
    <time>2026-07-26T09:19:02Z</time>
   </trkpt>
   <trkpt lat="22.7288590" lon="120.3097420">
    <ele>15.0</ele>
    <time>2026-07-26T09:19:03Z</time>
   </trkpt>
   <trkpt lat="22.7288590" lon="120.3097390">
    <ele>15.0</ele>
    <time>2026-07-26T09:19:04Z</time>
   </trkpt>
   <trkpt lat="22.7288600" lon="120.3097380">
    <ele>15.0</ele>
    <time>2026-07-26T09:19:05Z</time>
   </trkpt>
   <trkpt lat="22.7288630" lon="120.3097350">
    <ele>15.0</ele>
    <time>2026-07-26T09:19:06Z</time>
   </trkpt>
   <trkpt lat="22.7288660" lon="120.3097310">
    <ele>15.0</ele>
    <time>2026-07-26T09:19:07Z</time>
   </trkpt>
   <trkpt lat="22.7288690" lon="120.3097270">
    <ele>15.0</ele>
    <time>2026-07-26T09:19:08Z</time>
   </trkpt>
   <trkpt lat="22.7288770" lon="120.3097280">
    <ele>15.1</ele>
    <time>2026-07-26T09:19:09Z</time>
   </trkpt>
   <trkpt lat="22.7288880" lon="120.3097450">
    <ele>15.1</ele>
    <time>2026-07-26T09:19:10Z</time>
   </trkpt>
   <trkpt lat="22.7288950" lon="120.3097530">
    <ele>15.1</ele>
    <time>2026-07-26T09:19:11Z</time>
   </trkpt>
   <trkpt lat="22.7288950" lon="120.3097570">
    <ele>15.1</ele>
    <time>2026-07-26T09:19:12Z</time>
   </trkpt>
   <trkpt lat="22.7288870" lon="120.3097670">
    <ele>15.1</ele>
    <time>2026-07-26T09:19:13Z</time>
   </trkpt>
   <trkpt lat="22.7288970" lon="120.3097710">
    <ele>15.1</ele>
    <time>2026-07-26T09:19:14Z</time>
   </trkpt>
   <trkpt lat="22.7288900" lon="120.3097740">
    <ele>15.1</ele>
    <time>2026-07-26T09:19:15Z</time>
   </trkpt>
   <trkpt lat="22.7288890" lon="120.3097750">
    <ele>15.1</ele>
    <time>2026-07-26T09:19:16Z</time>
   </trkpt>
   <trkpt lat="22.7288880" lon="120.3097770">
    <ele>15.1</ele>
    <time>2026-07-26T09:19:17Z</time>
   </trkpt>
   <trkpt lat="22.7288890" lon="120.3097820">
    <ele>15.1</ele>
    <time>2026-07-26T09:19:18Z</time>
   </trkpt>
   <trkpt lat="22.7288890" lon="120.3097810">
    <ele>15.1</ele>
    <time>2026-07-26T09:19:19Z</time>
   </trkpt>
   <trkpt lat="22.7288870" lon="120.3097770">
    <ele>15.1</ele>
    <time>2026-07-26T09:19:20Z</time>
   </trkpt>
   <trkpt lat="22.7288850" lon="120.3097780">
    <ele>15.1</ele>
    <time>2026-07-26T09:19:21Z</time>
   </trkpt>
   <trkpt lat="22.7288800" lon="120.3097840">
    <ele>15.1</ele>
    <time>2026-07-26T09:19:22Z</time>
   </trkpt>
   <trkpt lat="22.7288790" lon="120.3097840">
    <ele>15.1</ele>
    <time>2026-07-26T09:19:23Z</time>
   </trkpt>
   <trkpt lat="22.7288880" lon="120.3097860">
    <ele>15.1</ele>
    <time>2026-07-26T09:19:24Z</time>
   </trkpt>
   <trkpt lat="22.7288870" lon="120.3097810">
    <ele>15.1</ele>
    <time>2026-07-26T09:19:25Z</time>
   </trkpt>
   <trkpt lat="22.7288890" lon="120.3097780">
    <ele>15.1</ele>
    <time>2026-07-26T09:19:26Z</time>
   </trkpt>
   <trkpt lat="22.7288930" lon="120.3097800">
    <ele>15.1</ele>
    <time>2026-07-26T09:19:27Z</time>
   </trkpt>
   <trkpt lat="22.7288980" lon="120.3097770">
    <ele>15.2</ele>
    <time>2026-07-26T09:19:28Z</time>
   </trkpt>
   <trkpt lat="22.7289010" lon="120.3097740">
    <ele>15.2</ele>
    <time>2026-07-26T09:19:29Z</time>
   </trkpt>
   <trkpt lat="22.7289100" lon="120.3097800">
    <ele>15.2</ele>
    <time>2026-07-26T09:19:30Z</time>
   </trkpt>
   <trkpt lat="22.7289200" lon="120.3097860">
    <ele>15.2</ele>
    <time>2026-07-26T09:19:31Z</time>
   </trkpt>
   <trkpt lat="22.7289120" lon="120.3097980">
    <ele>15.2</ele>
    <time>2026-07-26T09:19:32Z</time>
   </trkpt>
   <trkpt lat="22.7289130" lon="120.3098110">
    <ele>15.2</ele>
    <time>2026-07-26T09:19:33Z</time>
   </trkpt>
   <trkpt lat="22.7289130" lon="120.3098180">
    <ele>15.2</ele>
    <time>2026-07-26T09:19:34Z</time>
   </trkpt>
   <trkpt lat="22.7289040" lon="120.3098180">
    <ele>15.2</ele>
    <time>2026-07-26T09:19:35Z</time>
   </trkpt>
   <trkpt lat="22.7289050" lon="120.3098170">
    <ele>15.2</ele>
    <time>2026-07-26T09:19:36Z</time>
   </trkpt>
   <trkpt lat="22.7289100" lon="120.3098160">
    <ele>15.2</ele>
    <time>2026-07-26T09:19:37Z</time>
   </trkpt>
   <trkpt lat="22.7289100" lon="120.3098160">
    <ele>15.2</ele>
    <time>2026-07-26T09:19:38Z</time>
   </trkpt>
   <trkpt lat="22.7289090" lon="120.3098170">
    <ele>15.2</ele>
    <time>2026-07-26T09:19:39Z</time>
   </trkpt>
   <trkpt lat="22.7289090" lon="120.3098170">
    <ele>15.2</ele>
    <time>2026-07-26T09:19:40Z</time>
   </trkpt>
   <trkpt lat="22.7289090" lon="120.3098180">
    <ele>15.2</ele>
    <time>2026-07-26T09:19:41Z</time>
   </trkpt>
   <trkpt lat="22.7289110" lon="120.3098140">
    <ele>15.2</ele>
    <time>2026-07-26T09:19:42Z</time>
   </trkpt>
   <trkpt lat="22.7289100" lon="120.3098130">
    <ele>15.2</ele>
    <time>2026-07-26T09:19:43Z</time>
   </trkpt>
   <trkpt lat="22.7289140" lon="120.3098090">
    <ele>15.2</ele>
    <time>2026-07-26T09:19:44Z</time>
   </trkpt>
   <trkpt lat="22.7289240" lon="120.3098070">
    <ele>15.2</ele>
    <time>2026-07-26T09:19:45Z</time>
   </trkpt>
   <trkpt lat="22.7289250" lon="120.3097980">
    <ele>15.2</ele>
    <time>2026-07-26T09:19:46Z</time>
   </trkpt>
   <trkpt lat="22.7289260" lon="120.3098100">
    <ele>15.3</ele>
    <time>2026-07-26T09:19:47Z</time>
   </trkpt>
   <trkpt lat="22.7289350" lon="120.3098280">
    <ele>15.3</ele>
    <time>2026-07-26T09:19:48Z</time>
   </trkpt>
   <trkpt lat="22.7289310" lon="120.3098320">
    <ele>15.3</ele>
    <time>2026-07-26T09:19:49Z</time>
   </trkpt>
   <trkpt lat="22.7289320" lon="120.3098440">
    <ele>15.3</ele>
    <time>2026-07-26T09:19:50Z</time>
   </trkpt>
   <trkpt lat="22.7289380" lon="120.3098470">
    <ele>15.3</ele>
    <time>2026-07-26T09:19:51Z</time>
   </trkpt>
   <trkpt lat="22.7289450" lon="120.3098510">
    <ele>15.3</ele>
    <time>2026-07-26T09:19:52Z</time>
   </trkpt>
   <trkpt lat="22.7289450" lon="120.3098560">
    <ele>15.3</ele>
    <time>2026-07-26T09:19:53Z</time>
   </trkpt>
   <trkpt lat="22.7289450" lon="120.3098560">
    <ele>15.3</ele>
    <time>2026-07-26T09:19:54Z</time>
   </trkpt>
   <trkpt lat="22.7289470" lon="120.3098540">
    <ele>15.3</ele>
    <time>2026-07-26T09:19:55Z</time>
   </trkpt>
   <trkpt lat="22.7289530" lon="120.3098550">
    <ele>15.3</ele>
    <time>2026-07-26T09:19:56Z</time>
   </trkpt>
   <trkpt lat="22.7289540" lon="120.3098550">
    <ele>15.3</ele>
    <time>2026-07-26T09:19:57Z</time>
   </trkpt>
   <trkpt lat="22.7289530" lon="120.3098530">
    <ele>15.3</ele>
    <time>2026-07-26T09:19:58Z</time>
   </trkpt>
   <trkpt lat="22.7289550" lon="120.3098500">
    <ele>15.3</ele>
    <time>2026-07-26T09:19:59Z</time>
   </trkpt>
   <trkpt lat="22.7289560" lon="120.3098490">
    <ele>15.3</ele>
    <time>2026-07-26T09:20:00Z</time>
   </trkpt>
   <trkpt lat="22.7289730" lon="120.3098580">
    <ele>15.3</ele>
    <time>2026-07-26T09:20:01Z</time>
   </trkpt>
   <trkpt lat="22.7289760" lon="120.3098720">
    <ele>15.3</ele>
    <time>2026-07-26T09:20:02Z</time>
   </trkpt>
   <trkpt lat="22.7289830" lon="120.3098790">
    <ele>15.4</ele>
    <time>2026-07-26T09:20:03Z</time>
   </trkpt>
   <trkpt lat="22.7289820" lon="120.3098910">
    <ele>15.4</ele>
    <time>2026-07-26T09:20:04Z</time>
   </trkpt>
   <trkpt lat="22.7289830" lon="120.3099010">
    <ele>15.4</ele>
    <time>2026-07-26T09:20:05Z</time>
   </trkpt>
   <trkpt lat="22.7289880" lon="120.3099090">
    <ele>15.4</ele>
    <time>2026-07-26T09:20:06Z</time>
   </trkpt>
   <trkpt lat="22.7289950" lon="120.3099160">
    <ele>15.4</ele>
    <time>2026-07-26T09:20:07Z</time>
   </trkpt>
   <trkpt lat="22.7290000" lon="120.3099270">
    <ele>15.4</ele>
    <time>2026-07-26T09:20:08Z</time>
   </trkpt>
   <trkpt lat="22.7290040" lon="120.3099310">
    <ele>15.4</ele>
    <time>2026-07-26T09:20:09Z</time>
   </trkpt>
   <trkpt lat="22.7290120" lon="120.3099370">
    <ele>15.4</ele>
    <time>2026-07-26T09:20:10Z</time>
   </trkpt>
   <trkpt lat="22.7290220" lon="120.3099420">
    <ele>15.4</ele>
    <time>2026-07-26T09:20:11Z</time>
   </trkpt>
   <trkpt lat="22.7290320" lon="120.3099470">
    <ele>15.4</ele>
    <time>2026-07-26T09:20:12Z</time>
   </trkpt>
   <trkpt lat="22.7290360" lon="120.3099500">
    <ele>15.4</ele>
    <time>2026-07-26T09:20:13Z</time>
   </trkpt>
   <trkpt lat="22.7290420" lon="120.3099590">
    <ele>15.4</ele>
    <time>2026-07-26T09:20:14Z</time>
   </trkpt>
   <trkpt lat="22.7290510" lon="120.3099640">
    <ele>15.4</ele>
    <time>2026-07-26T09:20:15Z</time>
   </trkpt>
   <trkpt lat="22.7290580" lon="120.3099640">
    <ele>15.5</ele>
    <time>2026-07-26T09:20:16Z</time>
   </trkpt>
   <trkpt lat="22.7290640" lon="120.3099630">
    <ele>15.5</ele>
    <time>2026-07-26T09:20:17Z</time>
   </trkpt>
   <trkpt lat="22.7290550" lon="120.3099660">
    <ele>15.5</ele>
    <time>2026-07-26T09:20:18Z</time>
   </trkpt>
   <trkpt lat="22.7290560" lon="120.3099680">
    <ele>15.5</ele>
    <time>2026-07-26T09:20:19Z</time>
   </trkpt>
   <trkpt lat="22.7290620" lon="120.3099700">
    <ele>15.5</ele>
    <time>2026-07-26T09:20:20Z</time>
   </trkpt>
   <trkpt lat="22.7290610" lon="120.3099730">
    <ele>15.5</ele>
    <time>2026-07-26T09:20:21Z</time>
   </trkpt>
   <trkpt lat="22.7290560" lon="120.3099740">
    <ele>15.5</ele>
    <time>2026-07-26T09:20:22Z</time>
   </trkpt>
   <trkpt lat="22.7290530" lon="120.3099790">
    <ele>15.5</ele>
    <time>2026-07-26T09:20:23Z</time>
   </trkpt>
   <trkpt lat="22.7290600" lon="120.3099800">
    <ele>15.5</ele>
    <time>2026-07-26T09:20:24Z</time>
   </trkpt>
   <trkpt lat="22.7290620" lon="120.3099770">
    <ele>15.5</ele>
    <time>2026-07-26T09:20:25Z</time>
   </trkpt>
   <trkpt lat="22.7290580" lon="120.3099790">
    <ele>15.5</ele>
    <time>2026-07-26T09:20:26Z</time>
   </trkpt>
   <trkpt lat="22.7290570" lon="120.3099920">
    <ele>15.5</ele>
    <time>2026-07-26T09:20:27Z</time>
   </trkpt>
   <trkpt lat="22.7290550" lon="120.3100020">
    <ele>15.5</ele>
    <time>2026-07-26T09:20:28Z</time>
   </trkpt>
   <trkpt lat="22.7290660" lon="120.3100170">
    <ele>15.5</ele>
    <time>2026-07-26T09:20:29Z</time>
   </trkpt>
   <trkpt lat="22.7290660" lon="120.3100230">
    <ele>15.5</ele>
    <time>2026-07-26T09:20:30Z</time>
   </trkpt>
   <trkpt lat="22.7290640" lon="120.3100280">
    <ele>15.5</ele>
    <time>2026-07-26T09:20:31Z</time>
   </trkpt>
   <trkpt lat="22.7290570" lon="120.3100270">
    <ele>15.5</ele>
    <time>2026-07-26T09:20:32Z</time>
   </trkpt>
   <trkpt lat="22.7290560" lon="120.3100280">
    <ele>15.5</ele>
    <time>2026-07-26T09:20:33Z</time>
   </trkpt>
   <trkpt lat="22.7290760" lon="120.3100380">
    <ele>15.6</ele>
    <time>2026-07-26T09:20:34Z</time>
   </trkpt>
   <trkpt lat="22.7290760" lon="120.3100360">
    <ele>15.6</ele>
    <time>2026-07-26T09:20:35Z</time>
   </trkpt>
   <trkpt lat="22.7290790" lon="120.3100650">
    <ele>15.6</ele>
    <time>2026-07-26T09:20:36Z</time>
   </trkpt>
   <trkpt lat="22.7290770" lon="120.3100620">
    <ele>15.6</ele>
    <time>2026-07-26T09:20:37Z</time>
   </trkpt>
   <trkpt lat="22.7290780" lon="120.3100730">
    <ele>15.6</ele>
    <time>2026-07-26T09:20:38Z</time>
   </trkpt>
   <trkpt lat="22.7290600" lon="120.3100740">
    <ele>15.7</ele>
    <time>2026-07-26T09:20:39Z</time>
   </trkpt>
   <trkpt lat="22.7290470" lon="120.3100780">
    <ele>15.8</ele>
    <time>2026-07-26T09:20:40Z</time>
   </trkpt>
   <trkpt lat="22.7290450" lon="120.3100840">
    <ele>15.8</ele>
    <time>2026-07-26T09:20:41Z</time>
   </trkpt>
   <trkpt lat="22.7290450" lon="120.3100840">
    <ele>15.8</ele>
    <time>2026-07-26T09:20:42Z</time>
   </trkpt>
   <trkpt lat="22.7290450" lon="120.3100840">
    <ele>15.8</ele>
    <time>2026-07-26T09:20:43Z</time>
   </trkpt>
   <trkpt lat="22.7290450" lon="120.3100840">
    <ele>15.8</ele>
    <time>2026-07-26T09:20:44Z</time>
   </trkpt>
   <trkpt lat="22.7290230" lon="120.3101140">
    <ele>16.0</ele>
    <time>2026-07-26T09:20:45Z</time>
   </trkpt>
   <trkpt lat="22.7290250" lon="120.3101190">
    <ele>16.0</ele>
    <time>2026-07-26T09:20:46Z</time>
   </trkpt>
   <trkpt lat="22.7290270" lon="120.3101250">
    <ele>16.1</ele>
    <time>2026-07-26T09:20:47Z</time>
   </trkpt>
   <trkpt lat="22.7290260" lon="120.3101240">
    <ele>16.1</ele>
    <time>2026-07-26T09:20:48Z</time>
   </trkpt>
   <trkpt lat="22.7290260" lon="120.3101240">
    <ele>16.1</ele>
    <time>2026-07-26T09:20:49Z</time>
   </trkpt>
   <trkpt lat="22.7290260" lon="120.3101370">
    <ele>16.1</ele>
    <time>2026-07-26T09:20:50Z</time>
   </trkpt>
   <trkpt lat="22.7290210" lon="120.3101420">
    <ele>16.2</ele>
    <time>2026-07-26T09:20:51Z</time>
   </trkpt>
   <trkpt lat="22.7290200" lon="120.3101410">
    <ele>16.2</ele>
    <time>2026-07-26T09:20:52Z</time>
   </trkpt>
   <trkpt lat="22.7290260" lon="120.3101430">
    <ele>16.2</ele>
    <time>2026-07-26T09:20:53Z</time>
   </trkpt>
   <trkpt lat="22.7290270" lon="120.3101410">
    <ele>16.2</ele>
    <time>2026-07-26T09:20:54Z</time>
   </trkpt>
   <trkpt lat="22.7290250" lon="120.3101410">
    <ele>16.2</ele>
    <time>2026-07-26T09:20:55Z</time>
   </trkpt>
   <trkpt lat="22.7290380" lon="120.3101410">
    <ele>16.3</ele>
    <time>2026-07-26T09:20:56Z</time>
   </trkpt>
   <trkpt lat="22.7290410" lon="120.3101430">
    <ele>16.3</ele>
    <time>2026-07-26T09:20:57Z</time>
   </trkpt>
   <trkpt lat="22.7290460" lon="120.3101420">
    <ele>16.3</ele>
    <time>2026-07-26T09:20:58Z</time>
   </trkpt>
   <trkpt lat="22.7290470" lon="120.3101420">
    <ele>16.3</ele>
    <time>2026-07-26T09:20:59Z</time>
   </trkpt>
   <trkpt lat="22.7290490" lon="120.3101390">
    <ele>16.3</ele>
    <time>2026-07-26T09:21:00Z</time>
   </trkpt>
   <trkpt lat="22.7290480" lon="120.3101360">
    <ele>16.3</ele>
    <time>2026-07-26T09:21:01Z</time>
   </trkpt>
   <trkpt lat="22.7290500" lon="120.3101390">
    <ele>16.3</ele>
    <time>2026-07-26T09:21:02Z</time>
   </trkpt>
   <trkpt lat="22.7290540" lon="120.3101380">
    <ele>16.3</ele>
    <time>2026-07-26T09:21:03Z</time>
   </trkpt>
   <trkpt lat="22.7290550" lon="120.3101360">
    <ele>16.4</ele>
    <time>2026-07-26T09:21:04Z</time>
   </trkpt>
   <trkpt lat="22.7290550" lon="120.3101370">
    <ele>16.4</ele>
    <time>2026-07-26T09:21:05Z</time>
   </trkpt>
   <trkpt lat="22.7290550" lon="120.3101370">
    <ele>16.4</ele>
    <time>2026-07-26T09:21:06Z</time>
   </trkpt>
   <trkpt lat="22.7290670" lon="120.3101330">
    <ele>16.4</ele>
    <time>2026-07-26T09:21:07Z</time>
   </trkpt>
   <trkpt lat="22.7290670" lon="120.3101320">
    <ele>16.4</ele>
    <time>2026-07-26T09:21:08Z</time>
   </trkpt>
   <trkpt lat="22.7290670" lon="120.3101320">
    <ele>16.4</ele>
    <time>2026-07-26T09:21:09Z</time>
   </trkpt>
   <trkpt lat="22.7290770" lon="120.3101320">
    <ele>16.4</ele>
    <time>2026-07-26T09:21:10Z</time>
   </trkpt>
   <trkpt lat="22.7290770" lon="120.3101290">
    <ele>16.5</ele>
    <time>2026-07-26T09:21:11Z</time>
   </trkpt>
   <trkpt lat="22.7290740" lon="120.3101280">
    <ele>16.5</ele>
    <time>2026-07-26T09:21:12Z</time>
   </trkpt>
   <trkpt lat="22.7290740" lon="120.3101300">
    <ele>16.5</ele>
    <time>2026-07-26T09:21:13Z</time>
   </trkpt>
   <trkpt lat="22.7290740" lon="120.3101310">
    <ele>16.5</ele>
    <time>2026-07-26T09:21:14Z</time>
   </trkpt>
   <trkpt lat="22.7290580" lon="120.3101380">
    <ele>16.5</ele>
    <time>2026-07-26T09:21:15Z</time>
   </trkpt>
   <trkpt lat="22.7290540" lon="120.3101440">
    <ele>16.6</ele>
    <time>2026-07-26T09:21:16Z</time>
   </trkpt>
   <trkpt lat="22.7290540" lon="120.3101600">
    <ele>16.6</ele>
    <time>2026-07-26T09:21:17Z</time>
   </trkpt>
   <trkpt lat="22.7290470" lon="120.3101540">
    <ele>16.6</ele>
    <time>2026-07-26T09:21:18Z</time>
   </trkpt>
   <trkpt lat="22.7290450" lon="120.3101510">
    <ele>16.7</ele>
    <time>2026-07-26T09:21:19Z</time>
   </trkpt>
   <trkpt lat="22.7290450" lon="120.3101510">
    <ele>16.7</ele>
    <time>2026-07-26T09:21:20Z</time>
   </trkpt>
   <trkpt lat="22.7290410" lon="120.3101480">
    <ele>16.7</ele>
    <time>2026-07-26T09:21:21Z</time>
   </trkpt>
   <trkpt lat="22.7290400" lon="120.3101370">
    <ele>16.7</ele>
    <time>2026-07-26T09:21:22Z</time>
   </trkpt>
   <trkpt lat="22.7290430" lon="120.3101290">
    <ele>16.7</ele>
    <time>2026-07-26T09:21:23Z</time>
   </trkpt>
   <trkpt lat="22.7290360" lon="120.3101100">
    <ele>16.7</ele>
    <time>2026-07-26T09:21:24Z</time>
   </trkpt>
   <trkpt lat="22.7290230" lon="120.3100970">
    <ele>16.8</ele>
    <time>2026-07-26T09:21:25Z</time>
   </trkpt>
   <trkpt lat="22.7290110" lon="120.3100950">
    <ele>16.8</ele>
    <time>2026-07-26T09:21:26Z</time>
   </trkpt>
   <trkpt lat="22.7289900" lon="120.3100850">
    <ele>16.9</ele>
    <time>2026-07-26T09:21:27Z</time>
   </trkpt>
   <trkpt lat="22.7289960" lon="120.3100800">
    <ele>16.9</ele>
    <time>2026-07-26T09:21:28Z</time>
   </trkpt>
   <trkpt lat="22.7290030" lon="120.3100830">
    <ele>16.9</ele>
    <time>2026-07-26T09:21:29Z</time>
   </trkpt>
   <trkpt lat="22.7290250" lon="120.3100850">
    <ele>16.9</ele>
    <time>2026-07-26T09:21:30Z</time>
   </trkpt>
   <trkpt lat="22.7290280" lon="120.3100790">
    <ele>16.9</ele>
    <time>2026-07-26T09:21:31Z</time>
   </trkpt>
   <trkpt lat="22.7290250" lon="120.3100800">
    <ele>16.9</ele>
    <time>2026-07-26T09:21:32Z</time>
   </trkpt>
   <trkpt lat="22.7290160" lon="120.3100820">
    <ele>16.9</ele>
    <time>2026-07-26T09:21:33Z</time>
   </trkpt>
   <trkpt lat="22.7290080" lon="120.3100700">
    <ele>16.9</ele>
    <time>2026-07-26T09:21:34Z</time>
   </trkpt>
   <trkpt lat="22.7290030" lon="120.3100630">
    <ele>16.9</ele>
    <time>2026-07-26T09:21:35Z</time>
   </trkpt>
   <trkpt lat="22.7290090" lon="120.3100650">
    <ele>16.9</ele>
    <time>2026-07-26T09:21:36Z</time>
   </trkpt>
   <trkpt lat="22.7290090" lon="120.3100690">
    <ele>16.9</ele>
    <time>2026-07-26T09:21:37Z</time>
   </trkpt>
   <trkpt lat="22.7289930" lon="120.3100720">
    <ele>17.0</ele>
    <time>2026-07-26T09:21:38Z</time>
   </trkpt>
   <trkpt lat="22.7289880" lon="120.3100720">
    <ele>17.0</ele>
    <time>2026-07-26T09:21:39Z</time>
   </trkpt>
   <trkpt lat="22.7289830" lon="120.3100780">
    <ele>17.0</ele>
    <time>2026-07-26T09:21:40Z</time>
   </trkpt>
   <trkpt lat="22.7289780" lon="120.3100860">
    <ele>17.0</ele>
    <time>2026-07-26T09:21:41Z</time>
   </trkpt>
   <trkpt lat="22.7289750" lon="120.3100950">
    <ele>17.0</ele>
    <time>2026-07-26T09:21:42Z</time>
   </trkpt>
   <trkpt lat="22.7289710" lon="120.3101020">
    <ele>17.0</ele>
    <time>2026-07-26T09:21:43Z</time>
   </trkpt>
   <trkpt lat="22.7289660" lon="120.3101080">
    <ele>17.0</ele>
    <time>2026-07-26T09:21:44Z</time>
   </trkpt>
   <trkpt lat="22.7289570" lon="120.3101190">
    <ele>17.0</ele>
    <time>2026-07-26T09:21:45Z</time>
   </trkpt>
   <trkpt lat="22.7289520" lon="120.3101260">
    <ele>17.0</ele>
    <time>2026-07-26T09:21:46Z</time>
   </trkpt>
   <trkpt lat="22.7289430" lon="120.3101360">
    <ele>17.0</ele>
    <time>2026-07-26T09:21:47Z</time>
   </trkpt>
   <trkpt lat="22.7289360" lon="120.3101410">
    <ele>17.0</ele>
    <time>2026-07-26T09:21:48Z</time>
   </trkpt>
   <trkpt lat="22.7289290" lon="120.3101490">
    <ele>17.0</ele>
    <time>2026-07-26T09:21:49Z</time>
   </trkpt>
   <trkpt lat="22.7289220" lon="120.3101540">
    <ele>17.0</ele>
    <time>2026-07-26T09:21:50Z</time>
   </trkpt>
   <trkpt lat="22.7289140" lon="120.3101630">
    <ele>17.0</ele>
    <time>2026-07-26T09:21:51Z</time>
   </trkpt>
   <trkpt lat="22.7289060" lon="120.3101700">
    <ele>16.9</ele>
    <time>2026-07-26T09:21:52Z</time>
   </trkpt>
   <trkpt lat="22.7288940" lon="120.3101760">
    <ele>16.9</ele>
    <time>2026-07-26T09:21:53Z</time>
   </trkpt>
   <trkpt lat="22.7288880" lon="120.3101760">
    <ele>16.9</ele>
    <time>2026-07-26T09:21:54Z</time>
   </trkpt>
   <trkpt lat="22.7288850" lon="120.3101740">
    <ele>16.9</ele>
    <time>2026-07-26T09:21:55Z</time>
   </trkpt>
   <trkpt lat="22.7288900" lon="120.3101690">
    <ele>16.9</ele>
    <time>2026-07-26T09:21:56Z</time>
   </trkpt>
   <trkpt lat="22.7288890" lon="120.3101700">
    <ele>16.9</ele>
    <time>2026-07-26T09:21:57Z</time>
   </trkpt>
   <trkpt lat="22.7288900" lon="120.3101720">
    <ele>16.9</ele>
    <time>2026-07-26T09:21:58Z</time>
   </trkpt>
   <trkpt lat="22.7288910" lon="120.3101720">
    <ele>16.9</ele>
    <time>2026-07-26T09:21:59Z</time>
   </trkpt>
   <trkpt lat="22.7288900" lon="120.3101730">
    <ele>16.9</ele>
    <time>2026-07-26T09:22:00Z</time>
   </trkpt>
   <trkpt lat="22.7288910" lon="120.3101730">
    <ele>16.9</ele>
    <time>2026-07-26T09:22:01Z</time>
   </trkpt>
   <trkpt lat="22.7288910" lon="120.3101730">
    <ele>16.9</ele>
    <time>2026-07-26T09:22:02Z</time>
   </trkpt>
   <trkpt lat="22.7288980" lon="120.3101800">
    <ele>16.9</ele>
    <time>2026-07-26T09:22:03Z</time>
   </trkpt>
   <trkpt lat="22.7288970" lon="120.3101800">
    <ele>16.9</ele>
    <time>2026-07-26T09:22:04Z</time>
   </trkpt>
   <trkpt lat="22.7288990" lon="120.3101830">
    <ele>16.9</ele>
    <time>2026-07-26T09:22:05Z</time>
   </trkpt>
   <trkpt lat="22.7288990" lon="120.3101830">
    <ele>16.9</ele>
    <time>2026-07-26T09:22:06Z</time>
   </trkpt>
   <trkpt lat="22.7289020" lon="120.3101880">
    <ele>16.9</ele>
    <time>2026-07-26T09:22:07Z</time>
   </trkpt>
   <trkpt lat="22.7289030" lon="120.3101920">
    <ele>16.9</ele>
    <time>2026-07-26T09:22:08Z</time>
   </trkpt>
   <trkpt lat="22.7289050" lon="120.3101940">
    <ele>16.9</ele>
    <time>2026-07-26T09:22:09Z</time>
   </trkpt>
   <trkpt lat="22.7289070" lon="120.3101990">
    <ele>16.9</ele>
    <time>2026-07-26T09:22:10Z</time>
   </trkpt>
   <trkpt lat="22.7289080" lon="120.3101980">
    <ele>16.9</ele>
    <time>2026-07-26T09:22:11Z</time>
   </trkpt>
   <trkpt lat="22.7289080" lon="120.3102000">
    <ele>16.9</ele>
    <time>2026-07-26T09:22:12Z</time>
   </trkpt>
   <trkpt lat="22.7289060" lon="120.3102030">
    <ele>16.9</ele>
    <time>2026-07-26T09:22:13Z</time>
   </trkpt>
   <trkpt lat="22.7289070" lon="120.3102090">
    <ele>16.9</ele>
    <time>2026-07-26T09:22:14Z</time>
   </trkpt>
   <trkpt lat="22.7289080" lon="120.3102120">
    <ele>16.9</ele>
    <time>2026-07-26T09:22:15Z</time>
   </trkpt>
   <trkpt lat="22.7289110" lon="120.3102160">
    <ele>16.9</ele>
    <time>2026-07-26T09:22:16Z</time>
   </trkpt>
   <trkpt lat="22.7289110" lon="120.3102160">
    <ele>16.9</ele>
    <time>2026-07-26T09:22:17Z</time>
   </trkpt>
   <trkpt lat="22.7289110" lon="120.3102160">
    <ele>16.9</ele>
    <time>2026-07-26T09:22:18Z</time>
   </trkpt>
   <trkpt lat="22.7289160" lon="120.3102300">
    <ele>16.9</ele>
    <time>2026-07-26T09:22:19Z</time>
   </trkpt>
   <trkpt lat="22.7289200" lon="120.3102350">
    <ele>16.9</ele>
    <time>2026-07-26T09:22:20Z</time>
   </trkpt>
   <trkpt lat="22.7289210" lon="120.3102350">
    <ele>16.9</ele>
    <time>2026-07-26T09:22:21Z</time>
   </trkpt>
   <trkpt lat="22.7289190" lon="120.3102310">
    <ele>16.9</ele>
    <time>2026-07-26T09:22:22Z</time>
   </trkpt>
   <trkpt lat="22.7289260" lon="120.3102310">
    <ele>16.9</ele>
    <time>2026-07-26T09:22:23Z</time>
   </trkpt>
   <trkpt lat="22.7289250" lon="120.3102380">
    <ele>16.9</ele>
    <time>2026-07-26T09:22:24Z</time>
   </trkpt>
   <trkpt lat="22.7289250" lon="120.3102380">
    <ele>16.9</ele>
    <time>2026-07-26T09:22:25Z</time>
   </trkpt>
   <trkpt lat="22.7289250" lon="120.3102340">
    <ele>16.9</ele>
    <time>2026-07-26T09:22:26Z</time>
   </trkpt>
   <trkpt lat="22.7289290" lon="120.3102380">
    <ele>16.9</ele>
    <time>2026-07-26T09:22:27Z</time>
   </trkpt>
   <trkpt lat="22.7289330" lon="120.3102400">
    <ele>16.9</ele>
    <time>2026-07-26T09:22:28Z</time>
   </trkpt>
   <trkpt lat="22.7289380" lon="120.3102410">
    <ele>16.9</ele>
    <time>2026-07-26T09:22:29Z</time>
   </trkpt>
   <trkpt lat="22.7289420" lon="120.3102530">
    <ele>16.8</ele>
    <time>2026-07-26T09:22:30Z</time>
   </trkpt>
   <trkpt lat="22.7289480" lon="120.3102600">
    <ele>16.8</ele>
    <time>2026-07-26T09:22:31Z</time>
   </trkpt>
   <trkpt lat="22.7289430" lon="120.3102620">
    <ele>16.8</ele>
    <time>2026-07-26T09:22:32Z</time>
   </trkpt>
   <trkpt lat="22.7289430" lon="120.3102740">
    <ele>16.8</ele>
    <time>2026-07-26T09:22:33Z</time>
   </trkpt>
   <trkpt lat="22.7289360" lon="120.3102720">
    <ele>16.8</ele>
    <time>2026-07-26T09:22:34Z</time>
   </trkpt>
   <trkpt lat="22.7289240" lon="120.3102740">
    <ele>16.8</ele>
    <time>2026-07-26T09:22:35Z</time>
   </trkpt>
   <trkpt lat="22.7289150" lon="120.3102780">
    <ele>16.8</ele>
    <time>2026-07-26T09:22:36Z</time>
   </trkpt>
   <trkpt lat="22.7289060" lon="120.3102750">
    <ele>16.8</ele>
    <time>2026-07-26T09:22:37Z</time>
   </trkpt>
   <trkpt lat="22.7289010" lon="120.3102690">
    <ele>16.8</ele>
    <time>2026-07-26T09:22:38Z</time>
   </trkpt>
   <trkpt lat="22.7288980" lon="120.3102610">
    <ele>16.8</ele>
    <time>2026-07-26T09:22:39Z</time>
   </trkpt>
   <trkpt lat="22.7288950" lon="120.3102560">
    <ele>16.8</ele>
    <time>2026-07-26T09:22:40Z</time>
   </trkpt>
   <trkpt lat="22.7288970" lon="120.3102560">
    <ele>16.8</ele>
    <time>2026-07-26T09:22:41Z</time>
   </trkpt>
   <trkpt lat="22.7288980" lon="120.3102560">
    <ele>16.8</ele>
    <time>2026-07-26T09:22:42Z</time>
   </trkpt>
   <trkpt lat="22.7289000" lon="120.3102560">
    <ele>16.8</ele>
    <time>2026-07-26T09:22:43Z</time>
   </trkpt>
   <trkpt lat="22.7289010" lon="120.3102560">
    <ele>16.8</ele>
    <time>2026-07-26T09:22:44Z</time>
   </trkpt>
   <trkpt lat="22.7289020" lon="120.3102530">
    <ele>16.8</ele>
    <time>2026-07-26T09:22:45Z</time>
   </trkpt>
   <trkpt lat="22.7289080" lon="120.3102580">
    <ele>16.8</ele>
    <time>2026-07-26T09:22:46Z</time>
   </trkpt>
   <trkpt lat="22.7289030" lon="120.3102640">
    <ele>16.8</ele>
    <time>2026-07-26T09:22:47Z</time>
   </trkpt>
   <trkpt lat="22.7288990" lon="120.3102690">
    <ele>16.8</ele>
    <time>2026-07-26T09:22:48Z</time>
   </trkpt>
   <trkpt lat="22.7288920" lon="120.3102710">
    <ele>16.8</ele>
    <time>2026-07-26T09:22:49Z</time>
   </trkpt>
   <trkpt lat="22.7288830" lon="120.3102800">
    <ele>16.8</ele>
    <time>2026-07-26T09:22:50Z</time>
   </trkpt>
   <trkpt lat="22.7288730" lon="120.3102850">
    <ele>16.7</ele>
    <time>2026-07-26T09:22:51Z</time>
   </trkpt>
   <trkpt lat="22.7288660" lon="120.3102920">
    <ele>16.7</ele>
    <time>2026-07-26T09:22:52Z</time>
   </trkpt>
   <trkpt lat="22.7288550" lon="120.3102950">
    <ele>16.7</ele>
    <time>2026-07-26T09:22:53Z</time>
   </trkpt>
   <trkpt lat="22.7288480" lon="120.3102960">
    <ele>16.7</ele>
    <time>2026-07-26T09:22:54Z</time>
   </trkpt>
   <trkpt lat="22.7288410" lon="120.3103060">
    <ele>16.7</ele>
    <time>2026-07-26T09:22:55Z</time>
   </trkpt>
   <trkpt lat="22.7288360" lon="120.3103100">
    <ele>16.7</ele>
    <time>2026-07-26T09:22:56Z</time>
   </trkpt>
   <trkpt lat="22.7288290" lon="120.3103170">
    <ele>16.7</ele>
    <time>2026-07-26T09:22:57Z</time>
   </trkpt>
   <trkpt lat="22.7288260" lon="120.3103080">
    <ele>16.7</ele>
    <time>2026-07-26T09:22:58Z</time>
   </trkpt>
   <trkpt lat="22.7288240" lon="120.3103090">
    <ele>16.7</ele>
    <time>2026-07-26T09:22:59Z</time>
   </trkpt>
   <trkpt lat="22.7288250" lon="120.3103170">
    <ele>16.7</ele>
    <time>2026-07-26T09:23:00Z</time>
   </trkpt>
   <trkpt lat="22.7288220" lon="120.3103110">
    <ele>16.7</ele>
    <time>2026-07-26T09:23:01Z</time>
   </trkpt>
   <trkpt lat="22.7288220" lon="120.3103080">
    <ele>16.7</ele>
    <time>2026-07-26T09:23:02Z</time>
   </trkpt>
   <trkpt lat="22.7288220" lon="120.3103040">
    <ele>16.7</ele>
    <time>2026-07-26T09:23:03Z</time>
   </trkpt>
   <trkpt lat="22.7288220" lon="120.3102960">
    <ele>16.7</ele>
    <time>2026-07-26T09:23:04Z</time>
   </trkpt>
   <trkpt lat="22.7288230" lon="120.3102940">
    <ele>16.7</ele>
    <time>2026-07-26T09:23:05Z</time>
   </trkpt>
   <trkpt lat="22.7288220" lon="120.3102920">
    <ele>16.7</ele>
    <time>2026-07-26T09:23:06Z</time>
   </trkpt>
   <trkpt lat="22.7288220" lon="120.3102920">
    <ele>16.7</ele>
    <time>2026-07-26T09:23:07Z</time>
   </trkpt>
   <trkpt lat="22.7288220" lon="120.3102920">
    <ele>16.7</ele>
    <time>2026-07-26T09:23:08Z</time>
   </trkpt>
   <trkpt lat="22.7288220" lon="120.3102920">
    <ele>16.7</ele>
    <time>2026-07-26T09:23:09Z</time>
   </trkpt>
   <trkpt lat="22.7288120" lon="120.3102810">
    <ele>16.7</ele>
    <time>2026-07-26T09:23:10Z</time>
   </trkpt>
   <trkpt lat="22.7288120" lon="120.3102810">
    <ele>16.7</ele>
    <time>2026-07-26T09:23:11Z</time>
   </trkpt>
   <trkpt lat="22.7288040" lon="120.3102750">
    <ele>16.7</ele>
    <time>2026-07-26T09:23:12Z</time>
   </trkpt>
   <trkpt lat="22.7288000" lon="120.3102670">
    <ele>16.7</ele>
    <time>2026-07-26T09:23:13Z</time>
   </trkpt>
   <trkpt lat="22.7287970" lon="120.3102650">
    <ele>16.7</ele>
    <time>2026-07-26T09:23:14Z</time>
   </trkpt>
   <trkpt lat="22.7287940" lon="120.3102680">
    <ele>16.7</ele>
    <time>2026-07-26T09:23:15Z</time>
   </trkpt>
   <trkpt lat="22.7287940" lon="120.3102680">
    <ele>16.7</ele>
    <time>2026-07-26T09:23:16Z</time>
   </trkpt>
   <trkpt lat="22.7287910" lon="120.3102630">
    <ele>16.6</ele>
    <time>2026-07-26T09:23:17Z</time>
   </trkpt>
   <trkpt lat="22.7287750" lon="120.3102670">
    <ele>16.6</ele>
    <time>2026-07-26T09:23:18Z</time>
   </trkpt>
   <trkpt lat="22.7287670" lon="120.3102730">
    <ele>16.6</ele>
    <time>2026-07-26T09:23:19Z</time>
   </trkpt>
   <trkpt lat="22.7287600" lon="120.3102780">
    <ele>16.6</ele>
    <time>2026-07-26T09:23:20Z</time>
   </trkpt>
   <trkpt lat="22.7287540" lon="120.3102800">
    <ele>16.6</ele>
    <time>2026-07-26T09:23:21Z</time>
   </trkpt>
   <trkpt lat="22.7287480" lon="120.3102850">
    <ele>16.6</ele>
    <time>2026-07-26T09:23:22Z</time>
   </trkpt>
   <trkpt lat="22.7287490" lon="120.3102770">
    <ele>16.6</ele>
    <time>2026-07-26T09:23:23Z</time>
   </trkpt>
   <trkpt lat="22.7287500" lon="120.3102690">
    <ele>16.6</ele>
    <time>2026-07-26T09:23:24Z</time>
   </trkpt>
   <trkpt lat="22.7287480" lon="120.3102650">
    <ele>16.6</ele>
    <time>2026-07-26T09:23:25Z</time>
   </trkpt>
   <trkpt lat="22.7287500" lon="120.3102680">
    <ele>16.6</ele>
    <time>2026-07-26T09:23:26Z</time>
   </trkpt>
   <trkpt lat="22.7287490" lon="120.3102670">
    <ele>16.6</ele>
    <time>2026-07-26T09:23:27Z</time>
   </trkpt>
   <trkpt lat="22.7287470" lon="120.3102670">
    <ele>16.6</ele>
    <time>2026-07-26T09:23:28Z</time>
   </trkpt>
   <trkpt lat="22.7287410" lon="120.3102670">
    <ele>16.6</ele>
    <time>2026-07-26T09:23:29Z</time>
   </trkpt>
   <trkpt lat="22.7287320" lon="120.3102620">
    <ele>16.6</ele>
    <time>2026-07-26T09:23:30Z</time>
   </trkpt>
   <trkpt lat="22.7287280" lon="120.3102620">
    <ele>16.6</ele>
    <time>2026-07-26T09:23:31Z</time>
   </trkpt>
   <trkpt lat="22.7287240" lon="120.3102650">
    <ele>16.6</ele>
    <time>2026-07-26T09:23:32Z</time>
   </trkpt>
   <trkpt lat="22.7287230" lon="120.3102450">
    <ele>16.6</ele>
    <time>2026-07-26T09:23:33Z</time>
   </trkpt>
   <trkpt lat="22.7287210" lon="120.3102420">
    <ele>16.6</ele>
    <time>2026-07-26T09:23:34Z</time>
   </trkpt>
   <trkpt lat="22.7287260" lon="120.3102490">
    <ele>16.5</ele>
    <time>2026-07-26T09:23:35Z</time>
   </trkpt>
   <trkpt lat="22.7287260" lon="120.3102500">
    <ele>16.5</ele>
    <time>2026-07-26T09:23:36Z</time>
   </trkpt>
   <trkpt lat="22.7287280" lon="120.3102580">
    <ele>16.5</ele>
    <time>2026-07-26T09:23:37Z</time>
   </trkpt>
   <trkpt lat="22.7287300" lon="120.3102630">
    <ele>16.5</ele>
    <time>2026-07-26T09:23:38Z</time>
   </trkpt>
   <trkpt lat="22.7287300" lon="120.3102740">
    <ele>16.5</ele>
    <time>2026-07-26T09:23:39Z</time>
   </trkpt>
   <trkpt lat="22.7287290" lon="120.3102820">
    <ele>16.5</ele>
    <time>2026-07-26T09:23:40Z</time>
   </trkpt>
   <trkpt lat="22.7287270" lon="120.3102860">
    <ele>16.5</ele>
    <time>2026-07-26T09:23:41Z</time>
   </trkpt>
   <trkpt lat="22.7287270" lon="120.3102900">
    <ele>16.5</ele>
    <time>2026-07-26T09:23:42Z</time>
   </trkpt>
   <trkpt lat="22.7287250" lon="120.3102880">
    <ele>16.5</ele>
    <time>2026-07-26T09:23:43Z</time>
   </trkpt>
   <trkpt lat="22.7287220" lon="120.3102840">
    <ele>16.5</ele>
    <time>2026-07-26T09:23:44Z</time>
   </trkpt>
   <trkpt lat="22.7287200" lon="120.3102860">
    <ele>16.5</ele>
    <time>2026-07-26T09:23:45Z</time>
   </trkpt>
   <trkpt lat="22.7287230" lon="120.3102900">
    <ele>16.5</ele>
    <time>2026-07-26T09:23:46Z</time>
   </trkpt>
   <trkpt lat="22.7287240" lon="120.3102920">
    <ele>16.5</ele>
    <time>2026-07-26T09:23:47Z</time>
   </trkpt>
   <trkpt lat="22.7287160" lon="120.3102860">
    <ele>16.5</ele>
    <time>2026-07-26T09:23:48Z</time>
   </trkpt>
   <trkpt lat="22.7287050" lon="120.3102960">
    <ele>16.5</ele>
    <time>2026-07-26T09:23:49Z</time>
   </trkpt>
   <trkpt lat="22.7286970" lon="120.3103050">
    <ele>16.5</ele>
    <time>2026-07-26T09:23:50Z</time>
   </trkpt>
   <trkpt lat="22.7286810" lon="120.3103090">
    <ele>16.5</ele>
    <time>2026-07-26T09:23:51Z</time>
   </trkpt>
   <trkpt lat="22.7286770" lon="120.3103150">
    <ele>16.4</ele>
    <time>2026-07-26T09:23:52Z</time>
   </trkpt>
   <trkpt lat="22.7286790" lon="120.3103150">
    <ele>16.4</ele>
    <time>2026-07-26T09:23:53Z</time>
   </trkpt>
   <trkpt lat="22.7286820" lon="120.3103170">
    <ele>16.4</ele>
    <time>2026-07-26T09:23:54Z</time>
   </trkpt>
   <trkpt lat="22.7286830" lon="120.3103150">
    <ele>16.4</ele>
    <time>2026-07-26T09:23:55Z</time>
   </trkpt>
   <trkpt lat="22.7286800" lon="120.3103160">
    <ele>16.4</ele>
    <time>2026-07-26T09:23:56Z</time>
   </trkpt>
   <trkpt lat="22.7286780" lon="120.3103180">
    <ele>16.4</ele>
    <time>2026-07-26T09:23:57Z</time>
   </trkpt>
   <trkpt lat="22.7286630" lon="120.3103200">
    <ele>16.4</ele>
    <time>2026-07-26T09:23:58Z</time>
   </trkpt>
   <trkpt lat="22.7286620" lon="120.3103290">
    <ele>16.4</ele>
    <time>2026-07-26T09:23:59Z</time>
   </trkpt>
   <trkpt lat="22.7286540" lon="120.3103400">
    <ele>16.4</ele>
    <time>2026-07-26T09:24:00Z</time>
   </trkpt>
   <trkpt lat="22.7286490" lon="120.3103470">
    <ele>16.4</ele>
    <time>2026-07-26T09:24:01Z</time>
   </trkpt>
   <trkpt lat="22.7286510" lon="120.3103550">
    <ele>16.4</ele>
    <time>2026-07-26T09:24:02Z</time>
   </trkpt>
   <trkpt lat="22.7286510" lon="120.3103610">
    <ele>16.4</ele>
    <time>2026-07-26T09:24:03Z</time>
   </trkpt>
   <trkpt lat="22.7286550" lon="120.3103630">
    <ele>16.4</ele>
    <time>2026-07-26T09:24:04Z</time>
   </trkpt>
   <trkpt lat="22.7286560" lon="120.3103640">
    <ele>16.4</ele>
    <time>2026-07-26T09:24:05Z</time>
   </trkpt>
   <trkpt lat="22.7286560" lon="120.3103630">
    <ele>16.4</ele>
    <time>2026-07-26T09:24:06Z</time>
   </trkpt>
   <trkpt lat="22.7286560" lon="120.3103630">
    <ele>16.4</ele>
    <time>2026-07-26T09:24:07Z</time>
   </trkpt>
   <trkpt lat="22.7286540" lon="120.3103580">
    <ele>16.4</ele>
    <time>2026-07-26T09:24:08Z</time>
   </trkpt>
   <trkpt lat="22.7286540" lon="120.3103580">
    <ele>16.4</ele>
    <time>2026-07-26T09:24:09Z</time>
   </trkpt>
   <trkpt lat="22.7286530" lon="120.3103580">
    <ele>16.4</ele>
    <time>2026-07-26T09:24:10Z</time>
   </trkpt>
   <trkpt lat="22.7286500" lon="120.3103580">
    <ele>16.4</ele>
    <time>2026-07-26T09:24:11Z</time>
   </trkpt>
   <trkpt lat="22.7286500" lon="120.3103600">
    <ele>16.4</ele>
    <time>2026-07-26T09:24:12Z</time>
   </trkpt>
   <trkpt lat="22.7286520" lon="120.3103600">
    <ele>16.4</ele>
    <time>2026-07-26T09:24:13Z</time>
   </trkpt>
   <trkpt lat="22.7286510" lon="120.3103600">
    <ele>16.4</ele>
    <time>2026-07-26T09:24:14Z</time>
   </trkpt>
   <trkpt lat="22.7286510" lon="120.3103600">
    <ele>16.4</ele>
    <time>2026-07-26T09:24:15Z</time>
   </trkpt>
   <trkpt lat="22.7286470" lon="120.3103600">
    <ele>16.4</ele>
    <time>2026-07-26T09:24:16Z</time>
   </trkpt>
   <trkpt lat="22.7286470" lon="120.3103620">
    <ele>16.4</ele>
    <time>2026-07-26T09:24:17Z</time>
   </trkpt>
   <trkpt lat="22.7286470" lon="120.3103610">
    <ele>16.4</ele>
    <time>2026-07-26T09:24:18Z</time>
   </trkpt>
   <trkpt lat="22.7286460" lon="120.3103590">
    <ele>16.4</ele>
    <time>2026-07-26T09:24:19Z</time>
   </trkpt>
   <trkpt lat="22.7286460" lon="120.3103590">
    <ele>16.4</ele>
    <time>2026-07-26T09:24:20Z</time>
   </trkpt>
   <trkpt lat="22.7286460" lon="120.3103590">
    <ele>16.4</ele>
    <time>2026-07-26T09:24:21Z</time>
   </trkpt>
   <trkpt lat="22.7286460" lon="120.3103590">
    <ele>16.4</ele>
    <time>2026-07-26T09:24:22Z</time>
   </trkpt>
   <trkpt lat="22.7286480" lon="120.3103670">
    <ele>16.3</ele>
    <time>2026-07-26T09:24:23Z</time>
   </trkpt>
   <trkpt lat="22.7286470" lon="120.3103670">
    <ele>16.3</ele>
    <time>2026-07-26T09:24:24Z</time>
   </trkpt>
   <trkpt lat="22.7286480" lon="120.3103700">
    <ele>16.3</ele>
    <time>2026-07-26T09:24:25Z</time>
   </trkpt>
   <trkpt lat="22.7286480" lon="120.3103710">
    <ele>16.3</ele>
    <time>2026-07-26T09:24:26Z</time>
   </trkpt>
   <trkpt lat="22.7286480" lon="120.3103710">
    <ele>16.3</ele>
    <time>2026-07-26T09:24:27Z</time>
   </trkpt>
   <trkpt lat="22.7286490" lon="120.3103690">
    <ele>16.3</ele>
    <time>2026-07-26T09:24:28Z</time>
   </trkpt>
   <trkpt lat="22.7286470" lon="120.3103660">
    <ele>16.4</ele>
    <time>2026-07-26T09:24:29Z</time>
   </trkpt>
   <trkpt lat="22.7286500" lon="120.3103490">
    <ele>16.4</ele>
    <time>2026-07-26T09:24:30Z</time>
   </trkpt>
   <trkpt lat="22.7286600" lon="120.3103490">
    <ele>16.4</ele>
    <time>2026-07-26T09:24:31Z</time>
   </trkpt>
   <trkpt lat="22.7286720" lon="120.3103430">
    <ele>16.4</ele>
    <time>2026-07-26T09:24:32Z</time>
   </trkpt>
   <trkpt lat="22.7286710" lon="120.3103410">
    <ele>16.4</ele>
    <time>2026-07-26T09:24:33Z</time>
   </trkpt>
   <trkpt lat="22.7286730" lon="120.3103380">
    <ele>16.4</ele>
    <time>2026-07-26T09:24:34Z</time>
   </trkpt>
   <trkpt lat="22.7286730" lon="120.3103400">
    <ele>16.4</ele>
    <time>2026-07-26T09:24:35Z</time>
   </trkpt>
   <trkpt lat="22.7286750" lon="120.3103350">
    <ele>16.5</ele>
    <time>2026-07-26T09:24:36Z</time>
   </trkpt>
   <trkpt lat="22.7286880" lon="120.3103460">
    <ele>16.5</ele>
    <time>2026-07-26T09:24:37Z</time>
   </trkpt>
   <trkpt lat="22.7286860" lon="120.3103370">
    <ele>16.5</ele>
    <time>2026-07-26T09:24:38Z</time>
   </trkpt>
   <trkpt lat="22.7287000" lon="120.3103170">
    <ele>16.5</ele>
    <time>2026-07-26T09:24:39Z</time>
   </trkpt>
   <trkpt lat="22.7287050" lon="120.3103210">
    <ele>16.6</ele>
    <time>2026-07-26T09:24:40Z</time>
   </trkpt>
   <trkpt lat="22.7287170" lon="120.3103200">
    <ele>16.6</ele>
    <time>2026-07-26T09:24:41Z</time>
   </trkpt>
   <trkpt lat="22.7287150" lon="120.3102960">
    <ele>16.6</ele>
    <time>2026-07-26T09:24:42Z</time>
   </trkpt>
   <trkpt lat="22.7287200" lon="120.3102820">
    <ele>16.6</ele>
    <time>2026-07-26T09:24:43Z</time>
   </trkpt>
   <trkpt lat="22.7287210" lon="120.3102790">
    <ele>16.6</ele>
    <time>2026-07-26T09:24:44Z</time>
   </trkpt>
   <trkpt lat="22.7287250" lon="120.3102770">
    <ele>16.6</ele>
    <time>2026-07-26T09:24:45Z</time>
   </trkpt>
   <trkpt lat="22.7287360" lon="120.3102720">
    <ele>16.7</ele>
    <time>2026-07-26T09:24:46Z</time>
   </trkpt>
   <trkpt lat="22.7287460" lon="120.3102640">
    <ele>16.7</ele>
    <time>2026-07-26T09:24:47Z</time>
   </trkpt>
   <trkpt lat="22.7287510" lon="120.3102540">
    <ele>16.7</ele>
    <time>2026-07-26T09:24:48Z</time>
   </trkpt>
   <trkpt lat="22.7287580" lon="120.3102500">
    <ele>16.7</ele>
    <time>2026-07-26T09:24:49Z</time>
   </trkpt>
   <trkpt lat="22.7287660" lon="120.3102500">
    <ele>16.7</ele>
    <time>2026-07-26T09:24:50Z</time>
   </trkpt>
   <trkpt lat="22.7287740" lon="120.3102460">
    <ele>16.7</ele>
    <time>2026-07-26T09:24:51Z</time>
   </trkpt>
   <trkpt lat="22.7287920" lon="120.3102480">
    <ele>16.8</ele>
    <time>2026-07-26T09:24:52Z</time>
   </trkpt>
   <trkpt lat="22.7288030" lon="120.3102470">
    <ele>16.8</ele>
    <time>2026-07-26T09:24:53Z</time>
   </trkpt>
   <trkpt lat="22.7288200" lon="120.3102440">
    <ele>16.8</ele>
    <time>2026-07-26T09:24:54Z</time>
   </trkpt>
   <trkpt lat="22.7288290" lon="120.3102340">
    <ele>16.8</ele>
    <time>2026-07-26T09:24:55Z</time>
   </trkpt>
   <trkpt lat="22.7288370" lon="120.3102250">
    <ele>16.8</ele>
    <time>2026-07-26T09:24:56Z</time>
   </trkpt>
   <trkpt lat="22.7288480" lon="120.3102210">
    <ele>16.9</ele>
    <time>2026-07-26T09:24:57Z</time>
   </trkpt>
   <trkpt lat="22.7288610" lon="120.3102140">
    <ele>16.9</ele>
    <time>2026-07-26T09:24:58Z</time>
   </trkpt>
   <trkpt lat="22.7288730" lon="120.3102040">
    <ele>16.9</ele>
    <time>2026-07-26T09:24:59Z</time>
   </trkpt>
   <trkpt lat="22.7288930" lon="120.3101860">
    <ele>16.9</ele>
    <time>2026-07-26T09:25:00Z</time>
   </trkpt>
   <trkpt lat="22.7289000" lon="120.3101790">
    <ele>16.9</ele>
    <time>2026-07-26T09:25:01Z</time>
   </trkpt>
   <trkpt lat="22.7289010" lon="120.3101870">
    <ele>17.0</ele>
    <time>2026-07-26T09:25:02Z</time>
   </trkpt>
   <trkpt lat="22.7288850" lon="120.3101500">
    <ele>17.0</ele>
    <time>2026-07-26T09:25:03Z</time>
   </trkpt>
   <trkpt lat="22.7289160" lon="120.3101720">
    <ele>16.9</ele>
    <time>2026-07-26T09:25:04Z</time>
   </trkpt>
   <trkpt lat="22.7289170" lon="120.3101550">
    <ele>16.9</ele>
    <time>2026-07-26T09:25:05Z</time>
   </trkpt>
   <trkpt lat="22.7289180" lon="120.3101370">
    <ele>16.9</ele>
    <time>2026-07-26T09:25:06Z</time>
   </trkpt>
   <trkpt lat="22.7289190" lon="120.3101200">
    <ele>16.8</ele>
    <time>2026-07-26T09:25:07Z</time>
   </trkpt>
   <trkpt lat="22.7289530" lon="120.3101620">
    <ele>16.5</ele>
    <time>2026-07-26T09:25:08Z</time>
   </trkpt>
   <trkpt lat="22.7289510" lon="120.3101390">
    <ele>16.3</ele>
    <time>2026-07-26T09:25:09Z</time>
   </trkpt>
   <trkpt lat="22.7289480" lon="120.3101170">
    <ele>16.1</ele>
    <time>2026-07-26T09:25:10Z</time>
   </trkpt>
   <trkpt lat="22.7289460" lon="120.3100940">
    <ele>15.6</ele>
    <time>2026-07-26T09:25:11Z</time>
   </trkpt>
   <trkpt lat="22.7289800" lon="120.3101380">
    <ele>15.6</ele>
    <time>2026-07-26T09:25:12Z</time>
   </trkpt>
   <trkpt lat="22.7289920" lon="120.3101300">
    <ele>15.6</ele>
    <time>2026-07-26T09:25:13Z</time>
   </trkpt>
   <trkpt lat="22.7289800" lon="120.3100820">
    <ele>15.6</ele>
    <time>2026-07-26T09:25:14Z</time>
   </trkpt>
   <trkpt lat="22.7290100" lon="120.3100930">
    <ele>15.6</ele>
    <time>2026-07-26T09:25:15Z</time>
   </trkpt>
   <trkpt lat="22.7290400" lon="120.3101040">
    <ele>15.7</ele>
    <time>2026-07-26T09:25:16Z</time>
   </trkpt>
   <trkpt lat="22.7290360" lon="120.3101070">
    <ele>15.7</ele>
    <time>2026-07-26T09:25:17Z</time>
   </trkpt>
   <trkpt lat="22.7290440" lon="120.3101170">
    <ele>15.7</ele>
    <time>2026-07-26T09:25:18Z</time>
   </trkpt>
   <trkpt lat="22.7290510" lon="120.3101220">
    <ele>15.7</ele>
    <time>2026-07-26T09:25:19Z</time>
   </trkpt>
   <trkpt lat="22.7290600" lon="120.3101270">
    <ele>15.7</ele>
    <time>2026-07-26T09:25:20Z</time>
   </trkpt>
   <trkpt lat="22.7290660" lon="120.3101300">
    <ele>15.7</ele>
    <time>2026-07-26T09:25:21Z</time>
   </trkpt>
   <trkpt lat="22.7290730" lon="120.3101310">
    <ele>15.7</ele>
    <time>2026-07-26T09:25:22Z</time>
   </trkpt>
   <trkpt lat="22.7290790" lon="120.3101310">
    <ele>15.7</ele>
    <time>2026-07-26T09:25:23Z</time>
   </trkpt>
   <trkpt lat="22.7290800" lon="120.3101310">
    <ele>15.7</ele>
    <time>2026-07-26T09:25:24Z</time>
   </trkpt>
   <trkpt lat="22.7290940" lon="120.3101300">
    <ele>15.7</ele>
    <time>2026-07-26T09:25:25Z</time>
   </trkpt>
   <trkpt lat="22.7291010" lon="120.3101240">
    <ele>15.7</ele>
    <time>2026-07-26T09:25:26Z</time>
   </trkpt>
   <trkpt lat="22.7290970" lon="120.3101280">
    <ele>15.7</ele>
    <time>2026-07-26T09:25:27Z</time>
   </trkpt>
   <trkpt lat="22.7291020" lon="120.3101290">
    <ele>15.7</ele>
    <time>2026-07-26T09:25:28Z</time>
   </trkpt>
   <trkpt lat="22.7290990" lon="120.3101300">
    <ele>15.7</ele>
    <time>2026-07-26T09:25:29Z</time>
   </trkpt>
   <trkpt lat="22.7291070" lon="120.3101290">
    <ele>15.7</ele>
    <time>2026-07-26T09:25:30Z</time>
   </trkpt>
   <trkpt lat="22.7291110" lon="120.3101250">
    <ele>15.7</ele>
    <time>2026-07-26T09:25:31Z</time>
   </trkpt>
   <trkpt lat="22.7291070" lon="120.3101180">
    <ele>15.7</ele>
    <time>2026-07-26T09:25:32Z</time>
   </trkpt>
   <trkpt lat="22.7291100" lon="120.3101180">
    <ele>15.7</ele>
    <time>2026-07-26T09:25:33Z</time>
   </trkpt>
   <trkpt lat="22.7291190" lon="120.3101140">
    <ele>15.7</ele>
    <time>2026-07-26T09:25:34Z</time>
   </trkpt>
   <trkpt lat="22.7291180" lon="120.3101150">
    <ele>15.7</ele>
    <time>2026-07-26T09:25:35Z</time>
   </trkpt>
   <trkpt lat="22.7291160" lon="120.3101170">
    <ele>15.7</ele>
    <time>2026-07-26T09:25:36Z</time>
   </trkpt>
   <trkpt lat="22.7291140" lon="120.3101220">
    <ele>15.7</ele>
    <time>2026-07-26T09:25:37Z</time>
   </trkpt>
   <trkpt lat="22.7291180" lon="120.3101190">
    <ele>15.7</ele>
    <time>2026-07-26T09:25:38Z</time>
   </trkpt>
   <trkpt lat="22.7291160" lon="120.3101210">
    <ele>15.7</ele>
    <time>2026-07-26T09:25:39Z</time>
   </trkpt>
   <trkpt lat="22.7291190" lon="120.3101240">
    <ele>15.7</ele>
    <time>2026-07-26T09:25:40Z</time>
   </trkpt>
   <trkpt lat="22.7291220" lon="120.3101270">
    <ele>15.7</ele>
    <time>2026-07-26T09:25:41Z</time>
   </trkpt>
   <trkpt lat="22.7291080" lon="120.3101270">
    <ele>15.7</ele>
    <time>2026-07-26T09:25:42Z</time>
   </trkpt>
   <trkpt lat="22.7291170" lon="120.3101240">
    <ele>15.7</ele>
    <time>2026-07-26T09:25:43Z</time>
   </trkpt>
   <trkpt lat="22.7291150" lon="120.3101260">
    <ele>15.7</ele>
    <time>2026-07-26T09:25:44Z</time>
   </trkpt>
   <trkpt lat="22.7291150" lon="120.3101250">
    <ele>15.7</ele>
    <time>2026-07-26T09:25:45Z</time>
   </trkpt>
   <trkpt lat="22.7291150" lon="120.3101250">
    <ele>15.7</ele>
    <time>2026-07-26T09:25:46Z</time>
   </trkpt>
   <trkpt lat="22.7291060" lon="120.3101280">
    <ele>15.7</ele>
    <time>2026-07-26T09:25:47Z</time>
   </trkpt>
   <trkpt lat="22.7291060" lon="120.3101280">
    <ele>15.7</ele>
    <time>2026-07-26T09:25:48Z</time>
   </trkpt>
   <trkpt lat="22.7291030" lon="120.3101260">
    <ele>15.7</ele>
    <time>2026-07-26T09:25:49Z</time>
   </trkpt>
   <trkpt lat="22.7290950" lon="120.3101250">
    <ele>15.7</ele>
    <time>2026-07-26T09:25:50Z</time>
   </trkpt>
   <trkpt lat="22.7291010" lon="120.3101220">
    <ele>15.7</ele>
    <time>2026-07-26T09:25:51Z</time>
   </trkpt>
   <trkpt lat="22.7291020" lon="120.3101250">
    <ele>15.7</ele>
    <time>2026-07-26T09:25:52Z</time>
   </trkpt>
   <trkpt lat="22.7291070" lon="120.3101320">
    <ele>15.7</ele>
    <time>2026-07-26T09:25:53Z</time>
   </trkpt>
   <trkpt lat="22.7291090" lon="120.3101420">
    <ele>15.7</ele>
    <time>2026-07-26T09:25:54Z</time>
   </trkpt>
   <trkpt lat="22.7291050" lon="120.3101390">
    <ele>15.7</ele>
    <time>2026-07-26T09:25:55Z</time>
   </trkpt>
   <trkpt lat="22.7291090" lon="120.3101410">
    <ele>15.7</ele>
    <time>2026-07-26T09:25:56Z</time>
   </trkpt>
   <trkpt lat="22.7291040" lon="120.3101420">
    <ele>15.7</ele>
    <time>2026-07-26T09:25:57Z</time>
   </trkpt>
   <trkpt lat="22.7291010" lon="120.3101430">
    <ele>15.7</ele>
    <time>2026-07-26T09:25:58Z</time>
   </trkpt>
   <trkpt lat="22.7291010" lon="120.3101470">
    <ele>15.7</ele>
    <time>2026-07-26T09:25:59Z</time>
   </trkpt>
   <trkpt lat="22.7291030" lon="120.3101470">
    <ele>15.7</ele>
    <time>2026-07-26T09:26:00Z</time>
   </trkpt>
   <trkpt lat="22.7291010" lon="120.3101510">
    <ele>15.7</ele>
    <time>2026-07-26T09:26:01Z</time>
   </trkpt>
   <trkpt lat="22.7290950" lon="120.3101570">
    <ele>15.7</ele>
    <time>2026-07-26T09:26:02Z</time>
   </trkpt>
   <trkpt lat="22.7290930" lon="120.3101650">
    <ele>15.8</ele>
    <time>2026-07-26T09:26:03Z</time>
   </trkpt>
   <trkpt lat="22.7291020" lon="120.3101680">
    <ele>15.8</ele>
    <time>2026-07-26T09:26:04Z</time>
   </trkpt>
   <trkpt lat="22.7291020" lon="120.3101680">
    <ele>15.8</ele>
    <time>2026-07-26T09:26:05Z</time>
   </trkpt>
   <trkpt lat="22.7291040" lon="120.3101670">
    <ele>15.8</ele>
    <time>2026-07-26T09:26:06Z</time>
   </trkpt>
   <trkpt lat="22.7291080" lon="120.3101660">
    <ele>15.8</ele>
    <time>2026-07-26T09:26:07Z</time>
   </trkpt>
   <trkpt lat="22.7291010" lon="120.3101650">
    <ele>15.8</ele>
    <time>2026-07-26T09:26:08Z</time>
   </trkpt>
   <trkpt lat="22.7291010" lon="120.3101640">
    <ele>15.8</ele>
    <time>2026-07-26T09:26:09Z</time>
   </trkpt>
   <trkpt lat="22.7291000" lon="120.3101660">
    <ele>15.8</ele>
    <time>2026-07-26T09:26:10Z</time>
   </trkpt>
   <trkpt lat="22.7291000" lon="120.3101660">
    <ele>15.8</ele>
    <time>2026-07-26T09:26:11Z</time>
   </trkpt>
   <trkpt lat="22.7291060" lon="120.3101510">
    <ele>15.8</ele>
    <time>2026-07-26T09:26:12Z</time>
   </trkpt>
   <trkpt lat="22.7291080" lon="120.3101470">
    <ele>15.8</ele>
    <time>2026-07-26T09:26:14Z</time>
   </trkpt>
   <trkpt lat="22.7291100" lon="120.3101500">
    <ele>15.8</ele>
    <time>2026-07-26T09:26:15Z</time>
   </trkpt>
   <trkpt lat="22.7291050" lon="120.3101520">
    <ele>15.8</ele>
    <time>2026-07-26T09:26:16Z</time>
   </trkpt>
   <trkpt lat="22.7290950" lon="120.3101480">
    <ele>15.8</ele>
    <time>2026-07-26T09:26:17Z</time>
   </trkpt>
   <trkpt lat="22.7290920" lon="120.3101430">
    <ele>15.8</ele>
    <time>2026-07-26T09:26:18Z</time>
   </trkpt>
   <trkpt lat="22.7290950" lon="120.3101520">
    <ele>15.8</ele>
    <time>2026-07-26T09:26:19Z</time>
   </trkpt>
   <trkpt lat="22.7290970" lon="120.3101630">
    <ele>15.8</ele>
    <time>2026-07-26T09:26:20Z</time>
   </trkpt>
   <trkpt lat="22.7291050" lon="120.3101810">
    <ele>15.8</ele>
    <time>2026-07-26T09:26:21Z</time>
   </trkpt>
   <trkpt lat="22.7291130" lon="120.3101880">
    <ele>15.8</ele>
    <time>2026-07-26T09:26:22Z</time>
   </trkpt>
   <trkpt lat="22.7291160" lon="120.3101900">
    <ele>15.8</ele>
    <time>2026-07-26T09:26:23Z</time>
   </trkpt>
   <trkpt lat="22.7291240" lon="120.3102000">
    <ele>15.8</ele>
    <time>2026-07-26T09:26:24Z</time>
   </trkpt>
   <trkpt lat="22.7291390" lon="120.3102010">
    <ele>15.8</ele>
    <time>2026-07-26T09:26:25Z</time>
   </trkpt>
   <trkpt lat="22.7291400" lon="120.3102140">
    <ele>15.8</ele>
    <time>2026-07-26T09:26:26Z</time>
   </trkpt>
   <trkpt lat="22.7291390" lon="120.3102240">
    <ele>15.8</ele>
    <time>2026-07-26T09:26:27Z</time>
   </trkpt>
   <trkpt lat="22.7291390" lon="120.3102300">
    <ele>15.8</ele>
    <time>2026-07-26T09:26:28Z</time>
   </trkpt>
   <trkpt lat="22.7291340" lon="120.3102330">
    <ele>15.8</ele>
    <time>2026-07-26T09:26:29Z</time>
   </trkpt>
   <trkpt lat="22.7291350" lon="120.3102380">
    <ele>15.8</ele>
    <time>2026-07-26T09:26:30Z</time>
   </trkpt>
   <trkpt lat="22.7291320" lon="120.3102410">
    <ele>15.8</ele>
    <time>2026-07-26T09:26:31Z</time>
   </trkpt>
   <trkpt lat="22.7291270" lon="120.3102380">
    <ele>15.8</ele>
    <time>2026-07-26T09:26:32Z</time>
   </trkpt>
   <trkpt lat="22.7291180" lon="120.3102290">
    <ele>15.8</ele>
    <time>2026-07-26T09:26:33Z</time>
   </trkpt>
   <trkpt lat="22.7291120" lon="120.3102310">
    <ele>15.8</ele>
    <time>2026-07-26T09:26:34Z</time>
   </trkpt>
   <trkpt lat="22.7291120" lon="120.3102330">
    <ele>15.8</ele>
    <time>2026-07-26T09:26:35Z</time>
   </trkpt>
   <trkpt lat="22.7291140" lon="120.3102330">
    <ele>15.8</ele>
    <time>2026-07-26T09:26:36Z</time>
   </trkpt>
   <trkpt lat="22.7291090" lon="120.3102360">
    <ele>15.8</ele>
    <time>2026-07-26T09:26:37Z</time>
   </trkpt>
   <trkpt lat="22.7291040" lon="120.3102350">
    <ele>15.8</ele>
    <time>2026-07-26T09:26:38Z</time>
   </trkpt>
   <trkpt lat="22.7291030" lon="120.3102230">
    <ele>15.9</ele>
    <time>2026-07-26T09:26:39Z</time>
   </trkpt>
   <trkpt lat="22.7291090" lon="120.3102130">
    <ele>15.9</ele>
    <time>2026-07-26T09:26:40Z</time>
   </trkpt>
   <trkpt lat="22.7291070" lon="120.3102190">
    <ele>15.9</ele>
    <time>2026-07-26T09:26:41Z</time>
   </trkpt>
   <trkpt lat="22.7291040" lon="120.3102230">
    <ele>15.9</ele>
    <time>2026-07-26T09:26:42Z</time>
   </trkpt>
   <trkpt lat="22.7291060" lon="120.3102320">
    <ele>15.9</ele>
    <time>2026-07-26T09:26:43Z</time>
   </trkpt>
   <trkpt lat="22.7291070" lon="120.3102390">
    <ele>15.9</ele>
    <time>2026-07-26T09:26:44Z</time>
   </trkpt>
   <trkpt lat="22.7291110" lon="120.3102420">
    <ele>15.9</ele>
    <time>2026-07-26T09:26:45Z</time>
   </trkpt>
   <trkpt lat="22.7291310" lon="120.3102610">
    <ele>15.9</ele>
    <time>2026-07-26T09:26:46Z</time>
   </trkpt>
   <trkpt lat="22.7291330" lon="120.3102680">
    <ele>15.9</ele>
    <time>2026-07-26T09:26:47Z</time>
   </trkpt>
   <trkpt lat="22.7291390" lon="120.3102680">
    <ele>15.9</ele>
    <time>2026-07-26T09:26:48Z</time>
   </trkpt>
   <trkpt lat="22.7291380" lon="120.3102720">
    <ele>15.9</ele>
    <time>2026-07-26T09:26:49Z</time>
   </trkpt>
   <trkpt lat="22.7291390" lon="120.3102760">
    <ele>15.9</ele>
    <time>2026-07-26T09:26:50Z</time>
   </trkpt>
   <trkpt lat="22.7291350" lon="120.3102700">
    <ele>15.9</ele>
    <time>2026-07-26T09:26:51Z</time>
   </trkpt>
   <trkpt lat="22.7291320" lon="120.3102760">
    <ele>15.9</ele>
    <time>2026-07-26T09:26:52Z</time>
   </trkpt>
   <trkpt lat="22.7291330" lon="120.3102720">
    <ele>15.9</ele>
    <time>2026-07-26T09:26:53Z</time>
   </trkpt>
   <trkpt lat="22.7291320" lon="120.3102730">
    <ele>15.9</ele>
    <time>2026-07-26T09:26:54Z</time>
   </trkpt>
   <trkpt lat="22.7291260" lon="120.3102720">
    <ele>15.9</ele>
    <time>2026-07-26T09:26:55Z</time>
   </trkpt>
   <trkpt lat="22.7291300" lon="120.3102740">
    <ele>15.9</ele>
    <time>2026-07-26T09:26:56Z</time>
   </trkpt>
   <trkpt lat="22.7291200" lon="120.3102770">
    <ele>15.9</ele>
    <time>2026-07-26T09:26:57Z</time>
   </trkpt>
   <trkpt lat="22.7291120" lon="120.3102710">
    <ele>15.9</ele>
    <time>2026-07-26T09:26:58Z</time>
   </trkpt>
   <trkpt lat="22.7291160" lon="120.3102640">
    <ele>15.9</ele>
    <time>2026-07-26T09:26:59Z</time>
   </trkpt>
   <trkpt lat="22.7291260" lon="120.3102640">
    <ele>15.9</ele>
    <time>2026-07-26T09:27:00Z</time>
   </trkpt>
   <trkpt lat="22.7291270" lon="120.3102600">
    <ele>15.9</ele>
    <time>2026-07-26T09:27:01Z</time>
   </trkpt>
   <trkpt lat="22.7291290" lon="120.3102590">
    <ele>15.9</ele>
    <time>2026-07-26T09:27:02Z</time>
   </trkpt>
   <trkpt lat="22.7291290" lon="120.3102600">
    <ele>15.9</ele>
    <time>2026-07-26T09:27:03Z</time>
   </trkpt>
   <trkpt lat="22.7291350" lon="120.3102560">
    <ele>15.9</ele>
    <time>2026-07-26T09:27:04Z</time>
   </trkpt>
   <trkpt lat="22.7291460" lon="120.3102550">
    <ele>15.9</ele>
    <time>2026-07-26T09:27:05Z</time>
   </trkpt>
   <trkpt lat="22.7291560" lon="120.3102590">
    <ele>16.0</ele>
    <time>2026-07-26T09:27:06Z</time>
   </trkpt>
   <trkpt lat="22.7291650" lon="120.3102630">
    <ele>16.0</ele>
    <time>2026-07-26T09:27:07Z</time>
   </trkpt>
   <trkpt lat="22.7291680" lon="120.3102650">
    <ele>16.0</ele>
    <time>2026-07-26T09:27:08Z</time>
   </trkpt>
   <trkpt lat="22.7291710" lon="120.3102680">
    <ele>16.0</ele>
    <time>2026-07-26T09:27:09Z</time>
   </trkpt>
   <trkpt lat="22.7291730" lon="120.3102700">
    <ele>16.0</ele>
    <time>2026-07-26T09:27:10Z</time>
   </trkpt>
   <trkpt lat="22.7291830" lon="120.3102700">
    <ele>16.0</ele>
    <time>2026-07-26T09:27:11Z</time>
   </trkpt>
   <trkpt lat="22.7291890" lon="120.3102690">
    <ele>16.0</ele>
    <time>2026-07-26T09:27:12Z</time>
   </trkpt>
   <trkpt lat="22.7291950" lon="120.3102770">
    <ele>16.0</ele>
    <time>2026-07-26T09:27:13Z</time>
   </trkpt>
   <trkpt lat="22.7291950" lon="120.3102770">
    <ele>16.0</ele>
    <time>2026-07-26T09:27:14Z</time>
   </trkpt>
   <trkpt lat="22.7291860" lon="120.3102880">
    <ele>16.0</ele>
    <time>2026-07-26T09:27:15Z</time>
   </trkpt>
   <trkpt lat="22.7291860" lon="120.3102880">
    <ele>16.0</ele>
    <time>2026-07-26T09:27:16Z</time>
   </trkpt>
   <trkpt lat="22.7291860" lon="120.3102880">
    <ele>16.0</ele>
    <time>2026-07-26T09:27:17Z</time>
   </trkpt>
   <trkpt lat="22.7291820" lon="120.3102870">
    <ele>16.0</ele>
    <time>2026-07-26T09:27:18Z</time>
   </trkpt>
   <trkpt lat="22.7291820" lon="120.3102870">
    <ele>16.0</ele>
    <time>2026-07-26T09:27:19Z</time>
   </trkpt>
   <trkpt lat="22.7291830" lon="120.3102970">
    <ele>16.0</ele>
    <time>2026-07-26T09:27:20Z</time>
   </trkpt>
   <trkpt lat="22.7291800" lon="120.3103040">
    <ele>16.0</ele>
    <time>2026-07-26T09:27:21Z</time>
   </trkpt>
   <trkpt lat="22.7291770" lon="120.3103130">
    <ele>16.0</ele>
    <time>2026-07-26T09:27:22Z</time>
   </trkpt>
   <trkpt lat="22.7291760" lon="120.3103130">
    <ele>16.0</ele>
    <time>2026-07-26T09:27:23Z</time>
   </trkpt>
   <trkpt lat="22.7291740" lon="120.3103100">
    <ele>16.0</ele>
    <time>2026-07-26T09:27:24Z</time>
   </trkpt>
   <trkpt lat="22.7291740" lon="120.3103080">
    <ele>16.0</ele>
    <time>2026-07-26T09:27:25Z</time>
   </trkpt>
   <trkpt lat="22.7291690" lon="120.3103060">
    <ele>16.0</ele>
    <time>2026-07-26T09:27:26Z</time>
   </trkpt>
   <trkpt lat="22.7291720" lon="120.3103090">
    <ele>16.0</ele>
    <time>2026-07-26T09:27:27Z</time>
   </trkpt>
   <trkpt lat="22.7291790" lon="120.3103110">
    <ele>16.0</ele>
    <time>2026-07-26T09:27:28Z</time>
   </trkpt>
   <trkpt lat="22.7291810" lon="120.3103200">
    <ele>16.0</ele>
    <time>2026-07-26T09:27:29Z</time>
   </trkpt>
   <trkpt lat="22.7291770" lon="120.3103270">
    <ele>16.0</ele>
    <time>2026-07-26T09:27:30Z</time>
   </trkpt>
   <trkpt lat="22.7291770" lon="120.3103320">
    <ele>16.0</ele>
    <time>2026-07-26T09:27:31Z</time>
   </trkpt>
   <trkpt lat="22.7291830" lon="120.3103350">
    <ele>16.0</ele>
    <time>2026-07-26T09:27:32Z</time>
   </trkpt>
   <trkpt lat="22.7291990" lon="120.3103430">
    <ele>16.0</ele>
    <time>2026-07-26T09:27:33Z</time>
   </trkpt>
   <trkpt lat="22.7292120" lon="120.3103500">
    <ele>16.0</ele>
    <time>2026-07-26T09:27:34Z</time>
   </trkpt>
   <trkpt lat="22.7292240" lon="120.3103610">
    <ele>16.0</ele>
    <time>2026-07-26T09:27:35Z</time>
   </trkpt>
   <trkpt lat="22.7292320" lon="120.3103720">
    <ele>16.1</ele>
    <time>2026-07-26T09:27:36Z</time>
   </trkpt>
   <trkpt lat="22.7292380" lon="120.3103800">
    <ele>16.1</ele>
    <time>2026-07-26T09:27:37Z</time>
   </trkpt>
   <trkpt lat="22.7292430" lon="120.3103920">
    <ele>16.1</ele>
    <time>2026-07-26T09:27:38Z</time>
   </trkpt>
   <trkpt lat="22.7292460" lon="120.3104000">
    <ele>16.1</ele>
    <time>2026-07-26T09:27:39Z</time>
   </trkpt>
   <trkpt lat="22.7292450" lon="120.3104070">
    <ele>16.1</ele>
    <time>2026-07-26T09:27:40Z</time>
   </trkpt>
   <trkpt lat="22.7292490" lon="120.3104130">
    <ele>16.1</ele>
    <time>2026-07-26T09:27:41Z</time>
   </trkpt>
   <trkpt lat="22.7292440" lon="120.3104210">
    <ele>16.1</ele>
    <time>2026-07-26T09:27:42Z</time>
   </trkpt>
   <trkpt lat="22.7292420" lon="120.3104270">
    <ele>16.1</ele>
    <time>2026-07-26T09:27:43Z</time>
   </trkpt>
   <trkpt lat="22.7292510" lon="120.3104390">
    <ele>16.1</ele>
    <time>2026-07-26T09:27:44Z</time>
   </trkpt>
   <trkpt lat="22.7292610" lon="120.3104440">
    <ele>16.1</ele>
    <time>2026-07-26T09:27:45Z</time>
   </trkpt>
   <trkpt lat="22.7292680" lon="120.3104470">
    <ele>16.1</ele>
    <time>2026-07-26T09:27:46Z</time>
   </trkpt>
   <trkpt lat="22.7292750" lon="120.3104490">
    <ele>16.1</ele>
    <time>2026-07-26T09:27:47Z</time>
   </trkpt>
   <trkpt lat="22.7292780" lon="120.3104510">
    <ele>16.1</ele>
    <time>2026-07-26T09:27:48Z</time>
   </trkpt>
   <trkpt lat="22.7292840" lon="120.3104560">
    <ele>16.1</ele>
    <time>2026-07-26T09:27:49Z</time>
   </trkpt>
   <trkpt lat="22.7292890" lon="120.3104630">
    <ele>16.1</ele>
    <time>2026-07-26T09:27:50Z</time>
   </trkpt>
   <trkpt lat="22.7292960" lon="120.3104700">
    <ele>16.1</ele>
    <time>2026-07-26T09:27:51Z</time>
   </trkpt>
   <trkpt lat="22.7293000" lon="120.3104820">
    <ele>16.1</ele>
    <time>2026-07-26T09:27:52Z</time>
   </trkpt>
   <trkpt lat="22.7293010" lon="120.3104900">
    <ele>16.1</ele>
    <time>2026-07-26T09:27:53Z</time>
   </trkpt>
   <trkpt lat="22.7293020" lon="120.3104950">
    <ele>16.1</ele>
    <time>2026-07-26T09:27:54Z</time>
   </trkpt>
   <trkpt lat="22.7293040" lon="120.3105030">
    <ele>16.1</ele>
    <time>2026-07-26T09:27:55Z</time>
   </trkpt>
   <trkpt lat="22.7293180" lon="120.3105170">
    <ele>16.1</ele>
    <time>2026-07-26T09:27:57Z</time>
   </trkpt>
   <trkpt lat="22.7293210" lon="120.3105260">
    <ele>16.1</ele>
    <time>2026-07-26T09:27:58Z</time>
   </trkpt>
   <trkpt lat="22.7293320" lon="120.3105310">
    <ele>16.1</ele>
    <time>2026-07-26T09:27:59Z</time>
   </trkpt>
   <trkpt lat="22.7293370" lon="120.3105410">
    <ele>16.1</ele>
    <time>2026-07-26T09:28:00Z</time>
   </trkpt>
   <trkpt lat="22.7293420" lon="120.3105500">
    <ele>16.1</ele>
    <time>2026-07-26T09:28:01Z</time>
   </trkpt>
   <trkpt lat="22.7293470" lon="120.3105560">
    <ele>16.1</ele>
    <time>2026-07-26T09:28:02Z</time>
   </trkpt>
   <trkpt lat="22.7293500" lon="120.3105630">
    <ele>16.1</ele>
    <time>2026-07-26T09:28:03Z</time>
   </trkpt>
   <trkpt lat="22.7293490" lon="120.3105710">
    <ele>16.2</ele>
    <time>2026-07-26T09:28:04Z</time>
   </trkpt>
   <trkpt lat="22.7293510" lon="120.3105810">
    <ele>16.2</ele>
    <time>2026-07-26T09:28:05Z</time>
   </trkpt>
   <trkpt lat="22.7293560" lon="120.3105890">
    <ele>16.2</ele>
    <time>2026-07-26T09:28:06Z</time>
   </trkpt>
   <trkpt lat="22.7293570" lon="120.3106000">
    <ele>16.2</ele>
    <time>2026-07-26T09:28:07Z</time>
   </trkpt>
   <trkpt lat="22.7293550" lon="120.3106100">
    <ele>16.2</ele>
    <time>2026-07-26T09:28:08Z</time>
   </trkpt>
   <trkpt lat="22.7293560" lon="120.3106210">
    <ele>16.2</ele>
    <time>2026-07-26T09:28:09Z</time>
   </trkpt>
   <trkpt lat="22.7293640" lon="120.3106280">
    <ele>16.2</ele>
    <time>2026-07-26T09:28:10Z</time>
   </trkpt>
   <trkpt lat="22.7293670" lon="120.3106420">
    <ele>16.2</ele>
    <time>2026-07-26T09:28:11Z</time>
   </trkpt>
   <trkpt lat="22.7293690" lon="120.3106520">
    <ele>16.2</ele>
    <time>2026-07-26T09:28:12Z</time>
   </trkpt>
   <trkpt lat="22.7293710" lon="120.3106590">
    <ele>16.2</ele>
    <time>2026-07-26T09:28:13Z</time>
   </trkpt>
   <trkpt lat="22.7293750" lon="120.3106680">
    <ele>16.2</ele>
    <time>2026-07-26T09:28:14Z</time>
   </trkpt>
   <trkpt lat="22.7293760" lon="120.3106740">
    <ele>16.2</ele>
    <time>2026-07-26T09:28:15Z</time>
   </trkpt>
   <trkpt lat="22.7293780" lon="120.3106680">
    <ele>16.2</ele>
    <time>2026-07-26T09:28:16Z</time>
   </trkpt>
   <trkpt lat="22.7293800" lon="120.3106630">
    <ele>16.2</ele>
    <time>2026-07-26T09:28:17Z</time>
   </trkpt>
   <trkpt lat="22.7293760" lon="120.3106720">
    <ele>16.2</ele>
    <time>2026-07-26T09:28:18Z</time>
   </trkpt>
   <trkpt lat="22.7293790" lon="120.3106820">
    <ele>16.2</ele>
    <time>2026-07-26T09:28:19Z</time>
   </trkpt>
   <trkpt lat="22.7293880" lon="120.3106910">
    <ele>16.2</ele>
    <time>2026-07-26T09:28:20Z</time>
   </trkpt>
   <trkpt lat="22.7293920" lon="120.3106990">
    <ele>16.2</ele>
    <time>2026-07-26T09:28:21Z</time>
   </trkpt>
   <trkpt lat="22.7293950" lon="120.3107150">
    <ele>16.2</ele>
    <time>2026-07-26T09:28:22Z</time>
   </trkpt>
   <trkpt lat="22.7293960" lon="120.3107190">
    <ele>16.2</ele>
    <time>2026-07-26T09:28:23Z</time>
   </trkpt>
   <trkpt lat="22.7293970" lon="120.3107280">
    <ele>16.2</ele>
    <time>2026-07-26T09:28:24Z</time>
   </trkpt>
   <trkpt lat="22.7294010" lon="120.3107360">
    <ele>16.2</ele>
    <time>2026-07-26T09:28:25Z</time>
   </trkpt>
   <trkpt lat="22.7294010" lon="120.3107360">
    <ele>16.2</ele>
    <time>2026-07-26T09:28:26Z</time>
   </trkpt>
   <trkpt lat="22.7293980" lon="120.3107390">
    <ele>16.2</ele>
    <time>2026-07-26T09:28:27Z</time>
   </trkpt>
   <trkpt lat="22.7294000" lon="120.3107360">
    <ele>16.2</ele>
    <time>2026-07-26T09:28:28Z</time>
   </trkpt>
   <trkpt lat="22.7294090" lon="120.3107450">
    <ele>16.2</ele>
    <time>2026-07-26T09:28:29Z</time>
   </trkpt>
   <trkpt lat="22.7294090" lon="120.3107470">
    <ele>16.2</ele>
    <time>2026-07-26T09:28:30Z</time>
   </trkpt>
   <trkpt lat="22.7294030" lon="120.3107490">
    <ele>16.3</ele>
    <time>2026-07-26T09:28:31Z</time>
   </trkpt>
   <trkpt lat="22.7293990" lon="120.3107540">
    <ele>16.3</ele>
    <time>2026-07-26T09:28:32Z</time>
   </trkpt>
   <trkpt lat="22.7294010" lon="120.3107460">
    <ele>16.3</ele>
    <time>2026-07-26T09:28:33Z</time>
   </trkpt>
   <trkpt lat="22.7293990" lon="120.3107510">
    <ele>16.3</ele>
    <time>2026-07-26T09:28:34Z</time>
   </trkpt>
   <trkpt lat="22.7294020" lon="120.3107520">
    <ele>16.3</ele>
    <time>2026-07-26T09:28:35Z</time>
   </trkpt>
   <trkpt lat="22.7293960" lon="120.3107480">
    <ele>16.3</ele>
    <time>2026-07-26T09:28:36Z</time>
   </trkpt>
   <trkpt lat="22.7293940" lon="120.3107420">
    <ele>16.3</ele>
    <time>2026-07-26T09:28:37Z</time>
   </trkpt>
   <trkpt lat="22.7293910" lon="120.3107430">
    <ele>16.3</ele>
    <time>2026-07-26T09:28:38Z</time>
   </trkpt>
   <trkpt lat="22.7293930" lon="120.3107480">
    <ele>16.3</ele>
    <time>2026-07-26T09:28:39Z</time>
   </trkpt>
   <trkpt lat="22.7293950" lon="120.3107290">
    <ele>16.3</ele>
    <time>2026-07-26T09:28:40Z</time>
   </trkpt>
   <trkpt lat="22.7293940" lon="120.3107230">
    <ele>16.3</ele>
    <time>2026-07-26T09:28:41Z</time>
   </trkpt>
   <trkpt lat="22.7293920" lon="120.3107270">
    <ele>16.3</ele>
    <time>2026-07-26T09:28:42Z</time>
   </trkpt>
   <trkpt lat="22.7293910" lon="120.3107290">
    <ele>16.3</ele>
    <time>2026-07-26T09:28:43Z</time>
   </trkpt>
   <trkpt lat="22.7293910" lon="120.3107270">
    <ele>16.3</ele>
    <time>2026-07-26T09:28:44Z</time>
   </trkpt>
   <trkpt lat="22.7293910" lon="120.3107320">
    <ele>16.3</ele>
    <time>2026-07-26T09:28:45Z</time>
   </trkpt>
   <trkpt lat="22.7293910" lon="120.3107350">
    <ele>16.3</ele>
    <time>2026-07-26T09:28:46Z</time>
   </trkpt>
   <trkpt lat="22.7293960" lon="120.3107370">
    <ele>16.3</ele>
    <time>2026-07-26T09:28:47Z</time>
   </trkpt>
   <trkpt lat="22.7293960" lon="120.3107420">
    <ele>16.3</ele>
    <time>2026-07-26T09:28:48Z</time>
   </trkpt>
   <trkpt lat="22.7293960" lon="120.3107410">
    <ele>16.3</ele>
    <time>2026-07-26T09:28:49Z</time>
   </trkpt>
   <trkpt lat="22.7293940" lon="120.3107370">
    <ele>16.4</ele>
    <time>2026-07-26T09:28:50Z</time>
   </trkpt>
   <trkpt lat="22.7293930" lon="120.3107380">
    <ele>16.4</ele>
    <time>2026-07-26T09:28:51Z</time>
   </trkpt>
   <trkpt lat="22.7293930" lon="120.3107380">
    <ele>16.4</ele>
    <time>2026-07-26T09:28:52Z</time>
   </trkpt>
   <trkpt lat="22.7293930" lon="120.3107380">
    <ele>16.4</ele>
    <time>2026-07-26T09:28:53Z</time>
   </trkpt>
   <trkpt lat="22.7293830" lon="120.3107430">
    <ele>16.4</ele>
    <time>2026-07-26T09:28:54Z</time>
   </trkpt>
   <trkpt lat="22.7293850" lon="120.3107420">
    <ele>16.4</ele>
    <time>2026-07-26T09:28:55Z</time>
   </trkpt>
   <trkpt lat="22.7293850" lon="120.3107430">
    <ele>16.4</ele>
    <time>2026-07-26T09:28:56Z</time>
   </trkpt>
   <trkpt lat="22.7293850" lon="120.3107430">
    <ele>16.4</ele>
    <time>2026-07-26T09:28:57Z</time>
   </trkpt>
   <trkpt lat="22.7293830" lon="120.3107430">
    <ele>16.4</ele>
    <time>2026-07-26T09:28:58Z</time>
   </trkpt>
   <trkpt lat="22.7293830" lon="120.3107410">
    <ele>16.4</ele>
    <time>2026-07-26T09:28:59Z</time>
   </trkpt>
   <trkpt lat="22.7293830" lon="120.3107430">
    <ele>16.4</ele>
    <time>2026-07-26T09:29:00Z</time>
   </trkpt>
   <trkpt lat="22.7293850" lon="120.3107360">
    <ele>16.4</ele>
    <time>2026-07-26T09:29:01Z</time>
   </trkpt>
   <trkpt lat="22.7293950" lon="120.3107320">
    <ele>16.4</ele>
    <time>2026-07-26T09:29:02Z</time>
   </trkpt>
   <trkpt lat="22.7294000" lon="120.3107290">
    <ele>16.4</ele>
    <time>2026-07-26T09:29:03Z</time>
   </trkpt>
   <trkpt lat="22.7294000" lon="120.3107320">
    <ele>16.4</ele>
    <time>2026-07-26T09:29:04Z</time>
   </trkpt>
   <trkpt lat="22.7294000" lon="120.3107340">
    <ele>16.4</ele>
    <time>2026-07-26T09:29:05Z</time>
   </trkpt>
   <trkpt lat="22.7294040" lon="120.3107340">
    <ele>16.4</ele>
    <time>2026-07-26T09:29:06Z</time>
   </trkpt>
   <trkpt lat="22.7294090" lon="120.3107370">
    <ele>16.4</ele>
    <time>2026-07-26T09:29:07Z</time>
   </trkpt>
   <trkpt lat="22.7294170" lon="120.3107360">
    <ele>16.4</ele>
    <time>2026-07-26T09:29:08Z</time>
   </trkpt>
   <trkpt lat="22.7294240" lon="120.3107380">
    <ele>16.4</ele>
    <time>2026-07-26T09:29:09Z</time>
   </trkpt>
   <trkpt lat="22.7294250" lon="120.3107390">
    <ele>16.4</ele>
    <time>2026-07-26T09:29:10Z</time>
   </trkpt>
   <trkpt lat="22.7294330" lon="120.3107350">
    <ele>16.4</ele>
    <time>2026-07-26T09:29:11Z</time>
   </trkpt>
   <trkpt lat="22.7294440" lon="120.3107370">
    <ele>16.4</ele>
    <time>2026-07-26T09:29:12Z</time>
   </trkpt>
   <trkpt lat="22.7294480" lon="120.3107310">
    <ele>16.5</ele>
    <time>2026-07-26T09:29:13Z</time>
   </trkpt>
   <trkpt lat="22.7294500" lon="120.3107400">
    <ele>16.5</ele>
    <time>2026-07-26T09:29:14Z</time>
   </trkpt>
   <trkpt lat="22.7294450" lon="120.3107420">
    <ele>16.5</ele>
    <time>2026-07-26T09:29:15Z</time>
   </trkpt>
   <trkpt lat="22.7294440" lon="120.3107410">
    <ele>16.5</ele>
    <time>2026-07-26T09:29:16Z</time>
   </trkpt>
   <trkpt lat="22.7294420" lon="120.3107380">
    <ele>16.5</ele>
    <time>2026-07-26T09:29:17Z</time>
   </trkpt>
   <trkpt lat="22.7294430" lon="120.3107380">
    <ele>16.5</ele>
    <time>2026-07-26T09:29:18Z</time>
   </trkpt>
   <trkpt lat="22.7294430" lon="120.3107370">
    <ele>16.5</ele>
    <time>2026-07-26T09:29:19Z</time>
   </trkpt>
   <trkpt lat="22.7294400" lon="120.3107350">
    <ele>16.5</ele>
    <time>2026-07-26T09:29:20Z</time>
   </trkpt>
   <trkpt lat="22.7294390" lon="120.3107340">
    <ele>16.5</ele>
    <time>2026-07-26T09:29:21Z</time>
   </trkpt>
   <trkpt lat="22.7294420" lon="120.3107400">
    <ele>16.5</ele>
    <time>2026-07-26T09:29:22Z</time>
   </trkpt>
   <trkpt lat="22.7294410" lon="120.3107400">
    <ele>16.5</ele>
    <time>2026-07-26T09:29:23Z</time>
   </trkpt>
   <trkpt lat="22.7294410" lon="120.3107420">
    <ele>16.5</ele>
    <time>2026-07-26T09:29:24Z</time>
   </trkpt>
   <trkpt lat="22.7294410" lon="120.3107430">
    <ele>16.5</ele>
    <time>2026-07-26T09:29:25Z</time>
   </trkpt>
   <trkpt lat="22.7294450" lon="120.3107420">
    <ele>16.5</ele>
    <time>2026-07-26T09:29:26Z</time>
   </trkpt>
   <trkpt lat="22.7294420" lon="120.3107420">
    <ele>16.5</ele>
    <time>2026-07-26T09:29:27Z</time>
   </trkpt>
   <trkpt lat="22.7294420" lon="120.3107430">
    <ele>16.5</ele>
    <time>2026-07-26T09:29:28Z</time>
   </trkpt>
   <trkpt lat="22.7294420" lon="120.3107440">
    <ele>16.5</ele>
    <time>2026-07-26T09:29:29Z</time>
   </trkpt>
   <trkpt lat="22.7294420" lon="120.3107460">
    <ele>16.5</ele>
    <time>2026-07-26T09:29:30Z</time>
   </trkpt>
   <trkpt lat="22.7294420" lon="120.3107460">
    <ele>16.5</ele>
    <time>2026-07-26T09:29:31Z</time>
   </trkpt>
   <trkpt lat="22.7294420" lon="120.3107510">
    <ele>16.5</ele>
    <time>2026-07-26T09:29:32Z</time>
   </trkpt>
   <trkpt lat="22.7294440" lon="120.3107540">
    <ele>16.5</ele>
    <time>2026-07-26T09:29:33Z</time>
   </trkpt>
   <trkpt lat="22.7294440" lon="120.3107560">
    <ele>16.5</ele>
    <time>2026-07-26T09:29:34Z</time>
   </trkpt>
   <trkpt lat="22.7294440" lon="120.3107560">
    <ele>16.5</ele>
    <time>2026-07-26T09:29:35Z</time>
   </trkpt>
   <trkpt lat="22.7294420" lon="120.3107550">
    <ele>16.5</ele>
    <time>2026-07-26T09:29:36Z</time>
   </trkpt>
   <trkpt lat="22.7294430" lon="120.3107540">
    <ele>16.5</ele>
    <time>2026-07-26T09:29:37Z</time>
   </trkpt>
   <trkpt lat="22.7294440" lon="120.3107550">
    <ele>16.5</ele>
    <time>2026-07-26T09:29:38Z</time>
   </trkpt>
   <trkpt lat="22.7294430" lon="120.3107580">
    <ele>16.5</ele>
    <time>2026-07-26T09:29:39Z</time>
   </trkpt>
   <trkpt lat="22.7294390" lon="120.3107570">
    <ele>16.5</ele>
    <time>2026-07-26T09:29:40Z</time>
   </trkpt>
   <trkpt lat="22.7294390" lon="120.3107540">
    <ele>16.5</ele>
    <time>2026-07-26T09:29:41Z</time>
   </trkpt>
   <trkpt lat="22.7294380" lon="120.3107620">
    <ele>16.5</ele>
    <time>2026-07-26T09:29:42Z</time>
   </trkpt>
   <trkpt lat="22.7294370" lon="120.3107620">
    <ele>16.5</ele>
    <time>2026-07-26T09:29:43Z</time>
   </trkpt>
   <trkpt lat="22.7294300" lon="120.3107660">
    <ele>16.5</ele>
    <time>2026-07-26T09:29:45Z</time>
   </trkpt>
   <trkpt lat="22.7294380" lon="120.3107670">
    <ele>16.5</ele>
    <time>2026-07-26T09:29:46Z</time>
   </trkpt>
   <trkpt lat="22.7294340" lon="120.3107680">
    <ele>16.5</ele>
    <time>2026-07-26T09:29:47Z</time>
   </trkpt>
   <trkpt lat="22.7294340" lon="120.3107630">
    <ele>16.6</ele>
    <time>2026-07-26T09:29:48Z</time>
   </trkpt>
   <trkpt lat="22.7294350" lon="120.3107630">
    <ele>16.6</ele>
    <time>2026-07-26T09:29:49Z</time>
   </trkpt>
   <trkpt lat="22.7294350" lon="120.3107600">
    <ele>16.6</ele>
    <time>2026-07-26T09:29:50Z</time>
   </trkpt>
   <trkpt lat="22.7294340" lon="120.3107590">
    <ele>16.6</ele>
    <time>2026-07-26T09:29:51Z</time>
   </trkpt>
   <trkpt lat="22.7294320" lon="120.3107610">
    <ele>16.6</ele>
    <time>2026-07-26T09:29:52Z</time>
   </trkpt>
   <trkpt lat="22.7294340" lon="120.3107600">
    <ele>16.6</ele>
    <time>2026-07-26T09:29:53Z</time>
   </trkpt>
   <trkpt lat="22.7294320" lon="120.3107590">
    <ele>16.6</ele>
    <time>2026-07-26T09:29:54Z</time>
   </trkpt>
   <trkpt lat="22.7294330" lon="120.3107630">
    <ele>16.6</ele>
    <time>2026-07-26T09:29:55Z</time>
   </trkpt>
   <trkpt lat="22.7294320" lon="120.3107640">
    <ele>16.6</ele>
    <time>2026-07-26T09:29:56Z</time>
   </trkpt>
   <trkpt lat="22.7294310" lon="120.3107630">
    <ele>16.6</ele>
    <time>2026-07-26T09:29:57Z</time>
   </trkpt>
   <trkpt lat="22.7294340" lon="120.3107620">
    <ele>16.6</ele>
    <time>2026-07-26T09:29:58Z</time>
   </trkpt>
   <trkpt lat="22.7294340" lon="120.3107590">
    <ele>16.6</ele>
    <time>2026-07-26T09:29:59Z</time>
   </trkpt>
   <trkpt lat="22.7294330" lon="120.3107590">
    <ele>16.6</ele>
    <time>2026-07-26T09:30:00Z</time>
   </trkpt>
   <trkpt lat="22.7294310" lon="120.3107580">
    <ele>16.6</ele>
    <time>2026-07-26T09:30:01Z</time>
   </trkpt>
   <trkpt lat="22.7294320" lon="120.3107600">
    <ele>16.6</ele>
    <time>2026-07-26T09:30:02Z</time>
   </trkpt>
   <trkpt lat="22.7294310" lon="120.3107590">
    <ele>16.6</ele>
    <time>2026-07-26T09:30:03Z</time>
   </trkpt>
   <trkpt lat="22.7294310" lon="120.3107580">
    <ele>16.6</ele>
    <time>2026-07-26T09:30:04Z</time>
   </trkpt>
   <trkpt lat="22.7294320" lon="120.3107560">
    <ele>16.6</ele>
    <time>2026-07-26T09:30:05Z</time>
   </trkpt>
   <trkpt lat="22.7294310" lon="120.3107560">
    <ele>16.6</ele>
    <time>2026-07-26T09:30:06Z</time>
   </trkpt>
   <trkpt lat="22.7294320" lon="120.3107550">
    <ele>16.6</ele>
    <time>2026-07-26T09:30:07Z</time>
   </trkpt>
   <trkpt lat="22.7294320" lon="120.3107540">
    <ele>16.6</ele>
    <time>2026-07-26T09:30:08Z</time>
   </trkpt>
   <trkpt lat="22.7294320" lon="120.3107550">
    <ele>16.6</ele>
    <time>2026-07-26T09:30:09Z</time>
   </trkpt>
   <trkpt lat="22.7294320" lon="120.3107550">
    <ele>16.6</ele>
    <time>2026-07-26T09:30:10Z</time>
   </trkpt>
   <trkpt lat="22.7294320" lon="120.3107550">
    <ele>16.6</ele>
    <time>2026-07-26T09:30:11Z</time>
   </trkpt>
   <trkpt lat="22.7294350" lon="120.3107500">
    <ele>16.6</ele>
    <time>2026-07-26T09:30:12Z</time>
   </trkpt>
   <trkpt lat="22.7294330" lon="120.3107520">
    <ele>16.6</ele>
    <time>2026-07-26T09:30:13Z</time>
   </trkpt>
   <trkpt lat="22.7294330" lon="120.3107530">
    <ele>16.6</ele>
    <time>2026-07-26T09:30:14Z</time>
   </trkpt>
   <trkpt lat="22.7294330" lon="120.3107520">
    <ele>16.6</ele>
    <time>2026-07-26T09:30:15Z</time>
   </trkpt>
   <trkpt lat="22.7294320" lon="120.3107550">
    <ele>16.6</ele>
    <time>2026-07-26T09:30:16Z</time>
   </trkpt>
   <trkpt lat="22.7294330" lon="120.3107510">
    <ele>16.6</ele>
    <time>2026-07-26T09:30:17Z</time>
   </trkpt>
   <trkpt lat="22.7294340" lon="120.3107500">
    <ele>16.6</ele>
    <time>2026-07-26T09:30:18Z</time>
   </trkpt>
   <trkpt lat="22.7294330" lon="120.3107500">
    <ele>16.6</ele>
    <time>2026-07-26T09:30:19Z</time>
   </trkpt>
   <trkpt lat="22.7294350" lon="120.3107530">
    <ele>16.6</ele>
    <time>2026-07-26T09:30:20Z</time>
   </trkpt>
   <trkpt lat="22.7294340" lon="120.3107560">
    <ele>16.6</ele>
    <time>2026-07-26T09:30:21Z</time>
   </trkpt>
   <trkpt lat="22.7294300" lon="120.3107570">
    <ele>16.6</ele>
    <time>2026-07-26T09:30:22Z</time>
   </trkpt>
   <trkpt lat="22.7294300" lon="120.3107570">
    <ele>16.6</ele>
    <time>2026-07-26T09:30:23Z</time>
   </trkpt>
   <trkpt lat="22.7294300" lon="120.3107610">
    <ele>16.6</ele>
    <time>2026-07-26T09:30:24Z</time>
   </trkpt>
   <trkpt lat="22.7294320" lon="120.3107640">
    <ele>16.6</ele>
    <time>2026-07-26T09:30:25Z</time>
   </trkpt>
   <trkpt lat="22.7294330" lon="120.3107650">
    <ele>16.6</ele>
    <time>2026-07-26T09:30:26Z</time>
   </trkpt>
   <trkpt lat="22.7294330" lon="120.3107650">
    <ele>16.6</ele>
    <time>2026-07-26T09:30:27Z</time>
   </trkpt>
   <trkpt lat="22.7294330" lon="120.3107650">
    <ele>16.6</ele>
    <time>2026-07-26T09:30:28Z</time>
   </trkpt>
   <trkpt lat="22.7294350" lon="120.3107700">
    <ele>16.6</ele>
    <time>2026-07-26T09:30:29Z</time>
   </trkpt>
   <trkpt lat="22.7294340" lon="120.3107690">
    <ele>16.6</ele>
    <time>2026-07-26T09:30:30Z</time>
   </trkpt>
   <trkpt lat="22.7294350" lon="120.3107730">
    <ele>16.6</ele>
    <time>2026-07-26T09:30:31Z</time>
   </trkpt>
   <trkpt lat="22.7294370" lon="120.3107750">
    <ele>16.6</ele>
    <time>2026-07-26T09:30:32Z</time>
   </trkpt>
   <trkpt lat="22.7294370" lon="120.3107770">
    <ele>16.6</ele>
    <time>2026-07-26T09:30:33Z</time>
   </trkpt>
   <trkpt lat="22.7294370" lon="120.3107770">
    <ele>16.6</ele>
    <time>2026-07-26T09:30:34Z</time>
   </trkpt>
   <trkpt lat="22.7294390" lon="120.3107750">
    <ele>16.6</ele>
    <time>2026-07-26T09:30:35Z</time>
   </trkpt>
   <trkpt lat="22.7294380" lon="120.3107760">
    <ele>16.6</ele>
    <time>2026-07-26T09:30:36Z</time>
   </trkpt>
   <trkpt lat="22.7294360" lon="120.3107790">
    <ele>16.7</ele>
    <time>2026-07-26T09:30:37Z</time>
   </trkpt>
   <trkpt lat="22.7294370" lon="120.3107810">
    <ele>16.7</ele>
    <time>2026-07-26T09:30:38Z</time>
   </trkpt>
   <trkpt lat="22.7294360" lon="120.3107830">
    <ele>16.7</ele>
    <time>2026-07-26T09:30:39Z</time>
   </trkpt>
   <trkpt lat="22.7294360" lon="120.3107830">
    <ele>16.7</ele>
    <time>2026-07-26T09:30:40Z</time>
   </trkpt>
   <trkpt lat="22.7294380" lon="120.3107800">
    <ele>16.7</ele>
    <time>2026-07-26T09:30:41Z</time>
   </trkpt>
   <trkpt lat="22.7294370" lon="120.3107810">
    <ele>16.7</ele>
    <time>2026-07-26T09:30:42Z</time>
   </trkpt>
   <trkpt lat="22.7294380" lon="120.3107830">
    <ele>16.7</ele>
    <time>2026-07-26T09:30:43Z</time>
   </trkpt>
   <trkpt lat="22.7294380" lon="120.3107800">
    <ele>16.7</ele>
    <time>2026-07-26T09:30:44Z</time>
   </trkpt>
   <trkpt lat="22.7294380" lon="120.3107790">
    <ele>16.7</ele>
    <time>2026-07-26T09:30:45Z</time>
   </trkpt>
   <trkpt lat="22.7294380" lon="120.3107800">
    <ele>16.7</ele>
    <time>2026-07-26T09:30:46Z</time>
   </trkpt>
   <trkpt lat="22.7294370" lon="120.3107820">
    <ele>16.7</ele>
    <time>2026-07-26T09:30:47Z</time>
   </trkpt>
   <trkpt lat="22.7294410" lon="120.3107880">
    <ele>16.7</ele>
    <time>2026-07-26T09:30:48Z</time>
   </trkpt>
   <trkpt lat="22.7294390" lon="120.3107870">
    <ele>16.7</ele>
    <time>2026-07-26T09:30:49Z</time>
   </trkpt>
   <trkpt lat="22.7294360" lon="120.3107820">
    <ele>16.7</ele>
    <time>2026-07-26T09:30:50Z</time>
   </trkpt>
   <trkpt lat="22.7294360" lon="120.3107810">
    <ele>16.7</ele>
    <time>2026-07-26T09:30:51Z</time>
   </trkpt>
   <trkpt lat="22.7294350" lon="120.3107770">
    <ele>16.7</ele>
    <time>2026-07-26T09:30:52Z</time>
   </trkpt>
   <trkpt lat="22.7294340" lon="120.3107770">
    <ele>16.7</ele>
    <time>2026-07-26T09:30:53Z</time>
   </trkpt>
   <trkpt lat="22.7294350" lon="120.3107760">
    <ele>16.7</ele>
    <time>2026-07-26T09:30:54Z</time>
   </trkpt>
   <trkpt lat="22.7294350" lon="120.3107760">
    <ele>16.7</ele>
    <time>2026-07-26T09:30:55Z</time>
   </trkpt>
   <trkpt lat="22.7294360" lon="120.3107740">
    <ele>16.7</ele>
    <time>2026-07-26T09:30:56Z</time>
   </trkpt>
   <trkpt lat="22.7294360" lon="120.3107740">
    <ele>16.7</ele>
    <time>2026-07-26T09:30:57Z</time>
   </trkpt>
   <trkpt lat="22.7294370" lon="120.3107740">
    <ele>16.7</ele>
    <time>2026-07-26T09:30:58Z</time>
   </trkpt>
   <trkpt lat="22.7294370" lon="120.3107740">
    <ele>16.7</ele>
    <time>2026-07-26T09:30:59Z</time>
   </trkpt>
   <trkpt lat="22.7294380" lon="120.3107740">
    <ele>16.7</ele>
    <time>2026-07-26T09:31:00Z</time>
   </trkpt>
   <trkpt lat="22.7294390" lon="120.3107730">
    <ele>16.7</ele>
    <time>2026-07-26T09:31:01Z</time>
   </trkpt>
   <trkpt lat="22.7294400" lon="120.3107670">
    <ele>16.7</ele>
    <time>2026-07-26T09:31:02Z</time>
   </trkpt>
   <trkpt lat="22.7294330" lon="120.3107700">
    <ele>16.7</ele>
    <time>2026-07-26T09:31:03Z</time>
   </trkpt>
   <trkpt lat="22.7294300" lon="120.3107630">
    <ele>16.7</ele>
    <time>2026-07-26T09:31:04Z</time>
   </trkpt>
   <trkpt lat="22.7294320" lon="120.3107510">
    <ele>16.7</ele>
    <time>2026-07-26T09:31:05Z</time>
   </trkpt>
   <trkpt lat="22.7294370" lon="120.3107560">
    <ele>16.7</ele>
    <time>2026-07-26T09:31:06Z</time>
   </trkpt>
   <trkpt lat="22.7294350" lon="120.3107530">
    <ele>16.7</ele>
    <time>2026-07-26T09:31:07Z</time>
   </trkpt>
   <trkpt lat="22.7294350" lon="120.3107520">
    <ele>16.7</ele>
    <time>2026-07-26T09:31:08Z</time>
   </trkpt>
   <trkpt lat="22.7294320" lon="120.3107560">
    <ele>16.7</ele>
    <time>2026-07-26T09:31:09Z</time>
   </trkpt>
   <trkpt lat="22.7294310" lon="120.3107560">
    <ele>16.7</ele>
    <time>2026-07-26T09:31:10Z</time>
   </trkpt>
   <trkpt lat="22.7294330" lon="120.3107560">
    <ele>16.7</ele>
    <time>2026-07-26T09:31:11Z</time>
   </trkpt>
   <trkpt lat="22.7294350" lon="120.3107580">
    <ele>16.7</ele>
    <time>2026-07-26T09:31:12Z</time>
   </trkpt>
   <trkpt lat="22.7294350" lon="120.3107580">
    <ele>16.7</ele>
    <time>2026-07-26T09:31:13Z</time>
   </trkpt>
   <trkpt lat="22.7294340" lon="120.3107600">
    <ele>16.7</ele>
    <time>2026-07-26T09:31:14Z</time>
   </trkpt>
   <trkpt lat="22.7294340" lon="120.3107600">
    <ele>16.7</ele>
    <time>2026-07-26T09:31:15Z</time>
   </trkpt>
   <trkpt lat="22.7294360" lon="120.3107640">
    <ele>16.8</ele>
    <time>2026-07-26T09:31:16Z</time>
   </trkpt>
   <trkpt lat="22.7294370" lon="120.3107660">
    <ele>16.8</ele>
    <time>2026-07-26T09:31:17Z</time>
   </trkpt>
   <trkpt lat="22.7294360" lon="120.3107650">
    <ele>16.8</ele>
    <time>2026-07-26T09:31:18Z</time>
   </trkpt>
   <trkpt lat="22.7294390" lon="120.3107670">
    <ele>16.8</ele>
    <time>2026-07-26T09:31:19Z</time>
   </trkpt>
   <trkpt lat="22.7294380" lon="120.3107700">
    <ele>16.8</ele>
    <time>2026-07-26T09:31:20Z</time>
   </trkpt>
   <trkpt lat="22.7294380" lon="120.3107710">
    <ele>16.8</ele>
    <time>2026-07-26T09:31:21Z</time>
   </trkpt>
   <trkpt lat="22.7294360" lon="120.3107670">
    <ele>16.8</ele>
    <time>2026-07-26T09:31:22Z</time>
   </trkpt>
   <trkpt lat="22.7294350" lon="120.3107660">
    <ele>16.8</ele>
    <time>2026-07-26T09:31:23Z</time>
   </trkpt>
   <trkpt lat="22.7294440" lon="120.3107720">
    <ele>16.8</ele>
    <time>2026-07-26T09:31:24Z</time>
   </trkpt>
   <trkpt lat="22.7294390" lon="120.3107740">
    <ele>16.8</ele>
    <time>2026-07-26T09:31:25Z</time>
   </trkpt>
   <trkpt lat="22.7294340" lon="120.3107740">
    <ele>16.8</ele>
    <time>2026-07-26T09:31:26Z</time>
   </trkpt>
   <trkpt lat="22.7294050" lon="120.3107500">
    <ele>16.8</ele>
    <time>2026-07-26T09:31:27Z</time>
   </trkpt>
   <trkpt lat="22.7294340" lon="120.3107740">
    <ele>16.9</ele>
    <time>2026-07-26T09:31:29Z</time>
   </trkpt>
   <trkpt lat="22.7294310" lon="120.3107720">
    <ele>16.9</ele>
    <time>2026-07-26T09:31:30Z</time>
   </trkpt>
   <trkpt lat="22.7294320" lon="120.3107730">
    <ele>16.9</ele>
    <time>2026-07-26T09:31:31Z</time>
   </trkpt>
   <trkpt lat="22.7294290" lon="120.3107680">
    <ele>16.9</ele>
    <time>2026-07-26T09:31:32Z</time>
   </trkpt>
   <trkpt lat="22.7294210" lon="120.3107600">
    <ele>16.9</ele>
    <time>2026-07-26T09:31:33Z</time>
   </trkpt>
   <trkpt lat="22.7294180" lon="120.3107660">
    <ele>16.9</ele>
    <time>2026-07-26T09:31:34Z</time>
   </trkpt>
   <trkpt lat="22.7294050" lon="120.3107660">
    <ele>16.9</ele>
    <time>2026-07-26T09:31:35Z</time>
   </trkpt>
   <trkpt lat="22.7293940" lon="120.3107610">
    <ele>16.9</ele>
    <time>2026-07-26T09:31:36Z</time>
   </trkpt>
   <trkpt lat="22.7293900" lon="120.3107530">
    <ele>16.9</ele>
    <time>2026-07-26T09:31:37Z</time>
   </trkpt>
   <trkpt lat="22.7293870" lon="120.3107430">
    <ele>16.9</ele>
    <time>2026-07-26T09:31:38Z</time>
   </trkpt>
   <trkpt lat="22.7293830" lon="120.3107310">
    <ele>16.9</ele>
    <time>2026-07-26T09:31:39Z</time>
   </trkpt>
   <trkpt lat="22.7293690" lon="120.3107140">
    <ele>17.0</ele>
    <time>2026-07-26T09:31:40Z</time>
   </trkpt>
   <trkpt lat="22.7293670" lon="120.3107040">
    <ele>17.0</ele>
    <time>2026-07-26T09:31:41Z</time>
   </trkpt>
   <trkpt lat="22.7293650" lon="120.3107000">
    <ele>17.0</ele>
    <time>2026-07-26T09:31:42Z</time>
   </trkpt>
   <trkpt lat="22.7293630" lon="120.3106990">
    <ele>17.0</ele>
    <time>2026-07-26T09:31:43Z</time>
   </trkpt>
   <trkpt lat="22.7293650" lon="120.3106960">
    <ele>17.0</ele>
    <time>2026-07-26T09:31:44Z</time>
   </trkpt>
   <trkpt lat="22.7293660" lon="120.3106950">
    <ele>17.0</ele>
    <time>2026-07-26T09:31:45Z</time>
   </trkpt>
   <trkpt lat="22.7293460" lon="120.3106910">
    <ele>17.0</ele>
    <time>2026-07-26T09:31:46Z</time>
   </trkpt>
   <trkpt lat="22.7293480" lon="120.3106980">
    <ele>17.0</ele>
    <time>2026-07-26T09:31:47Z</time>
   </trkpt>
   <trkpt lat="22.7293490" lon="120.3107070">
    <ele>17.0</ele>
    <time>2026-07-26T09:31:48Z</time>
   </trkpt>
   <trkpt lat="22.7293490" lon="120.3107070">
    <ele>17.0</ele>
    <time>2026-07-26T09:31:49Z</time>
   </trkpt>
   <trkpt lat="22.7293430" lon="120.3107110">
    <ele>17.0</ele>
    <time>2026-07-26T09:31:50Z</time>
   </trkpt>
   <trkpt lat="22.7293330" lon="120.3107160">
    <ele>17.0</ele>
    <time>2026-07-26T09:31:51Z</time>
   </trkpt>
   <trkpt lat="22.7293220" lon="120.3107010">
    <ele>17.1</ele>
    <time>2026-07-26T09:31:52Z</time>
   </trkpt>
   <trkpt lat="22.7293350" lon="120.3107210">
    <ele>17.1</ele>
    <time>2026-07-26T09:31:53Z</time>
   </trkpt>
   <trkpt lat="22.7293320" lon="120.3107260">
    <ele>17.1</ele>
    <time>2026-07-26T09:31:54Z</time>
   </trkpt>
   <trkpt lat="22.7293360" lon="120.3107270">
    <ele>17.1</ele>
    <time>2026-07-26T09:31:55Z</time>
   </trkpt>
   <trkpt lat="22.7293380" lon="120.3107290">
    <ele>17.1</ele>
    <time>2026-07-26T09:31:56Z</time>
   </trkpt>
   <trkpt lat="22.7293390" lon="120.3107300">
    <ele>17.1</ele>
    <time>2026-07-26T09:31:57Z</time>
   </trkpt>
   <trkpt lat="22.7293310" lon="120.3107430">
    <ele>17.1</ele>
    <time>2026-07-26T09:31:58Z</time>
   </trkpt>
   <trkpt lat="22.7293300" lon="120.3107500">
    <ele>17.1</ele>
    <time>2026-07-26T09:31:59Z</time>
   </trkpt>
   <trkpt lat="22.7293320" lon="120.3107550">
    <ele>17.1</ele>
    <time>2026-07-26T09:32:00Z</time>
   </trkpt>
   <trkpt lat="22.7293320" lon="120.3107600">
    <ele>17.1</ele>
    <time>2026-07-26T09:32:01Z</time>
   </trkpt>
   <trkpt lat="22.7293290" lon="120.3107720">
    <ele>17.1</ele>
    <time>2026-07-26T09:32:02Z</time>
   </trkpt>
   <trkpt lat="22.7293310" lon="120.3107740">
    <ele>17.1</ele>
    <time>2026-07-26T09:32:03Z</time>
   </trkpt>
   <trkpt lat="22.7293240" lon="120.3107790">
    <ele>17.1</ele>
    <time>2026-07-26T09:32:04Z</time>
   </trkpt>
   <trkpt lat="22.7293230" lon="120.3107810">
    <ele>17.1</ele>
    <time>2026-07-26T09:32:05Z</time>
   </trkpt>
   <trkpt lat="22.7293160" lon="120.3107840">
    <ele>17.2</ele>
    <time>2026-07-26T09:32:06Z</time>
   </trkpt>
   <trkpt lat="22.7293090" lon="120.3107900">
    <ele>17.2</ele>
    <time>2026-07-26T09:32:07Z</time>
   </trkpt>
   <trkpt lat="22.7293070" lon="120.3107940">
    <ele>17.2</ele>
    <time>2026-07-26T09:32:08Z</time>
   </trkpt>
   <trkpt lat="22.7293050" lon="120.3107960">
    <ele>17.2</ele>
    <time>2026-07-26T09:32:09Z</time>
   </trkpt>
   <trkpt lat="22.7293030" lon="120.3107960">
    <ele>17.2</ele>
    <time>2026-07-26T09:32:10Z</time>
   </trkpt>
   <trkpt lat="22.7293010" lon="120.3107970">
    <ele>17.2</ele>
    <time>2026-07-26T09:32:11Z</time>
   </trkpt>
   <trkpt lat="22.7293000" lon="120.3107970">
    <ele>17.2</ele>
    <time>2026-07-26T09:32:12Z</time>
   </trkpt>
   <trkpt lat="22.7293020" lon="120.3107940">
    <ele>17.2</ele>
    <time>2026-07-26T09:32:13Z</time>
   </trkpt>
   <trkpt lat="22.7293020" lon="120.3107950">
    <ele>17.2</ele>
    <time>2026-07-26T09:32:14Z</time>
   </trkpt>
   <trkpt lat="22.7293010" lon="120.3107930">
    <ele>17.2</ele>
    <time>2026-07-26T09:32:15Z</time>
   </trkpt>
   <trkpt lat="22.7293020" lon="120.3107930">
    <ele>17.2</ele>
    <time>2026-07-26T09:32:16Z</time>
   </trkpt>
   <trkpt lat="22.7293020" lon="120.3107930">
    <ele>17.2</ele>
    <time>2026-07-26T09:32:17Z</time>
   </trkpt>
   <trkpt lat="22.7293010" lon="120.3107930">
    <ele>17.2</ele>
    <time>2026-07-26T09:32:18Z</time>
   </trkpt>
   <trkpt lat="22.7293010" lon="120.3107930">
    <ele>17.2</ele>
    <time>2026-07-26T09:32:19Z</time>
   </trkpt>
   <trkpt lat="22.7293010" lon="120.3107930">
    <ele>17.2</ele>
    <time>2026-07-26T09:32:20Z</time>
   </trkpt>
   <trkpt lat="22.7292930" lon="120.3107980">
    <ele>17.2</ele>
    <time>2026-07-26T09:32:21Z</time>
   </trkpt>
   <trkpt lat="22.7292890" lon="120.3108020">
    <ele>17.2</ele>
    <time>2026-07-26T09:32:22Z</time>
   </trkpt>
   <trkpt lat="22.7292900" lon="120.3108060">
    <ele>17.2</ele>
    <time>2026-07-26T09:32:23Z</time>
   </trkpt>
   <trkpt lat="22.7292850" lon="120.3108230">
    <ele>17.2</ele>
    <time>2026-07-26T09:32:24Z</time>
   </trkpt>
   <trkpt lat="22.7292830" lon="120.3108310">
    <ele>17.2</ele>
    <time>2026-07-26T09:32:25Z</time>
   </trkpt>
   <trkpt lat="22.7292820" lon="120.3108380">
    <ele>17.2</ele>
    <time>2026-07-26T09:32:26Z</time>
   </trkpt>
   <trkpt lat="22.7292790" lon="120.3108350">
    <ele>17.2</ele>
    <time>2026-07-26T09:32:27Z</time>
   </trkpt>
   <trkpt lat="22.7292750" lon="120.3108360">
    <ele>17.2</ele>
    <time>2026-07-26T09:32:28Z</time>
   </trkpt>
   <trkpt lat="22.7292780" lon="120.3108430">
    <ele>17.2</ele>
    <time>2026-07-26T09:32:29Z</time>
   </trkpt>
   <trkpt lat="22.7292620" lon="120.3108240">
    <ele>17.3</ele>
    <time>2026-07-26T09:32:30Z</time>
   </trkpt>
   <trkpt lat="22.7292640" lon="120.3108240">
    <ele>17.3</ele>
    <time>2026-07-26T09:32:31Z</time>
   </trkpt>
   <trkpt lat="22.7292620" lon="120.3108200">
    <ele>17.3</ele>
    <time>2026-07-26T09:32:32Z</time>
   </trkpt>
   <trkpt lat="22.7292570" lon="120.3108180">
    <ele>17.3</ele>
    <time>2026-07-26T09:32:33Z</time>
   </trkpt>
   <trkpt lat="22.7292500" lon="120.3108180">
    <ele>17.3</ele>
    <time>2026-07-26T09:32:34Z</time>
   </trkpt>
   <trkpt lat="22.7292410" lon="120.3108200">
    <ele>17.3</ele>
    <time>2026-07-26T09:32:35Z</time>
   </trkpt>
   <trkpt lat="22.7292350" lon="120.3108290">
    <ele>17.3</ele>
    <time>2026-07-26T09:32:36Z</time>
   </trkpt>
   <trkpt lat="22.7292300" lon="120.3108390">
    <ele>17.3</ele>
    <time>2026-07-26T09:32:37Z</time>
   </trkpt>
   <trkpt lat="22.7292320" lon="120.3108440">
    <ele>17.3</ele>
    <time>2026-07-26T09:32:38Z</time>
   </trkpt>
   <trkpt lat="22.7292330" lon="120.3108470">
    <ele>17.3</ele>
    <time>2026-07-26T09:32:39Z</time>
   </trkpt>
   <trkpt lat="22.7292320" lon="120.3108470">
    <ele>17.3</ele>
    <time>2026-07-26T09:32:40Z</time>
   </trkpt>
   <trkpt lat="22.7292310" lon="120.3108430">
    <ele>17.3</ele>
    <time>2026-07-26T09:32:41Z</time>
   </trkpt>
   <trkpt lat="22.7292310" lon="120.3108430">
    <ele>17.3</ele>
    <time>2026-07-26T09:32:42Z</time>
   </trkpt>
   <trkpt lat="22.7292310" lon="120.3108430">
    <ele>17.3</ele>
    <time>2026-07-26T09:32:43Z</time>
   </trkpt>
   <trkpt lat="22.7292310" lon="120.3108430">
    <ele>17.3</ele>
    <time>2026-07-26T09:32:44Z</time>
   </trkpt>
   <trkpt lat="22.7292310" lon="120.3108430">
    <ele>17.3</ele>
    <time>2026-07-26T09:32:45Z</time>
   </trkpt>
   <trkpt lat="22.7292310" lon="120.3108430">
    <ele>17.3</ele>
    <time>2026-07-26T09:32:46Z</time>
   </trkpt>
   <trkpt lat="22.7292190" lon="120.3108350">
    <ele>17.3</ele>
    <time>2026-07-26T09:32:47Z</time>
   </trkpt>
   <trkpt lat="22.7292170" lon="120.3108360">
    <ele>17.3</ele>
    <time>2026-07-26T09:32:48Z</time>
   </trkpt>
   <trkpt lat="22.7292180" lon="120.3108340">
    <ele>17.3</ele>
    <time>2026-07-26T09:32:49Z</time>
   </trkpt>
   <trkpt lat="22.7292100" lon="120.3108360">
    <ele>17.4</ele>
    <time>2026-07-26T09:32:50Z</time>
   </trkpt>
   <trkpt lat="22.7292040" lon="120.3108380">
    <ele>17.4</ele>
    <time>2026-07-26T09:32:51Z</time>
   </trkpt>
   <trkpt lat="22.7292100" lon="120.3108480">
    <ele>17.4</ele>
    <time>2026-07-26T09:32:52Z</time>
   </trkpt>
   <trkpt lat="22.7292130" lon="120.3108610">
    <ele>17.4</ele>
    <time>2026-07-26T09:32:53Z</time>
   </trkpt>
   <trkpt lat="22.7292180" lon="120.3108730">
    <ele>17.4</ele>
    <time>2026-07-26T09:32:54Z</time>
   </trkpt>
   <trkpt lat="22.7292140" lon="120.3108710">
    <ele>17.4</ele>
    <time>2026-07-26T09:32:55Z</time>
   </trkpt>
   <trkpt lat="22.7292090" lon="120.3108720">
    <ele>17.4</ele>
    <time>2026-07-26T09:32:56Z</time>
   </trkpt>
   <trkpt lat="22.7292010" lon="120.3108670">
    <ele>17.4</ele>
    <time>2026-07-26T09:32:57Z</time>
   </trkpt>
   <trkpt lat="22.7292000" lon="120.3108630">
    <ele>17.4</ele>
    <time>2026-07-26T09:32:58Z</time>
   </trkpt>
   <trkpt lat="22.7291980" lon="120.3108590">
    <ele>17.4</ele>
    <time>2026-07-26T09:32:59Z</time>
   </trkpt>
   <trkpt lat="22.7291970" lon="120.3108570">
    <ele>17.4</ele>
    <time>2026-07-26T09:33:00Z</time>
   </trkpt>
   <trkpt lat="22.7292000" lon="120.3108610">
    <ele>17.4</ele>
    <time>2026-07-26T09:33:01Z</time>
   </trkpt>
   <trkpt lat="22.7292010" lon="120.3108640">
    <ele>17.4</ele>
    <time>2026-07-26T09:33:02Z</time>
   </trkpt>
   <trkpt lat="22.7292060" lon="120.3108640">
    <ele>17.4</ele>
    <time>2026-07-26T09:33:03Z</time>
   </trkpt>
   <trkpt lat="22.7292140" lon="120.3108690">
    <ele>17.4</ele>
    <time>2026-07-26T09:33:04Z</time>
   </trkpt>
   <trkpt lat="22.7292150" lon="120.3108630">
    <ele>17.4</ele>
    <time>2026-07-26T09:33:05Z</time>
   </trkpt>
   <trkpt lat="22.7292230" lon="120.3108700">
    <ele>17.5</ele>
    <time>2026-07-26T09:33:06Z</time>
   </trkpt>
   <trkpt lat="22.7292290" lon="120.3108720">
    <ele>17.5</ele>
    <time>2026-07-26T09:33:07Z</time>
   </trkpt>
   <trkpt lat="22.7292320" lon="120.3108750">
    <ele>17.5</ele>
    <time>2026-07-26T09:33:08Z</time>
   </trkpt>
   <trkpt lat="22.7292390" lon="120.3108780">
    <ele>17.5</ele>
    <time>2026-07-26T09:33:09Z</time>
   </trkpt>
   <trkpt lat="22.7292470" lon="120.3108740">
    <ele>17.5</ele>
    <time>2026-07-26T09:33:10Z</time>
   </trkpt>
   <trkpt lat="22.7292540" lon="120.3108810">
    <ele>17.5</ele>
    <time>2026-07-26T09:33:11Z</time>
   </trkpt>
   <trkpt lat="22.7292550" lon="120.3108840">
    <ele>17.5</ele>
    <time>2026-07-26T09:33:12Z</time>
   </trkpt>
   <trkpt lat="22.7292610" lon="120.3108920">
    <ele>17.5</ele>
    <time>2026-07-26T09:33:13Z</time>
   </trkpt>
   <trkpt lat="22.7292610" lon="120.3109000">
    <ele>17.5</ele>
    <time>2026-07-26T09:33:14Z</time>
   </trkpt>
   <trkpt lat="22.7292550" lon="120.3109090">
    <ele>17.5</ele>
    <time>2026-07-26T09:33:15Z</time>
   </trkpt>
   <trkpt lat="22.7292510" lon="120.3109170">
    <ele>17.5</ele>
    <time>2026-07-26T09:33:16Z</time>
   </trkpt>
   <trkpt lat="22.7292410" lon="120.3109280">
    <ele>17.5</ele>
    <time>2026-07-26T09:33:17Z</time>
   </trkpt>
   <trkpt lat="22.7292370" lon="120.3109410">
    <ele>17.5</ele>
    <time>2026-07-26T09:33:18Z</time>
   </trkpt>
   <trkpt lat="22.7292330" lon="120.3109440">
    <ele>17.6</ele>
    <time>2026-07-26T09:33:19Z</time>
   </trkpt>
   <trkpt lat="22.7292300" lon="120.3109560">
    <ele>17.6</ele>
    <time>2026-07-26T09:33:20Z</time>
   </trkpt>
   <trkpt lat="22.7292380" lon="120.3109630">
    <ele>17.6</ele>
    <time>2026-07-26T09:33:21Z</time>
   </trkpt>
   <trkpt lat="22.7292430" lon="120.3109690">
    <ele>17.6</ele>
    <time>2026-07-26T09:33:22Z</time>
   </trkpt>
   <trkpt lat="22.7292480" lon="120.3109690">
    <ele>17.6</ele>
    <time>2026-07-26T09:33:23Z</time>
   </trkpt>
   <trkpt lat="22.7292450" lon="120.3109660">
    <ele>17.6</ele>
    <time>2026-07-26T09:33:24Z</time>
   </trkpt>
   <trkpt lat="22.7292420" lon="120.3109630">
    <ele>17.6</ele>
    <time>2026-07-26T09:33:25Z</time>
   </trkpt>
   <trkpt lat="22.7292390" lon="120.3109660">
    <ele>17.6</ele>
    <time>2026-07-26T09:33:26Z</time>
   </trkpt>
   <trkpt lat="22.7292330" lon="120.3109630">
    <ele>17.6</ele>
    <time>2026-07-26T09:33:27Z</time>
   </trkpt>
   <trkpt lat="22.7292320" lon="120.3109620">
    <ele>17.6</ele>
    <time>2026-07-26T09:33:28Z</time>
   </trkpt>
   <trkpt lat="22.7292280" lon="120.3109620">
    <ele>17.6</ele>
    <time>2026-07-26T09:33:30Z</time>
   </trkpt>
   <trkpt lat="22.7292310" lon="120.3109710">
    <ele>17.6</ele>
    <time>2026-07-26T09:33:31Z</time>
   </trkpt>
   <trkpt lat="22.7292120" lon="120.3109760">
    <ele>17.6</ele>
    <time>2026-07-26T09:33:32Z</time>
   </trkpt>
   <trkpt lat="22.7292040" lon="120.3109800">
    <ele>17.6</ele>
    <time>2026-07-26T09:33:33Z</time>
   </trkpt>
   <trkpt lat="22.7292020" lon="120.3109860">
    <ele>17.6</ele>
    <time>2026-07-26T09:33:34Z</time>
   </trkpt>
   <trkpt lat="22.7291980" lon="120.3109860">
    <ele>17.7</ele>
    <time>2026-07-26T09:33:35Z</time>
   </trkpt>
   <trkpt lat="22.7291940" lon="120.3109810">
    <ele>17.7</ele>
    <time>2026-07-26T09:33:36Z</time>
   </trkpt>
   <trkpt lat="22.7291910" lon="120.3109750">
    <ele>17.7</ele>
    <time>2026-07-26T09:33:37Z</time>
   </trkpt>
   <trkpt lat="22.7291890" lon="120.3109710">
    <ele>17.7</ele>
    <time>2026-07-26T09:33:38Z</time>
   </trkpt>
   <trkpt lat="22.7291820" lon="120.3109730">
    <ele>17.7</ele>
    <time>2026-07-26T09:33:39Z</time>
   </trkpt>
   <trkpt lat="22.7291800" lon="120.3109720">
    <ele>17.7</ele>
    <time>2026-07-26T09:33:40Z</time>
   </trkpt>
   <trkpt lat="22.7291770" lon="120.3109790">
    <ele>17.7</ele>
    <time>2026-07-26T09:33:41Z</time>
   </trkpt>
   <trkpt lat="22.7291710" lon="120.3109830">
    <ele>17.7</ele>
    <time>2026-07-26T09:33:42Z</time>
   </trkpt>
   <trkpt lat="22.7291640" lon="120.3109910">
    <ele>17.7</ele>
    <time>2026-07-26T09:33:43Z</time>
   </trkpt>
   <trkpt lat="22.7291590" lon="120.3110080">
    <ele>17.7</ele>
    <time>2026-07-26T09:33:44Z</time>
   </trkpt>
   <trkpt lat="22.7291620" lon="120.3110100">
    <ele>17.7</ele>
    <time>2026-07-26T09:33:45Z</time>
   </trkpt>
   <trkpt lat="22.7291580" lon="120.3110080">
    <ele>17.7</ele>
    <time>2026-07-26T09:33:46Z</time>
   </trkpt>
   <trkpt lat="22.7291520" lon="120.3110040">
    <ele>17.7</ele>
    <time>2026-07-26T09:33:47Z</time>
   </trkpt>
   <trkpt lat="22.7291500" lon="120.3110040">
    <ele>17.7</ele>
    <time>2026-07-26T09:33:48Z</time>
   </trkpt>
   <trkpt lat="22.7291460" lon="120.3110050">
    <ele>17.7</ele>
    <time>2026-07-26T09:33:49Z</time>
   </trkpt>
   <trkpt lat="22.7291450" lon="120.3109990">
    <ele>17.7</ele>
    <time>2026-07-26T09:33:50Z</time>
   </trkpt>
   <trkpt lat="22.7291420" lon="120.3109980">
    <ele>17.7</ele>
    <time>2026-07-26T09:33:51Z</time>
   </trkpt>
   <trkpt lat="22.7291420" lon="120.3109990">
    <ele>17.7</ele>
    <time>2026-07-26T09:33:52Z</time>
   </trkpt>
   <trkpt lat="22.7291360" lon="120.3109980">
    <ele>17.7</ele>
    <time>2026-07-26T09:33:53Z</time>
   </trkpt>
   <trkpt lat="22.7291250" lon="120.3110120">
    <ele>17.8</ele>
    <time>2026-07-26T09:33:54Z</time>
   </trkpt>
   <trkpt lat="22.7291240" lon="120.3110240">
    <ele>17.8</ele>
    <time>2026-07-26T09:33:55Z</time>
   </trkpt>
   <trkpt lat="22.7291280" lon="120.3110370">
    <ele>17.8</ele>
    <time>2026-07-26T09:33:56Z</time>
   </trkpt>
   <trkpt lat="22.7291260" lon="120.3110220">
    <ele>17.8</ele>
    <time>2026-07-26T09:33:57Z</time>
   </trkpt>
   <trkpt lat="22.7291210" lon="120.3110200">
    <ele>17.8</ele>
    <time>2026-07-26T09:33:58Z</time>
   </trkpt>
   <trkpt lat="22.7291200" lon="120.3110220">
    <ele>17.8</ele>
    <time>2026-07-26T09:33:59Z</time>
   </trkpt>
   <trkpt lat="22.7291190" lon="120.3110210">
    <ele>17.8</ele>
    <time>2026-07-26T09:34:00Z</time>
   </trkpt>
   <trkpt lat="22.7291190" lon="120.3110210">
    <ele>17.8</ele>
    <time>2026-07-26T09:34:01Z</time>
   </trkpt>
   <trkpt lat="22.7291190" lon="120.3110230">
    <ele>17.8</ele>
    <time>2026-07-26T09:34:02Z</time>
   </trkpt>
   <trkpt lat="22.7291130" lon="120.3110280">
    <ele>17.8</ele>
    <time>2026-07-26T09:34:03Z</time>
   </trkpt>
   <trkpt lat="22.7291090" lon="120.3110310">
    <ele>17.8</ele>
    <time>2026-07-26T09:34:04Z</time>
   </trkpt>
   <trkpt lat="22.7290980" lon="120.3110360">
    <ele>17.8</ele>
    <time>2026-07-26T09:34:05Z</time>
   </trkpt>
   <trkpt lat="22.7290980" lon="120.3110480">
    <ele>17.8</ele>
    <time>2026-07-26T09:34:06Z</time>
   </trkpt>
   <trkpt lat="22.7290980" lon="120.3110540">
    <ele>17.8</ele>
    <time>2026-07-26T09:34:07Z</time>
   </trkpt>
   <trkpt lat="22.7291010" lon="120.3110530">
    <ele>17.8</ele>
    <time>2026-07-26T09:34:08Z</time>
   </trkpt>
   <trkpt lat="22.7291030" lon="120.3110600">
    <ele>17.8</ele>
    <time>2026-07-26T09:34:09Z</time>
   </trkpt>
   <trkpt lat="22.7291040" lon="120.3110580">
    <ele>17.8</ele>
    <time>2026-07-26T09:34:10Z</time>
   </trkpt>
   <trkpt lat="22.7291040" lon="120.3110580">
    <ele>17.8</ele>
    <time>2026-07-26T09:34:11Z</time>
   </trkpt>
   <trkpt lat="22.7290990" lon="120.3110580">
    <ele>17.8</ele>
    <time>2026-07-26T09:34:12Z</time>
   </trkpt>
   <trkpt lat="22.7290980" lon="120.3110560">
    <ele>17.8</ele>
    <time>2026-07-26T09:34:13Z</time>
   </trkpt>
   <trkpt lat="22.7290970" lon="120.3110540">
    <ele>17.8</ele>
    <time>2026-07-26T09:34:14Z</time>
   </trkpt>
   <trkpt lat="22.7290870" lon="120.3110610">
    <ele>17.9</ele>
    <time>2026-07-26T09:34:15Z</time>
   </trkpt>
   <trkpt lat="22.7290790" lon="120.3110680">
    <ele>17.9</ele>
    <time>2026-07-26T09:34:16Z</time>
   </trkpt>
   <trkpt lat="22.7290710" lon="120.3110740">
    <ele>17.9</ele>
    <time>2026-07-26T09:34:17Z</time>
   </trkpt>
   <trkpt lat="22.7290680" lon="120.3110800">
    <ele>17.9</ele>
    <time>2026-07-26T09:34:18Z</time>
   </trkpt>
   <trkpt lat="22.7290710" lon="120.3110800">
    <ele>17.9</ele>
    <time>2026-07-26T09:34:19Z</time>
   </trkpt>
   <trkpt lat="22.7290720" lon="120.3110820">
    <ele>17.9</ele>
    <time>2026-07-26T09:34:20Z</time>
   </trkpt>
   <trkpt lat="22.7290700" lon="120.3110800">
    <ele>17.9</ele>
    <time>2026-07-26T09:34:21Z</time>
   </trkpt>
   <trkpt lat="22.7290690" lon="120.3110800">
    <ele>17.9</ele>
    <time>2026-07-26T09:34:22Z</time>
   </trkpt>
   <trkpt lat="22.7290700" lon="120.3110770">
    <ele>17.9</ele>
    <time>2026-07-26T09:34:23Z</time>
   </trkpt>
   <trkpt lat="22.7290700" lon="120.3110760">
    <ele>17.9</ele>
    <time>2026-07-26T09:34:24Z</time>
   </trkpt>
   <trkpt lat="22.7290710" lon="120.3110760">
    <ele>17.9</ele>
    <time>2026-07-26T09:34:25Z</time>
   </trkpt>
   <trkpt lat="22.7290630" lon="120.3110750">
    <ele>17.9</ele>
    <time>2026-07-26T09:34:26Z</time>
   </trkpt>
   <trkpt lat="22.7290510" lon="120.3110780">
    <ele>17.9</ele>
    <time>2026-07-26T09:34:27Z</time>
   </trkpt>
   <trkpt lat="22.7290430" lon="120.3110680">
    <ele>17.9</ele>
    <time>2026-07-26T09:34:28Z</time>
   </trkpt>
   <trkpt lat="22.7290420" lon="120.3110790">
    <ele>17.9</ele>
    <time>2026-07-26T09:34:29Z</time>
   </trkpt>
   <trkpt lat="22.7290430" lon="120.3110850">
    <ele>17.9</ele>
    <time>2026-07-26T09:34:30Z</time>
   </trkpt>
   <trkpt lat="22.7290420" lon="120.3110880">
    <ele>17.9</ele>
    <time>2026-07-26T09:34:31Z</time>
   </trkpt>
   <trkpt lat="22.7290380" lon="120.3110890">
    <ele>17.9</ele>
    <time>2026-07-26T09:34:32Z</time>
   </trkpt>
   <trkpt lat="22.7290300" lon="120.3110930">
    <ele>17.9</ele>
    <time>2026-07-26T09:34:33Z</time>
   </trkpt>
   <trkpt lat="22.7290230" lon="120.3110950">
    <ele>17.9</ele>
    <time>2026-07-26T09:34:34Z</time>
   </trkpt>
   <trkpt lat="22.7290230" lon="120.3110970">
    <ele>18.0</ele>
    <time>2026-07-26T09:34:35Z</time>
   </trkpt>
   <trkpt lat="22.7290250" lon="120.3110960">
    <ele>18.0</ele>
    <time>2026-07-26T09:34:36Z</time>
   </trkpt>
   <trkpt lat="22.7290250" lon="120.3110880">
    <ele>18.0</ele>
    <time>2026-07-26T09:34:37Z</time>
   </trkpt>
   <trkpt lat="22.7290170" lon="120.3110810">
    <ele>18.0</ele>
    <time>2026-07-26T09:34:38Z</time>
   </trkpt>
   <trkpt lat="22.7290210" lon="120.3110800">
    <ele>18.0</ele>
    <time>2026-07-26T09:34:39Z</time>
   </trkpt>
   <trkpt lat="22.7290250" lon="120.3110840">
    <ele>18.0</ele>
    <time>2026-07-26T09:34:40Z</time>
   </trkpt>
   <trkpt lat="22.7290290" lon="120.3110870">
    <ele>18.0</ele>
    <time>2026-07-26T09:34:41Z</time>
   </trkpt>
   <trkpt lat="22.7290300" lon="120.3110880">
    <ele>18.0</ele>
    <time>2026-07-26T09:34:42Z</time>
   </trkpt>
   <trkpt lat="22.7290300" lon="120.3110890">
    <ele>18.0</ele>
    <time>2026-07-26T09:34:43Z</time>
   </trkpt>
   <trkpt lat="22.7290300" lon="120.3110890">
    <ele>18.0</ele>
    <time>2026-07-26T09:34:44Z</time>
   </trkpt>
   <trkpt lat="22.7290310" lon="120.3110890">
    <ele>18.0</ele>
    <time>2026-07-26T09:34:45Z</time>
   </trkpt>
   <trkpt lat="22.7290300" lon="120.3110820">
    <ele>18.0</ele>
    <time>2026-07-26T09:34:46Z</time>
   </trkpt>
   <trkpt lat="22.7290270" lon="120.3110720">
    <ele>18.0</ele>
    <time>2026-07-26T09:34:47Z</time>
   </trkpt>
   <trkpt lat="22.7290250" lon="120.3110630">
    <ele>18.0</ele>
    <time>2026-07-26T09:34:48Z</time>
   </trkpt>
   <trkpt lat="22.7290280" lon="120.3110610">
    <ele>18.0</ele>
    <time>2026-07-26T09:34:49Z</time>
   </trkpt>
   <trkpt lat="22.7290370" lon="120.3110660">
    <ele>18.0</ele>
    <time>2026-07-26T09:34:50Z</time>
   </trkpt>
   <trkpt lat="22.7290410" lon="120.3110680">
    <ele>18.0</ele>
    <time>2026-07-26T09:34:51Z</time>
   </trkpt>
   <trkpt lat="22.7290400" lon="120.3110700">
    <ele>18.0</ele>
    <time>2026-07-26T09:34:52Z</time>
   </trkpt>
   <trkpt lat="22.7290390" lon="120.3110710">
    <ele>18.0</ele>
    <time>2026-07-26T09:34:53Z</time>
   </trkpt>
   <trkpt lat="22.7290390" lon="120.3110710">
    <ele>18.0</ele>
    <time>2026-07-26T09:34:54Z</time>
   </trkpt>
   <trkpt lat="22.7290390" lon="120.3110710">
    <ele>18.0</ele>
    <time>2026-07-26T09:34:55Z</time>
   </trkpt>
   <trkpt lat="22.7290380" lon="120.3110760">
    <ele>17.9</ele>
    <time>2026-07-26T09:34:56Z</time>
   </trkpt>
   <trkpt lat="22.7290370" lon="120.3110770">
    <ele>17.9</ele>
    <time>2026-07-26T09:34:57Z</time>
   </trkpt>
   <trkpt lat="22.7290370" lon="120.3110790">
    <ele>17.9</ele>
    <time>2026-07-26T09:34:58Z</time>
   </trkpt>
   <trkpt lat="22.7290360" lon="120.3110820">
    <ele>17.9</ele>
    <time>2026-07-26T09:34:59Z</time>
   </trkpt>
   <trkpt lat="22.7290340" lon="120.3110850">
    <ele>17.9</ele>
    <time>2026-07-26T09:35:00Z</time>
   </trkpt>
   <trkpt lat="22.7290320" lon="120.3110860">
    <ele>17.9</ele>
    <time>2026-07-26T09:35:01Z</time>
   </trkpt>
   <trkpt lat="22.7290240" lon="120.3110840">
    <ele>17.9</ele>
    <time>2026-07-26T09:35:02Z</time>
   </trkpt>
   <trkpt lat="22.7290110" lon="120.3110850">
    <ele>17.9</ele>
    <time>2026-07-26T09:35:03Z</time>
   </trkpt>
   <trkpt lat="22.7290020" lon="120.3110790">
    <ele>17.9</ele>
    <time>2026-07-26T09:35:04Z</time>
   </trkpt>
   <trkpt lat="22.7289960" lon="120.3110740">
    <ele>17.8</ele>
    <time>2026-07-26T09:35:05Z</time>
   </trkpt>
   <trkpt lat="22.7289830" lon="120.3110670">
    <ele>17.8</ele>
    <time>2026-07-26T09:35:06Z</time>
   </trkpt>
   <trkpt lat="22.7289760" lon="120.3110600">
    <ele>17.8</ele>
    <time>2026-07-26T09:35:07Z</time>
   </trkpt>
   <trkpt lat="22.7289720" lon="120.3110520">
    <ele>17.8</ele>
    <time>2026-07-26T09:35:08Z</time>
   </trkpt>
   <trkpt lat="22.7289640" lon="120.3110430">
    <ele>17.8</ele>
    <time>2026-07-26T09:35:09Z</time>
   </trkpt>
   <trkpt lat="22.7289530" lon="120.3110460">
    <ele>17.8</ele>
    <time>2026-07-26T09:35:10Z</time>
   </trkpt>
   <trkpt lat="22.7289450" lon="120.3110490">
    <ele>17.7</ele>
    <time>2026-07-26T09:35:11Z</time>
   </trkpt>
   <trkpt lat="22.7289380" lon="120.3110420">
    <ele>17.7</ele>
    <time>2026-07-26T09:35:12Z</time>
   </trkpt>
   <trkpt lat="22.7289340" lon="120.3110320">
    <ele>17.7</ele>
    <time>2026-07-26T09:35:13Z</time>
   </trkpt>
   <trkpt lat="22.7289270" lon="120.3110230">
    <ele>17.7</ele>
    <time>2026-07-26T09:35:14Z</time>
   </trkpt>
   <trkpt lat="22.7289200" lon="120.3110210">
    <ele>17.7</ele>
    <time>2026-07-26T09:35:15Z</time>
   </trkpt>
   <trkpt lat="22.7289130" lon="120.3110160">
    <ele>17.7</ele>
    <time>2026-07-26T09:35:16Z</time>
   </trkpt>
   <trkpt lat="22.7289060" lon="120.3110160">
    <ele>17.7</ele>
    <time>2026-07-26T09:35:17Z</time>
   </trkpt>
   <trkpt lat="22.7289040" lon="120.3110120">
    <ele>17.7</ele>
    <time>2026-07-26T09:35:18Z</time>
   </trkpt>
   <trkpt lat="22.7289020" lon="120.3110180">
    <ele>17.6</ele>
    <time>2026-07-26T09:35:19Z</time>
   </trkpt>
   <trkpt lat="22.7289170" lon="120.3110120">
    <ele>17.6</ele>
    <time>2026-07-26T09:35:20Z</time>
   </trkpt>
   <trkpt lat="22.7289150" lon="120.3110230">
    <ele>17.6</ele>
    <time>2026-07-26T09:35:21Z</time>
   </trkpt>
   <trkpt lat="22.7289100" lon="120.3110380">
    <ele>17.6</ele>
    <time>2026-07-26T09:35:22Z</time>
   </trkpt>
   <trkpt lat="22.7289120" lon="120.3110550">
    <ele>17.6</ele>
    <time>2026-07-26T09:35:23Z</time>
   </trkpt>
   <trkpt lat="22.7289120" lon="120.3110640">
    <ele>17.5</ele>
    <time>2026-07-26T09:35:24Z</time>
   </trkpt>
   <trkpt lat="22.7289160" lon="120.3110730">
    <ele>17.5</ele>
    <time>2026-07-26T09:35:25Z</time>
   </trkpt>
   <trkpt lat="22.7289170" lon="120.3110840">
    <ele>17.5</ele>
    <time>2026-07-26T09:35:26Z</time>
   </trkpt>
   <trkpt lat="22.7289150" lon="120.3110970">
    <ele>17.5</ele>
    <time>2026-07-26T09:35:27Z</time>
   </trkpt>
   <trkpt lat="22.7289150" lon="120.3111040">
    <ele>17.5</ele>
    <time>2026-07-26T09:35:28Z</time>
   </trkpt>
   <trkpt lat="22.7289340" lon="120.3110980">
    <ele>17.4</ele>
    <time>2026-07-26T09:35:29Z</time>
   </trkpt>
   <trkpt lat="22.7289430" lon="120.3111030">
    <ele>17.4</ele>
    <time>2026-07-26T09:35:30Z</time>
   </trkpt>
   <trkpt lat="22.7289490" lon="120.3111080">
    <ele>17.4</ele>
    <time>2026-07-26T09:35:31Z</time>
   </trkpt>
   <trkpt lat="22.7289530" lon="120.3111140">
    <ele>17.4</ele>
    <time>2026-07-26T09:35:32Z</time>
   </trkpt>
   <trkpt lat="22.7289450" lon="120.3111110">
    <ele>17.4</ele>
    <time>2026-07-26T09:35:33Z</time>
   </trkpt>
   <trkpt lat="22.7289420" lon="120.3111140">
    <ele>17.4</ele>
    <time>2026-07-26T09:35:34Z</time>
   </trkpt>
   <trkpt lat="22.7289410" lon="120.3111090">
    <ele>17.4</ele>
    <time>2026-07-26T09:35:36Z</time>
   </trkpt>
   <trkpt lat="22.7289450" lon="120.3111130">
    <ele>17.4</ele>
    <time>2026-07-26T09:35:37Z</time>
   </trkpt>
   <trkpt lat="22.7289430" lon="120.3111140">
    <ele>17.4</ele>
    <time>2026-07-26T09:35:38Z</time>
   </trkpt>
   <trkpt lat="22.7289380" lon="120.3111150">
    <ele>17.4</ele>
    <time>2026-07-26T09:35:39Z</time>
   </trkpt>
   <trkpt lat="22.7289370" lon="120.3111150">
    <ele>17.4</ele>
    <time>2026-07-26T09:35:40Z</time>
   </trkpt>
   <trkpt lat="22.7289360" lon="120.3111100">
    <ele>17.4</ele>
    <time>2026-07-26T09:35:41Z</time>
   </trkpt>
   <trkpt lat="22.7289320" lon="120.3111030">
    <ele>17.3</ele>
    <time>2026-07-26T09:35:42Z</time>
   </trkpt>
   <trkpt lat="22.7289310" lon="120.3110980">
    <ele>17.3</ele>
    <time>2026-07-26T09:35:43Z</time>
   </trkpt>
   <trkpt lat="22.7289290" lon="120.3110940">
    <ele>17.3</ele>
    <time>2026-07-26T09:35:44Z</time>
   </trkpt>
   <trkpt lat="22.7289260" lon="120.3110890">
    <ele>17.3</ele>
    <time>2026-07-26T09:35:45Z</time>
   </trkpt>
   <trkpt lat="22.7289230" lon="120.3110820">
    <ele>17.3</ele>
    <time>2026-07-26T09:35:46Z</time>
   </trkpt>
   <trkpt lat="22.7289170" lon="120.3110760">
    <ele>17.3</ele>
    <time>2026-07-26T09:35:47Z</time>
   </trkpt>
   <trkpt lat="22.7289110" lon="120.3110650">
    <ele>17.3</ele>
    <time>2026-07-26T09:35:48Z</time>
   </trkpt>
   <trkpt lat="22.7289080" lon="120.3110510">
    <ele>17.3</ele>
    <time>2026-07-26T09:35:49Z</time>
   </trkpt>
   <trkpt lat="22.7289030" lon="120.3110560">
    <ele>17.2</ele>
    <time>2026-07-26T09:35:50Z</time>
   </trkpt>
   <trkpt lat="22.7288990" lon="120.3110550">
    <ele>17.2</ele>
    <time>2026-07-26T09:35:51Z</time>
   </trkpt>
   <trkpt lat="22.7288910" lon="120.3110390">
    <ele>17.2</ele>
    <time>2026-07-26T09:35:52Z</time>
   </trkpt>
   <trkpt lat="22.7288980" lon="120.3110290">
    <ele>17.2</ele>
    <time>2026-07-26T09:35:53Z</time>
   </trkpt>
   <trkpt lat="22.7289140" lon="120.3110240">
    <ele>17.2</ele>
    <time>2026-07-26T09:35:54Z</time>
   </trkpt>
   <trkpt lat="22.7289240" lon="120.3110150">
    <ele>17.1</ele>
    <time>2026-07-26T09:35:55Z</time>
   </trkpt>
   <trkpt lat="22.7289300" lon="120.3110060">
    <ele>17.1</ele>
    <time>2026-07-26T09:35:56Z</time>
   </trkpt>
   <trkpt lat="22.7289380" lon="120.3109960">
    <ele>17.1</ele>
    <time>2026-07-26T09:35:57Z</time>
   </trkpt>
   <trkpt lat="22.7289370" lon="120.3109960">
    <ele>17.1</ele>
    <time>2026-07-26T09:35:58Z</time>
   </trkpt>
   <trkpt lat="22.7289330" lon="120.3109830">
    <ele>17.1</ele>
    <time>2026-07-26T09:35:59Z</time>
   </trkpt>
   <trkpt lat="22.7289320" lon="120.3109750">
    <ele>17.1</ele>
    <time>2026-07-26T09:36:00Z</time>
   </trkpt>
   <trkpt lat="22.7289370" lon="120.3109690">
    <ele>17.1</ele>
    <time>2026-07-26T09:36:01Z</time>
   </trkpt>
   <trkpt lat="22.7289300" lon="120.3109710">
    <ele>17.0</ele>
    <time>2026-07-26T09:36:02Z</time>
   </trkpt>
   <trkpt lat="22.7289330" lon="120.3109650">
    <ele>17.0</ele>
    <time>2026-07-26T09:36:03Z</time>
   </trkpt>
   <trkpt lat="22.7289260" lon="120.3109650">
    <ele>17.0</ele>
    <time>2026-07-26T09:36:04Z</time>
   </trkpt>
   <trkpt lat="22.7289260" lon="120.3109650">
    <ele>17.0</ele>
    <time>2026-07-26T09:36:05Z</time>
   </trkpt>
   <trkpt lat="22.7289260" lon="120.3109650">
    <ele>17.0</ele>
    <time>2026-07-26T09:36:06Z</time>
   </trkpt>
   <trkpt lat="22.7289410" lon="120.3109660">
    <ele>17.0</ele>
    <time>2026-07-26T09:36:07Z</time>
   </trkpt>
   <trkpt lat="22.7289450" lon="120.3109690">
    <ele>17.0</ele>
    <time>2026-07-26T09:36:08Z</time>
   </trkpt>
   <trkpt lat="22.7289290" lon="120.3109670">
    <ele>17.0</ele>
    <time>2026-07-26T09:36:09Z</time>
   </trkpt>
   <trkpt lat="22.7289270" lon="120.3109720">
    <ele>17.0</ele>
    <time>2026-07-26T09:36:10Z</time>
   </trkpt>
   <trkpt lat="22.7289260" lon="120.3109730">
    <ele>16.9</ele>
    <time>2026-07-26T09:36:11Z</time>
   </trkpt>
   <trkpt lat="22.7289250" lon="120.3109850">
    <ele>16.9</ele>
    <time>2026-07-26T09:36:12Z</time>
   </trkpt>
   <trkpt lat="22.7289190" lon="120.3109910">
    <ele>16.9</ele>
    <time>2026-07-26T09:36:13Z</time>
   </trkpt>
   <trkpt lat="22.7289190" lon="120.3109940">
    <ele>16.9</ele>
    <time>2026-07-26T09:36:14Z</time>
   </trkpt>
   <trkpt lat="22.7289160" lon="120.3110080">
    <ele>16.9</ele>
    <time>2026-07-26T09:36:15Z</time>
   </trkpt>
   <trkpt lat="22.7289160" lon="120.3110220">
    <ele>16.9</ele>
    <time>2026-07-26T09:36:16Z</time>
   </trkpt>
   <trkpt lat="22.7289140" lon="120.3110290">
    <ele>16.9</ele>
    <time>2026-07-26T09:36:17Z</time>
   </trkpt>
   <trkpt lat="22.7288990" lon="120.3110400">
    <ele>16.8</ele>
    <time>2026-07-26T09:36:18Z</time>
   </trkpt>
   <trkpt lat="22.7288980" lon="120.3110400">
    <ele>16.8</ele>
    <time>2026-07-26T09:36:19Z</time>
   </trkpt>
   <trkpt lat="22.7288960" lon="120.3110390">
    <ele>16.8</ele>
    <time>2026-07-26T09:36:20Z</time>
   </trkpt>
   <trkpt lat="22.7288760" lon="120.3110280">
    <ele>16.8</ele>
    <time>2026-07-26T09:36:21Z</time>
   </trkpt>
   <trkpt lat="22.7288790" lon="120.3110260">
    <ele>16.8</ele>
    <time>2026-07-26T09:36:22Z</time>
   </trkpt>
   <trkpt lat="22.7288800" lon="120.3110600">
    <ele>16.7</ele>
    <time>2026-07-26T09:36:23Z</time>
   </trkpt>
   <trkpt lat="22.7288800" lon="120.3110600">
    <ele>16.7</ele>
    <time>2026-07-26T09:36:24Z</time>
   </trkpt>
   <trkpt lat="22.7288800" lon="120.3110600">
    <ele>16.7</ele>
    <time>2026-07-26T09:36:25Z</time>
   </trkpt>
   <trkpt lat="22.7288800" lon="120.3110600">
    <ele>16.7</ele>
    <time>2026-07-26T09:36:26Z</time>
   </trkpt>
   <trkpt lat="22.7288800" lon="120.3110600">
    <ele>16.7</ele>
    <time>2026-07-26T09:36:27Z</time>
   </trkpt>
   <trkpt lat="22.7288790" lon="120.3110240">
    <ele>16.7</ele>
    <time>2026-07-26T09:36:28Z</time>
   </trkpt>
   <trkpt lat="22.7288760" lon="120.3109570">
    <ele>16.6</ele>
    <time>2026-07-26T09:36:29Z</time>
   </trkpt>
   <trkpt lat="22.7288720" lon="120.3110010">
    <ele>16.5</ele>
    <time>2026-07-26T09:36:30Z</time>
   </trkpt>
   <trkpt lat="22.7288700" lon="120.3109940">
    <ele>16.5</ele>
    <time>2026-07-26T09:36:31Z</time>
   </trkpt>
   <trkpt lat="22.7288700" lon="120.3109770">
    <ele>16.5</ele>
    <time>2026-07-26T09:36:32Z</time>
   </trkpt>
   <trkpt lat="22.7288700" lon="120.3109620">
    <ele>16.4</ele>
    <time>2026-07-26T09:36:33Z</time>
   </trkpt>
   <trkpt lat="22.7288680" lon="120.3109560">
    <ele>16.4</ele>
    <time>2026-07-26T09:36:34Z</time>
   </trkpt>
   <trkpt lat="22.7288650" lon="120.3109450">
    <ele>16.4</ele>
    <time>2026-07-26T09:36:35Z</time>
   </trkpt>
   <trkpt lat="22.7288590" lon="120.3109380">
    <ele>16.4</ele>
    <time>2026-07-26T09:36:36Z</time>
   </trkpt>
   <trkpt lat="22.7288600" lon="120.3109250">
    <ele>16.4</ele>
    <time>2026-07-26T09:36:37Z</time>
   </trkpt>
   <trkpt lat="22.7288520" lon="120.3109160">
    <ele>16.4</ele>
    <time>2026-07-26T09:36:38Z</time>
   </trkpt>
   <trkpt lat="22.7288470" lon="120.3109120">
    <ele>16.3</ele>
    <time>2026-07-26T09:36:39Z</time>
   </trkpt>
   <trkpt lat="22.7288420" lon="120.3109060">
    <ele>16.3</ele>
    <time>2026-07-26T09:36:40Z</time>
   </trkpt>
   <trkpt lat="22.7288350" lon="120.3109030">
    <ele>16.3</ele>
    <time>2026-07-26T09:36:41Z</time>
   </trkpt>
   <trkpt lat="22.7288280" lon="120.3108980">
    <ele>16.3</ele>
    <time>2026-07-26T09:36:42Z</time>
   </trkpt>
   <trkpt lat="22.7288200" lon="120.3108900">
    <ele>16.3</ele>
    <time>2026-07-26T09:36:43Z</time>
   </trkpt>
   <trkpt lat="22.7288150" lon="120.3108790">
    <ele>16.3</ele>
    <time>2026-07-26T09:36:44Z</time>
   </trkpt>
   <trkpt lat="22.7288140" lon="120.3108680">
    <ele>16.3</ele>
    <time>2026-07-26T09:36:45Z</time>
   </trkpt>
   <trkpt lat="22.7288140" lon="120.3108550">
    <ele>16.2</ele>
    <time>2026-07-26T09:36:46Z</time>
   </trkpt>
   <trkpt lat="22.7288140" lon="120.3108430">
    <ele>16.2</ele>
    <time>2026-07-26T09:36:47Z</time>
   </trkpt>
   <trkpt lat="22.7288090" lon="120.3108320">
    <ele>16.2</ele>
    <time>2026-07-26T09:36:48Z</time>
   </trkpt>
   <trkpt lat="22.7288060" lon="120.3108260">
    <ele>16.2</ele>
    <time>2026-07-26T09:36:49Z</time>
   </trkpt>
   <trkpt lat="22.7288040" lon="120.3108250">
    <ele>16.2</ele>
    <time>2026-07-26T09:36:50Z</time>
   </trkpt>
   <trkpt lat="22.7288100" lon="120.3108240">
    <ele>16.2</ele>
    <time>2026-07-26T09:36:51Z</time>
   </trkpt>
   <trkpt lat="22.7288140" lon="120.3108180">
    <ele>16.2</ele>
    <time>2026-07-26T09:36:52Z</time>
   </trkpt>
   <trkpt lat="22.7288190" lon="120.3108170">
    <ele>16.1</ele>
    <time>2026-07-26T09:36:53Z</time>
   </trkpt>
   <trkpt lat="22.7288180" lon="120.3108130">
    <ele>16.1</ele>
    <time>2026-07-26T09:36:54Z</time>
   </trkpt>
   <trkpt lat="22.7288200" lon="120.3108050">
    <ele>16.1</ele>
    <time>2026-07-26T09:36:55Z</time>
   </trkpt>
   <trkpt lat="22.7288210" lon="120.3107980">
    <ele>16.1</ele>
    <time>2026-07-26T09:36:56Z</time>
   </trkpt>
   <trkpt lat="22.7288200" lon="120.3107970">
    <ele>16.1</ele>
    <time>2026-07-26T09:36:57Z</time>
   </trkpt>
   <trkpt lat="22.7288250" lon="120.3108070">
    <ele>16.1</ele>
    <time>2026-07-26T09:36:58Z</time>
   </trkpt>
   <trkpt lat="22.7288240" lon="120.3108090">
    <ele>16.1</ele>
    <time>2026-07-26T09:36:59Z</time>
   </trkpt>
   <trkpt lat="22.7288240" lon="120.3108090">
    <ele>16.1</ele>
    <time>2026-07-26T09:37:00Z</time>
   </trkpt>
   <trkpt lat="22.7288230" lon="120.3108160">
    <ele>16.1</ele>
    <time>2026-07-26T09:37:01Z</time>
   </trkpt>
   <trkpt lat="22.7288240" lon="120.3108180">
    <ele>16.1</ele>
    <time>2026-07-26T09:37:02Z</time>
   </trkpt>
   <trkpt lat="22.7288240" lon="120.3108200">
    <ele>16.1</ele>
    <time>2026-07-26T09:37:03Z</time>
   </trkpt>
   <trkpt lat="22.7288250" lon="120.3108210">
    <ele>16.1</ele>
    <time>2026-07-26T09:37:04Z</time>
   </trkpt>
   <trkpt lat="22.7288250" lon="120.3108210">
    <ele>16.1</ele>
    <time>2026-07-26T09:37:05Z</time>
   </trkpt>
   <trkpt lat="22.7288250" lon="120.3108210">
    <ele>16.1</ele>
    <time>2026-07-26T09:37:06Z</time>
   </trkpt>
   <trkpt lat="22.7288250" lon="120.3108210">
    <ele>16.1</ele>
    <time>2026-07-26T09:37:07Z</time>
   </trkpt>
   <trkpt lat="22.7288250" lon="120.3108210">
    <ele>16.1</ele>
    <time>2026-07-26T09:37:08Z</time>
   </trkpt>
   <trkpt lat="22.7288250" lon="120.3108210">
    <ele>16.1</ele>
    <time>2026-07-26T09:37:09Z</time>
   </trkpt>
   <trkpt lat="22.7288250" lon="120.3108210">
    <ele>16.1</ele>
    <time>2026-07-26T09:37:10Z</time>
   </trkpt>
   <trkpt lat="22.7288250" lon="120.3108210">
    <ele>16.1</ele>
    <time>2026-07-26T09:37:11Z</time>
   </trkpt>
   <trkpt lat="22.7288250" lon="120.3108210">
    <ele>16.1</ele>
    <time>2026-07-26T09:37:12Z</time>
   </trkpt>
   <trkpt lat="22.7288250" lon="120.3108210">
    <ele>16.1</ele>
    <time>2026-07-26T09:37:13Z</time>
   </trkpt>
   <trkpt lat="22.7288250" lon="120.3108210">
    <ele>16.1</ele>
    <time>2026-07-26T09:37:14Z</time>
   </trkpt>
   <trkpt lat="22.7288250" lon="120.3108210">
    <ele>16.1</ele>
    <time>2026-07-26T09:37:15Z</time>
   </trkpt>
   <trkpt lat="22.7288250" lon="120.3108210">
    <ele>16.1</ele>
    <time>2026-07-26T09:37:16Z</time>
   </trkpt>
   <trkpt lat="22.7288250" lon="120.3108210">
    <ele>16.1</ele>
    <time>2026-07-26T09:37:17Z</time>
   </trkpt>
   <trkpt lat="22.7288250" lon="120.3108210">
    <ele>16.1</ele>
    <time>2026-07-26T09:37:18Z</time>
   </trkpt>
   <trkpt lat="22.7288250" lon="120.3108210">
    <ele>16.1</ele>
    <time>2026-07-26T09:37:19Z</time>
   </trkpt>
   <trkpt lat="22.7288300" lon="120.3108530">
    <ele>16.1</ele>
    <time>2026-07-26T09:37:20Z</time>
   </trkpt>
   <trkpt lat="22.7288300" lon="120.3108530">
    <ele>16.1</ele>
    <time>2026-07-26T09:37:21Z</time>
   </trkpt>
   <trkpt lat="22.7288300" lon="120.3108530">
    <ele>16.1</ele>
    <time>2026-07-26T09:37:22Z</time>
   </trkpt>
   <trkpt lat="22.7288300" lon="120.3108530">
    <ele>16.1</ele>
    <time>2026-07-26T09:37:23Z</time>
   </trkpt>
   <trkpt lat="22.7288300" lon="120.3108530">
    <ele>16.1</ele>
    <time>2026-07-26T09:37:24Z</time>
   </trkpt>
   <trkpt lat="22.7288290" lon="120.3108680">
    <ele>16.1</ele>
    <time>2026-07-26T09:37:25Z</time>
   </trkpt>
   <trkpt lat="22.7288280" lon="120.3108690">
    <ele>16.1</ele>
    <time>2026-07-26T09:37:26Z</time>
   </trkpt>
   <trkpt lat="22.7288260" lon="120.3108670">
    <ele>16.1</ele>
    <time>2026-07-26T09:37:27Z</time>
   </trkpt>
   <trkpt lat="22.7288190" lon="120.3108710">
    <ele>16.1</ele>
    <time>2026-07-26T09:37:28Z</time>
   </trkpt>
   <trkpt lat="22.7288190" lon="120.3108750">
    <ele>16.1</ele>
    <time>2026-07-26T09:37:29Z</time>
   </trkpt>
   <trkpt lat="22.7288150" lon="120.3108790">
    <ele>16.1</ele>
    <time>2026-07-26T09:37:30Z</time>
   </trkpt>
   <trkpt lat="22.7288090" lon="120.3108790">
    <ele>16.1</ele>
    <time>2026-07-26T09:37:31Z</time>
   </trkpt>
   <trkpt lat="22.7288080" lon="120.3108800">
    <ele>16.1</ele>
    <time>2026-07-26T09:37:32Z</time>
   </trkpt>
   <trkpt lat="22.7287950" lon="120.3108810">
    <ele>16.1</ele>
    <time>2026-07-26T09:37:33Z</time>
   </trkpt>
   <trkpt lat="22.7287930" lon="120.3108740">
    <ele>16.1</ele>
    <time>2026-07-26T09:37:35Z</time>
   </trkpt>
   <trkpt lat="22.7287920" lon="120.3108700">
    <ele>16.1</ele>
    <time>2026-07-26T09:37:36Z</time>
   </trkpt>
   <trkpt lat="22.7287910" lon="120.3108690">
    <ele>16.1</ele>
    <time>2026-07-26T09:37:37Z</time>
   </trkpt>
   <trkpt lat="22.7287870" lon="120.3108720">
    <ele>16.1</ele>
    <time>2026-07-26T09:37:38Z</time>
   </trkpt>
   <trkpt lat="22.7287870" lon="120.3108720">
    <ele>16.1</ele>
    <time>2026-07-26T09:37:39Z</time>
   </trkpt>
   <trkpt lat="22.7287870" lon="120.3108720">
    <ele>16.1</ele>
    <time>2026-07-26T09:37:40Z</time>
   </trkpt>
   <trkpt lat="22.7287900" lon="120.3108720">
    <ele>16.1</ele>
    <time>2026-07-26T09:37:41Z</time>
   </trkpt>
   <trkpt lat="22.7287830" lon="120.3108750">
    <ele>16.1</ele>
    <time>2026-07-26T09:37:42Z</time>
   </trkpt>
   <trkpt lat="22.7287790" lon="120.3108670">
    <ele>16.1</ele>
    <time>2026-07-26T09:37:43Z</time>
   </trkpt>
   <trkpt lat="22.7287760" lon="120.3108620">
    <ele>16.1</ele>
    <time>2026-07-26T09:37:44Z</time>
   </trkpt>
   <trkpt lat="22.7287780" lon="120.3108630">
    <ele>16.1</ele>
    <time>2026-07-26T09:37:45Z</time>
   </trkpt>
   <trkpt lat="22.7287790" lon="120.3108600">
    <ele>16.1</ele>
    <time>2026-07-26T09:37:46Z</time>
   </trkpt>
   <trkpt lat="22.7287850" lon="120.3108610">
    <ele>16.1</ele>
    <time>2026-07-26T09:37:47Z</time>
   </trkpt>
   <trkpt lat="22.7287850" lon="120.3108610">
    <ele>16.1</ele>
    <time>2026-07-26T09:37:48Z</time>
   </trkpt>
   <trkpt lat="22.7287850" lon="120.3108610">
    <ele>16.1</ele>
    <time>2026-07-26T09:37:49Z</time>
   </trkpt>
   <trkpt lat="22.7287850" lon="120.3108610">
    <ele>16.1</ele>
    <time>2026-07-26T09:37:50Z</time>
   </trkpt>
   <trkpt lat="22.7287850" lon="120.3108610">
    <ele>16.1</ele>
    <time>2026-07-26T09:37:51Z</time>
   </trkpt>
   <trkpt lat="22.7287850" lon="120.3108610">
    <ele>16.1</ele>
    <time>2026-07-26T09:37:52Z</time>
   </trkpt>
   <trkpt lat="22.7287980" lon="120.3108480">
    <ele>16.1</ele>
    <time>2026-07-26T09:37:53Z</time>
   </trkpt>
   <trkpt lat="22.7287980" lon="120.3108490">
    <ele>16.1</ele>
    <time>2026-07-26T09:37:54Z</time>
   </trkpt>
   <trkpt lat="22.7287980" lon="120.3108490">
    <ele>16.1</ele>
    <time>2026-07-26T09:37:55Z</time>
   </trkpt>
   <trkpt lat="22.7287980" lon="120.3108490">
    <ele>16.1</ele>
    <time>2026-07-26T09:37:56Z</time>
   </trkpt>
   <trkpt lat="22.7288000" lon="120.3108410">
    <ele>16.1</ele>
    <time>2026-07-26T09:37:57Z</time>
   </trkpt>
   <trkpt lat="22.7288030" lon="120.3108400">
    <ele>16.1</ele>
    <time>2026-07-26T09:37:58Z</time>
   </trkpt>
   <trkpt lat="22.7288030" lon="120.3108400">
    <ele>16.1</ele>
    <time>2026-07-26T09:37:59Z</time>
   </trkpt>
   <trkpt lat="22.7288030" lon="120.3108400">
    <ele>16.1</ele>
    <time>2026-07-26T09:38:00Z</time>
   </trkpt>
   <trkpt lat="22.7288030" lon="120.3108340">
    <ele>16.1</ele>
    <time>2026-07-26T09:38:01Z</time>
   </trkpt>
   <trkpt lat="22.7288030" lon="120.3108340">
    <ele>16.1</ele>
    <time>2026-07-26T09:38:02Z</time>
   </trkpt>
   <trkpt lat="22.7288000" lon="120.3108340">
    <ele>16.1</ele>
    <time>2026-07-26T09:38:03Z</time>
   </trkpt>
   <trkpt lat="22.7287970" lon="120.3108320">
    <ele>16.1</ele>
    <time>2026-07-26T09:38:04Z</time>
   </trkpt>
   <trkpt lat="22.7288000" lon="120.3108300">
    <ele>16.1</ele>
    <time>2026-07-26T09:38:05Z</time>
   </trkpt>
   <trkpt lat="22.7288030" lon="120.3108280">
    <ele>16.1</ele>
    <time>2026-07-26T09:38:06Z</time>
   </trkpt>
   <trkpt lat="22.7288090" lon="120.3108210">
    <ele>16.1</ele>
    <time>2026-07-26T09:38:07Z</time>
   </trkpt>
   <trkpt lat="22.7288140" lon="120.3108150">
    <ele>16.1</ele>
    <time>2026-07-26T09:38:08Z</time>
   </trkpt>
   <trkpt lat="22.7288150" lon="120.3108100">
    <ele>16.1</ele>
    <time>2026-07-26T09:38:09Z</time>
   </trkpt>
   <trkpt lat="22.7288150" lon="120.3108050">
    <ele>16.1</ele>
    <time>2026-07-26T09:38:10Z</time>
   </trkpt>
   <trkpt lat="22.7288170" lon="120.3108090">
    <ele>16.1</ele>
    <time>2026-07-26T09:38:11Z</time>
   </trkpt>
   <trkpt lat="22.7288130" lon="120.3108030">
    <ele>16.1</ele>
    <time>2026-07-26T09:38:12Z</time>
   </trkpt>
   <trkpt lat="22.7288130" lon="120.3108000">
    <ele>16.1</ele>
    <time>2026-07-26T09:38:13Z</time>
   </trkpt>
   <trkpt lat="22.7288090" lon="120.3107950">
    <ele>16.1</ele>
    <time>2026-07-26T09:38:14Z</time>
   </trkpt>
   <trkpt lat="22.7288080" lon="120.3107910">
    <ele>16.1</ele>
    <time>2026-07-26T09:38:15Z</time>
   </trkpt>
   <trkpt lat="22.7288100" lon="120.3107950">
    <ele>16.1</ele>
    <time>2026-07-26T09:38:16Z</time>
   </trkpt>
   <trkpt lat="22.7288110" lon="120.3107880">
    <ele>16.1</ele>
    <time>2026-07-26T09:38:17Z</time>
   </trkpt>
   <trkpt lat="22.7288110" lon="120.3107880">
    <ele>16.1</ele>
    <time>2026-07-26T09:38:18Z</time>
   </trkpt>
   <trkpt lat="22.7288070" lon="120.3107860">
    <ele>16.1</ele>
    <time>2026-07-26T09:38:19Z</time>
   </trkpt>
   <trkpt lat="22.7288070" lon="120.3107860">
    <ele>16.1</ele>
    <time>2026-07-26T09:38:20Z</time>
   </trkpt>
   <trkpt lat="22.7288090" lon="120.3107750">
    <ele>16.1</ele>
    <time>2026-07-26T09:38:21Z</time>
   </trkpt>
   <trkpt lat="22.7288070" lon="120.3107720">
    <ele>16.1</ele>
    <time>2026-07-26T09:38:22Z</time>
   </trkpt>
   <trkpt lat="22.7288070" lon="120.3107720">
    <ele>16.1</ele>
    <time>2026-07-26T09:38:23Z</time>
   </trkpt>
   <trkpt lat="22.7288060" lon="120.3107740">
    <ele>16.1</ele>
    <time>2026-07-26T09:38:24Z</time>
   </trkpt>
   <trkpt lat="22.7288080" lon="120.3107740">
    <ele>16.1</ele>
    <time>2026-07-26T09:38:25Z</time>
   </trkpt>
   <trkpt lat="22.7288080" lon="120.3107800">
    <ele>16.1</ele>
    <time>2026-07-26T09:38:26Z</time>
   </trkpt>
   <trkpt lat="22.7288120" lon="120.3107800">
    <ele>16.1</ele>
    <time>2026-07-26T09:38:27Z</time>
   </trkpt>
   <trkpt lat="22.7288140" lon="120.3107730">
    <ele>16.1</ele>
    <time>2026-07-26T09:38:28Z</time>
   </trkpt>
   <trkpt lat="22.7288110" lon="120.3107720">
    <ele>16.1</ele>
    <time>2026-07-26T09:38:29Z</time>
   </trkpt>
   <trkpt lat="22.7288040" lon="120.3107670">
    <ele>16.1</ele>
    <time>2026-07-26T09:38:30Z</time>
   </trkpt>
   <trkpt lat="22.7287980" lon="120.3107570">
    <ele>16.1</ele>
    <time>2026-07-26T09:38:31Z</time>
   </trkpt>
   <trkpt lat="22.7287970" lon="120.3107550">
    <ele>16.1</ele>
    <time>2026-07-26T09:38:32Z</time>
   </trkpt>
   <trkpt lat="22.7287940" lon="120.3107500">
    <ele>16.1</ele>
    <time>2026-07-26T09:38:33Z</time>
   </trkpt>
   <trkpt lat="22.7287930" lon="120.3107420">
    <ele>16.1</ele>
    <time>2026-07-26T09:38:34Z</time>
   </trkpt>
   <trkpt lat="22.7287900" lon="120.3107420">
    <ele>16.1</ele>
    <time>2026-07-26T09:38:35Z</time>
   </trkpt>
   <trkpt lat="22.7287890" lon="120.3107420">
    <ele>16.1</ele>
    <time>2026-07-26T09:38:36Z</time>
   </trkpt>
   <trkpt lat="22.7287900" lon="120.3107410">
    <ele>16.1</ele>
    <time>2026-07-26T09:38:37Z</time>
   </trkpt>
   <trkpt lat="22.7287940" lon="120.3107470">
    <ele>16.1</ele>
    <time>2026-07-26T09:38:38Z</time>
   </trkpt>
   <trkpt lat="22.7287940" lon="120.3107500">
    <ele>16.1</ele>
    <time>2026-07-26T09:38:39Z</time>
   </trkpt>
   <trkpt lat="22.7287970" lon="120.3107550">
    <ele>16.1</ele>
    <time>2026-07-26T09:38:40Z</time>
   </trkpt>
   <trkpt lat="22.7287980" lon="120.3107560">
    <ele>16.1</ele>
    <time>2026-07-26T09:38:41Z</time>
   </trkpt>
   <trkpt lat="22.7287980" lon="120.3107570">
    <ele>16.1</ele>
    <time>2026-07-26T09:38:42Z</time>
   </trkpt>
   <trkpt lat="22.7287980" lon="120.3107550">
    <ele>16.1</ele>
    <time>2026-07-26T09:38:43Z</time>
   </trkpt>
   <trkpt lat="22.7287970" lon="120.3107560">
    <ele>16.1</ele>
    <time>2026-07-26T09:38:44Z</time>
   </trkpt>
   <trkpt lat="22.7287970" lon="120.3107590">
    <ele>16.1</ele>
    <time>2026-07-26T09:38:45Z</time>
   </trkpt>
   <trkpt lat="22.7287950" lon="120.3107630">
    <ele>16.1</ele>
    <time>2026-07-26T09:38:46Z</time>
   </trkpt>
   <trkpt lat="22.7287890" lon="120.3107620">
    <ele>16.1</ele>
    <time>2026-07-26T09:38:47Z</time>
   </trkpt>
   <trkpt lat="22.7287840" lon="120.3107580">
    <ele>16.1</ele>
    <time>2026-07-26T09:38:48Z</time>
   </trkpt>
   <trkpt lat="22.7287820" lon="120.3107570">
    <ele>16.1</ele>
    <time>2026-07-26T09:38:49Z</time>
   </trkpt>
   <trkpt lat="22.7287830" lon="120.3107550">
    <ele>16.1</ele>
    <time>2026-07-26T09:38:50Z</time>
   </trkpt>
   <trkpt lat="22.7287830" lon="120.3107530">
    <ele>16.1</ele>
    <time>2026-07-26T09:38:51Z</time>
   </trkpt>
   <trkpt lat="22.7287780" lon="120.3107510">
    <ele>16.1</ele>
    <time>2026-07-26T09:38:52Z</time>
   </trkpt>
   <trkpt lat="22.7287800" lon="120.3107540">
    <ele>16.1</ele>
    <time>2026-07-26T09:38:53Z</time>
   </trkpt>
   <trkpt lat="22.7287790" lon="120.3107540">
    <ele>16.1</ele>
    <time>2026-07-26T09:38:54Z</time>
   </trkpt>
   <trkpt lat="22.7287810" lon="120.3107580">
    <ele>16.1</ele>
    <time>2026-07-26T09:38:55Z</time>
   </trkpt>
   <trkpt lat="22.7287810" lon="120.3107570">
    <ele>16.1</ele>
    <time>2026-07-26T09:38:56Z</time>
   </trkpt>
   <trkpt lat="22.7287790" lon="120.3107560">
    <ele>16.1</ele>
    <time>2026-07-26T09:38:57Z</time>
   </trkpt>
   <trkpt lat="22.7287760" lon="120.3107540">
    <ele>16.1</ele>
    <time>2026-07-26T09:38:58Z</time>
   </trkpt>
   <trkpt lat="22.7287830" lon="120.3107670">
    <ele>16.1</ele>
    <time>2026-07-26T09:38:59Z</time>
   </trkpt>
   <trkpt lat="22.7287770" lon="120.3107620">
    <ele>16.1</ele>
    <time>2026-07-26T09:39:00Z</time>
   </trkpt>
   <trkpt lat="22.7287750" lon="120.3107580">
    <ele>16.1</ele>
    <time>2026-07-26T09:39:01Z</time>
   </trkpt>
   <trkpt lat="22.7287750" lon="120.3107580">
    <ele>16.1</ele>
    <time>2026-07-26T09:39:02Z</time>
   </trkpt>
   <trkpt lat="22.7287720" lon="120.3107590">
    <ele>16.1</ele>
    <time>2026-07-26T09:39:03Z</time>
   </trkpt>
   <trkpt lat="22.7287720" lon="120.3107590">
    <ele>16.1</ele>
    <time>2026-07-26T09:39:04Z</time>
   </trkpt>
   <trkpt lat="22.7287720" lon="120.3107590">
    <ele>16.1</ele>
    <time>2026-07-26T09:39:05Z</time>
   </trkpt>
   <trkpt lat="22.7287720" lon="120.3107590">
    <ele>16.1</ele>
    <time>2026-07-26T09:39:06Z</time>
   </trkpt>
   <trkpt lat="22.7287720" lon="120.3107590">
    <ele>16.1</ele>
    <time>2026-07-26T09:39:07Z</time>
   </trkpt>
   <trkpt lat="22.7287720" lon="120.3107590">
    <ele>16.1</ele>
    <time>2026-07-26T09:39:08Z</time>
   </trkpt>
   <trkpt lat="22.7287730" lon="120.3107760">
    <ele>16.1</ele>
    <time>2026-07-26T09:39:09Z</time>
   </trkpt>
   <trkpt lat="22.7287750" lon="120.3107750">
    <ele>16.1</ele>
    <time>2026-07-26T09:39:10Z</time>
   </trkpt>
   <trkpt lat="22.7287730" lon="120.3107760">
    <ele>16.1</ele>
    <time>2026-07-26T09:39:11Z</time>
   </trkpt>
   <trkpt lat="22.7287730" lon="120.3107760">
    <ele>16.1</ele>
    <time>2026-07-26T09:39:12Z</time>
   </trkpt>
   <trkpt lat="22.7287730" lon="120.3107760">
    <ele>16.1</ele>
    <time>2026-07-26T09:39:13Z</time>
   </trkpt>
   <trkpt lat="22.7287680" lon="120.3107740">
    <ele>16.1</ele>
    <time>2026-07-26T09:39:14Z</time>
   </trkpt>
   <trkpt lat="22.7287670" lon="120.3107730">
    <ele>16.1</ele>
    <time>2026-07-26T09:39:15Z</time>
   </trkpt>
   <trkpt lat="22.7287660" lon="120.3107690">
    <ele>16.1</ele>
    <time>2026-07-26T09:39:16Z</time>
   </trkpt>
   <trkpt lat="22.7287680" lon="120.3107700">
    <ele>16.1</ele>
    <time>2026-07-26T09:39:17Z</time>
   </trkpt>
   <trkpt lat="22.7287710" lon="120.3107690">
    <ele>16.1</ele>
    <time>2026-07-26T09:39:18Z</time>
   </trkpt>
   <trkpt lat="22.7287700" lon="120.3107680">
    <ele>16.1</ele>
    <time>2026-07-26T09:39:19Z</time>
   </trkpt>
   <trkpt lat="22.7287700" lon="120.3107680">
    <ele>16.1</ele>
    <time>2026-07-26T09:39:20Z</time>
   </trkpt>
   <trkpt lat="22.7287700" lon="120.3107680">
    <ele>16.1</ele>
    <time>2026-07-26T09:39:21Z</time>
   </trkpt>
   <trkpt lat="22.7287760" lon="120.3107690">
    <ele>16.1</ele>
    <time>2026-07-26T09:39:22Z</time>
   </trkpt>
   <trkpt lat="22.7287780" lon="120.3107660">
    <ele>16.1</ele>
    <time>2026-07-26T09:39:23Z</time>
   </trkpt>
   <trkpt lat="22.7287790" lon="120.3107720">
    <ele>16.1</ele>
    <time>2026-07-26T09:39:24Z</time>
   </trkpt>
   <trkpt lat="22.7287790" lon="120.3107640">
    <ele>16.1</ele>
    <time>2026-07-26T09:39:25Z</time>
   </trkpt>
   <trkpt lat="22.7287810" lon="120.3107650">
    <ele>16.1</ele>
    <time>2026-07-26T09:39:26Z</time>
   </trkpt>
   <trkpt lat="22.7287800" lon="120.3107690">
    <ele>16.1</ele>
    <time>2026-07-26T09:39:27Z</time>
   </trkpt>
   <trkpt lat="22.7287800" lon="120.3107680">
    <ele>16.1</ele>
    <time>2026-07-26T09:39:28Z</time>
   </trkpt>
   <trkpt lat="22.7287800" lon="120.3107720">
    <ele>16.1</ele>
    <time>2026-07-26T09:39:29Z</time>
   </trkpt>
   <trkpt lat="22.7287760" lon="120.3107730">
    <ele>16.1</ele>
    <time>2026-07-26T09:39:30Z</time>
   </trkpt>
   <trkpt lat="22.7287730" lon="120.3107700">
    <ele>16.1</ele>
    <time>2026-07-26T09:39:31Z</time>
   </trkpt>
   <trkpt lat="22.7287760" lon="120.3107740">
    <ele>16.1</ele>
    <time>2026-07-26T09:39:32Z</time>
   </trkpt>
   <trkpt lat="22.7287740" lon="120.3107890">
    <ele>16.1</ele>
    <time>2026-07-26T09:39:33Z</time>
   </trkpt>
   <trkpt lat="22.7287690" lon="120.3108040">
    <ele>16.1</ele>
    <time>2026-07-26T09:39:34Z</time>
   </trkpt>
   <trkpt lat="22.7287680" lon="120.3108140">
    <ele>16.1</ele>
    <time>2026-07-26T09:39:35Z</time>
   </trkpt>
   <trkpt lat="22.7287630" lon="120.3108130">
    <ele>16.1</ele>
    <time>2026-07-26T09:39:36Z</time>
   </trkpt>
   <trkpt lat="22.7287590" lon="120.3108020">
    <ele>16.1</ele>
    <time>2026-07-26T09:39:37Z</time>
   </trkpt>
   <trkpt lat="22.7287490" lon="120.3108180">
    <ele>16.1</ele>
    <time>2026-07-26T09:39:38Z</time>
   </trkpt>
   <trkpt lat="22.7287350" lon="120.3108200">
    <ele>16.1</ele>
    <time>2026-07-26T09:39:39Z</time>
   </trkpt>
   <trkpt lat="22.7287320" lon="120.3108140">
    <ele>16.1</ele>
    <time>2026-07-26T09:39:40Z</time>
   </trkpt>
   <trkpt lat="22.7287250" lon="120.3108160">
    <ele>16.1</ele>
    <time>2026-07-26T09:39:41Z</time>
   </trkpt>
   <trkpt lat="22.7287180" lon="120.3108190">
    <ele>16.1</ele>
    <time>2026-07-26T09:39:42Z</time>
   </trkpt>
   <trkpt lat="22.7287140" lon="120.3108090">
    <ele>16.1</ele>
    <time>2026-07-26T09:39:43Z</time>
   </trkpt>
   <trkpt lat="22.7287030" lon="120.3108010">
    <ele>16.1</ele>
    <time>2026-07-26T09:39:44Z</time>
   </trkpt>
   <trkpt lat="22.7286980" lon="120.3107970">
    <ele>16.1</ele>
    <time>2026-07-26T09:39:45Z</time>
   </trkpt>
   <trkpt lat="22.7286900" lon="120.3107930">
    <ele>16.1</ele>
    <time>2026-07-26T09:39:46Z</time>
   </trkpt>
   <trkpt lat="22.7286840" lon="120.3107900">
    <ele>16.1</ele>
    <time>2026-07-26T09:39:47Z</time>
   </trkpt>
   <trkpt lat="22.7286670" lon="120.3107800">
    <ele>16.1</ele>
    <time>2026-07-26T09:39:48Z</time>
   </trkpt>
   <trkpt lat="22.7286620" lon="120.3107790">
    <ele>16.1</ele>
    <time>2026-07-26T09:39:49Z</time>
   </trkpt>
   <trkpt lat="22.7286520" lon="120.3107810">
    <ele>16.1</ele>
    <time>2026-07-26T09:39:50Z</time>
   </trkpt>
   <trkpt lat="22.7286450" lon="120.3107800">
    <ele>16.1</ele>
    <time>2026-07-26T09:39:51Z</time>
   </trkpt>
   <trkpt lat="22.7286360" lon="120.3107720">
    <ele>16.1</ele>
    <time>2026-07-26T09:39:52Z</time>
   </trkpt>
   <trkpt lat="22.7286290" lon="120.3107680">
    <ele>16.1</ele>
    <time>2026-07-26T09:39:53Z</time>
   </trkpt>
   <trkpt lat="22.7286200" lon="120.3107650">
    <ele>16.1</ele>
    <time>2026-07-26T09:39:54Z</time>
   </trkpt>
   <trkpt lat="22.7286090" lon="120.3107530">
    <ele>16.1</ele>
    <time>2026-07-26T09:39:55Z</time>
   </trkpt>
   <trkpt lat="22.7286070" lon="120.3107440">
    <ele>16.1</ele>
    <time>2026-07-26T09:39:56Z</time>
   </trkpt>
   <trkpt lat="22.7286060" lon="120.3107390">
    <ele>16.1</ele>
    <time>2026-07-26T09:39:57Z</time>
   </trkpt>
   <trkpt lat="22.7286100" lon="120.3107430">
    <ele>16.1</ele>
    <time>2026-07-26T09:39:58Z</time>
   </trkpt>
   <trkpt lat="22.7286080" lon="120.3107520">
    <ele>16.1</ele>
    <time>2026-07-26T09:39:59Z</time>
   </trkpt>
   <trkpt lat="22.7285990" lon="120.3107540">
    <ele>16.1</ele>
    <time>2026-07-26T09:40:00Z</time>
   </trkpt>
   <trkpt lat="22.7285940" lon="120.3107480">
    <ele>16.1</ele>
    <time>2026-07-26T09:40:01Z</time>
   </trkpt>
   <trkpt lat="22.7285910" lon="120.3107450">
    <ele>16.1</ele>
    <time>2026-07-26T09:40:02Z</time>
   </trkpt>
   <trkpt lat="22.7285940" lon="120.3107530">
    <ele>16.1</ele>
    <time>2026-07-26T09:40:03Z</time>
   </trkpt>
   <trkpt lat="22.7285940" lon="120.3107500">
    <ele>16.1</ele>
    <time>2026-07-26T09:40:04Z</time>
   </trkpt>
   <trkpt lat="22.7285910" lon="120.3107540">
    <ele>16.1</ele>
    <time>2026-07-26T09:40:05Z</time>
   </trkpt>
   <trkpt lat="22.7285840" lon="120.3107460">
    <ele>16.1</ele>
    <time>2026-07-26T09:40:06Z</time>
   </trkpt>
   <trkpt lat="22.7285730" lon="120.3107360">
    <ele>16.1</ele>
    <time>2026-07-26T09:40:07Z</time>
   </trkpt>
   <trkpt lat="22.7285740" lon="120.3107490">
    <ele>16.1</ele>
    <time>2026-07-26T09:40:08Z</time>
   </trkpt>
   <trkpt lat="22.7285740" lon="120.3107500">
    <ele>16.1</ele>
    <time>2026-07-26T09:40:09Z</time>
   </trkpt>
   <trkpt lat="22.7285570" lon="120.3107660">
    <ele>16.1</ele>
    <time>2026-07-26T09:40:10Z</time>
   </trkpt>
   <trkpt lat="22.7285590" lon="120.3107570">
    <ele>16.1</ele>
    <time>2026-07-26T09:40:11Z</time>
   </trkpt>
   <trkpt lat="22.7285720" lon="120.3107610">
    <ele>16.1</ele>
    <time>2026-07-26T09:40:12Z</time>
   </trkpt>
   <trkpt lat="22.7285700" lon="120.3107600">
    <ele>16.1</ele>
    <time>2026-07-26T09:40:13Z</time>
   </trkpt>
   <trkpt lat="22.7285680" lon="120.3107560">
    <ele>16.1</ele>
    <time>2026-07-26T09:40:14Z</time>
   </trkpt>
   <trkpt lat="22.7285690" lon="120.3107550">
    <ele>16.1</ele>
    <time>2026-07-26T09:40:15Z</time>
   </trkpt>
   <trkpt lat="22.7285550" lon="120.3107370">
    <ele>16.1</ele>
    <time>2026-07-26T09:40:16Z</time>
   </trkpt>
   <trkpt lat="22.7285540" lon="120.3107310">
    <ele>16.1</ele>
    <time>2026-07-26T09:40:17Z</time>
   </trkpt>
   <trkpt lat="22.7285460" lon="120.3107210">
    <ele>16.1</ele>
    <time>2026-07-26T09:40:18Z</time>
   </trkpt>
   <trkpt lat="22.7285390" lon="120.3107100">
    <ele>16.1</ele>
    <time>2026-07-26T09:40:19Z</time>
   </trkpt>
   <trkpt lat="22.7285300" lon="120.3107060">
    <ele>16.1</ele>
    <time>2026-07-26T09:40:20Z</time>
   </trkpt>
   <trkpt lat="22.7285290" lon="120.3107060">
    <ele>16.1</ele>
    <time>2026-07-26T09:40:21Z</time>
   </trkpt>
   <trkpt lat="22.7285320" lon="120.3107130">
    <ele>16.1</ele>
    <time>2026-07-26T09:40:22Z</time>
   </trkpt>
   <trkpt lat="22.7285350" lon="120.3107190">
    <ele>16.1</ele>
    <time>2026-07-26T09:40:23Z</time>
   </trkpt>
   <trkpt lat="22.7285350" lon="120.3107140">
    <ele>16.1</ele>
    <time>2026-07-26T09:40:24Z</time>
   </trkpt>
   <trkpt lat="22.7285280" lon="120.3107140">
    <ele>16.1</ele>
    <time>2026-07-26T09:40:25Z</time>
   </trkpt>
   <trkpt lat="22.7285260" lon="120.3107160">
    <ele>16.1</ele>
    <time>2026-07-26T09:40:26Z</time>
   </trkpt>
   <trkpt lat="22.7285250" lon="120.3107150">
    <ele>16.1</ele>
    <time>2026-07-26T09:40:27Z</time>
   </trkpt>
   <trkpt lat="22.7285300" lon="120.3107220">
    <ele>16.1</ele>
    <time>2026-07-26T09:40:28Z</time>
   </trkpt>
   <trkpt lat="22.7285310" lon="120.3107220">
    <ele>16.1</ele>
    <time>2026-07-26T09:40:29Z</time>
   </trkpt>
   <trkpt lat="22.7285330" lon="120.3107150">
    <ele>16.1</ele>
    <time>2026-07-26T09:40:30Z</time>
   </trkpt>
   <trkpt lat="22.7285290" lon="120.3107070">
    <ele>16.1</ele>
    <time>2026-07-26T09:40:31Z</time>
   </trkpt>
   <trkpt lat="22.7285300" lon="120.3107120">
    <ele>16.1</ele>
    <time>2026-07-26T09:40:32Z</time>
   </trkpt>
   <trkpt lat="22.7285320" lon="120.3107160">
    <ele>16.1</ele>
    <time>2026-07-26T09:40:33Z</time>
   </trkpt>
   <trkpt lat="22.7285340" lon="120.3107130">
    <ele>16.1</ele>
    <time>2026-07-26T09:40:34Z</time>
   </trkpt>
   <trkpt lat="22.7285170" lon="120.3106870">
    <ele>16.0</ele>
    <time>2026-07-26T09:40:35Z</time>
   </trkpt>
   <trkpt lat="22.7285190" lon="120.3106710">
    <ele>16.0</ele>
    <time>2026-07-26T09:40:36Z</time>
   </trkpt>
   <trkpt lat="22.7285060" lon="120.3106690">
    <ele>16.0</ele>
    <time>2026-07-26T09:40:37Z</time>
   </trkpt>
   <trkpt lat="22.7285100" lon="120.3106710">
    <ele>16.0</ele>
    <time>2026-07-26T09:40:38Z</time>
   </trkpt>
   <trkpt lat="22.7285330" lon="120.3106790">
    <ele>16.0</ele>
    <time>2026-07-26T09:40:39Z</time>
   </trkpt>
   <trkpt lat="22.7285450" lon="120.3106550">
    <ele>16.0</ele>
    <time>2026-07-26T09:40:40Z</time>
   </trkpt>
   <trkpt lat="22.7285470" lon="120.3106360">
    <ele>16.0</ele>
    <time>2026-07-26T09:40:41Z</time>
   </trkpt>
   <trkpt lat="22.7285490" lon="120.3106420">
    <ele>16.0</ele>
    <time>2026-07-26T09:40:42Z</time>
   </trkpt>
   <trkpt lat="22.7285540" lon="120.3106310">
    <ele>16.0</ele>
    <time>2026-07-26T09:40:43Z</time>
   </trkpt>
   <trkpt lat="22.7285620" lon="120.3106400">
    <ele>16.0</ele>
    <time>2026-07-26T09:40:44Z</time>
   </trkpt>
   <trkpt lat="22.7285620" lon="120.3106410">
    <ele>16.0</ele>
    <time>2026-07-26T09:40:45Z</time>
   </trkpt>
   <trkpt lat="22.7285550" lon="120.3106380">
    <ele>16.0</ele>
    <time>2026-07-26T09:40:46Z</time>
   </trkpt>
   <trkpt lat="22.7285370" lon="120.3106210">
    <ele>16.0</ele>
    <time>2026-07-26T09:40:47Z</time>
   </trkpt>
   <trkpt lat="22.7285310" lon="120.3106140">
    <ele>16.0</ele>
    <time>2026-07-26T09:40:48Z</time>
   </trkpt>
   <trkpt lat="22.7285200" lon="120.3106090">
    <ele>16.0</ele>
    <time>2026-07-26T09:40:49Z</time>
   </trkpt>
   <trkpt lat="22.7285210" lon="120.3105970">
    <ele>16.0</ele>
    <time>2026-07-26T09:40:50Z</time>
   </trkpt>
   <trkpt lat="22.7285260" lon="120.3105800">
    <ele>16.0</ele>
    <time>2026-07-26T09:40:51Z</time>
   </trkpt>
   <trkpt lat="22.7285360" lon="120.3105740">
    <ele>16.0</ele>
    <time>2026-07-26T09:40:52Z</time>
   </trkpt>
   <trkpt lat="22.7285370" lon="120.3105640">
    <ele>16.0</ele>
    <time>2026-07-26T09:40:53Z</time>
   </trkpt>
   <trkpt lat="22.7285300" lon="120.3105660">
    <ele>16.0</ele>
    <time>2026-07-26T09:40:54Z</time>
   </trkpt>
   <trkpt lat="22.7285210" lon="120.3105640">
    <ele>16.0</ele>
    <time>2026-07-26T09:40:55Z</time>
   </trkpt>
   <trkpt lat="22.7285190" lon="120.3105660">
    <ele>16.0</ele>
    <time>2026-07-26T09:40:56Z</time>
   </trkpt>
   <trkpt lat="22.7285290" lon="120.3105660">
    <ele>16.0</ele>
    <time>2026-07-26T09:40:57Z</time>
   </trkpt>
   <trkpt lat="22.7285370" lon="120.3105540">
    <ele>16.0</ele>
    <time>2026-07-26T09:40:58Z</time>
   </trkpt>
   <trkpt lat="22.7285320" lon="120.3105550">
    <ele>16.0</ele>
    <time>2026-07-26T09:40:59Z</time>
   </trkpt>
   <trkpt lat="22.7285190" lon="120.3105660">
    <ele>16.0</ele>
    <time>2026-07-26T09:41:00Z</time>
   </trkpt>
   <trkpt lat="22.7285060" lon="120.3105750">
    <ele>16.0</ele>
    <time>2026-07-26T09:41:01Z</time>
   </trkpt>
   <trkpt lat="22.7285080" lon="120.3105830">
    <ele>16.0</ele>
    <time>2026-07-26T09:41:02Z</time>
   </trkpt>
   <trkpt lat="22.7285100" lon="120.3105780">
    <ele>16.0</ele>
    <time>2026-07-26T09:41:03Z</time>
   </trkpt>
   <trkpt lat="22.7284990" lon="120.3105610">
    <ele>16.0</ele>
    <time>2026-07-26T09:41:04Z</time>
   </trkpt>
   <trkpt lat="22.7284970" lon="120.3105480">
    <ele>16.0</ele>
    <time>2026-07-26T09:41:05Z</time>
   </trkpt>
   <trkpt lat="22.7284940" lon="120.3105400">
    <ele>16.0</ele>
    <time>2026-07-26T09:41:06Z</time>
   </trkpt>
   <trkpt lat="22.7284910" lon="120.3105320">
    <ele>16.0</ele>
    <time>2026-07-26T09:41:07Z</time>
   </trkpt>
   <trkpt lat="22.7284820" lon="120.3105240">
    <ele>16.0</ele>
    <time>2026-07-26T09:41:08Z</time>
   </trkpt>
   <trkpt lat="22.7284830" lon="120.3105100">
    <ele>16.0</ele>
    <time>2026-07-26T09:41:09Z</time>
   </trkpt>
   <trkpt lat="22.7284820" lon="120.3104950">
    <ele>16.0</ele>
    <time>2026-07-26T09:41:10Z</time>
   </trkpt>
   <trkpt lat="22.7284820" lon="120.3104810">
    <ele>16.0</ele>
    <time>2026-07-26T09:41:11Z</time>
   </trkpt>
   <trkpt lat="22.7284790" lon="120.3104690">
    <ele>16.0</ele>
    <time>2026-07-26T09:41:12Z</time>
   </trkpt>
   <trkpt lat="22.7284770" lon="120.3104580">
    <ele>16.0</ele>
    <time>2026-07-26T09:41:13Z</time>
   </trkpt>
   <trkpt lat="22.7284780" lon="120.3104460">
    <ele>16.0</ele>
    <time>2026-07-26T09:41:14Z</time>
   </trkpt>
   <trkpt lat="22.7284700" lon="120.3104370">
    <ele>16.0</ele>
    <time>2026-07-26T09:41:15Z</time>
   </trkpt>
   <trkpt lat="22.7284620" lon="120.3104260">
    <ele>16.0</ele>
    <time>2026-07-26T09:41:16Z</time>
   </trkpt>
   <trkpt lat="22.7284560" lon="120.3104170">
    <ele>16.0</ele>
    <time>2026-07-26T09:41:17Z</time>
   </trkpt>
   <trkpt lat="22.7284520" lon="120.3104100">
    <ele>16.0</ele>
    <time>2026-07-26T09:41:18Z</time>
   </trkpt>
   <trkpt lat="22.7284460" lon="120.3104000">
    <ele>16.0</ele>
    <time>2026-07-26T09:41:19Z</time>
   </trkpt>
   <trkpt lat="22.7284390" lon="120.3103910">
    <ele>16.0</ele>
    <time>2026-07-26T09:41:20Z</time>
   </trkpt>
   <trkpt lat="22.7284330" lon="120.3103810">
    <ele>16.0</ele>
    <time>2026-07-26T09:41:21Z</time>
   </trkpt>
   <trkpt lat="22.7284300" lon="120.3103720">
    <ele>16.0</ele>
    <time>2026-07-26T09:41:22Z</time>
   </trkpt>
   <trkpt lat="22.7284250" lon="120.3103640">
    <ele>16.0</ele>
    <time>2026-07-26T09:41:23Z</time>
   </trkpt>
   <trkpt lat="22.7284300" lon="120.3103540">
    <ele>15.9</ele>
    <time>2026-07-26T09:41:24Z</time>
   </trkpt>
   <trkpt lat="22.7284300" lon="120.3103440">
    <ele>15.9</ele>
    <time>2026-07-26T09:41:25Z</time>
   </trkpt>
   <trkpt lat="22.7284260" lon="120.3103370">
    <ele>15.9</ele>
    <time>2026-07-26T09:41:26Z</time>
   </trkpt>
   <trkpt lat="22.7284190" lon="120.3103150">
    <ele>15.9</ele>
    <time>2026-07-26T09:41:27Z</time>
   </trkpt>
   <trkpt lat="22.7284140" lon="120.3103080">
    <ele>15.9</ele>
    <time>2026-07-26T09:41:28Z</time>
   </trkpt>
   <trkpt lat="22.7284090" lon="120.3103000">
    <ele>15.9</ele>
    <time>2026-07-26T09:41:29Z</time>
   </trkpt>
   <trkpt lat="22.7284010" lon="120.3102890">
    <ele>15.9</ele>
    <time>2026-07-26T09:41:30Z</time>
   </trkpt>
   <trkpt lat="22.7283960" lon="120.3102810">
    <ele>15.9</ele>
    <time>2026-07-26T09:41:31Z</time>
   </trkpt>
   <trkpt lat="22.7283970" lon="120.3102700">
    <ele>15.9</ele>
    <time>2026-07-26T09:41:32Z</time>
   </trkpt>
   <trkpt lat="22.7284010" lon="120.3102620">
    <ele>15.9</ele>
    <time>2026-07-26T09:41:33Z</time>
   </trkpt>
   <trkpt lat="22.7284060" lon="120.3102550">
    <ele>15.9</ele>
    <time>2026-07-26T09:41:34Z</time>
   </trkpt>
   <trkpt lat="22.7284110" lon="120.3102470">
    <ele>15.9</ele>
    <time>2026-07-26T09:41:35Z</time>
   </trkpt>
   <trkpt lat="22.7284130" lon="120.3102440">
    <ele>15.9</ele>
    <time>2026-07-26T09:41:36Z</time>
   </trkpt>
   <trkpt lat="22.7284110" lon="120.3102470">
    <ele>15.9</ele>
    <time>2026-07-26T09:41:37Z</time>
   </trkpt>
   <trkpt lat="22.7284110" lon="120.3102480">
    <ele>15.9</ele>
    <time>2026-07-26T09:41:38Z</time>
   </trkpt>
   <trkpt lat="22.7284090" lon="120.3102500">
    <ele>15.9</ele>
    <time>2026-07-26T09:41:39Z</time>
   </trkpt>
   <trkpt lat="22.7283980" lon="120.3102580">
    <ele>15.9</ele>
    <time>2026-07-26T09:41:40Z</time>
   </trkpt>
   <trkpt lat="22.7283910" lon="120.3102660">
    <ele>15.9</ele>
    <time>2026-07-26T09:41:41Z</time>
   </trkpt>
   <trkpt lat="22.7283760" lon="120.3102770">
    <ele>15.9</ele>
    <time>2026-07-26T09:41:42Z</time>
   </trkpt>
   <trkpt lat="22.7283730" lon="120.3102380">
    <ele>15.9</ele>
    <time>2026-07-26T09:41:43Z</time>
   </trkpt>
   <trkpt lat="22.7283700" lon="120.3101980">
    <ele>15.9</ele>
    <time>2026-07-26T09:41:44Z</time>
   </trkpt>
   <trkpt lat="22.7283060" lon="120.3102870">
    <ele>15.8</ele>
    <time>2026-07-26T09:41:45Z</time>
   </trkpt>
   <trkpt lat="22.7283470" lon="120.3101940">
    <ele>15.8</ele>
    <time>2026-07-26T09:41:46Z</time>
   </trkpt>
   <trkpt lat="22.7282830" lon="120.3102880">
    <ele>15.8</ele>
    <time>2026-07-26T09:41:47Z</time>
   </trkpt>
   <trkpt lat="22.7282910" lon="120.3102470">
    <ele>15.7</ele>
    <time>2026-07-26T09:41:48Z</time>
   </trkpt>
   <trkpt lat="22.7283170" lon="120.3102350">
    <ele>15.7</ele>
    <time>2026-07-26T09:41:49Z</time>
   </trkpt>
   <trkpt lat="22.7283310" lon="120.3102340">
    <ele>15.7</ele>
    <time>2026-07-26T09:41:50Z</time>
   </trkpt>
   <trkpt lat="22.7283350" lon="120.3102310">
    <ele>15.7</ele>
    <time>2026-07-26T09:41:51Z</time>
   </trkpt>
   <trkpt lat="22.7283370" lon="120.3102250">
    <ele>15.7</ele>
    <time>2026-07-26T09:41:52Z</time>
   </trkpt>
   <trkpt lat="22.7283370" lon="120.3102220">
    <ele>15.7</ele>
    <time>2026-07-26T09:41:53Z</time>
   </trkpt>
   <trkpt lat="22.7283370" lon="120.3102220">
    <ele>15.7</ele>
    <time>2026-07-26T09:41:54Z</time>
   </trkpt>
   <trkpt lat="22.7283370" lon="120.3102220">
    <ele>15.7</ele>
    <time>2026-07-26T09:41:55Z</time>
   </trkpt>
   <trkpt lat="22.7283390" lon="120.3102200">
    <ele>15.7</ele>
    <time>2026-07-26T09:41:56Z</time>
   </trkpt>
   <trkpt lat="22.7283390" lon="120.3102200">
    <ele>15.7</ele>
    <time>2026-07-26T09:41:57Z</time>
   </trkpt>
   <trkpt lat="22.7283390" lon="120.3102190">
    <ele>15.7</ele>
    <time>2026-07-26T09:41:58Z</time>
   </trkpt>
   <trkpt lat="22.7283300" lon="120.3102160">
    <ele>15.7</ele>
    <time>2026-07-26T09:41:59Z</time>
   </trkpt>
   <trkpt lat="22.7283210" lon="120.3102200">
    <ele>15.7</ele>
    <time>2026-07-26T09:42:00Z</time>
   </trkpt>
   <trkpt lat="22.7283150" lon="120.3102110">
    <ele>15.7</ele>
    <time>2026-07-26T09:42:01Z</time>
   </trkpt>
   <trkpt lat="22.7283060" lon="120.3102080">
    <ele>15.7</ele>
    <time>2026-07-26T09:42:02Z</time>
   </trkpt>
   <trkpt lat="22.7282970" lon="120.3102050">
    <ele>15.7</ele>
    <time>2026-07-26T09:42:03Z</time>
   </trkpt>
   <trkpt lat="22.7283020" lon="120.3101620">
    <ele>15.7</ele>
    <time>2026-07-26T09:42:04Z</time>
   </trkpt>
   <trkpt lat="22.7282990" lon="120.3101670">
    <ele>15.7</ele>
    <time>2026-07-26T09:42:05Z</time>
   </trkpt>
   <trkpt lat="22.7283020" lon="120.3101540">
    <ele>15.7</ele>
    <time>2026-07-26T09:42:07Z</time>
   </trkpt>
   <trkpt lat="22.7283020" lon="120.3101410">
    <ele>15.7</ele>
    <time>2026-07-26T09:42:08Z</time>
   </trkpt>
   <trkpt lat="22.7282990" lon="120.3101320">
    <ele>15.7</ele>
    <time>2026-07-26T09:42:09Z</time>
   </trkpt>
   <trkpt lat="22.7282970" lon="120.3101210">
    <ele>15.7</ele>
    <time>2026-07-26T09:42:10Z</time>
   </trkpt>
   <trkpt lat="22.7282940" lon="120.3101120">
    <ele>15.7</ele>
    <time>2026-07-26T09:42:11Z</time>
   </trkpt>
   <trkpt lat="22.7282890" lon="120.3101010">
    <ele>15.7</ele>
    <time>2026-07-26T09:42:12Z</time>
   </trkpt>
   <trkpt lat="22.7282810" lon="120.3100900">
    <ele>15.7</ele>
    <time>2026-07-26T09:42:13Z</time>
   </trkpt>
   <trkpt lat="22.7282750" lon="120.3100820">
    <ele>15.7</ele>
    <time>2026-07-26T09:42:14Z</time>
   </trkpt>
   <trkpt lat="22.7282690" lon="120.3100720">
    <ele>15.7</ele>
    <time>2026-07-26T09:42:15Z</time>
   </trkpt>
   <trkpt lat="22.7282680" lon="120.3100570">
    <ele>15.7</ele>
    <time>2026-07-26T09:42:16Z</time>
   </trkpt>
   <trkpt lat="22.7282640" lon="120.3100460">
    <ele>15.7</ele>
    <time>2026-07-26T09:42:17Z</time>
   </trkpt>
   <trkpt lat="22.7282600" lon="120.3100400">
    <ele>15.7</ele>
    <time>2026-07-26T09:42:18Z</time>
   </trkpt>
   <trkpt lat="22.7282530" lon="120.3100320">
    <ele>15.7</ele>
    <time>2026-07-26T09:42:19Z</time>
   </trkpt>
   <trkpt lat="22.7282420" lon="120.3100340">
    <ele>15.7</ele>
    <time>2026-07-26T09:42:20Z</time>
   </trkpt>
   <trkpt lat="22.7282260" lon="120.3100370">
    <ele>15.7</ele>
    <time>2026-07-26T09:42:21Z</time>
   </trkpt>
   <trkpt lat="22.7282090" lon="120.3100450">
    <ele>15.7</ele>
    <time>2026-07-26T09:42:22Z</time>
   </trkpt>
   <trkpt lat="22.7281980" lon="120.3100530">
    <ele>15.8</ele>
    <time>2026-07-26T09:42:23Z</time>
   </trkpt>
   <trkpt lat="22.7281880" lon="120.3100590">
    <ele>15.8</ele>
    <time>2026-07-26T09:42:24Z</time>
   </trkpt>
   <trkpt lat="22.7281780" lon="120.3100660">
    <ele>15.8</ele>
    <time>2026-07-26T09:42:25Z</time>
   </trkpt>
   <trkpt lat="22.7281670" lon="120.3100670">
    <ele>15.8</ele>
    <time>2026-07-26T09:42:26Z</time>
   </trkpt>
   <trkpt lat="22.7281560" lon="120.3100740">
    <ele>15.8</ele>
    <time>2026-07-26T09:42:27Z</time>
   </trkpt>
   <trkpt lat="22.7281450" lon="120.3100830">
    <ele>15.8</ele>
    <time>2026-07-26T09:42:28Z</time>
   </trkpt>
   <trkpt lat="22.7281350" lon="120.3100900">
    <ele>15.8</ele>
    <time>2026-07-26T09:42:29Z</time>
   </trkpt>
   <trkpt lat="22.7281270" lon="120.3100990">
    <ele>15.8</ele>
    <time>2026-07-26T09:42:30Z</time>
   </trkpt>
   <trkpt lat="22.7281190" lon="120.3101070">
    <ele>15.8</ele>
    <time>2026-07-26T09:42:31Z</time>
   </trkpt>
   <trkpt lat="22.7281100" lon="120.3101110">
    <ele>15.8</ele>
    <time>2026-07-26T09:42:32Z</time>
   </trkpt>
   <trkpt lat="22.7280990" lon="120.3101090">
    <ele>15.9</ele>
    <time>2026-07-26T09:42:33Z</time>
   </trkpt>
   <trkpt lat="22.7280900" lon="120.3101170">
    <ele>15.9</ele>
    <time>2026-07-26T09:42:34Z</time>
   </trkpt>
   <trkpt lat="22.7280790" lon="120.3101260">
    <ele>15.9</ele>
    <time>2026-07-26T09:42:35Z</time>
   </trkpt>
   <trkpt lat="22.7280690" lon="120.3101360">
    <ele>15.9</ele>
    <time>2026-07-26T09:42:36Z</time>
   </trkpt>
   <trkpt lat="22.7280600" lon="120.3101430">
    <ele>15.9</ele>
    <time>2026-07-26T09:42:37Z</time>
   </trkpt>
   <trkpt lat="22.7280510" lon="120.3101450">
    <ele>15.9</ele>
    <time>2026-07-26T09:42:38Z</time>
   </trkpt>
   <trkpt lat="22.7280370" lon="120.3101500">
    <ele>16.0</ele>
    <time>2026-07-26T09:42:39Z</time>
   </trkpt>
   <trkpt lat="22.7280280" lon="120.3101530">
    <ele>16.0</ele>
    <time>2026-07-26T09:42:40Z</time>
   </trkpt>
   <trkpt lat="22.7280180" lon="120.3101610">
    <ele>16.0</ele>
    <time>2026-07-26T09:42:41Z</time>
   </trkpt>
   <trkpt lat="22.7280100" lon="120.3101740">
    <ele>16.0</ele>
    <time>2026-07-26T09:42:42Z</time>
   </trkpt>
   <trkpt lat="22.7280040" lon="120.3101840">
    <ele>16.0</ele>
    <time>2026-07-26T09:42:43Z</time>
   </trkpt>
   <trkpt lat="22.7279950" lon="120.3101960">
    <ele>16.1</ele>
    <time>2026-07-26T09:42:44Z</time>
   </trkpt>
   <trkpt lat="22.7279880" lon="120.3102080">
    <ele>16.1</ele>
    <time>2026-07-26T09:42:45Z</time>
   </trkpt>
   <trkpt lat="22.7279840" lon="120.3102150">
    <ele>16.1</ele>
    <time>2026-07-26T09:42:46Z</time>
   </trkpt>
   <trkpt lat="22.7279700" lon="120.3102190">
    <ele>16.1</ele>
    <time>2026-07-26T09:42:47Z</time>
   </trkpt>
   <trkpt lat="22.7279560" lon="120.3102160">
    <ele>16.1</ele>
    <time>2026-07-26T09:42:48Z</time>
   </trkpt>
   <trkpt lat="22.7279520" lon="120.3102140">
    <ele>16.1</ele>
    <time>2026-07-26T09:42:49Z</time>
   </trkpt>
   <trkpt lat="22.7279590" lon="120.3102150">
    <ele>16.1</ele>
    <time>2026-07-26T09:42:50Z</time>
   </trkpt>
   <trkpt lat="22.7279590" lon="120.3102120">
    <ele>16.1</ele>
    <time>2026-07-26T09:42:51Z</time>
   </trkpt>
   <trkpt lat="22.7279600" lon="120.3102140">
    <ele>16.1</ele>
    <time>2026-07-26T09:42:52Z</time>
   </trkpt>
   <trkpt lat="22.7279620" lon="120.3102050">
    <ele>16.1</ele>
    <time>2026-07-26T09:42:53Z</time>
   </trkpt>
   <trkpt lat="22.7279740" lon="120.3102060">
    <ele>16.1</ele>
    <time>2026-07-26T09:42:54Z</time>
   </trkpt>
   <trkpt lat="22.7279790" lon="120.3102040">
    <ele>16.1</ele>
    <time>2026-07-26T09:42:55Z</time>
   </trkpt>
   <trkpt lat="22.7279770" lon="120.3101970">
    <ele>16.1</ele>
    <time>2026-07-26T09:42:56Z</time>
   </trkpt>
   <trkpt lat="22.7279790" lon="120.3101900">
    <ele>16.1</ele>
    <time>2026-07-26T09:42:57Z</time>
   </trkpt>
   <trkpt lat="22.7279780" lon="120.3101910">
    <ele>16.1</ele>
    <time>2026-07-26T09:42:58Z</time>
   </trkpt>
   <trkpt lat="22.7279780" lon="120.3101950">
    <ele>16.1</ele>
    <time>2026-07-26T09:42:59Z</time>
   </trkpt>
   <trkpt lat="22.7279800" lon="120.3101960">
    <ele>16.1</ele>
    <time>2026-07-26T09:43:00Z</time>
   </trkpt>
   <trkpt lat="22.7279790" lon="120.3101970">
    <ele>16.1</ele>
    <time>2026-07-26T09:43:01Z</time>
   </trkpt>
   <trkpt lat="22.7279900" lon="120.3101980">
    <ele>16.1</ele>
    <time>2026-07-26T09:43:02Z</time>
   </trkpt>
   <trkpt lat="22.7280010" lon="120.3102070">
    <ele>16.1</ele>
    <time>2026-07-26T09:43:03Z</time>
   </trkpt>
   <trkpt lat="22.7280050" lon="120.3102190">
    <ele>16.1</ele>
    <time>2026-07-26T09:43:04Z</time>
   </trkpt>
   <trkpt lat="22.7280200" lon="120.3102510">
    <ele>16.0</ele>
    <time>2026-07-26T09:43:05Z</time>
   </trkpt>
   <trkpt lat="22.7280390" lon="120.3102610">
    <ele>16.0</ele>
    <time>2026-07-26T09:43:06Z</time>
   </trkpt>
   <trkpt lat="22.7280440" lon="120.3102540">
    <ele>16.0</ele>
    <time>2026-07-26T09:43:07Z</time>
   </trkpt>
   <trkpt lat="22.7280400" lon="120.3102500">
    <ele>16.0</ele>
    <time>2026-07-26T09:43:08Z</time>
   </trkpt>
   <trkpt lat="22.7280420" lon="120.3102130">
    <ele>16.0</ele>
    <time>2026-07-26T09:43:09Z</time>
   </trkpt>
   <trkpt lat="22.7280420" lon="120.3102130">
    <ele>16.0</ele>
    <time>2026-07-26T09:43:10Z</time>
   </trkpt>
   <trkpt lat="22.7280420" lon="120.3102130">
    <ele>16.0</ele>
    <time>2026-07-26T09:43:11Z</time>
   </trkpt>
   <trkpt lat="22.7280290" lon="120.3101890">
    <ele>16.0</ele>
    <time>2026-07-26T09:43:12Z</time>
   </trkpt>
   <trkpt lat="22.7280140" lon="120.3101610">
    <ele>15.9</ele>
    <time>2026-07-26T09:43:13Z</time>
   </trkpt>
   <trkpt lat="22.7280000" lon="120.3101340">
    <ele>15.9</ele>
    <time>2026-07-26T09:43:14Z</time>
   </trkpt>
   <trkpt lat="22.7280370" lon="120.3101480">
    <ele>15.9</ele>
    <time>2026-07-26T09:43:15Z</time>
   </trkpt>
   <trkpt lat="22.7280730" lon="120.3101610">
    <ele>15.9</ele>
    <time>2026-07-26T09:43:16Z</time>
   </trkpt>
   <trkpt lat="22.7280780" lon="120.3101580">
    <ele>15.9</ele>
    <time>2026-07-26T09:43:17Z</time>
   </trkpt>
   <trkpt lat="22.7280770" lon="120.3101380">
    <ele>15.8</ele>
    <time>2026-07-26T09:43:18Z</time>
   </trkpt>
   <trkpt lat="22.7280820" lon="120.3101270">
    <ele>15.8</ele>
    <time>2026-07-26T09:43:19Z</time>
   </trkpt>
   <trkpt lat="22.7280850" lon="120.3101160">
    <ele>15.8</ele>
    <time>2026-07-26T09:43:20Z</time>
   </trkpt>
   <trkpt lat="22.7280940" lon="120.3101050">
    <ele>15.8</ele>
    <time>2026-07-26T09:43:21Z</time>
   </trkpt>
   <trkpt lat="22.7280580" lon="120.3100770">
    <ele>15.8</ele>
    <time>2026-07-26T09:43:22Z</time>
   </trkpt>
   <trkpt lat="22.7281160" lon="120.3100900">
    <ele>15.8</ele>
    <time>2026-07-26T09:43:23Z</time>
   </trkpt>
   <trkpt lat="22.7281270" lon="120.3100840">
    <ele>15.8</ele>
    <time>2026-07-26T09:43:24Z</time>
   </trkpt>
   <trkpt lat="22.7281260" lon="120.3100660">
    <ele>15.8</ele>
    <time>2026-07-26T09:43:25Z</time>
   </trkpt>
   <trkpt lat="22.7281280" lon="120.3100530">
    <ele>15.8</ele>
    <time>2026-07-26T09:43:26Z</time>
   </trkpt>
   <trkpt lat="22.7281270" lon="120.3100400">
    <ele>15.8</ele>
    <time>2026-07-26T09:43:27Z</time>
   </trkpt>
   <trkpt lat="22.7281270" lon="120.3100270">
    <ele>15.7</ele>
    <time>2026-07-26T09:43:28Z</time>
   </trkpt>
   <trkpt lat="22.7281260" lon="120.3100180">
    <ele>15.7</ele>
    <time>2026-07-26T09:43:29Z</time>
   </trkpt>
   <trkpt lat="22.7281330" lon="120.3100150">
    <ele>15.7</ele>
    <time>2026-07-26T09:43:30Z</time>
   </trkpt>
   <trkpt lat="22.7281370" lon="120.3100070">
    <ele>15.7</ele>
    <time>2026-07-26T09:43:31Z</time>
   </trkpt>
   <trkpt lat="22.7281430" lon="120.3099890">
    <ele>15.7</ele>
    <time>2026-07-26T09:43:32Z</time>
   </trkpt>
   <trkpt lat="22.7281410" lon="120.3099790">
    <ele>15.7</ele>
    <time>2026-07-26T09:43:33Z</time>
   </trkpt>
   <trkpt lat="22.7281350" lon="120.3099750">
    <ele>15.7</ele>
    <time>2026-07-26T09:43:34Z</time>
   </trkpt>
   <trkpt lat="22.7281300" lon="120.3099690">
    <ele>15.7</ele>
    <time>2026-07-26T09:43:35Z</time>
   </trkpt>
   <trkpt lat="22.7281280" lon="120.3099570">
    <ele>15.7</ele>
    <time>2026-07-26T09:43:36Z</time>
   </trkpt>
   <trkpt lat="22.7281230" lon="120.3099480">
    <ele>15.7</ele>
    <time>2026-07-26T09:43:37Z</time>
   </trkpt>
   <trkpt lat="22.7281180" lon="120.3099410">
    <ele>15.7</ele>
    <time>2026-07-26T09:43:38Z</time>
   </trkpt>
   <trkpt lat="22.7281200" lon="120.3099370">
    <ele>15.7</ele>
    <time>2026-07-26T09:43:39Z</time>
   </trkpt>
   <trkpt lat="22.7281240" lon="120.3099320">
    <ele>15.7</ele>
    <time>2026-07-26T09:43:40Z</time>
   </trkpt>
   <trkpt lat="22.7281320" lon="120.3099300">
    <ele>15.7</ele>
    <time>2026-07-26T09:43:41Z</time>
   </trkpt>
   <trkpt lat="22.7281360" lon="120.3099320">
    <ele>15.7</ele>
    <time>2026-07-26T09:43:42Z</time>
   </trkpt>
   <trkpt lat="22.7281390" lon="120.3099330">
    <ele>15.7</ele>
    <time>2026-07-26T09:43:43Z</time>
   </trkpt>
   <trkpt lat="22.7281470" lon="120.3099380">
    <ele>15.7</ele>
    <time>2026-07-26T09:43:44Z</time>
   </trkpt>
   <trkpt lat="22.7281550" lon="120.3099420">
    <ele>15.7</ele>
    <time>2026-07-26T09:43:45Z</time>
   </trkpt>
   <trkpt lat="22.7281630" lon="120.3099430">
    <ele>15.7</ele>
    <time>2026-07-26T09:43:46Z</time>
   </trkpt>
   <trkpt lat="22.7281700" lon="120.3099430">
    <ele>15.7</ele>
    <time>2026-07-26T09:43:47Z</time>
   </trkpt>
   <trkpt lat="22.7281790" lon="120.3099420">
    <ele>15.7</ele>
    <time>2026-07-26T09:43:48Z</time>
   </trkpt>
   <trkpt lat="22.7281920" lon="120.3099410">
    <ele>15.7</ele>
    <time>2026-07-26T09:43:49Z</time>
   </trkpt>
   <trkpt lat="22.7282030" lon="120.3099370">
    <ele>15.7</ele>
    <time>2026-07-26T09:43:50Z</time>
   </trkpt>
   <trkpt lat="22.7282080" lon="120.3099370">
    <ele>15.7</ele>
    <time>2026-07-26T09:43:51Z</time>
   </trkpt>
   <trkpt lat="22.7282180" lon="120.3099370">
    <ele>15.7</ele>
    <time>2026-07-26T09:43:52Z</time>
   </trkpt>
   <trkpt lat="22.7282280" lon="120.3099370">
    <ele>15.7</ele>
    <time>2026-07-26T09:43:53Z</time>
   </trkpt>
   <trkpt lat="22.7282420" lon="120.3099340">
    <ele>15.7</ele>
    <time>2026-07-26T09:43:54Z</time>
   </trkpt>
   <trkpt lat="22.7282580" lon="120.3099340">
    <ele>15.7</ele>
    <time>2026-07-26T09:43:55Z</time>
   </trkpt>
   <trkpt lat="22.7282680" lon="120.3099310">
    <ele>15.7</ele>
    <time>2026-07-26T09:43:56Z</time>
   </trkpt>
   <trkpt lat="22.7282760" lon="120.3099270">
    <ele>15.7</ele>
    <time>2026-07-26T09:43:57Z</time>
   </trkpt>
   <trkpt lat="22.7282840" lon="120.3099210">
    <ele>15.7</ele>
    <time>2026-07-26T09:43:58Z</time>
   </trkpt>
   <trkpt lat="22.7282950" lon="120.3099190">
    <ele>15.7</ele>
    <time>2026-07-26T09:43:59Z</time>
   </trkpt>
   <trkpt lat="22.7283060" lon="120.3099160">
    <ele>15.7</ele>
    <time>2026-07-26T09:44:00Z</time>
   </trkpt>
   <trkpt lat="22.7283150" lon="120.3099130">
    <ele>15.7</ele>
    <time>2026-07-26T09:44:01Z</time>
   </trkpt>
   <trkpt lat="22.7283220" lon="120.3099060">
    <ele>15.7</ele>
    <time>2026-07-26T09:44:02Z</time>
   </trkpt>
   <trkpt lat="22.7283300" lon="120.3099000">
    <ele>15.7</ele>
    <time>2026-07-26T09:44:03Z</time>
   </trkpt>
   <trkpt lat="22.7283410" lon="120.3098940">
    <ele>15.7</ele>
    <time>2026-07-26T09:44:04Z</time>
   </trkpt>
   <trkpt lat="22.7283530" lon="120.3098860">
    <ele>15.7</ele>
    <time>2026-07-26T09:44:05Z</time>
   </trkpt>
   <trkpt lat="22.7283640" lon="120.3098750">
    <ele>15.7</ele>
    <time>2026-07-26T09:44:06Z</time>
   </trkpt>
   <trkpt lat="22.7283680" lon="120.3098680">
    <ele>15.7</ele>
    <time>2026-07-26T09:44:07Z</time>
   </trkpt>
   <trkpt lat="22.7283760" lon="120.3098610">
    <ele>15.7</ele>
    <time>2026-07-26T09:44:08Z</time>
   </trkpt>
   <trkpt lat="22.7283840" lon="120.3098560">
    <ele>15.7</ele>
    <time>2026-07-26T09:44:09Z</time>
   </trkpt>
   <trkpt lat="22.7283890" lon="120.3098490">
    <ele>15.7</ele>
    <time>2026-07-26T09:44:11Z</time>
   </trkpt>
   <trkpt lat="22.7283950" lon="120.3098380">
    <ele>15.7</ele>
    <time>2026-07-26T09:44:12Z</time>
   </trkpt>
   <trkpt lat="22.7284000" lon="120.3098300">
    <ele>15.7</ele>
    <time>2026-07-26T09:44:13Z</time>
   </trkpt>
   <trkpt lat="22.7284060" lon="120.3098230">
    <ele>15.7</ele>
    <time>2026-07-26T09:44:14Z</time>
   </trkpt>
   <trkpt lat="22.7284030" lon="120.3098280">
    <ele>15.7</ele>
    <time>2026-07-26T09:44:15Z</time>
   </trkpt>
   <trkpt lat="22.7283940" lon="120.3098340">
    <ele>15.7</ele>
    <time>2026-07-26T09:44:16Z</time>
   </trkpt>
   <trkpt lat="22.7283900" lon="120.3098370">
    <ele>15.7</ele>
    <time>2026-07-26T09:44:17Z</time>
   </trkpt>
   <trkpt lat="22.7283820" lon="120.3098380">
    <ele>15.7</ele>
    <time>2026-07-26T09:44:18Z</time>
   </trkpt>
   <trkpt lat="22.7283810" lon="120.3098390">
    <ele>15.7</ele>
    <time>2026-07-26T09:44:19Z</time>
   </trkpt>
   <trkpt lat="22.7283820" lon="120.3098390">
    <ele>15.7</ele>
    <time>2026-07-26T09:44:20Z</time>
   </trkpt>
   <trkpt lat="22.7283820" lon="120.3098420">
    <ele>15.7</ele>
    <time>2026-07-26T09:44:21Z</time>
   </trkpt>
   <trkpt lat="22.7283800" lon="120.3098510">
    <ele>15.7</ele>
    <time>2026-07-26T09:44:22Z</time>
   </trkpt>
   <trkpt lat="22.7283730" lon="120.3098580">
    <ele>15.7</ele>
    <time>2026-07-26T09:44:23Z</time>
   </trkpt>
   <trkpt lat="22.7283680" lon="120.3098600">
    <ele>15.7</ele>
    <time>2026-07-26T09:44:24Z</time>
   </trkpt>
   <trkpt lat="22.7283620" lon="120.3098690">
    <ele>15.7</ele>
    <time>2026-07-26T09:44:25Z</time>
   </trkpt>
   <trkpt lat="22.7283540" lon="120.3098750">
    <ele>15.7</ele>
    <time>2026-07-26T09:44:26Z</time>
   </trkpt>
   <trkpt lat="22.7283460" lon="120.3098820">
    <ele>15.7</ele>
    <time>2026-07-26T09:44:27Z</time>
   </trkpt>
   <trkpt lat="22.7283410" lon="120.3098860">
    <ele>15.7</ele>
    <time>2026-07-26T09:44:28Z</time>
   </trkpt>
   <trkpt lat="22.7283330" lon="120.3098920">
    <ele>15.6</ele>
    <time>2026-07-26T09:44:29Z</time>
   </trkpt>
   <trkpt lat="22.7283220" lon="120.3098990">
    <ele>15.6</ele>
    <time>2026-07-26T09:44:30Z</time>
   </trkpt>
   <trkpt lat="22.7283160" lon="120.3099070">
    <ele>15.6</ele>
    <time>2026-07-26T09:44:31Z</time>
   </trkpt>
   <trkpt lat="22.7283060" lon="120.3099130">
    <ele>15.6</ele>
    <time>2026-07-26T09:44:32Z</time>
   </trkpt>
   <trkpt lat="22.7282980" lon="120.3099180">
    <ele>15.6</ele>
    <time>2026-07-26T09:44:33Z</time>
   </trkpt>
   <trkpt lat="22.7282920" lon="120.3099220">
    <ele>15.6</ele>
    <time>2026-07-26T09:44:34Z</time>
   </trkpt>
   <trkpt lat="22.7282800" lon="120.3099210">
    <ele>15.6</ele>
    <time>2026-07-26T09:44:35Z</time>
   </trkpt>
   <trkpt lat="22.7282720" lon="120.3099240">
    <ele>15.6</ele>
    <time>2026-07-26T09:44:36Z</time>
   </trkpt>
   <trkpt lat="22.7282670" lon="120.3099320">
    <ele>15.6</ele>
    <time>2026-07-26T09:44:37Z</time>
   </trkpt>
   <trkpt lat="22.7282580" lon="120.3099400">
    <ele>15.6</ele>
    <time>2026-07-26T09:44:38Z</time>
   </trkpt>
   <trkpt lat="22.7282510" lon="120.3099450">
    <ele>15.6</ele>
    <time>2026-07-26T09:44:39Z</time>
   </trkpt>
   <trkpt lat="22.7282430" lon="120.3099520">
    <ele>15.6</ele>
    <time>2026-07-26T09:44:40Z</time>
   </trkpt>
   <trkpt lat="22.7282340" lon="120.3099570">
    <ele>15.6</ele>
    <time>2026-07-26T09:44:41Z</time>
   </trkpt>
   <trkpt lat="22.7282240" lon="120.3099670">
    <ele>15.7</ele>
    <time>2026-07-26T09:44:42Z</time>
   </trkpt>
   <trkpt lat="22.7282210" lon="120.3099860">
    <ele>15.7</ele>
    <time>2026-07-26T09:44:43Z</time>
   </trkpt>
   <trkpt lat="22.7282160" lon="120.3099970">
    <ele>15.7</ele>
    <time>2026-07-26T09:44:44Z</time>
   </trkpt>
   <trkpt lat="22.7282080" lon="120.3100100">
    <ele>15.7</ele>
    <time>2026-07-26T09:44:45Z</time>
   </trkpt>
   <trkpt lat="22.7281990" lon="120.3100270">
    <ele>15.7</ele>
    <time>2026-07-26T09:44:46Z</time>
   </trkpt>
   <trkpt lat="22.7281920" lon="120.3100400">
    <ele>15.7</ele>
    <time>2026-07-26T09:44:47Z</time>
   </trkpt>
   <trkpt lat="22.7281850" lon="120.3100440">
    <ele>15.7</ele>
    <time>2026-07-26T09:44:48Z</time>
   </trkpt>
   <trkpt lat="22.7281760" lon="120.3100490">
    <ele>15.7</ele>
    <time>2026-07-26T09:44:49Z</time>
   </trkpt>
   <trkpt lat="22.7281720" lon="120.3100560">
    <ele>15.7</ele>
    <time>2026-07-26T09:44:50Z</time>
   </trkpt>
   <trkpt lat="22.7281640" lon="120.3100590">
    <ele>15.7</ele>
    <time>2026-07-26T09:44:51Z</time>
   </trkpt>
   <trkpt lat="22.7281550" lon="120.3100600">
    <ele>15.7</ele>
    <time>2026-07-26T09:44:52Z</time>
   </trkpt>
   <trkpt lat="22.7281470" lon="120.3100620">
    <ele>15.7</ele>
    <time>2026-07-26T09:44:53Z</time>
   </trkpt>
   <trkpt lat="22.7281390" lon="120.3100660">
    <ele>15.7</ele>
    <time>2026-07-26T09:44:54Z</time>
   </trkpt>
   <trkpt lat="22.7281320" lon="120.3100720">
    <ele>15.7</ele>
    <time>2026-07-26T09:44:55Z</time>
   </trkpt>
   <trkpt lat="22.7281240" lon="120.3100870">
    <ele>15.7</ele>
    <time>2026-07-26T09:44:56Z</time>
   </trkpt>
   <trkpt lat="22.7281170" lon="120.3101000">
    <ele>15.7</ele>
    <time>2026-07-26T09:44:57Z</time>
   </trkpt>
   <trkpt lat="22.7281130" lon="120.3101070">
    <ele>15.7</ele>
    <time>2026-07-26T09:44:58Z</time>
   </trkpt>
   <trkpt lat="22.7281080" lon="120.3101150">
    <ele>15.7</ele>
    <time>2026-07-26T09:44:59Z</time>
   </trkpt>
   <trkpt lat="22.7281010" lon="120.3101220">
    <ele>15.8</ele>
    <time>2026-07-26T09:45:00Z</time>
   </trkpt>
   <trkpt lat="22.7280900" lon="120.3101330">
    <ele>15.8</ele>
    <time>2026-07-26T09:45:01Z</time>
   </trkpt>
   <trkpt lat="22.7280770" lon="120.3101370">
    <ele>15.8</ele>
    <time>2026-07-26T09:45:02Z</time>
   </trkpt>
   <trkpt lat="22.7280690" lon="120.3101510">
    <ele>15.8</ele>
    <time>2026-07-26T09:45:03Z</time>
   </trkpt>
   <trkpt lat="22.7280670" lon="120.3101570">
    <ele>15.8</ele>
    <time>2026-07-26T09:45:04Z</time>
   </trkpt>
   <trkpt lat="22.7280580" lon="120.3101640">
    <ele>15.8</ele>
    <time>2026-07-26T09:45:05Z</time>
   </trkpt>
   <trkpt lat="22.7280460" lon="120.3101680">
    <ele>15.8</ele>
    <time>2026-07-26T09:45:06Z</time>
   </trkpt>
   <trkpt lat="22.7280370" lon="120.3101730">
    <ele>15.8</ele>
    <time>2026-07-26T09:45:07Z</time>
   </trkpt>
   <trkpt lat="22.7280270" lon="120.3101780">
    <ele>15.8</ele>
    <time>2026-07-26T09:45:08Z</time>
   </trkpt>
   <trkpt lat="22.7280160" lon="120.3101850">
    <ele>15.8</ele>
    <time>2026-07-26T09:45:09Z</time>
   </trkpt>
   <trkpt lat="22.7280060" lon="120.3101930">
    <ele>15.8</ele>
    <time>2026-07-26T09:45:10Z</time>
   </trkpt>
   <trkpt lat="22.7280000" lon="120.3101970">
    <ele>15.8</ele>
    <time>2026-07-26T09:45:11Z</time>
   </trkpt>
   <trkpt lat="22.7279960" lon="120.3101910">
    <ele>15.8</ele>
    <time>2026-07-26T09:45:12Z</time>
   </trkpt>
   <trkpt lat="22.7279930" lon="120.3101840">
    <ele>15.8</ele>
    <time>2026-07-26T09:45:13Z</time>
   </trkpt>
   <trkpt lat="22.7279910" lon="120.3101810">
    <ele>15.8</ele>
    <time>2026-07-26T09:45:14Z</time>
   </trkpt>
   <trkpt lat="22.7279980" lon="120.3101890">
    <ele>15.8</ele>
    <time>2026-07-26T09:45:15Z</time>
   </trkpt>
   <trkpt lat="22.7280070" lon="120.3101950">
    <ele>15.8</ele>
    <time>2026-07-26T09:45:16Z</time>
   </trkpt>
   <trkpt lat="22.7279920" lon="120.3101900">
    <ele>15.8</ele>
    <time>2026-07-26T09:45:17Z</time>
   </trkpt>
   <trkpt lat="22.7279890" lon="120.3101850">
    <ele>15.8</ele>
    <time>2026-07-26T09:45:18Z</time>
   </trkpt>
   <trkpt lat="22.7279950" lon="120.3101910">
    <ele>15.8</ele>
    <time>2026-07-26T09:45:19Z</time>
   </trkpt>
   <trkpt lat="22.7279920" lon="120.3101930">
    <ele>15.8</ele>
    <time>2026-07-26T09:45:20Z</time>
   </trkpt>
   <trkpt lat="22.7279880" lon="120.3102000">
    <ele>15.8</ele>
    <time>2026-07-26T09:45:21Z</time>
   </trkpt>
   <trkpt lat="22.7279890" lon="120.3102070">
    <ele>15.8</ele>
    <time>2026-07-26T09:45:22Z</time>
   </trkpt>
   <trkpt lat="22.7279890" lon="120.3102070">
    <ele>15.8</ele>
    <time>2026-07-26T09:45:23Z</time>
   </trkpt>
   <trkpt lat="22.7280030" lon="120.3102090">
    <ele>15.8</ele>
    <time>2026-07-26T09:45:24Z</time>
   </trkpt>
   <trkpt lat="22.7280050" lon="120.3102080">
    <ele>15.8</ele>
    <time>2026-07-26T09:45:25Z</time>
   </trkpt>
   <trkpt lat="22.7280060" lon="120.3102070">
    <ele>15.8</ele>
    <time>2026-07-26T09:45:26Z</time>
   </trkpt>
   <trkpt lat="22.7280060" lon="120.3102070">
    <ele>15.8</ele>
    <time>2026-07-26T09:45:27Z</time>
   </trkpt>
   <trkpt lat="22.7279960" lon="120.3102120">
    <ele>15.8</ele>
    <time>2026-07-26T09:45:28Z</time>
   </trkpt>
   <trkpt lat="22.7280050" lon="120.3102130">
    <ele>15.8</ele>
    <time>2026-07-26T09:45:29Z</time>
   </trkpt>
   <trkpt lat="22.7280060" lon="120.3102130">
    <ele>15.8</ele>
    <time>2026-07-26T09:45:30Z</time>
   </trkpt>
   <trkpt lat="22.7280100" lon="120.3102250">
    <ele>15.8</ele>
    <time>2026-07-26T09:45:31Z</time>
   </trkpt>
   <trkpt lat="22.7280230" lon="120.3102260">
    <ele>15.9</ele>
    <time>2026-07-26T09:45:32Z</time>
   </trkpt>
   <trkpt lat="22.7280260" lon="120.3102270">
    <ele>15.9</ele>
    <time>2026-07-26T09:45:33Z</time>
   </trkpt>
   <trkpt lat="22.7280250" lon="120.3102270">
    <ele>15.9</ele>
    <time>2026-07-26T09:45:34Z</time>
   </trkpt>
   <trkpt lat="22.7280250" lon="120.3102270">
    <ele>15.9</ele>
    <time>2026-07-26T09:45:35Z</time>
   </trkpt>
   <trkpt lat="22.7280450" lon="120.3102370">
    <ele>15.9</ele>
    <time>2026-07-26T09:45:36Z</time>
   </trkpt>
   <trkpt lat="22.7280180" lon="120.3102350">
    <ele>15.9</ele>
    <time>2026-07-26T09:45:37Z</time>
   </trkpt>
   <trkpt lat="22.7279910" lon="120.3102330">
    <ele>15.9</ele>
    <time>2026-07-26T09:45:38Z</time>
   </trkpt>
   <trkpt lat="22.7280000" lon="120.3102340">
    <ele>15.9</ele>
    <time>2026-07-26T09:45:39Z</time>
   </trkpt>
   <trkpt lat="22.7280040" lon="120.3102360">
    <ele>15.9</ele>
    <time>2026-07-26T09:45:40Z</time>
   </trkpt>
   <trkpt lat="22.7280090" lon="120.3102360">
    <ele>15.9</ele>
    <time>2026-07-26T09:45:41Z</time>
   </trkpt>
   <trkpt lat="22.7280150" lon="120.3102370">
    <ele>15.9</ele>
    <time>2026-07-26T09:45:42Z</time>
   </trkpt>
   <trkpt lat="22.7280200" lon="120.3102350">
    <ele>15.9</ele>
    <time>2026-07-26T09:45:43Z</time>
   </trkpt>
   <trkpt lat="22.7280150" lon="120.3102340">
    <ele>15.9</ele>
    <time>2026-07-26T09:45:44Z</time>
   </trkpt>
   <trkpt lat="22.7280150" lon="120.3102350">
    <ele>15.9</ele>
    <time>2026-07-26T09:45:45Z</time>
   </trkpt>
   <trkpt lat="22.7280260" lon="120.3102320">
    <ele>15.9</ele>
    <time>2026-07-26T09:45:46Z</time>
   </trkpt>
   <trkpt lat="22.7280280" lon="120.3102340">
    <ele>15.9</ele>
    <time>2026-07-26T09:45:47Z</time>
   </trkpt>
   <trkpt lat="22.7280330" lon="120.3102350">
    <ele>15.9</ele>
    <time>2026-07-26T09:45:48Z</time>
   </trkpt>
   <trkpt lat="22.7280310" lon="120.3102350">
    <ele>15.9</ele>
    <time>2026-07-26T09:45:49Z</time>
   </trkpt>
   <trkpt lat="22.7280310" lon="120.3102360">
    <ele>15.9</ele>
    <time>2026-07-26T09:45:50Z</time>
   </trkpt>
   <trkpt lat="22.7280310" lon="120.3102360">
    <ele>15.9</ele>
    <time>2026-07-26T09:45:51Z</time>
   </trkpt>
   <trkpt lat="22.7280310" lon="120.3102360">
    <ele>15.9</ele>
    <time>2026-07-26T09:45:52Z</time>
   </trkpt>
   <trkpt lat="22.7280220" lon="120.3102270">
    <ele>16.0</ele>
    <time>2026-07-26T09:45:53Z</time>
   </trkpt>
   <trkpt lat="22.7280290" lon="120.3102270">
    <ele>16.0</ele>
    <time>2026-07-26T09:45:54Z</time>
   </trkpt>
   <trkpt lat="22.7280400" lon="120.3102290">
    <ele>16.0</ele>
    <time>2026-07-26T09:45:55Z</time>
   </trkpt>
   <trkpt lat="22.7280470" lon="120.3102310">
    <ele>16.0</ele>
    <time>2026-07-26T09:45:56Z</time>
   </trkpt>
   <trkpt lat="22.7280470" lon="120.3102310">
    <ele>16.0</ele>
    <time>2026-07-26T09:45:57Z</time>
   </trkpt>
   <trkpt lat="22.7280650" lon="120.3102370">
    <ele>16.0</ele>
    <time>2026-07-26T09:45:58Z</time>
   </trkpt>
   <trkpt lat="22.7280780" lon="120.3102380">
    <ele>16.0</ele>
    <time>2026-07-26T09:45:59Z</time>
   </trkpt>
   <trkpt lat="22.7280820" lon="120.3102380">
    <ele>16.0</ele>
    <time>2026-07-26T09:46:00Z</time>
   </trkpt>
   <trkpt lat="22.7280860" lon="120.3102420">
    <ele>16.0</ele>
    <time>2026-07-26T09:46:01Z</time>
   </trkpt>
   <trkpt lat="22.7280870" lon="120.3102430">
    <ele>16.0</ele>
    <time>2026-07-26T09:46:02Z</time>
   </trkpt>
   <trkpt lat="22.7281070" lon="120.3102410">
    <ele>16.0</ele>
    <time>2026-07-26T09:46:03Z</time>
   </trkpt>
   <trkpt lat="22.7281060" lon="120.3102380">
    <ele>16.0</ele>
    <time>2026-07-26T09:46:04Z</time>
   </trkpt>
   <trkpt lat="22.7281070" lon="120.3102380">
    <ele>16.0</ele>
    <time>2026-07-26T09:46:05Z</time>
   </trkpt>
   <trkpt lat="22.7281070" lon="120.3102380">
    <ele>16.0</ele>
    <time>2026-07-26T09:46:06Z</time>
   </trkpt>
   <trkpt lat="22.7281120" lon="120.3102440">
    <ele>16.0</ele>
    <time>2026-07-26T09:46:07Z</time>
   </trkpt>
   <trkpt lat="22.7281230" lon="120.3102450">
    <ele>16.0</ele>
    <time>2026-07-26T09:46:08Z</time>
   </trkpt>
   <trkpt lat="22.7281010" lon="120.3102400">
    <ele>16.0</ele>
    <time>2026-07-26T09:46:09Z</time>
   </trkpt>
   <trkpt lat="22.7281020" lon="120.3102410">
    <ele>16.0</ele>
    <time>2026-07-26T09:46:10Z</time>
   </trkpt>
   <trkpt lat="22.7281020" lon="120.3102410">
    <ele>16.0</ele>
    <time>2026-07-26T09:46:11Z</time>
   </trkpt>
   <trkpt lat="22.7281120" lon="120.3102420">
    <ele>16.0</ele>
    <time>2026-07-26T09:46:12Z</time>
   </trkpt>
   <trkpt lat="22.7281130" lon="120.3102420">
    <ele>16.0</ele>
    <time>2026-07-26T09:46:13Z</time>
   </trkpt>
   <trkpt lat="22.7281140" lon="120.3102380">
    <ele>16.0</ele>
    <time>2026-07-26T09:46:14Z</time>
   </trkpt>
   <trkpt lat="22.7281150" lon="120.3102370">
    <ele>16.0</ele>
    <time>2026-07-26T09:46:15Z</time>
   </trkpt>
   <trkpt lat="22.7281110" lon="120.3102380">
    <ele>16.1</ele>
    <time>2026-07-26T09:46:16Z</time>
   </trkpt>
   <trkpt lat="22.7281120" lon="120.3102390">
    <ele>16.1</ele>
    <time>2026-07-26T09:46:17Z</time>
   </trkpt>
   <trkpt lat="22.7281120" lon="120.3102390">
    <ele>16.1</ele>
    <time>2026-07-26T09:46:18Z</time>
   </trkpt>
   <trkpt lat="22.7281290" lon="120.3102420">
    <ele>16.1</ele>
    <time>2026-07-26T09:46:19Z</time>
   </trkpt>
   <trkpt lat="22.7281240" lon="120.3102440">
    <ele>16.1</ele>
    <time>2026-07-26T09:46:21Z</time>
   </trkpt>
   <trkpt lat="22.7281060" lon="120.3102410">
    <ele>16.1</ele>
    <time>2026-07-26T09:46:22Z</time>
   </trkpt>
   <trkpt lat="22.7280930" lon="120.3102410">
    <ele>16.1</ele>
    <time>2026-07-26T09:46:23Z</time>
   </trkpt>
   <trkpt lat="22.7280810" lon="120.3102400">
    <ele>16.1</ele>
    <time>2026-07-26T09:46:24Z</time>
   </trkpt>
   <trkpt lat="22.7280680" lon="120.3102400">
    <ele>16.1</ele>
    <time>2026-07-26T09:46:25Z</time>
   </trkpt>
   <trkpt lat="22.7280550" lon="120.3102400">
    <ele>16.1</ele>
    <time>2026-07-26T09:46:26Z</time>
   </trkpt>
   <trkpt lat="22.7280540" lon="120.3102340">
    <ele>16.1</ele>
    <time>2026-07-26T09:46:27Z</time>
   </trkpt>
   <trkpt lat="22.7280550" lon="120.3102290">
    <ele>16.1</ele>
    <time>2026-07-26T09:46:28Z</time>
   </trkpt>
   <trkpt lat="22.7280550" lon="120.3102300">
    <ele>16.1</ele>
    <time>2026-07-26T09:46:29Z</time>
   </trkpt>
   <trkpt lat="22.7280640" lon="120.3102280">
    <ele>16.1</ele>
    <time>2026-07-26T09:46:30Z</time>
   </trkpt>
   <trkpt lat="22.7280650" lon="120.3102180">
    <ele>16.1</ele>
    <time>2026-07-26T09:46:31Z</time>
   </trkpt>
   <trkpt lat="22.7280570" lon="120.3102100">
    <ele>16.1</ele>
    <time>2026-07-26T09:46:32Z</time>
   </trkpt>
   <trkpt lat="22.7280380" lon="120.3101900">
    <ele>16.2</ele>
    <time>2026-07-26T09:46:33Z</time>
   </trkpt>
   <trkpt lat="22.7280380" lon="120.3101900">
    <ele>16.2</ele>
    <time>2026-07-26T09:46:34Z</time>
   </trkpt>
   <trkpt lat="22.7279880" lon="120.3101910">
    <ele>16.2</ele>
    <time>2026-07-26T09:46:35Z</time>
   </trkpt>
   <trkpt lat="22.7279830" lon="120.3101910">
    <ele>16.2</ele>
    <time>2026-07-26T09:46:36Z</time>
   </trkpt>
   <trkpt lat="22.7279640" lon="120.3101910">
    <ele>16.2</ele>
    <time>2026-07-26T09:46:37Z</time>
   </trkpt>
   <trkpt lat="22.7279460" lon="120.3101920">
    <ele>16.2</ele>
    <time>2026-07-26T09:46:38Z</time>
   </trkpt>
   <trkpt lat="22.7279270" lon="120.3101920">
    <ele>16.2</ele>
    <time>2026-07-26T09:46:39Z</time>
   </trkpt>
   <trkpt lat="22.7279090" lon="120.3101930">
    <ele>16.3</ele>
    <time>2026-07-26T09:46:40Z</time>
   </trkpt>
   <trkpt lat="22.7278900" lon="120.3101930">
    <ele>16.3</ele>
    <time>2026-07-26T09:46:41Z</time>
   </trkpt>
   <trkpt lat="22.7278720" lon="120.3101930">
    <ele>16.3</ele>
    <time>2026-07-26T09:46:42Z</time>
   </trkpt>
   <trkpt lat="22.7278530" lon="120.3101940">
    <ele>16.3</ele>
    <time>2026-07-26T09:46:43Z</time>
   </trkpt>
   <trkpt lat="22.7278350" lon="120.3101940">
    <ele>16.3</ele>
    <time>2026-07-26T09:46:44Z</time>
   </trkpt>
   <trkpt lat="22.7280370" lon="120.3102310">
    <ele>16.0</ele>
    <time>2026-07-26T09:46:45Z</time>
   </trkpt>
   <trkpt lat="22.7280440" lon="120.3102060">
    <ele>15.9</ele>
    <time>2026-07-26T09:46:46Z</time>
   </trkpt>
   <trkpt lat="22.7280560" lon="120.3101970">
    <ele>15.9</ele>
    <time>2026-07-26T09:46:47Z</time>
   </trkpt>
   <trkpt lat="22.7280540" lon="120.3101890">
    <ele>15.9</ele>
    <time>2026-07-26T09:46:48Z</time>
   </trkpt>
   <trkpt lat="22.7280620" lon="120.3101850">
    <ele>15.9</ele>
    <time>2026-07-26T09:46:49Z</time>
   </trkpt>
   <trkpt lat="22.7280650" lon="120.3101690">
    <ele>15.9</ele>
    <time>2026-07-26T09:46:50Z</time>
   </trkpt>
   <trkpt lat="22.7280640" lon="120.3101570">
    <ele>15.9</ele>
    <time>2026-07-26T09:46:51Z</time>
   </trkpt>
   <trkpt lat="22.7280650" lon="120.3101530">
    <ele>15.9</ele>
    <time>2026-07-26T09:46:52Z</time>
   </trkpt>
   <trkpt lat="22.7280770" lon="120.3101440">
    <ele>15.8</ele>
    <time>2026-07-26T09:46:53Z</time>
   </trkpt>
   <trkpt lat="22.7280820" lon="120.3101410">
    <ele>15.8</ele>
    <time>2026-07-26T09:46:54Z</time>
   </trkpt>
   <trkpt lat="22.7280920" lon="120.3101320">
    <ele>15.8</ele>
    <time>2026-07-26T09:46:55Z</time>
   </trkpt>
   <trkpt lat="22.7280980" lon="120.3101240">
    <ele>15.8</ele>
    <time>2026-07-26T09:46:56Z</time>
   </trkpt>
   <trkpt lat="22.7281090" lon="120.3101160">
    <ele>15.8</ele>
    <time>2026-07-26T09:46:57Z</time>
   </trkpt>
   <trkpt lat="22.7281200" lon="120.3101130">
    <ele>15.8</ele>
    <time>2026-07-26T09:46:58Z</time>
   </trkpt>
   <trkpt lat="22.7281270" lon="120.3101070">
    <ele>15.8</ele>
    <time>2026-07-26T09:46:59Z</time>
   </trkpt>
   <trkpt lat="22.7281340" lon="120.3100970">
    <ele>15.8</ele>
    <time>2026-07-26T09:47:00Z</time>
   </trkpt>
   <trkpt lat="22.7281450" lon="120.3100890">
    <ele>15.8</ele>
    <time>2026-07-26T09:47:01Z</time>
   </trkpt>
   <trkpt lat="22.7281510" lon="120.3100850">
    <ele>15.8</ele>
    <time>2026-07-26T09:47:02Z</time>
   </trkpt>
   <trkpt lat="22.7281570" lon="120.3100740">
    <ele>15.7</ele>
    <time>2026-07-26T09:47:03Z</time>
   </trkpt>
   <trkpt lat="22.7281640" lon="120.3100660">
    <ele>15.7</ele>
    <time>2026-07-26T09:47:04Z</time>
   </trkpt>
   <trkpt lat="22.7281700" lon="120.3100640">
    <ele>15.7</ele>
    <time>2026-07-26T09:47:05Z</time>
   </trkpt>
   <trkpt lat="22.7281710" lon="120.3100630">
    <ele>15.7</ele>
    <time>2026-07-26T09:47:06Z</time>
   </trkpt>
   <trkpt lat="22.7281680" lon="120.3100650">
    <ele>15.7</ele>
    <time>2026-07-26T09:47:07Z</time>
   </trkpt>
   <trkpt lat="22.7281740" lon="120.3100610">
    <ele>15.7</ele>
    <time>2026-07-26T09:47:08Z</time>
   </trkpt>
   <trkpt lat="22.7281890" lon="120.3100590">
    <ele>15.7</ele>
    <time>2026-07-26T09:47:09Z</time>
   </trkpt>
   <trkpt lat="22.7281940" lon="120.3100540">
    <ele>15.7</ele>
    <time>2026-07-26T09:47:10Z</time>
   </trkpt>
   <trkpt lat="22.7281990" lon="120.3100420">
    <ele>15.7</ele>
    <time>2026-07-26T09:47:11Z</time>
   </trkpt>
   <trkpt lat="22.7282090" lon="120.3100290">
    <ele>15.7</ele>
    <time>2026-07-26T09:47:12Z</time>
   </trkpt>
   <trkpt lat="22.7282140" lon="120.3100210">
    <ele>15.7</ele>
    <time>2026-07-26T09:47:13Z</time>
   </trkpt>
   <trkpt lat="22.7282180" lon="120.3100100">
    <ele>15.7</ele>
    <time>2026-07-26T09:47:14Z</time>
   </trkpt>
   <trkpt lat="22.7282240" lon="120.3100020">
    <ele>15.7</ele>
    <time>2026-07-26T09:47:15Z</time>
   </trkpt>
   <trkpt lat="22.7282320" lon="120.3099910">
    <ele>15.7</ele>
    <time>2026-07-26T09:47:16Z</time>
   </trkpt>
   <trkpt lat="22.7282370" lon="120.3099820">
    <ele>15.7</ele>
    <time>2026-07-26T09:47:17Z</time>
   </trkpt>
   <trkpt lat="22.7282480" lon="120.3099740">
    <ele>15.6</ele>
    <time>2026-07-26T09:47:18Z</time>
   </trkpt>
   <trkpt lat="22.7282570" lon="120.3099640">
    <ele>15.6</ele>
    <time>2026-07-26T09:47:19Z</time>
   </trkpt>
   <trkpt lat="22.7282650" lon="120.3099520">
    <ele>15.6</ele>
    <time>2026-07-26T09:47:20Z</time>
   </trkpt>
   <trkpt lat="22.7282740" lon="120.3099400">
    <ele>15.6</ele>
    <time>2026-07-26T09:47:21Z</time>
   </trkpt>
   <trkpt lat="22.7282860" lon="120.3099430">
    <ele>15.6</ele>
    <time>2026-07-26T09:47:22Z</time>
   </trkpt>
   <trkpt lat="22.7282950" lon="120.3099340">
    <ele>15.6</ele>
    <time>2026-07-26T09:47:23Z</time>
   </trkpt>
   <trkpt lat="22.7283050" lon="120.3099270">
    <ele>15.6</ele>
    <time>2026-07-26T09:47:24Z</time>
   </trkpt>
   <trkpt lat="22.7283150" lon="120.3099210">
    <ele>15.6</ele>
    <time>2026-07-26T09:47:25Z</time>
   </trkpt>
   <trkpt lat="22.7283230" lon="120.3099150">
    <ele>15.6</ele>
    <time>2026-07-26T09:47:26Z</time>
   </trkpt>
   <trkpt lat="22.7283310" lon="120.3099100">
    <ele>15.6</ele>
    <time>2026-07-26T09:47:27Z</time>
   </trkpt>
   <trkpt lat="22.7283400" lon="120.3099050">
    <ele>15.6</ele>
    <time>2026-07-26T09:47:28Z</time>
   </trkpt>
   <trkpt lat="22.7283470" lon="120.3098990">
    <ele>15.6</ele>
    <time>2026-07-26T09:47:29Z</time>
   </trkpt>
   <trkpt lat="22.7283520" lon="120.3098860">
    <ele>15.5</ele>
    <time>2026-07-26T09:47:30Z</time>
   </trkpt>
   <trkpt lat="22.7283570" lon="120.3098800">
    <ele>15.5</ele>
    <time>2026-07-26T09:47:31Z</time>
   </trkpt>
   <trkpt lat="22.7283650" lon="120.3098700">
    <ele>15.5</ele>
    <time>2026-07-26T09:47:32Z</time>
   </trkpt>
   <trkpt lat="22.7283700" lon="120.3098670">
    <ele>15.5</ele>
    <time>2026-07-26T09:47:33Z</time>
   </trkpt>
   <trkpt lat="22.7283810" lon="120.3098610">
    <ele>15.5</ele>
    <time>2026-07-26T09:47:34Z</time>
   </trkpt>
   <trkpt lat="22.7283880" lon="120.3098530">
    <ele>15.5</ele>
    <time>2026-07-26T09:47:35Z</time>
   </trkpt>
   <trkpt lat="22.7283950" lon="120.3098480">
    <ele>15.5</ele>
    <time>2026-07-26T09:47:36Z</time>
   </trkpt>
   <trkpt lat="22.7283990" lon="120.3098400">
    <ele>15.5</ele>
    <time>2026-07-26T09:47:37Z</time>
   </trkpt>
   <trkpt lat="22.7283990" lon="120.3098350">
    <ele>15.5</ele>
    <time>2026-07-26T09:47:38Z</time>
   </trkpt>
   <trkpt lat="22.7283910" lon="120.3098350">
    <ele>15.5</ele>
    <time>2026-07-26T09:47:39Z</time>
   </trkpt>
   <trkpt lat="22.7283920" lon="120.3098320">
    <ele>15.5</ele>
    <time>2026-07-26T09:47:40Z</time>
   </trkpt>
   <trkpt lat="22.7283920" lon="120.3098320">
    <ele>15.5</ele>
    <time>2026-07-26T09:47:41Z</time>
   </trkpt>
   <trkpt lat="22.7283940" lon="120.3098340">
    <ele>15.5</ele>
    <time>2026-07-26T09:47:42Z</time>
   </trkpt>
   <trkpt lat="22.7283960" lon="120.3098330">
    <ele>15.5</ele>
    <time>2026-07-26T09:47:43Z</time>
   </trkpt>
   <trkpt lat="22.7283950" lon="120.3098330">
    <ele>15.5</ele>
    <time>2026-07-26T09:47:44Z</time>
   </trkpt>
   <trkpt lat="22.7283940" lon="120.3098320">
    <ele>15.5</ele>
    <time>2026-07-26T09:47:45Z</time>
   </trkpt>
   <trkpt lat="22.7283960" lon="120.3098330">
    <ele>15.5</ele>
    <time>2026-07-26T09:47:46Z</time>
   </trkpt>
   <trkpt lat="22.7283960" lon="120.3098330">
    <ele>15.5</ele>
    <time>2026-07-26T09:47:47Z</time>
   </trkpt>
  </trkseg>
 </trk>
</gpx>
