<?xml version="1.0" encoding="UTF-8"?>
<gpx creator="StravaGPX" version="1.1" xmlns="http://www.topografix.com/GPX/1/1" xmlns:xsi="http://www.w3.org/2001/XMLSchema-instance" xsi:schemaLocation="http://www.topografix.com/GPX/1/1 http://www.topografix.com/GPX/1/1/gpx.xsd">
 <metadata>
  <time>2026-07-27T08:04:10Z</time>
 </metadata>
 <trk>
  <name>0527 Wan</name>
  <type>cycling</type>
  <trkseg>
   <trkpt lat="22.7383020" lon="120.3366830">
    <ele>20.0</ele>
    <time>2026-07-27T08:04:10Z</time>
   </trkpt>
   <trkpt lat="22.7383020" lon="120.3366830">
    <ele>20.0</ele>
    <time>2026-07-27T08:04:11Z</time>
   </trkpt>
   <trkpt lat="22.7383020" lon="120.3366830">
    <ele>20.0</ele>
    <time>2026-07-27T08:04:12Z</time>
   </trkpt>
   <trkpt lat="22.7383020" lon="120.3366830">
    <ele>20.0</ele>
    <time>2026-07-27T08:04:13Z</time>
   </trkpt>
   <trkpt lat="22.7383060" lon="120.3366830">
    <ele>20.0</ele>
    <time>2026-07-27T08:04:14Z</time>
   </trkpt>
   <trkpt lat="22.7383110" lon="120.3366800">
    <ele>20.0</ele>
    <time>2026-07-27T08:04:15Z</time>
   </trkpt>
   <trkpt lat="22.7383100" lon="120.3366780">
    <ele>20.0</ele>
    <time>2026-07-27T08:04:16Z</time>
   </trkpt>
   <trkpt lat="22.7382970" lon="120.3366720">
    <ele>20.0</ele>
    <time>2026-07-27T08:04:17Z</time>
   </trkpt>
   <trkpt lat="22.7382970" lon="120.3366770">
    <ele>20.0</ele>
    <time>2026-07-27T08:04:18Z</time>
   </trkpt>
   <trkpt lat="22.7383000" lon="120.3366730">
    <ele>20.0</ele>
    <time>2026-07-27T08:04:19Z</time>
   </trkpt>
   <trkpt lat="22.7382970" lon="120.3366690">
    <ele>20.0</ele>
    <time>2026-07-27T08:04:20Z</time>
   </trkpt>
   <trkpt lat="22.7382980" lon="120.3366690">
    <ele>20.0</ele>
    <time>2026-07-27T08:04:21Z</time>
   </trkpt>
   <trkpt lat="22.7383050" lon="120.3366660">
    <ele>20.0</ele>
    <time>2026-07-27T08:04:22Z</time>
   </trkpt>
   <trkpt lat="22.7383070" lon="120.3366660">
    <ele>20.0</ele>
    <time>2026-07-27T08:04:23Z</time>
   </trkpt>
   <trkpt lat="22.7383150" lon="120.3366670">
    <ele>20.0</ele>
    <time>2026-07-27T08:04:24Z</time>
   </trkpt>
   <trkpt lat="22.7383250" lon="120.3366640">
    <ele>20.0</ele>
    <time>2026-07-27T08:04:25Z</time>
   </trkpt>
   <trkpt lat="22.7383260" lon="120.3366610">
    <ele>20.0</ele>
    <time>2026-07-27T08:04:26Z</time>
   </trkpt>
   <trkpt lat="22.7383320" lon="120.3366540">
    <ele>20.0</ele>
    <time>2026-07-27T08:04:27Z</time>
   </trkpt>
   <trkpt lat="22.7383370" lon="120.3366450">
    <ele>20.0</ele>
    <time>2026-07-27T08:04:28Z</time>
   </trkpt>
   <trkpt lat="22.7383580" lon="120.3366170">
    <ele>20.0</ele>
    <time>2026-07-27T08:04:46Z</time>
   </trkpt>
   <trkpt lat="22.7383570" lon="120.3366210">
    <ele>20.0</ele>
    <time>2026-07-27T08:04:47Z</time>
   </trkpt>
   <trkpt lat="22.7383700" lon="120.3366240">
    <ele>20.0</ele>
    <time>2026-07-27T08:04:48Z</time>
   </trkpt>
   <trkpt lat="22.7383800" lon="120.3366150">
    <ele>19.9</ele>
    <time>2026-07-27T08:04:49Z</time>
   </trkpt>
   <trkpt lat="22.7383850" lon="120.3366080">
    <ele>19.9</ele>
    <time>2026-07-27T08:04:50Z</time>
   </trkpt>
   <trkpt lat="22.7383920" lon="120.3366040">
    <ele>19.9</ele>
    <time>2026-07-27T08:04:51Z</time>
   </trkpt>
   <trkpt lat="22.7384000" lon="120.3365960">
    <ele>19.9</ele>
    <time>2026-07-27T08:04:52Z</time>
   </trkpt>
   <trkpt lat="22.7384000" lon="120.3365940">
    <ele>19.9</ele>
    <time>2026-07-27T08:04:53Z</time>
   </trkpt>
   <trkpt lat="22.7384070" lon="120.3365850">
    <ele>19.9</ele>
    <time>2026-07-27T08:04:54Z</time>
   </trkpt>
   <trkpt lat="22.7384120" lon="120.3365810">
    <ele>19.9</ele>
    <time>2026-07-27T08:04:55Z</time>
   </trkpt>
   <trkpt lat="22.7384150" lon="120.3365750">
    <ele>19.9</ele>
    <time>2026-07-27T08:04:56Z</time>
   </trkpt>
   <trkpt lat="22.7384210" lon="120.3365650">
    <ele>19.9</ele>
    <time>2026-07-27T08:04:57Z</time>
   </trkpt>
   <trkpt lat="22.7384300" lon="120.3365560">
    <ele>19.9</ele>
    <time>2026-07-27T08:04:58Z</time>
   </trkpt>
   <trkpt lat="22.7384360" lon="120.3365500">
    <ele>19.9</ele>
    <time>2026-07-27T08:04:59Z</time>
   </trkpt>
   <trkpt lat="22.7384340" lon="120.3365410">
    <ele>19.9</ele>
    <time>2026-07-27T08:05:00Z</time>
   </trkpt>
   <trkpt lat="22.7384310" lon="120.3365340">
    <ele>19.9</ele>
    <time>2026-07-27T08:05:01Z</time>
   </trkpt>
   <trkpt lat="22.7384310" lon="120.3365200">
    <ele>19.9</ele>
    <time>2026-07-27T08:05:02Z</time>
   </trkpt>
   <trkpt lat="22.7384380" lon="120.3365100">
    <ele>19.9</ele>
    <time>2026-07-27T08:05:03Z</time>
   </trkpt>
   <trkpt lat="22.7384330" lon="120.3365000">
    <ele>19.9</ele>
    <time>2026-07-27T08:05:04Z</time>
   </trkpt>
   <trkpt lat="22.7384300" lon="120.3364960">
    <ele>19.9</ele>
    <time>2026-07-27T08:05:05Z</time>
   </trkpt>
   <trkpt lat="22.7384310" lon="120.3364940">
    <ele>19.9</ele>
    <time>2026-07-27T08:05:06Z</time>
   </trkpt>
   <trkpt lat="22.7384290" lon="120.3364950">
    <ele>19.9</ele>
    <time>2026-07-27T08:05:07Z</time>
   </trkpt>
   <trkpt lat="22.7384270" lon="120.3364960">
    <ele>19.9</ele>
    <time>2026-07-27T08:05:08Z</time>
   </trkpt>
   <trkpt lat="22.7384370" lon="120.3364860">
    <ele>19.9</ele>
    <time>2026-07-27T08:05:09Z</time>
   </trkpt>
   <trkpt lat="22.7384380" lon="120.3364790">
    <ele>19.9</ele>
    <time>2026-07-27T08:05:10Z</time>
   </trkpt>
   <trkpt lat="22.7384380" lon="120.3364790">
    <ele>19.9</ele>
    <time>2026-07-27T08:05:11Z</time>
   </trkpt>
   <trkpt lat="22.7384380" lon="120.3364790">
    <ele>19.9</ele>
    <time>2026-07-27T08:05:12Z</time>
   </trkpt>
   <trkpt lat="22.7384380" lon="120.3364790">
    <ele>19.9</ele>
    <time>2026-07-27T08:05:13Z</time>
   </trkpt>
   <trkpt lat="22.7384350" lon="120.3364790">
    <ele>19.9</ele>
    <time>2026-07-27T08:05:14Z</time>
   </trkpt>
   <trkpt lat="22.7384350" lon="120.3364790">
    <ele>19.9</ele>
    <time>2026-07-27T08:05:15Z</time>
   </trkpt>
   <trkpt lat="22.7384370" lon="120.3364770">
    <ele>19.9</ele>
    <time>2026-07-27T08:05:16Z</time>
   </trkpt>
   <trkpt lat="22.7384380" lon="120.3364780">
    <ele>19.9</ele>
    <time>2026-07-27T08:05:17Z</time>
   </trkpt>
   <trkpt lat="22.7384350" lon="120.3364680">
    <ele>19.9</ele>
    <time>2026-07-27T08:05:18Z</time>
   </trkpt>
   <trkpt lat="22.7384320" lon="120.3364660">
    <ele>19.9</ele>
    <time>2026-07-27T08:05:19Z</time>
   </trkpt>
   <trkpt lat="22.7384290" lon="120.3364610">
    <ele>19.9</ele>
    <time>2026-07-27T08:05:20Z</time>
   </trkpt>
   <trkpt lat="22.7384310" lon="120.3364630">
    <ele>19.9</ele>
    <time>2026-07-27T08:05:21Z</time>
   </trkpt>
   <trkpt lat="22.7384300" lon="120.3364590">
    <ele>19.9</ele>
    <time>2026-07-27T08:05:22Z</time>
   </trkpt>
   <trkpt lat="22.7384370" lon="120.3364590">
    <ele>19.9</ele>
    <time>2026-07-27T08:05:23Z</time>
   </trkpt>
   <trkpt lat="22.7384390" lon="120.3364590">
    <ele>19.9</ele>
    <time>2026-07-27T08:05:24Z</time>
   </trkpt>
   <trkpt lat="22.7384430" lon="120.3364550">
    <ele>19.9</ele>
    <time>2026-07-27T08:05:25Z</time>
   </trkpt>
   <trkpt lat="22.7384480" lon="120.3364520">
    <ele>19.9</ele>
    <time>2026-07-27T08:05:26Z</time>
   </trkpt>
   <trkpt lat="22.7384510" lon="120.3364570">
    <ele>19.9</ele>
    <time>2026-07-27T08:05:27Z</time>
   </trkpt>
   <trkpt lat="22.7384500" lon="120.3364590">
    <ele>19.9</ele>
    <time>2026-07-27T08:05:28Z</time>
   </trkpt>
   <trkpt lat="22.7384520" lon="120.3364550">
    <ele>19.9</ele>
    <time>2026-07-27T08:05:29Z</time>
   </trkpt>
   <trkpt lat="22.7384480" lon="120.3364610">
    <ele>20.0</ele>
    <time>2026-07-27T08:05:30Z</time>
   </trkpt>
   <trkpt lat="22.7385130" lon="120.3364890">
    <ele>20.4</ele>
    <time>2026-07-27T08:05:35Z</time>
   </trkpt>
   <trkpt lat="22.7385260" lon="120.3364910">
    <ele>20.5</ele>
    <time>2026-07-27T08:05:36Z</time>
   </trkpt>
   <trkpt lat="22.7385420" lon="120.3364900">
    <ele>20.6</ele>
    <time>2026-07-27T08:05:37Z</time>
   </trkpt>
   <trkpt lat="22.7385520" lon="120.3364890">
    <ele>20.6</ele>
    <time>2026-07-27T08:05:38Z</time>
   </trkpt>
   <trkpt lat="22.7385710" lon="120.3364870">
    <ele>20.7</ele>
    <time>2026-07-27T08:05:39Z</time>
   </trkpt>
   <trkpt lat="22.7385830" lon="120.3364850">
    <ele>20.8</ele>
    <time>2026-07-27T08:05:40Z</time>
   </trkpt>
   <trkpt lat="22.7385930" lon="120.3364830">
    <ele>20.9</ele>
    <time>2026-07-27T08:05:41Z</time>
   </trkpt>
   <trkpt lat="22.7385980" lon="120.3364860">
    <ele>20.9</ele>
    <time>2026-07-27T08:05:42Z</time>
   </trkpt>
   <trkpt lat="22.7386060" lon="120.3364950">
    <ele>21.0</ele>
    <time>2026-07-27T08:05:43Z</time>
   </trkpt>
   <trkpt lat="22.7386120" lon="120.3364990">
    <ele>21.0</ele>
    <time>2026-07-27T08:05:44Z</time>
   </trkpt>
   <trkpt lat="22.7386190" lon="120.3365060">
    <ele>21.1</ele>
    <time>2026-07-27T08:05:45Z</time>
   </trkpt>
   <trkpt lat="22.7386190" lon="120.3365050">
    <ele>21.1</ele>
    <time>2026-07-27T08:05:46Z</time>
   </trkpt>
   <trkpt lat="22.7386230" lon="120.3365160">
    <ele>21.1</ele>
    <time>2026-07-27T08:05:47Z</time>
   </trkpt>
   <trkpt lat="22.7386270" lon="120.3365240">
    <ele>21.2</ele>
    <time>2026-07-27T08:05:48Z</time>
   </trkpt>
   <trkpt lat="22.7386330" lon="120.3365320">
    <ele>21.2</ele>
    <time>2026-07-27T08:05:49Z</time>
   </trkpt>
   <trkpt lat="22.7386340" lon="120.3365310">
    <ele>21.3</ele>
    <time>2026-07-27T08:05:50Z</time>
   </trkpt>
   <trkpt lat="22.7386380" lon="120.3365360">
    <ele>21.3</ele>
    <time>2026-07-27T08:05:51Z</time>
   </trkpt>
   <trkpt lat="22.7386380" lon="120.3365360">
    <ele>21.3</ele>
    <time>2026-07-27T08:05:52Z</time>
   </trkpt>
   <trkpt lat="22.7386380" lon="120.3365380">
    <ele>21.3</ele>
    <time>2026-07-27T08:05:53Z</time>
   </trkpt>
   <trkpt lat="22.7386400" lon="120.3365460">
    <ele>21.4</ele>
    <time>2026-07-27T08:05:54Z</time>
   </trkpt>
   <trkpt lat="22.7386350" lon="120.3365520">
    <ele>21.4</ele>
    <time>2026-07-27T08:05:55Z</time>
   </trkpt>
   <trkpt lat="22.7386850" lon="120.3365880">
    <ele>21.8</ele>
    <time>2026-07-27T08:06:06Z</time>
   </trkpt>
   <trkpt lat="22.7386860" lon="120.3365940">
    <ele>21.8</ele>
    <time>2026-07-27T08:06:07Z</time>
   </trkpt>
   <trkpt lat="22.7386840" lon="120.3365980">
    <ele>21.8</ele>
    <time>2026-07-27T08:06:08Z</time>
   </trkpt>
   <trkpt lat="22.7386890" lon="120.3366010">
    <ele>21.9</ele>
    <time>2026-07-27T08:06:09Z</time>
   </trkpt>
   <trkpt lat="22.7386940" lon="120.3366030">
    <ele>21.9</ele>
    <time>2026-07-27T08:06:10Z</time>
   </trkpt>
   <trkpt lat="22.7387010" lon="120.3366010">
    <ele>21.9</ele>
    <time>2026-07-27T08:06:11Z</time>
   </trkpt>
   <trkpt lat="22.7386970" lon="120.3366130">
    <ele>22.0</ele>
    <time>2026-07-27T08:06:12Z</time>
   </trkpt>
   <trkpt lat="22.7386930" lon="120.3366120">
    <ele>22.0</ele>
    <time>2026-07-27T08:06:13Z</time>
   </trkpt>
   <trkpt lat="22.7386930" lon="120.3366130">
    <ele>22.0</ele>
    <time>2026-07-27T08:06:14Z</time>
   </trkpt>
   <trkpt lat="22.7386960" lon="120.3366110">
    <ele>22.1</ele>
    <time>2026-07-27T08:06:15Z</time>
   </trkpt>
   <trkpt lat="22.7387030" lon="120.3366070">
    <ele>22.1</ele>
    <time>2026-07-27T08:06:16Z</time>
   </trkpt>
   <trkpt lat="22.7384710" lon="120.3363740">
    <ele>19.9</ele>
    <time>2026-07-27T08:08:02Z</time>
   </trkpt>
   <trkpt lat="22.7384770" lon="120.3363570">
    <ele>19.9</ele>
    <time>2026-07-27T08:08:03Z</time>
   </trkpt>
   <trkpt lat="22.7384850" lon="120.3363410">
    <ele>19.9</ele>
    <time>2026-07-27T08:08:04Z</time>
   </trkpt>
   <trkpt lat="22.7384960" lon="120.3363290">
    <ele>19.8</ele>
    <time>2026-07-27T08:08:05Z</time>
   </trkpt>
   <trkpt lat="22.7385090" lon="120.3363210">
    <ele>19.8</ele>
    <time>2026-07-27T08:08:06Z</time>
   </trkpt>
   <trkpt lat="22.7385160" lon="120.3363100">
    <ele>19.8</ele>
    <time>2026-07-27T08:08:07Z</time>
   </trkpt>
   <trkpt lat="22.7385220" lon="120.3362920">
    <ele>19.8</ele>
    <time>2026-07-27T08:08:08Z</time>
   </trkpt>
   <trkpt lat="22.7385310" lon="120.3362730">
    <ele>19.8</ele>
    <time>2026-07-27T08:08:09Z</time>
   </trkpt>
   <trkpt lat="22.7385400" lon="120.3362640">
    <ele>19.8</ele>
    <time>2026-07-27T08:08:10Z</time>
   </trkpt>
   <trkpt lat="22.7385530" lon="120.3362520">
    <ele>19.8</ele>
    <time>2026-07-27T08:08:11Z</time>
   </trkpt>
   <trkpt lat="22.7385600" lon="120.3362440">
    <ele>19.8</ele>
    <time>2026-07-27T08:08:12Z</time>
   </trkpt>
   <trkpt lat="22.7385680" lon="120.3362430">
    <ele>19.8</ele>
    <time>2026-07-27T08:08:13Z</time>
   </trkpt>
   <trkpt lat="22.7385760" lon="120.3362490">
    <ele>19.8</ele>
    <time>2026-07-27T08:08:14Z</time>
   </trkpt>
   <trkpt lat="22.7385780" lon="120.3362500">
    <ele>19.8</ele>
    <time>2026-07-27T08:08:15Z</time>
   </trkpt>
   <trkpt lat="22.7385800" lon="120.3362480">
    <ele>19.8</ele>
    <time>2026-07-27T08:08:16Z</time>
   </trkpt>
   <trkpt lat="22.7385780" lon="120.3362530">
    <ele>19.8</ele>
    <time>2026-07-27T08:08:17Z</time>
   </trkpt>
   <trkpt lat="22.7385780" lon="120.3362470">
    <ele>19.8</ele>
    <time>2026-07-27T08:08:18Z</time>
   </trkpt>
   <trkpt lat="22.7385800" lon="120.3362510">
    <ele>19.8</ele>
    <time>2026-07-27T08:08:19Z</time>
   </trkpt>
   <trkpt lat="22.7385870" lon="120.3362550">
    <ele>19.8</ele>
    <time>2026-07-27T08:08:20Z</time>
   </trkpt>
   <trkpt lat="22.7385860" lon="120.3362530">
    <ele>19.8</ele>
    <time>2026-07-27T08:08:21Z</time>
   </trkpt>
   <trkpt lat="22.7385850" lon="120.3362640">
    <ele>19.8</ele>
    <time>2026-07-27T08:08:22Z</time>
   </trkpt>
   <trkpt lat="22.7385850" lon="120.3362140">
    <ele>19.8</ele>
    <time>2026-07-27T08:08:30Z</time>
   </trkpt>
   <trkpt lat="22.7385780" lon="120.3362050">
    <ele>19.8</ele>
    <time>2026-07-27T08:08:31Z</time>
   </trkpt>
   <trkpt lat="22.7385790" lon="120.3362030">
    <ele>19.8</ele>
    <time>2026-07-27T08:08:32Z</time>
   </trkpt>
   <trkpt lat="22.7385780" lon="120.3362000">
    <ele>19.8</ele>
    <time>2026-07-27T08:08:33Z</time>
   </trkpt>
   <trkpt lat="22.7385750" lon="120.3361930">
    <ele>19.8</ele>
    <time>2026-07-27T08:08:34Z</time>
   </trkpt>
   <trkpt lat="22.7385810" lon="120.3361820">
    <ele>19.8</ele>
    <time>2026-07-27T08:08:35Z</time>
   </trkpt>
   <trkpt lat="22.7385650" lon="120.3361770">
    <ele>19.8</ele>
    <time>2026-07-27T08:08:36Z</time>
   </trkpt>
   <trkpt lat="22.7385530" lon="120.3361770">
    <ele>19.8</ele>
    <time>2026-07-27T08:08:37Z</time>
   </trkpt>
   <trkpt lat="22.7385320" lon="120.3361810">
    <ele>19.8</ele>
    <time>2026-07-27T08:08:38Z</time>
   </trkpt>
   <trkpt lat="22.7385350" lon="120.3361790">
    <ele>19.8</ele>
    <time>2026-07-27T08:08:39Z</time>
   </trkpt>
   <trkpt lat="22.7385260" lon="120.3361880">
    <ele>19.7</ele>
    <time>2026-07-27T08:08:40Z</time>
   </trkpt>
   <trkpt lat="22.7385190" lon="120.3361940">
    <ele>19.7</ele>
    <time>2026-07-27T08:08:41Z</time>
   </trkpt>
   <trkpt lat="22.7385190" lon="120.3362040">
    <ele>19.7</ele>
    <time>2026-07-27T08:08:42Z</time>
   </trkpt>
   <trkpt lat="22.7385260" lon="120.3362120">
    <ele>19.7</ele>
    <time>2026-07-27T08:08:43Z</time>
   </trkpt>
   <trkpt lat="22.7385340" lon="120.3362090">
    <ele>19.8</ele>
    <time>2026-07-27T08:08:44Z</time>
   </trkpt>
   <trkpt lat="22.7385340" lon="120.3362020">
    <ele>19.8</ele>
    <time>2026-07-27T08:08:45Z</time>
   </trkpt>
   <trkpt lat="22.7385370" lon="120.3362010">
    <ele>19.8</ele>
    <time>2026-07-27T08:08:46Z</time>
   </trkpt>
   <trkpt lat="22.7385320" lon="120.3361970">
    <ele>19.8</ele>
    <time>2026-07-27T08:08:47Z</time>
   </trkpt>
   <trkpt lat="22.7385310" lon="120.3361960">
    <ele>19.8</ele>
    <time>2026-07-27T08:08:48Z</time>
   </trkpt>
   <trkpt lat="22.7385280" lon="120.3361820">
    <ele>19.8</ele>
    <time>2026-07-27T08:08:49Z</time>
   </trkpt>
   <trkpt lat="22.7385290" lon="120.3361680">
    <ele>19.8</ele>
    <time>2026-07-27T08:08:50Z</time>
   </trkpt>
   <trkpt lat="22.7385430" lon="120.3361770">
    <ele>19.8</ele>
    <time>2026-07-27T08:08:51Z</time>
   </trkpt>
   <trkpt lat="22.7385500" lon="120.3361740">
    <ele>19.8</ele>
    <time>2026-07-27T08:08:52Z</time>
   </trkpt>
   <trkpt lat="22.7385000" lon="120.3362470">
    <ele>19.8</ele>
    <time>2026-07-27T08:08:59Z</time>
   </trkpt>
   <trkpt lat="22.7384960" lon="120.3362550">
    <ele>19.8</ele>
    <time>2026-07-27T08:09:00Z</time>
   </trkpt>
   <trkpt lat="22.7384870" lon="120.3362650">
    <ele>19.8</ele>
    <time>2026-07-27T08:09:01Z</time>
   </trkpt>
   <trkpt lat="22.7384830" lon="120.3362780">
    <ele>19.8</ele>
    <time>2026-07-27T08:09:02Z</time>
   </trkpt>
   <trkpt lat="22.7384800" lon="120.3362880">
    <ele>19.8</ele>
    <time>2026-07-27T08:09:03Z</time>
   </trkpt>
   <trkpt lat="22.7384770" lon="120.3363080">
    <ele>19.8</ele>
    <time>2026-07-27T08:09:04Z</time>
   </trkpt>
   <trkpt lat="22.7384720" lon="120.3363230">
    <ele>19.9</ele>
    <time>2026-07-27T08:09:05Z</time>
   </trkpt>
   <trkpt lat="22.7384710" lon="120.3363320">
    <ele>19.9</ele>
    <time>2026-07-27T08:09:06Z</time>
   </trkpt>
   <trkpt lat="22.7384690" lon="120.3363460">
    <ele>19.9</ele>
    <time>2026-07-27T08:09:07Z</time>
   </trkpt>
   <trkpt lat="22.7384690" lon="120.3363570">
    <ele>19.9</ele>
    <time>2026-07-27T08:09:08Z</time>
   </trkpt>
   <trkpt lat="22.7384630" lon="120.3363750">
    <ele>19.9</ele>
    <time>2026-07-27T08:09:09Z</time>
   </trkpt>
   <trkpt lat="22.7384590" lon="120.3363910">
    <ele>19.9</ele>
    <time>2026-07-27T08:09:10Z</time>
   </trkpt>
   <trkpt lat="22.7384570" lon="120.3364010">
    <ele>19.9</ele>
    <time>2026-07-27T08:09:11Z</time>
   </trkpt>
   <trkpt lat="22.7384470" lon="120.3364110">
    <ele>19.9</ele>
    <time>2026-07-27T08:09:12Z</time>
   </trkpt>
   <trkpt lat="22.7384370" lon="120.3364270">
    <ele>19.9</ele>
    <time>2026-07-27T08:09:13Z</time>
   </trkpt>
   <trkpt lat="22.7384330" lon="120.3364430">
    <ele>19.9</ele>
    <time>2026-07-27T08:09:14Z</time>
   </trkpt>
   <trkpt lat="22.7384360" lon="120.3364460">
    <ele>19.9</ele>
    <time>2026-07-27T08:09:15Z</time>
   </trkpt>
   <trkpt lat="22.7384310" lon="120.3364610">
    <ele>19.9</ele>
    <time>2026-07-27T08:09:16Z</time>
   </trkpt>
   <trkpt lat="22.7384280" lon="120.3364670">
    <ele>19.9</ele>
    <time>2026-07-27T08:09:17Z</time>
   </trkpt>
   <trkpt lat="22.7384260" lon="120.3364730">
    <ele>19.9</ele>
    <time>2026-07-27T08:09:18Z</time>
   </trkpt>
   <trkpt lat="22.7384180" lon="120.3364820">
    <ele>19.9</ele>
    <time>2026-07-27T08:09:19Z</time>
   </trkpt>
   <trkpt lat="22.7384200" lon="120.3364950">
    <ele>19.9</ele>
    <time>2026-07-27T08:09:20Z</time>
   </trkpt>
   <trkpt lat="22.7384160" lon="120.3365060">
    <ele>19.9</ele>
    <time>2026-07-27T08:09:21Z</time>
   </trkpt>
   <trkpt lat="22.7384130" lon="120.3365110">
    <ele>19.9</ele>
    <time>2026-07-27T08:09:22Z</time>
   </trkpt>
   <trkpt lat="22.7384140" lon="120.3365130">
    <ele>19.9</ele>
    <time>2026-07-27T08:09:23Z</time>
   </trkpt>
   <trkpt lat="22.7384190" lon="120.3365110">
    <ele>19.9</ele>
    <time>2026-07-27T08:09:24Z</time>
   </trkpt>
   <trkpt lat="22.7384090" lon="120.3365430">
    <ele>19.9</ele>
    <time>2026-07-27T08:09:28Z</time>
   </trkpt>
   <trkpt lat="22.7384150" lon="120.3365510">
    <ele>19.9</ele>
    <time>2026-07-27T08:09:29Z</time>
   </trkpt>
   <trkpt lat="22.7384150" lon="120.3365580">
    <ele>19.9</ele>
    <time>2026-07-27T08:09:30Z</time>
   </trkpt>
   <trkpt lat="22.7384170" lon="120.3365460">
    <ele>19.9</ele>
    <time>2026-07-27T08:09:31Z</time>
   </trkpt>
   <trkpt lat="22.7384160" lon="120.3365460">
    <ele>19.9</ele>
    <time>2026-07-27T08:09:32Z</time>
   </trkpt>
   <trkpt lat="22.7384170" lon="120.3365450">
    <ele>19.9</ele>
    <time>2026-07-27T08:09:33Z</time>
   </trkpt>
   <trkpt lat="22.7384200" lon="120.3365490">
    <ele>19.9</ele>
    <time>2026-07-27T08:09:34Z</time>
   </trkpt>
   <trkpt lat="22.7384220" lon="120.3365530">
    <ele>19.9</ele>
    <time>2026-07-27T08:09:35Z</time>
   </trkpt>
   <trkpt lat="22.7384260" lon="120.3365570">
    <ele>19.9</ele>
    <time>2026-07-27T08:09:36Z</time>
   </trkpt>
   <trkpt lat="22.7384180" lon="120.3365600">
    <ele>19.9</ele>
    <time>2026-07-27T08:09:37Z</time>
   </trkpt>
   <trkpt lat="22.7384040" lon="120.3365690">
    <ele>19.9</ele>
    <time>2026-07-27T08:09:38Z</time>
   </trkpt>
   <trkpt lat="22.7383990" lon="120.3365860">
    <ele>19.9</ele>
    <time>2026-07-27T08:09:39Z</time>
   </trkpt>
   <trkpt lat="22.7383980" lon="120.3365940">
    <ele>19.9</ele>
    <time>2026-07-27T08:09:40Z</time>
   </trkpt>
   <trkpt lat="22.7383910" lon="120.3366020">
    <ele>19.9</ele>
    <time>2026-07-27T08:09:41Z</time>
   </trkpt>
   <trkpt lat="22.7383820" lon="120.3366130">
    <ele>19.9</ele>
    <time>2026-07-27T08:09:42Z</time>
   </trkpt>
   <trkpt lat="22.7383840" lon="120.3366040">
    <ele>19.9</ele>
    <time>2026-07-27T08:09:43Z</time>
   </trkpt>
   <trkpt lat="22.7383750" lon="120.3366030">
    <ele>19.9</ele>
    <time>2026-07-27T08:09:44Z</time>
   </trkpt>
   <trkpt lat="22.7383780" lon="120.3366030">
    <ele>20.0</ele>
    <time>2026-07-27T08:09:45Z</time>
   </trkpt>
   <trkpt lat="22.7383740" lon="120.3366030">
    <ele>20.0</ele>
    <time>2026-07-27T08:09:46Z</time>
   </trkpt>
   <trkpt lat="22.7383700" lon="120.3365970">
    <ele>20.0</ele>
    <time>2026-07-27T08:09:47Z</time>
   </trkpt>
   <trkpt lat="22.7383580" lon="120.3365980">
    <ele>20.0</ele>
    <time>2026-07-27T08:09:48Z</time>
   </trkpt>
   <trkpt lat="22.7383510" lon="120.3365990">
    <ele>20.0</ele>
    <time>2026-07-27T08:09:49Z</time>
   </trkpt>
   <trkpt lat="22.7383480" lon="120.3366030">
    <ele>20.0</ele>
    <time>2026-07-27T08:09:50Z</time>
   </trkpt>
   <trkpt lat="22.7383540" lon="120.3366020">
    <ele>20.0</ele>
    <time>2026-07-27T08:09:51Z</time>
   </trkpt>
   <trkpt lat="22.7383440" lon="120.3366020">
    <ele>20.0</ele>
    <time>2026-07-27T08:09:52Z</time>
   </trkpt>
   <trkpt lat="22.7383310" lon="120.3366330">
    <ele>20.0</ele>
    <time>2026-07-27T08:09:55Z</time>
   </trkpt>
   <trkpt lat="22.7383350" lon="120.3366210">
    <ele>20.0</ele>
    <time>2026-07-27T08:09:56Z</time>
   </trkpt>
   <trkpt lat="22.7383310" lon="120.3366220">
    <ele>20.0</ele>
    <time>2026-07-27T08:09:57Z</time>
   </trkpt>
   <trkpt lat="22.7383280" lon="120.3366240">
    <ele>20.0</ele>
    <time>2026-07-27T08:09:58Z</time>
   </trkpt>
   <trkpt lat="22.7383290" lon="120.3366260">
    <ele>20.0</ele>
    <time>2026-07-27T08:09:59Z</time>
   </trkpt>
   <trkpt lat="22.7383240" lon="120.3366200">
    <ele>20.0</ele>
    <time>2026-07-27T08:10:00Z</time>
   </trkpt>
   <trkpt lat="22.7383270" lon="120.3366180">
    <ele>20.0</ele>
    <time>2026-07-27T08:10:01Z</time>
   </trkpt>
   <trkpt lat="22.7383210" lon="120.3366180">
    <ele>20.0</ele>
    <time>2026-07-27T08:10:02Z</time>
   </trkpt>
   <trkpt lat="22.7383180" lon="120.3366250">
    <ele>20.0</ele>
    <time>2026-07-27T08:10:03Z</time>
   </trkpt>
   <trkpt lat="22.7383130" lon="120.3366320">
    <ele>20.0</ele>
    <time>2026-07-27T08:10:04Z</time>
   </trkpt>
   <trkpt lat="22.7383110" lon="120.3366470">
    <ele>20.0</ele>
    <time>2026-07-27T08:10:05Z</time>
   </trkpt>
   <trkpt lat="22.7383100" lon="120.3366530">
    <ele>20.0</ele>
    <time>2026-07-27T08:10:06Z</time>
   </trkpt>
   <trkpt lat="22.7383110" lon="120.3366480">
    <ele>20.0</ele>
    <time>2026-07-27T08:10:07Z</time>
   </trkpt>
   <trkpt lat="22.7383080" lon="120.3366490">
    <ele>20.0</ele>
    <time>2026-07-27T08:10:08Z</time>
   </trkpt>
   <trkpt lat="22.7383070" lon="120.3366490">
    <ele>20.0</ele>
    <time>2026-07-27T08:10:09Z</time>
   </trkpt>
   <trkpt lat="22.7383070" lon="120.3366480">
    <ele>20.0</ele>
    <time>2026-07-27T08:10:10Z</time>
   </trkpt>
   <trkpt lat="22.7383060" lon="120.3366490">
    <ele>20.0</ele>
    <time>2026-07-27T08:10:11Z</time>
   </trkpt>
   <trkpt lat="22.7383050" lon="120.3366460">
    <ele>20.0</ele>
    <time>2026-07-27T08:10:12Z</time>
   </trkpt>
   <trkpt lat="22.7382970" lon="120.3366600">
    <ele>20.0</ele>
    <time>2026-07-27T08:10:13Z</time>
   </trkpt>
   <trkpt lat="22.7383010" lon="120.3366680">
    <ele>20.0</ele>
    <time>2026-07-27T08:10:14Z</time>
   </trkpt>
   <trkpt lat="22.7383130" lon="120.3366770">
    <ele>20.1</ele>
    <time>2026-07-27T08:10:15Z</time>
   </trkpt>
   <trkpt lat="22.7383210" lon="120.3366830">
    <ele>20.2</ele>
    <time>2026-07-27T08:10:16Z</time>
   </trkpt>
   <trkpt lat="22.7383280" lon="120.3366890">
    <ele>20.2</ele>
    <time>2026-07-27T08:10:17Z</time>
   </trkpt>
   <trkpt lat="22.7383370" lon="120.3366940">
    <ele>20.3</ele>
    <time>2026-07-27T08:10:18Z</time>
   </trkpt>
   <trkpt lat="22.7383470" lon="120.3367030">
    <ele>20.4</ele>
    <time>2026-07-27T08:10:19Z</time>
   </trkpt>
   <trkpt lat="22.7383650" lon="120.3367140">
    <ele>20.5</ele>
    <time>2026-07-27T08:10:20Z</time>
   </trkpt>
   <trkpt lat="22.7383770" lon="120.3367240">
    <ele>20.5</ele>
    <time>2026-07-27T08:10:21Z</time>
   </trkpt>
   <trkpt lat="22.7383900" lon="120.3367340">
    <ele>20.6</ele>
    <time>2026-07-27T08:10:22Z</time>
   </trkpt>
   <trkpt lat="22.7384020" lon="120.3367410">
    <ele>20.7</ele>
    <time>2026-07-27T08:10:23Z</time>
   </trkpt>
   <trkpt lat="22.7384170" lon="120.3367530">
    <ele>20.8</ele>
    <time>2026-07-27T08:10:24Z</time>
   </trkpt>
   <trkpt lat="22.7384320" lon="120.3367630">
    <ele>20.9</ele>
    <time>2026-07-27T08:10:25Z</time>
   </trkpt>
   <trkpt lat="22.7384450" lon="120.3367700">
    <ele>21.0</ele>
    <time>2026-07-27T08:10:26Z</time>
   </trkpt>
   <trkpt lat="22.7384580" lon="120.3367790">
    <ele>21.1</ele>
    <time>2026-07-27T08:10:27Z</time>
   </trkpt>
   <trkpt lat="22.7384710" lon="120.3367890">
    <ele>21.1</ele>
    <time>2026-07-27T08:10:28Z</time>
   </trkpt>
   <trkpt lat="22.7384820" lon="120.3368050">
    <ele>21.2</ele>
    <time>2026-07-27T08:10:29Z</time>
   </trkpt>
   <trkpt lat="22.7384980" lon="120.3368160">
    <ele>21.4</ele>
    <time>2026-07-27T08:10:30Z</time>
   </trkpt>
   <trkpt lat="22.7385080" lon="120.3368240">
    <ele>21.4</ele>
    <time>2026-07-27T08:10:31Z</time>
   </trkpt>
   <trkpt lat="22.7385170" lon="120.3368300">
    <ele>21.5</ele>
    <time>2026-07-27T08:10:32Z</time>
   </trkpt>
   <trkpt lat="22.7385210" lon="120.3368300">
    <ele>21.5</ele>
    <time>2026-07-27T08:10:33Z</time>
   </trkpt>
   <trkpt lat="22.7385220" lon="120.3368330">
    <ele>21.5</ele>
    <time>2026-07-27T08:10:34Z</time>
   </trkpt>
   <trkpt lat="22.7385240" lon="120.3368400">
    <ele>21.5</ele>
    <time>2026-07-27T08:10:35Z</time>
   </trkpt>
   <trkpt lat="22.7385230" lon="120.3368440">
    <ele>21.6</ele>
    <time>2026-07-27T08:10:36Z</time>
   </trkpt>
   <trkpt lat="22.7385220" lon="120.3368460">
    <ele>21.6</ele>
    <time>2026-07-27T08:10:37Z</time>
   </trkpt>
   <trkpt lat="22.7385190" lon="120.3368470">
    <ele>21.6</ele>
    <time>2026-07-27T08:10:38Z</time>
   </trkpt>
   <trkpt lat="22.7385150" lon="120.3368500">
    <ele>21.6</ele>
    <time>2026-07-27T08:10:39Z</time>
   </trkpt>
   <trkpt lat="22.7385150" lon="120.3368540">
    <ele>21.6</ele>
    <time>2026-07-27T08:10:40Z</time>
   </trkpt>
   <trkpt lat="22.7385240" lon="120.3368670">
    <ele>21.7</ele>
    <time>2026-07-27T08:10:41Z</time>
   </trkpt>
   <trkpt lat="22.7385310" lon="120.3368650">
    <ele>21.8</ele>
    <time>2026-07-27T08:10:42Z</time>
   </trkpt>
   <trkpt lat="22.7385350" lon="120.3368700">
    <ele>21.8</ele>
    <time>2026-07-27T08:10:43Z</time>
   </trkpt>
   <trkpt lat="22.7385370" lon="120.3368770">
    <ele>21.8</ele>
    <time>2026-07-27T08:10:44Z</time>
   </trkpt>
   <trkpt lat="22.7385520" lon="120.3368790">
    <ele>21.9</ele>
    <time>2026-07-27T08:10:45Z</time>
   </trkpt>
   <trkpt lat="22.7385560" lon="120.3368830">
    <ele>21.9</ele>
    <time>2026-07-27T08:10:46Z</time>
   </trkpt>
   <trkpt lat="22.7385600" lon="120.3368890">
    <ele>22.0</ele>
    <time>2026-07-27T08:10:47Z</time>
   </trkpt>
   <trkpt lat="22.7385590" lon="120.3368880">
    <ele>22.0</ele>
    <time>2026-07-27T08:10:48Z</time>
   </trkpt>
   <trkpt lat="22.7385590" lon="120.3368870">
    <ele>22.0</ele>
    <time>2026-07-27T08:10:49Z</time>
   </trkpt>
   <trkpt lat="22.7385560" lon="120.3368850">
    <ele>22.0</ele>
    <time>2026-07-27T08:10:50Z</time>
   </trkpt>
   <trkpt lat="22.7385570" lon="120.3368840">
    <ele>22.0</ele>
    <time>2026-07-27T08:10:51Z</time>
   </trkpt>
   <trkpt lat="22.7386630" lon="120.3368350">
    <ele>22.6</ele>
    <time>2026-07-27T08:11:35Z</time>
   </trkpt>
   <trkpt lat="22.7386630" lon="120.3368320">
    <ele>22.7</ele>
    <time>2026-07-27T08:11:36Z</time>
   </trkpt>
   <trkpt lat="22.7386560" lon="120.3368380">
    <ele>22.7</ele>
    <time>2026-07-27T08:11:37Z</time>
   </trkpt>
   <trkpt lat="22.7386340" lon="120.3368380">
    <ele>22.8</ele>
    <time>2026-07-27T08:11:38Z</time>
   </trkpt>
   <trkpt lat="22.7386370" lon="120.3368370">
    <ele>22.8</ele>
    <time>2026-07-27T08:11:39Z</time>
   </trkpt>
   <trkpt lat="22.7386450" lon="120.3368400">
    <ele>22.9</ele>
    <time>2026-07-27T08:11:40Z</time>
   </trkpt>
   <trkpt lat="22.7386450" lon="120.3368400">
    <ele>22.9</ele>
    <time>2026-07-27T08:11:41Z</time>
   </trkpt>
   <trkpt lat="22.7386510" lon="120.3368430">
    <ele>22.9</ele>
    <time>2026-07-27T08:11:42Z</time>
   </trkpt>
   <trkpt lat="22.7386520" lon="120.3368440">
    <ele>22.9</ele>
    <time>2026-07-27T08:11:43Z</time>
   </trkpt>
   <trkpt lat="22.7386520" lon="120.3368410">
    <ele>22.9</ele>
    <time>2026-07-27T08:11:44Z</time>
   </trkpt>
   <trkpt lat="22.7386420" lon="120.3368370">
    <ele>23.0</ele>
    <time>2026-07-27T08:11:45Z</time>
   </trkpt>
   <trkpt lat="22.7386270" lon="120.3368230">
    <ele>23.1</ele>
    <time>2026-07-27T08:11:46Z</time>
   </trkpt>
   <trkpt lat="22.7386180" lon="120.3368220">
    <ele>23.2</ele>
    <time>2026-07-27T08:11:47Z</time>
   </trkpt>
   <trkpt lat="22.7386100" lon="120.3368170">
    <ele>23.2</ele>
    <time>2026-07-27T08:11:48Z</time>
   </trkpt>
   <trkpt lat="22.7386060" lon="120.3368110">
    <ele>23.2</ele>
    <time>2026-07-27T08:11:49Z</time>
   </trkpt>
   <trkpt lat="22.7385990" lon="120.3368050">
    <ele>23.3</ele>
    <time>2026-07-27T08:11:50Z</time>
   </trkpt>
   <trkpt lat="22.7385900" lon="120.3367970">
    <ele>23.4</ele>
    <time>2026-07-27T08:11:51Z</time>
   </trkpt>
   <trkpt lat="22.7385850" lon="120.3367930">
    <ele>23.4</ele>
    <time>2026-07-27T08:11:52Z</time>
   </trkpt>
   <trkpt lat="22.7385760" lon="120.3367910">
    <ele>23.4</ele>
    <time>2026-07-27T08:11:53Z</time>
   </trkpt>
   <trkpt lat="22.7385770" lon="120.3367950">
    <ele>23.5</ele>
    <time>2026-07-27T08:11:54Z</time>
   </trkpt>
   <trkpt lat="22.7385760" lon="120.3367850">
    <ele>23.5</ele>
    <time>2026-07-27T08:11:55Z</time>
   </trkpt>
   <trkpt lat="22.7385800" lon="120.3367810">
    <ele>23.5</ele>
    <time>2026-07-27T08:11:56Z</time>
   </trkpt>
   <trkpt lat="22.7385770" lon="120.3367700">
    <ele>23.5</ele>
    <time>2026-07-27T08:11:57Z</time>
   </trkpt>
   <trkpt lat="22.7385340" lon="120.3367870">
    <ele>22.9</ele>
    <time>2026-07-27T08:12:07Z</time>
   </trkpt>
   <trkpt lat="22.7385240" lon="120.3367720">
    <ele>22.7</ele>
    <time>2026-07-27T08:12:08Z</time>
   </trkpt>
   <trkpt lat="22.7385220" lon="120.3367680">
    <ele>22.7</ele>
    <time>2026-07-27T08:12:09Z</time>
   </trkpt>
   <trkpt lat="22.7385160" lon="120.3367780">
    <ele>22.6</ele>
    <time>2026-07-27T08:12:10Z</time>
   </trkpt>
   <trkpt lat="22.7385090" lon="120.3367840">
    <ele>22.5</ele>
    <time>2026-07-27T08:12:11Z</time>
   </trkpt>
   <trkpt lat="22.7384960" lon="120.3367840">
    <ele>22.3</ele>
    <time>2026-07-27T08:12:12Z</time>
   </trkpt>
   <trkpt lat="22.7384860" lon="120.3367740">
    <ele>22.2</ele>
    <time>2026-07-27T08:12:13Z</time>
   </trkpt>
   <trkpt lat="22.7384750" lon="120.3367710">
    <ele>22.0</ele>
    <time>2026-07-27T08:12:14Z</time>
   </trkpt>
   <trkpt lat="22.7384680" lon="120.3367650">
    <ele>21.9</ele>
    <time>2026-07-27T08:12:15Z</time>
   </trkpt>
   <trkpt lat="22.7384530" lon="120.3367570">
    <ele>21.8</ele>
    <time>2026-07-27T08:12:16Z</time>
   </trkpt>
   <trkpt lat="22.7384430" lon="120.3367540">
    <ele>21.6</ele>
    <time>2026-07-27T08:12:17Z</time>
   </trkpt>
   <trkpt lat="22.7384330" lon="120.3367460">
    <ele>21.5</ele>
    <time>2026-07-27T08:12:18Z</time>
   </trkpt>
   <trkpt lat="22.7384220" lon="120.3367390">
    <ele>21.4</ele>
    <time>2026-07-27T08:12:19Z</time>
   </trkpt>
   <trkpt lat="22.7384090" lon="120.3367340">
    <ele>21.2</ele>
    <time>2026-07-27T08:12:20Z</time>
   </trkpt>
   <trkpt lat="22.7384000" lon="120.3367280">
    <ele>21.1</ele>
    <time>2026-07-27T08:12:21Z</time>
   </trkpt>
   <trkpt lat="22.7383960" lon="120.3367200">
    <ele>21.0</ele>
    <time>2026-07-27T08:12:22Z</time>
   </trkpt>
   <trkpt lat="22.7383930" lon="120.3367220">
    <ele>21.0</ele>
    <time>2026-07-27T08:12:23Z</time>
   </trkpt>
   <trkpt lat="22.7383840" lon="120.3367310">
    <ele>20.8</ele>
    <time>2026-07-27T08:12:24Z</time>
   </trkpt>
   <trkpt lat="22.7383740" lon="120.3367440">
    <ele>20.6</ele>
    <time>2026-07-27T08:12:25Z</time>
   </trkpt>
   <trkpt lat="22.7383660" lon="120.3367460">
    <ele>20.5</ele>
    <time>2026-07-27T08:12:26Z</time>
   </trkpt>
   <trkpt lat="22.7383630" lon="120.3367440">
    <ele>20.5</ele>
    <time>2026-07-27T08:12:27Z</time>
   </trkpt>
   <trkpt lat="22.7383650" lon="120.3367430">
    <ele>20.5</ele>
    <time>2026-07-27T08:12:28Z</time>
   </trkpt>
   <trkpt lat="22.7383610" lon="120.3367440">
    <ele>20.4</ele>
    <time>2026-07-27T08:12:29Z</time>
   </trkpt>
   <trkpt lat="22.7383620" lon="120.3367460">
    <ele>20.4</ele>
    <time>2026-07-27T08:12:30Z</time>
   </trkpt>
   <trkpt lat="22.7383550" lon="120.3367520">
    <ele>20.3</ele>
    <time>2026-07-27T08:12:31Z</time>
   </trkpt>
   <trkpt lat="22.7383520" lon="120.3367470">
    <ele>20.2</ele>
    <time>2026-07-27T08:12:32Z</time>
   </trkpt>
   <trkpt lat="22.7383340" lon="120.3367580">
    <ele>20.0</ele>
    <time>2026-07-27T08:12:33Z</time>
   </trkpt>
   <trkpt lat="22.7383190" lon="120.3367620">
    <ele>20.0</ele>
    <time>2026-07-27T08:12:34Z</time>
   </trkpt>
   <trkpt lat="22.7383100" lon="120.3367650">
    <ele>20.0</ele>
    <time>2026-07-27T08:12:35Z</time>
   </trkpt>
   <trkpt lat="22.7382960" lon="120.3367690">
    <ele>20.0</ele>
    <time>2026-07-27T08:12:36Z</time>
   </trkpt>
   <trkpt lat="22.7382810" lon="120.3367710">
    <ele>20.0</ele>
    <time>2026-07-27T08:12:37Z</time>
   </trkpt>
   <trkpt lat="22.7382770" lon="120.3367700">
    <ele>20.0</ele>
    <time>2026-07-27T08:12:38Z</time>
   </trkpt>
   <trkpt lat="22.7382730" lon="120.3367660">
    <ele>20.0</ele>
    <time>2026-07-27T08:12:39Z</time>
   </trkpt>
   <trkpt lat="22.7382610" lon="120.3367610">
    <ele>20.0</ele>
    <time>2026-07-27T08:12:40Z</time>
   </trkpt>
   <trkpt lat="22.7382520" lon="120.3367640">
    <ele>20.0</ele>
    <time>2026-07-27T08:12:41Z</time>
   </trkpt>
   <trkpt lat="22.7382440" lon="120.3367610">
    <ele>20.0</ele>
    <time>2026-07-27T08:12:42Z</time>
   </trkpt>
   <trkpt lat="22.7382120" lon="120.3367620">
    <ele>20.0</ele>
    <time>2026-07-27T08:12:43Z</time>
   </trkpt>
   <trkpt lat="22.7382160" lon="120.3367590">
    <ele>20.0</ele>
    <time>2026-07-27T08:12:44Z</time>
   </trkpt>
   <trkpt lat="22.7382100" lon="120.3367560">
    <ele>20.0</ele>
    <time>2026-07-27T08:12:45Z</time>
   </trkpt>
   <trkpt lat="22.7382080" lon="120.3367620">
    <ele>20.0</ele>
    <time>2026-07-27T08:12:46Z</time>
   </trkpt>
   <trkpt lat="22.7382080" lon="120.3367620">
    <ele>20.0</ele>
    <time>2026-07-27T08:12:47Z</time>
   </trkpt>
   <trkpt lat="22.7382000" lon="120.3367640">
    <ele>20.0</ele>
    <time>2026-07-27T08:12:48Z</time>
   </trkpt>
   <trkpt lat="22.7382020" lon="120.3367610">
    <ele>20.0</ele>
    <time>2026-07-27T08:12:49Z</time>
   </trkpt>
   <trkpt lat="22.7382030" lon="120.3367430">
    <ele>20.0</ele>
    <time>2026-07-27T08:12:50Z</time>
   </trkpt>
   <trkpt lat="22.7382090" lon="120.3367380">
    <ele>20.0</ele>
    <time>2026-07-27T08:12:51Z</time>
   </trkpt>
   <trkpt lat="22.7382120" lon="120.3367430">
    <ele>20.0</ele>
    <time>2026-07-27T08:12:52Z</time>
   </trkpt>
   <trkpt lat="22.7382080" lon="120.3367440">
    <ele>20.0</ele>
    <time>2026-07-27T08:12:53Z</time>
   </trkpt>
   <trkpt lat="22.7382040" lon="120.3367430">
    <ele>20.0</ele>
    <time>2026-07-27T08:12:54Z</time>
   </trkpt>
   <trkpt lat="22.7382070" lon="120.3367420">
    <ele>20.0</ele>
    <time>2026-07-27T08:12:55Z</time>
   </trkpt>
   <trkpt lat="22.7381930" lon="120.3367490">
    <ele>20.0</ele>
    <time>2026-07-27T08:12:56Z</time>
   </trkpt>
   <trkpt lat="22.7381890" lon="120.3367630">
    <ele>20.0</ele>
    <time>2026-07-27T08:12:57Z</time>
   </trkpt>
   <trkpt lat="22.7381880" lon="120.3367670">
    <ele>20.0</ele>
    <time>2026-07-27T08:12:58Z</time>
   </trkpt>
   <trkpt lat="22.7381800" lon="120.3367710">
    <ele>20.0</ele>
    <time>2026-07-27T08:12:59Z</time>
   </trkpt>
   <trkpt lat="22.7381720" lon="120.3367750">
    <ele>20.0</ele>
    <time>2026-07-27T08:13:00Z</time>
   </trkpt>
   <trkpt lat="22.7381690" lon="120.3367840">
    <ele>20.0</ele>
    <time>2026-07-27T08:13:01Z</time>
   </trkpt>
   <trkpt lat="22.7381690" lon="120.3367870">
    <ele>20.0</ele>
    <time>2026-07-27T08:13:02Z</time>
   </trkpt>
   <trkpt lat="22.7381670" lon="120.3367910">
    <ele>20.0</ele>
    <time>2026-07-27T08:13:03Z</time>
   </trkpt>
   <trkpt lat="22.7381660" lon="120.3367900">
    <ele>20.0</ele>
    <time>2026-07-27T08:13:04Z</time>
   </trkpt>
   <trkpt lat="22.7381680" lon="120.3367920">
    <ele>20.0</ele>
    <time>2026-07-27T08:13:05Z</time>
   </trkpt>
   <trkpt lat="22.7381680" lon="120.3367980">
    <ele>20.0</ele>
    <time>2026-07-27T08:13:06Z</time>
   </trkpt>
   <trkpt lat="22.7381690" lon="120.3367950">
    <ele>20.0</ele>
    <time>2026-07-27T08:13:07Z</time>
   </trkpt>
   <trkpt lat="22.7381340" lon="120.3368270">
    <ele>20.1</ele>
    <time>2026-07-27T08:13:13Z</time>
   </trkpt>
   <trkpt lat="22.7381340" lon="120.3368350">
    <ele>20.1</ele>
    <time>2026-07-27T08:13:14Z</time>
   </trkpt>
   <trkpt lat="22.7381340" lon="120.3368390">
    <ele>20.1</ele>
    <time>2026-07-27T08:13:15Z</time>
   </trkpt>
   <trkpt lat="22.7381330" lon="120.3368530">
    <ele>20.1</ele>
    <time>2026-07-27T08:13:16Z</time>
   </trkpt>
   <trkpt lat="22.7381370" lon="120.3368600">
    <ele>20.1</ele>
    <time>2026-07-27T08:13:17Z</time>
   </trkpt>
   <trkpt lat="22.7381400" lon="120.3368650">
    <ele>20.1</ele>
    <time>2026-07-27T08:13:18Z</time>
   </trkpt>
   <trkpt lat="22.7381410" lon="120.3368680">
    <ele>20.1</ele>
    <time>2026-07-27T08:13:19Z</time>
   </trkpt>
   <trkpt lat="22.7381420" lon="120.3368810">
    <ele>20.1</ele>
    <time>2026-07-27T08:13:20Z</time>
   </trkpt>
   <trkpt lat="22.7381300" lon="120.3368830">
    <ele>20.1</ele>
    <time>2026-07-27T08:13:21Z</time>
   </trkpt>
   <trkpt lat="22.7381190" lon="120.3368950">
    <ele>20.1</ele>
    <time>2026-07-27T08:13:22Z</time>
   </trkpt>
   <trkpt lat="22.7381300" lon="120.3369040">
    <ele>20.2</ele>
    <time>2026-07-27T08:13:23Z</time>
   </trkpt>
   <trkpt lat="22.7381460" lon="120.3369100">
    <ele>20.3</ele>
    <time>2026-07-27T08:13:24Z</time>
   </trkpt>
   <trkpt lat="22.7381650" lon="120.3369240">
    <ele>20.5</ele>
    <time>2026-07-27T08:13:25Z</time>
   </trkpt>
   <trkpt lat="22.7381820" lon="120.3369330">
    <ele>20.7</ele>
    <time>2026-07-27T08:13:26Z</time>
   </trkpt>
   <trkpt lat="22.7382010" lon="120.3369420">
    <ele>20.9</ele>
    <time>2026-07-27T08:13:27Z</time>
   </trkpt>
   <trkpt lat="22.7382120" lon="120.3369520">
    <ele>21.0</ele>
    <time>2026-07-27T08:13:28Z</time>
   </trkpt>
   <trkpt lat="22.7382310" lon="120.3369660">
    <ele>21.2</ele>
    <time>2026-07-27T08:13:29Z</time>
   </trkpt>
   <trkpt lat="22.7382530" lon="120.3369810">
    <ele>21.4</ele>
    <time>2026-07-27T08:13:30Z</time>
   </trkpt>
   <trkpt lat="22.7382680" lon="120.3369960">
    <ele>21.6</ele>
    <time>2026-07-27T08:13:31Z</time>
   </trkpt>
   <trkpt lat="22.7382860" lon="120.3370180">
    <ele>21.8</ele>
    <time>2026-07-27T08:13:32Z</time>
   </trkpt>
   <trkpt lat="22.7382920" lon="120.3370300">
    <ele>21.9</ele>
    <time>2026-07-27T08:13:33Z</time>
   </trkpt>
   <trkpt lat="22.7383040" lon="120.3370380">
    <ele>22.0</ele>
    <time>2026-07-27T08:13:34Z</time>
   </trkpt>
   <trkpt lat="22.7383160" lon="120.3370540">
    <ele>22.2</ele>
    <time>2026-07-27T08:13:35Z</time>
   </trkpt>
   <trkpt lat="22.7383260" lon="120.3370640">
    <ele>22.3</ele>
    <time>2026-07-27T08:13:36Z</time>
   </trkpt>
   <trkpt lat="22.7383310" lon="120.3370710">
    <ele>22.4</ele>
    <time>2026-07-27T08:13:37Z</time>
   </trkpt>
   <trkpt lat="22.7383290" lon="120.3370720">
    <ele>22.4</ele>
    <time>2026-07-27T08:13:38Z</time>
   </trkpt>
   <trkpt lat="22.7383290" lon="120.3370760">
    <ele>22.4</ele>
    <time>2026-07-27T08:13:39Z</time>
   </trkpt>
   <trkpt lat="22.7383290" lon="120.3370780">
    <ele>22.5</ele>
    <time>2026-07-27T08:13:40Z</time>
   </trkpt>
   <trkpt lat="22.7383280" lon="120.3370830">
    <ele>22.5</ele>
    <time>2026-07-27T08:13:41Z</time>
   </trkpt>
   <trkpt lat="22.7383290" lon="120.3370840">
    <ele>22.5</ele>
    <time>2026-07-27T08:13:42Z</time>
   </trkpt>
   <trkpt lat="22.7383310" lon="120.3370860">
    <ele>22.5</ele>
    <time>2026-07-27T08:13:43Z</time>
   </trkpt>
   <trkpt lat="22.7383310" lon="120.3370880">
    <ele>22.6</ele>
    <time>2026-07-27T08:13:44Z</time>
   </trkpt>
   <trkpt lat="22.7383330" lon="120.3370920">
    <ele>22.6</ele>
    <time>2026-07-27T08:13:45Z</time>
   </trkpt>
   <trkpt lat="22.7383360" lon="120.3370990">
    <ele>22.7</ele>
    <time>2026-07-27T08:13:46Z</time>
   </trkpt>
   <trkpt lat="22.7383540" lon="120.3371150">
    <ele>22.8</ele>
    <time>2026-07-27T08:13:48Z</time>
   </trkpt>
   <trkpt lat="22.7383650" lon="120.3371220">
    <ele>23.0</ele>
    <time>2026-07-27T08:13:49Z</time>
   </trkpt>
   <trkpt lat="22.7383660" lon="120.3371280">
    <ele>23.0</ele>
    <time>2026-07-27T08:13:50Z</time>
   </trkpt>
   <trkpt lat="22.7383620" lon="120.3371310">
    <ele>23.0</ele>
    <time>2026-07-27T08:13:51Z</time>
   </trkpt>
   <trkpt lat="22.7383700" lon="120.3371290">
    <ele>23.1</ele>
    <time>2026-07-27T08:13:52Z</time>
   </trkpt>
   <trkpt lat="22.7383680" lon="120.3371320">
    <ele>23.1</ele>
    <time>2026-07-27T08:13:53Z</time>
   </trkpt>
   <trkpt lat="22.7383620" lon="120.3371350">
    <ele>23.2</ele>
    <time>2026-07-27T08:13:54Z</time>
   </trkpt>
   <trkpt lat="22.7383580" lon="120.3371450">
    <ele>23.3</ele>
    <time>2026-07-27T08:13:55Z</time>
   </trkpt>
   <trkpt lat="22.7383610" lon="120.3371450">
    <ele>23.3</ele>
    <time>2026-07-27T08:13:56Z</time>
   </trkpt>
   <trkpt lat="22.7383580" lon="120.3371490">
    <ele>23.4</ele>
    <time>2026-07-27T08:13:57Z</time>
   </trkpt>
   <trkpt lat="22.7383600" lon="120.3371500">
    <ele>23.4</ele>
    <time>2026-07-27T08:13:58Z</time>
   </trkpt>
   <trkpt lat="22.7383590" lon="120.3371540">
    <ele>23.4</ele>
    <time>2026-07-27T08:13:59Z</time>
   </trkpt>
   <trkpt lat="22.7384130" lon="120.3371920">
    <ele>24.0</ele>
    <time>2026-07-27T08:14:13Z</time>
   </trkpt>
   <trkpt lat="22.7384180" lon="120.3371850">
    <ele>24.0</ele>
    <time>2026-07-27T08:14:14Z</time>
   </trkpt>
   <trkpt lat="22.7384210" lon="120.3371820">
    <ele>24.1</ele>
    <time>2026-07-27T08:14:15Z</time>
   </trkpt>
   <trkpt lat="22.7384290" lon="120.3371840">
    <ele>24.1</ele>
    <time>2026-07-27T08:14:16Z</time>
   </trkpt>
   <trkpt lat="22.7384350" lon="120.3371890">
    <ele>24.2</ele>
    <time>2026-07-27T08:14:17Z</time>
   </trkpt>
   <trkpt lat="22.7384400" lon="120.3371910">
    <ele>24.2</ele>
    <time>2026-07-27T08:14:18Z</time>
   </trkpt>
   <trkpt lat="22.7384400" lon="120.3371920">
    <ele>24.3</ele>
    <time>2026-07-27T08:14:19Z</time>
   </trkpt>
   <trkpt lat="22.7384390" lon="120.3371920">
    <ele>24.3</ele>
    <time>2026-07-27T08:14:20Z</time>
   </trkpt>
   <trkpt lat="22.7384380" lon="120.3371920">
    <ele>24.3</ele>
    <time>2026-07-27T08:14:21Z</time>
   </trkpt>
   <trkpt lat="22.7384380" lon="120.3371930">
    <ele>24.3</ele>
    <time>2026-07-27T08:14:22Z</time>
   </trkpt>
   <trkpt lat="22.7385000" lon="120.3371850">
    <ele>24.8</ele>
    <time>2026-07-27T08:14:40Z</time>
   </trkpt>
   <trkpt lat="22.7384950" lon="120.3371700">
    <ele>24.7</ele>
    <time>2026-07-27T08:14:41Z</time>
   </trkpt>
   <trkpt lat="22.7384790" lon="120.3371710">
    <ele>24.6</ele>
    <time>2026-07-27T08:14:42Z</time>
   </trkpt>
   <trkpt lat="22.7384770" lon="120.3371750">
    <ele>24.6</ele>
    <time>2026-07-27T08:14:43Z</time>
   </trkpt>
   <trkpt lat="22.7384780" lon="120.3371850">
    <ele>24.5</ele>
    <time>2026-07-27T08:14:44Z</time>
   </trkpt>
   <trkpt lat="22.7384860" lon="120.3371860">
    <ele>24.4</ele>
    <time>2026-07-27T08:14:45Z</time>
   </trkpt>
   <trkpt lat="22.7384820" lon="120.3371910">
    <ele>24.4</ele>
    <time>2026-07-27T08:14:46Z</time>
   </trkpt>
   <trkpt lat="22.7384760" lon="120.3371930">
    <ele>24.3</ele>
    <time>2026-07-27T08:14:47Z</time>
   </trkpt>
   <trkpt lat="22.7384650" lon="120.3371770">
    <ele>24.1</ele>
    <time>2026-07-27T08:14:48Z</time>
   </trkpt>
   <trkpt lat="22.7384570" lon="120.3371630">
    <ele>24.0</ele>
    <time>2026-07-27T08:14:49Z</time>
   </trkpt>
   <trkpt lat="22.7384520" lon="120.3371440">
    <ele>23.9</ele>
    <time>2026-07-27T08:14:50Z</time>
   </trkpt>
   <trkpt lat="22.7384470" lon="120.3371370">
    <ele>23.8</ele>
    <time>2026-07-27T08:14:51Z</time>
   </trkpt>
   <trkpt lat="22.7384390" lon="120.3371210">
    <ele>23.7</ele>
    <time>2026-07-27T08:14:52Z</time>
   </trkpt>
   <trkpt lat="22.7384360" lon="120.3371100">
    <ele>23.6</ele>
    <time>2026-07-27T08:14:53Z</time>
   </trkpt>
   <trkpt lat="22.7384370" lon="120.3371060">
    <ele>23.5</ele>
    <time>2026-07-27T08:14:54Z</time>
   </trkpt>
   <trkpt lat="22.7384400" lon="120.3371030">
    <ele>23.5</ele>
    <time>2026-07-27T08:14:55Z</time>
   </trkpt>
   <trkpt lat="22.7384420" lon="120.3370950">
    <ele>23.4</ele>
    <time>2026-07-27T08:14:56Z</time>
   </trkpt>
   <trkpt lat="22.7384330" lon="120.3370960">
    <ele>23.4</ele>
    <time>2026-07-27T08:14:57Z</time>
   </trkpt>
   <trkpt lat="22.7384260" lon="120.3370900">
    <ele>23.3</ele>
    <time>2026-07-27T08:14:58Z</time>
   </trkpt>
   <trkpt lat="22.7384220" lon="120.3370750">
    <ele>23.2</ele>
    <time>2026-07-27T08:14:59Z</time>
   </trkpt>
   <trkpt lat="22.7384150" lon="120.3370670">
    <ele>23.1</ele>
    <time>2026-07-27T08:15:00Z</time>
   </trkpt>
   <trkpt lat="22.7383540" lon="120.3370480">
    <ele>22.5</ele>
    <time>2026-07-27T08:15:13Z</time>
   </trkpt>
   <trkpt lat="22.7383410" lon="120.3370480">
    <ele>22.4</ele>
    <time>2026-07-27T08:15:14Z</time>
   </trkpt>
   <trkpt lat="22.7383270" lon="120.3370440">
    <ele>22.3</ele>
    <time>2026-07-27T08:15:15Z</time>
   </trkpt>
   <trkpt lat="22.7383150" lon="120.3370430">
    <ele>22.2</ele>
    <time>2026-07-27T08:15:16Z</time>
   </trkpt>
   <trkpt lat="22.7383050" lon="120.3370370">
    <ele>22.1</ele>
    <time>2026-07-27T08:15:17Z</time>
   </trkpt>
   <trkpt lat="22.7382930" lon="120.3370310">
    <ele>22.0</ele>
    <time>2026-07-27T08:15:18Z</time>
   </trkpt>
   <trkpt lat="22.7382810" lon="120.3370270">
    <ele>21.9</ele>
    <time>2026-07-27T08:15:19Z</time>
   </trkpt>
   <trkpt lat="22.7382680" lon="120.3370230">
    <ele>21.8</ele>
    <time>2026-07-27T08:15:20Z</time>
   </trkpt>
   <trkpt lat="22.7382590" lon="120.3370160">
    <ele>21.7</ele>
    <time>2026-07-27T08:15:21Z</time>
   </trkpt>
   <trkpt lat="22.7382530" lon="120.3370070">
    <ele>21.6</ele>
    <time>2026-07-27T08:15:22Z</time>
   </trkpt>
   <trkpt lat="22.7382470" lon="120.3370040">
    <ele>21.5</ele>
    <time>2026-07-27T08:15:23Z</time>
   </trkpt>
   <trkpt lat="22.7382310" lon="120.3370050">
    <ele>21.4</ele>
    <time>2026-07-27T08:15:24Z</time>
   </trkpt>
   <trkpt lat="22.7382260" lon="120.3370120">
    <ele>21.3</ele>
    <time>2026-07-27T08:15:25Z</time>
   </trkpt>
   <trkpt lat="22.7382200" lon="120.3370110">
    <ele>21.3</ele>
    <time>2026-07-27T08:15:26Z</time>
   </trkpt>
   <trkpt lat="22.7382200" lon="120.3370080">
    <ele>21.3</ele>
    <time>2026-07-27T08:15:27Z</time>
   </trkpt>
   <trkpt lat="22.7382170" lon="120.3370020">
    <ele>21.2</ele>
    <time>2026-07-27T08:15:28Z</time>
   </trkpt>
   <trkpt lat="22.7382160" lon="120.3369990">
    <ele>21.2</ele>
    <time>2026-07-27T08:15:29Z</time>
   </trkpt>
   <trkpt lat="22.7382150" lon="120.3369980">
    <ele>21.2</ele>
    <time>2026-07-27T08:15:30Z</time>
   </trkpt>
   <trkpt lat="22.7382060" lon="120.3369970">
    <ele>21.1</ele>
    <time>2026-07-27T08:15:31Z</time>
   </trkpt>
   <trkpt lat="22.7381790" lon="120.3370190">
    <ele>20.8</ele>
    <time>2026-07-27T08:15:33Z</time>
   </trkpt>
   <trkpt lat="22.7381630" lon="120.3370120">
    <ele>20.7</ele>
    <time>2026-07-27T08:15:34Z</time>
   </trkpt>
   <trkpt lat="22.7381510" lon="120.3370100">
    <ele>20.6</ele>
    <time>2026-07-27T08:15:35Z</time>
   </trkpt>
   <trkpt lat="22.7381430" lon="120.3370060">
    <ele>20.5</ele>
    <time>2026-07-27T08:15:36Z</time>
   </trkpt>
   <trkpt lat="22.7381310" lon="120.3370060">
    <ele>20.4</ele>
    <time>2026-07-27T08:15:37Z</time>
   </trkpt>
   <trkpt lat="22.7381200" lon="120.3370100">
    <ele>20.3</ele>
    <time>2026-07-27T08:15:38Z</time>
   </trkpt>
   <trkpt lat="22.7381070" lon="120.3370190">
    <ele>20.2</ele>
    <time>2026-07-27T08:15:39Z</time>
   </trkpt>
   <trkpt lat="22.7381060" lon="120.3370160">
    <ele>20.1</ele>
    <time>2026-07-27T08:15:40Z</time>
   </trkpt>
   <trkpt lat="22.7381010" lon="120.3370140">
    <ele>20.1</ele>
    <time>2026-07-27T08:15:41Z</time>
   </trkpt>
   <trkpt lat="22.7380960" lon="120.3370110">
    <ele>20.1</ele>
    <time>2026-07-27T08:15:42Z</time>
   </trkpt>
   <trkpt lat="22.7380900" lon="120.3370060">
    <ele>20.1</ele>
    <time>2026-07-27T08:15:43Z</time>
   </trkpt>
   <trkpt lat="22.7380880" lon="120.3370030">
    <ele>20.1</ele>
    <time>2026-07-27T08:15:44Z</time>
   </trkpt>
   <trkpt lat="22.7380830" lon="120.3369960">
    <ele>20.1</ele>
    <time>2026-07-27T08:15:45Z</time>
   </trkpt>
   <trkpt lat="22.7380710" lon="120.3369940">
    <ele>20.1</ele>
    <time>2026-07-27T08:15:46Z</time>
   </trkpt>
   <trkpt lat="22.7380520" lon="120.3369910">
    <ele>20.1</ele>
    <time>2026-07-27T08:15:47Z</time>
   </trkpt>
   <trkpt lat="22.7380410" lon="120.3369940">
    <ele>20.1</ele>
    <time>2026-07-27T08:15:48Z</time>
   </trkpt>
   <trkpt lat="22.7380360" lon="120.3369930">
    <ele>20.1</ele>
    <time>2026-07-27T08:15:49Z</time>
   </trkpt>
   <trkpt lat="22.7380320" lon="120.3370010">
    <ele>20.1</ele>
    <time>2026-07-27T08:15:50Z</time>
   </trkpt>
   <trkpt lat="22.7380350" lon="120.3370040">
    <ele>20.1</ele>
    <time>2026-07-27T08:15:51Z</time>
   </trkpt>
   <trkpt lat="22.7380310" lon="120.3370010">
    <ele>20.1</ele>
    <time>2026-07-27T08:15:52Z</time>
   </trkpt>
   <trkpt lat="22.7380290" lon="120.3369990">
    <ele>20.1</ele>
    <time>2026-07-27T08:15:53Z</time>
   </trkpt>
   <trkpt lat="22.7380250" lon="120.3369990">
    <ele>20.1</ele>
    <time>2026-07-27T08:15:54Z</time>
   </trkpt>
   <trkpt lat="22.7380280" lon="120.3370010">
    <ele>20.1</ele>
    <time>2026-07-27T08:15:55Z</time>
   </trkpt>
   <trkpt lat="22.7380280" lon="120.3370020">
    <ele>20.1</ele>
    <time>2026-07-27T08:15:56Z</time>
   </trkpt>
   <trkpt lat="22.7380300" lon="120.3370080">
    <ele>20.1</ele>
    <time>2026-07-27T08:15:57Z</time>
   </trkpt>
   <trkpt lat="22.7380170" lon="120.3370200">
    <ele>20.1</ele>
    <time>2026-07-27T08:15:58Z</time>
   </trkpt>
   <trkpt lat="22.7380140" lon="120.3370300">
    <ele>20.1</ele>
    <time>2026-07-27T08:15:59Z</time>
   </trkpt>
   <trkpt lat="22.7380130" lon="120.3370410">
    <ele>20.1</ele>
    <time>2026-07-27T08:16:00Z</time>
   </trkpt>
   <trkpt lat="22.7380060" lon="120.3370510">
    <ele>20.1</ele>
    <time>2026-07-27T08:16:01Z</time>
   </trkpt>
   <trkpt lat="22.7380010" lon="120.3370540">
    <ele>20.1</ele>
    <time>2026-07-27T08:16:02Z</time>
   </trkpt>
   <trkpt lat="22.7379980" lon="120.3370630">
    <ele>20.2</ele>
    <time>2026-07-27T08:16:03Z</time>
   </trkpt>
   <trkpt lat="22.7379940" lon="120.3370720">
    <ele>20.2</ele>
    <time>2026-07-27T08:16:04Z</time>
   </trkpt>
   <trkpt lat="22.7379910" lon="120.3370780">
    <ele>20.2</ele>
    <time>2026-07-27T08:16:05Z</time>
   </trkpt>
   <trkpt lat="22.7379870" lon="120.3370910">
    <ele>20.2</ele>
    <time>2026-07-27T08:16:06Z</time>
   </trkpt>
   <trkpt lat="22.7379860" lon="120.3371020">
    <ele>20.2</ele>
    <time>2026-07-27T08:16:07Z</time>
   </trkpt>
   <trkpt lat="22.7379860" lon="120.3371030">
    <ele>20.2</ele>
    <time>2026-07-27T08:16:08Z</time>
   </trkpt>
   <trkpt lat="22.7379820" lon="120.3371050">
    <ele>20.2</ele>
    <time>2026-07-27T08:16:09Z</time>
   </trkpt>
   <trkpt lat="22.7379820" lon="120.3371080">
    <ele>20.2</ele>
    <time>2026-07-27T08:16:10Z</time>
   </trkpt>
   <trkpt lat="22.7379810" lon="120.3371100">
    <ele>20.2</ele>
    <time>2026-07-27T08:16:11Z</time>
   </trkpt>
   <trkpt lat="22.7379960" lon="120.3371600">
    <ele>20.2</ele>
    <time>2026-07-27T08:16:21Z</time>
   </trkpt>
   <trkpt lat="22.7379960" lon="120.3371660">
    <ele>20.2</ele>
    <time>2026-07-27T08:16:22Z</time>
   </trkpt>
   <trkpt lat="22.7379950" lon="120.3371730">
    <ele>20.2</ele>
    <time>2026-07-27T08:16:23Z</time>
   </trkpt>
   <trkpt lat="22.7379960" lon="120.3371820">
    <ele>20.2</ele>
    <time>2026-07-27T08:16:24Z</time>
   </trkpt>
   <trkpt lat="22.7379940" lon="120.3371850">
    <ele>20.2</ele>
    <time>2026-07-27T08:16:25Z</time>
   </trkpt>
   <trkpt lat="22.7380080" lon="120.3371960">
    <ele>20.2</ele>
    <time>2026-07-27T08:16:26Z</time>
   </trkpt>
   <trkpt lat="22.7380090" lon="120.3372020">
    <ele>20.2</ele>
    <time>2026-07-27T08:16:27Z</time>
   </trkpt>
   <trkpt lat="22.7380120" lon="120.3372090">
    <ele>20.2</ele>
    <time>2026-07-27T08:16:28Z</time>
   </trkpt>
   <trkpt lat="22.7380140" lon="120.3372170">
    <ele>20.2</ele>
    <time>2026-07-27T08:16:29Z</time>
   </trkpt>
   <trkpt lat="22.7380150" lon="120.3372200">
    <ele>20.2</ele>
    <time>2026-07-27T08:16:30Z</time>
   </trkpt>
   <trkpt lat="22.7380350" lon="120.3372130">
    <ele>20.3</ele>
    <time>2026-07-27T08:16:33Z</time>
   </trkpt>
   <trkpt lat="22.7380320" lon="120.3372170">
    <ele>20.3</ele>
    <time>2026-07-27T08:16:34Z</time>
   </trkpt>
   <trkpt lat="22.7380330" lon="120.3372210">
    <ele>20.3</ele>
    <time>2026-07-27T08:16:35Z</time>
   </trkpt>
   <trkpt lat="22.7380380" lon="120.3372220">
    <ele>20.3</ele>
    <time>2026-07-27T08:16:36Z</time>
   </trkpt>
   <trkpt lat="22.7380410" lon="120.3372280">
    <ele>20.3</ele>
    <time>2026-07-27T08:16:37Z</time>
   </trkpt>
   <trkpt lat="22.7380570" lon="120.3372350">
    <ele>20.3</ele>
    <time>2026-07-27T08:16:38Z</time>
   </trkpt>
   <trkpt lat="22.7380700" lon="120.3372320">
    <ele>20.3</ele>
    <time>2026-07-27T08:16:39Z</time>
   </trkpt>
   <trkpt lat="22.7380840" lon="120.3372430">
    <ele>20.3</ele>
    <time>2026-07-27T08:16:40Z</time>
   </trkpt>
   <trkpt lat="22.7380850" lon="120.3372410">
    <ele>20.3</ele>
    <time>2026-07-27T08:16:41Z</time>
   </trkpt>
   <trkpt lat="22.7380940" lon="120.3372450">
    <ele>20.3</ele>
    <time>2026-07-27T08:16:42Z</time>
   </trkpt>
   <trkpt lat="22.7381760" lon="120.3370870">
    <ele>20.2</ele>
    <time>2026-07-27T08:17:08Z</time>
   </trkpt>
   <trkpt lat="22.7381640" lon="120.3370650">
    <ele>20.1</ele>
    <time>2026-07-27T08:17:11Z</time>
   </trkpt>
   <trkpt lat="22.7381640" lon="120.3370640">
    <ele>20.1</ele>
    <time>2026-07-27T08:17:12Z</time>
   </trkpt>
   <trkpt lat="22.7381710" lon="120.3370560">
    <ele>20.1</ele>
    <time>2026-07-27T08:17:13Z</time>
   </trkpt>
   <trkpt lat="22.7381730" lon="120.3370450">
    <ele>20.1</ele>
    <time>2026-07-27T08:17:14Z</time>
   </trkpt>
   <trkpt lat="22.7381750" lon="120.3370360">
    <ele>20.1</ele>
    <time>2026-07-27T08:17:15Z</time>
   </trkpt>
   <trkpt lat="22.7381830" lon="120.3370360">
    <ele>20.1</ele>
    <time>2026-07-27T08:17:16Z</time>
   </trkpt>
   <trkpt lat="22.7381860" lon="120.3370240">
    <ele>20.1</ele>
    <time>2026-07-27T08:17:17Z</time>
   </trkpt>
   <trkpt lat="22.7381890" lon="120.3370210">
    <ele>20.1</ele>
    <time>2026-07-27T08:17:18Z</time>
   </trkpt>
   <trkpt lat="22.7381920" lon="120.3370130">
    <ele>20.1</ele>
    <time>2026-07-27T08:17:19Z</time>
   </trkpt>
   <trkpt lat="22.7381960" lon="120.3369980">
    <ele>20.1</ele>
    <time>2026-07-27T08:17:20Z</time>
   </trkpt>
   <trkpt lat="22.7381960" lon="120.3369880">
    <ele>20.1</ele>
    <time>2026-07-27T08:17:21Z</time>
   </trkpt>
   <trkpt lat="22.7381920" lon="120.3369800">
    <ele>20.1</ele>
    <time>2026-07-27T08:17:22Z</time>
   </trkpt>
   <trkpt lat="22.7382000" lon="120.3369610">
    <ele>20.1</ele>
    <time>2026-07-27T08:17:23Z</time>
   </trkpt>
   <trkpt lat="22.7382050" lon="120.3369490">
    <ele>20.1</ele>
    <time>2026-07-27T08:17:24Z</time>
   </trkpt>
   <trkpt lat="22.7382090" lon="120.3369390">
    <ele>20.1</ele>
    <time>2026-07-27T08:17:25Z</time>
   </trkpt>
   <trkpt lat="22.7382170" lon="120.3369260">
    <ele>20.1</ele>
    <time>2026-07-27T08:17:26Z</time>
   </trkpt>
   <trkpt lat="22.7382180" lon="120.3369060">
    <ele>20.1</ele>
    <time>2026-07-27T08:17:27Z</time>
   </trkpt>
   <trkpt lat="22.7382240" lon="120.3368980">
    <ele>20.1</ele>
    <time>2026-07-27T08:17:28Z</time>
   </trkpt>
   <trkpt lat="22.7382220" lon="120.3368880">
    <ele>20.1</ele>
    <time>2026-07-27T08:17:29Z</time>
   </trkpt>
   <trkpt lat="22.7382290" lon="120.3368770">
    <ele>20.1</ele>
    <time>2026-07-27T08:17:30Z</time>
   </trkpt>
   <trkpt lat="22.7382370" lon="120.3368600">
    <ele>20.1</ele>
    <time>2026-07-27T08:17:31Z</time>
   </trkpt>
   <trkpt lat="22.7382430" lon="120.3368480">
    <ele>20.1</ele>
    <time>2026-07-27T08:17:32Z</time>
   </trkpt>
   <trkpt lat="22.7382480" lon="120.3368390">
    <ele>20.1</ele>
    <time>2026-07-27T08:17:33Z</time>
   </trkpt>
   <trkpt lat="22.7382530" lon="120.3368310">
    <ele>20.1</ele>
    <time>2026-07-27T08:17:34Z</time>
   </trkpt>
   <trkpt lat="22.7382570" lon="120.3368200">
    <ele>20.1</ele>
    <time>2026-07-27T08:17:35Z</time>
   </trkpt>
   <trkpt lat="22.7382620" lon="120.3368110">
    <ele>20.0</ele>
    <time>2026-07-27T08:17:36Z</time>
   </trkpt>
   <trkpt lat="22.7382690" lon="120.3368020">
    <ele>20.0</ele>
    <time>2026-07-27T08:17:37Z</time>
   </trkpt>
   <trkpt lat="22.7382730" lon="120.3367940">
    <ele>20.0</ele>
    <time>2026-07-27T08:17:38Z</time>
   </trkpt>
   <trkpt lat="22.7382800" lon="120.3367760">
    <ele>20.0</ele>
    <time>2026-07-27T08:17:39Z</time>
   </trkpt>
   <trkpt lat="22.7382850" lon="120.3367660">
    <ele>20.0</ele>
    <time>2026-07-27T08:17:40Z</time>
   </trkpt>
   <trkpt lat="22.7382870" lon="120.3367640">
    <ele>20.0</ele>
    <time>2026-07-27T08:17:41Z</time>
   </trkpt>
   <trkpt lat="22.7382950" lon="120.3367480">
    <ele>20.0</ele>
    <time>2026-07-27T08:17:42Z</time>
   </trkpt>
   <trkpt lat="22.7383050" lon="120.3367350">
    <ele>20.0</ele>
    <time>2026-07-27T08:17:43Z</time>
   </trkpt>
   <trkpt lat="22.7383100" lon="120.3367230">
    <ele>20.0</ele>
    <time>2026-07-27T08:17:44Z</time>
   </trkpt>
   <trkpt lat="22.7383190" lon="120.3367140">
    <ele>20.0</ele>
    <time>2026-07-27T08:17:45Z</time>
   </trkpt>
   <trkpt lat="22.7383220" lon="120.3367030">
    <ele>20.0</ele>
    <time>2026-07-27T08:17:46Z</time>
   </trkpt>
   <trkpt lat="22.7383200" lon="120.3366950">
    <ele>20.0</ele>
    <time>2026-07-27T08:17:47Z</time>
   </trkpt>
   <trkpt lat="22.7383180" lon="120.3366920">
    <ele>20.0</ele>
    <time>2026-07-27T08:17:48Z</time>
   </trkpt>
   <trkpt lat="22.7383130" lon="120.3366960">
    <ele>20.0</ele>
    <time>2026-07-27T08:17:49Z</time>
   </trkpt>
   <trkpt lat="22.7383110" lon="120.3366980">
    <ele>20.0</ele>
    <time>2026-07-27T08:17:50Z</time>
   </trkpt>
   <trkpt lat="22.7383140" lon="120.3366970">
    <ele>20.0</ele>
    <time>2026-07-27T08:17:51Z</time>
   </trkpt>
   <trkpt lat="22.7383170" lon="120.3366970">
    <ele>20.0</ele>
    <time>2026-07-27T08:17:52Z</time>
   </trkpt>
   <trkpt lat="22.7383170" lon="120.3366970">
    <ele>20.0</ele>
    <time>2026-07-27T08:17:53Z</time>
   </trkpt>
   <trkpt lat="22.7383170" lon="120.3366970">
    <ele>20.0</ele>
    <time>2026-07-27T08:17:54Z</time>
   </trkpt>
   <trkpt lat="22.7383170" lon="120.3366970">
    <ele>20.0</ele>
    <time>2026-07-27T08:17:55Z</time>
   </trkpt>
   <trkpt lat="22.7383300" lon="120.3366950">
    <ele>20.0</ele>
    <time>2026-07-27T08:17:56Z</time>
   </trkpt>
   <trkpt lat="22.7383310" lon="120.3366930">
    <ele>20.0</ele>
    <time>2026-07-27T08:17:57Z</time>
   </trkpt>
   <trkpt lat="22.7382700" lon="120.3367290">
    <ele>20.0</ele>
    <time>2026-07-27T08:18:15Z</time>
   </trkpt>
   <trkpt lat="22.7382660" lon="120.3367300">
    <ele>20.0</ele>
    <time>2026-07-27T08:18:16Z</time>
   </trkpt>
   <trkpt lat="22.7382640" lon="120.3367330">
    <ele>20.0</ele>
    <time>2026-07-27T08:18:17Z</time>
   </trkpt>
   <trkpt lat="22.7382570" lon="120.3367460">
    <ele>20.0</ele>
    <time>2026-07-27T08:18:18Z</time>
   </trkpt>
   <trkpt lat="22.7382490" lon="120.3367530">
    <ele>20.0</ele>
    <time>2026-07-27T08:18:19Z</time>
   </trkpt>
   <trkpt lat="22.7382440" lon="120.3367640">
    <ele>20.0</ele>
    <time>2026-07-27T08:18:20Z</time>
   </trkpt>
   <trkpt lat="22.7382410" lon="120.3367650">
    <ele>20.0</ele>
    <time>2026-07-27T08:18:21Z</time>
   </trkpt>
   <trkpt lat="22.7382410" lon="120.3367610">
    <ele>20.0</ele>
    <time>2026-07-27T08:18:22Z</time>
   </trkpt>
   <trkpt lat="22.7382470" lon="120.3367640">
    <ele>20.0</ele>
    <time>2026-07-27T08:18:23Z</time>
   </trkpt>
   <trkpt lat="22.7382470" lon="120.3367530">
    <ele>20.0</ele>
    <time>2026-07-27T08:18:24Z</time>
   </trkpt>
   <trkpt lat="22.7382540" lon="120.3367470">
    <ele>20.0</ele>
    <time>2026-07-27T08:18:25Z</time>
   </trkpt>
   <trkpt lat="22.7382570" lon="120.3367500">
    <ele>20.0</ele>
    <time>2026-07-27T08:18:26Z</time>
   </trkpt>
   <trkpt lat="22.7382610" lon="120.3367540">
    <ele>20.0</ele>
    <time>2026-07-27T08:18:27Z</time>
   </trkpt>
   <trkpt lat="22.7382680" lon="120.3367570">
    <ele>20.0</ele>
    <time>2026-07-27T08:18:28Z</time>
   </trkpt>
   <trkpt lat="22.7382790" lon="120.3367570">
    <ele>20.0</ele>
    <time>2026-07-27T08:18:29Z</time>
   </trkpt>
   <trkpt lat="22.7382820" lon="120.3367640">
    <ele>20.0</ele>
    <time>2026-07-27T08:18:30Z</time>
   </trkpt>
   <trkpt lat="22.7382740" lon="120.3368170">
    <ele>20.0</ele>
    <time>2026-07-27T08:18:34Z</time>
   </trkpt>
   <trkpt lat="22.7382750" lon="120.3368240">
    <ele>20.0</ele>
    <time>2026-07-27T08:18:35Z</time>
   </trkpt>
   <trkpt lat="22.7382720" lon="120.3368290">
    <ele>20.0</ele>
    <time>2026-07-27T08:18:36Z</time>
   </trkpt>
   <trkpt lat="22.7382750" lon="120.3368300">
    <ele>20.0</ele>
    <time>2026-07-27T08:18:37Z</time>
   </trkpt>
   <trkpt lat="22.7382730" lon="120.3368320">
    <ele>20.0</ele>
    <time>2026-07-27T08:18:38Z</time>
   </trkpt>
   <trkpt lat="22.7382760" lon="120.3368350">
    <ele>20.0</ele>
    <time>2026-07-27T08:18:39Z</time>
   </trkpt>
   <trkpt lat="22.7382640" lon="120.3368380">
    <ele>20.0</ele>
    <time>2026-07-27T08:18:40Z</time>
   </trkpt>
   <trkpt lat="22.7382640" lon="120.3368430">
    <ele>20.0</ele>
    <time>2026-07-27T08:18:41Z</time>
   </trkpt>
   <trkpt lat="22.7382600" lon="120.3368510">
    <ele>20.0</ele>
    <time>2026-07-27T08:18:42Z</time>
   </trkpt>
   <trkpt lat="22.7382510" lon="120.3368570">
    <ele>20.1</ele>
    <time>2026-07-27T08:18:43Z</time>
   </trkpt>
   <trkpt lat="22.7382450" lon="120.3368660">
    <ele>20.1</ele>
    <time>2026-07-27T08:18:44Z</time>
   </trkpt>
   <trkpt lat="22.7382340" lon="120.3368780">
    <ele>20.1</ele>
    <time>2026-07-27T08:18:45Z</time>
   </trkpt>
   <trkpt lat="22.7382270" lon="120.3368970">
    <ele>20.1</ele>
    <time>2026-07-27T08:18:46Z</time>
   </trkpt>
   <trkpt lat="22.7382180" lon="120.3369160">
    <ele>20.1</ele>
    <time>2026-07-27T08:18:47Z</time>
   </trkpt>
   <trkpt lat="22.7382070" lon="120.3369200">
    <ele>20.1</ele>
    <time>2026-07-27T08:18:48Z</time>
   </trkpt>
   <trkpt lat="22.7381950" lon="120.3369300">
    <ele>20.1</ele>
    <time>2026-07-27T08:18:49Z</time>
   </trkpt>
   <trkpt lat="22.7381860" lon="120.3369310">
    <ele>20.4</ele>
    <time>2026-07-27T08:18:50Z</time>
   </trkpt>
   <trkpt lat="22.7381790" lon="120.3369240">
    <ele>20.7</ele>
    <time>2026-07-27T08:18:51Z</time>
   </trkpt>
   <trkpt lat="22.7381660" lon="120.3369120">
    <ele>21.2</ele>
    <time>2026-07-27T08:18:52Z</time>
   </trkpt>
   <trkpt lat="22.7381570" lon="120.3369050">
    <ele>21.5</ele>
    <time>2026-07-27T08:18:53Z</time>
   </trkpt>
   <trkpt lat="22.7381510" lon="120.3369050">
    <ele>21.7</ele>
    <time>2026-07-27T08:18:54Z</time>
   </trkpt>
   <trkpt lat="22.7381400" lon="120.3369070">
    <ele>22.1</ele>
    <time>2026-07-27T08:18:55Z</time>
   </trkpt>
   <trkpt lat="22.7381240" lon="120.3369010">
    <ele>22.6</ele>
    <time>2026-07-27T08:18:56Z</time>
   </trkpt>
   <trkpt lat="22.7381110" lon="120.3368960">
    <ele>23.1</ele>
    <time>2026-07-27T08:18:57Z</time>
   </trkpt>
   <trkpt lat="22.7381000" lon="120.3368920">
    <ele>23.4</ele>
    <time>2026-07-27T08:18:58Z</time>
   </trkpt>
   <trkpt lat="22.7380900" lon="120.3368890">
    <ele>23.8</ele>
    <time>2026-07-27T08:18:59Z</time>
   </trkpt>
   <trkpt lat="22.7380840" lon="120.3368880">
    <ele>23.9</ele>
    <time>2026-07-27T08:19:00Z</time>
   </trkpt>
   <trkpt lat="22.7380720" lon="120.3368830">
    <ele>24.4</ele>
    <time>2026-07-27T08:19:01Z</time>
   </trkpt>
   <trkpt lat="22.7380590" lon="120.3368760">
    <ele>24.8</ele>
    <time>2026-07-27T08:19:02Z</time>
   </trkpt>
   <trkpt lat="22.7380480" lon="120.3368790">
    <ele>25.2</ele>
    <time>2026-07-27T08:19:03Z</time>
   </trkpt>
   <trkpt lat="22.7380400" lon="120.3368730">
    <ele>25.5</ele>
    <time>2026-07-27T08:19:04Z</time>
   </trkpt>
   <trkpt lat="22.7380370" lon="120.3368610">
    <ele>25.8</ele>
    <time>2026-07-27T08:19:05Z</time>
   </trkpt>
   <trkpt lat="22.7380170" lon="120.3368450">
    <ele>26.6</ele>
    <time>2026-07-27T08:19:06Z</time>
   </trkpt>
   <trkpt lat="22.7380150" lon="120.3368530">
    <ele>26.9</ele>
    <time>2026-07-27T08:19:07Z</time>
   </trkpt>
   <trkpt lat="22.7380040" lon="120.3368580">
    <ele>27.2</ele>
    <time>2026-07-27T08:19:08Z</time>
   </trkpt>
   <trkpt lat="22.7380020" lon="120.3368560">
    <ele>27.3</ele>
    <time>2026-07-27T08:19:09Z</time>
   </trkpt>
   <trkpt lat="22.7380010" lon="120.3368620">
    <ele>27.5</ele>
    <time>2026-07-27T08:19:10Z</time>
   </trkpt>
   <trkpt lat="22.7379960" lon="120.3368600">
    <ele>27.7</ele>
    <time>2026-07-27T08:19:11Z</time>
   </trkpt>
   <trkpt lat="22.7379950" lon="120.3368600">
    <ele>27.7</ele>
    <time>2026-07-27T08:19:12Z</time>
   </trkpt>
   <trkpt lat="22.7379870" lon="120.3368580">
    <ele>28.0</ele>
    <time>2026-07-27T08:19:13Z</time>
   </trkpt>
   <trkpt lat="22.7379790" lon="120.3368570">
    <ele>28.2</ele>
    <time>2026-07-27T08:19:14Z</time>
   </trkpt>
   <trkpt lat="22.7379730" lon="120.3368530">
    <ele>28.4</ele>
    <time>2026-07-27T08:19:15Z</time>
   </trkpt>
   <trkpt lat="22.7379680" lon="120.3368450">
    <ele>28.7</ele>
    <time>2026-07-27T08:19:16Z</time>
   </trkpt>
   <trkpt lat="22.7379200" lon="120.3368240">
    <ele>30.4</ele>
    <time>2026-07-27T08:19:29Z</time>
   </trkpt>
   <trkpt lat="22.7379160" lon="120.3368230">
    <ele>30.5</ele>
    <time>2026-07-27T08:19:30Z</time>
   </trkpt>
   <trkpt lat="22.7379200" lon="120.3368220">
    <ele>30.6</ele>
    <time>2026-07-27T08:19:31Z</time>
   </trkpt>
   <trkpt lat="22.7379190" lon="120.3368240">
    <ele>30.7</ele>
    <time>2026-07-27T08:19:32Z</time>
   </trkpt>
   <trkpt lat="22.7379110" lon="120.3368240">
    <ele>30.9</ele>
    <time>2026-07-27T08:19:33Z</time>
   </trkpt>
   <trkpt lat="22.7379100" lon="120.3368200">
    <ele>31.1</ele>
    <time>2026-07-27T08:19:34Z</time>
   </trkpt>
   <trkpt lat="22.7379090" lon="120.3368130">
    <ele>31.3</ele>
    <time>2026-07-27T08:19:35Z</time>
   </trkpt>
   <trkpt lat="22.7379090" lon="120.3368110">
    <ele>31.3</ele>
    <time>2026-07-27T08:19:36Z</time>
   </trkpt>
   <trkpt lat="22.7379090" lon="120.3368070">
    <ele>31.4</ele>
    <time>2026-07-27T08:19:37Z</time>
   </trkpt>
   <trkpt lat="22.7379070" lon="120.3368030">
    <ele>31.6</ele>
    <time>2026-07-27T08:19:39Z</time>
   </trkpt>
   <trkpt lat="22.7378970" lon="120.3367990">
    <ele>31.9</ele>
    <time>2026-07-27T08:21:05Z</time>
   </trkpt>
   <trkpt lat="22.7378830" lon="120.3368010">
    <ele>32.4</ele>
    <time>2026-07-27T08:21:06Z</time>
   </trkpt>
   <trkpt lat="22.7378750" lon="120.3368020">
    <ele>32.6</ele>
    <time>2026-07-27T08:21:07Z</time>
   </trkpt>
   <trkpt lat="22.7378710" lon="120.3368060">
    <ele>33.0</ele>
    <time>2026-07-27T08:21:08Z</time>
   </trkpt>
   <trkpt lat="22.7378680" lon="120.3368150">
    <ele>32.9</ele>
    <time>2026-07-27T08:21:09Z</time>
   </trkpt>
   <trkpt lat="22.7378690" lon="120.3368200">
    <ele>32.8</ele>
    <time>2026-07-27T08:21:10Z</time>
   </trkpt>
   <trkpt lat="22.7378580" lon="120.3368230">
    <ele>32.7</ele>
    <time>2026-07-27T08:21:11Z</time>
   </trkpt>
   <trkpt lat="22.7378560" lon="120.3368260">
    <ele>32.7</ele>
    <time>2026-07-27T08:21:12Z</time>
   </trkpt>
   <trkpt lat="22.7378590" lon="120.3368310">
    <ele>32.6</ele>
    <time>2026-07-27T08:21:13Z</time>
   </trkpt>
   <trkpt lat="22.7378640" lon="120.3368310">
    <ele>32.6</ele>
    <time>2026-07-27T08:21:14Z</time>
   </trkpt>
   <trkpt lat="22.7378540" lon="120.3368340">
    <ele>32.4</ele>
    <time>2026-07-27T08:21:15Z</time>
   </trkpt>
   <trkpt lat="22.7377720" lon="120.3370820">
    <ele>29.7</ele>
    <time>2026-07-27T08:22:03Z</time>
   </trkpt>
   <trkpt lat="22.7377650" lon="120.3370940">
    <ele>29.6</ele>
    <time>2026-07-27T08:22:04Z</time>
   </trkpt>
   <trkpt lat="22.7377700" lon="120.3370930">
    <ele>29.5</ele>
    <time>2026-07-27T08:22:05Z</time>
   </trkpt>
   <trkpt lat="22.7377670" lon="120.3370930">
    <ele>29.5</ele>
    <time>2026-07-27T08:22:06Z</time>
   </trkpt>
   <trkpt lat="22.7377670" lon="120.3370930">
    <ele>29.5</ele>
    <time>2026-07-27T08:22:07Z</time>
   </trkpt>
   <trkpt lat="22.7377640" lon="120.3370940">
    <ele>29.5</ele>
    <time>2026-07-27T08:22:08Z</time>
   </trkpt>
   <trkpt lat="22.7377650" lon="120.3370890">
    <ele>29.4</ele>
    <time>2026-07-27T08:22:09Z</time>
   </trkpt>
   <trkpt lat="22.7377620" lon="120.3370910">
    <ele>29.4</ele>
    <time>2026-07-27T08:22:10Z</time>
   </trkpt>
   <trkpt lat="22.7377670" lon="120.3370960">
    <ele>29.3</ele>
    <time>2026-07-27T08:22:11Z</time>
   </trkpt>
   <trkpt lat="22.7377720" lon="120.3371020">
    <ele>29.2</ele>
    <time>2026-07-27T08:22:12Z</time>
   </trkpt>
   <trkpt lat="22.7377720" lon="120.3371050">
    <ele>29.2</ele>
    <time>2026-07-27T08:22:13Z</time>
   </trkpt>
   <trkpt lat="22.7377380" lon="120.3370300">
    <ele>28.3</ele>
    <time>2026-07-27T08:22:29Z</time>
   </trkpt>
   <trkpt lat="22.7377340" lon="120.3370130">
    <ele>28.2</ele>
    <time>2026-07-27T08:22:30Z</time>
   </trkpt>
   <trkpt lat="22.7377380" lon="120.3369950">
    <ele>28.0</ele>
    <time>2026-07-27T08:22:31Z</time>
   </trkpt>
   <trkpt lat="22.7377430" lon="120.3369810">
    <ele>28.2</ele>
    <time>2026-07-27T08:22:32Z</time>
   </trkpt>
   <trkpt lat="22.7377470" lon="120.3369750">
    <ele>28.3</ele>
    <time>2026-07-27T08:22:33Z</time>
   </trkpt>
   <trkpt lat="22.7377540" lon="120.3369710">
    <ele>28.5</ele>
    <time>2026-07-27T08:22:34Z</time>
   </trkpt>
   <trkpt lat="22.7377620" lon="120.3369620">
    <ele>28.7</ele>
    <time>2026-07-27T08:22:35Z</time>
   </trkpt>
   <trkpt lat="22.7377710" lon="120.3369560">
    <ele>28.9</ele>
    <time>2026-07-27T08:22:36Z</time>
   </trkpt>
   <trkpt lat="22.7377790" lon="120.3369430">
    <ele>29.2</ele>
    <time>2026-07-27T08:22:37Z</time>
   </trkpt>
   <trkpt lat="22.7377840" lon="120.3369340">
    <ele>29.4</ele>
    <time>2026-07-27T08:22:38Z</time>
   </trkpt>
   <trkpt lat="22.7377910" lon="120.3369310">
    <ele>29.5</ele>
    <time>2026-07-27T08:22:39Z</time>
   </trkpt>
   <trkpt lat="22.7377950" lon="120.3369210">
    <ele>29.7</ele>
    <time>2026-07-27T08:22:40Z</time>
   </trkpt>
   <trkpt lat="22.7378030" lon="120.3369070">
    <ele>30.0</ele>
    <time>2026-07-27T08:22:41Z</time>
   </trkpt>
   <trkpt lat="22.7378160" lon="120.3368920">
    <ele>30.4</ele>
    <time>2026-07-27T08:22:42Z</time>
   </trkpt>
   <trkpt lat="22.7378240" lon="120.3368810">
    <ele>30.6</ele>
    <time>2026-07-27T08:22:43Z</time>
   </trkpt>
   <trkpt lat="22.7378280" lon="120.3368720">
    <ele>30.8</ele>
    <time>2026-07-27T08:22:44Z</time>
   </trkpt>
   <trkpt lat="22.7378360" lon="120.3368560">
    <ele>31.2</ele>
    <time>2026-07-27T08:22:45Z</time>
   </trkpt>
   <trkpt lat="22.7378420" lon="120.3368370">
    <ele>31.5</ele>
    <time>2026-07-27T08:22:46Z</time>
   </trkpt>
   <trkpt lat="22.7378520" lon="120.3368280">
    <ele>31.8</ele>
    <time>2026-07-27T08:22:47Z</time>
   </trkpt>
   <trkpt lat="22.7378580" lon="120.3368150">
    <ele>32.0</ele>
    <time>2026-07-27T08:22:48Z</time>
   </trkpt>
   <trkpt lat="22.7378690" lon="120.3368010">
    <ele>32.4</ele>
    <time>2026-07-27T08:22:49Z</time>
   </trkpt>
   <trkpt lat="22.7378760" lon="120.3367920">
    <ele>32.6</ele>
    <time>2026-07-27T08:22:50Z</time>
   </trkpt>
   <trkpt lat="22.7378810" lon="120.3367810">
    <ele>32.8</ele>
    <time>2026-07-27T08:22:51Z</time>
   </trkpt>
   <trkpt lat="22.7378770" lon="120.3367810">
    <ele>32.9</ele>
    <time>2026-07-27T08:22:52Z</time>
   </trkpt>
   <trkpt lat="22.7378820" lon="120.3367750">
    <ele>33.0</ele>
    <time>2026-07-27T08:22:53Z</time>
   </trkpt>
   <trkpt lat="22.7378930" lon="120.3367730">
    <ele>32.5</ele>
    <time>2026-07-27T08:22:54Z</time>
   </trkpt>
   <trkpt lat="22.7379130" lon="120.3367820">
    <ele>31.6</ele>
    <time>2026-07-27T08:22:55Z</time>
   </trkpt>
   <trkpt lat="22.7379310" lon="120.3367960">
    <ele>30.7</ele>
    <time>2026-07-27T08:22:56Z</time>
   </trkpt>
   <trkpt lat="22.7379480" lon="120.3368080">
    <ele>29.8</ele>
    <time>2026-07-27T08:22:57Z</time>
   </trkpt>
   <trkpt lat="22.7379620" lon="120.3368180">
    <ele>29.1</ele>
    <time>2026-07-27T08:22:58Z</time>
   </trkpt>
   <trkpt lat="22.7379730" lon="120.3368300">
    <ele>28.4</ele>
    <time>2026-07-27T08:22:59Z</time>
   </trkpt>
   <trkpt lat="22.7379840" lon="120.3368370">
    <ele>27.9</ele>
    <time>2026-07-27T08:23:00Z</time>
   </trkpt>
   <trkpt lat="22.7379990" lon="120.3368450">
    <ele>27.1</ele>
    <time>2026-07-27T08:23:01Z</time>
   </trkpt>
   <trkpt lat="22.7380080" lon="120.3368540">
    <ele>26.6</ele>
    <time>2026-07-27T08:23:02Z</time>
   </trkpt>
   <trkpt lat="22.7380150" lon="120.3368640">
    <ele>26.1</ele>
    <time>2026-07-27T08:23:03Z</time>
   </trkpt>
   <trkpt lat="22.7380240" lon="120.3368710">
    <ele>25.6</ele>
    <time>2026-07-27T08:23:04Z</time>
   </trkpt>
   <trkpt lat="22.7380350" lon="120.3368790">
    <ele>25.1</ele>
    <time>2026-07-27T08:23:05Z</time>
   </trkpt>
   <trkpt lat="22.7380460" lon="120.3368900">
    <ele>24.4</ele>
    <time>2026-07-27T08:23:06Z</time>
   </trkpt>
   <trkpt lat="22.7380570" lon="120.3369010">
    <ele>23.8</ele>
    <time>2026-07-27T08:23:07Z</time>
   </trkpt>
   <trkpt lat="22.7380680" lon="120.3369070">
    <ele>23.3</ele>
    <time>2026-07-27T08:23:08Z</time>
   </trkpt>
   <trkpt lat="22.7380770" lon="120.3369150">
    <ele>22.8</ele>
    <time>2026-07-27T08:23:09Z</time>
   </trkpt>
   <trkpt lat="22.7380890" lon="120.3369200">
    <ele>22.2</ele>
    <time>2026-07-27T08:23:10Z</time>
   </trkpt>
   <trkpt lat="22.7381030" lon="120.3369250">
    <ele>21.6</ele>
    <time>2026-07-27T08:23:11Z</time>
   </trkpt>
   <trkpt lat="22.7381140" lon="120.3369310">
    <ele>21.0</ele>
    <time>2026-07-27T08:23:12Z</time>
   </trkpt>
   <trkpt lat="22.7381260" lon="120.3369390">
    <ele>20.4</ele>
    <time>2026-07-27T08:23:13Z</time>
   </trkpt>
   <trkpt lat="22.7381320" lon="120.3369420">
    <ele>20.2</ele>
    <time>2026-07-27T08:23:14Z</time>
   </trkpt>
   <trkpt lat="22.7381380" lon="120.3369350">
    <ele>20.1</ele>
    <time>2026-07-27T08:23:15Z</time>
   </trkpt>
   <trkpt lat="22.7381550" lon="120.3369400">
    <ele>20.1</ele>
    <time>2026-07-27T08:23:16Z</time>
   </trkpt>
   <trkpt lat="22.7381690" lon="120.3369370">
    <ele>20.1</ele>
    <time>2026-07-27T08:23:17Z</time>
   </trkpt>
   <trkpt lat="22.7381820" lon="120.3369240">
    <ele>20.1</ele>
    <time>2026-07-27T08:23:18Z</time>
   </trkpt>
   <trkpt lat="22.7381910" lon="120.3369150">
    <ele>20.1</ele>
    <time>2026-07-27T08:23:19Z</time>
   </trkpt>
   <trkpt lat="22.7382000" lon="120.3369080">
    <ele>20.1</ele>
    <time>2026-07-27T08:23:20Z</time>
   </trkpt>
   <trkpt lat="22.7382060" lon="120.3368950">
    <ele>20.1</ele>
    <time>2026-07-27T08:23:21Z</time>
   </trkpt>
   <trkpt lat="22.7382190" lon="120.3368830">
    <ele>20.0</ele>
    <time>2026-07-27T08:23:22Z</time>
   </trkpt>
   <trkpt lat="22.7382280" lon="120.3368680">
    <ele>20.0</ele>
    <time>2026-07-27T08:23:23Z</time>
   </trkpt>
   <trkpt lat="22.7382370" lon="120.3368540">
    <ele>20.0</ele>
    <time>2026-07-27T08:23:24Z</time>
   </trkpt>
   <trkpt lat="22.7382420" lon="120.3368390">
    <ele>20.0</ele>
    <time>2026-07-27T08:23:25Z</time>
   </trkpt>
   <trkpt lat="22.7382490" lon="120.3368300">
    <ele>20.0</ele>
    <time>2026-07-27T08:23:26Z</time>
   </trkpt>
   <trkpt lat="22.7382540" lon="120.3368230">
    <ele>20.0</ele>
    <time>2026-07-27T08:23:27Z</time>
   </trkpt>
   <trkpt lat="22.7382600" lon="120.3368130">
    <ele>20.0</ele>
    <time>2026-07-27T08:23:28Z</time>
   </trkpt>
   <trkpt lat="22.7382670" lon="120.3367960">
    <ele>20.0</ele>
    <time>2026-07-27T08:23:29Z</time>
   </trkpt>
   <trkpt lat="22.7382730" lon="120.3367760">
    <ele>20.0</ele>
    <time>2026-07-27T08:23:30Z</time>
   </trkpt>
   <trkpt lat="22.7382690" lon="120.3367720">
    <ele>20.0</ele>
    <time>2026-07-27T08:23:31Z</time>
   </trkpt>
   <trkpt lat="22.7382530" lon="120.3367770">
    <ele>20.0</ele>
    <time>2026-07-27T08:23:32Z</time>
   </trkpt>
   <trkpt lat="22.7382450" lon="120.3367770">
    <ele>20.0</ele>
    <time>2026-07-27T08:23:33Z</time>
   </trkpt>
   <trkpt lat="22.7382630" lon="120.3367820">
    <ele>20.0</ele>
    <time>2026-07-27T08:23:34Z</time>
   </trkpt>
   <trkpt lat="22.7382630" lon="120.3367820">
    <ele>20.0</ele>
    <time>2026-07-27T08:23:35Z</time>
   </trkpt>
   <trkpt lat="22.7382630" lon="120.3367820">
    <ele>20.0</ele>
    <time>2026-07-27T08:23:36Z</time>
   </trkpt>
   <trkpt lat="22.7382630" lon="120.3367880">
    <ele>20.0</ele>
    <time>2026-07-27T08:23:37Z</time>
   </trkpt>
   <trkpt lat="22.7382630" lon="120.3367880">
    <ele>20.0</ele>
    <time>2026-07-27T08:23:38Z</time>
   </trkpt>
   <trkpt lat="22.7382630" lon="120.3367880">
    <ele>20.0</ele>
    <time>2026-07-27T08:23:39Z</time>
   </trkpt>
   <trkpt lat="22.7382630" lon="120.3367880">
    <ele>20.0</ele>
    <time>2026-07-27T08:23:40Z</time>
   </trkpt>
   <trkpt lat="22.7382630" lon="120.3367880">
    <ele>20.0</ele>
    <time>2026-07-27T08:23:41Z</time>
   </trkpt>
   <trkpt lat="22.7382630" lon="120.3367930">
    <ele>20.0</ele>
    <time>2026-07-27T08:23:42Z</time>
   </trkpt>
   <trkpt lat="22.7382630" lon="120.3367940">
    <ele>20.0</ele>
    <time>2026-07-27T08:23:43Z</time>
   </trkpt>
   <trkpt lat="22.7382630" lon="120.3367950">
    <ele>20.0</ele>
    <time>2026-07-27T08:23:44Z</time>
   </trkpt>
   <trkpt lat="22.7382630" lon="120.3367950">
    <ele>20.0</ele>
    <time>2026-07-27T08:23:45Z</time>
   </trkpt>
   <trkpt lat="22.7382630" lon="120.3367960">
    <ele>20.0</ele>
    <time>2026-07-27T08:23:46Z</time>
   </trkpt>
   <trkpt lat="22.7382630" lon="120.3367970">
    <ele>20.0</ele>
    <time>2026-07-27T08:23:47Z</time>
   </trkpt>
   <trkpt lat="22.7382630" lon="120.3367970">
    <ele>20.0</ele>
    <time>2026-07-27T08:23:48Z</time>
   </trkpt>
   <trkpt lat="22.7382630" lon="120.3367980">
    <ele>20.0</ele>
    <time>2026-07-27T08:23:49Z</time>
   </trkpt>
   <trkpt lat="22.7382630" lon="120.3367990">
    <ele>20.0</ele>
    <time>2026-07-27T08:23:50Z</time>
   </trkpt>
   <trkpt lat="22.7382630" lon="120.3367990">
    <ele>20.0</ele>
    <time>2026-07-27T08:23:51Z</time>
   </trkpt>
   <trkpt lat="22.7382630" lon="120.3368000">
    <ele>20.0</ele>
    <time>2026-07-27T08:23:52Z</time>
   </trkpt>
   <trkpt lat="22.7382630" lon="120.3368020">
    <ele>20.0</ele>
    <time>2026-07-27T08:23:55Z</time>
   </trkpt>
   <trkpt lat="22.7382630" lon="120.3368030">
    <ele>20.0</ele>
    <time>2026-07-27T08:23:56Z</time>
   </trkpt>
   <trkpt lat="22.7382630" lon="120.3368030">
    <ele>20.0</ele>
    <time>2026-07-27T08:23:57Z</time>
   </trkpt>
   <trkpt lat="22.7382630" lon="120.3368040">
    <ele>20.0</ele>
    <time>2026-07-27T08:23:58Z</time>
   </trkpt>
   <trkpt lat="22.7382620" lon="120.3368050">
    <ele>20.0</ele>
    <time>2026-07-27T08:23:59Z</time>
   </trkpt>
   <trkpt lat="22.7382620" lon="120.3368060">
    <ele>20.0</ele>
    <time>2026-07-27T08:24:00Z</time>
   </trkpt>
   <trkpt lat="22.7382620" lon="120.3368060">
    <ele>20.0</ele>
    <time>2026-07-27T08:24:01Z</time>
   </trkpt>
   <trkpt lat="22.7382620" lon="120.3368070">
    <ele>20.0</ele>
    <time>2026-07-27T08:24:02Z</time>
   </trkpt>
   <trkpt lat="22.7382620" lon="120.3368080">
    <ele>20.0</ele>
    <time>2026-07-27T08:24:03Z</time>
   </trkpt>
   <trkpt lat="22.7382620" lon="120.3368080">
    <ele>20.0</ele>
    <time>2026-07-27T08:24:04Z</time>
   </trkpt>
   <trkpt lat="22.7382620" lon="120.3368090">
    <ele>20.0</ele>
    <time>2026-07-27T08:24:05Z</time>
   </trkpt>
   <trkpt lat="22.7382620" lon="120.3368100">
    <ele>20.0</ele>
    <time>2026-07-27T08:24:06Z</time>
   </trkpt>
   <trkpt lat="22.7382620" lon="120.3368100">
    <ele>20.0</ele>
    <time>2026-07-27T08:24:07Z</time>
   </trkpt>
   <trkpt lat="22.7382620" lon="120.3368260">
    <ele>20.0</ele>
    <time>2026-07-27T08:24:31Z</time>
   </trkpt>
   <trkpt lat="22.7382620" lon="120.3368270">
    <ele>20.0</ele>
    <time>2026-07-27T08:24:32Z</time>
   </trkpt>
   <trkpt lat="22.7382300" lon="120.3368910">
    <ele>20.0</ele>
    <time>2026-07-27T08:24:33Z</time>
   </trkpt>
   <trkpt lat="22.7381970" lon="120.3369650">
    <ele>20.1</ele>
    <time>2026-07-27T08:24:34Z</time>
   </trkpt>
   <trkpt lat="22.7381590" lon="120.3370330">
    <ele>20.1</ele>
    <time>2026-07-27T08:24:35Z</time>
   </trkpt>
   <trkpt lat="22.7381260" lon="120.3370990">
    <ele>20.2</ele>
    <time>2026-07-27T08:24:36Z</time>
   </trkpt>
   <trkpt lat="22.7380960" lon="120.3371530">
    <ele>20.2</ele>
    <time>2026-07-27T08:24:37Z</time>
   </trkpt>
   <trkpt lat="22.7380700" lon="120.3372120">
    <ele>20.3</ele>
    <time>2026-07-27T08:24:38Z</time>
   </trkpt>
   <trkpt lat="22.7380470" lon="120.3372580">
    <ele>20.3</ele>
    <time>2026-07-27T08:24:39Z</time>
   </trkpt>
   <trkpt lat="22.7380200" lon="120.3372990">
    <ele>20.4</ele>
    <time>2026-07-27T08:24:40Z</time>
   </trkpt>
   <trkpt lat="22.7379930" lon="120.3373380">
    <ele>20.4</ele>
    <time>2026-07-27T08:24:41Z</time>
   </trkpt>
   <trkpt lat="22.7379710" lon="120.3373820">
    <ele>20.5</ele>
    <time>2026-07-27T08:24:42Z</time>
   </trkpt>
   <trkpt lat="22.7379330" lon="120.3373950">
    <ele>20.5</ele>
    <time>2026-07-27T08:24:43Z</time>
   </trkpt>
   <trkpt lat="22.7378800" lon="120.3373980">
    <ele>20.5</ele>
    <time>2026-07-27T08:24:44Z</time>
   </trkpt>
   <trkpt lat="22.7378240" lon="120.3373790">
    <ele>20.5</ele>
    <time>2026-07-27T08:24:45Z</time>
   </trkpt>
   <trkpt lat="22.7377750" lon="120.3373580">
    <ele>20.6</ele>
    <time>2026-07-27T08:24:46Z</time>
   </trkpt>
   <trkpt lat="22.7377240" lon="120.3373330">
    <ele>20.6</ele>
    <time>2026-07-27T08:24:47Z</time>
   </trkpt>
   <trkpt lat="22.7376730" lon="120.3373160">
    <ele>20.6</ele>
    <time>2026-07-27T08:24:48Z</time>
   </trkpt>
   <trkpt lat="22.7376180" lon="120.3373150">
    <ele>20.5</ele>
    <time>2026-07-27T08:24:49Z</time>
   </trkpt>
   <trkpt lat="22.7375680" lon="120.3373090">
    <ele>20.5</ele>
    <time>2026-07-27T08:24:50Z</time>
   </trkpt>
   <trkpt lat="22.7375230" lon="120.3372970">
    <ele>20.5</ele>
    <time>2026-07-27T08:24:51Z</time>
   </trkpt>
   <trkpt lat="22.7374870" lon="120.3372890">
    <ele>20.5</ele>
    <time>2026-07-27T08:24:52Z</time>
   </trkpt>
   <trkpt lat="22.7374140" lon="120.3373190">
    <ele>20.5</ele>
    <time>2026-07-27T08:24:53Z</time>
   </trkpt>
   <trkpt lat="22.7373840" lon="120.3373110">
    <ele>20.5</ele>
    <time>2026-07-27T08:24:54Z</time>
   </trkpt>
   <trkpt lat="22.7373570" lon="120.3373050">
    <ele>20.5</ele>
    <time>2026-07-27T08:24:55Z</time>
   </trkpt>
   <trkpt lat="22.7373330" lon="120.3373020">
    <ele>20.5</ele>
    <time>2026-07-27T08:24:56Z</time>
   </trkpt>
   <trkpt lat="22.7373050" lon="120.3373000">
    <ele>20.5</ele>
    <time>2026-07-27T08:24:57Z</time>
   </trkpt>
   <trkpt lat="22.7372830" lon="120.3372920">
    <ele>20.5</ele>
    <time>2026-07-27T08:24:58Z</time>
   </trkpt>
   <trkpt lat="22.7372620" lon="120.3372850">
    <ele>20.5</ele>
    <time>2026-07-27T08:24:59Z</time>
   </trkpt>
   <trkpt lat="22.7372520" lon="120.3372800">
    <ele>20.6</ele>
    <time>2026-07-27T08:25:00Z</time>
   </trkpt>
   <trkpt lat="22.7372480" lon="120.3372780">
    <ele>20.6</ele>
    <time>2026-07-27T08:25:01Z</time>
   </trkpt>
   <trkpt lat="22.7372450" lon="120.3372790">
    <ele>20.6</ele>
    <time>2026-07-27T08:25:02Z</time>
   </trkpt>
   <trkpt lat="22.7372410" lon="120.3372650">
    <ele>20.6</ele>
    <time>2026-07-27T08:25:03Z</time>
   </trkpt>
   <trkpt lat="22.7372450" lon="120.3372530">
    <ele>20.6</ele>
    <time>2026-07-27T08:25:04Z</time>
   </trkpt>
   <trkpt lat="22.7372090" lon="120.3372370">
    <ele>20.6</ele>
    <time>2026-07-27T08:25:05Z</time>
   </trkpt>
   <trkpt lat="22.7372050" lon="120.3372130">
    <ele>20.6</ele>
    <time>2026-07-27T08:25:06Z</time>
   </trkpt>
   <trkpt lat="22.7372060" lon="120.3371860">
    <ele>20.6</ele>
    <time>2026-07-27T08:25:07Z</time>
   </trkpt>
   <trkpt lat="22.7372220" lon="120.3371440">
    <ele>20.6</ele>
    <time>2026-07-27T08:25:08Z</time>
   </trkpt>
   <trkpt lat="22.7372370" lon="120.3370880">
    <ele>20.7</ele>
    <time>2026-07-27T08:25:09Z</time>
   </trkpt>
   <trkpt lat="22.7372550" lon="120.3370290">
    <ele>20.7</ele>
    <time>2026-07-27T08:25:10Z</time>
   </trkpt>
   <trkpt lat="22.7372590" lon="120.3369680">
    <ele>20.7</ele>
    <time>2026-07-27T08:25:11Z</time>
   </trkpt>
   <trkpt lat="22.7372690" lon="120.3369350">
    <ele>20.8</ele>
    <time>2026-07-27T08:25:12Z</time>
   </trkpt>
   <trkpt lat="22.7372660" lon="120.3369000">
    <ele>20.8</ele>
    <time>2026-07-27T08:25:13Z</time>
   </trkpt>
   <trkpt lat="22.7372670" lon="120.3368660">
    <ele>20.8</ele>
    <time>2026-07-27T08:25:14Z</time>
   </trkpt>
   <trkpt lat="22.7372810" lon="120.3368230">
    <ele>20.8</ele>
    <time>2026-07-27T08:25:15Z</time>
   </trkpt>
   <trkpt lat="22.7372850" lon="120.3367930">
    <ele>20.9</ele>
    <time>2026-07-27T08:25:16Z</time>
   </trkpt>
   <trkpt lat="22.7372940" lon="120.3367710">
    <ele>20.9</ele>
    <time>2026-07-27T08:25:17Z</time>
   </trkpt>
   <trkpt lat="22.7373050" lon="120.3367690">
    <ele>20.9</ele>
    <time>2026-07-27T08:25:18Z</time>
   </trkpt>
   <trkpt lat="22.7373200" lon="120.3367650">
    <ele>20.9</ele>
    <time>2026-07-27T08:25:19Z</time>
   </trkpt>
   <trkpt lat="22.7373280" lon="120.3367570">
    <ele>20.9</ele>
    <time>2026-07-27T08:25:20Z</time>
   </trkpt>
   <trkpt lat="22.7373260" lon="120.3367490">
    <ele>20.9</ele>
    <time>2026-07-27T08:25:21Z</time>
   </trkpt>
   <trkpt lat="22.7373240" lon="120.3367540">
    <ele>20.9</ele>
    <time>2026-07-27T08:25:22Z</time>
   </trkpt>
   <trkpt lat="22.7373250" lon="120.3367510">
    <ele>20.9</ele>
    <time>2026-07-27T08:25:23Z</time>
   </trkpt>
   <trkpt lat="22.7373240" lon="120.3367540">
    <ele>20.9</ele>
    <time>2026-07-27T08:25:24Z</time>
   </trkpt>
   <trkpt lat="22.7373170" lon="120.3367490">
    <ele>20.9</ele>
    <time>2026-07-27T08:25:25Z</time>
   </trkpt>
   <trkpt lat="22.7373150" lon="120.3367460">
    <ele>20.9</ele>
    <time>2026-07-27T08:25:26Z</time>
   </trkpt>
   <trkpt lat="22.7373160" lon="120.3367280">
    <ele>20.9</ele>
    <time>2026-07-27T08:25:27Z</time>
   </trkpt>
   <trkpt lat="22.7373160" lon="120.3367210">
    <ele>20.9</ele>
    <time>2026-07-27T08:25:28Z</time>
   </trkpt>
   <trkpt lat="22.7372870" lon="120.3367030">
    <ele>20.9</ele>
    <time>2026-07-27T08:25:31Z</time>
   </trkpt>
   <trkpt lat="22.7372890" lon="120.3366940">
    <ele>21.0</ele>
    <time>2026-07-27T08:25:32Z</time>
   </trkpt>
   <trkpt lat="22.7372890" lon="120.3366940">
    <ele>21.0</ele>
    <time>2026-07-27T08:25:33Z</time>
   </trkpt>
   <trkpt lat="22.7372890" lon="120.3366940">
    <ele>21.0</ele>
    <time>2026-07-27T08:25:34Z</time>
   </trkpt>
   <trkpt lat="22.7372890" lon="120.3366940">
    <ele>21.0</ele>
    <time>2026-07-27T08:25:35Z</time>
   </trkpt>
   <trkpt lat="22.7372890" lon="120.3366940">
    <ele>21.0</ele>
    <time>2026-07-27T08:25:36Z</time>
   </trkpt>
   <trkpt lat="22.7372890" lon="120.3366940">
    <ele>21.0</ele>
    <time>2026-07-27T08:25:37Z</time>
   </trkpt>
   <trkpt lat="22.7372890" lon="120.3366940">
    <ele>21.0</ele>
    <time>2026-07-27T08:25:38Z</time>
   </trkpt>
   <trkpt lat="22.7372890" lon="120.3366940">
    <ele>21.0</ele>
    <time>2026-07-27T08:25:39Z</time>
   </trkpt>
   <trkpt lat="22.7372890" lon="120.3366940">
    <ele>21.0</ele>
    <time>2026-07-27T08:25:40Z</time>
   </trkpt>
   <trkpt lat="22.7372720" lon="120.3367740">
    <ele>21.0</ele>
    <time>2026-07-27T08:26:00Z</time>
   </trkpt>
   <trkpt lat="22.7372750" lon="120.3367840">
    <ele>21.0</ele>
    <time>2026-07-27T08:26:01Z</time>
   </trkpt>
   <trkpt lat="22.7372730" lon="120.3367840">
    <ele>21.0</ele>
    <time>2026-07-27T08:26:02Z</time>
   </trkpt>
   <trkpt lat="22.7372670" lon="120.3367970">
    <ele>21.0</ele>
    <time>2026-07-27T08:26:03Z</time>
   </trkpt>
   <trkpt lat="22.7372630" lon="120.3368080">
    <ele>21.0</ele>
    <time>2026-07-27T08:26:04Z</time>
   </trkpt>
   <trkpt lat="22.7372640" lon="120.3368100">
    <ele>21.0</ele>
    <time>2026-07-27T08:26:05Z</time>
   </trkpt>
   <trkpt lat="22.7372600" lon="120.3368150">
    <ele>21.0</ele>
    <time>2026-07-27T08:26:06Z</time>
   </trkpt>
   <trkpt lat="22.7372430" lon="120.3368110">
    <ele>21.0</ele>
    <time>2026-07-27T08:26:07Z</time>
   </trkpt>
   <trkpt lat="22.7372440" lon="120.3368100">
    <ele>21.0</ele>
    <time>2026-07-27T08:26:08Z</time>
   </trkpt>
   <trkpt lat="22.7372470" lon="120.3368120">
    <ele>21.0</ele>
    <time>2026-07-27T08:26:09Z</time>
   </trkpt>
   <trkpt lat="22.7372480" lon="120.3368110">
    <ele>21.0</ele>
    <time>2026-07-27T08:26:10Z</time>
   </trkpt>
   <trkpt lat="22.7372530" lon="120.3368120">
    <ele>21.0</ele>
    <time>2026-07-27T08:26:11Z</time>
   </trkpt>
   <trkpt lat="22.7372460" lon="120.3368210">
    <ele>21.1</ele>
    <time>2026-07-27T08:26:15Z</time>
   </trkpt>
   <trkpt lat="22.7372460" lon="120.3368210">
    <ele>21.1</ele>
    <time>2026-07-27T08:26:16Z</time>
   </trkpt>
   <trkpt lat="22.7372470" lon="120.3368190">
    <ele>21.1</ele>
    <time>2026-07-27T08:26:17Z</time>
   </trkpt>
   <trkpt lat="22.7372400" lon="120.3368190">
    <ele>21.1</ele>
    <time>2026-07-27T08:26:18Z</time>
   </trkpt>
   <trkpt lat="22.7372480" lon="120.3368180">
    <ele>21.1</ele>
    <time>2026-07-27T08:26:19Z</time>
   </trkpt>
   <trkpt lat="22.7372340" lon="120.3368350">
    <ele>21.1</ele>
    <time>2026-07-27T08:26:20Z</time>
   </trkpt>
   <trkpt lat="22.7372490" lon="120.3368220">
    <ele>21.1</ele>
    <time>2026-07-27T08:26:21Z</time>
   </trkpt>
   <trkpt lat="22.7372490" lon="120.3368220">
    <ele>21.1</ele>
    <time>2026-07-27T08:26:22Z</time>
   </trkpt>
   <trkpt lat="22.7372490" lon="120.3368220">
    <ele>21.1</ele>
    <time>2026-07-27T08:26:23Z</time>
   </trkpt>
   <trkpt lat="22.7372490" lon="120.3368220">
    <ele>21.1</ele>
    <time>2026-07-27T08:26:24Z</time>
   </trkpt>
   <trkpt lat="22.7372490" lon="120.3368220">
    <ele>21.1</ele>
    <time>2026-07-27T08:26:25Z</time>
   </trkpt>
   <trkpt lat="22.7372670" lon="120.3368060">
    <ele>21.1</ele>
    <time>2026-07-27T08:26:26Z</time>
   </trkpt>
   <trkpt lat="22.7372670" lon="120.3368060">
    <ele>21.1</ele>
    <time>2026-07-27T08:26:27Z</time>
   </trkpt>
   <trkpt lat="22.7372670" lon="120.3368060">
    <ele>21.1</ele>
    <time>2026-07-27T08:26:28Z</time>
   </trkpt>
   <trkpt lat="22.7372670" lon="120.3368060">
    <ele>21.1</ele>
    <time>2026-07-27T08:26:29Z</time>
   </trkpt>
   <trkpt lat="22.7372830" lon="120.3367920">
    <ele>21.1</ele>
    <time>2026-07-27T08:26:30Z</time>
   </trkpt>
   <trkpt lat="22.7372830" lon="120.3367920">
    <ele>21.1</ele>
    <time>2026-07-27T08:26:31Z</time>
   </trkpt>
   <trkpt lat="22.7372830" lon="120.3367920">
    <ele>21.1</ele>
    <time>2026-07-27T08:26:32Z</time>
   </trkpt>
   <trkpt lat="22.7372830" lon="120.3367920">
    <ele>21.1</ele>
    <time>2026-07-27T08:26:44Z</time>
   </trkpt>
   <trkpt lat="22.7372970" lon="120.3367790">
    <ele>21.1</ele>
    <time>2026-07-27T08:26:45Z</time>
   </trkpt>
   <trkpt lat="22.7372970" lon="120.3367790">
    <ele>21.1</ele>
    <time>2026-07-27T08:26:46Z</time>
   </trkpt>
   <trkpt lat="22.7373390" lon="120.3367420">
    <ele>21.2</ele>
    <time>2026-07-27T08:34:47Z</time>
   </trkpt>
   <trkpt lat="22.7373400" lon="120.3367410">
    <ele>21.2</ele>
    <time>2026-07-27T08:34:53Z</time>
   </trkpt>
   <trkpt lat="22.7373400" lon="120.3367410">
    <ele>21.2</ele>
    <time>2026-07-27T08:34:54Z</time>
   </trkpt>
   <trkpt lat="22.7373400" lon="120.3367410">
    <ele>21.2</ele>
    <time>2026-07-27T08:34:56Z</time>
   </trkpt>
   <trkpt lat="22.7373400" lon="120.3367410">
    <ele>21.2</ele>
    <time>2026-07-27T08:34:57Z</time>
   </trkpt>
   <trkpt lat="22.7373100" lon="120.3367380">
    <ele>21.2</ele>
    <time>2026-07-27T08:34:58Z</time>
   </trkpt>
   <trkpt lat="22.7373080" lon="120.3367100">
    <ele>21.2</ele>
    <time>2026-07-27T08:34:59Z</time>
   </trkpt>
   <trkpt lat="22.7372990" lon="120.3367050">
    <ele>21.2</ele>
    <time>2026-07-27T08:35:00Z</time>
   </trkpt>
   <trkpt lat="22.7372700" lon="120.3367150">
    <ele>21.3</ele>
    <time>2026-07-27T08:35:01Z</time>
   </trkpt>
   <trkpt lat="22.7372730" lon="120.3366850">
    <ele>21.3</ele>
    <time>2026-07-27T08:35:02Z</time>
   </trkpt>
   <trkpt lat="22.7372770" lon="120.3366580">
    <ele>21.3</ele>
    <time>2026-07-27T08:35:03Z</time>
   </trkpt>
   <trkpt lat="22.7372860" lon="120.3366190">
    <ele>21.3</ele>
    <time>2026-07-27T08:35:04Z</time>
   </trkpt>
   <trkpt lat="22.7372950" lon="120.3365760">
    <ele>21.4</ele>
    <time>2026-07-27T08:35:05Z</time>
   </trkpt>
   <trkpt lat="22.7373150" lon="120.3365330">
    <ele>21.4</ele>
    <time>2026-07-27T08:35:06Z</time>
   </trkpt>
   <trkpt lat="22.7373380" lon="120.3364910">
    <ele>21.4</ele>
    <time>2026-07-27T08:35:07Z</time>
   </trkpt>
   <trkpt lat="22.7374050" lon="120.3363950">
    <ele>21.5</ele>
    <time>2026-07-27T08:35:08Z</time>
   </trkpt>
   <trkpt lat="22.7374450" lon="120.3363720">
    <ele>21.5</ele>
    <time>2026-07-27T08:35:09Z</time>
   </trkpt>
   <trkpt lat="22.7374670" lon="120.3363500">
    <ele>21.4</ele>
    <time>2026-07-27T08:35:10Z</time>
   </trkpt>
   <trkpt lat="22.7374820" lon="120.3363260">
    <ele>21.4</ele>
    <time>2026-07-27T08:35:11Z</time>
   </trkpt>
   <trkpt lat="22.7375050" lon="120.3362860">
    <ele>21.4</ele>
    <time>2026-07-27T08:35:12Z</time>
   </trkpt>
   <trkpt lat="22.7375260" lon="120.3362450">
    <ele>21.4</ele>
    <time>2026-07-27T08:35:13Z</time>
   </trkpt>
   <trkpt lat="22.7375570" lon="120.3362150">
    <ele>21.4</ele>
    <time>2026-07-27T08:35:14Z</time>
   </trkpt>
   <trkpt lat="22.7375790" lon="120.3361770">
    <ele>21.4</ele>
    <time>2026-07-27T08:35:15Z</time>
   </trkpt>
   <trkpt lat="22.7375980" lon="120.3361440">
    <ele>21.4</ele>
    <time>2026-07-27T08:35:16Z</time>
   </trkpt>
   <trkpt lat="22.7376210" lon="120.3361090">
    <ele>21.4</ele>
    <time>2026-07-27T08:35:17Z</time>
   </trkpt>
   <trkpt lat="22.7376480" lon="120.3360840">
    <ele>21.4</ele>
    <time>2026-07-27T08:35:18Z</time>
   </trkpt>
   <trkpt lat="22.7376720" lon="120.3360710">
    <ele>21.4</ele>
    <time>2026-07-27T08:35:19Z</time>
   </trkpt>
   <trkpt lat="22.7376970" lon="120.3360640">
    <ele>21.4</ele>
    <time>2026-07-27T08:35:20Z</time>
   </trkpt>
   <trkpt lat="22.7377310" lon="120.3360660">
    <ele>21.9</ele>
    <time>2026-07-27T08:35:21Z</time>
   </trkpt>
   <trkpt lat="22.7377610" lon="120.3360850">
    <ele>22.3</ele>
    <time>2026-07-27T08:35:22Z</time>
   </trkpt>
   <trkpt lat="22.7378120" lon="120.3361170">
    <ele>23.1</ele>
    <time>2026-07-27T08:35:23Z</time>
   </trkpt>
   <trkpt lat="22.7378330" lon="120.3361340">
    <ele>23.5</ele>
    <time>2026-07-27T08:35:24Z</time>
   </trkpt>
   <trkpt lat="22.7378600" lon="120.3361550">
    <ele>23.9</ele>
    <time>2026-07-27T08:35:25Z</time>
   </trkpt>
   <trkpt lat="22.7378900" lon="120.3361780">
    <ele>24.4</ele>
    <time>2026-07-27T08:35:26Z</time>
   </trkpt>
   <trkpt lat="22.7379130" lon="120.3361950">
    <ele>24.8</ele>
    <time>2026-07-27T08:35:27Z</time>
   </trkpt>
   <trkpt lat="22.7379270" lon="120.3362160">
    <ele>25.1</ele>
    <time>2026-07-27T08:35:28Z</time>
   </trkpt>
   <trkpt lat="22.7379390" lon="120.3362370">
    <ele>25.4</ele>
    <time>2026-07-27T08:35:29Z</time>
   </trkpt>
   <trkpt lat="22.7379490" lon="120.3362510">
    <ele>25.6</ele>
    <time>2026-07-27T08:35:30Z</time>
   </trkpt>
   <trkpt lat="22.7379620" lon="120.3362610">
    <ele>25.8</ele>
    <time>2026-07-27T08:35:31Z</time>
   </trkpt>
   <trkpt lat="22.7379740" lon="120.3362400">
    <ele>25.5</ele>
    <time>2026-07-27T08:35:32Z</time>
   </trkpt>
   <trkpt lat="22.7379860" lon="120.3362280">
    <ele>25.4</ele>
    <time>2026-07-27T08:35:33Z</time>
   </trkpt>
   <trkpt lat="22.7379860" lon="120.3362150">
    <ele>25.3</ele>
    <time>2026-07-27T08:35:34Z</time>
   </trkpt>
   <trkpt lat="22.7379800" lon="120.3361930">
    <ele>25.1</ele>
    <time>2026-07-27T08:35:35Z</time>
   </trkpt>
   <trkpt lat="22.7379640" lon="120.3361740">
    <ele>24.8</ele>
    <time>2026-07-27T08:35:36Z</time>
   </trkpt>
   <trkpt lat="22.7379330" lon="120.3361520">
    <ele>24.5</ele>
    <time>2026-07-27T08:35:37Z</time>
   </trkpt>
   <trkpt lat="22.7378960" lon="120.3361370">
    <ele>24.1</ele>
    <time>2026-07-27T08:35:38Z</time>
   </trkpt>
   <trkpt lat="22.7378600" lon="120.3361330">
    <ele>23.8</ele>
    <time>2026-07-27T08:35:39Z</time>
   </trkpt>
   <trkpt lat="22.7378310" lon="120.3361120">
    <ele>23.4</ele>
    <time>2026-07-27T08:35:40Z</time>
   </trkpt>
   <trkpt lat="22.7378100" lon="120.3360830">
    <ele>23.1</ele>
    <time>2026-07-27T08:35:41Z</time>
   </trkpt>
   <trkpt lat="22.7377970" lon="120.3360530">
    <ele>22.8</ele>
    <time>2026-07-27T08:35:42Z</time>
   </trkpt>
   <trkpt lat="22.7377830" lon="120.3360220">
    <ele>22.5</ele>
    <time>2026-07-27T08:35:43Z</time>
   </trkpt>
   <trkpt lat="22.7377660" lon="120.3360030">
    <ele>22.3</ele>
    <time>2026-07-27T08:35:44Z</time>
   </trkpt>
   <trkpt lat="22.7377450" lon="120.3359890">
    <ele>22.1</ele>
    <time>2026-07-27T08:35:45Z</time>
   </trkpt>
   <trkpt lat="22.7377240" lon="120.3359750">
    <ele>21.8</ele>
    <time>2026-07-27T08:35:46Z</time>
   </trkpt>
   <trkpt lat="22.7377060" lon="120.3359600">
    <ele>21.6</ele>
    <time>2026-07-27T08:35:47Z</time>
   </trkpt>
   <trkpt lat="22.7376820" lon="120.3359460">
    <ele>21.4</ele>
    <time>2026-07-27T08:35:48Z</time>
   </trkpt>
   <trkpt lat="22.7376590" lon="120.3359340">
    <ele>21.3</ele>
    <time>2026-07-27T08:35:49Z</time>
   </trkpt>
   <trkpt lat="22.7376340" lon="120.3359170">
    <ele>21.3</ele>
    <time>2026-07-27T08:35:50Z</time>
   </trkpt>
   <trkpt lat="22.7376160" lon="120.3359050">
    <ele>21.2</ele>
    <time>2026-07-27T08:35:51Z</time>
   </trkpt>
   <trkpt lat="22.7375970" lon="120.3358940">
    <ele>21.2</ele>
    <time>2026-07-27T08:35:52Z</time>
   </trkpt>
   <trkpt lat="22.7375780" lon="120.3358810">
    <ele>21.1</ele>
    <time>2026-07-27T08:35:53Z</time>
   </trkpt>
   <trkpt lat="22.7375570" lon="120.3358680">
    <ele>21.1</ele>
    <time>2026-07-27T08:35:54Z</time>
   </trkpt>
   <trkpt lat="22.7375370" lon="120.3358550">
    <ele>21.0</ele>
    <time>2026-07-27T08:35:55Z</time>
   </trkpt>
   <trkpt lat="22.7375110" lon="120.3358280">
    <ele>21.0</ele>
    <time>2026-07-27T08:35:56Z</time>
   </trkpt>
   <trkpt lat="22.7374780" lon="120.3358030">
    <ele>20.9</ele>
    <time>2026-07-27T08:35:57Z</time>
   </trkpt>
   <trkpt lat="22.7374430" lon="120.3357790">
    <ele>20.8</ele>
    <time>2026-07-27T08:35:58Z</time>
   </trkpt>
   <trkpt lat="22.7374080" lon="120.3357540">
    <ele>20.7</ele>
    <time>2026-07-27T08:35:59Z</time>
   </trkpt>
   <trkpt lat="22.7373740" lon="120.3357400">
    <ele>20.6</ele>
    <time>2026-07-27T08:36:00Z</time>
   </trkpt>
   <trkpt lat="22.7373360" lon="120.3357360">
    <ele>20.6</ele>
    <time>2026-07-27T08:36:01Z</time>
   </trkpt>
   <trkpt lat="22.7373090" lon="120.3357190">
    <ele>20.5</ele>
    <time>2026-07-27T08:36:02Z</time>
   </trkpt>
   <trkpt lat="22.7372820" lon="120.3357060">
    <ele>20.5</ele>
    <time>2026-07-27T08:36:03Z</time>
   </trkpt>
   <trkpt lat="22.7372550" lon="120.3356860">
    <ele>20.4</ele>
    <time>2026-07-27T08:36:04Z</time>
   </trkpt>
   <trkpt lat="22.7372190" lon="120.3356800">
    <ele>20.4</ele>
    <time>2026-07-27T08:36:05Z</time>
   </trkpt>
   <trkpt lat="22.7371870" lon="120.3356770">
    <ele>20.3</ele>
    <time>2026-07-27T08:36:06Z</time>
   </trkpt>
   <trkpt lat="22.7371630" lon="120.3356650">
    <ele>20.3</ele>
    <time>2026-07-27T08:36:07Z</time>
   </trkpt>
   <trkpt lat="22.7371310" lon="120.3356540">
    <ele>20.3</ele>
    <time>2026-07-27T08:36:08Z</time>
   </trkpt>
   <trkpt lat="22.7371090" lon="120.3356450">
    <ele>20.2</ele>
    <time>2026-07-27T08:36:09Z</time>
   </trkpt>
   <trkpt lat="22.7370800" lon="120.3356300">
    <ele>20.2</ele>
    <time>2026-07-27T08:36:10Z</time>
   </trkpt>
   <trkpt lat="22.7370650" lon="120.3356350">
    <ele>20.1</ele>
    <time>2026-07-27T08:36:11Z</time>
   </trkpt>
   <trkpt lat="22.7370150" lon="120.3356320">
    <ele>20.1</ele>
    <time>2026-07-27T08:36:12Z</time>
   </trkpt>
   <trkpt lat="22.7369830" lon="120.3356300">
    <ele>20.0</ele>
    <time>2026-07-27T08:36:13Z</time>
   </trkpt>
   <trkpt lat="22.7369620" lon="120.3356300">
    <ele>20.0</ele>
    <time>2026-07-27T08:36:14Z</time>
   </trkpt>
   <trkpt lat="22.7369170" lon="120.3356230">
    <ele>19.9</ele>
    <time>2026-07-27T08:36:15Z</time>
   </trkpt>
   <trkpt lat="22.7368790" lon="120.3356130">
    <ele>19.9</ele>
    <time>2026-07-27T08:36:16Z</time>
   </trkpt>
   <trkpt lat="22.7368450" lon="120.3356070">
    <ele>19.8</ele>
    <time>2026-07-27T08:36:17Z</time>
   </trkpt>
   <trkpt lat="22.7368080" lon="120.3356030">
    <ele>19.8</ele>
    <time>2026-07-27T08:36:18Z</time>
   </trkpt>
   <trkpt lat="22.7367700" lon="120.3356000">
    <ele>19.8</ele>
    <time>2026-07-27T08:36:19Z</time>
   </trkpt>
   <trkpt lat="22.7367300" lon="120.3355920">
    <ele>19.7</ele>
    <time>2026-07-27T08:36:20Z</time>
   </trkpt>
   <trkpt lat="22.7366930" lon="120.3355890">
    <ele>19.7</ele>
    <time>2026-07-27T08:36:21Z</time>
   </trkpt>
   <trkpt lat="22.7366620" lon="120.3355880">
    <ele>19.7</ele>
    <time>2026-07-27T08:36:22Z</time>
   </trkpt>
   <trkpt lat="22.7366140" lon="120.3355800">
    <ele>19.7</ele>
    <time>2026-07-27T08:36:23Z</time>
   </trkpt>
   <trkpt lat="22.7365780" lon="120.3355740">
    <ele>19.7</ele>
    <time>2026-07-27T08:36:24Z</time>
   </trkpt>
   <trkpt lat="22.7365440" lon="120.3355700">
    <ele>19.7</ele>
    <time>2026-07-27T08:36:25Z</time>
   </trkpt>
   <trkpt lat="22.7365050" lon="120.3355650">
    <ele>19.7</ele>
    <time>2026-07-27T08:36:26Z</time>
   </trkpt>
   <trkpt lat="22.7364660" lon="120.3355630">
    <ele>19.8</ele>
    <time>2026-07-27T08:36:27Z</time>
   </trkpt>
   <trkpt lat="22.7364300" lon="120.3355620">
    <ele>19.8</ele>
    <time>2026-07-27T08:36:28Z</time>
   </trkpt>
   <trkpt lat="22.7363910" lon="120.3355570">
    <ele>19.8</ele>
    <time>2026-07-27T08:36:29Z</time>
   </trkpt>
   <trkpt lat="22.7363560" lon="120.3355540">
    <ele>19.8</ele>
    <time>2026-07-27T08:36:30Z</time>
   </trkpt>
   <trkpt lat="22.7363090" lon="120.3355430">
    <ele>19.8</ele>
    <time>2026-07-27T08:36:31Z</time>
   </trkpt>
   <trkpt lat="22.7362700" lon="120.3355380">
    <ele>19.9</ele>
    <time>2026-07-27T08:36:32Z</time>
   </trkpt>
   <trkpt lat="22.7362270" lon="120.3355320">
    <ele>19.9</ele>
    <time>2026-07-27T08:36:33Z</time>
   </trkpt>
   <trkpt lat="22.7361870" lon="120.3355270">
    <ele>19.9</ele>
    <time>2026-07-27T08:36:34Z</time>
   </trkpt>
   <trkpt lat="22.7361520" lon="120.3355240">
    <ele>19.9</ele>
    <time>2026-07-27T08:36:35Z</time>
   </trkpt>
   <trkpt lat="22.7361070" lon="120.3355200">
    <ele>19.9</ele>
    <time>2026-07-27T08:36:36Z</time>
   </trkpt>
   <trkpt lat="22.7360700" lon="120.3355140">
    <ele>20.0</ele>
    <time>2026-07-27T08:36:37Z</time>
   </trkpt>
   <trkpt lat="22.7360340" lon="120.3355080">
    <ele>20.0</ele>
    <time>2026-07-27T08:36:38Z</time>
   </trkpt>
   <trkpt lat="22.7359980" lon="120.3355010">
    <ele>20.0</ele>
    <time>2026-07-27T08:36:39Z</time>
   </trkpt>
   <trkpt lat="22.7359670" lon="120.3355010">
    <ele>20.0</ele>
    <time>2026-07-27T08:36:40Z</time>
   </trkpt>
   <trkpt lat="22.7359320" lon="120.3354950">
    <ele>20.0</ele>
    <time>2026-07-27T08:36:41Z</time>
   </trkpt>
   <trkpt lat="22.7358960" lon="120.3354910">
    <ele>20.1</ele>
    <time>2026-07-27T08:36:42Z</time>
   </trkpt>
   <trkpt lat="22.7358570" lon="120.3354900">
    <ele>20.1</ele>
    <time>2026-07-27T08:36:43Z</time>
   </trkpt>
   <trkpt lat="22.7358230" lon="120.3354840">
    <ele>20.1</ele>
    <time>2026-07-27T08:36:44Z</time>
   </trkpt>
   <trkpt lat="22.7357930" lon="120.3354770">
    <ele>20.1</ele>
    <time>2026-07-27T08:36:45Z</time>
   </trkpt>
   <trkpt lat="22.7357650" lon="120.3354730">
    <ele>20.1</ele>
    <time>2026-07-27T08:36:46Z</time>
   </trkpt>
   <trkpt lat="22.7357360" lon="120.3354700">
    <ele>20.1</ele>
    <time>2026-07-27T08:36:47Z</time>
   </trkpt>
   <trkpt lat="22.7357050" lon="120.3354670">
    <ele>20.1</ele>
    <time>2026-07-27T08:36:48Z</time>
   </trkpt>
   <trkpt lat="22.7356780" lon="120.3354650">
    <ele>20.1</ele>
    <time>2026-07-27T08:36:49Z</time>
   </trkpt>
   <trkpt lat="22.7356570" lon="120.3354640">
    <ele>20.1</ele>
    <time>2026-07-27T08:36:50Z</time>
   </trkpt>
   <trkpt lat="22.7356370" lon="120.3354610">
    <ele>20.1</ele>
    <time>2026-07-27T08:36:51Z</time>
   </trkpt>
   <trkpt lat="22.7356210" lon="120.3354640">
    <ele>20.1</ele>
    <time>2026-07-27T08:36:52Z</time>
   </trkpt>
   <trkpt lat="22.7356020" lon="120.3354670">
    <ele>20.1</ele>
    <time>2026-07-27T08:36:53Z</time>
   </trkpt>
   <trkpt lat="22.7355830" lon="120.3354740">
    <ele>20.2</ele>
    <time>2026-07-27T08:36:54Z</time>
   </trkpt>
   <trkpt lat="22.7355700" lon="120.3354890">
    <ele>20.2</ele>
    <time>2026-07-27T08:36:55Z</time>
   </trkpt>
   <trkpt lat="22.7355700" lon="120.3355140">
    <ele>20.2</ele>
    <time>2026-07-27T08:36:56Z</time>
   </trkpt>
   <trkpt lat="22.7355900" lon="120.3355330">
    <ele>20.2</ele>
    <time>2026-07-27T08:36:57Z</time>
   </trkpt>
   <trkpt lat="22.7356210" lon="120.3355410">
    <ele>20.2</ele>
    <time>2026-07-27T08:36:58Z</time>
   </trkpt>
   <trkpt lat="22.7356570" lon="120.3355510">
    <ele>20.2</ele>
    <time>2026-07-27T08:36:59Z</time>
   </trkpt>
   <trkpt lat="22.7356910" lon="120.3355460">
    <ele>20.1</ele>
    <time>2026-07-27T08:37:00Z</time>
   </trkpt>
   <trkpt lat="22.7357180" lon="120.3355450">
    <ele>20.1</ele>
    <time>2026-07-27T08:37:01Z</time>
   </trkpt>
   <trkpt lat="22.7357420" lon="120.3355450">
    <ele>20.1</ele>
    <time>2026-07-27T08:37:02Z</time>
   </trkpt>
   <trkpt lat="22.7357700" lon="120.3355470">
    <ele>20.1</ele>
    <time>2026-07-27T08:37:03Z</time>
   </trkpt>
   <trkpt lat="22.7358050" lon="120.3355510">
    <ele>20.1</ele>
    <time>2026-07-27T08:37:04Z</time>
   </trkpt>
   <trkpt lat="22.7358390" lon="120.3355540">
    <ele>20.1</ele>
    <time>2026-07-27T08:37:05Z</time>
   </trkpt>
   <trkpt lat="22.7358730" lon="120.3355550">
    <ele>20.1</ele>
    <time>2026-07-27T08:37:06Z</time>
   </trkpt>
   <trkpt lat="22.7359080" lon="120.3355570">
    <ele>20.0</ele>
    <time>2026-07-27T08:37:07Z</time>
   </trkpt>
   <trkpt lat="22.7359450" lon="120.3355600">
    <ele>20.0</ele>
    <time>2026-07-27T08:37:08Z</time>
   </trkpt>
   <trkpt lat="22.7359800" lon="120.3355680">
    <ele>20.0</ele>
    <time>2026-07-27T08:37:09Z</time>
   </trkpt>
   <trkpt lat="22.7360080" lon="120.3355720">
    <ele>20.0</ele>
    <time>2026-07-27T08:37:10Z</time>
   </trkpt>
   <trkpt lat="22.7360400" lon="120.3355730">
    <ele>20.0</ele>
    <time>2026-07-27T08:37:11Z</time>
   </trkpt>
   <trkpt lat="22.7360790" lon="120.3355710">
    <ele>19.9</ele>
    <time>2026-07-27T08:37:12Z</time>
   </trkpt>
   <trkpt lat="22.7361110" lon="120.3355750">
    <ele>19.9</ele>
    <time>2026-07-27T08:37:13Z</time>
   </trkpt>
   <trkpt lat="22.7361400" lon="120.3355790">
    <ele>19.9</ele>
    <time>2026-07-27T08:37:14Z</time>
   </trkpt>
   <trkpt lat="22.7361700" lon="120.3355800">
    <ele>19.9</ele>
    <time>2026-07-27T08:37:15Z</time>
   </trkpt>
   <trkpt lat="22.7361990" lon="120.3355820">
    <ele>19.9</ele>
    <time>2026-07-27T08:37:16Z</time>
   </trkpt>
   <trkpt lat="22.7362270" lon="120.3355940">
    <ele>19.9</ele>
    <time>2026-07-27T08:37:17Z</time>
   </trkpt>
   <trkpt lat="22.7362450" lon="120.3356040">
    <ele>19.8</ele>
    <time>2026-07-27T08:37:18Z</time>
   </trkpt>
   <trkpt lat="22.7362560" lon="120.3356250">
    <ele>19.8</ele>
    <time>2026-07-27T08:37:19Z</time>
   </trkpt>
   <trkpt lat="22.7362550" lon="120.3356460">
    <ele>19.7</ele>
    <time>2026-07-27T08:37:20Z</time>
   </trkpt>
   <trkpt lat="22.7362540" lon="120.3356790">
    <ele>19.7</ele>
    <time>2026-07-27T08:37:21Z</time>
   </trkpt>
   <trkpt lat="22.7362430" lon="120.3357160">
    <ele>19.6</ele>
    <time>2026-07-27T08:37:22Z</time>
   </trkpt>
   <trkpt lat="22.7362280" lon="120.3357460">
    <ele>19.6</ele>
    <time>2026-07-27T08:37:23Z</time>
   </trkpt>
   <trkpt lat="22.7362200" lon="120.3357680">
    <ele>19.5</ele>
    <time>2026-07-27T08:37:24Z</time>
   </trkpt>
   <trkpt lat="22.7362120" lon="120.3357940">
    <ele>19.5</ele>
    <time>2026-07-27T08:37:25Z</time>
   </trkpt>
   <trkpt lat="22.7362050" lon="120.3358230">
    <ele>19.4</ele>
    <time>2026-07-27T08:37:26Z</time>
   </trkpt>
   <trkpt lat="22.7361940" lon="120.3358490">
    <ele>19.4</ele>
    <time>2026-07-27T08:37:27Z</time>
   </trkpt>
   <trkpt lat="22.7361830" lon="120.3358770">
    <ele>19.4</ele>
    <time>2026-07-27T08:37:28Z</time>
   </trkpt>
   <trkpt lat="22.7361730" lon="120.3359040">
    <ele>19.3</ele>
    <time>2026-07-27T08:37:29Z</time>
   </trkpt>
   <trkpt lat="22.7361640" lon="120.3359370">
    <ele>19.3</ele>
    <time>2026-07-27T08:37:30Z</time>
   </trkpt>
   <trkpt lat="22.7361570" lon="120.3359690">
    <ele>19.3</ele>
    <time>2026-07-27T08:37:31Z</time>
   </trkpt>
   <trkpt lat="22.7361500" lon="120.3360010">
    <ele>19.2</ele>
    <time>2026-07-27T08:37:32Z</time>
   </trkpt>
   <trkpt lat="22.7361440" lon="120.3360310">
    <ele>19.2</ele>
    <time>2026-07-27T08:37:33Z</time>
   </trkpt>
   <trkpt lat="22.7361390" lon="120.3360620">
    <ele>19.2</ele>
    <time>2026-07-27T08:37:34Z</time>
   </trkpt>
   <trkpt lat="22.7361310" lon="120.3360980">
    <ele>19.2</ele>
    <time>2026-07-27T08:37:35Z</time>
   </trkpt>
   <trkpt lat="22.7361200" lon="120.3361310">
    <ele>19.3</ele>
    <time>2026-07-27T08:37:36Z</time>
   </trkpt>
   <trkpt lat="22.7361110" lon="120.3361590">
    <ele>19.4</ele>
    <time>2026-07-27T08:37:37Z</time>
   </trkpt>
   <trkpt lat="22.7361000" lon="120.3361880">
    <ele>19.4</ele>
    <time>2026-07-27T08:37:38Z</time>
   </trkpt>
   <trkpt lat="22.7360870" lon="120.3362200">
    <ele>19.5</ele>
    <time>2026-07-27T08:37:39Z</time>
   </trkpt>
   <trkpt lat="22.7360770" lon="120.3362540">
    <ele>19.6</ele>
    <time>2026-07-27T08:37:40Z</time>
   </trkpt>
   <trkpt lat="22.7360680" lon="120.3362900">
    <ele>19.7</ele>
    <time>2026-07-27T08:37:41Z</time>
   </trkpt>
   <trkpt lat="22.7360640" lon="120.3363210">
    <ele>19.8</ele>
    <time>2026-07-27T08:37:42Z</time>
   </trkpt>
   <trkpt lat="22.7360580" lon="120.3363550">
    <ele>19.9</ele>
    <time>2026-07-27T08:37:43Z</time>
   </trkpt>
   <trkpt lat="22.7360520" lon="120.3363920">
    <ele>20.0</ele>
    <time>2026-07-27T08:37:44Z</time>
   </trkpt>
   <trkpt lat="22.7360440" lon="120.3364290">
    <ele>20.1</ele>
    <time>2026-07-27T08:37:45Z</time>
   </trkpt>
   <trkpt lat="22.7360290" lon="120.3364590">
    <ele>20.2</ele>
    <time>2026-07-27T08:37:46Z</time>
   </trkpt>
   <trkpt lat="22.7360150" lon="120.3364900">
    <ele>20.3</ele>
    <time>2026-07-27T08:37:47Z</time>
   </trkpt>
   <trkpt lat="22.7360050" lon="120.3365210">
    <ele>20.4</ele>
    <time>2026-07-27T08:37:48Z</time>
   </trkpt>
   <trkpt lat="22.7360010" lon="120.3365500">
    <ele>20.5</ele>
    <time>2026-07-27T08:37:49Z</time>
   </trkpt>
   <trkpt lat="22.7359910" lon="120.3365790">
    <ele>20.6</ele>
    <time>2026-07-27T08:37:50Z</time>
   </trkpt>
   <trkpt lat="22.7359820" lon="120.3366070">
    <ele>20.6</ele>
    <time>2026-07-27T08:37:51Z</time>
   </trkpt>
   <trkpt lat="22.7359750" lon="120.3366400">
    <ele>20.7</ele>
    <time>2026-07-27T08:37:52Z</time>
   </trkpt>
   <trkpt lat="22.7359690" lon="120.3366700">
    <ele>20.7</ele>
    <time>2026-07-27T08:37:53Z</time>
   </trkpt>
   <trkpt lat="22.7359620" lon="120.3366950">
    <ele>20.8</ele>
    <time>2026-07-27T08:37:54Z</time>
   </trkpt>
   <trkpt lat="22.7359550" lon="120.3367210">
    <ele>20.8</ele>
    <time>2026-07-27T08:37:55Z</time>
   </trkpt>
   <trkpt lat="22.7359490" lon="120.3367340">
    <ele>20.8</ele>
    <time>2026-07-27T08:37:56Z</time>
   </trkpt>
   <trkpt lat="22.7359430" lon="120.3367380">
    <ele>20.8</ele>
    <time>2026-07-27T08:37:57Z</time>
   </trkpt>
   <trkpt lat="22.7359350" lon="120.3367400">
    <ele>20.8</ele>
    <time>2026-07-27T08:37:58Z</time>
   </trkpt>
   <trkpt lat="22.7359250" lon="120.3367420">
    <ele>20.8</ele>
    <time>2026-07-27T08:37:59Z</time>
   </trkpt>
   <trkpt lat="22.7359080" lon="120.3367400">
    <ele>20.8</ele>
    <time>2026-07-27T08:38:00Z</time>
   </trkpt>
   <trkpt lat="22.7358920" lon="120.3367350">
    <ele>20.8</ele>
    <time>2026-07-27T08:38:01Z</time>
   </trkpt>
   <trkpt lat="22.7358780" lon="120.3367270">
    <ele>20.8</ele>
    <time>2026-07-27T08:38:02Z</time>
   </trkpt>
   <trkpt lat="22.7358640" lon="120.3367250">
    <ele>20.8</ele>
    <time>2026-07-27T08:38:03Z</time>
   </trkpt>
   <trkpt lat="22.7358450" lon="120.3367340">
    <ele>20.8</ele>
    <time>2026-07-27T08:38:04Z</time>
   </trkpt>
   <trkpt lat="22.7358160" lon="120.3367360">
    <ele>20.8</ele>
    <time>2026-07-27T08:38:05Z</time>
   </trkpt>
   <trkpt lat="22.7357710" lon="120.3367250">
    <ele>20.9</ele>
    <time>2026-07-27T08:38:06Z</time>
   </trkpt>
   <trkpt lat="22.7357320" lon="120.3367160">
    <ele>20.9</ele>
    <time>2026-07-27T08:38:07Z</time>
   </trkpt>
   <trkpt lat="22.7356930" lon="120.3367030">
    <ele>20.9</ele>
    <time>2026-07-27T08:38:08Z</time>
   </trkpt>
   <trkpt lat="22.7356490" lon="120.3366880">
    <ele>20.9</ele>
    <time>2026-07-27T08:38:09Z</time>
   </trkpt>
   <trkpt lat="22.7356080" lon="120.3366770">
    <ele>20.9</ele>
    <time>2026-07-27T08:38:10Z</time>
   </trkpt>
   <trkpt lat="22.7355680" lon="120.3366670">
    <ele>20.9</ele>
    <time>2026-07-27T08:38:11Z</time>
   </trkpt>
   <trkpt lat="22.7355320" lon="120.3366540">
    <ele>20.9</ele>
    <time>2026-07-27T08:38:12Z</time>
   </trkpt>
   <trkpt lat="22.7354970" lon="120.3366430">
    <ele>20.9</ele>
    <time>2026-07-27T08:38:13Z</time>
   </trkpt>
   <trkpt lat="22.7354650" lon="120.3366330">
    <ele>20.9</ele>
    <time>2026-07-27T08:38:14Z</time>
   </trkpt>
   <trkpt lat="22.7354320" lon="120.3366240">
    <ele>20.8</ele>
    <time>2026-07-27T08:38:15Z</time>
   </trkpt>
   <trkpt lat="22.7354010" lon="120.3366160">
    <ele>20.8</ele>
    <time>2026-07-27T08:38:16Z</time>
   </trkpt>
   <trkpt lat="22.7353750" lon="120.3366100">
    <ele>20.8</ele>
    <time>2026-07-27T08:38:17Z</time>
   </trkpt>
   <trkpt lat="22.7353530" lon="120.3366030">
    <ele>20.8</ele>
    <time>2026-07-27T08:38:18Z</time>
   </trkpt>
   <trkpt lat="22.7353370" lon="120.3365990">
    <ele>20.8</ele>
    <time>2026-07-27T08:38:19Z</time>
   </trkpt>
   <trkpt lat="22.7353310" lon="120.3365990">
    <ele>20.8</ele>
    <time>2026-07-27T08:38:20Z</time>
   </trkpt>
   <trkpt lat="22.7353340" lon="120.3365990">
    <ele>20.8</ele>
    <time>2026-07-27T08:38:21Z</time>
   </trkpt>
   <trkpt lat="22.7353330" lon="120.3365990">
    <ele>20.8</ele>
    <time>2026-07-27T08:38:22Z</time>
   </trkpt>
   <trkpt lat="22.7353330" lon="120.3366010">
    <ele>20.7</ele>
    <time>2026-07-27T08:38:23Z</time>
   </trkpt>
   <trkpt lat="22.7353320" lon="120.3366010">
    <ele>20.7</ele>
    <time>2026-07-27T08:38:24Z</time>
   </trkpt>
   <trkpt lat="22.7353240" lon="120.3366020">
    <ele>20.7</ele>
    <time>2026-07-27T08:38:25Z</time>
   </trkpt>
   <trkpt lat="22.7353110" lon="120.3366110">
    <ele>20.7</ele>
    <time>2026-07-27T08:38:26Z</time>
   </trkpt>
   <trkpt lat="22.7353150" lon="120.3366270">
    <ele>20.7</ele>
    <time>2026-07-27T08:38:27Z</time>
   </trkpt>
   <trkpt lat="22.7353290" lon="120.3366440">
    <ele>20.7</ele>
    <time>2026-07-27T08:38:28Z</time>
   </trkpt>
   <trkpt lat="22.7353580" lon="120.3366580">
    <ele>20.8</ele>
    <time>2026-07-27T08:38:29Z</time>
   </trkpt>
   <trkpt lat="22.7353930" lon="120.3366710">
    <ele>20.8</ele>
    <time>2026-07-27T08:38:30Z</time>
   </trkpt>
   <trkpt lat="22.7354320" lon="120.3366860">
    <ele>20.8</ele>
    <time>2026-07-27T08:38:31Z</time>
   </trkpt>
   <trkpt lat="22.7354700" lon="120.3366990">
    <ele>20.9</ele>
    <time>2026-07-27T08:38:32Z</time>
   </trkpt>
   <trkpt lat="22.7355080" lon="120.3367050">
    <ele>20.9</ele>
    <time>2026-07-27T08:38:33Z</time>
   </trkpt>
   <trkpt lat="22.7355450" lon="120.3367210">
    <ele>20.9</ele>
    <time>2026-07-27T08:38:34Z</time>
   </trkpt>
   <trkpt lat="22.7355820" lon="120.3367310">
    <ele>20.9</ele>
    <time>2026-07-27T08:38:35Z</time>
   </trkpt>
   <trkpt lat="22.7356210" lon="120.3367420">
    <ele>20.9</ele>
    <time>2026-07-27T08:38:36Z</time>
   </trkpt>
   <trkpt lat="22.7356610" lon="120.3367550">
    <ele>20.9</ele>
    <time>2026-07-27T08:38:37Z</time>
   </trkpt>
   <trkpt lat="22.7357010" lon="120.3367690">
    <ele>20.9</ele>
    <time>2026-07-27T08:38:38Z</time>
   </trkpt>
   <trkpt lat="22.7357420" lon="120.3367830">
    <ele>20.9</ele>
    <time>2026-07-27T08:38:39Z</time>
   </trkpt>
   <trkpt lat="22.7357790" lon="120.3367960">
    <ele>20.8</ele>
    <time>2026-07-27T08:38:40Z</time>
   </trkpt>
   <trkpt lat="22.7358160" lon="120.3368090">
    <ele>20.8</ele>
    <time>2026-07-27T08:38:41Z</time>
   </trkpt>
   <trkpt lat="22.7358510" lon="120.3368210">
    <ele>20.8</ele>
    <time>2026-07-27T08:38:42Z</time>
   </trkpt>
   <trkpt lat="22.7358870" lon="120.3368320">
    <ele>20.8</ele>
    <time>2026-07-27T08:38:43Z</time>
   </trkpt>
   <trkpt lat="22.7359250" lon="120.3368440">
    <ele>20.8</ele>
    <time>2026-07-27T08:38:44Z</time>
   </trkpt>
   <trkpt lat="22.7359610" lon="120.3368530">
    <ele>20.8</ele>
    <time>2026-07-27T08:38:45Z</time>
   </trkpt>
   <trkpt lat="22.7359800" lon="120.3368600">
    <ele>20.8</ele>
    <time>2026-07-27T08:38:46Z</time>
   </trkpt>
   <trkpt lat="22.7360780" lon="120.3368600">
    <ele>20.8</ele>
    <time>2026-07-27T08:38:47Z</time>
   </trkpt>
   <trkpt lat="22.7361210" lon="120.3368650">
    <ele>20.8</ele>
    <time>2026-07-27T08:38:48Z</time>
   </trkpt>
   <trkpt lat="22.7361670" lon="120.3368710">
    <ele>20.8</ele>
    <time>2026-07-27T08:38:49Z</time>
   </trkpt>
   <trkpt lat="22.7362150" lon="120.3368750">
    <ele>20.8</ele>
    <time>2026-07-27T08:38:50Z</time>
   </trkpt>
   <trkpt lat="22.7362580" lon="120.3369000">
    <ele>20.8</ele>
    <time>2026-07-27T08:38:51Z</time>
   </trkpt>
   <trkpt lat="22.7362870" lon="120.3369330">
    <ele>20.8</ele>
    <time>2026-07-27T08:38:52Z</time>
   </trkpt>
   <trkpt lat="22.7363140" lon="120.3369580">
    <ele>20.7</ele>
    <time>2026-07-27T08:38:53Z</time>
   </trkpt>
   <trkpt lat="22.7363550" lon="120.3369750">
    <ele>20.7</ele>
    <time>2026-07-27T08:38:54Z</time>
   </trkpt>
   <trkpt lat="22.7363960" lon="120.3369880">
    <ele>20.7</ele>
    <time>2026-07-27T08:38:55Z</time>
   </trkpt>
   <trkpt lat="22.7364380" lon="120.3369920">
    <ele>20.7</ele>
    <time>2026-07-27T08:38:56Z</time>
   </trkpt>
   <trkpt lat="22.7364780" lon="120.3370060">
    <ele>20.7</ele>
    <time>2026-07-27T08:38:57Z</time>
   </trkpt>
   <trkpt lat="22.7365170" lon="120.3370140">
    <ele>20.7</ele>
    <time>2026-07-27T08:38:58Z</time>
   </trkpt>
   <trkpt lat="22.7365550" lon="120.3370280">
    <ele>20.7</ele>
    <time>2026-07-27T08:38:59Z</time>
   </trkpt>
   <trkpt lat="22.7365890" lon="120.3370480">
    <ele>20.6</ele>
    <time>2026-07-27T08:39:00Z</time>
   </trkpt>
   <trkpt lat="22.7366170" lon="120.3370600">
    <ele>20.6</ele>
    <time>2026-07-27T08:39:01Z</time>
   </trkpt>
   <trkpt lat="22.7366330" lon="120.3370540">
    <ele>20.6</ele>
    <time>2026-07-27T08:39:02Z</time>
   </trkpt>
   <trkpt lat="22.7366410" lon="120.3370540">
    <ele>20.6</ele>
    <time>2026-07-27T08:39:03Z</time>
   </trkpt>
   <trkpt lat="22.7366560" lon="120.3370600">
    <ele>20.6</ele>
    <time>2026-07-27T08:39:04Z</time>
   </trkpt>
   <trkpt lat="22.7366790" lon="120.3370690">
    <ele>20.6</ele>
    <time>2026-07-27T08:39:05Z</time>
   </trkpt>
   <trkpt lat="22.7367220" lon="120.3370830">
    <ele>20.6</ele>
    <time>2026-07-27T08:39:06Z</time>
   </trkpt>
   <trkpt lat="22.7367630" lon="120.3370920">
    <ele>20.5</ele>
    <time>2026-07-27T08:39:07Z</time>
   </trkpt>
   <trkpt lat="22.7367980" lon="120.3370950">
    <ele>20.5</ele>
    <time>2026-07-27T08:39:08Z</time>
   </trkpt>
   <trkpt lat="22.7368320" lon="120.3371080">
    <ele>20.5</ele>
    <time>2026-07-27T08:39:09Z</time>
   </trkpt>
   <trkpt lat="22.7368660" lon="120.3371200">
    <ele>20.5</ele>
    <time>2026-07-27T08:39:10Z</time>
   </trkpt>
   <trkpt lat="22.7369020" lon="120.3371310">
    <ele>20.5</ele>
    <time>2026-07-27T08:39:11Z</time>
   </trkpt>
   <trkpt lat="22.7369380" lon="120.3371450">
    <ele>20.5</ele>
    <time>2026-07-27T08:39:12Z</time>
   </trkpt>
   <trkpt lat="22.7369670" lon="120.3371580">
    <ele>20.5</ele>
    <time>2026-07-27T08:39:13Z</time>
   </trkpt>
   <trkpt lat="22.7369930" lon="120.3371640">
    <ele>20.5</ele>
    <time>2026-07-27T08:39:14Z</time>
   </trkpt>
   <trkpt lat="22.7370090" lon="120.3371700">
    <ele>20.5</ele>
    <time>2026-07-27T08:39:15Z</time>
   </trkpt>
   <trkpt lat="22.7370200" lon="120.3371680">
    <ele>20.5</ele>
    <time>2026-07-27T08:39:16Z</time>
   </trkpt>
   <trkpt lat="22.7370340" lon="120.3371690">
    <ele>20.5</ele>
    <time>2026-07-27T08:39:17Z</time>
   </trkpt>
   <trkpt lat="22.7370440" lon="120.3371690">
    <ele>20.5</ele>
    <time>2026-07-27T08:39:18Z</time>
   </trkpt>
   <trkpt lat="22.7370580" lon="120.3371720">
    <ele>20.5</ele>
    <time>2026-07-27T08:39:19Z</time>
   </trkpt>
   <trkpt lat="22.7370800" lon="120.3371770">
    <ele>20.5</ele>
    <time>2026-07-27T08:39:20Z</time>
   </trkpt>
   <trkpt lat="22.7370920" lon="120.3371760">
    <ele>20.5</ele>
    <time>2026-07-27T08:39:21Z</time>
   </trkpt>
   <trkpt lat="22.7370810" lon="120.3371720">
    <ele>20.5</ele>
    <time>2026-07-27T08:39:22Z</time>
   </trkpt>
   <trkpt lat="22.7370790" lon="120.3371720">
    <ele>20.5</ele>
    <time>2026-07-27T08:39:23Z</time>
   </trkpt>
   <trkpt lat="22.7370780" lon="120.3371680">
    <ele>20.5</ele>
    <time>2026-07-27T08:39:24Z</time>
   </trkpt>
   <trkpt lat="22.7370740" lon="120.3371650">
    <ele>20.5</ele>
    <time>2026-07-27T08:39:25Z</time>
   </trkpt>
   <trkpt lat="22.7370720" lon="120.3371630">
    <ele>20.6</ele>
    <time>2026-07-27T08:39:26Z</time>
   </trkpt>
   <trkpt lat="22.7370740" lon="120.3371580">
    <ele>20.6</ele>
    <time>2026-07-27T08:39:27Z</time>
   </trkpt>
   <trkpt lat="22.7370750" lon="120.3371570">
    <ele>20.6</ele>
    <time>2026-07-27T08:39:28Z</time>
   </trkpt>
   <trkpt lat="22.7370770" lon="120.3371520">
    <ele>20.6</ele>
    <time>2026-07-27T08:39:29Z</time>
   </trkpt>
   <trkpt lat="22.7370870" lon="120.3371540">
    <ele>20.6</ele>
    <time>2026-07-27T08:39:30Z</time>
   </trkpt>
   <trkpt lat="22.7371190" lon="120.3371450">
    <ele>20.6</ele>
    <time>2026-07-27T08:39:31Z</time>
   </trkpt>
   <trkpt lat="22.7371480" lon="120.3371690">
    <ele>20.6</ele>
    <time>2026-07-27T08:39:32Z</time>
   </trkpt>
   <trkpt lat="22.7371910" lon="120.3371840">
    <ele>20.6</ele>
    <time>2026-07-27T08:39:33Z</time>
   </trkpt>
  </trkseg>
 </trk>
</gpx>
