<?xml version="1.0" encoding="UTF-8"?>
<gpx creator="StravaGPX" version="1.1" xmlns="http://www.topografix.com/GPX/1/1" xmlns:xsi="http://www.w3.org/2001/XMLSchema-instance" xsi:schemaLocation="http://www.topografix.com/GPX/1/1 http://www.topografix.com/GPX/1/1/gpx.xsd">
 <metadata>
  <time>2026-09-06T06:36:53Z</time>
 </metadata>
 <trk>
  <name>午後騎乘</name>
  <type>cycling</type>
  <trkseg>
   <trkpt lat="22.7285110" lon="120.3263510">
    <ele>17.4</ele>
    <time>2026-09-06T06:36:53Z</time>
   </trkpt>
   <trkpt lat="22.7285050" lon="120.3263560">
    <ele>17.4</ele>
    <time>2026-09-06T06:36:54Z</time>
   </trkpt>
   <trkpt lat="22.7284980" lon="120.3263610">
    <ele>17.4</ele>
    <time>2026-09-06T06:36:55Z</time>
   </trkpt>
   <trkpt lat="22.7284920" lon="120.3263670">
    <ele>17.4</ele>
    <time>2026-09-06T06:36:56Z</time>
   </trkpt>
   <trkpt lat="22.7284850" lon="120.3263720">
    <ele>17.4</ele>
    <time>2026-09-06T06:36:57Z</time>
   </trkpt>
   <trkpt lat="22.7284790" lon="120.3263770">
    <ele>17.4</ele>
    <time>2026-09-06T06:36:58Z</time>
   </trkpt>
   <trkpt lat="22.7284720" lon="120.3263820">
    <ele>17.4</ele>
    <time>2026-09-06T06:36:59Z</time>
   </trkpt>
   <trkpt lat="22.7284660" lon="120.3263870">
    <ele>17.4</ele>
    <time>2026-09-06T06:37:00Z</time>
   </trkpt>
   <trkpt lat="22.7284590" lon="120.3263930">
    <ele>17.4</ele>
    <time>2026-09-06T06:37:01Z</time>
   </trkpt>
   <trkpt lat="22.7284530" lon="120.3263980">
    <ele>17.4</ele>
    <time>2026-09-06T06:37:02Z</time>
   </trkpt>
   <trkpt lat="22.7284460" lon="120.3264030">
    <ele>17.4</ele>
    <time>2026-09-06T06:37:03Z</time>
   </trkpt>
   <trkpt lat="22.7284130" lon="120.3264310">
    <ele>17.4</ele>
    <time>2026-09-06T06:37:04Z</time>
   </trkpt>
   <trkpt lat="22.7283840" lon="120.3264540">
    <ele>17.4</ele>
    <time>2026-09-06T06:37:05Z</time>
   </trkpt>
   <trkpt lat="22.7283510" lon="120.3264790">
    <ele>17.4</ele>
    <time>2026-09-06T06:37:06Z</time>
   </trkpt>
   <trkpt lat="22.7283510" lon="120.3264790">
    <ele>17.4</ele>
    <time>2026-09-06T06:37:07Z</time>
   </trkpt>
   <trkpt lat="22.7283700" lon="120.3264720">
    <ele>17.4</ele>
    <time>2026-09-06T06:37:08Z</time>
   </trkpt>
   <trkpt lat="22.7284210" lon="120.3264510">
    <ele>17.4</ele>
    <time>2026-09-06T06:37:09Z</time>
   </trkpt>
   <trkpt lat="22.7284710" lon="120.3264310">
    <ele>17.4</ele>
    <time>2026-09-06T06:37:10Z</time>
   </trkpt>
   <trkpt lat="22.7285220" lon="120.3264100">
    <ele>17.4</ele>
    <time>2026-09-06T06:37:11Z</time>
   </trkpt>
   <trkpt lat="22.7285720" lon="120.3263890">
    <ele>17.4</ele>
    <time>2026-09-06T06:37:12Z</time>
   </trkpt>
   <trkpt lat="22.7286230" lon="120.3263690">
    <ele>17.4</ele>
    <time>2026-09-06T06:37:13Z</time>
   </trkpt>
   <trkpt lat="22.7286730" lon="120.3263480">
    <ele>17.4</ele>
    <time>2026-09-06T06:37:14Z</time>
   </trkpt>
   <trkpt lat="22.7286460" lon="120.3263550">
    <ele>17.4</ele>
    <time>2026-09-06T06:37:15Z</time>
   </trkpt>
   <trkpt lat="22.7286560" lon="120.3263360">
    <ele>17.4</ele>
    <time>2026-09-06T06:37:16Z</time>
   </trkpt>
   <trkpt lat="22.7285510" lon="120.3261830">
    <ele>17.5</ele>
    <time>2026-09-06T06:37:17Z</time>
   </trkpt>
   <trkpt lat="22.7285750" lon="120.3261280">
    <ele>17.9</ele>
    <time>2026-09-06T06:37:18Z</time>
   </trkpt>
   <trkpt lat="22.7285840" lon="120.3261080">
    <ele>18.1</ele>
    <time>2026-09-06T06:37:19Z</time>
   </trkpt>
   <trkpt lat="22.7285970" lon="120.3260720">
    <ele>18.6</ele>
    <time>2026-09-06T06:37:20Z</time>
   </trkpt>
   <trkpt lat="22.7286020" lon="120.3260240">
    <ele>19.2</ele>
    <time>2026-09-06T06:37:21Z</time>
   </trkpt>
   <trkpt lat="22.7286190" lon="120.3259670">
    <ele>19.9</ele>
    <time>2026-09-06T06:37:22Z</time>
   </trkpt>
   <trkpt lat="22.7286360" lon="120.3259320">
    <ele>20.4</ele>
    <time>2026-09-06T06:37:23Z</time>
   </trkpt>
   <trkpt lat="22.7286820" lon="120.3259060">
    <ele>21.1</ele>
    <time>2026-09-06T06:37:24Z</time>
   </trkpt>
   <trkpt lat="22.7287430" lon="120.3258820">
    <ele>22.0</ele>
    <time>2026-09-06T06:37:25Z</time>
   </trkpt>
   <trkpt lat="22.7287800" lon="120.3258640">
    <ele>22.5</ele>
    <time>2026-09-06T06:37:26Z</time>
   </trkpt>
   <trkpt lat="22.7288250" lon="120.3258610">
    <ele>23.1</ele>
    <time>2026-09-06T06:37:27Z</time>
   </trkpt>
   <trkpt lat="22.7288440" lon="120.3258400">
    <ele>23.4</ele>
    <time>2026-09-06T06:37:28Z</time>
   </trkpt>
   <trkpt lat="22.7288530" lon="120.3258540">
    <ele>23.7</ele>
    <time>2026-09-06T06:37:29Z</time>
   </trkpt>
   <trkpt lat="22.7288950" lon="120.3258400">
    <ele>24.2</ele>
    <time>2026-09-06T06:37:30Z</time>
   </trkpt>
   <trkpt lat="22.7289300" lon="120.3258920">
    <ele>25.0</ele>
    <time>2026-09-06T06:37:31Z</time>
   </trkpt>
   <trkpt lat="22.7289070" lon="120.3258660">
    <ele>25.4</ele>
    <time>2026-09-06T06:37:32Z</time>
   </trkpt>
   <trkpt lat="22.7289680" lon="120.3258770">
    <ele>26.2</ele>
    <time>2026-09-06T06:37:33Z</time>
   </trkpt>
   <trkpt lat="22.7290240" lon="120.3259090">
    <ele>27.0</ele>
    <time>2026-09-06T06:37:34Z</time>
   </trkpt>
   <trkpt lat="22.7290240" lon="120.3258510">
    <ele>27.7</ele>
    <time>2026-09-06T06:37:35Z</time>
   </trkpt>
   <trkpt lat="22.7290460" lon="120.3258400">
    <ele>28.0</ele>
    <time>2026-09-06T06:37:36Z</time>
   </trkpt>
   <trkpt lat="22.7289860" lon="120.3257460">
    <ele>29.4</ele>
    <time>2026-09-06T06:37:37Z</time>
   </trkpt>
   <trkpt lat="22.7289990" lon="120.3257070">
    <ele>29.9</ele>
    <time>2026-09-06T06:37:38Z</time>
   </trkpt>
   <trkpt lat="22.7290580" lon="120.3257630">
    <ele>30.9</ele>
    <time>2026-09-06T06:37:39Z</time>
   </trkpt>
   <trkpt lat="22.7290620" lon="120.3257440">
    <ele>31.2</ele>
    <time>2026-09-06T06:37:40Z</time>
   </trkpt>
   <trkpt lat="22.7290580" lon="120.3256930">
    <ele>31.5</ele>
    <time>2026-09-06T06:37:41Z</time>
   </trkpt>
   <trkpt lat="22.7290710" lon="120.3256460">
    <ele>29.7</ele>
    <time>2026-09-06T06:37:42Z</time>
   </trkpt>
   <trkpt lat="22.7290980" lon="120.3255950">
    <ele>27.6</ele>
    <time>2026-09-06T06:37:43Z</time>
   </trkpt>
   <trkpt lat="22.7291110" lon="120.3255700">
    <ele>26.5</ele>
    <time>2026-09-06T06:37:44Z</time>
   </trkpt>
   <trkpt lat="22.7291230" lon="120.3255450">
    <ele>25.5</ele>
    <time>2026-09-06T06:37:45Z</time>
   </trkpt>
   <trkpt lat="22.7291060" lon="120.3255040">
    <ele>23.9</ele>
    <time>2026-09-06T06:37:46Z</time>
   </trkpt>
   <trkpt lat="22.7290890" lon="120.3254640">
    <ele>22.3</ele>
    <time>2026-09-06T06:37:47Z</time>
   </trkpt>
   <trkpt lat="22.7290720" lon="120.3254230">
    <ele>20.7</ele>
    <time>2026-09-06T06:37:48Z</time>
   </trkpt>
   <trkpt lat="22.7290840" lon="120.3254080">
    <ele>20.0</ele>
    <time>2026-09-06T06:37:49Z</time>
   </trkpt>
   <trkpt lat="22.7290900" lon="120.3253260">
    <ele>16.0</ele>
    <time>2026-09-06T06:37:50Z</time>
   </trkpt>
   <trkpt lat="22.7291000" lon="120.3253140">
    <ele>16.0</ele>
    <time>2026-09-06T06:37:51Z</time>
   </trkpt>
   <trkpt lat="22.7291270" lon="120.3253240">
    <ele>16.0</ele>
    <time>2026-09-06T06:37:52Z</time>
   </trkpt>
   <trkpt lat="22.7291950" lon="120.3253630">
    <ele>16.0</ele>
    <time>2026-09-06T06:37:53Z</time>
   </trkpt>
   <trkpt lat="22.7292220" lon="120.3253330">
    <ele>16.0</ele>
    <time>2026-09-06T06:37:54Z</time>
   </trkpt>
   <trkpt lat="22.7292190" lon="120.3252810">
    <ele>16.0</ele>
    <time>2026-09-06T06:37:55Z</time>
   </trkpt>
   <trkpt lat="22.7292420" lon="120.3252480">
    <ele>16.0</ele>
    <time>2026-09-06T06:37:56Z</time>
   </trkpt>
   <trkpt lat="22.7292450" lon="120.3252690">
    <ele>16.0</ele>
    <time>2026-09-06T06:37:57Z</time>
   </trkpt>
   <trkpt lat="22.7292520" lon="120.3252660">
    <ele>16.0</ele>
    <time>2026-09-06T06:37:58Z</time>
   </trkpt>
   <trkpt lat="22.7292700" lon="120.3252400">
    <ele>16.0</ele>
    <time>2026-09-06T06:37:59Z</time>
   </trkpt>
   <trkpt lat="22.7292530" lon="120.3252330">
    <ele>16.0</ele>
    <time>2026-09-06T06:38:00Z</time>
   </trkpt>
   <trkpt lat="22.7292140" lon="120.3252280">
    <ele>16.0</ele>
    <time>2026-09-06T06:38:01Z</time>
   </trkpt>
   <trkpt lat="22.7291940" lon="120.3252060">
    <ele>16.0</ele>
    <time>2026-09-06T06:38:02Z</time>
   </trkpt>
   <trkpt lat="22.7291200" lon="120.3251530">
    <ele>16.0</ele>
    <time>2026-09-06T06:38:03Z</time>
   </trkpt>
   <trkpt lat="22.7290870" lon="120.3251500">
    <ele>16.0</ele>
    <time>2026-09-06T06:38:04Z</time>
   </trkpt>
   <trkpt lat="22.7290720" lon="120.3251550">
    <ele>16.0</ele>
    <time>2026-09-06T06:38:05Z</time>
   </trkpt>
   <trkpt lat="22.7290570" lon="120.3251990">
    <ele>16.0</ele>
    <time>2026-09-06T06:38:06Z</time>
   </trkpt>
   <trkpt lat="22.7290400" lon="120.3252110">
    <ele>16.0</ele>
    <time>2026-09-06T06:38:07Z</time>
   </trkpt>
   <trkpt lat="22.7290200" lon="120.3252420">
    <ele>16.0</ele>
    <time>2026-09-06T06:38:08Z</time>
   </trkpt>
   <trkpt lat="22.7290370" lon="120.3252790">
    <ele>16.0</ele>
    <time>2026-09-06T06:38:09Z</time>
   </trkpt>
   <trkpt lat="22.7290430" lon="120.3253120">
    <ele>16.0</ele>
    <time>2026-09-06T06:38:10Z</time>
   </trkpt>
   <trkpt lat="22.7290400" lon="120.3253140">
    <ele>16.0</ele>
    <time>2026-09-06T06:38:11Z</time>
   </trkpt>
   <trkpt lat="22.7290650" lon="120.3253380">
    <ele>16.0</ele>
    <time>2026-09-06T06:38:12Z</time>
   </trkpt>
   <trkpt lat="22.7290620" lon="120.3253420">
    <ele>16.0</ele>
    <time>2026-09-06T06:38:13Z</time>
   </trkpt>
   <trkpt lat="22.7290460" lon="120.3253330">
    <ele>16.0</ele>
    <time>2026-09-06T06:38:14Z</time>
   </trkpt>
   <trkpt lat="22.7290740" lon="120.3253200">
    <ele>16.0</ele>
    <time>2026-09-06T06:38:15Z</time>
   </trkpt>
   <trkpt lat="22.7290780" lon="120.3253000">
    <ele>16.0</ele>
    <time>2026-09-06T06:38:16Z</time>
   </trkpt>
   <trkpt lat="22.7290680" lon="120.3252880">
    <ele>16.0</ele>
    <time>2026-09-06T06:38:17Z</time>
   </trkpt>
   <trkpt lat="22.7290630" lon="120.3252790">
    <ele>16.0</ele>
    <time>2026-09-06T06:38:18Z</time>
   </trkpt>
   <trkpt lat="22.7290530" lon="120.3252870">
    <ele>16.0</ele>
    <time>2026-09-06T06:38:19Z</time>
   </trkpt>
   <trkpt lat="22.7290490" lon="120.3252750">
    <ele>16.0</ele>
    <time>2026-09-06T06:38:20Z</time>
   </trkpt>
   <trkpt lat="22.7290650" lon="120.3252770">
    <ele>16.0</ele>
    <time>2026-09-06T06:38:21Z</time>
   </trkpt>
   <trkpt lat="22.7290690" lon="120.3252750">
    <ele>16.0</ele>
    <time>2026-09-06T06:38:22Z</time>
   </trkpt>
   <trkpt lat="22.7290710" lon="120.3252770">
    <ele>16.0</ele>
    <time>2026-09-06T06:38:23Z</time>
   </trkpt>
   <trkpt lat="22.7290980" lon="120.3252840">
    <ele>16.0</ele>
    <time>2026-09-06T06:38:24Z</time>
   </trkpt>
   <trkpt lat="22.7291020" lon="120.3252870">
    <ele>16.0</ele>
    <time>2026-09-06T06:38:25Z</time>
   </trkpt>
   <trkpt lat="22.7290900" lon="120.3252760">
    <ele>16.0</ele>
    <time>2026-09-06T06:38:26Z</time>
   </trkpt>
   <trkpt lat="22.7290840" lon="120.3252630">
    <ele>16.0</ele>
    <time>2026-09-06T06:38:27Z</time>
   </trkpt>
   <trkpt lat="22.7290680" lon="120.3252750">
    <ele>16.0</ele>
    <time>2026-09-06T06:38:28Z</time>
   </trkpt>
   <trkpt lat="22.7290720" lon="120.3252880">
    <ele>16.0</ele>
    <time>2026-09-06T06:38:29Z</time>
   </trkpt>
   <trkpt lat="22.7290820" lon="120.3252960">
    <ele>16.0</ele>
    <time>2026-09-06T06:38:30Z</time>
   </trkpt>
   <trkpt lat="22.7290810" lon="120.3253050">
    <ele>16.0</ele>
    <time>2026-09-06T06:38:31Z</time>
   </trkpt>
   <trkpt lat="22.7290860" lon="120.3253150">
    <ele>16.0</ele>
    <time>2026-09-06T06:38:32Z</time>
   </trkpt>
   <trkpt lat="22.7290810" lon="120.3253190">
    <ele>16.0</ele>
    <time>2026-09-06T06:38:33Z</time>
   </trkpt>
   <trkpt lat="22.7290930" lon="120.3253150">
    <ele>16.0</ele>
    <time>2026-09-06T06:38:34Z</time>
   </trkpt>
   <trkpt lat="22.7290870" lon="120.3253120">
    <ele>16.0</ele>
    <time>2026-09-06T06:38:35Z</time>
   </trkpt>
   <trkpt lat="22.7290950" lon="120.3253130">
    <ele>16.0</ele>
    <time>2026-09-06T06:38:36Z</time>
   </trkpt>
   <trkpt lat="22.7290270" lon="120.3253110">
    <ele>16.0</ele>
    <time>2026-09-06T06:38:40Z</time>
   </trkpt>
   <trkpt lat="22.7290470" lon="120.3252950">
    <ele>16.0</ele>
    <time>2026-09-06T06:38:41Z</time>
   </trkpt>
   <trkpt lat="22.7290240" lon="120.3253030">
    <ele>16.0</ele>
    <time>2026-09-06T06:38:42Z</time>
   </trkpt>
   <trkpt lat="22.7289970" lon="120.3253060">
    <ele>16.0</ele>
    <time>2026-09-06T06:38:43Z</time>
   </trkpt>
   <trkpt lat="22.7289940" lon="120.3253040">
    <ele>16.0</ele>
    <time>2026-09-06T06:38:44Z</time>
   </trkpt>
   <trkpt lat="22.7289970" lon="120.3252940">
    <ele>16.0</ele>
    <time>2026-09-06T06:38:45Z</time>
   </trkpt>
   <trkpt lat="22.7289940" lon="120.3253030">
    <ele>16.0</ele>
    <time>2026-09-06T06:38:46Z</time>
   </trkpt>
   <trkpt lat="22.7290020" lon="120.3253150">
    <ele>16.4</ele>
    <time>2026-09-06T06:38:47Z</time>
   </trkpt>
   <trkpt lat="22.7290080" lon="120.3253280">
    <ele>16.6</ele>
    <time>2026-09-06T06:38:48Z</time>
   </trkpt>
   <trkpt lat="22.7290070" lon="120.3253410">
    <ele>16.8</ele>
    <time>2026-09-06T06:38:49Z</time>
   </trkpt>
   <trkpt lat="22.7290110" lon="120.3253640">
    <ele>17.1</ele>
    <time>2026-09-06T06:38:50Z</time>
   </trkpt>
   <trkpt lat="22.7290070" lon="120.3253680">
    <ele>17.1</ele>
    <time>2026-09-06T06:38:51Z</time>
   </trkpt>
   <trkpt lat="22.7290090" lon="120.3253620">
    <ele>17.2</ele>
    <time>2026-09-06T06:38:52Z</time>
   </trkpt>
   <trkpt lat="22.7290110" lon="120.3253590">
    <ele>17.3</ele>
    <time>2026-09-06T06:38:53Z</time>
   </trkpt>
   <trkpt lat="22.7290340" lon="120.3253560">
    <ele>17.6</ele>
    <time>2026-09-06T06:38:54Z</time>
   </trkpt>
   <trkpt lat="22.7290420" lon="120.3253630">
    <ele>17.7</ele>
    <time>2026-09-06T06:38:55Z</time>
   </trkpt>
   <trkpt lat="22.7290290" lon="120.3253580">
    <ele>17.9</ele>
    <time>2026-09-06T06:38:56Z</time>
   </trkpt>
   <trkpt lat="22.7290260" lon="120.3253600">
    <ele>18.0</ele>
    <time>2026-09-06T06:38:57Z</time>
   </trkpt>
   <trkpt lat="22.7290290" lon="120.3253560">
    <ele>18.0</ele>
    <time>2026-09-06T06:38:58Z</time>
   </trkpt>
   <trkpt lat="22.7290420" lon="120.3253710">
    <ele>18.3</ele>
    <time>2026-09-06T06:38:59Z</time>
   </trkpt>
   <trkpt lat="22.7290390" lon="120.3253620">
    <ele>18.4</ele>
    <time>2026-09-06T06:39:00Z</time>
   </trkpt>
   <trkpt lat="22.7290310" lon="120.3253560">
    <ele>18.6</ele>
    <time>2026-09-06T06:39:01Z</time>
   </trkpt>
   <trkpt lat="22.7290390" lon="120.3253840">
    <ele>18.9</ele>
    <time>2026-09-06T06:39:02Z</time>
   </trkpt>
   <trkpt lat="22.7290260" lon="120.3253880">
    <ele>19.1</ele>
    <time>2026-09-06T06:39:03Z</time>
   </trkpt>
   <trkpt lat="22.7290230" lon="120.3254110">
    <ele>19.4</ele>
    <time>2026-09-06T06:39:04Z</time>
   </trkpt>
   <trkpt lat="22.7290290" lon="120.3254360">
    <ele>19.8</ele>
    <time>2026-09-06T06:39:05Z</time>
   </trkpt>
   <trkpt lat="22.7290170" lon="120.3254420">
    <ele>20.0</ele>
    <time>2026-09-06T06:39:06Z</time>
   </trkpt>
   <trkpt lat="22.7290180" lon="120.3254640">
    <ele>20.2</ele>
    <time>2026-09-06T06:39:07Z</time>
   </trkpt>
   <trkpt lat="22.7290170" lon="120.3254840">
    <ele>20.5</ele>
    <time>2026-09-06T06:39:08Z</time>
   </trkpt>
   <trkpt lat="22.7290260" lon="120.3255070">
    <ele>20.8</ele>
    <time>2026-09-06T06:39:09Z</time>
   </trkpt>
   <trkpt lat="22.7290210" lon="120.3255280">
    <ele>21.1</ele>
    <time>2026-09-06T06:39:10Z</time>
   </trkpt>
   <trkpt lat="22.7290170" lon="120.3255640">
    <ele>21.6</ele>
    <time>2026-09-06T06:39:11Z</time>
   </trkpt>
   <trkpt lat="22.7290200" lon="120.3255750">
    <ele>21.7</ele>
    <time>2026-09-06T06:39:12Z</time>
   </trkpt>
   <trkpt lat="22.7290320" lon="120.3255710">
    <ele>21.9</ele>
    <time>2026-09-06T06:39:13Z</time>
   </trkpt>
   <trkpt lat="22.7290410" lon="120.3255820">
    <ele>22.1</ele>
    <time>2026-09-06T06:39:14Z</time>
   </trkpt>
   <trkpt lat="22.7290320" lon="120.3255820">
    <ele>22.2</ele>
    <time>2026-09-06T06:39:15Z</time>
   </trkpt>
   <trkpt lat="22.7290320" lon="120.3255950">
    <ele>22.4</ele>
    <time>2026-09-06T06:39:16Z</time>
   </trkpt>
   <trkpt lat="22.7290290" lon="120.3255810">
    <ele>22.6</ele>
    <time>2026-09-06T06:39:17Z</time>
   </trkpt>
   <trkpt lat="22.7290520" lon="120.3255780">
    <ele>22.9</ele>
    <time>2026-09-06T06:39:18Z</time>
   </trkpt>
   <trkpt lat="22.7290640" lon="120.3255820">
    <ele>23.1</ele>
    <time>2026-09-06T06:39:19Z</time>
   </trkpt>
   <trkpt lat="22.7290640" lon="120.3255800">
    <ele>23.1</ele>
    <time>2026-09-06T06:39:20Z</time>
   </trkpt>
   <trkpt lat="22.7290640" lon="120.3255800">
    <ele>23.1</ele>
    <time>2026-09-06T06:39:21Z</time>
   </trkpt>
   <trkpt lat="22.7290810" lon="120.3255700">
    <ele>23.4</ele>
    <time>2026-09-06T06:39:22Z</time>
   </trkpt>
   <trkpt lat="22.7290790" lon="120.3255780">
    <ele>23.5</ele>
    <time>2026-09-06T06:39:23Z</time>
   </trkpt>
   <trkpt lat="22.7290600" lon="120.3255730">
    <ele>23.7</ele>
    <time>2026-09-06T06:39:24Z</time>
   </trkpt>
   <trkpt lat="22.7290150" lon="120.3256000">
    <ele>24.5</ele>
    <time>2026-09-06T06:39:29Z</time>
   </trkpt>
   <trkpt lat="22.7290050" lon="120.3256050">
    <ele>24.6</ele>
    <time>2026-09-06T06:39:30Z</time>
   </trkpt>
   <trkpt lat="22.7290090" lon="120.3256100">
    <ele>24.7</ele>
    <time>2026-09-06T06:39:31Z</time>
   </trkpt>
   <trkpt lat="22.7290130" lon="120.3256180">
    <ele>24.8</ele>
    <time>2026-09-06T06:39:32Z</time>
   </trkpt>
   <trkpt lat="22.7290120" lon="120.3256180">
    <ele>24.8</ele>
    <time>2026-09-06T06:39:33Z</time>
   </trkpt>
   <trkpt lat="22.7290030" lon="120.3256140">
    <ele>25.0</ele>
    <time>2026-09-06T06:39:34Z</time>
   </trkpt>
   <trkpt lat="22.7289940" lon="120.3256120">
    <ele>25.1</ele>
    <time>2026-09-06T06:39:35Z</time>
   </trkpt>
   <trkpt lat="22.7289700" lon="120.3255940">
    <ele>25.5</ele>
    <time>2026-09-06T06:39:36Z</time>
   </trkpt>
   <trkpt lat="22.7289530" lon="120.3255830">
    <ele>25.8</ele>
    <time>2026-09-06T06:39:37Z</time>
   </trkpt>
   <trkpt lat="22.7289560" lon="120.3255840">
    <ele>25.8</ele>
    <time>2026-09-06T06:39:38Z</time>
   </trkpt>
   <trkpt lat="22.7289560" lon="120.3255840">
    <ele>25.8</ele>
    <time>2026-09-06T06:39:39Z</time>
   </trkpt>
   <trkpt lat="22.7289560" lon="120.3255840">
    <ele>25.8</ele>
    <time>2026-09-06T06:39:40Z</time>
   </trkpt>
   <trkpt lat="22.7289560" lon="120.3255840">
    <ele>25.8</ele>
    <time>2026-09-06T06:39:41Z</time>
   </trkpt>
   <trkpt lat="22.7289270" lon="120.3255690">
    <ele>26.3</ele>
    <time>2026-09-06T06:39:42Z</time>
   </trkpt>
   <trkpt lat="22.7289100" lon="120.3255600">
    <ele>26.6</ele>
    <time>2026-09-06T06:39:43Z</time>
   </trkpt>
   <trkpt lat="22.7289100" lon="120.3255600">
    <ele>26.6</ele>
    <time>2026-09-06T06:39:44Z</time>
   </trkpt>
   <trkpt lat="22.7289100" lon="120.3255600">
    <ele>26.6</ele>
    <time>2026-09-06T06:39:45Z</time>
   </trkpt>
   <trkpt lat="22.7289100" lon="120.3255600">
    <ele>26.6</ele>
    <time>2026-09-06T06:39:46Z</time>
   </trkpt>
   <trkpt lat="22.7289100" lon="120.3255600">
    <ele>26.6</ele>
    <time>2026-09-06T06:39:47Z</time>
   </trkpt>
   <trkpt lat="22.7289150" lon="120.3255780">
    <ele>26.8</ele>
    <time>2026-09-06T06:39:48Z</time>
   </trkpt>
   <trkpt lat="22.7289150" lon="120.3255780">
    <ele>26.8</ele>
    <time>2026-09-06T06:39:49Z</time>
   </trkpt>
   <trkpt lat="22.7289150" lon="120.3255780">
    <ele>26.8</ele>
    <time>2026-09-06T06:39:50Z</time>
   </trkpt>
   <trkpt lat="22.7289150" lon="120.3255780">
    <ele>26.8</ele>
    <time>2026-09-06T06:39:51Z</time>
   </trkpt>
   <trkpt lat="22.7289150" lon="120.3255780">
    <ele>26.8</ele>
    <time>2026-09-06T06:39:52Z</time>
   </trkpt>
   <trkpt lat="22.7289150" lon="120.3255780">
    <ele>26.8</ele>
    <time>2026-09-06T06:39:53Z</time>
   </trkpt>
   <trkpt lat="22.7289150" lon="120.3255780">
    <ele>26.8</ele>
    <time>2026-09-06T06:39:54Z</time>
   </trkpt>
   <trkpt lat="22.7289150" lon="120.3255780">
    <ele>26.8</ele>
    <time>2026-09-06T06:39:55Z</time>
   </trkpt>
   <trkpt lat="22.7289150" lon="120.3255780">
    <ele>26.8</ele>
    <time>2026-09-06T06:39:56Z</time>
   </trkpt>
   <trkpt lat="22.7289150" lon="120.3255780">
    <ele>26.8</ele>
    <time>2026-09-06T06:39:57Z</time>
   </trkpt>
   <trkpt lat="22.7289290" lon="120.3256330">
    <ele>27.5</ele>
    <time>2026-09-06T06:40:04Z</time>
   </trkpt>
   <trkpt lat="22.7289290" lon="120.3256330">
    <ele>27.5</ele>
    <time>2026-09-06T06:40:05Z</time>
   </trkpt>
   <trkpt lat="22.7289290" lon="120.3256330">
    <ele>27.5</ele>
    <time>2026-09-06T06:40:06Z</time>
   </trkpt>
   <trkpt lat="22.7289290" lon="120.3256330">
    <ele>27.5</ele>
    <time>2026-09-06T06:40:07Z</time>
   </trkpt>
   <trkpt lat="22.7289290" lon="120.3256330">
    <ele>27.5</ele>
    <time>2026-09-06T06:40:08Z</time>
   </trkpt>
   <trkpt lat="22.7289290" lon="120.3256330">
    <ele>27.5</ele>
    <time>2026-09-06T06:40:09Z</time>
   </trkpt>
   <trkpt lat="22.7289290" lon="120.3256330">
    <ele>27.5</ele>
    <time>2026-09-06T06:40:10Z</time>
   </trkpt>
   <trkpt lat="22.7289290" lon="120.3256330">
    <ele>27.5</ele>
    <time>2026-09-06T06:40:11Z</time>
   </trkpt>
   <trkpt lat="22.7289290" lon="120.3256330">
    <ele>27.5</ele>
    <time>2026-09-06T06:40:12Z</time>
   </trkpt>
   <trkpt lat="22.7289290" lon="120.3256330">
    <ele>27.5</ele>
    <time>2026-09-06T06:40:13Z</time>
   </trkpt>
   <trkpt lat="22.7289290" lon="120.3256330">
    <ele>27.5</ele>
    <time>2026-09-06T06:40:14Z</time>
   </trkpt>
   <trkpt lat="22.7289340" lon="120.3256500">
    <ele>27.8</ele>
    <time>2026-09-06T06:40:15Z</time>
   </trkpt>
   <trkpt lat="22.7289340" lon="120.3256510">
    <ele>27.8</ele>
    <time>2026-09-06T06:40:16Z</time>
   </trkpt>
   <trkpt lat="22.7289460" lon="120.3256970">
    <ele>28.4</ele>
    <time>2026-09-06T06:41:17Z</time>
   </trkpt>
   <trkpt lat="22.7289460" lon="120.3256980">
    <ele>28.4</ele>
    <time>2026-09-06T06:41:18Z</time>
   </trkpt>
   <trkpt lat="22.7288250" lon="120.3255310">
    <ele>31.2</ele>
    <time>2026-09-06T06:41:19Z</time>
   </trkpt>
   <trkpt lat="22.7287990" lon="120.3255430">
    <ele>31.6</ele>
    <time>2026-09-06T06:41:20Z</time>
   </trkpt>
   <trkpt lat="22.7288270" lon="120.3255430">
    <ele>31.9</ele>
    <time>2026-09-06T06:41:21Z</time>
   </trkpt>
   <trkpt lat="22.7288530" lon="120.3255480">
    <ele>32.0</ele>
    <time>2026-09-06T06:41:22Z</time>
   </trkpt>
   <trkpt lat="22.7288640" lon="120.3255820">
    <ele>31.7</ele>
    <time>2026-09-06T06:41:23Z</time>
   </trkpt>
   <trkpt lat="22.7288860" lon="120.3256160">
    <ele>31.3</ele>
    <time>2026-09-06T06:41:24Z</time>
   </trkpt>
   <trkpt lat="22.7288870" lon="120.3256260">
    <ele>31.2</ele>
    <time>2026-09-06T06:41:25Z</time>
   </trkpt>
   <trkpt lat="22.7288930" lon="120.3256380">
    <ele>31.1</ele>
    <time>2026-09-06T06:41:26Z</time>
   </trkpt>
   <trkpt lat="22.7288930" lon="120.3256620">
    <ele>30.9</ele>
    <time>2026-09-06T06:41:27Z</time>
   </trkpt>
   <trkpt lat="22.7288940" lon="120.3256740">
    <ele>30.8</ele>
    <time>2026-09-06T06:41:28Z</time>
   </trkpt>
   <trkpt lat="22.7288950" lon="120.3256830">
    <ele>30.7</ele>
    <time>2026-09-06T06:41:29Z</time>
   </trkpt>
   <trkpt lat="22.7289000" lon="120.3256980">
    <ele>30.5</ele>
    <time>2026-09-06T06:41:30Z</time>
   </trkpt>
   <trkpt lat="22.7289030" lon="120.3257130">
    <ele>30.4</ele>
    <time>2026-09-06T06:41:31Z</time>
   </trkpt>
   <trkpt lat="22.7289130" lon="120.3257270">
    <ele>30.2</ele>
    <time>2026-09-06T06:41:32Z</time>
   </trkpt>
   <trkpt lat="22.7289190" lon="120.3257380">
    <ele>30.1</ele>
    <time>2026-09-06T06:41:33Z</time>
   </trkpt>
   <trkpt lat="22.7289260" lon="120.3257400">
    <ele>30.0</ele>
    <time>2026-09-06T06:41:34Z</time>
   </trkpt>
   <trkpt lat="22.7289250" lon="120.3257420">
    <ele>30.0</ele>
    <time>2026-09-06T06:41:35Z</time>
   </trkpt>
   <trkpt lat="22.7289210" lon="120.3257470">
    <ele>30.0</ele>
    <time>2026-09-06T06:41:36Z</time>
   </trkpt>
   <trkpt lat="22.7289160" lon="120.3257480">
    <ele>29.9</ele>
    <time>2026-09-06T06:41:37Z</time>
   </trkpt>
   <trkpt lat="22.7289160" lon="120.3257480">
    <ele>29.9</ele>
    <time>2026-09-06T06:41:38Z</time>
   </trkpt>
   <trkpt lat="22.7289160" lon="120.3257480">
    <ele>29.9</ele>
    <time>2026-09-06T06:41:39Z</time>
   </trkpt>
   <trkpt lat="22.7289160" lon="120.3257500">
    <ele>29.9</ele>
    <time>2026-09-06T06:41:40Z</time>
   </trkpt>
   <trkpt lat="22.7289140" lon="120.3257410">
    <ele>29.8</ele>
    <time>2026-09-06T06:41:41Z</time>
   </trkpt>
   <trkpt lat="22.7289070" lon="120.3257280">
    <ele>29.7</ele>
    <time>2026-09-06T06:41:42Z</time>
   </trkpt>
   <trkpt lat="22.7289060" lon="120.3257220">
    <ele>29.6</ele>
    <time>2026-09-06T06:41:43Z</time>
   </trkpt>
   <trkpt lat="22.7288840" lon="120.3257770">
    <ele>29.1</ele>
    <time>2026-09-06T06:41:48Z</time>
   </trkpt>
   <trkpt lat="22.7288690" lon="120.3257730">
    <ele>28.9</ele>
    <time>2026-09-06T06:41:49Z</time>
   </trkpt>
   <trkpt lat="22.7288910" lon="120.3258030">
    <ele>28.6</ele>
    <time>2026-09-06T06:41:50Z</time>
   </trkpt>
   <trkpt lat="22.7288840" lon="120.3258090">
    <ele>28.5</ele>
    <time>2026-09-06T06:41:51Z</time>
   </trkpt>
   <trkpt lat="22.7288760" lon="120.3258080">
    <ele>28.4</ele>
    <time>2026-09-06T06:41:52Z</time>
   </trkpt>
   <trkpt lat="22.7288540" lon="120.3258090">
    <ele>28.2</ele>
    <time>2026-09-06T06:41:53Z</time>
   </trkpt>
   <trkpt lat="22.7288320" lon="120.3258130">
    <ele>28.0</ele>
    <time>2026-09-06T06:41:54Z</time>
   </trkpt>
   <trkpt lat="22.7288190" lon="120.3258110">
    <ele>27.9</ele>
    <time>2026-09-06T06:41:55Z</time>
   </trkpt>
   <trkpt lat="22.7287950" lon="120.3257940">
    <ele>27.6</ele>
    <time>2026-09-06T06:41:56Z</time>
   </trkpt>
   <trkpt lat="22.7288100" lon="120.3258010">
    <ele>27.4</ele>
    <time>2026-09-06T06:41:57Z</time>
   </trkpt>
   <trkpt lat="22.7288390" lon="120.3258180">
    <ele>27.1</ele>
    <time>2026-09-06T06:41:58Z</time>
   </trkpt>
   <trkpt lat="22.7288560" lon="120.3258190">
    <ele>27.0</ele>
    <time>2026-09-06T06:41:59Z</time>
   </trkpt>
   <trkpt lat="22.7288570" lon="120.3257940">
    <ele>26.7</ele>
    <time>2026-09-06T06:42:00Z</time>
   </trkpt>
   <trkpt lat="22.7288570" lon="120.3257870">
    <ele>26.7</ele>
    <time>2026-09-06T06:42:01Z</time>
   </trkpt>
   <trkpt lat="22.7288420" lon="120.3258030">
    <ele>26.5</ele>
    <time>2026-09-06T06:42:02Z</time>
   </trkpt>
   <trkpt lat="22.7288050" lon="120.3258090">
    <ele>26.1</ele>
    <time>2026-09-06T06:42:03Z</time>
   </trkpt>
   <trkpt lat="22.7288000" lon="120.3258350">
    <ele>25.9</ele>
    <time>2026-09-06T06:42:04Z</time>
   </trkpt>
   <trkpt lat="22.7288210" lon="120.3258480">
    <ele>25.7</ele>
    <time>2026-09-06T06:42:05Z</time>
   </trkpt>
   <trkpt lat="22.7288290" lon="120.3258740">
    <ele>25.4</ele>
    <time>2026-09-06T06:42:06Z</time>
   </trkpt>
   <trkpt lat="22.7288260" lon="120.3258920">
    <ele>25.3</ele>
    <time>2026-09-06T06:42:07Z</time>
   </trkpt>
   <trkpt lat="22.7288270" lon="120.3258960">
    <ele>25.2</ele>
    <time>2026-09-06T06:42:08Z</time>
   </trkpt>
   <trkpt lat="22.7288340" lon="120.3259050">
    <ele>25.1</ele>
    <time>2026-09-06T06:42:09Z</time>
   </trkpt>
   <trkpt lat="22.7288270" lon="120.3258980">
    <ele>25.0</ele>
    <time>2026-09-06T06:42:10Z</time>
   </trkpt>
   <trkpt lat="22.7288280" lon="120.3258970">
    <ele>25.0</ele>
    <time>2026-09-06T06:42:11Z</time>
   </trkpt>
   <trkpt lat="22.7287960" lon="120.3259120">
    <ele>24.7</ele>
    <time>2026-09-06T06:42:12Z</time>
   </trkpt>
   <trkpt lat="22.7287700" lon="120.3259150">
    <ele>24.4</ele>
    <time>2026-09-06T06:42:13Z</time>
   </trkpt>
   <trkpt lat="22.7287230" lon="120.3259150">
    <ele>24.0</ele>
    <time>2026-09-06T06:42:14Z</time>
   </trkpt>
   <trkpt lat="22.7286750" lon="120.3259140">
    <ele>23.4</ele>
    <time>2026-09-06T06:42:15Z</time>
   </trkpt>
   <trkpt lat="22.7286750" lon="120.3259130">
    <ele>23.4</ele>
    <time>2026-09-06T06:42:16Z</time>
   </trkpt>
   <trkpt lat="22.7286860" lon="120.3259140">
    <ele>23.5</ele>
    <time>2026-09-06T06:42:17Z</time>
   </trkpt>
   <trkpt lat="22.7286820" lon="120.3259160">
    <ele>23.5</ele>
    <time>2026-09-06T06:42:18Z</time>
   </trkpt>
   <trkpt lat="22.7286980" lon="120.3259110">
    <ele>23.6</ele>
    <time>2026-09-06T06:42:19Z</time>
   </trkpt>
   <trkpt lat="22.7287000" lon="120.3258960">
    <ele>23.7</ele>
    <time>2026-09-06T06:42:20Z</time>
   </trkpt>
   <trkpt lat="22.7287040" lon="120.3258900">
    <ele>23.7</ele>
    <time>2026-09-06T06:42:21Z</time>
   </trkpt>
   <trkpt lat="22.7287070" lon="120.3258840">
    <ele>23.8</ele>
    <time>2026-09-06T06:42:22Z</time>
   </trkpt>
   <trkpt lat="22.7287360" lon="120.3258720">
    <ele>24.0</ele>
    <time>2026-09-06T06:42:23Z</time>
   </trkpt>
   <trkpt lat="22.7287690" lon="120.3258930">
    <ele>24.2</ele>
    <time>2026-09-06T06:42:24Z</time>
   </trkpt>
   <trkpt lat="22.7287640" lon="120.3259020">
    <ele>24.3</ele>
    <time>2026-09-06T06:42:25Z</time>
   </trkpt>
   <trkpt lat="22.7287550" lon="120.3258950">
    <ele>24.4</ele>
    <time>2026-09-06T06:42:26Z</time>
   </trkpt>
   <trkpt lat="22.7287290" lon="120.3259160">
    <ele>24.6</ele>
    <time>2026-09-06T06:42:27Z</time>
   </trkpt>
   <trkpt lat="22.7287520" lon="120.3259150">
    <ele>24.7</ele>
    <time>2026-09-06T06:42:28Z</time>
   </trkpt>
   <trkpt lat="22.7287540" lon="120.3259100">
    <ele>24.7</ele>
    <time>2026-09-06T06:42:29Z</time>
   </trkpt>
   <trkpt lat="22.7287840" lon="120.3258960">
    <ele>24.9</ele>
    <time>2026-09-06T06:42:30Z</time>
   </trkpt>
   <trkpt lat="22.7287900" lon="120.3259010">
    <ele>25.0</ele>
    <time>2026-09-06T06:42:31Z</time>
   </trkpt>
   <trkpt lat="22.7287900" lon="120.3259010">
    <ele>25.0</ele>
    <time>2026-09-06T06:42:32Z</time>
   </trkpt>
   <trkpt lat="22.7287860" lon="120.3258960">
    <ele>25.0</ele>
    <time>2026-09-06T06:42:33Z</time>
   </trkpt>
   <trkpt lat="22.7287840" lon="120.3258850">
    <ele>25.1</ele>
    <time>2026-09-06T06:42:34Z</time>
   </trkpt>
   <trkpt lat="22.7287870" lon="120.3258790">
    <ele>25.1</ele>
    <time>2026-09-06T06:42:35Z</time>
   </trkpt>
   <trkpt lat="22.7287920" lon="120.3258720">
    <ele>25.2</ele>
    <time>2026-09-06T06:42:36Z</time>
   </trkpt>
   <trkpt lat="22.7288260" lon="120.3258600">
    <ele>25.4</ele>
    <time>2026-09-06T06:42:37Z</time>
   </trkpt>
   <trkpt lat="22.7289000" lon="120.3258530">
    <ele>25.9</ele>
    <time>2026-09-06T06:42:38Z</time>
   </trkpt>
   <trkpt lat="22.7289220" lon="120.3258340">
    <ele>26.0</ele>
    <time>2026-09-06T06:42:39Z</time>
   </trkpt>
   <trkpt lat="22.7289650" lon="120.3258280">
    <ele>26.3</ele>
    <time>2026-09-06T06:42:40Z</time>
   </trkpt>
   <trkpt lat="22.7290100" lon="120.3258290">
    <ele>26.6</ele>
    <time>2026-09-06T06:42:41Z</time>
   </trkpt>
   <trkpt lat="22.7290160" lon="120.3258210">
    <ele>26.6</ele>
    <time>2026-09-06T06:42:42Z</time>
   </trkpt>
   <trkpt lat="22.7290180" lon="120.3258210">
    <ele>26.7</ele>
    <time>2026-09-06T06:42:43Z</time>
   </trkpt>
   <trkpt lat="22.7290390" lon="120.3258340">
    <ele>26.8</ele>
    <time>2026-09-06T06:42:44Z</time>
   </trkpt>
   <trkpt lat="22.7290500" lon="120.3258340">
    <ele>26.9</ele>
    <time>2026-09-06T06:42:45Z</time>
   </trkpt>
   <trkpt lat="22.7290410" lon="120.3258290">
    <ele>26.9</ele>
    <time>2026-09-06T06:42:46Z</time>
   </trkpt>
   <trkpt lat="22.7290590" lon="120.3258320">
    <ele>27.0</ele>
    <time>2026-09-06T06:42:47Z</time>
   </trkpt>
   <trkpt lat="22.7290960" lon="120.3258530">
    <ele>27.3</ele>
    <time>2026-09-06T06:42:48Z</time>
   </trkpt>
   <trkpt lat="22.7290530" lon="120.3258550">
    <ele>27.6</ele>
    <time>2026-09-06T06:42:49Z</time>
   </trkpt>
   <trkpt lat="22.7290360" lon="120.3258550">
    <ele>27.7</ele>
    <time>2026-09-06T06:42:50Z</time>
   </trkpt>
   <trkpt lat="22.7290580" lon="120.3258720">
    <ele>27.8</ele>
    <time>2026-09-06T06:42:51Z</time>
   </trkpt>
   <trkpt lat="22.7290690" lon="120.3258820">
    <ele>27.9</ele>
    <time>2026-09-06T06:42:52Z</time>
   </trkpt>
   <trkpt lat="22.7290690" lon="120.3258770">
    <ele>28.0</ele>
    <time>2026-09-06T06:42:53Z</time>
   </trkpt>
   <trkpt lat="22.7290670" lon="120.3258740">
    <ele>28.0</ele>
    <time>2026-09-06T06:42:54Z</time>
   </trkpt>
   <trkpt lat="22.7290740" lon="120.3258760">
    <ele>28.0</ele>
    <time>2026-09-06T06:42:55Z</time>
   </trkpt>
   <trkpt lat="22.7290360" lon="120.3258610">
    <ele>28.3</ele>
    <time>2026-09-06T06:42:56Z</time>
   </trkpt>
   <trkpt lat="22.7290440" lon="120.3258350">
    <ele>28.4</ele>
    <time>2026-09-06T06:42:57Z</time>
   </trkpt>
   <trkpt lat="22.7290460" lon="120.3258350">
    <ele>28.5</ele>
    <time>2026-09-06T06:42:58Z</time>
   </trkpt>
   <trkpt lat="22.7290230" lon="120.3258290">
    <ele>28.6</ele>
    <time>2026-09-06T06:42:59Z</time>
   </trkpt>
   <trkpt lat="22.7290740" lon="120.3258300">
    <ele>28.9</ele>
    <time>2026-09-06T06:43:00Z</time>
   </trkpt>
   <trkpt lat="22.7290790" lon="120.3257930">
    <ele>29.1</ele>
    <time>2026-09-06T06:43:01Z</time>
   </trkpt>
   <trkpt lat="22.7290750" lon="120.3257740">
    <ele>29.3</ele>
    <time>2026-09-06T06:43:02Z</time>
   </trkpt>
   <trkpt lat="22.7290790" lon="120.3257610">
    <ele>29.3</ele>
    <time>2026-09-06T06:43:03Z</time>
   </trkpt>
   <trkpt lat="22.7290760" lon="120.3257490">
    <ele>29.4</ele>
    <time>2026-09-06T06:43:04Z</time>
   </trkpt>
   <trkpt lat="22.7290780" lon="120.3257530">
    <ele>29.4</ele>
    <time>2026-09-06T06:43:05Z</time>
   </trkpt>
   <trkpt lat="22.7290870" lon="120.3257610">
    <ele>29.5</ele>
    <time>2026-09-06T06:43:06Z</time>
   </trkpt>
   <trkpt lat="22.7290810" lon="120.3257670">
    <ele>29.6</ele>
    <time>2026-09-06T06:43:07Z</time>
   </trkpt>
   <trkpt lat="22.7290700" lon="120.3257720">
    <ele>29.6</ele>
    <time>2026-09-06T06:43:08Z</time>
   </trkpt>
   <trkpt lat="22.7290490" lon="120.3257710">
    <ele>29.8</ele>
    <time>2026-09-06T06:43:09Z</time>
   </trkpt>
   <trkpt lat="22.7290320" lon="120.3257630">
    <ele>29.9</ele>
    <time>2026-09-06T06:43:10Z</time>
   </trkpt>
   <trkpt lat="22.7290160" lon="120.3257550">
    <ele>30.0</ele>
    <time>2026-09-06T06:43:11Z</time>
   </trkpt>
   <trkpt lat="22.7289990" lon="120.3257470">
    <ele>30.1</ele>
    <time>2026-09-06T06:43:12Z</time>
   </trkpt>
   <trkpt lat="22.7289820" lon="120.3257390">
    <ele>30.2</ele>
    <time>2026-09-06T06:43:13Z</time>
   </trkpt>
   <trkpt lat="22.7289850" lon="120.3257420">
    <ele>30.3</ele>
    <time>2026-09-06T06:43:14Z</time>
   </trkpt>
   <trkpt lat="22.7289810" lon="120.3257390">
    <ele>30.3</ele>
    <time>2026-09-06T06:43:15Z</time>
   </trkpt>
   <trkpt lat="22.7289740" lon="120.3257410">
    <ele>30.3</ele>
    <time>2026-09-06T06:43:16Z</time>
   </trkpt>
   <trkpt lat="22.7290110" lon="120.3257540">
    <ele>30.6</ele>
    <time>2026-09-06T06:43:21Z</time>
   </trkpt>
   <trkpt lat="22.7289910" lon="120.3257510">
    <ele>30.7</ele>
    <time>2026-09-06T06:43:22Z</time>
   </trkpt>
   <trkpt lat="22.7289950" lon="120.3257520">
    <ele>30.7</ele>
    <time>2026-09-06T06:43:23Z</time>
   </trkpt>
   <trkpt lat="22.7289950" lon="120.3257520">
    <ele>30.7</ele>
    <time>2026-09-06T06:43:24Z</time>
   </trkpt>
   <trkpt lat="22.7290040" lon="120.3257650">
    <ele>30.8</ele>
    <time>2026-09-06T06:43:25Z</time>
   </trkpt>
   <trkpt lat="22.7290130" lon="120.3257680">
    <ele>30.9</ele>
    <time>2026-09-06T06:43:26Z</time>
   </trkpt>
   <trkpt lat="22.7290240" lon="120.3257550">
    <ele>31.0</ele>
    <time>2026-09-06T06:43:27Z</time>
   </trkpt>
   <trkpt lat="22.7290500" lon="120.3257630">
    <ele>31.2</ele>
    <time>2026-09-06T06:43:28Z</time>
   </trkpt>
   <trkpt lat="22.7290570" lon="120.3257690">
    <ele>31.2</ele>
    <time>2026-09-06T06:43:29Z</time>
   </trkpt>
   <trkpt lat="22.7290610" lon="120.3257720">
    <ele>31.3</ele>
    <time>2026-09-06T06:43:30Z</time>
   </trkpt>
   <trkpt lat="22.7290470" lon="120.3257720">
    <ele>31.3</ele>
    <time>2026-09-06T06:43:31Z</time>
   </trkpt>
   <trkpt lat="22.7290400" lon="120.3257680">
    <ele>31.4</ele>
    <time>2026-09-06T06:43:32Z</time>
   </trkpt>
   <trkpt lat="22.7290370" lon="120.3257640">
    <ele>31.4</ele>
    <time>2026-09-06T06:43:33Z</time>
   </trkpt>
   <trkpt lat="22.7290190" lon="120.3257560">
    <ele>31.5</ele>
    <time>2026-09-06T06:43:34Z</time>
   </trkpt>
   <trkpt lat="22.7290360" lon="120.3257330">
    <ele>31.7</ele>
    <time>2026-09-06T06:43:35Z</time>
   </trkpt>
   <trkpt lat="22.7290530" lon="120.3257100">
    <ele>31.9</ele>
    <time>2026-09-06T06:43:36Z</time>
   </trkpt>
   <trkpt lat="22.7290640" lon="120.3256970">
    <ele>32.0</ele>
    <time>2026-09-06T06:43:37Z</time>
   </trkpt>
   <trkpt lat="22.7290530" lon="120.3256830">
    <ele>31.7</ele>
    <time>2026-09-06T06:43:38Z</time>
   </trkpt>
   <trkpt lat="22.7290460" lon="120.3256780">
    <ele>31.5</ele>
    <time>2026-09-06T06:43:39Z</time>
   </trkpt>
   <trkpt lat="22.7290400" lon="120.3256690">
    <ele>31.3</ele>
    <time>2026-09-06T06:43:40Z</time>
   </trkpt>
   <trkpt lat="22.7290120" lon="120.3256460">
    <ele>30.3</ele>
    <time>2026-09-06T06:43:41Z</time>
   </trkpt>
   <trkpt lat="22.7289940" lon="120.3256300">
    <ele>29.7</ele>
    <time>2026-09-06T06:43:42Z</time>
   </trkpt>
   <trkpt lat="22.7289990" lon="120.3256260">
    <ele>29.6</ele>
    <time>2026-09-06T06:43:43Z</time>
   </trkpt>
   <trkpt lat="22.7289930" lon="120.3256250">
    <ele>29.4</ele>
    <time>2026-09-06T06:43:44Z</time>
   </trkpt>
   <trkpt lat="22.7289690" lon="120.3256110">
    <ele>28.7</ele>
    <time>2026-09-06T06:43:45Z</time>
   </trkpt>
   <trkpt lat="22.7289590" lon="120.3255810">
    <ele>27.9</ele>
    <time>2026-09-06T06:43:46Z</time>
   </trkpt>
   <trkpt lat="22.7289660" lon="120.3255840">
    <ele>27.7</ele>
    <time>2026-09-06T06:43:47Z</time>
   </trkpt>
   <trkpt lat="22.7289880" lon="120.3255770">
    <ele>27.1</ele>
    <time>2026-09-06T06:43:48Z</time>
   </trkpt>
   <trkpt lat="22.7289930" lon="120.3255610">
    <ele>26.7</ele>
    <time>2026-09-06T06:43:49Z</time>
   </trkpt>
   <trkpt lat="22.7290100" lon="120.3255500">
    <ele>26.2</ele>
    <time>2026-09-06T06:43:50Z</time>
   </trkpt>
   <trkpt lat="22.7290300" lon="120.3255390">
    <ele>25.6</ele>
    <time>2026-09-06T06:43:51Z</time>
   </trkpt>
   <trkpt lat="22.7290430" lon="120.3255350">
    <ele>25.3</ele>
    <time>2026-09-06T06:43:52Z</time>
   </trkpt>
   <trkpt lat="22.7290580" lon="120.3255370">
    <ele>24.9</ele>
    <time>2026-09-06T06:43:53Z</time>
   </trkpt>
   <trkpt lat="22.7290720" lon="120.3255290">
    <ele>24.5</ele>
    <time>2026-09-06T06:43:54Z</time>
   </trkpt>
   <trkpt lat="22.7290660" lon="120.3255090">
    <ele>24.0</ele>
    <time>2026-09-06T06:43:55Z</time>
   </trkpt>
   <trkpt lat="22.7290820" lon="120.3254940">
    <ele>23.4</ele>
    <time>2026-09-06T06:43:56Z</time>
   </trkpt>
   <trkpt lat="22.7290870" lon="120.3254800">
    <ele>23.0</ele>
    <time>2026-09-06T06:43:57Z</time>
   </trkpt>
   <trkpt lat="22.7290970" lon="120.3254680">
    <ele>22.6</ele>
    <time>2026-09-06T06:43:58Z</time>
   </trkpt>
   <trkpt lat="22.7291110" lon="120.3254640">
    <ele>22.3</ele>
    <time>2026-09-06T06:43:59Z</time>
   </trkpt>
   <trkpt lat="22.7291230" lon="120.3254560">
    <ele>21.9</ele>
    <time>2026-09-06T06:44:00Z</time>
   </trkpt>
   <trkpt lat="22.7291350" lon="120.3254440">
    <ele>21.5</ele>
    <time>2026-09-06T06:44:01Z</time>
   </trkpt>
   <trkpt lat="22.7291240" lon="120.3254350">
    <ele>21.1</ele>
    <time>2026-09-06T06:44:02Z</time>
   </trkpt>
   <trkpt lat="22.7290960" lon="120.3254260">
    <ele>20.3</ele>
    <time>2026-09-06T06:44:03Z</time>
   </trkpt>
   <trkpt lat="22.7290900" lon="120.3254170">
    <ele>20.1</ele>
    <time>2026-09-06T06:44:04Z</time>
   </trkpt>
   <trkpt lat="22.7290900" lon="120.3254060">
    <ele>19.8</ele>
    <time>2026-09-06T06:44:05Z</time>
   </trkpt>
   <trkpt lat="22.7290850" lon="120.3253860">
    <ele>19.3</ele>
    <time>2026-09-06T06:44:06Z</time>
   </trkpt>
   <trkpt lat="22.7290730" lon="120.3253880">
    <ele>19.0</ele>
    <time>2026-09-06T06:44:07Z</time>
   </trkpt>
   <trkpt lat="22.7290740" lon="120.3253860">
    <ele>18.9</ele>
    <time>2026-09-06T06:44:08Z</time>
   </trkpt>
   <trkpt lat="22.7290770" lon="120.3253770">
    <ele>18.7</ele>
    <time>2026-09-06T06:44:09Z</time>
   </trkpt>
   <trkpt lat="22.7290750" lon="120.3253650">
    <ele>18.4</ele>
    <time>2026-09-06T06:44:10Z</time>
   </trkpt>
   <trkpt lat="22.7290880" lon="120.3253830">
    <ele>17.9</ele>
    <time>2026-09-06T06:44:11Z</time>
   </trkpt>
   <trkpt lat="22.7290870" lon="120.3253640">
    <ele>17.4</ele>
    <time>2026-09-06T06:44:12Z</time>
   </trkpt>
   <trkpt lat="22.7290850" lon="120.3253450">
    <ele>16.9</ele>
    <time>2026-09-06T06:44:13Z</time>
   </trkpt>
   <trkpt lat="22.7290830" lon="120.3253260">
    <ele>16.5</ele>
    <time>2026-09-06T06:44:14Z</time>
   </trkpt>
   <trkpt lat="22.7290820" lon="120.3253070">
    <ele>16.0</ele>
    <time>2026-09-06T06:44:15Z</time>
   </trkpt>
   <trkpt lat="22.7290560" lon="120.3252140">
    <ele>16.0</ele>
    <time>2026-09-06T06:44:16Z</time>
   </trkpt>
   <trkpt lat="22.7290240" lon="120.3252420">
    <ele>16.0</ele>
    <time>2026-09-06T06:44:17Z</time>
   </trkpt>
   <trkpt lat="22.7290950" lon="120.3252110">
    <ele>16.0</ele>
    <time>2026-09-06T06:44:18Z</time>
   </trkpt>
   <trkpt lat="22.7290740" lon="120.3252080">
    <ele>16.0</ele>
    <time>2026-09-06T06:44:19Z</time>
   </trkpt>
   <trkpt lat="22.7290830" lon="120.3252120">
    <ele>16.0</ele>
    <time>2026-09-06T06:44:20Z</time>
   </trkpt>
   <trkpt lat="22.7290560" lon="120.3251730">
    <ele>16.0</ele>
    <time>2026-09-06T06:44:21Z</time>
   </trkpt>
   <trkpt lat="22.7290390" lon="120.3251910">
    <ele>16.0</ele>
    <time>2026-09-06T06:44:22Z</time>
   </trkpt>
   <trkpt lat="22.7290220" lon="120.3251870">
    <ele>16.0</ele>
    <time>2026-09-06T06:44:23Z</time>
   </trkpt>
   <trkpt lat="22.7290110" lon="120.3251850">
    <ele>16.0</ele>
    <time>2026-09-06T06:44:24Z</time>
   </trkpt>
   <trkpt lat="22.7290010" lon="120.3251830">
    <ele>16.0</ele>
    <time>2026-09-06T06:44:25Z</time>
   </trkpt>
   <trkpt lat="22.7290000" lon="120.3251810">
    <ele>16.0</ele>
    <time>2026-09-06T06:44:26Z</time>
   </trkpt>
   <trkpt lat="22.7289970" lon="120.3251880">
    <ele>16.0</ele>
    <time>2026-09-06T06:44:27Z</time>
   </trkpt>
   <trkpt lat="22.7289950" lon="120.3251810">
    <ele>16.0</ele>
    <time>2026-09-06T06:44:28Z</time>
   </trkpt>
   <trkpt lat="22.7290010" lon="120.3251780">
    <ele>16.0</ele>
    <time>2026-09-06T06:44:29Z</time>
   </trkpt>
   <trkpt lat="22.7290190" lon="120.3251710">
    <ele>16.0</ele>
    <time>2026-09-06T06:44:30Z</time>
   </trkpt>
   <trkpt lat="22.7290220" lon="120.3251690">
    <ele>16.0</ele>
    <time>2026-09-06T06:44:31Z</time>
   </trkpt>
   <trkpt lat="22.7290310" lon="120.3251790">
    <ele>16.0</ele>
    <time>2026-09-06T06:44:32Z</time>
   </trkpt>
   <trkpt lat="22.7290320" lon="120.3251810">
    <ele>16.0</ele>
    <time>2026-09-06T06:44:33Z</time>
   </trkpt>
   <trkpt lat="22.7290360" lon="120.3251770">
    <ele>16.0</ele>
    <time>2026-09-06T06:44:34Z</time>
   </trkpt>
   <trkpt lat="22.7290390" lon="120.3251820">
    <ele>16.0</ele>
    <time>2026-09-06T06:44:35Z</time>
   </trkpt>
   <trkpt lat="22.7290440" lon="120.3251840">
    <ele>16.0</ele>
    <time>2026-09-06T06:44:36Z</time>
   </trkpt>
   <trkpt lat="22.7290470" lon="120.3251850">
    <ele>16.0</ele>
    <time>2026-09-06T06:44:37Z</time>
   </trkpt>
   <trkpt lat="22.7290470" lon="120.3251950">
    <ele>16.0</ele>
    <time>2026-09-06T06:44:38Z</time>
   </trkpt>
   <trkpt lat="22.7290500" lon="120.3251960">
    <ele>16.0</ele>
    <time>2026-09-06T06:44:39Z</time>
   </trkpt>
   <trkpt lat="22.7290490" lon="120.3252030">
    <ele>16.0</ele>
    <time>2026-09-06T06:44:40Z</time>
   </trkpt>
   <trkpt lat="22.7290470" lon="120.3252030">
    <ele>16.0</ele>
    <time>2026-09-06T06:44:41Z</time>
   </trkpt>
   <trkpt lat="22.7290440" lon="120.3252020">
    <ele>16.0</ele>
    <time>2026-09-06T06:44:42Z</time>
   </trkpt>
   <trkpt lat="22.7290300" lon="120.3251920">
    <ele>16.0</ele>
    <time>2026-09-06T06:44:43Z</time>
   </trkpt>
   <trkpt lat="22.7290180" lon="120.3251820">
    <ele>16.0</ele>
    <time>2026-09-06T06:44:44Z</time>
   </trkpt>
   <trkpt lat="22.7290140" lon="120.3251850">
    <ele>16.0</ele>
    <time>2026-09-06T06:44:45Z</time>
   </trkpt>
   <trkpt lat="22.7290100" lon="120.3251910">
    <ele>16.0</ele>
    <time>2026-09-06T06:44:46Z</time>
   </trkpt>
   <trkpt lat="22.7289980" lon="120.3251670">
    <ele>16.0</ele>
    <time>2026-09-06T06:44:47Z</time>
   </trkpt>
   <trkpt lat="22.7290210" lon="120.3251740">
    <ele>16.0</ele>
    <time>2026-09-06T06:44:48Z</time>
   </trkpt>
   <trkpt lat="22.7290260" lon="120.3251750">
    <ele>16.0</ele>
    <time>2026-09-06T06:44:49Z</time>
   </trkpt>
   <trkpt lat="22.7291430" lon="120.3252100">
    <ele>16.0</ele>
    <time>2026-09-06T06:45:12Z</time>
   </trkpt>
   <trkpt lat="22.7291480" lon="120.3252110">
    <ele>16.0</ele>
    <time>2026-09-06T06:45:13Z</time>
   </trkpt>
   <trkpt lat="22.7291650" lon="120.3251810">
    <ele>16.0</ele>
    <time>2026-09-06T06:45:14Z</time>
   </trkpt>
   <trkpt lat="22.7291840" lon="120.3251500">
    <ele>16.0</ele>
    <time>2026-09-06T06:45:15Z</time>
   </trkpt>
   <trkpt lat="22.7291850" lon="120.3251130">
    <ele>16.0</ele>
    <time>2026-09-06T06:45:16Z</time>
   </trkpt>
   <trkpt lat="22.7291740" lon="120.3250830">
    <ele>16.0</ele>
    <time>2026-09-06T06:45:17Z</time>
   </trkpt>
   <trkpt lat="22.7291550" lon="120.3250600">
    <ele>16.0</ele>
    <time>2026-09-06T06:45:18Z</time>
   </trkpt>
   <trkpt lat="22.7291400" lon="120.3250510">
    <ele>16.0</ele>
    <time>2026-09-06T06:45:19Z</time>
   </trkpt>
   <trkpt lat="22.7291260" lon="120.3250670">
    <ele>16.0</ele>
    <time>2026-09-06T06:45:20Z</time>
   </trkpt>
   <trkpt lat="22.7291310" lon="120.3250830">
    <ele>16.0</ele>
    <time>2026-09-06T06:45:21Z</time>
   </trkpt>
   <trkpt lat="22.7291400" lon="120.3251100">
    <ele>16.0</ele>
    <time>2026-09-06T06:45:22Z</time>
   </trkpt>
   <trkpt lat="22.7291470" lon="120.3251470">
    <ele>16.0</ele>
    <time>2026-09-06T06:45:23Z</time>
   </trkpt>
   <trkpt lat="22.7291210" lon="120.3251880">
    <ele>16.0</ele>
    <time>2026-09-06T06:45:24Z</time>
   </trkpt>
   <trkpt lat="22.7290930" lon="120.3252370">
    <ele>16.0</ele>
    <time>2026-09-06T06:45:25Z</time>
   </trkpt>
   <trkpt lat="22.7290620" lon="120.3252950">
    <ele>16.3</ele>
    <time>2026-09-06T06:45:26Z</time>
   </trkpt>
   <trkpt lat="22.7290280" lon="120.3253550">
    <ele>19.4</ele>
    <time>2026-09-06T06:45:27Z</time>
   </trkpt>
   <trkpt lat="22.7289960" lon="120.3254220">
    <ele>22.7</ele>
    <time>2026-09-06T06:45:28Z</time>
   </trkpt>
   <trkpt lat="22.7289650" lon="120.3254960">
    <ele>26.3</ele>
    <time>2026-09-06T06:45:29Z</time>
   </trkpt>
   <trkpt lat="22.7289300" lon="120.3255680">
    <ele>29.9</ele>
    <time>2026-09-06T06:45:30Z</time>
   </trkpt>
   <trkpt lat="22.7288920" lon="120.3256400">
    <ele>31.2</ele>
    <time>2026-09-06T06:45:31Z</time>
   </trkpt>
   <trkpt lat="22.7288550" lon="120.3257070">
    <ele>29.5</ele>
    <time>2026-09-06T06:45:32Z</time>
   </trkpt>
   <trkpt lat="22.7288240" lon="120.3257810">
    <ele>27.7</ele>
    <time>2026-09-06T06:45:33Z</time>
   </trkpt>
   <trkpt lat="22.7287850" lon="120.3258460">
    <ele>26.0</ele>
    <time>2026-09-06T06:45:34Z</time>
   </trkpt>
   <trkpt lat="22.7287590" lon="120.3259140">
    <ele>24.4</ele>
    <time>2026-09-06T06:45:35Z</time>
   </trkpt>
   <trkpt lat="22.7287290" lon="120.3259700">
    <ele>23.0</ele>
    <time>2026-09-06T06:45:36Z</time>
   </trkpt>
   <trkpt lat="22.7287040" lon="120.3260220">
    <ele>21.7</ele>
    <time>2026-09-06T06:45:37Z</time>
   </trkpt>
   <trkpt lat="22.7286840" lon="120.3260660">
    <ele>20.6</ele>
    <time>2026-09-06T06:45:38Z</time>
   </trkpt>
   <trkpt lat="22.7286640" lon="120.3260970">
    <ele>19.7</ele>
    <time>2026-09-06T06:45:39Z</time>
   </trkpt>
   <trkpt lat="22.7286660" lon="120.3261250">
    <ele>19.1</ele>
    <time>2026-09-06T06:45:40Z</time>
   </trkpt>
   <trkpt lat="22.7286400" lon="120.3261760">
    <ele>17.8</ele>
    <time>2026-09-06T06:45:41Z</time>
   </trkpt>
   <trkpt lat="22.7286220" lon="120.3261960">
    <ele>17.6</ele>
    <time>2026-09-06T06:45:42Z</time>
   </trkpt>
   <trkpt lat="22.7286220" lon="120.3262490">
    <ele>17.4</ele>
    <time>2026-09-06T06:45:43Z</time>
   </trkpt>
   <trkpt lat="22.7286420" lon="120.3262980">
    <ele>17.4</ele>
    <time>2026-09-06T06:45:44Z</time>
   </trkpt>
   <trkpt lat="22.7286720" lon="120.3263390">
    <ele>17.4</ele>
    <time>2026-09-06T06:45:45Z</time>
   </trkpt>
   <trkpt lat="22.7286920" lon="120.3263660">
    <ele>17.4</ele>
    <time>2026-09-06T06:45:46Z</time>
   </trkpt>
   <trkpt lat="22.7287110" lon="120.3263870">
    <ele>17.4</ele>
    <time>2026-09-06T06:45:47Z</time>
   </trkpt>
   <trkpt lat="22.7287250" lon="120.3264010">
    <ele>17.4</ele>
    <time>2026-09-06T06:45:48Z</time>
   </trkpt>
   <trkpt lat="22.7287250" lon="120.3264010">
    <ele>17.4</ele>
    <time>2026-09-06T06:45:49Z</time>
   </trkpt>
   <trkpt lat="22.7287490" lon="120.3264120">
    <ele>17.4</ele>
    <time>2026-09-06T06:45:50Z</time>
   </trkpt>
   <trkpt lat="22.7287570" lon="120.3264160">
    <ele>17.4</ele>
    <time>2026-09-06T06:45:51Z</time>
   </trkpt>
   <trkpt lat="22.7287650" lon="120.3264190">
    <ele>17.4</ele>
    <time>2026-09-06T06:45:52Z</time>
   </trkpt>
   <trkpt lat="22.7287730" lon="120.3264230">
    <ele>17.4</ele>
    <time>2026-09-06T06:45:53Z</time>
   </trkpt>
   <trkpt lat="22.7287810" lon="120.3264260">
    <ele>17.4</ele>
    <time>2026-09-06T06:45:54Z</time>
   </trkpt>
   <trkpt lat="22.7287890" lon="120.3264300">
    <ele>17.4</ele>
    <time>2026-09-06T06:45:55Z</time>
   </trkpt>
   <trkpt lat="22.7287970" lon="120.3264340">
    <ele>17.4</ele>
    <time>2026-09-06T06:45:56Z</time>
   </trkpt>
   <trkpt lat="22.7288040" lon="120.3264370">
    <ele>17.4</ele>
    <time>2026-09-06T06:45:57Z</time>
   </trkpt>
   <trkpt lat="22.7288120" lon="120.3264410">
    <ele>17.4</ele>
    <time>2026-09-06T06:45:58Z</time>
   </trkpt>
   <trkpt lat="22.7288200" lon="120.3264440">
    <ele>17.4</ele>
    <time>2026-09-06T06:45:59Z</time>
   </trkpt>
   <trkpt lat="22.7288750" lon="120.3264690">
    <ele>17.4</ele>
    <time>2026-09-06T06:46:06Z</time>
   </trkpt>
   <trkpt lat="22.7288830" lon="120.3264730">
    <ele>17.4</ele>
    <time>2026-09-06T06:46:07Z</time>
   </trkpt>
   <trkpt lat="22.7289360" lon="120.3265040">
    <ele>17.3</ele>
    <time>2026-09-06T06:46:08Z</time>
   </trkpt>
   <trkpt lat="22.7289980" lon="120.3265500">
    <ele>17.3</ele>
    <time>2026-09-06T06:46:09Z</time>
   </trkpt>
   <trkpt lat="22.7290590" lon="120.3265770">
    <ele>17.3</ele>
    <time>2026-09-06T06:46:10Z</time>
   </trkpt>
   <trkpt lat="22.7291190" lon="120.3266090">
    <ele>17.3</ele>
    <time>2026-09-06T06:46:11Z</time>
   </trkpt>
   <trkpt lat="22.7291710" lon="120.3266430">
    <ele>17.3</ele>
    <time>2026-09-06T06:46:12Z</time>
   </trkpt>
   <trkpt lat="22.7292260" lon="120.3266780">
    <ele>17.3</ele>
    <time>2026-09-06T06:46:13Z</time>
   </trkpt>
   <trkpt lat="22.7292870" lon="120.3267160">
    <ele>17.3</ele>
    <time>2026-09-06T06:46:14Z</time>
   </trkpt>
   <trkpt lat="22.7293400" lon="120.3267630">
    <ele>17.3</ele>
    <time>2026-09-06T06:46:15Z</time>
   </trkpt>
   <trkpt lat="22.7294010" lon="120.3268140">
    <ele>17.3</ele>
    <time>2026-09-06T06:46:16Z</time>
   </trkpt>
   <trkpt lat="22.7294760" lon="120.3268420">
    <ele>17.3</ele>
    <time>2026-09-06T06:46:17Z</time>
   </trkpt>
   <trkpt lat="22.7295420" lon="120.3268780">
    <ele>17.4</ele>
    <time>2026-09-06T06:46:18Z</time>
   </trkpt>
   <trkpt lat="22.7296070" lon="120.3269320">
    <ele>17.5</ele>
    <time>2026-09-06T06:46:19Z</time>
   </trkpt>
   <trkpt lat="22.7296770" lon="120.3269720">
    <ele>17.6</ele>
    <time>2026-09-06T06:46:20Z</time>
   </trkpt>
   <trkpt lat="22.7297500" lon="120.3270170">
    <ele>17.6</ele>
    <time>2026-09-06T06:46:21Z</time>
   </trkpt>
   <trkpt lat="22.7298200" lon="120.3270650">
    <ele>17.7</ele>
    <time>2026-09-06T06:46:22Z</time>
   </trkpt>
   <trkpt lat="22.7298900" lon="120.3271170">
    <ele>17.7</ele>
    <time>2026-09-06T06:46:23Z</time>
   </trkpt>
   <trkpt lat="22.7299690" lon="120.3271630">
    <ele>17.8</ele>
    <time>2026-09-06T06:46:24Z</time>
   </trkpt>
   <trkpt lat="22.7300280" lon="120.3272240">
    <ele>17.8</ele>
    <time>2026-09-06T06:46:25Z</time>
   </trkpt>
   <trkpt lat="22.7300810" lon="120.3272670">
    <ele>17.9</ele>
    <time>2026-09-06T06:46:26Z</time>
   </trkpt>
   <trkpt lat="22.7301300" lon="120.3273220">
    <ele>17.9</ele>
    <time>2026-09-06T06:46:27Z</time>
   </trkpt>
   <trkpt lat="22.7301760" lon="120.3273620">
    <ele>18.0</ele>
    <time>2026-09-06T06:46:28Z</time>
   </trkpt>
   <trkpt lat="22.7302190" lon="120.3274070">
    <ele>18.1</ele>
    <time>2026-09-06T06:46:29Z</time>
   </trkpt>
   <trkpt lat="22.7302600" lon="120.3274410">
    <ele>18.1</ele>
    <time>2026-09-06T06:46:30Z</time>
   </trkpt>
   <trkpt lat="22.7303070" lon="120.3274670">
    <ele>18.2</ele>
    <time>2026-09-06T06:46:31Z</time>
   </trkpt>
   <trkpt lat="22.7303390" lon="120.3275110">
    <ele>18.3</ele>
    <time>2026-09-06T06:46:32Z</time>
   </trkpt>
   <trkpt lat="22.7303860" lon="120.3275530">
    <ele>18.3</ele>
    <time>2026-09-06T06:46:33Z</time>
   </trkpt>
   <trkpt lat="22.7304190" lon="120.3275920">
    <ele>18.4</ele>
    <time>2026-09-06T06:46:34Z</time>
   </trkpt>
   <trkpt lat="22.7304360" lon="120.3276280">
    <ele>18.4</ele>
    <time>2026-09-06T06:46:35Z</time>
   </trkpt>
   <trkpt lat="22.7304470" lon="120.3276580">
    <ele>18.4</ele>
    <time>2026-09-06T06:46:36Z</time>
   </trkpt>
   <trkpt lat="22.7304340" lon="120.3276950">
    <ele>18.5</ele>
    <time>2026-09-06T06:46:37Z</time>
   </trkpt>
   <trkpt lat="22.7304100" lon="120.3277190">
    <ele>18.5</ele>
    <time>2026-09-06T06:46:38Z</time>
   </trkpt>
   <trkpt lat="22.7303840" lon="120.3277340">
    <ele>18.8</ele>
    <time>2026-09-06T06:46:39Z</time>
   </trkpt>
   <trkpt lat="22.7303650" lon="120.3277520">
    <ele>19.2</ele>
    <time>2026-09-06T06:46:40Z</time>
   </trkpt>
   <trkpt lat="22.7303420" lon="120.3277560">
    <ele>19.6</ele>
    <time>2026-09-06T06:46:41Z</time>
   </trkpt>
   <trkpt lat="22.7303250" lon="120.3277580">
    <ele>19.9</ele>
    <time>2026-09-06T06:46:42Z</time>
   </trkpt>
   <trkpt lat="22.7303210" lon="120.3277550">
    <ele>19.9</ele>
    <time>2026-09-06T06:46:43Z</time>
   </trkpt>
   <trkpt lat="22.7303190" lon="120.3277560">
    <ele>20.0</ele>
    <time>2026-09-06T06:46:44Z</time>
   </trkpt>
   <trkpt lat="22.7303160" lon="120.3277610">
    <ele>20.1</ele>
    <time>2026-09-06T06:46:45Z</time>
   </trkpt>
   <trkpt lat="22.7303180" lon="120.3277720">
    <ele>20.2</ele>
    <time>2026-09-06T06:46:46Z</time>
   </trkpt>
   <trkpt lat="22.7303180" lon="120.3277730">
    <ele>20.3</ele>
    <time>2026-09-06T06:46:47Z</time>
   </trkpt>
   <trkpt lat="22.7303180" lon="120.3277690">
    <ele>20.3</ele>
    <time>2026-09-06T06:46:48Z</time>
   </trkpt>
   <trkpt lat="22.7303160" lon="120.3277710">
    <ele>20.4</ele>
    <time>2026-09-06T06:46:49Z</time>
   </trkpt>
   <trkpt lat="22.7303150" lon="120.3277740">
    <ele>20.4</ele>
    <time>2026-09-06T06:46:50Z</time>
   </trkpt>
   <trkpt lat="22.7303170" lon="120.3277820">
    <ele>20.5</ele>
    <time>2026-09-06T06:46:51Z</time>
   </trkpt>
   <trkpt lat="22.7303160" lon="120.3277790">
    <ele>20.6</ele>
    <time>2026-09-06T06:46:52Z</time>
   </trkpt>
   <trkpt lat="22.7303160" lon="120.3277790">
    <ele>20.6</ele>
    <time>2026-09-06T06:46:53Z</time>
   </trkpt>
   <trkpt lat="22.7303170" lon="120.3277860">
    <ele>20.7</ele>
    <time>2026-09-06T06:46:54Z</time>
   </trkpt>
   <trkpt lat="22.7303280" lon="120.3277100">
    <ele>20.5</ele>
    <time>2026-09-06T06:47:44Z</time>
   </trkpt>
   <trkpt lat="22.7303190" lon="120.3277130">
    <ele>20.5</ele>
    <time>2026-09-06T06:47:45Z</time>
   </trkpt>
   <trkpt lat="22.7303040" lon="120.3277110">
    <ele>20.5</ele>
    <time>2026-09-06T06:47:46Z</time>
   </trkpt>
   <trkpt lat="22.7302910" lon="120.3277150">
    <ele>20.5</ele>
    <time>2026-09-06T06:47:47Z</time>
   </trkpt>
   <trkpt lat="22.7302760" lon="120.3277150">
    <ele>20.5</ele>
    <time>2026-09-06T06:47:48Z</time>
   </trkpt>
   <trkpt lat="22.7302690" lon="120.3277240">
    <ele>20.4</ele>
    <time>2026-09-06T06:47:49Z</time>
   </trkpt>
   <trkpt lat="22.7302590" lon="120.3277270">
    <ele>20.4</ele>
    <time>2026-09-06T06:47:50Z</time>
   </trkpt>
   <trkpt lat="22.7302450" lon="120.3277300">
    <ele>20.4</ele>
    <time>2026-09-06T06:47:51Z</time>
   </trkpt>
   <trkpt lat="22.7302310" lon="120.3277270">
    <ele>20.4</ele>
    <time>2026-09-06T06:47:52Z</time>
   </trkpt>
   <trkpt lat="22.7302180" lon="120.3277270">
    <ele>20.4</ele>
    <time>2026-09-06T06:47:53Z</time>
   </trkpt>
   <trkpt lat="22.7302090" lon="120.3277230">
    <ele>20.4</ele>
    <time>2026-09-06T06:47:54Z</time>
   </trkpt>
   <trkpt lat="22.7302000" lon="120.3277170">
    <ele>20.4</ele>
    <time>2026-09-06T06:47:55Z</time>
   </trkpt>
   <trkpt lat="22.7301900" lon="120.3277120">
    <ele>20.4</ele>
    <time>2026-09-06T06:47:56Z</time>
   </trkpt>
   <trkpt lat="22.7301810" lon="120.3277130">
    <ele>20.4</ele>
    <time>2026-09-06T06:47:57Z</time>
   </trkpt>
   <trkpt lat="22.7301800" lon="120.3277130">
    <ele>20.4</ele>
    <time>2026-09-06T06:47:58Z</time>
   </trkpt>
   <trkpt lat="22.7302080" lon="120.3277560">
    <ele>20.4</ele>
    <time>2026-09-06T06:48:13Z</time>
   </trkpt>
   <trkpt lat="22.7302090" lon="120.3277690">
    <ele>20.4</ele>
    <time>2026-09-06T06:48:14Z</time>
   </trkpt>
   <trkpt lat="22.7302010" lon="120.3277890">
    <ele>20.4</ele>
    <time>2026-09-06T06:48:15Z</time>
   </trkpt>
   <trkpt lat="22.7301670" lon="120.3277860">
    <ele>20.3</ele>
    <time>2026-09-06T06:48:16Z</time>
   </trkpt>
   <trkpt lat="22.7301350" lon="120.3277730">
    <ele>20.3</ele>
    <time>2026-09-06T06:48:17Z</time>
   </trkpt>
   <trkpt lat="22.7301200" lon="120.3277640">
    <ele>20.3</ele>
    <time>2026-09-06T06:48:18Z</time>
   </trkpt>
   <trkpt lat="22.7301070" lon="120.3277670">
    <ele>20.3</ele>
    <time>2026-09-06T06:48:19Z</time>
   </trkpt>
   <trkpt lat="22.7301030" lon="120.3277580">
    <ele>20.3</ele>
    <time>2026-09-06T06:48:20Z</time>
   </trkpt>
   <trkpt lat="22.7300950" lon="120.3277450">
    <ele>20.3</ele>
    <time>2026-09-06T06:48:21Z</time>
   </trkpt>
   <trkpt lat="22.7301120" lon="120.3277610">
    <ele>20.3</ele>
    <time>2026-09-06T06:48:22Z</time>
   </trkpt>
   <trkpt lat="22.7301420" lon="120.3278100">
    <ele>20.3</ele>
    <time>2026-09-06T06:48:23Z</time>
   </trkpt>
   <trkpt lat="22.7301340" lon="120.3278410">
    <ele>20.3</ele>
    <time>2026-09-06T06:48:24Z</time>
   </trkpt>
   <trkpt lat="22.7301370" lon="120.3278640">
    <ele>20.2</ele>
    <time>2026-09-06T06:48:25Z</time>
   </trkpt>
   <trkpt lat="22.7301410" lon="120.3278430">
    <ele>20.2</ele>
    <time>2026-09-06T06:48:26Z</time>
   </trkpt>
   <trkpt lat="22.7301410" lon="120.3278540">
    <ele>20.2</ele>
    <time>2026-09-06T06:48:27Z</time>
   </trkpt>
   <trkpt lat="22.7301440" lon="120.3278910">
    <ele>20.2</ele>
    <time>2026-09-06T06:48:28Z</time>
   </trkpt>
   <trkpt lat="22.7301300" lon="120.3279230">
    <ele>20.2</ele>
    <time>2026-09-06T06:48:29Z</time>
   </trkpt>
   <trkpt lat="22.7301260" lon="120.3279330">
    <ele>20.2</ele>
    <time>2026-09-06T06:48:30Z</time>
   </trkpt>
   <trkpt lat="22.7301050" lon="120.3279450">
    <ele>20.2</ele>
    <time>2026-09-06T06:48:31Z</time>
   </trkpt>
   <trkpt lat="22.7301080" lon="120.3279610">
    <ele>20.2</ele>
    <time>2026-09-06T06:48:32Z</time>
   </trkpt>
   <trkpt lat="22.7300950" lon="120.3279590">
    <ele>20.2</ele>
    <time>2026-09-06T06:48:33Z</time>
   </trkpt>
   <trkpt lat="22.7300910" lon="120.3279590">
    <ele>20.2</ele>
    <time>2026-09-06T06:48:34Z</time>
   </trkpt>
   <trkpt lat="22.7300780" lon="120.3279520">
    <ele>20.2</ele>
    <time>2026-09-06T06:48:35Z</time>
   </trkpt>
   <trkpt lat="22.7300470" lon="120.3279460">
    <ele>20.2</ele>
    <time>2026-09-06T06:48:36Z</time>
   </trkpt>
   <trkpt lat="22.7300430" lon="120.3279320">
    <ele>20.2</ele>
    <time>2026-09-06T06:48:37Z</time>
   </trkpt>
   <trkpt lat="22.7300230" lon="120.3279080">
    <ele>20.2</ele>
    <time>2026-09-06T06:48:38Z</time>
   </trkpt>
   <trkpt lat="22.7300100" lon="120.3278770">
    <ele>20.3</ele>
    <time>2026-09-06T06:48:39Z</time>
   </trkpt>
   <trkpt lat="22.7300210" lon="120.3278250">
    <ele>20.3</ele>
    <time>2026-09-06T06:48:40Z</time>
   </trkpt>
   <trkpt lat="22.7300140" lon="120.3278230">
    <ele>20.3</ele>
    <time>2026-09-06T06:48:41Z</time>
   </trkpt>
   <trkpt lat="22.7300040" lon="120.3278300">
    <ele>20.3</ele>
    <time>2026-09-06T06:48:42Z</time>
   </trkpt>
   <trkpt lat="22.7299960" lon="120.3278480">
    <ele>20.3</ele>
    <time>2026-09-06T06:48:43Z</time>
   </trkpt>
   <trkpt lat="22.7299850" lon="120.3278580">
    <ele>20.3</ele>
    <time>2026-09-06T06:48:44Z</time>
   </trkpt>
   <trkpt lat="22.7299780" lon="120.3278640">
    <ele>20.3</ele>
    <time>2026-09-06T06:48:45Z</time>
   </trkpt>
   <trkpt lat="22.7299750" lon="120.3278740">
    <ele>20.3</ele>
    <time>2026-09-06T06:48:46Z</time>
   </trkpt>
   <trkpt lat="22.7299730" lon="120.3278630">
    <ele>20.3</ele>
    <time>2026-09-06T06:48:47Z</time>
   </trkpt>
   <trkpt lat="22.7299760" lon="120.3278570">
    <ele>20.3</ele>
    <time>2026-09-06T06:48:48Z</time>
   </trkpt>
   <trkpt lat="22.7299650" lon="120.3278590">
    <ele>20.3</ele>
    <time>2026-09-06T06:48:49Z</time>
   </trkpt>
   <trkpt lat="22.7299610" lon="120.3278570">
    <ele>20.3</ele>
    <time>2026-09-06T06:48:50Z</time>
   </trkpt>
   <trkpt lat="22.7299560" lon="120.3278620">
    <ele>20.3</ele>
    <time>2026-09-06T06:48:51Z</time>
   </trkpt>
   <trkpt lat="22.7299560" lon="120.3278620">
    <ele>20.3</ele>
    <time>2026-09-06T06:48:52Z</time>
   </trkpt>
   <trkpt lat="22.7299560" lon="120.3278620">
    <ele>20.3</ele>
    <time>2026-09-06T06:48:53Z</time>
   </trkpt>
   <trkpt lat="22.7299560" lon="120.3278620">
    <ele>20.3</ele>
    <time>2026-09-06T06:48:54Z</time>
   </trkpt>
   <trkpt lat="22.7299560" lon="120.3278620">
    <ele>20.3</ele>
    <time>2026-09-06T06:48:55Z</time>
   </trkpt>
   <trkpt lat="22.7299500" lon="120.3278710">
    <ele>20.3</ele>
    <time>2026-09-06T06:48:56Z</time>
   </trkpt>
   <trkpt lat="22.7298790" lon="120.3279160">
    <ele>20.4</ele>
    <time>2026-09-06T06:49:08Z</time>
   </trkpt>
   <trkpt lat="22.7298640" lon="120.3279440">
    <ele>20.4</ele>
    <time>2026-09-06T06:49:09Z</time>
   </trkpt>
   <trkpt lat="22.7298470" lon="120.3279580">
    <ele>20.4</ele>
    <time>2026-09-06T06:49:10Z</time>
   </trkpt>
   <trkpt lat="22.7298330" lon="120.3279650">
    <ele>20.4</ele>
    <time>2026-09-06T06:49:11Z</time>
   </trkpt>
   <trkpt lat="22.7298160" lon="120.3279780">
    <ele>20.4</ele>
    <time>2026-09-06T06:49:12Z</time>
   </trkpt>
   <trkpt lat="22.7297930" lon="120.3279920">
    <ele>20.4</ele>
    <time>2026-09-06T06:49:13Z</time>
   </trkpt>
   <trkpt lat="22.7297460" lon="120.3280270">
    <ele>20.4</ele>
    <time>2026-09-06T06:49:14Z</time>
   </trkpt>
   <trkpt lat="22.7296980" lon="120.3280620">
    <ele>20.5</ele>
    <time>2026-09-06T06:49:15Z</time>
   </trkpt>
   <trkpt lat="22.7296590" lon="120.3280990">
    <ele>20.5</ele>
    <time>2026-09-06T06:49:16Z</time>
   </trkpt>
   <trkpt lat="22.7296370" lon="120.3281200">
    <ele>20.5</ele>
    <time>2026-09-06T06:49:17Z</time>
   </trkpt>
   <trkpt lat="22.7296130" lon="120.3281320">
    <ele>20.5</ele>
    <time>2026-09-06T06:49:18Z</time>
   </trkpt>
   <trkpt lat="22.7296440" lon="120.3281670">
    <ele>20.5</ele>
    <time>2026-09-06T06:49:19Z</time>
   </trkpt>
   <trkpt lat="22.7296230" lon="120.3281900">
    <ele>20.5</ele>
    <time>2026-09-06T06:49:20Z</time>
   </trkpt>
   <trkpt lat="22.7295950" lon="120.3282140">
    <ele>20.6</ele>
    <time>2026-09-06T06:49:21Z</time>
   </trkpt>
   <trkpt lat="22.7297440" lon="120.3280770">
    <ele>20.6</ele>
    <time>2026-09-06T06:49:22Z</time>
   </trkpt>
   <trkpt lat="22.7297530" lon="120.3280090">
    <ele>20.7</ele>
    <time>2026-09-06T06:49:23Z</time>
   </trkpt>
   <trkpt lat="22.7298200" lon="120.3279370">
    <ele>20.7</ele>
    <time>2026-09-06T06:49:24Z</time>
   </trkpt>
   <trkpt lat="22.7298840" lon="120.3278820">
    <ele>20.7</ele>
    <time>2026-09-06T06:49:25Z</time>
   </trkpt>
   <trkpt lat="22.7299190" lon="120.3278450">
    <ele>20.8</ele>
    <time>2026-09-06T06:49:26Z</time>
   </trkpt>
   <trkpt lat="22.7299360" lon="120.3278280">
    <ele>20.8</ele>
    <time>2026-09-06T06:49:27Z</time>
   </trkpt>
   <trkpt lat="22.7299430" lon="120.3278290">
    <ele>20.8</ele>
    <time>2026-09-06T06:49:28Z</time>
   </trkpt>
   <trkpt lat="22.7299690" lon="120.3278310">
    <ele>20.8</ele>
    <time>2026-09-06T06:49:29Z</time>
   </trkpt>
   <trkpt lat="22.7299720" lon="120.3278690">
    <ele>20.8</ele>
    <time>2026-09-06T06:49:30Z</time>
   </trkpt>
   <trkpt lat="22.7299600" lon="120.3278690">
    <ele>20.8</ele>
    <time>2026-09-06T06:49:31Z</time>
   </trkpt>
   <trkpt lat="22.7299580" lon="120.3278530">
    <ele>20.8</ele>
    <time>2026-09-06T06:49:32Z</time>
   </trkpt>
   <trkpt lat="22.7299420" lon="120.3278370">
    <ele>20.8</ele>
    <time>2026-09-06T06:49:33Z</time>
   </trkpt>
   <trkpt lat="22.7299290" lon="120.3278290">
    <ele>20.8</ele>
    <time>2026-09-06T06:49:34Z</time>
   </trkpt>
   <trkpt lat="22.7299110" lon="120.3277800">
    <ele>20.9</ele>
    <time>2026-09-06T06:49:35Z</time>
   </trkpt>
   <trkpt lat="22.7299140" lon="120.3277630">
    <ele>20.9</ele>
    <time>2026-09-06T06:49:36Z</time>
   </trkpt>
   <trkpt lat="22.7299270" lon="120.3277870">
    <ele>20.9</ele>
    <time>2026-09-06T06:49:37Z</time>
   </trkpt>
   <trkpt lat="22.7299320" lon="120.3278260">
    <ele>20.9</ele>
    <time>2026-09-06T06:49:38Z</time>
   </trkpt>
   <trkpt lat="22.7299300" lon="120.3278430">
    <ele>20.9</ele>
    <time>2026-09-06T06:49:39Z</time>
   </trkpt>
   <trkpt lat="22.7299250" lon="120.3278440">
    <ele>20.9</ele>
    <time>2026-09-06T06:49:40Z</time>
   </trkpt>
   <trkpt lat="22.7299170" lon="120.3278460">
    <ele>20.9</ele>
    <time>2026-09-06T06:49:41Z</time>
   </trkpt>
   <trkpt lat="22.7299190" lon="120.3278470">
    <ele>20.9</ele>
    <time>2026-09-06T06:49:42Z</time>
   </trkpt>
   <trkpt lat="22.7299190" lon="120.3278470">
    <ele>20.9</ele>
    <time>2026-09-06T06:49:43Z</time>
   </trkpt>
   <trkpt lat="22.7299190" lon="120.3278470">
    <ele>20.9</ele>
    <time>2026-09-06T06:49:44Z</time>
   </trkpt>
   <trkpt lat="22.7299190" lon="120.3278470">
    <ele>20.9</ele>
    <time>2026-09-06T06:49:45Z</time>
   </trkpt>
   <trkpt lat="22.7299190" lon="120.3278470">
    <ele>20.9</ele>
    <time>2026-09-06T06:49:46Z</time>
   </trkpt>
   <trkpt lat="22.7299360" lon="120.3278750">
    <ele>20.9</ele>
    <time>2026-09-06T06:49:47Z</time>
   </trkpt>
   <trkpt lat="22.7299410" lon="120.3278770">
    <ele>20.9</ele>
    <time>2026-09-06T06:49:48Z</time>
   </trkpt>
   <trkpt lat="22.7299420" lon="120.3278510">
    <ele>20.9</ele>
    <time>2026-09-06T06:49:49Z</time>
   </trkpt>
   <trkpt lat="22.7299390" lon="120.3278550">
    <ele>20.9</ele>
    <time>2026-09-06T06:49:50Z</time>
   </trkpt>
   <trkpt lat="22.7299360" lon="120.3278600">
    <ele>20.9</ele>
    <time>2026-09-06T06:49:51Z</time>
   </trkpt>
   <trkpt lat="22.7299340" lon="120.3278630">
    <ele>20.9</ele>
    <time>2026-09-06T06:49:52Z</time>
   </trkpt>
   <trkpt lat="22.7299340" lon="120.3278630">
    <ele>20.9</ele>
    <time>2026-09-06T06:49:53Z</time>
   </trkpt>
   <trkpt lat="22.7299340" lon="120.3278630">
    <ele>20.9</ele>
    <time>2026-09-06T06:49:54Z</time>
   </trkpt>
   <trkpt lat="22.7299240" lon="120.3278770">
    <ele>20.9</ele>
    <time>2026-09-06T06:49:55Z</time>
   </trkpt>
   <trkpt lat="22.7299240" lon="120.3278770">
    <ele>20.9</ele>
    <time>2026-09-06T06:49:56Z</time>
   </trkpt>
   <trkpt lat="22.7299240" lon="120.3278770">
    <ele>20.9</ele>
    <time>2026-09-06T06:49:57Z</time>
   </trkpt>
   <trkpt lat="22.7299240" lon="120.3278770">
    <ele>20.9</ele>
    <time>2026-09-06T06:49:58Z</time>
   </trkpt>
   <trkpt lat="22.7299120" lon="120.3278950">
    <ele>21.0</ele>
    <time>2026-09-06T06:49:59Z</time>
   </trkpt>
   <trkpt lat="22.7299080" lon="120.3279000">
    <ele>21.0</ele>
    <time>2026-09-06T06:50:00Z</time>
   </trkpt>
   <trkpt lat="22.7299050" lon="120.3279040">
    <ele>21.0</ele>
    <time>2026-09-06T06:50:01Z</time>
   </trkpt>
   <trkpt lat="22.7299020" lon="120.3279090">
    <ele>21.0</ele>
    <time>2026-09-06T06:50:02Z</time>
   </trkpt>
   <trkpt lat="22.7298990" lon="120.3279140">
    <ele>21.0</ele>
    <time>2026-09-06T06:50:03Z</time>
   </trkpt>
   <trkpt lat="22.7298960" lon="120.3279180">
    <ele>21.0</ele>
    <time>2026-09-06T06:50:04Z</time>
   </trkpt>
   <trkpt lat="22.7298930" lon="120.3279220">
    <ele>21.0</ele>
    <time>2026-09-06T06:50:05Z</time>
   </trkpt>
   <trkpt lat="22.7298180" lon="120.3280310">
    <ele>21.0</ele>
    <time>2026-09-06T06:50:31Z</time>
   </trkpt>
   <trkpt lat="22.7298150" lon="120.3280350">
    <ele>21.0</ele>
    <time>2026-09-06T06:50:32Z</time>
   </trkpt>
   <trkpt lat="22.7298070" lon="120.3280430">
    <ele>21.0</ele>
    <time>2026-09-06T06:50:33Z</time>
   </trkpt>
   <trkpt lat="22.7297880" lon="120.3280230">
    <ele>21.1</ele>
    <time>2026-09-06T06:50:34Z</time>
   </trkpt>
   <trkpt lat="22.7297920" lon="120.3280200">
    <ele>21.1</ele>
    <time>2026-09-06T06:50:35Z</time>
   </trkpt>
   <trkpt lat="22.7297870" lon="120.3279940">
    <ele>21.1</ele>
    <time>2026-09-06T06:50:36Z</time>
   </trkpt>
   <trkpt lat="22.7297880" lon="120.3280050">
    <ele>21.1</ele>
    <time>2026-09-06T06:50:37Z</time>
   </trkpt>
   <trkpt lat="22.7297910" lon="120.3279960">
    <ele>21.1</ele>
    <time>2026-09-06T06:50:38Z</time>
   </trkpt>
   <trkpt lat="22.7297940" lon="120.3279820">
    <ele>21.1</ele>
    <time>2026-09-06T06:50:39Z</time>
   </trkpt>
   <trkpt lat="22.7297950" lon="120.3279820">
    <ele>21.1</ele>
    <time>2026-09-06T06:50:40Z</time>
   </trkpt>
   <trkpt lat="22.7297920" lon="120.3279780">
    <ele>21.1</ele>
    <time>2026-09-06T06:50:41Z</time>
   </trkpt>
   <trkpt lat="22.7297890" lon="120.3279790">
    <ele>21.1</ele>
    <time>2026-09-06T06:50:42Z</time>
   </trkpt>
   <trkpt lat="22.7297630" lon="120.3279640">
    <ele>21.1</ele>
    <time>2026-09-06T06:50:43Z</time>
   </trkpt>
   <trkpt lat="22.7297420" lon="120.3279900">
    <ele>21.1</ele>
    <time>2026-09-06T06:50:44Z</time>
   </trkpt>
   <trkpt lat="22.7297330" lon="120.3280020">
    <ele>21.1</ele>
    <time>2026-09-06T06:50:45Z</time>
   </trkpt>
   <trkpt lat="22.7297190" lon="120.3280080">
    <ele>21.2</ele>
    <time>2026-09-06T06:50:46Z</time>
   </trkpt>
   <trkpt lat="22.7297120" lon="120.3280400">
    <ele>21.2</ele>
    <time>2026-09-06T06:50:47Z</time>
   </trkpt>
   <trkpt lat="22.7296960" lon="120.3280730">
    <ele>21.2</ele>
    <time>2026-09-06T06:50:48Z</time>
   </trkpt>
   <trkpt lat="22.7297290" lon="120.3280660">
    <ele>21.2</ele>
    <time>2026-09-06T06:50:49Z</time>
   </trkpt>
   <trkpt lat="22.7296930" lon="120.3280430">
    <ele>21.2</ele>
    <time>2026-09-06T06:50:50Z</time>
   </trkpt>
   <trkpt lat="22.7296610" lon="120.3280400">
    <ele>21.3</ele>
    <time>2026-09-06T06:50:51Z</time>
   </trkpt>
   <trkpt lat="22.7296400" lon="120.3280240">
    <ele>21.3</ele>
    <time>2026-09-06T06:50:52Z</time>
   </trkpt>
   <trkpt lat="22.7296540" lon="120.3280290">
    <ele>21.3</ele>
    <time>2026-09-06T06:50:53Z</time>
   </trkpt>
   <trkpt lat="22.7296660" lon="120.3280290">
    <ele>21.3</ele>
    <time>2026-09-06T06:50:54Z</time>
   </trkpt>
   <trkpt lat="22.7296760" lon="120.3280330">
    <ele>21.3</ele>
    <time>2026-09-06T06:50:55Z</time>
   </trkpt>
   <trkpt lat="22.7296700" lon="120.3280500">
    <ele>21.3</ele>
    <time>2026-09-06T06:50:56Z</time>
   </trkpt>
   <trkpt lat="22.7296510" lon="120.3280730">
    <ele>21.3</ele>
    <time>2026-09-06T06:50:57Z</time>
   </trkpt>
   <trkpt lat="22.7296560" lon="120.3280660">
    <ele>21.3</ele>
    <time>2026-09-06T06:50:58Z</time>
   </trkpt>
   <trkpt lat="22.7296700" lon="120.3280530">
    <ele>21.3</ele>
    <time>2026-09-06T06:50:59Z</time>
   </trkpt>
   <trkpt lat="22.7296660" lon="120.3280540">
    <ele>21.3</ele>
    <time>2026-09-06T06:51:00Z</time>
   </trkpt>
   <trkpt lat="22.7296740" lon="120.3280490">
    <ele>21.3</ele>
    <time>2026-09-06T06:51:01Z</time>
   </trkpt>
   <trkpt lat="22.7296920" lon="120.3280430">
    <ele>21.4</ele>
    <time>2026-09-06T06:51:02Z</time>
   </trkpt>
   <trkpt lat="22.7297030" lon="120.3280210">
    <ele>21.4</ele>
    <time>2026-09-06T06:51:03Z</time>
   </trkpt>
   <trkpt lat="22.7297150" lon="120.3280160">
    <ele>21.4</ele>
    <time>2026-09-06T06:51:04Z</time>
   </trkpt>
   <trkpt lat="22.7297150" lon="120.3280150">
    <ele>21.4</ele>
    <time>2026-09-06T06:51:05Z</time>
   </trkpt>
   <trkpt lat="22.7297160" lon="120.3280180">
    <ele>21.4</ele>
    <time>2026-09-06T06:51:06Z</time>
   </trkpt>
   <trkpt lat="22.7297120" lon="120.3280260">
    <ele>21.4</ele>
    <time>2026-09-06T06:51:07Z</time>
   </trkpt>
   <trkpt lat="22.7296680" lon="120.3279900">
    <ele>21.4</ele>
    <time>2026-09-06T06:51:12Z</time>
   </trkpt>
   <trkpt lat="22.7296620" lon="120.3279780">
    <ele>21.4</ele>
    <time>2026-09-06T06:51:13Z</time>
   </trkpt>
   <trkpt lat="22.7296550" lon="120.3279430">
    <ele>21.4</ele>
    <time>2026-09-06T06:51:14Z</time>
   </trkpt>
   <trkpt lat="22.7296540" lon="120.3279360">
    <ele>21.5</ele>
    <time>2026-09-06T06:51:15Z</time>
   </trkpt>
   <trkpt lat="22.7296540" lon="120.3279250">
    <ele>21.5</ele>
    <time>2026-09-06T06:51:16Z</time>
   </trkpt>
   <trkpt lat="22.7296640" lon="120.3279300">
    <ele>21.5</ele>
    <time>2026-09-06T06:51:17Z</time>
   </trkpt>
   <trkpt lat="22.7296750" lon="120.3279150">
    <ele>21.5</ele>
    <time>2026-09-06T06:51:18Z</time>
   </trkpt>
   <trkpt lat="22.7296910" lon="120.3279100">
    <ele>21.5</ele>
    <time>2026-09-06T06:51:19Z</time>
   </trkpt>
   <trkpt lat="22.7297030" lon="120.3279030">
    <ele>21.5</ele>
    <time>2026-09-06T06:51:20Z</time>
   </trkpt>
   <trkpt lat="22.7296950" lon="120.3278950">
    <ele>21.5</ele>
    <time>2026-09-06T06:51:21Z</time>
   </trkpt>
   <trkpt lat="22.7297030" lon="120.3278890">
    <ele>21.5</ele>
    <time>2026-09-06T06:51:22Z</time>
   </trkpt>
   <trkpt lat="22.7297020" lon="120.3278920">
    <ele>21.5</ele>
    <time>2026-09-06T06:51:23Z</time>
   </trkpt>
   <trkpt lat="22.7297080" lon="120.3279060">
    <ele>21.5</ele>
    <time>2026-09-06T06:51:24Z</time>
   </trkpt>
   <trkpt lat="22.7297080" lon="120.3279240">
    <ele>21.5</ele>
    <time>2026-09-06T06:51:25Z</time>
   </trkpt>
   <trkpt lat="22.7297150" lon="120.3279340">
    <ele>21.5</ele>
    <time>2026-09-06T06:51:26Z</time>
   </trkpt>
   <trkpt lat="22.7297160" lon="120.3279420">
    <ele>21.5</ele>
    <time>2026-09-06T06:51:27Z</time>
   </trkpt>
   <trkpt lat="22.7297080" lon="120.3279450">
    <ele>21.5</ele>
    <time>2026-09-06T06:51:28Z</time>
   </trkpt>
   <trkpt lat="22.7296470" lon="120.3279870">
    <ele>21.6</ele>
    <time>2026-09-06T06:51:34Z</time>
   </trkpt>
   <trkpt lat="22.7296450" lon="120.3279730">
    <ele>21.6</ele>
    <time>2026-09-06T06:51:35Z</time>
   </trkpt>
   <trkpt lat="22.7296450" lon="120.3279730">
    <ele>21.6</ele>
    <time>2026-09-06T06:51:36Z</time>
   </trkpt>
   <trkpt lat="22.7296370" lon="120.3279660">
    <ele>21.6</ele>
    <time>2026-09-06T06:51:37Z</time>
   </trkpt>
   <trkpt lat="22.7296230" lon="120.3279550">
    <ele>21.6</ele>
    <time>2026-09-06T06:51:38Z</time>
   </trkpt>
   <trkpt lat="22.7296360" lon="120.3279500">
    <ele>21.6</ele>
    <time>2026-09-06T06:51:39Z</time>
   </trkpt>
   <trkpt lat="22.7296380" lon="120.3279580">
    <ele>21.6</ele>
    <time>2026-09-06T06:51:40Z</time>
   </trkpt>
   <trkpt lat="22.7296360" lon="120.3279570">
    <ele>21.6</ele>
    <time>2026-09-06T06:51:41Z</time>
   </trkpt>
   <trkpt lat="22.7296260" lon="120.3279480">
    <ele>21.6</ele>
    <time>2026-09-06T06:51:42Z</time>
   </trkpt>
   <trkpt lat="22.7296260" lon="120.3279480">
    <ele>21.6</ele>
    <time>2026-09-06T06:51:43Z</time>
   </trkpt>
   <trkpt lat="22.7296260" lon="120.3279480">
    <ele>21.6</ele>
    <time>2026-09-06T06:51:44Z</time>
   </trkpt>
   <trkpt lat="22.7296510" lon="120.3279560">
    <ele>21.7</ele>
    <time>2026-09-06T06:52:17Z</time>
   </trkpt>
   <trkpt lat="22.7296480" lon="120.3279410">
    <ele>21.7</ele>
    <time>2026-09-06T06:52:18Z</time>
   </trkpt>
   <trkpt lat="22.7296410" lon="120.3279350">
    <ele>21.7</ele>
    <time>2026-09-06T06:52:19Z</time>
   </trkpt>
   <trkpt lat="22.7296430" lon="120.3279390">
    <ele>21.7</ele>
    <time>2026-09-06T06:52:20Z</time>
   </trkpt>
   <trkpt lat="22.7296370" lon="120.3279340">
    <ele>21.7</ele>
    <time>2026-09-06T06:52:21Z</time>
   </trkpt>
   <trkpt lat="22.7296330" lon="120.3279300">
    <ele>21.7</ele>
    <time>2026-09-06T06:52:22Z</time>
   </trkpt>
   <trkpt lat="22.7296310" lon="120.3279300">
    <ele>21.7</ele>
    <time>2026-09-06T06:52:23Z</time>
   </trkpt>
   <trkpt lat="22.7296260" lon="120.3279270">
    <ele>21.7</ele>
    <time>2026-09-06T06:52:24Z</time>
   </trkpt>
   <trkpt lat="22.7296370" lon="120.3279260">
    <ele>21.7</ele>
    <time>2026-09-06T06:52:25Z</time>
   </trkpt>
   <trkpt lat="22.7296020" lon="120.3279210">
    <ele>21.7</ele>
    <time>2026-09-06T06:52:26Z</time>
   </trkpt>
   <trkpt lat="22.7295800" lon="120.3278900">
    <ele>21.7</ele>
    <time>2026-09-06T06:52:27Z</time>
   </trkpt>
   <trkpt lat="22.7295660" lon="120.3278760">
    <ele>21.8</ele>
    <time>2026-09-06T06:52:28Z</time>
   </trkpt>
   <trkpt lat="22.7295510" lon="120.3278810">
    <ele>21.8</ele>
    <time>2026-09-06T06:52:29Z</time>
   </trkpt>
   <trkpt lat="22.7295480" lon="120.3278920">
    <ele>21.8</ele>
    <time>2026-09-06T06:52:30Z</time>
   </trkpt>
   <trkpt lat="22.7295370" lon="120.3279020">
    <ele>21.8</ele>
    <time>2026-09-06T06:52:31Z</time>
   </trkpt>
   <trkpt lat="22.7295280" lon="120.3279040">
    <ele>21.8</ele>
    <time>2026-09-06T06:52:32Z</time>
   </trkpt>
   <trkpt lat="22.7295220" lon="120.3279040">
    <ele>21.8</ele>
    <time>2026-09-06T06:52:33Z</time>
   </trkpt>
   <trkpt lat="22.7295190" lon="120.3279110">
    <ele>21.8</ele>
    <time>2026-09-06T06:52:34Z</time>
   </trkpt>
   <trkpt lat="22.7295210" lon="120.3279120">
    <ele>21.8</ele>
    <time>2026-09-06T06:52:35Z</time>
   </trkpt>
   <trkpt lat="22.7295220" lon="120.3279170">
    <ele>21.8</ele>
    <time>2026-09-06T06:52:36Z</time>
   </trkpt>
   <trkpt lat="22.7295260" lon="120.3279220">
    <ele>21.8</ele>
    <time>2026-09-06T06:52:37Z</time>
   </trkpt>
   <trkpt lat="22.7295240" lon="120.3279350">
    <ele>21.8</ele>
    <time>2026-09-06T06:52:38Z</time>
   </trkpt>
   <trkpt lat="22.7295250" lon="120.3279380">
    <ele>21.8</ele>
    <time>2026-09-06T06:52:39Z</time>
   </trkpt>
   <trkpt lat="22.7295200" lon="120.3279380">
    <ele>21.8</ele>
    <time>2026-09-06T06:52:40Z</time>
   </trkpt>
   <trkpt lat="22.7295050" lon="120.3279360">
    <ele>21.8</ele>
    <time>2026-09-06T06:52:41Z</time>
   </trkpt>
   <trkpt lat="22.7294980" lon="120.3279510">
    <ele>21.8</ele>
    <time>2026-09-06T06:52:42Z</time>
   </trkpt>
   <trkpt lat="22.7295000" lon="120.3279510">
    <ele>21.8</ele>
    <time>2026-09-06T06:52:43Z</time>
   </trkpt>
   <trkpt lat="22.7295050" lon="120.3279630">
    <ele>21.8</ele>
    <time>2026-09-06T06:52:44Z</time>
   </trkpt>
   <trkpt lat="22.7295060" lon="120.3279630">
    <ele>21.8</ele>
    <time>2026-09-06T06:52:45Z</time>
   </trkpt>
   <trkpt lat="22.7295110" lon="120.3279710">
    <ele>21.8</ele>
    <time>2026-09-06T06:52:46Z</time>
   </trkpt>
   <trkpt lat="22.7295160" lon="120.3279780">
    <ele>21.9</ele>
    <time>2026-09-06T06:52:47Z</time>
   </trkpt>
   <trkpt lat="22.7295210" lon="120.3279760">
    <ele>21.9</ele>
    <time>2026-09-06T06:52:48Z</time>
   </trkpt>
   <trkpt lat="22.7295160" lon="120.3279740">
    <ele>21.9</ele>
    <time>2026-09-06T06:52:49Z</time>
   </trkpt>
   <trkpt lat="22.7295160" lon="120.3279770">
    <ele>21.9</ele>
    <time>2026-09-06T06:52:50Z</time>
   </trkpt>
   <trkpt lat="22.7295180" lon="120.3279760">
    <ele>21.9</ele>
    <time>2026-09-06T06:52:51Z</time>
   </trkpt>
   <trkpt lat="22.7295230" lon="120.3279760">
    <ele>21.9</ele>
    <time>2026-09-06T06:52:52Z</time>
   </trkpt>
   <trkpt lat="22.7295570" lon="120.3280010">
    <ele>21.9</ele>
    <time>2026-09-06T06:52:55Z</time>
   </trkpt>
   <trkpt lat="22.7295500" lon="120.3280130">
    <ele>21.9</ele>
    <time>2026-09-06T06:52:56Z</time>
   </trkpt>
   <trkpt lat="22.7295410" lon="120.3280090">
    <ele>21.9</ele>
    <time>2026-09-06T06:52:57Z</time>
   </trkpt>
   <trkpt lat="22.7295330" lon="120.3280060">
    <ele>21.9</ele>
    <time>2026-09-06T06:52:58Z</time>
   </trkpt>
   <trkpt lat="22.7295210" lon="120.3279930">
    <ele>21.9</ele>
    <time>2026-09-06T06:52:59Z</time>
   </trkpt>
   <trkpt lat="22.7295120" lon="120.3279830">
    <ele>21.9</ele>
    <time>2026-09-06T06:53:00Z</time>
   </trkpt>
   <trkpt lat="22.7295040" lon="120.3279870">
    <ele>21.9</ele>
    <time>2026-09-06T06:53:01Z</time>
   </trkpt>
   <trkpt lat="22.7294970" lon="120.3280150">
    <ele>22.0</ele>
    <time>2026-09-06T06:53:02Z</time>
   </trkpt>
   <trkpt lat="22.7294930" lon="120.3280170">
    <ele>22.0</ele>
    <time>2026-09-06T06:53:03Z</time>
   </trkpt>
   <trkpt lat="22.7294980" lon="120.3280210">
    <ele>22.0</ele>
    <time>2026-09-06T06:53:04Z</time>
   </trkpt>
   <trkpt lat="22.7294970" lon="120.3280050">
    <ele>22.0</ele>
    <time>2026-09-06T06:53:05Z</time>
   </trkpt>
   <trkpt lat="22.7295010" lon="120.3280120">
    <ele>22.0</ele>
    <time>2026-09-06T06:53:06Z</time>
   </trkpt>
   <trkpt lat="22.7294960" lon="120.3279810">
    <ele>22.0</ele>
    <time>2026-09-06T06:53:07Z</time>
   </trkpt>
   <trkpt lat="22.7294940" lon="120.3279660">
    <ele>22.0</ele>
    <time>2026-09-06T06:53:08Z</time>
   </trkpt>
   <trkpt lat="22.7295050" lon="120.3279470">
    <ele>22.0</ele>
    <time>2026-09-06T06:53:09Z</time>
   </trkpt>
   <trkpt lat="22.7294930" lon="120.3279320">
    <ele>22.0</ele>
    <time>2026-09-06T06:53:10Z</time>
   </trkpt>
   <trkpt lat="22.7294900" lon="120.3279280">
    <ele>22.0</ele>
    <time>2026-09-06T06:53:11Z</time>
   </trkpt>
   <trkpt lat="22.7294850" lon="120.3279480">
    <ele>22.1</ele>
    <time>2026-09-06T06:53:12Z</time>
   </trkpt>
   <trkpt lat="22.7294840" lon="120.3279920">
    <ele>22.1</ele>
    <time>2026-09-06T06:53:13Z</time>
   </trkpt>
   <trkpt lat="22.7294660" lon="120.3280450">
    <ele>22.2</ele>
    <time>2026-09-06T06:53:14Z</time>
   </trkpt>
   <trkpt lat="22.7294600" lon="120.3280520">
    <ele>22.2</ele>
    <time>2026-09-06T06:53:15Z</time>
   </trkpt>
   <trkpt lat="22.7294720" lon="120.3280690">
    <ele>22.2</ele>
    <time>2026-09-06T06:53:16Z</time>
   </trkpt>
   <trkpt lat="22.7294870" lon="120.3281220">
    <ele>22.3</ele>
    <time>2026-09-06T06:53:17Z</time>
   </trkpt>
   <trkpt lat="22.7294840" lon="120.3281110">
    <ele>22.3</ele>
    <time>2026-09-06T06:53:18Z</time>
   </trkpt>
   <trkpt lat="22.7294730" lon="120.3280900">
    <ele>22.4</ele>
    <time>2026-09-06T06:53:19Z</time>
   </trkpt>
   <trkpt lat="22.7294610" lon="120.3280510">
    <ele>22.4</ele>
    <time>2026-09-06T06:53:20Z</time>
   </trkpt>
   <trkpt lat="22.7294480" lon="120.3280120">
    <ele>22.5</ele>
    <time>2026-09-06T06:53:21Z</time>
   </trkpt>
   <trkpt lat="22.7294440" lon="120.3280110">
    <ele>22.5</ele>
    <time>2026-09-06T06:53:22Z</time>
   </trkpt>
   <trkpt lat="22.7294520" lon="120.3280100">
    <ele>22.4</ele>
    <time>2026-09-06T06:53:23Z</time>
   </trkpt>
   <trkpt lat="22.7294480" lon="120.3280150">
    <ele>22.4</ele>
    <time>2026-09-06T06:53:24Z</time>
   </trkpt>
   <trkpt lat="22.7294360" lon="120.3280130">
    <ele>22.4</ele>
    <time>2026-09-06T06:53:25Z</time>
   </trkpt>
   <trkpt lat="22.7294220" lon="120.3280050">
    <ele>22.4</ele>
    <time>2026-09-06T06:53:26Z</time>
   </trkpt>
   <trkpt lat="22.7294070" lon="120.3280070">
    <ele>22.3</ele>
    <time>2026-09-06T06:53:27Z</time>
   </trkpt>
   <trkpt lat="22.7293920" lon="120.3280090">
    <ele>22.3</ele>
    <time>2026-09-06T06:53:28Z</time>
   </trkpt>
   <trkpt lat="22.7293920" lon="120.3280090">
    <ele>22.3</ele>
    <time>2026-09-06T06:53:29Z</time>
   </trkpt>
   <trkpt lat="22.7293890" lon="120.3280110">
    <ele>22.3</ele>
    <time>2026-09-06T06:53:30Z</time>
   </trkpt>
   <trkpt lat="22.7293890" lon="120.3280200">
    <ele>22.3</ele>
    <time>2026-09-06T06:53:31Z</time>
   </trkpt>
   <trkpt lat="22.7293890" lon="120.3280250">
    <ele>22.3</ele>
    <time>2026-09-06T06:53:32Z</time>
   </trkpt>
   <trkpt lat="22.7293860" lon="120.3280110">
    <ele>22.3</ele>
    <time>2026-09-06T06:53:33Z</time>
   </trkpt>
   <trkpt lat="22.7293830" lon="120.3279950">
    <ele>22.2</ele>
    <time>2026-09-06T06:53:34Z</time>
   </trkpt>
   <trkpt lat="22.7293880" lon="120.3279960">
    <ele>22.2</ele>
    <time>2026-09-06T06:53:35Z</time>
   </trkpt>
   <trkpt lat="22.7293970" lon="120.3280250">
    <ele>22.2</ele>
    <time>2026-09-06T06:53:36Z</time>
   </trkpt>
   <trkpt lat="22.7293900" lon="120.3280030">
    <ele>22.2</ele>
    <time>2026-09-06T06:53:37Z</time>
   </trkpt>
   <trkpt lat="22.7293690" lon="120.3280010">
    <ele>22.1</ele>
    <time>2026-09-06T06:53:38Z</time>
   </trkpt>
   <trkpt lat="22.7293640" lon="120.3279910">
    <ele>22.1</ele>
    <time>2026-09-06T06:53:39Z</time>
   </trkpt>
   <trkpt lat="22.7293630" lon="120.3279820">
    <ele>22.1</ele>
    <time>2026-09-06T06:53:40Z</time>
   </trkpt>
   <trkpt lat="22.7293500" lon="120.3279950">
    <ele>22.1</ele>
    <time>2026-09-06T06:53:41Z</time>
   </trkpt>
   <trkpt lat="22.7293370" lon="120.3280000">
    <ele>22.1</ele>
    <time>2026-09-06T06:53:42Z</time>
   </trkpt>
   <trkpt lat="22.7293410" lon="120.3279930">
    <ele>22.0</ele>
    <time>2026-09-06T06:53:43Z</time>
   </trkpt>
   <trkpt lat="22.7293330" lon="120.3277120">
    <ele>18.4</ele>
    <time>2026-09-06T06:55:21Z</time>
   </trkpt>
   <trkpt lat="22.7293310" lon="120.3277130">
    <ele>18.4</ele>
    <time>2026-09-06T06:55:22Z</time>
   </trkpt>
   <trkpt lat="22.7293210" lon="120.3277030">
    <ele>18.2</ele>
    <time>2026-09-06T06:55:23Z</time>
   </trkpt>
   <trkpt lat="22.7293180" lon="120.3277010">
    <ele>18.2</ele>
    <time>2026-09-06T06:55:24Z</time>
   </trkpt>
   <trkpt lat="22.7293180" lon="120.3276980">
    <ele>18.1</ele>
    <time>2026-09-06T06:55:25Z</time>
   </trkpt>
   <trkpt lat="22.7293200" lon="120.3276920">
    <ele>18.1</ele>
    <time>2026-09-06T06:55:26Z</time>
   </trkpt>
   <trkpt lat="22.7293270" lon="120.3276890">
    <ele>18.0</ele>
    <time>2026-09-06T06:55:27Z</time>
   </trkpt>
   <trkpt lat="22.7293130" lon="120.3276850">
    <ele>17.8</ele>
    <time>2026-09-06T06:55:28Z</time>
   </trkpt>
   <trkpt lat="22.7293030" lon="120.3276820">
    <ele>17.6</ele>
    <time>2026-09-06T06:55:29Z</time>
   </trkpt>
   <trkpt lat="22.7293020" lon="120.3276580">
    <ele>17.3</ele>
    <time>2026-09-06T06:55:30Z</time>
   </trkpt>
   <trkpt lat="22.7293000" lon="120.3276300">
    <ele>17.0</ele>
    <time>2026-09-06T06:55:31Z</time>
   </trkpt>
   <trkpt lat="22.7293110" lon="120.3276120">
    <ele>17.0</ele>
    <time>2026-09-06T06:55:33Z</time>
   </trkpt>
   <trkpt lat="22.7293270" lon="120.3276040">
    <ele>17.0</ele>
    <time>2026-09-06T06:55:34Z</time>
   </trkpt>
   <trkpt lat="22.7293410" lon="120.3275960">
    <ele>17.0</ele>
    <time>2026-09-06T06:55:35Z</time>
   </trkpt>
   <trkpt lat="22.7293560" lon="120.3275740">
    <ele>17.1</ele>
    <time>2026-09-06T06:55:36Z</time>
   </trkpt>
   <trkpt lat="22.7293580" lon="120.3275730">
    <ele>17.1</ele>
    <time>2026-09-06T06:55:37Z</time>
   </trkpt>
   <trkpt lat="22.7293570" lon="120.3275660">
    <ele>17.1</ele>
    <time>2026-09-06T06:55:38Z</time>
   </trkpt>
   <trkpt lat="22.7293520" lon="120.3275590">
    <ele>17.1</ele>
    <time>2026-09-06T06:55:39Z</time>
   </trkpt>
   <trkpt lat="22.7293550" lon="120.3275660">
    <ele>17.1</ele>
    <time>2026-09-06T06:55:40Z</time>
   </trkpt>
   <trkpt lat="22.7293550" lon="120.3275720">
    <ele>17.1</ele>
    <time>2026-09-06T06:55:41Z</time>
   </trkpt>
   <trkpt lat="22.7293600" lon="120.3275740">
    <ele>17.1</ele>
    <time>2026-09-06T06:55:42Z</time>
   </trkpt>
   <trkpt lat="22.7293600" lon="120.3275820">
    <ele>17.1</ele>
    <time>2026-09-06T06:55:43Z</time>
   </trkpt>
   <trkpt lat="22.7293660" lon="120.3275780">
    <ele>17.1</ele>
    <time>2026-09-06T06:55:44Z</time>
   </trkpt>
   <trkpt lat="22.7293680" lon="120.3275850">
    <ele>17.1</ele>
    <time>2026-09-06T06:55:45Z</time>
   </trkpt>
   <trkpt lat="22.7293960" lon="120.3276180">
    <ele>17.1</ele>
    <time>2026-09-06T06:55:48Z</time>
   </trkpt>
   <trkpt lat="22.7293870" lon="120.3276310">
    <ele>17.1</ele>
    <time>2026-09-06T06:55:49Z</time>
   </trkpt>
   <trkpt lat="22.7293720" lon="120.3276390">
    <ele>17.1</ele>
    <time>2026-09-06T06:55:50Z</time>
   </trkpt>
   <trkpt lat="22.7293730" lon="120.3276430">
    <ele>17.1</ele>
    <time>2026-09-06T06:55:51Z</time>
   </trkpt>
   <trkpt lat="22.7293680" lon="120.3276310">
    <ele>17.1</ele>
    <time>2026-09-06T06:55:52Z</time>
   </trkpt>
   <trkpt lat="22.7293680" lon="120.3276310">
    <ele>17.1</ele>
    <time>2026-09-06T06:55:53Z</time>
   </trkpt>
   <trkpt lat="22.7293570" lon="120.3276130">
    <ele>17.1</ele>
    <time>2026-09-06T06:55:54Z</time>
   </trkpt>
   <trkpt lat="22.7293470" lon="120.3276030">
    <ele>17.2</ele>
    <time>2026-09-06T06:55:55Z</time>
   </trkpt>
   <trkpt lat="22.7293430" lon="120.3275940">
    <ele>17.2</ele>
    <time>2026-09-06T06:55:56Z</time>
   </trkpt>
   <trkpt lat="22.7293440" lon="120.3275740">
    <ele>17.2</ele>
    <time>2026-09-06T06:55:57Z</time>
   </trkpt>
   <trkpt lat="22.7293360" lon="120.3275730">
    <ele>17.2</ele>
    <time>2026-09-06T06:55:58Z</time>
   </trkpt>
   <trkpt lat="22.7293340" lon="120.3275600">
    <ele>17.2</ele>
    <time>2026-09-06T06:55:59Z</time>
   </trkpt>
   <trkpt lat="22.7293780" lon="120.3274740">
    <ele>17.2</ele>
    <time>2026-09-06T06:56:04Z</time>
   </trkpt>
   <trkpt lat="22.7293830" lon="120.3274800">
    <ele>17.2</ele>
    <time>2026-09-06T06:56:05Z</time>
   </trkpt>
   <trkpt lat="22.7293860" lon="120.3275060">
    <ele>17.2</ele>
    <time>2026-09-06T06:56:06Z</time>
   </trkpt>
   <trkpt lat="22.7293990" lon="120.3274970">
    <ele>17.3</ele>
    <time>2026-09-06T06:56:07Z</time>
   </trkpt>
   <trkpt lat="22.7294040" lon="120.3274880">
    <ele>17.3</ele>
    <time>2026-09-06T06:56:08Z</time>
   </trkpt>
   <trkpt lat="22.7293930" lon="120.3274980">
    <ele>17.3</ele>
    <time>2026-09-06T06:56:09Z</time>
   </trkpt>
   <trkpt lat="22.7293840" lon="120.3275070">
    <ele>17.3</ele>
    <time>2026-09-06T06:56:10Z</time>
   </trkpt>
   <trkpt lat="22.7293840" lon="120.3275250">
    <ele>17.3</ele>
    <time>2026-09-06T06:56:11Z</time>
   </trkpt>
   <trkpt lat="22.7293850" lon="120.3275290">
    <ele>17.3</ele>
    <time>2026-09-06T06:56:12Z</time>
   </trkpt>
   <trkpt lat="22.7293690" lon="120.3275280">
    <ele>17.3</ele>
    <time>2026-09-06T06:56:13Z</time>
   </trkpt>
   <trkpt lat="22.7293670" lon="120.3275240">
    <ele>17.3</ele>
    <time>2026-09-06T06:56:14Z</time>
   </trkpt>
   <trkpt lat="22.7293650" lon="120.3275230">
    <ele>17.3</ele>
    <time>2026-09-06T06:56:15Z</time>
   </trkpt>
   <trkpt lat="22.7293690" lon="120.3275220">
    <ele>17.3</ele>
    <time>2026-09-06T06:56:16Z</time>
   </trkpt>
   <trkpt lat="22.7293710" lon="120.3275310">
    <ele>17.3</ele>
    <time>2026-09-06T06:56:17Z</time>
   </trkpt>
   <trkpt lat="22.7293680" lon="120.3275270">
    <ele>17.3</ele>
    <time>2026-09-06T06:56:18Z</time>
   </trkpt>
   <trkpt lat="22.7293700" lon="120.3275290">
    <ele>17.3</ele>
    <time>2026-09-06T06:56:19Z</time>
   </trkpt>
   <trkpt lat="22.7293520" lon="120.3275110">
    <ele>17.3</ele>
    <time>2026-09-06T06:56:20Z</time>
   </trkpt>
   <trkpt lat="22.7293420" lon="120.3274900">
    <ele>17.3</ele>
    <time>2026-09-06T06:56:21Z</time>
   </trkpt>
   <trkpt lat="22.7293460" lon="120.3274960">
    <ele>17.3</ele>
    <time>2026-09-06T06:56:22Z</time>
   </trkpt>
   <trkpt lat="22.7293320" lon="120.3274530">
    <ele>17.4</ele>
    <time>2026-09-06T06:56:23Z</time>
   </trkpt>
   <trkpt lat="22.7293090" lon="120.3274110">
    <ele>17.4</ele>
    <time>2026-09-06T06:56:24Z</time>
   </trkpt>
   <trkpt lat="22.7292970" lon="120.3273890">
    <ele>17.4</ele>
    <time>2026-09-06T06:56:25Z</time>
   </trkpt>
   <trkpt lat="22.7293010" lon="120.3273970">
    <ele>17.4</ele>
    <time>2026-09-06T06:56:26Z</time>
   </trkpt>
   <trkpt lat="22.7293010" lon="120.3273970">
    <ele>17.4</ele>
    <time>2026-09-06T06:56:27Z</time>
   </trkpt>
   <trkpt lat="22.7293010" lon="120.3273970">
    <ele>17.4</ele>
    <time>2026-09-06T06:56:28Z</time>
   </trkpt>
   <trkpt lat="22.7293130" lon="120.3274040">
    <ele>17.4</ele>
    <time>2026-09-06T06:56:29Z</time>
   </trkpt>
   <trkpt lat="22.7293100" lon="120.3274130">
    <ele>17.4</ele>
    <time>2026-09-06T06:56:30Z</time>
   </trkpt>
   <trkpt lat="22.7293100" lon="120.3274140">
    <ele>17.4</ele>
    <time>2026-09-06T06:56:31Z</time>
   </trkpt>
   <trkpt lat="22.7293120" lon="120.3274190">
    <ele>17.4</ele>
    <time>2026-09-06T06:56:32Z</time>
   </trkpt>
   <trkpt lat="22.7293100" lon="120.3274260">
    <ele>17.4</ele>
    <time>2026-09-06T06:56:33Z</time>
   </trkpt>
   <trkpt lat="22.7293180" lon="120.3274280">
    <ele>17.4</ele>
    <time>2026-09-06T06:56:34Z</time>
   </trkpt>
   <trkpt lat="22.7293300" lon="120.3274380">
    <ele>17.4</ele>
    <time>2026-09-06T06:56:35Z</time>
   </trkpt>
   <trkpt lat="22.7293760" lon="120.3274380">
    <ele>17.5</ele>
    <time>2026-09-06T06:56:50Z</time>
   </trkpt>
   <trkpt lat="22.7293770" lon="120.3274520">
    <ele>17.5</ele>
    <time>2026-09-06T06:56:51Z</time>
   </trkpt>
   <trkpt lat="22.7293680" lon="120.3274650">
    <ele>17.5</ele>
    <time>2026-09-06T06:56:52Z</time>
   </trkpt>
   <trkpt lat="22.7293730" lon="120.3274790">
    <ele>17.5</ele>
    <time>2026-09-06T06:56:53Z</time>
   </trkpt>
   <trkpt lat="22.7293790" lon="120.3274860">
    <ele>17.5</ele>
    <time>2026-09-06T06:56:54Z</time>
   </trkpt>
   <trkpt lat="22.7293950" lon="120.3274960">
    <ele>17.5</ele>
    <time>2026-09-06T06:56:55Z</time>
   </trkpt>
   <trkpt lat="22.7294120" lon="120.3275030">
    <ele>17.5</ele>
    <time>2026-09-06T06:56:56Z</time>
   </trkpt>
   <trkpt lat="22.7294120" lon="120.3275010">
    <ele>17.5</ele>
    <time>2026-09-06T06:56:57Z</time>
   </trkpt>
   <trkpt lat="22.7294070" lon="120.3275050">
    <ele>17.5</ele>
    <time>2026-09-06T06:56:58Z</time>
   </trkpt>
   <trkpt lat="22.7293990" lon="120.3275090">
    <ele>17.5</ele>
    <time>2026-09-06T06:57:00Z</time>
   </trkpt>
   <trkpt lat="22.7293190" lon="120.3275440">
    <ele>17.6</ele>
    <time>2026-09-06T06:57:23Z</time>
   </trkpt>
   <trkpt lat="22.7292970" lon="120.3275320">
    <ele>17.6</ele>
    <time>2026-09-06T06:57:24Z</time>
   </trkpt>
   <trkpt lat="22.7293090" lon="120.3275620">
    <ele>17.6</ele>
    <time>2026-09-06T06:57:25Z</time>
   </trkpt>
   <trkpt lat="22.7293210" lon="120.3275370">
    <ele>17.6</ele>
    <time>2026-09-06T06:57:26Z</time>
   </trkpt>
   <trkpt lat="22.7293410" lon="120.3275610">
    <ele>17.6</ele>
    <time>2026-09-06T06:57:27Z</time>
   </trkpt>
   <trkpt lat="22.7293880" lon="120.3275920">
    <ele>17.7</ele>
    <time>2026-09-06T06:57:28Z</time>
   </trkpt>
   <trkpt lat="22.7293860" lon="120.3275460">
    <ele>17.7</ele>
    <time>2026-09-06T06:57:29Z</time>
   </trkpt>
   <trkpt lat="22.7293770" lon="120.3275670">
    <ele>17.7</ele>
    <time>2026-09-06T06:57:30Z</time>
   </trkpt>
   <trkpt lat="22.7293810" lon="120.3275560">
    <ele>17.7</ele>
    <time>2026-09-06T06:57:31Z</time>
   </trkpt>
   <trkpt lat="22.7293760" lon="120.3275370">
    <ele>17.7</ele>
    <time>2026-09-06T06:57:32Z</time>
   </trkpt>
   <trkpt lat="22.7293780" lon="120.3275480">
    <ele>17.7</ele>
    <time>2026-09-06T06:57:33Z</time>
   </trkpt>
   <trkpt lat="22.7293560" lon="120.3275240">
    <ele>17.7</ele>
    <time>2026-09-06T06:57:34Z</time>
   </trkpt>
   <trkpt lat="22.7293540" lon="120.3275110">
    <ele>17.7</ele>
    <time>2026-09-06T06:57:35Z</time>
   </trkpt>
   <trkpt lat="22.7293650" lon="120.3275050">
    <ele>17.8</ele>
    <time>2026-09-06T06:57:36Z</time>
   </trkpt>
   <trkpt lat="22.7293900" lon="120.3274860">
    <ele>17.8</ele>
    <time>2026-09-06T06:57:37Z</time>
   </trkpt>
   <trkpt lat="22.7294190" lon="120.3274720">
    <ele>17.8</ele>
    <time>2026-09-06T06:57:38Z</time>
   </trkpt>
   <trkpt lat="22.7294340" lon="120.3274780">
    <ele>17.8</ele>
    <time>2026-09-06T06:57:39Z</time>
   </trkpt>
   <trkpt lat="22.7294440" lon="120.3274790">
    <ele>17.8</ele>
    <time>2026-09-06T06:57:40Z</time>
   </trkpt>
   <trkpt lat="22.7294510" lon="120.3274880">
    <ele>17.8</ele>
    <time>2026-09-06T06:57:41Z</time>
   </trkpt>
   <trkpt lat="22.7294430" lon="120.3274860">
    <ele>17.8</ele>
    <time>2026-09-06T06:57:42Z</time>
   </trkpt>
   <trkpt lat="22.7294390" lon="120.3275060">
    <ele>17.8</ele>
    <time>2026-09-06T06:57:43Z</time>
   </trkpt>
   <trkpt lat="22.7294350" lon="120.3275120">
    <ele>17.8</ele>
    <time>2026-09-06T06:57:44Z</time>
   </trkpt>
   <trkpt lat="22.7294300" lon="120.3275220">
    <ele>17.8</ele>
    <time>2026-09-06T06:57:45Z</time>
   </trkpt>
   <trkpt lat="22.7294330" lon="120.3275320">
    <ele>17.8</ele>
    <time>2026-09-06T06:57:46Z</time>
   </trkpt>
   <trkpt lat="22.7294360" lon="120.3275410">
    <ele>17.8</ele>
    <time>2026-09-06T06:57:47Z</time>
   </trkpt>
   <trkpt lat="22.7294580" lon="120.3275550">
    <ele>17.9</ele>
    <time>2026-09-06T06:57:48Z</time>
   </trkpt>
   <trkpt lat="22.7294580" lon="120.3275630">
    <ele>17.9</ele>
    <time>2026-09-06T06:57:49Z</time>
   </trkpt>
   <trkpt lat="22.7294710" lon="120.3275650">
    <ele>17.9</ele>
    <time>2026-09-06T06:57:50Z</time>
   </trkpt>
   <trkpt lat="22.7294710" lon="120.3275780">
    <ele>17.9</ele>
    <time>2026-09-06T06:57:51Z</time>
   </trkpt>
   <trkpt lat="22.7294820" lon="120.3275780">
    <ele>17.9</ele>
    <time>2026-09-06T06:57:52Z</time>
   </trkpt>
   <trkpt lat="22.7295000" lon="120.3276140">
    <ele>17.9</ele>
    <time>2026-09-06T06:57:53Z</time>
   </trkpt>
   <trkpt lat="22.7295090" lon="120.3276060">
    <ele>17.9</ele>
    <time>2026-09-06T06:57:54Z</time>
   </trkpt>
   <trkpt lat="22.7295180" lon="120.3275920">
    <ele>17.9</ele>
    <time>2026-09-06T06:57:55Z</time>
   </trkpt>
   <trkpt lat="22.7295250" lon="120.3275800">
    <ele>17.9</ele>
    <time>2026-09-06T06:57:56Z</time>
   </trkpt>
   <trkpt lat="22.7295360" lon="120.3275670">
    <ele>17.9</ele>
    <time>2026-09-06T06:57:57Z</time>
   </trkpt>
   <trkpt lat="22.7295420" lon="120.3275630">
    <ele>17.9</ele>
    <time>2026-09-06T06:57:58Z</time>
   </trkpt>
   <trkpt lat="22.7295400" lon="120.3275600">
    <ele>17.9</ele>
    <time>2026-09-06T06:57:59Z</time>
   </trkpt>
   <trkpt lat="22.7295410" lon="120.3275520">
    <ele>17.9</ele>
    <time>2026-09-06T06:58:00Z</time>
   </trkpt>
   <trkpt lat="22.7295520" lon="120.3275500">
    <ele>17.9</ele>
    <time>2026-09-06T06:58:01Z</time>
   </trkpt>
   <trkpt lat="22.7295630" lon="120.3275450">
    <ele>18.0</ele>
    <time>2026-09-06T06:58:02Z</time>
   </trkpt>
   <trkpt lat="22.7295700" lon="120.3275440">
    <ele>18.0</ele>
    <time>2026-09-06T06:58:03Z</time>
   </trkpt>
   <trkpt lat="22.7295730" lon="120.3275410">
    <ele>18.0</ele>
    <time>2026-09-06T06:58:04Z</time>
   </trkpt>
   <trkpt lat="22.7295720" lon="120.3275400">
    <ele>18.0</ele>
    <time>2026-09-06T06:58:05Z</time>
   </trkpt>
   <trkpt lat="22.7295720" lon="120.3275400">
    <ele>18.0</ele>
    <time>2026-09-06T06:58:06Z</time>
   </trkpt>
   <trkpt lat="22.7295640" lon="120.3275310">
    <ele>18.0</ele>
    <time>2026-09-06T06:58:07Z</time>
   </trkpt>
   <trkpt lat="22.7295800" lon="120.3274820">
    <ele>18.0</ele>
    <time>2026-09-06T06:59:00Z</time>
   </trkpt>
   <trkpt lat="22.7295980" lon="120.3275020">
    <ele>18.0</ele>
    <time>2026-09-06T06:59:01Z</time>
   </trkpt>
   <trkpt lat="22.7296160" lon="120.3274690">
    <ele>18.0</ele>
    <time>2026-09-06T06:59:02Z</time>
   </trkpt>
   <trkpt lat="22.7296310" lon="120.3274410">
    <ele>18.0</ele>
    <time>2026-09-06T06:59:03Z</time>
   </trkpt>
   <trkpt lat="22.7296530" lon="120.3273990">
    <ele>18.1</ele>
    <time>2026-09-06T06:59:04Z</time>
   </trkpt>
   <trkpt lat="22.7296580" lon="120.3274160">
    <ele>18.1</ele>
    <time>2026-09-06T06:59:05Z</time>
   </trkpt>
   <trkpt lat="22.7296460" lon="120.3274190">
    <ele>18.1</ele>
    <time>2026-09-06T06:59:06Z</time>
   </trkpt>
   <trkpt lat="22.7296470" lon="120.3274250">
    <ele>18.1</ele>
    <time>2026-09-06T06:59:07Z</time>
   </trkpt>
   <trkpt lat="22.7296510" lon="120.3274290">
    <ele>18.1</ele>
    <time>2026-09-06T06:59:08Z</time>
   </trkpt>
   <trkpt lat="22.7296580" lon="120.3274360">
    <ele>18.1</ele>
    <time>2026-09-06T06:59:09Z</time>
   </trkpt>
   <trkpt lat="22.7296590" lon="120.3274410">
    <ele>18.1</ele>
    <time>2026-09-06T06:59:10Z</time>
   </trkpt>
   <trkpt lat="22.7296580" lon="120.3274410">
    <ele>18.1</ele>
    <time>2026-09-06T06:59:11Z</time>
   </trkpt>
   <trkpt lat="22.7296650" lon="120.3274500">
    <ele>18.1</ele>
    <time>2026-09-06T06:59:12Z</time>
   </trkpt>
   <trkpt lat="22.7296860" lon="120.3274570">
    <ele>18.1</ele>
    <time>2026-09-06T06:59:13Z</time>
   </trkpt>
   <trkpt lat="22.7296830" lon="120.3274600">
    <ele>18.1</ele>
    <time>2026-09-06T06:59:14Z</time>
   </trkpt>
   <trkpt lat="22.7296830" lon="120.3274510">
    <ele>18.1</ele>
    <time>2026-09-06T06:59:15Z</time>
   </trkpt>
   <trkpt lat="22.7296780" lon="120.3274580">
    <ele>18.1</ele>
    <time>2026-09-06T06:59:16Z</time>
   </trkpt>
   <trkpt lat="22.7296770" lon="120.3274570">
    <ele>18.1</ele>
    <time>2026-09-06T06:59:17Z</time>
   </trkpt>
   <trkpt lat="22.7296760" lon="120.3274610">
    <ele>18.1</ele>
    <time>2026-09-06T06:59:18Z</time>
   </trkpt>
   <trkpt lat="22.7296750" lon="120.3274520">
    <ele>18.1</ele>
    <time>2026-09-06T06:59:19Z</time>
   </trkpt>
   <trkpt lat="22.7296840" lon="120.3274460">
    <ele>18.1</ele>
    <time>2026-09-06T06:59:20Z</time>
   </trkpt>
   <trkpt lat="22.7296860" lon="120.3274440">
    <ele>18.1</ele>
    <time>2026-09-06T06:59:21Z</time>
   </trkpt>
   <trkpt lat="22.7296910" lon="120.3274430">
    <ele>18.1</ele>
    <time>2026-09-06T06:59:22Z</time>
   </trkpt>
   <trkpt lat="22.7297150" lon="120.3274140">
    <ele>18.2</ele>
    <time>2026-09-06T06:59:24Z</time>
   </trkpt>
   <trkpt lat="22.7297380" lon="120.3274180">
    <ele>18.2</ele>
    <time>2026-09-06T06:59:25Z</time>
   </trkpt>
   <trkpt lat="22.7297510" lon="120.3274260">
    <ele>18.2</ele>
    <time>2026-09-06T06:59:26Z</time>
   </trkpt>
   <trkpt lat="22.7297600" lon="120.3274280">
    <ele>18.2</ele>
    <time>2026-09-06T06:59:27Z</time>
   </trkpt>
   <trkpt lat="22.7297650" lon="120.3274230">
    <ele>18.2</ele>
    <time>2026-09-06T06:59:28Z</time>
   </trkpt>
   <trkpt lat="22.7297610" lon="120.3274350">
    <ele>18.2</ele>
    <time>2026-09-06T06:59:29Z</time>
   </trkpt>
   <trkpt lat="22.7297530" lon="120.3274430">
    <ele>18.2</ele>
    <time>2026-09-06T06:59:30Z</time>
   </trkpt>
   <trkpt lat="22.7297410" lon="120.3274480">
    <ele>18.2</ele>
    <time>2026-09-06T06:59:31Z</time>
   </trkpt>
   <trkpt lat="22.7297410" lon="120.3274480">
    <ele>18.2</ele>
    <time>2026-09-06T06:59:32Z</time>
   </trkpt>
   <trkpt lat="22.7297250" lon="120.3274480">
    <ele>18.2</ele>
    <time>2026-09-06T06:59:33Z</time>
   </trkpt>
   <trkpt lat="22.7297220" lon="120.3274520">
    <ele>18.2</ele>
    <time>2026-09-06T06:59:34Z</time>
   </trkpt>
   <trkpt lat="22.7297350" lon="120.3274540">
    <ele>18.2</ele>
    <time>2026-09-06T06:59:35Z</time>
   </trkpt>
   <trkpt lat="22.7297340" lon="120.3274450">
    <ele>18.2</ele>
    <time>2026-09-06T06:59:36Z</time>
   </trkpt>
   <trkpt lat="22.7297340" lon="120.3274510">
    <ele>18.2</ele>
    <time>2026-09-06T06:59:37Z</time>
   </trkpt>
   <trkpt lat="22.7297370" lon="120.3274540">
    <ele>18.2</ele>
    <time>2026-09-06T06:59:38Z</time>
   </trkpt>
   <trkpt lat="22.7297370" lon="120.3274510">
    <ele>18.2</ele>
    <time>2026-09-06T06:59:39Z</time>
   </trkpt>
   <trkpt lat="22.7297350" lon="120.3274500">
    <ele>18.3</ele>
    <time>2026-09-06T06:59:40Z</time>
   </trkpt>
   <trkpt lat="22.7297400" lon="120.3274470">
    <ele>18.3</ele>
    <time>2026-09-06T06:59:41Z</time>
   </trkpt>
   <trkpt lat="22.7297450" lon="120.3274460">
    <ele>18.3</ele>
    <time>2026-09-06T06:59:42Z</time>
   </trkpt>
   <trkpt lat="22.7297410" lon="120.3274490">
    <ele>18.3</ele>
    <time>2026-09-06T06:59:43Z</time>
   </trkpt>
   <trkpt lat="22.7297500" lon="120.3274550">
    <ele>18.3</ele>
    <time>2026-09-06T06:59:44Z</time>
   </trkpt>
   <trkpt lat="22.7297910" lon="120.3274620">
    <ele>18.3</ele>
    <time>2026-09-06T06:59:47Z</time>
   </trkpt>
   <trkpt lat="22.7298160" lon="120.3274300">
    <ele>18.3</ele>
    <time>2026-09-06T06:59:48Z</time>
   </trkpt>
   <trkpt lat="22.7298220" lon="120.3274120">
    <ele>18.3</ele>
    <time>2026-09-06T06:59:49Z</time>
   </trkpt>
   <trkpt lat="22.7298260" lon="120.3274100">
    <ele>18.3</ele>
    <time>2026-09-06T06:59:50Z</time>
   </trkpt>
   <trkpt lat="22.7298300" lon="120.3274130">
    <ele>18.3</ele>
    <time>2026-09-06T06:59:51Z</time>
   </trkpt>
   <trkpt lat="22.7298320" lon="120.3274080">
    <ele>18.3</ele>
    <time>2026-09-06T06:59:52Z</time>
   </trkpt>
   <trkpt lat="22.7298250" lon="120.3274130">
    <ele>18.3</ele>
    <time>2026-09-06T06:59:53Z</time>
   </trkpt>
   <trkpt lat="22.7298110" lon="120.3274450">
    <ele>18.4</ele>
    <time>2026-09-06T06:59:54Z</time>
   </trkpt>
   <trkpt lat="22.7297950" lon="120.3274470">
    <ele>18.4</ele>
    <time>2026-09-06T06:59:55Z</time>
   </trkpt>
   <trkpt lat="22.7297960" lon="120.3274450">
    <ele>18.4</ele>
    <time>2026-09-06T06:59:56Z</time>
   </trkpt>
   <trkpt lat="22.7297940" lon="120.3274500">
    <ele>18.4</ele>
    <time>2026-09-06T06:59:57Z</time>
   </trkpt>
   <trkpt lat="22.7297920" lon="120.3274540">
    <ele>18.4</ele>
    <time>2026-09-06T06:59:58Z</time>
   </trkpt>
   <trkpt lat="22.7297990" lon="120.3274400">
    <ele>18.4</ele>
    <time>2026-09-06T06:59:59Z</time>
   </trkpt>
   <trkpt lat="22.7298150" lon="120.3274580">
    <ele>18.4</ele>
    <time>2026-09-06T07:00:00Z</time>
   </trkpt>
   <trkpt lat="22.7298180" lon="120.3274400">
    <ele>18.4</ele>
    <time>2026-09-06T07:00:01Z</time>
   </trkpt>
   <trkpt lat="22.7298270" lon="120.3274380">
    <ele>18.4</ele>
    <time>2026-09-06T07:00:02Z</time>
   </trkpt>
   <trkpt lat="22.7298320" lon="120.3274270">
    <ele>18.4</ele>
    <time>2026-09-06T07:00:03Z</time>
   </trkpt>
   <trkpt lat="22.7298320" lon="120.3274240">
    <ele>18.4</ele>
    <time>2026-09-06T07:00:04Z</time>
   </trkpt>
   <trkpt lat="22.7298320" lon="120.3274190">
    <ele>18.4</ele>
    <time>2026-09-06T07:00:05Z</time>
   </trkpt>
   <trkpt lat="22.7298300" lon="120.3274200">
    <ele>18.4</ele>
    <time>2026-09-06T07:00:06Z</time>
   </trkpt>
   <trkpt lat="22.7298250" lon="120.3274280">
    <ele>18.4</ele>
    <time>2026-09-06T07:00:07Z</time>
   </trkpt>
   <trkpt lat="22.7298330" lon="120.3274320">
    <ele>18.4</ele>
    <time>2026-09-06T07:00:08Z</time>
   </trkpt>
   <trkpt lat="22.7298580" lon="120.3274170">
    <ele>18.4</ele>
    <time>2026-09-06T07:00:09Z</time>
   </trkpt>
   <trkpt lat="22.7298660" lon="120.3274170">
    <ele>18.4</ele>
    <time>2026-09-06T07:00:10Z</time>
   </trkpt>
   <trkpt lat="22.7298630" lon="120.3274250">
    <ele>18.4</ele>
    <time>2026-09-06T07:00:11Z</time>
   </trkpt>
   <trkpt lat="22.7298560" lon="120.3274330">
    <ele>18.5</ele>
    <time>2026-09-06T07:00:12Z</time>
   </trkpt>
   <trkpt lat="22.7298540" lon="120.3274380">
    <ele>18.5</ele>
    <time>2026-09-06T07:00:13Z</time>
   </trkpt>
   <trkpt lat="22.7298340" lon="120.3274450">
    <ele>18.5</ele>
    <time>2026-09-06T07:00:14Z</time>
   </trkpt>
   <trkpt lat="22.7298360" lon="120.3274410">
    <ele>18.5</ele>
    <time>2026-09-06T07:00:15Z</time>
   </trkpt>
   <trkpt lat="22.7298230" lon="120.3274470">
    <ele>18.5</ele>
    <time>2026-09-06T07:00:16Z</time>
   </trkpt>
   <trkpt lat="22.7298390" lon="120.3274570">
    <ele>18.5</ele>
    <time>2026-09-06T07:00:17Z</time>
   </trkpt>
   <trkpt lat="22.7298640" lon="120.3274400">
    <ele>18.5</ele>
    <time>2026-09-06T07:00:18Z</time>
   </trkpt>
   <trkpt lat="22.7298740" lon="120.3274400">
    <ele>18.5</ele>
    <time>2026-09-06T07:00:19Z</time>
   </trkpt>
   <trkpt lat="22.7298830" lon="120.3274330">
    <ele>18.5</ele>
    <time>2026-09-06T07:00:20Z</time>
   </trkpt>
   <trkpt lat="22.7298800" lon="120.3274260">
    <ele>18.5</ele>
    <time>2026-09-06T07:00:21Z</time>
   </trkpt>
   <trkpt lat="22.7298600" lon="120.3274120">
    <ele>18.5</ele>
    <time>2026-09-06T07:00:22Z</time>
   </trkpt>
   <trkpt lat="22.7298440" lon="120.3274000">
    <ele>18.5</ele>
    <time>2026-09-06T07:00:23Z</time>
   </trkpt>
   <trkpt lat="22.7298420" lon="120.3273940">
    <ele>18.5</ele>
    <time>2026-09-06T07:00:24Z</time>
   </trkpt>
   <trkpt lat="22.7298330" lon="120.3273860">
    <ele>18.6</ele>
    <time>2026-09-06T07:00:25Z</time>
   </trkpt>
   <trkpt lat="22.7298470" lon="120.3273900">
    <ele>18.6</ele>
    <time>2026-09-06T07:00:26Z</time>
   </trkpt>
   <trkpt lat="22.7298500" lon="120.3273870">
    <ele>18.6</ele>
    <time>2026-09-06T07:00:27Z</time>
   </trkpt>
   <trkpt lat="22.7298600" lon="120.3274040">
    <ele>18.6</ele>
    <time>2026-09-06T07:00:28Z</time>
   </trkpt>
   <trkpt lat="22.7298800" lon="120.3274240">
    <ele>18.6</ele>
    <time>2026-09-06T07:00:29Z</time>
   </trkpt>
   <trkpt lat="22.7298930" lon="120.3274260">
    <ele>18.6</ele>
    <time>2026-09-06T07:00:30Z</time>
   </trkpt>
   <trkpt lat="22.7298840" lon="120.3274360">
    <ele>18.6</ele>
    <time>2026-09-06T07:00:31Z</time>
   </trkpt>
   <trkpt lat="22.7298750" lon="120.3274360">
    <ele>18.6</ele>
    <time>2026-09-06T07:00:32Z</time>
   </trkpt>
   <trkpt lat="22.7298630" lon="120.3274410">
    <ele>18.6</ele>
    <time>2026-09-06T07:00:33Z</time>
   </trkpt>
   <trkpt lat="22.7298550" lon="120.3274470">
    <ele>18.6</ele>
    <time>2026-09-06T07:00:34Z</time>
   </trkpt>
   <trkpt lat="22.7298530" lon="120.3274520">
    <ele>18.6</ele>
    <time>2026-09-06T07:00:35Z</time>
   </trkpt>
   <trkpt lat="22.7298410" lon="120.3274510">
    <ele>18.6</ele>
    <time>2026-09-06T07:00:36Z</time>
   </trkpt>
   <trkpt lat="22.7298380" lon="120.3274680">
    <ele>18.6</ele>
    <time>2026-09-06T07:00:37Z</time>
   </trkpt>
   <trkpt lat="22.7298270" lon="120.3274720">
    <ele>18.6</ele>
    <time>2026-09-06T07:00:38Z</time>
   </trkpt>
   <trkpt lat="22.7298180" lon="120.3274820">
    <ele>18.7</ele>
    <time>2026-09-06T07:00:39Z</time>
   </trkpt>
   <trkpt lat="22.7297680" lon="120.3274320">
    <ele>18.8</ele>
    <time>2026-09-06T07:00:52Z</time>
   </trkpt>
   <trkpt lat="22.7297710" lon="120.3274240">
    <ele>18.8</ele>
    <time>2026-09-06T07:00:53Z</time>
   </trkpt>
   <trkpt lat="22.7297760" lon="120.3274120">
    <ele>18.8</ele>
    <time>2026-09-06T07:00:54Z</time>
   </trkpt>
   <trkpt lat="22.7297720" lon="120.3274080">
    <ele>18.8</ele>
    <time>2026-09-06T07:00:55Z</time>
   </trkpt>
   <trkpt lat="22.7297700" lon="120.3274040">
    <ele>18.8</ele>
    <time>2026-09-06T07:00:56Z</time>
   </trkpt>
   <trkpt lat="22.7297600" lon="120.3273880">
    <ele>18.8</ele>
    <time>2026-09-06T07:00:57Z</time>
   </trkpt>
   <trkpt lat="22.7297630" lon="120.3273730">
    <ele>18.8</ele>
    <time>2026-09-06T07:00:58Z</time>
   </trkpt>
   <trkpt lat="22.7297540" lon="120.3273690">
    <ele>18.7</ele>
    <time>2026-09-06T07:00:59Z</time>
   </trkpt>
   <trkpt lat="22.7297450" lon="120.3273740">
    <ele>18.9</ele>
    <time>2026-09-06T07:01:00Z</time>
   </trkpt>
   <trkpt lat="22.7297430" lon="120.3273780">
    <ele>18.9</ele>
    <time>2026-09-06T07:01:01Z</time>
   </trkpt>
   <trkpt lat="22.7297440" lon="120.3273800">
    <ele>18.9</ele>
    <time>2026-09-06T07:01:02Z</time>
   </trkpt>
   <trkpt lat="22.7297440" lon="120.3273800">
    <ele>18.9</ele>
    <time>2026-09-06T07:01:03Z</time>
   </trkpt>
   <trkpt lat="22.7297280" lon="120.3273610">
    <ele>18.8</ele>
    <time>2026-09-06T07:01:04Z</time>
   </trkpt>
   <trkpt lat="22.7297230" lon="120.3273420">
    <ele>18.8</ele>
    <time>2026-09-06T07:01:05Z</time>
   </trkpt>
   <trkpt lat="22.7297310" lon="120.3273370">
    <ele>18.8</ele>
    <time>2026-09-06T07:01:06Z</time>
   </trkpt>
   <trkpt lat="22.7297270" lon="120.3273360">
    <ele>18.8</ele>
    <time>2026-09-06T07:01:07Z</time>
   </trkpt>
   <trkpt lat="22.7297230" lon="120.3273310">
    <ele>18.8</ele>
    <time>2026-09-06T07:01:08Z</time>
   </trkpt>
   <trkpt lat="22.7297130" lon="120.3273350">
    <ele>18.8</ele>
    <time>2026-09-06T07:01:09Z</time>
   </trkpt>
   <trkpt lat="22.7297220" lon="120.3273340">
    <ele>18.8</ele>
    <time>2026-09-06T07:01:10Z</time>
   </trkpt>
   <trkpt lat="22.7296990" lon="120.3273190">
    <ele>18.5</ele>
    <time>2026-09-06T07:01:11Z</time>
   </trkpt>
   <trkpt lat="22.7296930" lon="120.3273110">
    <ele>18.5</ele>
    <time>2026-09-06T07:01:12Z</time>
   </trkpt>
   <trkpt lat="22.7296830" lon="120.3273030">
    <ele>18.5</ele>
    <time>2026-09-06T07:01:13Z</time>
   </trkpt>
   <trkpt lat="22.7296790" lon="120.3272940">
    <ele>18.5</ele>
    <time>2026-09-06T07:01:14Z</time>
   </trkpt>
   <trkpt lat="22.7296740" lon="120.3272990">
    <ele>18.5</ele>
    <time>2026-09-06T07:01:15Z</time>
   </trkpt>
   <trkpt lat="22.7296780" lon="120.3272910">
    <ele>18.5</ele>
    <time>2026-09-06T07:01:16Z</time>
   </trkpt>
   <trkpt lat="22.7296800" lon="120.3272900">
    <ele>18.5</ele>
    <time>2026-09-06T07:01:17Z</time>
   </trkpt>
   <trkpt lat="22.7296840" lon="120.3272900">
    <ele>18.5</ele>
    <time>2026-09-06T07:01:18Z</time>
   </trkpt>
   <trkpt lat="22.7296910" lon="120.3273000">
    <ele>18.5</ele>
    <time>2026-09-06T07:01:19Z</time>
   </trkpt>
   <trkpt lat="22.7296920" lon="120.3273120">
    <ele>18.5</ele>
    <time>2026-09-06T07:01:20Z</time>
   </trkpt>
   <trkpt lat="22.7297090" lon="120.3273370">
    <ele>18.8</ele>
    <time>2026-09-06T07:01:21Z</time>
   </trkpt>
   <trkpt lat="22.7297370" lon="120.3273590">
    <ele>18.8</ele>
    <time>2026-09-06T07:01:22Z</time>
   </trkpt>
   <trkpt lat="22.7297360" lon="120.3273500">
    <ele>18.8</ele>
    <time>2026-09-06T07:01:23Z</time>
   </trkpt>
   <trkpt lat="22.7297360" lon="120.3273500">
    <ele>18.8</ele>
    <time>2026-09-06T07:01:24Z</time>
   </trkpt>
   <trkpt lat="22.7297360" lon="120.3273500">
    <ele>18.8</ele>
    <time>2026-09-06T07:01:25Z</time>
   </trkpt>
   <trkpt lat="22.7297360" lon="120.3273500">
    <ele>18.8</ele>
    <time>2026-09-06T07:01:26Z</time>
   </trkpt>
   <trkpt lat="22.7297360" lon="120.3273500">
    <ele>18.8</ele>
    <time>2026-09-06T07:01:27Z</time>
   </trkpt>
   <trkpt lat="22.7297360" lon="120.3273500">
    <ele>18.8</ele>
    <time>2026-09-06T07:01:28Z</time>
   </trkpt>
   <trkpt lat="22.7297360" lon="120.3273500">
    <ele>18.8</ele>
    <time>2026-09-06T07:01:29Z</time>
   </trkpt>
   <trkpt lat="22.7297110" lon="120.3273340">
    <ele>18.8</ele>
    <time>2026-09-06T07:01:30Z</time>
   </trkpt>
   <trkpt lat="22.7297060" lon="120.3273230">
    <ele>18.5</ele>
    <time>2026-09-06T07:01:31Z</time>
   </trkpt>
   <trkpt lat="22.7296420" lon="120.3271770">
    <ele>17.1</ele>
    <time>2026-09-06T07:01:45Z</time>
   </trkpt>
   <trkpt lat="22.7296370" lon="120.3271660">
    <ele>17.3</ele>
    <time>2026-09-06T07:01:46Z</time>
   </trkpt>
   <trkpt lat="22.7296330" lon="120.3271560">
    <ele>16.9</ele>
    <time>2026-09-06T07:01:47Z</time>
   </trkpt>
   <trkpt lat="22.7296280" lon="120.3271450">
    <ele>16.9</ele>
    <time>2026-09-06T07:01:48Z</time>
   </trkpt>
   <trkpt lat="22.7296320" lon="120.3271320">
    <ele>16.9</ele>
    <time>2026-09-06T07:01:49Z</time>
   </trkpt>
   <trkpt lat="22.7296300" lon="120.3271240">
    <ele>16.9</ele>
    <time>2026-09-06T07:01:50Z</time>
   </trkpt>
   <trkpt lat="22.7296340" lon="120.3271100">
    <ele>16.6</ele>
    <time>2026-09-06T07:01:51Z</time>
   </trkpt>
   <trkpt lat="22.7296480" lon="120.3270830">
    <ele>16.3</ele>
    <time>2026-09-06T07:01:52Z</time>
   </trkpt>
   <trkpt lat="22.7296560" lon="120.3270500">
    <ele>15.9</ele>
    <time>2026-09-06T07:01:53Z</time>
   </trkpt>
   <trkpt lat="22.7296590" lon="120.3270350">
    <ele>15.9</ele>
    <time>2026-09-06T07:01:54Z</time>
   </trkpt>
   <trkpt lat="22.7297010" lon="120.3270610">
    <ele>15.7</ele>
    <time>2026-09-06T07:01:55Z</time>
   </trkpt>
   <trkpt lat="22.7297310" lon="120.3270600">
    <ele>15.6</ele>
    <time>2026-09-06T07:01:56Z</time>
   </trkpt>
   <trkpt lat="22.7297650" lon="120.3271080">
    <ele>16.2</ele>
    <time>2026-09-06T07:01:57Z</time>
   </trkpt>
   <trkpt lat="22.7297640" lon="120.3271410">
    <ele>16.7</ele>
    <time>2026-09-06T07:01:58Z</time>
   </trkpt>
   <trkpt lat="22.7297630" lon="120.3271650">
    <ele>17.2</ele>
    <time>2026-09-06T07:01:59Z</time>
   </trkpt>
   <trkpt lat="22.7297610" lon="120.3271740">
    <ele>17.2</ele>
    <time>2026-09-06T07:02:00Z</time>
   </trkpt>
   <trkpt lat="22.7297540" lon="120.3272010">
    <ele>17.6</ele>
    <time>2026-09-06T07:02:01Z</time>
   </trkpt>
   <trkpt lat="22.7297500" lon="120.3272310">
    <ele>17.6</ele>
    <time>2026-09-06T07:02:02Z</time>
   </trkpt>
   <trkpt lat="22.7297560" lon="120.3272590">
    <ele>18.1</ele>
    <time>2026-09-06T07:02:03Z</time>
   </trkpt>
   <trkpt lat="22.7297770" lon="120.3273110">
    <ele>18.5</ele>
    <time>2026-09-06T07:02:04Z</time>
   </trkpt>
   <trkpt lat="22.7298500" lon="120.3273690">
    <ele>18.7</ele>
    <time>2026-09-06T07:02:05Z</time>
   </trkpt>
   <trkpt lat="22.7298880" lon="120.3274480">
    <ele>18.8</ele>
    <time>2026-09-06T07:02:06Z</time>
   </trkpt>
   <trkpt lat="22.7299020" lon="120.3275200">
    <ele>18.7</ele>
    <time>2026-09-06T07:02:07Z</time>
   </trkpt>
   <trkpt lat="22.7299210" lon="120.3275570">
    <ele>18.7</ele>
    <time>2026-09-06T07:02:08Z</time>
   </trkpt>
   <trkpt lat="22.7299410" lon="120.3275930">
    <ele>18.7</ele>
    <time>2026-09-06T07:02:09Z</time>
   </trkpt>
   <trkpt lat="22.7299490" lon="120.3276290">
    <ele>18.7</ele>
    <time>2026-09-06T07:02:10Z</time>
   </trkpt>
   <trkpt lat="22.7299590" lon="120.3276430">
    <ele>18.3</ele>
    <time>2026-09-06T07:02:11Z</time>
   </trkpt>
   <trkpt lat="22.7299760" lon="120.3276200">
    <ele>18.4</ele>
    <time>2026-09-06T07:02:12Z</time>
   </trkpt>
   <trkpt lat="22.7299910" lon="120.3276410">
    <ele>18.3</ele>
    <time>2026-09-06T07:02:13Z</time>
   </trkpt>
   <trkpt lat="22.7299960" lon="120.3275870">
    <ele>18.5</ele>
    <time>2026-09-06T07:02:14Z</time>
   </trkpt>
   <trkpt lat="22.7299700" lon="120.3276050">
    <ele>18.4</ele>
    <time>2026-09-06T07:02:15Z</time>
   </trkpt>
   <trkpt lat="22.7299610" lon="120.3276250">
    <ele>18.4</ele>
    <time>2026-09-06T07:02:16Z</time>
   </trkpt>
   <trkpt lat="22.7299800" lon="120.3276380">
    <ele>18.3</ele>
    <time>2026-09-06T07:02:17Z</time>
   </trkpt>
   <trkpt lat="22.7299980" lon="120.3276510">
    <ele>18.0</ele>
    <time>2026-09-06T07:02:18Z</time>
   </trkpt>
   <trkpt lat="22.7300170" lon="120.3276640">
    <ele>18.0</ele>
    <time>2026-09-06T07:02:19Z</time>
   </trkpt>
   <trkpt lat="22.7301020" lon="120.3277230">
    <ele>17.0</ele>
    <time>2026-09-06T07:02:20Z</time>
   </trkpt>
   <trkpt lat="22.7300060" lon="120.3276660">
    <ele>18.0</ele>
    <time>2026-09-06T07:02:21Z</time>
   </trkpt>
   <trkpt lat="22.7300370" lon="120.3276710">
    <ele>17.7</ele>
    <time>2026-09-06T07:02:22Z</time>
   </trkpt>
   <trkpt lat="22.7300560" lon="120.3276730">
    <ele>17.5</ele>
    <time>2026-09-06T07:02:23Z</time>
   </trkpt>
   <trkpt lat="22.7300810" lon="120.3276770">
    <ele>17.2</ele>
    <time>2026-09-06T07:02:24Z</time>
   </trkpt>
   <trkpt lat="22.7301140" lon="120.3276800">
    <ele>17.2</ele>
    <time>2026-09-06T07:02:25Z</time>
   </trkpt>
   <trkpt lat="22.7301690" lon="120.3277240">
    <ele>16.3</ele>
    <time>2026-09-06T07:02:26Z</time>
   </trkpt>
   <trkpt lat="22.7302500" lon="120.3277880">
    <ele>15.6</ele>
    <time>2026-09-06T07:02:27Z</time>
   </trkpt>
   <trkpt lat="22.7303670" lon="120.3279240">
    <ele>16.1</ele>
    <time>2026-09-06T07:02:28Z</time>
   </trkpt>
   <trkpt lat="22.7304130" lon="120.3279850">
    <ele>17.1</ele>
    <time>2026-09-06T07:02:29Z</time>
   </trkpt>
   <trkpt lat="22.7304650" lon="120.3280410">
    <ele>17.8</ele>
    <time>2026-09-06T07:02:30Z</time>
   </trkpt>
   <trkpt lat="22.7305170" lon="120.3280970">
    <ele>18.1</ele>
    <time>2026-09-06T07:02:31Z</time>
   </trkpt>
   <trkpt lat="22.7305660" lon="120.3281500">
    <ele>18.5</ele>
    <time>2026-09-06T07:02:32Z</time>
   </trkpt>
   <trkpt lat="22.7304790" lon="120.3282120">
    <ele>18.8</ele>
    <time>2026-09-06T07:02:33Z</time>
   </trkpt>
   <trkpt lat="22.7304890" lon="120.3282510">
    <ele>19.1</ele>
    <time>2026-09-06T07:02:34Z</time>
   </trkpt>
   <trkpt lat="22.7304860" lon="120.3282620">
    <ele>19.1</ele>
    <time>2026-09-06T07:02:35Z</time>
   </trkpt>
   <trkpt lat="22.7305070" lon="120.3282250">
    <ele>18.8</ele>
    <time>2026-09-06T07:02:36Z</time>
   </trkpt>
   <trkpt lat="22.7305240" lon="120.3282070">
    <ele>18.9</ele>
    <time>2026-09-06T07:02:37Z</time>
   </trkpt>
   <trkpt lat="22.7305440" lon="120.3282440">
    <ele>19.2</ele>
    <time>2026-09-06T07:02:38Z</time>
   </trkpt>
   <trkpt lat="22.7305630" lon="120.3282800">
    <ele>19.6</ele>
    <time>2026-09-06T07:02:39Z</time>
   </trkpt>
   <trkpt lat="22.7305630" lon="120.3283570">
    <ele>19.9</ele>
    <time>2026-09-06T07:02:40Z</time>
   </trkpt>
   <trkpt lat="22.7305710" lon="120.3284090">
    <ele>20.1</ele>
    <time>2026-09-06T07:02:41Z</time>
   </trkpt>
   <trkpt lat="22.7306060" lon="120.3283670">
    <ele>20.1</ele>
    <time>2026-09-06T07:02:42Z</time>
   </trkpt>
   <trkpt lat="22.7305560" lon="120.3282810">
    <ele>19.6</ele>
    <time>2026-09-06T07:02:43Z</time>
   </trkpt>
   <trkpt lat="22.7305730" lon="120.3285700">
    <ele>19.7</ele>
    <time>2026-09-06T07:02:45Z</time>
   </trkpt>
   <trkpt lat="22.7303640" lon="120.3284890">
    <ele>19.7</ele>
    <time>2026-09-06T07:02:46Z</time>
   </trkpt>
   <trkpt lat="22.7303520" lon="120.3285100">
    <ele>19.6</ele>
    <time>2026-09-06T07:02:47Z</time>
   </trkpt>
   <trkpt lat="22.7303450" lon="120.3285010">
    <ele>19.6</ele>
    <time>2026-09-06T07:02:48Z</time>
   </trkpt>
   <trkpt lat="22.7303550" lon="120.3284940">
    <ele>19.7</ele>
    <time>2026-09-06T07:02:49Z</time>
   </trkpt>
   <trkpt lat="22.7303890" lon="120.3284910">
    <ele>19.7</ele>
    <time>2026-09-06T07:02:50Z</time>
   </trkpt>
   <trkpt lat="22.7303420" lon="120.3284050">
    <ele>19.1</ele>
    <time>2026-09-06T07:02:51Z</time>
   </trkpt>
   <trkpt lat="22.7303620" lon="120.3283760">
    <ele>19.0</ele>
    <time>2026-09-06T07:02:52Z</time>
   </trkpt>
   <trkpt lat="22.7303810" lon="120.3283460">
    <ele>18.8</ele>
    <time>2026-09-06T07:02:53Z</time>
   </trkpt>
   <trkpt lat="22.7303770" lon="120.3282960">
    <ele>18.5</ele>
    <time>2026-09-06T07:02:54Z</time>
   </trkpt>
   <trkpt lat="22.7303350" lon="120.3282580">
    <ele>18.1</ele>
    <time>2026-09-06T07:02:55Z</time>
   </trkpt>
   <trkpt lat="22.7302950" lon="120.3281840">
    <ele>17.5</ele>
    <time>2026-09-06T07:02:56Z</time>
   </trkpt>
   <trkpt lat="22.7302300" lon="120.3281310">
    <ele>17.4</ele>
    <time>2026-09-06T07:02:57Z</time>
   </trkpt>
   <trkpt lat="22.7301710" lon="120.3280610">
    <ele>17.3</ele>
    <time>2026-09-06T07:02:58Z</time>
   </trkpt>
   <trkpt lat="22.7301280" lon="120.3279840">
    <ele>17.1</ele>
    <time>2026-09-06T07:02:59Z</time>
   </trkpt>
   <trkpt lat="22.7300900" lon="120.3278920">
    <ele>17.2</ele>
    <time>2026-09-06T07:03:00Z</time>
   </trkpt>
   <trkpt lat="22.7300480" lon="120.3278650">
    <ele>17.6</ele>
    <time>2026-09-06T07:03:01Z</time>
   </trkpt>
   <trkpt lat="22.7299890" lon="120.3278380">
    <ele>18.1</ele>
    <time>2026-09-06T07:03:02Z</time>
   </trkpt>
   <trkpt lat="22.7299080" lon="120.3277800">
    <ele>18.2</ele>
    <time>2026-09-06T07:03:03Z</time>
   </trkpt>
   <trkpt lat="22.7298870" lon="120.3277600">
    <ele>18.2</ele>
    <time>2026-09-06T07:03:04Z</time>
   </trkpt>
   <trkpt lat="22.7298590" lon="120.3277270">
    <ele>18.4</ele>
    <time>2026-09-06T07:03:05Z</time>
   </trkpt>
   <trkpt lat="22.7298450" lon="120.3277150">
    <ele>18.7</ele>
    <time>2026-09-06T07:03:06Z</time>
   </trkpt>
   <trkpt lat="22.7298410" lon="120.3277150">
    <ele>18.7</ele>
    <time>2026-09-06T07:03:07Z</time>
   </trkpt>
   <trkpt lat="22.7298370" lon="120.3277120">
    <ele>18.4</ele>
    <time>2026-09-06T07:03:08Z</time>
   </trkpt>
   <trkpt lat="22.7298360" lon="120.3277140">
    <ele>18.4</ele>
    <time>2026-09-06T07:03:09Z</time>
   </trkpt>
   <trkpt lat="22.7298350" lon="120.3277150">
    <ele>18.4</ele>
    <time>2026-09-06T07:03:10Z</time>
   </trkpt>
   <trkpt lat="22.7298300" lon="120.3277160">
    <ele>18.2</ele>
    <time>2026-09-06T07:03:11Z</time>
   </trkpt>
   <trkpt lat="22.7298330" lon="120.3274380">
    <ele>18.9</ele>
    <time>2026-09-06T07:04:43Z</time>
   </trkpt>
   <trkpt lat="22.7298410" lon="120.3274510">
    <ele>18.8</ele>
    <time>2026-09-06T07:04:44Z</time>
   </trkpt>
   <trkpt lat="22.7298590" lon="120.3274680">
    <ele>18.8</ele>
    <time>2026-09-06T07:04:45Z</time>
   </trkpt>
   <trkpt lat="22.7298750" lon="120.3274900">
    <ele>18.8</ele>
    <time>2026-09-06T07:04:46Z</time>
   </trkpt>
   <trkpt lat="22.7298700" lon="120.3275110">
    <ele>18.8</ele>
    <time>2026-09-06T07:04:47Z</time>
   </trkpt>
   <trkpt lat="22.7298450" lon="120.3275320">
    <ele>18.7</ele>
    <time>2026-09-06T07:04:48Z</time>
   </trkpt>
   <trkpt lat="22.7298370" lon="120.3275480">
    <ele>18.7</ele>
    <time>2026-09-06T07:04:49Z</time>
   </trkpt>
   <trkpt lat="22.7298250" lon="120.3275760">
    <ele>18.6</ele>
    <time>2026-09-06T07:04:50Z</time>
   </trkpt>
   <trkpt lat="22.7298240" lon="120.3275840">
    <ele>18.6</ele>
    <time>2026-09-06T07:04:51Z</time>
   </trkpt>
   <trkpt lat="22.7298200" lon="120.3275930">
    <ele>18.5</ele>
    <time>2026-09-06T07:04:52Z</time>
   </trkpt>
   <trkpt lat="22.7298180" lon="120.3275980">
    <ele>18.5</ele>
    <time>2026-09-06T07:04:53Z</time>
   </trkpt>
   <trkpt lat="22.7298160" lon="120.3275960">
    <ele>18.5</ele>
    <time>2026-09-06T07:04:54Z</time>
   </trkpt>
   <trkpt lat="22.7298050" lon="120.3276030">
    <ele>18.5</ele>
    <time>2026-09-06T07:04:55Z</time>
   </trkpt>
   <trkpt lat="22.7297730" lon="120.3275930">
    <ele>18.4</ele>
    <time>2026-09-06T07:04:56Z</time>
   </trkpt>
   <trkpt lat="22.7297590" lon="120.3275930">
    <ele>18.4</ele>
    <time>2026-09-06T07:04:57Z</time>
   </trkpt>
   <trkpt lat="22.7297370" lon="120.3276010">
    <ele>18.3</ele>
    <time>2026-09-06T07:04:58Z</time>
   </trkpt>
   <trkpt lat="22.7297080" lon="120.3276060">
    <ele>18.2</ele>
    <time>2026-09-06T07:04:59Z</time>
   </trkpt>
   <trkpt lat="22.7296860" lon="120.3276030">
    <ele>18.2</ele>
    <time>2026-09-06T07:05:00Z</time>
   </trkpt>
   <trkpt lat="22.7296720" lon="120.3275980">
    <ele>18.1</ele>
    <time>2026-09-06T07:05:01Z</time>
   </trkpt>
   <trkpt lat="22.7296560" lon="120.3276000">
    <ele>18.1</ele>
    <time>2026-09-06T07:05:02Z</time>
   </trkpt>
   <trkpt lat="22.7296430" lon="120.3275980">
    <ele>18.1</ele>
    <time>2026-09-06T07:05:03Z</time>
   </trkpt>
   <trkpt lat="22.7296290" lon="120.3275940">
    <ele>18.0</ele>
    <time>2026-09-06T07:05:04Z</time>
   </trkpt>
   <trkpt lat="22.7296150" lon="120.3275920">
    <ele>18.0</ele>
    <time>2026-09-06T07:05:05Z</time>
   </trkpt>
   <trkpt lat="22.7296070" lon="120.3275870">
    <ele>18.0</ele>
    <time>2026-09-06T07:05:06Z</time>
   </trkpt>
   <trkpt lat="22.7295950" lon="120.3275800">
    <ele>17.9</ele>
    <time>2026-09-06T07:05:07Z</time>
   </trkpt>
   <trkpt lat="22.7295820" lon="120.3275790">
    <ele>17.9</ele>
    <time>2026-09-06T07:05:08Z</time>
   </trkpt>
   <trkpt lat="22.7295720" lon="120.3275800">
    <ele>17.9</ele>
    <time>2026-09-06T07:05:09Z</time>
   </trkpt>
   <trkpt lat="22.7295630" lon="120.3275710">
    <ele>17.8</ele>
    <time>2026-09-06T07:05:10Z</time>
   </trkpt>
   <trkpt lat="22.7295530" lon="120.3275700">
    <ele>17.8</ele>
    <time>2026-09-06T07:05:11Z</time>
   </trkpt>
   <trkpt lat="22.7295390" lon="120.3275640">
    <ele>17.8</ele>
    <time>2026-09-06T07:05:12Z</time>
   </trkpt>
   <trkpt lat="22.7295220" lon="120.3275620">
    <ele>17.7</ele>
    <time>2026-09-06T07:05:13Z</time>
   </trkpt>
   <trkpt lat="22.7295070" lon="120.3275590">
    <ele>17.7</ele>
    <time>2026-09-06T07:05:14Z</time>
   </trkpt>
   <trkpt lat="22.7294970" lon="120.3275600">
    <ele>17.7</ele>
    <time>2026-09-06T07:05:15Z</time>
   </trkpt>
   <trkpt lat="22.7294890" lon="120.3275580">
    <ele>17.6</ele>
    <time>2026-09-06T07:05:16Z</time>
   </trkpt>
   <trkpt lat="22.7294670" lon="120.3275700">
    <ele>17.6</ele>
    <time>2026-09-06T07:05:17Z</time>
   </trkpt>
   <trkpt lat="22.7294510" lon="120.3275710">
    <ele>17.5</ele>
    <time>2026-09-06T07:05:18Z</time>
   </trkpt>
   <trkpt lat="22.7294390" lon="120.3275770">
    <ele>17.5</ele>
    <time>2026-09-06T07:05:19Z</time>
   </trkpt>
   <trkpt lat="22.7294240" lon="120.3275760">
    <ele>17.5</ele>
    <time>2026-09-06T07:05:20Z</time>
   </trkpt>
   <trkpt lat="22.7294150" lon="120.3275720">
    <ele>17.4</ele>
    <time>2026-09-06T07:05:21Z</time>
   </trkpt>
   <trkpt lat="22.7294150" lon="120.3275730">
    <ele>17.4</ele>
    <time>2026-09-06T07:05:22Z</time>
   </trkpt>
   <trkpt lat="22.7294100" lon="120.3275720">
    <ele>17.4</ele>
    <time>2026-09-06T07:05:23Z</time>
   </trkpt>
   <trkpt lat="22.7294030" lon="120.3275660">
    <ele>17.4</ele>
    <time>2026-09-06T07:05:24Z</time>
   </trkpt>
   <trkpt lat="22.7294010" lon="120.3275610">
    <ele>17.4</ele>
    <time>2026-09-06T07:05:25Z</time>
   </trkpt>
   <trkpt lat="22.7294000" lon="120.3275620">
    <ele>17.4</ele>
    <time>2026-09-06T07:05:26Z</time>
   </trkpt>
   <trkpt lat="22.7294050" lon="120.3275680">
    <ele>17.4</ele>
    <time>2026-09-06T07:05:27Z</time>
   </trkpt>
   <trkpt lat="22.7293930" lon="120.3275700">
    <ele>17.3</ele>
    <time>2026-09-06T07:05:28Z</time>
   </trkpt>
   <trkpt lat="22.7293730" lon="120.3275730">
    <ele>17.3</ele>
    <time>2026-09-06T07:05:29Z</time>
   </trkpt>
   <trkpt lat="22.7293580" lon="120.3275720">
    <ele>17.2</ele>
    <time>2026-09-06T07:05:31Z</time>
   </trkpt>
   <trkpt lat="22.7293530" lon="120.3275770">
    <ele>17.2</ele>
    <time>2026-09-06T07:05:32Z</time>
   </trkpt>
   <trkpt lat="22.7293510" lon="120.3275920">
    <ele>17.2</ele>
    <time>2026-09-06T07:05:33Z</time>
   </trkpt>
   <trkpt lat="22.7293420" lon="120.3275930">
    <ele>17.2</ele>
    <time>2026-09-06T07:05:34Z</time>
   </trkpt>
   <trkpt lat="22.7293210" lon="120.3275970">
    <ele>17.1</ele>
    <time>2026-09-06T07:05:35Z</time>
   </trkpt>
   <trkpt lat="22.7293070" lon="120.3275980">
    <ele>17.1</ele>
    <time>2026-09-06T07:05:36Z</time>
   </trkpt>
   <trkpt lat="22.7292970" lon="120.3276050">
    <ele>17.0</ele>
    <time>2026-09-06T07:05:37Z</time>
   </trkpt>
   <trkpt lat="22.7292960" lon="120.3276090">
    <ele>17.0</ele>
    <time>2026-09-06T07:05:38Z</time>
   </trkpt>
   <trkpt lat="22.7292940" lon="120.3276150">
    <ele>17.0</ele>
    <time>2026-09-06T07:05:39Z</time>
   </trkpt>
   <trkpt lat="22.7292920" lon="120.3276310">
    <ele>17.0</ele>
    <time>2026-09-06T07:05:40Z</time>
   </trkpt>
   <trkpt lat="22.7292910" lon="120.3276430">
    <ele>17.0</ele>
    <time>2026-09-06T07:05:41Z</time>
   </trkpt>
   <trkpt lat="22.7292870" lon="120.3276510">
    <ele>17.0</ele>
    <time>2026-09-06T07:05:42Z</time>
   </trkpt>
   <trkpt lat="22.7292840" lon="120.3276550">
    <ele>17.0</ele>
    <time>2026-09-06T07:05:43Z</time>
   </trkpt>
   <trkpt lat="22.7292820" lon="120.3276660">
    <ele>17.0</ele>
    <time>2026-09-06T07:05:44Z</time>
   </trkpt>
   <trkpt lat="22.7292870" lon="120.3276750">
    <ele>17.0</ele>
    <time>2026-09-06T07:05:45Z</time>
   </trkpt>
   <trkpt lat="22.7292880" lon="120.3276840">
    <ele>17.0</ele>
    <time>2026-09-06T07:05:46Z</time>
   </trkpt>
   <trkpt lat="22.7292840" lon="120.3276650">
    <ele>17.0</ele>
    <time>2026-09-06T07:06:47Z</time>
   </trkpt>
   <trkpt lat="22.7292690" lon="120.3276380">
    <ele>17.0</ele>
    <time>2026-09-06T07:06:48Z</time>
   </trkpt>
   <trkpt lat="22.7292520" lon="120.3276350">
    <ele>17.0</ele>
    <time>2026-09-06T07:06:49Z</time>
   </trkpt>
   <trkpt lat="22.7292370" lon="120.3276450">
    <ele>17.0</ele>
    <time>2026-09-06T07:06:50Z</time>
   </trkpt>
   <trkpt lat="22.7292150" lon="120.3276490">
    <ele>17.0</ele>
    <time>2026-09-06T07:06:51Z</time>
   </trkpt>
   <trkpt lat="22.7292000" lon="120.3276590">
    <ele>17.0</ele>
    <time>2026-09-06T07:06:52Z</time>
   </trkpt>
   <trkpt lat="22.7291870" lon="120.3276660">
    <ele>17.0</ele>
    <time>2026-09-06T07:06:53Z</time>
   </trkpt>
   <trkpt lat="22.7291730" lon="120.3276760">
    <ele>17.0</ele>
    <time>2026-09-06T07:06:54Z</time>
   </trkpt>
   <trkpt lat="22.7291620" lon="120.3276830">
    <ele>17.0</ele>
    <time>2026-09-06T07:06:55Z</time>
   </trkpt>
   <trkpt lat="22.7291440" lon="120.3276810">
    <ele>17.0</ele>
    <time>2026-09-06T07:06:56Z</time>
   </trkpt>
   <trkpt lat="22.7291410" lon="120.3276850">
    <ele>17.0</ele>
    <time>2026-09-06T07:06:57Z</time>
   </trkpt>
   <trkpt lat="22.7291310" lon="120.3276780">
    <ele>17.0</ele>
    <time>2026-09-06T07:06:58Z</time>
   </trkpt>
   <trkpt lat="22.7291210" lon="120.3276800">
    <ele>17.0</ele>
    <time>2026-09-06T07:06:59Z</time>
   </trkpt>
   <trkpt lat="22.7291100" lon="120.3276750">
    <ele>17.0</ele>
    <time>2026-09-06T07:07:00Z</time>
   </trkpt>
   <trkpt lat="22.7290940" lon="120.3276740">
    <ele>17.0</ele>
    <time>2026-09-06T07:07:01Z</time>
   </trkpt>
   <trkpt lat="22.7290780" lon="120.3276780">
    <ele>17.0</ele>
    <time>2026-09-06T07:07:02Z</time>
   </trkpt>
   <trkpt lat="22.7290850" lon="120.3276980">
    <ele>17.0</ele>
    <time>2026-09-06T07:07:03Z</time>
   </trkpt>
   <trkpt lat="22.7290960" lon="120.3277180">
    <ele>17.0</ele>
    <time>2026-09-06T07:07:04Z</time>
   </trkpt>
   <trkpt lat="22.7290970" lon="120.3277190">
    <ele>17.0</ele>
    <time>2026-09-06T07:07:05Z</time>
   </trkpt>
   <trkpt lat="22.7290970" lon="120.3277200">
    <ele>17.0</ele>
    <time>2026-09-06T07:07:06Z</time>
   </trkpt>
   <trkpt lat="22.7290980" lon="120.3277210">
    <ele>17.0</ele>
    <time>2026-09-06T07:07:07Z</time>
   </trkpt>
   <trkpt lat="22.7290990" lon="120.3277220">
    <ele>17.0</ele>
    <time>2026-09-06T07:07:08Z</time>
   </trkpt>
   <trkpt lat="22.7291000" lon="120.3277220">
    <ele>17.0</ele>
    <time>2026-09-06T07:07:09Z</time>
   </trkpt>
   <trkpt lat="22.7291000" lon="120.3277230">
    <ele>17.0</ele>
    <time>2026-09-06T07:07:10Z</time>
   </trkpt>
   <trkpt lat="22.7291010" lon="120.3277240">
    <ele>17.0</ele>
    <time>2026-09-06T07:07:11Z</time>
   </trkpt>
   <trkpt lat="22.7291020" lon="120.3277250">
    <ele>17.0</ele>
    <time>2026-09-06T07:07:12Z</time>
   </trkpt>
   <trkpt lat="22.7291030" lon="120.3277260">
    <ele>17.0</ele>
    <time>2026-09-06T07:07:13Z</time>
   </trkpt>
   <trkpt lat="22.7291030" lon="120.3277270">
    <ele>17.0</ele>
    <time>2026-09-06T07:07:14Z</time>
   </trkpt>
   <trkpt lat="22.7291040" lon="120.3277280">
    <ele>17.0</ele>
    <time>2026-09-06T07:07:15Z</time>
   </trkpt>
   <trkpt lat="22.7291050" lon="120.3277290">
    <ele>17.0</ele>
    <time>2026-09-06T07:07:16Z</time>
   </trkpt>
   <trkpt lat="22.7291050" lon="120.3277300">
    <ele>17.0</ele>
    <time>2026-09-06T07:07:17Z</time>
   </trkpt>
   <trkpt lat="22.7291060" lon="120.3277300">
    <ele>17.0</ele>
    <time>2026-09-06T07:07:18Z</time>
   </trkpt>
   <trkpt lat="22.7291220" lon="120.3277500">
    <ele>17.0</ele>
    <time>2026-09-06T07:07:40Z</time>
   </trkpt>
   <trkpt lat="22.7291230" lon="120.3277510">
    <ele>17.0</ele>
    <time>2026-09-06T07:07:41Z</time>
   </trkpt>
   <trkpt lat="22.7290910" lon="120.3277320">
    <ele>17.0</ele>
    <time>2026-09-06T07:07:42Z</time>
   </trkpt>
   <trkpt lat="22.7290700" lon="120.3277290">
    <ele>17.0</ele>
    <time>2026-09-06T07:07:43Z</time>
   </trkpt>
   <trkpt lat="22.7290660" lon="120.3277150">
    <ele>17.0</ele>
    <time>2026-09-06T07:07:44Z</time>
   </trkpt>
   <trkpt lat="22.7290450" lon="120.3277050">
    <ele>17.0</ele>
    <time>2026-09-06T07:07:45Z</time>
   </trkpt>
   <trkpt lat="22.7290200" lon="120.3277070">
    <ele>17.0</ele>
    <time>2026-09-06T07:07:46Z</time>
   </trkpt>
   <trkpt lat="22.7290070" lon="120.3277130">
    <ele>17.0</ele>
    <time>2026-09-06T07:07:47Z</time>
   </trkpt>
   <trkpt lat="22.7289930" lon="120.3277150">
    <ele>17.0</ele>
    <time>2026-09-06T07:07:48Z</time>
   </trkpt>
   <trkpt lat="22.7289710" lon="120.3277090">
    <ele>17.0</ele>
    <time>2026-09-06T07:07:49Z</time>
   </trkpt>
   <trkpt lat="22.7289640" lon="120.3277040">
    <ele>17.0</ele>
    <time>2026-09-06T07:07:50Z</time>
   </trkpt>
   <trkpt lat="22.7289550" lon="120.3277070">
    <ele>17.1</ele>
    <time>2026-09-06T07:07:51Z</time>
   </trkpt>
   <trkpt lat="22.7289450" lon="120.3277140">
    <ele>17.1</ele>
    <time>2026-09-06T07:07:52Z</time>
   </trkpt>
   <trkpt lat="22.7289360" lon="120.3277150">
    <ele>17.1</ele>
    <time>2026-09-06T07:07:53Z</time>
   </trkpt>
   <trkpt lat="22.7289220" lon="120.3277140">
    <ele>17.1</ele>
    <time>2026-09-06T07:07:54Z</time>
   </trkpt>
   <trkpt lat="22.7289190" lon="120.3277150">
    <ele>17.1</ele>
    <time>2026-09-06T07:07:55Z</time>
   </trkpt>
   <trkpt lat="22.7289110" lon="120.3277140">
    <ele>17.1</ele>
    <time>2026-09-06T07:07:56Z</time>
   </trkpt>
   <trkpt lat="22.7289120" lon="120.3277180">
    <ele>17.1</ele>
    <time>2026-09-06T07:07:57Z</time>
   </trkpt>
   <trkpt lat="22.7289160" lon="120.3277230">
    <ele>17.1</ele>
    <time>2026-09-06T07:07:58Z</time>
   </trkpt>
   <trkpt lat="22.7289270" lon="120.3277150">
    <ele>17.1</ele>
    <time>2026-09-06T07:07:59Z</time>
   </trkpt>
   <trkpt lat="22.7289420" lon="120.3277120">
    <ele>17.1</ele>
    <time>2026-09-06T07:08:00Z</time>
   </trkpt>
   <trkpt lat="22.7289570" lon="120.3277180">
    <ele>17.1</ele>
    <time>2026-09-06T07:08:01Z</time>
   </trkpt>
   <trkpt lat="22.7289680" lon="120.3277230">
    <ele>17.1</ele>
    <time>2026-09-06T07:08:02Z</time>
   </trkpt>
   <trkpt lat="22.7289760" lon="120.3277250">
    <ele>17.1</ele>
    <time>2026-09-06T07:08:03Z</time>
   </trkpt>
   <trkpt lat="22.7289860" lon="120.3277220">
    <ele>17.1</ele>
    <time>2026-09-06T07:08:04Z</time>
   </trkpt>
   <trkpt lat="22.7289940" lon="120.3277210">
    <ele>17.1</ele>
    <time>2026-09-06T07:08:05Z</time>
   </trkpt>
   <trkpt lat="22.7292500" lon="120.3275990">
    <ele>17.0</ele>
    <time>2026-09-06T07:08:27Z</time>
   </trkpt>
   <trkpt lat="22.7292580" lon="120.3276120">
    <ele>17.0</ele>
    <time>2026-09-06T07:08:28Z</time>
   </trkpt>
   <trkpt lat="22.7292630" lon="120.3276210">
    <ele>17.0</ele>
    <time>2026-09-06T07:08:29Z</time>
   </trkpt>
   <trkpt lat="22.7292720" lon="120.3276430">
    <ele>17.1</ele>
    <time>2026-09-06T07:08:30Z</time>
   </trkpt>
   <trkpt lat="22.7292750" lon="120.3276570">
    <ele>17.2</ele>
    <time>2026-09-06T07:08:31Z</time>
   </trkpt>
   <trkpt lat="22.7292770" lon="120.3276690">
    <ele>17.3</ele>
    <time>2026-09-06T07:08:32Z</time>
   </trkpt>
   <trkpt lat="22.7292850" lon="120.3276900">
    <ele>17.6</ele>
    <time>2026-09-06T07:08:33Z</time>
   </trkpt>
   <trkpt lat="22.7292890" lon="120.3276980">
    <ele>17.6</ele>
    <time>2026-09-06T07:08:34Z</time>
   </trkpt>
   <trkpt lat="22.7292960" lon="120.3277040">
    <ele>17.7</ele>
    <time>2026-09-06T07:08:35Z</time>
   </trkpt>
   <trkpt lat="22.7293010" lon="120.3277230">
    <ele>17.9</ele>
    <time>2026-09-06T07:08:36Z</time>
   </trkpt>
   <trkpt lat="22.7293020" lon="120.3277380">
    <ele>18.1</ele>
    <time>2026-09-06T07:08:37Z</time>
   </trkpt>
   <trkpt lat="22.7293070" lon="120.3277510">
    <ele>18.2</ele>
    <time>2026-09-06T07:08:38Z</time>
   </trkpt>
   <trkpt lat="22.7293050" lon="120.3277620">
    <ele>18.3</ele>
    <time>2026-09-06T07:08:39Z</time>
   </trkpt>
   <trkpt lat="22.7293030" lon="120.3277680">
    <ele>18.4</ele>
    <time>2026-09-06T07:08:40Z</time>
   </trkpt>
   <trkpt lat="22.7292990" lon="120.3277750">
    <ele>18.4</ele>
    <time>2026-09-06T07:08:41Z</time>
   </trkpt>
   <trkpt lat="22.7293100" lon="120.3277970">
    <ele>18.7</ele>
    <time>2026-09-06T07:08:42Z</time>
   </trkpt>
   <trkpt lat="22.7293170" lon="120.3278060">
    <ele>18.8</ele>
    <time>2026-09-06T07:08:43Z</time>
   </trkpt>
   <trkpt lat="22.7293180" lon="120.3278220">
    <ele>18.9</ele>
    <time>2026-09-06T07:08:44Z</time>
   </trkpt>
   <trkpt lat="22.7293260" lon="120.3278330">
    <ele>19.1</ele>
    <time>2026-09-06T07:08:45Z</time>
   </trkpt>
   <trkpt lat="22.7293300" lon="120.3278270">
    <ele>19.1</ele>
    <time>2026-09-06T07:08:46Z</time>
   </trkpt>
   <trkpt lat="22.7293300" lon="120.3278230">
    <ele>19.2</ele>
    <time>2026-09-06T07:08:47Z</time>
   </trkpt>
   <trkpt lat="22.7293290" lon="120.3278220">
    <ele>19.2</ele>
    <time>2026-09-06T07:08:48Z</time>
   </trkpt>
   <trkpt lat="22.7293300" lon="120.3278190">
    <ele>19.2</ele>
    <time>2026-09-06T07:08:49Z</time>
   </trkpt>
   <trkpt lat="22.7293280" lon="120.3278140">
    <ele>19.3</ele>
    <time>2026-09-06T07:08:50Z</time>
   </trkpt>
   <trkpt lat="22.7293410" lon="120.3278180">
    <ele>19.4</ele>
    <time>2026-09-06T07:08:51Z</time>
   </trkpt>
   <trkpt lat="22.7293520" lon="120.3278460">
    <ele>19.7</ele>
    <time>2026-09-06T07:08:52Z</time>
   </trkpt>
   <trkpt lat="22.7293580" lon="120.3278720">
    <ele>19.9</ele>
    <time>2026-09-06T07:08:53Z</time>
   </trkpt>
   <trkpt lat="22.7293720" lon="120.3278920">
    <ele>20.2</ele>
    <time>2026-09-06T07:08:54Z</time>
   </trkpt>
   <trkpt lat="22.7293800" lon="120.3279020">
    <ele>20.3</ele>
    <time>2026-09-06T07:08:55Z</time>
   </trkpt>
   <trkpt lat="22.7293870" lon="120.3279220">
    <ele>20.5</ele>
    <time>2026-09-06T07:08:56Z</time>
   </trkpt>
   <trkpt lat="22.7293780" lon="120.3279090">
    <ele>20.7</ele>
    <time>2026-09-06T07:08:57Z</time>
   </trkpt>
   <trkpt lat="22.7293710" lon="120.3279040">
    <ele>20.7</ele>
    <time>2026-09-06T07:08:58Z</time>
   </trkpt>
   <trkpt lat="22.7293650" lon="120.3278950">
    <ele>20.8</ele>
    <time>2026-09-06T07:08:59Z</time>
   </trkpt>
   <trkpt lat="22.7293700" lon="120.3279120">
    <ele>21.0</ele>
    <time>2026-09-06T07:09:00Z</time>
   </trkpt>
   <trkpt lat="22.7293670" lon="120.3279370">
    <ele>21.2</ele>
    <time>2026-09-06T07:09:01Z</time>
   </trkpt>
   <trkpt lat="22.7293720" lon="120.3279320">
    <ele>21.3</ele>
    <time>2026-09-06T07:09:02Z</time>
   </trkpt>
   <trkpt lat="22.7293780" lon="120.3279260">
    <ele>21.4</ele>
    <time>2026-09-06T07:09:03Z</time>
   </trkpt>
   <trkpt lat="22.7293790" lon="120.3279320">
    <ele>21.5</ele>
    <time>2026-09-06T07:09:04Z</time>
   </trkpt>
   <trkpt lat="22.7293790" lon="120.3279410">
    <ele>21.5</ele>
    <time>2026-09-06T07:09:05Z</time>
   </trkpt>
   <trkpt lat="22.7293800" lon="120.3279490">
    <ele>21.6</ele>
    <time>2026-09-06T07:09:06Z</time>
   </trkpt>
   <trkpt lat="22.7293820" lon="120.3279500">
    <ele>21.6</ele>
    <time>2026-09-06T07:09:07Z</time>
   </trkpt>
   <trkpt lat="22.7293870" lon="120.3279540">
    <ele>21.7</ele>
    <time>2026-09-06T07:09:08Z</time>
   </trkpt>
   <trkpt lat="22.7293900" lon="120.3279510">
    <ele>21.7</ele>
    <time>2026-09-06T07:09:09Z</time>
   </trkpt>
   <trkpt lat="22.7293990" lon="120.3279550">
    <ele>21.8</ele>
    <time>2026-09-06T07:09:10Z</time>
   </trkpt>
   <trkpt lat="22.7294040" lon="120.3279550">
    <ele>21.9</ele>
    <time>2026-09-06T07:09:11Z</time>
   </trkpt>
   <trkpt lat="22.7293960" lon="120.3279940">
    <ele>22.1</ele>
    <time>2026-09-06T07:09:18Z</time>
   </trkpt>
   <trkpt lat="22.7293910" lon="120.3279970">
    <ele>22.1</ele>
    <time>2026-09-06T07:09:19Z</time>
   </trkpt>
   <trkpt lat="22.7293950" lon="120.3280070">
    <ele>22.1</ele>
    <time>2026-09-06T07:09:20Z</time>
   </trkpt>
   <trkpt lat="22.7293900" lon="120.3280180">
    <ele>22.1</ele>
    <time>2026-09-06T07:09:21Z</time>
   </trkpt>
   <trkpt lat="22.7293810" lon="120.3280210">
    <ele>22.1</ele>
    <time>2026-09-06T07:09:22Z</time>
   </trkpt>
   <trkpt lat="22.7293640" lon="120.3280240">
    <ele>22.1</ele>
    <time>2026-09-06T07:09:23Z</time>
   </trkpt>
   <trkpt lat="22.7293490" lon="120.3280260">
    <ele>22.2</ele>
    <time>2026-09-06T07:09:24Z</time>
   </trkpt>
   <trkpt lat="22.7293380" lon="120.3280260">
    <ele>22.2</ele>
    <time>2026-09-06T07:09:25Z</time>
   </trkpt>
   <trkpt lat="22.7293290" lon="120.3280230">
    <ele>22.2</ele>
    <time>2026-09-06T07:09:26Z</time>
   </trkpt>
   <trkpt lat="22.7293130" lon="120.3280230">
    <ele>22.2</ele>
    <time>2026-09-06T07:09:27Z</time>
   </trkpt>
   <trkpt lat="22.7292970" lon="120.3280320">
    <ele>22.3</ele>
    <time>2026-09-06T07:09:28Z</time>
   </trkpt>
   <trkpt lat="22.7292870" lon="120.3280500">
    <ele>22.3</ele>
    <time>2026-09-06T07:09:29Z</time>
   </trkpt>
   <trkpt lat="22.7292750" lon="120.3280500">
    <ele>22.3</ele>
    <time>2026-09-06T07:09:30Z</time>
   </trkpt>
   <trkpt lat="22.7292660" lon="120.3280550">
    <ele>22.3</ele>
    <time>2026-09-06T07:09:31Z</time>
   </trkpt>
   <trkpt lat="22.7292600" lon="120.3280500">
    <ele>22.3</ele>
    <time>2026-09-06T07:09:32Z</time>
   </trkpt>
   <trkpt lat="22.7292580" lon="120.3280510">
    <ele>22.3</ele>
    <time>2026-09-06T07:09:33Z</time>
   </trkpt>
   <trkpt lat="22.7292430" lon="120.3280530">
    <ele>22.4</ele>
    <time>2026-09-06T07:09:34Z</time>
   </trkpt>
   <trkpt lat="22.7292230" lon="120.3280450">
    <ele>22.4</ele>
    <time>2026-09-06T07:09:35Z</time>
   </trkpt>
   <trkpt lat="22.7292110" lon="120.3280450">
    <ele>22.4</ele>
    <time>2026-09-06T07:09:36Z</time>
   </trkpt>
   <trkpt lat="22.7292020" lon="120.3280430">
    <ele>22.5</ele>
    <time>2026-09-06T07:09:37Z</time>
   </trkpt>
   <trkpt lat="22.7291950" lon="120.3280470">
    <ele>22.5</ele>
    <time>2026-09-06T07:09:38Z</time>
   </trkpt>
   <trkpt lat="22.7291820" lon="120.3280510">
    <ele>22.5</ele>
    <time>2026-09-06T07:09:39Z</time>
   </trkpt>
   <trkpt lat="22.7291770" lon="120.3280590">
    <ele>22.5</ele>
    <time>2026-09-06T07:09:40Z</time>
   </trkpt>
   <trkpt lat="22.7291650" lon="120.3280650">
    <ele>22.5</ele>
    <time>2026-09-06T07:09:41Z</time>
   </trkpt>
   <trkpt lat="22.7291570" lon="120.3280650">
    <ele>22.6</ele>
    <time>2026-09-06T07:09:42Z</time>
   </trkpt>
   <trkpt lat="22.7291500" lon="120.3280700">
    <ele>22.6</ele>
    <time>2026-09-06T07:09:43Z</time>
   </trkpt>
   <trkpt lat="22.7291380" lon="120.3280690">
    <ele>22.6</ele>
    <time>2026-09-06T07:09:44Z</time>
   </trkpt>
   <trkpt lat="22.7291270" lon="120.3280760">
    <ele>22.6</ele>
    <time>2026-09-06T07:09:45Z</time>
   </trkpt>
   <trkpt lat="22.7291150" lon="120.3280720">
    <ele>22.7</ele>
    <time>2026-09-06T07:09:46Z</time>
   </trkpt>
   <trkpt lat="22.7291070" lon="120.3280750">
    <ele>22.7</ele>
    <time>2026-09-06T07:09:47Z</time>
   </trkpt>
   <trkpt lat="22.7290970" lon="120.3280810">
    <ele>22.7</ele>
    <time>2026-09-06T07:09:48Z</time>
   </trkpt>
   <trkpt lat="22.7290880" lon="120.3280860">
    <ele>22.7</ele>
    <time>2026-09-06T07:09:49Z</time>
   </trkpt>
   <trkpt lat="22.7290820" lon="120.3280930">
    <ele>22.8</ele>
    <time>2026-09-06T07:09:50Z</time>
   </trkpt>
   <trkpt lat="22.7290730" lon="120.3280990">
    <ele>22.8</ele>
    <time>2026-09-06T07:09:51Z</time>
   </trkpt>
   <trkpt lat="22.7290630" lon="120.3281050">
    <ele>22.8</ele>
    <time>2026-09-06T07:09:52Z</time>
   </trkpt>
   <trkpt lat="22.7290410" lon="120.3281000">
    <ele>22.9</ele>
    <time>2026-09-06T07:09:53Z</time>
   </trkpt>
   <trkpt lat="22.7290230" lon="120.3281070">
    <ele>22.9</ele>
    <time>2026-09-06T07:09:54Z</time>
   </trkpt>
   <trkpt lat="22.7290160" lon="120.3281140">
    <ele>22.9</ele>
    <time>2026-09-06T07:09:55Z</time>
   </trkpt>
   <trkpt lat="22.7290010" lon="120.3281190">
    <ele>23.0</ele>
    <time>2026-09-06T07:09:56Z</time>
   </trkpt>
   <trkpt lat="22.7289870" lon="120.3281210">
    <ele>23.0</ele>
    <time>2026-09-06T07:09:57Z</time>
   </trkpt>
   <trkpt lat="22.7289830" lon="120.3281240">
    <ele>23.0</ele>
    <time>2026-09-06T07:09:58Z</time>
   </trkpt>
   <trkpt lat="22.7289690" lon="120.3281290">
    <ele>23.1</ele>
    <time>2026-09-06T07:09:59Z</time>
   </trkpt>
   <trkpt lat="22.7289600" lon="120.3281300">
    <ele>23.1</ele>
    <time>2026-09-06T07:10:00Z</time>
   </trkpt>
   <trkpt lat="22.7289540" lon="120.3281270">
    <ele>23.1</ele>
    <time>2026-09-06T07:10:01Z</time>
   </trkpt>
   <trkpt lat="22.7289420" lon="120.3281270">
    <ele>23.1</ele>
    <time>2026-09-06T07:10:02Z</time>
   </trkpt>
   <trkpt lat="22.7289290" lon="120.3281250">
    <ele>23.2</ele>
    <time>2026-09-06T07:10:03Z</time>
   </trkpt>
   <trkpt lat="22.7289140" lon="120.3281270">
    <ele>23.2</ele>
    <time>2026-09-06T07:10:04Z</time>
   </trkpt>
   <trkpt lat="22.7289030" lon="120.3281250">
    <ele>23.3</ele>
    <time>2026-09-06T07:10:05Z</time>
   </trkpt>
   <trkpt lat="22.7288920" lon="120.3281280">
    <ele>23.3</ele>
    <time>2026-09-06T07:10:06Z</time>
   </trkpt>
   <trkpt lat="22.7288800" lon="120.3281370">
    <ele>23.3</ele>
    <time>2026-09-06T07:10:07Z</time>
   </trkpt>
   <trkpt lat="22.7288690" lon="120.3281480">
    <ele>23.4</ele>
    <time>2026-09-06T07:10:08Z</time>
   </trkpt>
   <trkpt lat="22.7288620" lon="120.3281500">
    <ele>23.4</ele>
    <time>2026-09-06T07:10:09Z</time>
   </trkpt>
   <trkpt lat="22.7288550" lon="120.3281500">
    <ele>23.4</ele>
    <time>2026-09-06T07:10:10Z</time>
   </trkpt>
   <trkpt lat="22.7288410" lon="120.3281530">
    <ele>23.5</ele>
    <time>2026-09-06T07:10:11Z</time>
   </trkpt>
   <trkpt lat="22.7288330" lon="120.3281550">
    <ele>23.5</ele>
    <time>2026-09-06T07:10:12Z</time>
   </trkpt>
   <trkpt lat="22.7288230" lon="120.3281560">
    <ele>23.5</ele>
    <time>2026-09-06T07:10:13Z</time>
   </trkpt>
   <trkpt lat="22.7288110" lon="120.3281670">
    <ele>23.6</ele>
    <time>2026-09-06T07:10:14Z</time>
   </trkpt>
   <trkpt lat="22.7288090" lon="120.3281630">
    <ele>23.6</ele>
    <time>2026-09-06T07:10:15Z</time>
   </trkpt>
   <trkpt lat="22.7288070" lon="120.3281690">
    <ele>23.6</ele>
    <time>2026-09-06T07:10:16Z</time>
   </trkpt>
   <trkpt lat="22.7288000" lon="120.3281790">
    <ele>23.6</ele>
    <time>2026-09-06T07:10:17Z</time>
   </trkpt>
   <trkpt lat="22.7287800" lon="120.3281790">
    <ele>23.7</ele>
    <time>2026-09-06T07:10:18Z</time>
   </trkpt>
   <trkpt lat="22.7287670" lon="120.3281810">
    <ele>23.7</ele>
    <time>2026-09-06T07:10:19Z</time>
   </trkpt>
   <trkpt lat="22.7287510" lon="120.3281870">
    <ele>23.8</ele>
    <time>2026-09-06T07:10:20Z</time>
   </trkpt>
   <trkpt lat="22.7287420" lon="120.3281980">
    <ele>23.8</ele>
    <time>2026-09-06T07:10:21Z</time>
   </trkpt>
   <trkpt lat="22.7287330" lon="120.3281940">
    <ele>23.8</ele>
    <time>2026-09-06T07:10:22Z</time>
   </trkpt>
   <trkpt lat="22.7287320" lon="120.3281990">
    <ele>23.8</ele>
    <time>2026-09-06T07:10:23Z</time>
   </trkpt>
   <trkpt lat="22.7287290" lon="120.3281980">
    <ele>23.8</ele>
    <time>2026-09-06T07:10:24Z</time>
   </trkpt>
   <trkpt lat="22.7287170" lon="120.3281980">
    <ele>23.7</ele>
    <time>2026-09-06T07:10:25Z</time>
   </trkpt>
   <trkpt lat="22.7287050" lon="120.3281920">
    <ele>23.7</ele>
    <time>2026-09-06T07:10:26Z</time>
   </trkpt>
   <trkpt lat="22.7286890" lon="120.3281910">
    <ele>23.7</ele>
    <time>2026-09-06T07:10:27Z</time>
   </trkpt>
   <trkpt lat="22.7286800" lon="120.3281860">
    <ele>23.6</ele>
    <time>2026-09-06T07:10:28Z</time>
   </trkpt>
   <trkpt lat="22.7286750" lon="120.3281720">
    <ele>23.6</ele>
    <time>2026-09-06T07:10:29Z</time>
   </trkpt>
   <trkpt lat="22.7286750" lon="120.3281620">
    <ele>23.6</ele>
    <time>2026-09-06T07:10:30Z</time>
   </trkpt>
   <trkpt lat="22.7286770" lon="120.3281630">
    <ele>23.5</ele>
    <time>2026-09-06T07:10:31Z</time>
   </trkpt>
   <trkpt lat="22.7286740" lon="120.3281780">
    <ele>23.5</ele>
    <time>2026-09-06T07:10:32Z</time>
   </trkpt>
   <trkpt lat="22.7286770" lon="120.3281860">
    <ele>23.5</ele>
    <time>2026-09-06T07:10:33Z</time>
   </trkpt>
   <trkpt lat="22.7286850" lon="120.3281880">
    <ele>23.5</ele>
    <time>2026-09-06T07:10:34Z</time>
   </trkpt>
   <trkpt lat="22.7286890" lon="120.3281860">
    <ele>23.5</ele>
    <time>2026-09-06T07:10:35Z</time>
   </trkpt>
   <trkpt lat="22.7286960" lon="120.3281790">
    <ele>23.6</ele>
    <time>2026-09-06T07:10:36Z</time>
   </trkpt>
   <trkpt lat="22.7287020" lon="120.3281700">
    <ele>23.6</ele>
    <time>2026-09-06T07:10:37Z</time>
   </trkpt>
   <trkpt lat="22.7288560" lon="120.3281840">
    <ele>23.5</ele>
    <time>2026-09-06T07:11:12Z</time>
   </trkpt>
   <trkpt lat="22.7288780" lon="120.3281920">
    <ele>23.5</ele>
    <time>2026-09-06T07:11:13Z</time>
   </trkpt>
   <trkpt lat="22.7288760" lon="120.3281890">
    <ele>23.5</ele>
    <time>2026-09-06T07:11:14Z</time>
   </trkpt>
   <trkpt lat="22.7288960" lon="120.3281960">
    <ele>23.5</ele>
    <time>2026-09-06T07:11:15Z</time>
   </trkpt>
   <trkpt lat="22.7288890" lon="120.3282160">
    <ele>23.4</ele>
    <time>2026-09-06T07:11:16Z</time>
   </trkpt>
   <trkpt lat="22.7288940" lon="120.3282200">
    <ele>23.4</ele>
    <time>2026-09-06T07:11:17Z</time>
   </trkpt>
   <trkpt lat="22.7289020" lon="120.3282310">
    <ele>23.4</ele>
    <time>2026-09-06T07:11:18Z</time>
   </trkpt>
   <trkpt lat="22.7288860" lon="120.3282700">
    <ele>23.4</ele>
    <time>2026-09-06T07:11:19Z</time>
   </trkpt>
   <trkpt lat="22.7288740" lon="120.3283140">
    <ele>23.4</ele>
    <time>2026-09-06T07:11:20Z</time>
   </trkpt>
   <trkpt lat="22.7288840" lon="120.3283100">
    <ele>23.4</ele>
    <time>2026-09-06T07:11:21Z</time>
   </trkpt>
   <trkpt lat="22.7288950" lon="120.3283000">
    <ele>23.4</ele>
    <time>2026-09-06T07:11:22Z</time>
   </trkpt>
   <trkpt lat="22.7289080" lon="120.3282870">
    <ele>23.4</ele>
    <time>2026-09-06T07:11:23Z</time>
   </trkpt>
   <trkpt lat="22.7289060" lon="120.3282870">
    <ele>23.4</ele>
    <time>2026-09-06T07:11:24Z</time>
   </trkpt>
   <trkpt lat="22.7289100" lon="120.3282780">
    <ele>23.4</ele>
    <time>2026-09-06T07:11:25Z</time>
   </trkpt>
   <trkpt lat="22.7289150" lon="120.3282790">
    <ele>23.3</ele>
    <time>2026-09-06T07:11:26Z</time>
   </trkpt>
   <trkpt lat="22.7289170" lon="120.3282820">
    <ele>23.3</ele>
    <time>2026-09-06T07:11:27Z</time>
   </trkpt>
   <trkpt lat="22.7289180" lon="120.3282760">
    <ele>23.3</ele>
    <time>2026-09-06T07:11:28Z</time>
   </trkpt>
   <trkpt lat="22.7289190" lon="120.3282750">
    <ele>23.3</ele>
    <time>2026-09-06T07:11:29Z</time>
   </trkpt>
   <trkpt lat="22.7289260" lon="120.3282660">
    <ele>23.3</ele>
    <time>2026-09-06T07:11:30Z</time>
   </trkpt>
   <trkpt lat="22.7289360" lon="120.3282650">
    <ele>23.3</ele>
    <time>2026-09-06T07:11:31Z</time>
   </trkpt>
   <trkpt lat="22.7289420" lon="120.3282440">
    <ele>23.3</ele>
    <time>2026-09-06T07:11:32Z</time>
   </trkpt>
   <trkpt lat="22.7289510" lon="120.3282190">
    <ele>23.3</ele>
    <time>2026-09-06T07:11:33Z</time>
   </trkpt>
   <trkpt lat="22.7289610" lon="120.3281820">
    <ele>23.3</ele>
    <time>2026-09-06T07:11:34Z</time>
   </trkpt>
   <trkpt lat="22.7289630" lon="120.3281390">
    <ele>23.3</ele>
    <time>2026-09-06T07:11:35Z</time>
   </trkpt>
   <trkpt lat="22.7289630" lon="120.3281380">
    <ele>23.3</ele>
    <time>2026-09-06T07:11:36Z</time>
   </trkpt>
   <trkpt lat="22.7289600" lon="120.3281400">
    <ele>23.3</ele>
    <time>2026-09-06T07:11:37Z</time>
   </trkpt>
   <trkpt lat="22.7289610" lon="120.3281370">
    <ele>23.3</ele>
    <time>2026-09-06T07:11:38Z</time>
   </trkpt>
   <trkpt lat="22.7289640" lon="120.3281310">
    <ele>23.3</ele>
    <time>2026-09-06T07:11:39Z</time>
   </trkpt>
   <trkpt lat="22.7289620" lon="120.3281350">
    <ele>23.2</ele>
    <time>2026-09-06T07:11:40Z</time>
   </trkpt>
   <trkpt lat="22.7289650" lon="120.3281330">
    <ele>23.2</ele>
    <time>2026-09-06T07:11:41Z</time>
   </trkpt>
   <trkpt lat="22.7289660" lon="120.3281420">
    <ele>23.2</ele>
    <time>2026-09-06T07:11:42Z</time>
   </trkpt>
   <trkpt lat="22.7289780" lon="120.3281350">
    <ele>23.2</ele>
    <time>2026-09-06T07:11:43Z</time>
   </trkpt>
   <trkpt lat="22.7289740" lon="120.3281400">
    <ele>23.2</ele>
    <time>2026-09-06T07:11:44Z</time>
   </trkpt>
   <trkpt lat="22.7289770" lon="120.3281460">
    <ele>23.2</ele>
    <time>2026-09-06T07:11:45Z</time>
   </trkpt>
   <trkpt lat="22.7289770" lon="120.3281460">
    <ele>23.2</ele>
    <time>2026-09-06T07:11:46Z</time>
   </trkpt>
   <trkpt lat="22.7289770" lon="120.3281460">
    <ele>23.2</ele>
    <time>2026-09-06T07:11:47Z</time>
   </trkpt>
   <trkpt lat="22.7289770" lon="120.3281460">
    <ele>23.2</ele>
    <time>2026-09-06T07:11:48Z</time>
   </trkpt>
   <trkpt lat="22.7289770" lon="120.3281460">
    <ele>23.2</ele>
    <time>2026-09-06T07:11:49Z</time>
   </trkpt>
   <trkpt lat="22.7289770" lon="120.3281460">
    <ele>23.2</ele>
    <time>2026-09-06T07:11:50Z</time>
   </trkpt>
   <trkpt lat="22.7289770" lon="120.3281460">
    <ele>23.2</ele>
    <time>2026-09-06T07:11:51Z</time>
   </trkpt>
   <trkpt lat="22.7289900" lon="120.3281620">
    <ele>23.2</ele>
    <time>2026-09-06T07:11:52Z</time>
   </trkpt>
   <trkpt lat="22.7290170" lon="120.3281660">
    <ele>23.2</ele>
    <time>2026-09-06T07:11:59Z</time>
   </trkpt>
   <trkpt lat="22.7290170" lon="120.3281540">
    <ele>23.2</ele>
    <time>2026-09-06T07:12:00Z</time>
   </trkpt>
   <trkpt lat="22.7290160" lon="120.3281580">
    <ele>23.2</ele>
    <time>2026-09-06T07:12:01Z</time>
   </trkpt>
   <trkpt lat="22.7290060" lon="120.3281550">
    <ele>23.2</ele>
    <time>2026-09-06T07:12:02Z</time>
   </trkpt>
   <trkpt lat="22.7290050" lon="120.3281530">
    <ele>23.2</ele>
    <time>2026-09-06T07:12:03Z</time>
   </trkpt>
   <trkpt lat="22.7289930" lon="120.3281610">
    <ele>23.2</ele>
    <time>2026-09-06T07:12:04Z</time>
   </trkpt>
   <trkpt lat="22.7289910" lon="120.3281630">
    <ele>23.2</ele>
    <time>2026-09-06T07:12:05Z</time>
   </trkpt>
   <trkpt lat="22.7289890" lon="120.3281460">
    <ele>23.2</ele>
    <time>2026-09-06T07:12:06Z</time>
   </trkpt>
   <trkpt lat="22.7289880" lon="120.3281340">
    <ele>23.2</ele>
    <time>2026-09-06T07:12:07Z</time>
   </trkpt>
   <trkpt lat="22.7289880" lon="120.3281260">
    <ele>23.2</ele>
    <time>2026-09-06T07:12:08Z</time>
   </trkpt>
   <trkpt lat="22.7290240" lon="120.3280830">
    <ele>23.1</ele>
    <time>2026-09-06T07:12:16Z</time>
   </trkpt>
   <trkpt lat="22.7290260" lon="120.3280650">
    <ele>23.1</ele>
    <time>2026-09-06T07:12:17Z</time>
   </trkpt>
   <trkpt lat="22.7290340" lon="120.3280560">
    <ele>23.1</ele>
    <time>2026-09-06T07:12:18Z</time>
   </trkpt>
   <trkpt lat="22.7290370" lon="120.3280480">
    <ele>23.1</ele>
    <time>2026-09-06T07:12:19Z</time>
   </trkpt>
   <trkpt lat="22.7290370" lon="120.3280330">
    <ele>23.1</ele>
    <time>2026-09-06T07:12:20Z</time>
   </trkpt>
   <trkpt lat="22.7290330" lon="120.3280250">
    <ele>23.1</ele>
    <time>2026-09-06T07:12:21Z</time>
   </trkpt>
   <trkpt lat="22.7290340" lon="120.3280250">
    <ele>23.1</ele>
    <time>2026-09-06T07:12:22Z</time>
   </trkpt>
   <trkpt lat="22.7290340" lon="120.3280210">
    <ele>23.1</ele>
    <time>2026-09-06T07:12:23Z</time>
   </trkpt>
   <trkpt lat="22.7290450" lon="120.3280310">
    <ele>23.1</ele>
    <time>2026-09-06T07:12:24Z</time>
   </trkpt>
   <trkpt lat="22.7290570" lon="120.3280330">
    <ele>23.1</ele>
    <time>2026-09-06T07:12:25Z</time>
   </trkpt>
   <trkpt lat="22.7290540" lon="120.3280110">
    <ele>23.1</ele>
    <time>2026-09-06T07:12:26Z</time>
   </trkpt>
   <trkpt lat="22.7290480" lon="120.3280070">
    <ele>23.1</ele>
    <time>2026-09-06T07:12:27Z</time>
   </trkpt>
   <trkpt lat="22.7290480" lon="120.3280070">
    <ele>23.1</ele>
    <time>2026-09-06T07:12:28Z</time>
   </trkpt>
   <trkpt lat="22.7290480" lon="120.3280070">
    <ele>23.1</ele>
    <time>2026-09-06T07:12:29Z</time>
   </trkpt>
   <trkpt lat="22.7290480" lon="120.3280070">
    <ele>23.1</ele>
    <time>2026-09-06T07:12:30Z</time>
   </trkpt>
   <trkpt lat="22.7290480" lon="120.3280070">
    <ele>23.1</ele>
    <time>2026-09-06T07:12:31Z</time>
   </trkpt>
   <trkpt lat="22.7290310" lon="120.3280030">
    <ele>23.1</ele>
    <time>2026-09-06T07:12:32Z</time>
   </trkpt>
   <trkpt lat="22.7290290" lon="120.3280040">
    <ele>23.1</ele>
    <time>2026-09-06T07:12:33Z</time>
   </trkpt>
   <trkpt lat="22.7290240" lon="120.3280050">
    <ele>23.1</ele>
    <time>2026-09-06T07:12:34Z</time>
   </trkpt>
   <trkpt lat="22.7290040" lon="120.3281140">
    <ele>23.0</ele>
    <time>2026-09-06T07:13:01Z</time>
   </trkpt>
   <trkpt lat="22.7289930" lon="120.3281220">
    <ele>23.0</ele>
    <time>2026-09-06T07:13:02Z</time>
   </trkpt>
   <trkpt lat="22.7289840" lon="120.3281310">
    <ele>23.0</ele>
    <time>2026-09-06T07:13:03Z</time>
   </trkpt>
   <trkpt lat="22.7289740" lon="120.3281330">
    <ele>23.0</ele>
    <time>2026-09-06T07:13:04Z</time>
   </trkpt>
   <trkpt lat="22.7289610" lon="120.3281370">
    <ele>23.1</ele>
    <time>2026-09-06T07:13:05Z</time>
   </trkpt>
   <trkpt lat="22.7289510" lon="120.3281390">
    <ele>23.1</ele>
    <time>2026-09-06T07:13:06Z</time>
   </trkpt>
   <trkpt lat="22.7289400" lon="120.3281440">
    <ele>23.1</ele>
    <time>2026-09-06T07:13:07Z</time>
   </trkpt>
   <trkpt lat="22.7289310" lon="120.3281510">
    <ele>23.2</ele>
    <time>2026-09-06T07:13:08Z</time>
   </trkpt>
   <trkpt lat="22.7289240" lon="120.3281530">
    <ele>23.2</ele>
    <time>2026-09-06T07:13:09Z</time>
   </trkpt>
   <trkpt lat="22.7289140" lon="120.3281500">
    <ele>23.2</ele>
    <time>2026-09-06T07:13:10Z</time>
   </trkpt>
   <trkpt lat="22.7289010" lon="120.3281520">
    <ele>23.3</ele>
    <time>2026-09-06T07:13:11Z</time>
   </trkpt>
   <trkpt lat="22.7288890" lon="120.3281520">
    <ele>23.3</ele>
    <time>2026-09-06T07:13:12Z</time>
   </trkpt>
   <trkpt lat="22.7288800" lon="120.3281490">
    <ele>23.3</ele>
    <time>2026-09-06T07:13:13Z</time>
   </trkpt>
   <trkpt lat="22.7288710" lon="120.3281450">
    <ele>23.3</ele>
    <time>2026-09-06T07:13:14Z</time>
   </trkpt>
   <trkpt lat="22.7288580" lon="120.3281360">
    <ele>23.4</ele>
    <time>2026-09-06T07:13:15Z</time>
   </trkpt>
   <trkpt lat="22.7288420" lon="120.3281270">
    <ele>23.4</ele>
    <time>2026-09-06T07:13:16Z</time>
   </trkpt>
   <trkpt lat="22.7288270" lon="120.3281160">
    <ele>23.5</ele>
    <time>2026-09-06T07:13:17Z</time>
   </trkpt>
   <trkpt lat="22.7288100" lon="120.3281140">
    <ele>23.5</ele>
    <time>2026-09-06T07:13:18Z</time>
   </trkpt>
   <trkpt lat="22.7287970" lon="120.3281150">
    <ele>23.6</ele>
    <time>2026-09-06T07:13:19Z</time>
   </trkpt>
   <trkpt lat="22.7287870" lon="120.3281200">
    <ele>23.6</ele>
    <time>2026-09-06T07:13:20Z</time>
   </trkpt>
   <trkpt lat="22.7287770" lon="120.3281280">
    <ele>23.7</ele>
    <time>2026-09-06T07:13:21Z</time>
   </trkpt>
   <trkpt lat="22.7287610" lon="120.3281190">
    <ele>23.7</ele>
    <time>2026-09-06T07:13:22Z</time>
   </trkpt>
   <trkpt lat="22.7287560" lon="120.3281330">
    <ele>23.7</ele>
    <time>2026-09-06T07:13:23Z</time>
   </trkpt>
   <trkpt lat="22.7287430" lon="120.3281410">
    <ele>23.8</ele>
    <time>2026-09-06T07:13:24Z</time>
   </trkpt>
   <trkpt lat="22.7287320" lon="120.3281570">
    <ele>23.8</ele>
    <time>2026-09-06T07:13:25Z</time>
   </trkpt>
   <trkpt lat="22.7287450" lon="120.3281870">
    <ele>23.9</ele>
    <time>2026-09-06T07:13:26Z</time>
   </trkpt>
   <trkpt lat="22.7287510" lon="120.3282160">
    <ele>23.9</ele>
    <time>2026-09-06T07:13:27Z</time>
   </trkpt>
   <trkpt lat="22.7287580" lon="120.3282420">
    <ele>23.9</ele>
    <time>2026-09-06T07:13:28Z</time>
   </trkpt>
   <trkpt lat="22.7287650" lon="120.3282720">
    <ele>24.0</ele>
    <time>2026-09-06T07:13:29Z</time>
   </trkpt>
   <trkpt lat="22.7287740" lon="120.3282880">
    <ele>24.0</ele>
    <time>2026-09-06T07:13:30Z</time>
   </trkpt>
   <trkpt lat="22.7287870" lon="120.3283160">
    <ele>24.0</ele>
    <time>2026-09-06T07:13:31Z</time>
   </trkpt>
   <trkpt lat="22.7287940" lon="120.3283300">
    <ele>24.0</ele>
    <time>2026-09-06T07:13:32Z</time>
   </trkpt>
   <trkpt lat="22.7288020" lon="120.3283650">
    <ele>24.1</ele>
    <time>2026-09-06T07:13:33Z</time>
   </trkpt>
   <trkpt lat="22.7288190" lon="120.3283670">
    <ele>24.1</ele>
    <time>2026-09-06T07:13:34Z</time>
   </trkpt>
   <trkpt lat="22.7288280" lon="120.3284010">
    <ele>24.1</ele>
    <time>2026-09-06T07:13:35Z</time>
   </trkpt>
   <trkpt lat="22.7288310" lon="120.3284240">
    <ele>24.1</ele>
    <time>2026-09-06T07:13:36Z</time>
   </trkpt>
   <trkpt lat="22.7288560" lon="120.3284440">
    <ele>24.2</ele>
    <time>2026-09-06T07:13:37Z</time>
   </trkpt>
   <trkpt lat="22.7288620" lon="120.3284710">
    <ele>24.2</ele>
    <time>2026-09-06T07:13:38Z</time>
   </trkpt>
   <trkpt lat="22.7288630" lon="120.3285050">
    <ele>24.2</ele>
    <time>2026-09-06T07:13:39Z</time>
   </trkpt>
   <trkpt lat="22.7288750" lon="120.3285260">
    <ele>24.2</ele>
    <time>2026-09-06T07:13:40Z</time>
   </trkpt>
   <trkpt lat="22.7288850" lon="120.3285470">
    <ele>24.3</ele>
    <time>2026-09-06T07:13:41Z</time>
   </trkpt>
   <trkpt lat="22.7288940" lon="120.3285680">
    <ele>24.3</ele>
    <time>2026-09-06T07:13:42Z</time>
   </trkpt>
   <trkpt lat="22.7289120" lon="120.3285840">
    <ele>24.3</ele>
    <time>2026-09-06T07:13:43Z</time>
   </trkpt>
   <trkpt lat="22.7289280" lon="120.3286050">
    <ele>24.3</ele>
    <time>2026-09-06T07:13:44Z</time>
   </trkpt>
   <trkpt lat="22.7289240" lon="120.3286390">
    <ele>24.3</ele>
    <time>2026-09-06T07:13:45Z</time>
   </trkpt>
   <trkpt lat="22.7289420" lon="120.3286650">
    <ele>24.4</ele>
    <time>2026-09-06T07:13:46Z</time>
   </trkpt>
   <trkpt lat="22.7289490" lon="120.3286860">
    <ele>24.4</ele>
    <time>2026-09-06T07:13:47Z</time>
   </trkpt>
   <trkpt lat="22.7289530" lon="120.3287030">
    <ele>24.4</ele>
    <time>2026-09-06T07:13:48Z</time>
   </trkpt>
   <trkpt lat="22.7289580" lon="120.3287200">
    <ele>24.4</ele>
    <time>2026-09-06T07:13:49Z</time>
   </trkpt>
   <trkpt lat="22.7289690" lon="120.3287320">
    <ele>24.4</ele>
    <time>2026-09-06T07:13:50Z</time>
   </trkpt>
   <trkpt lat="22.7289770" lon="120.3287430">
    <ele>24.5</ele>
    <time>2026-09-06T07:13:51Z</time>
   </trkpt>
   <trkpt lat="22.7289790" lon="120.3287570">
    <ele>24.5</ele>
    <time>2026-09-06T07:13:52Z</time>
   </trkpt>
   <trkpt lat="22.7289780" lon="120.3287650">
    <ele>24.5</ele>
    <time>2026-09-06T07:13:53Z</time>
   </trkpt>
   <trkpt lat="22.7289750" lon="120.3287620">
    <ele>24.5</ele>
    <time>2026-09-06T07:13:54Z</time>
   </trkpt>
   <trkpt lat="22.7289710" lon="120.3287520">
    <ele>24.5</ele>
    <time>2026-09-06T07:13:55Z</time>
   </trkpt>
   <trkpt lat="22.7289720" lon="120.3287540">
    <ele>24.5</ele>
    <time>2026-09-06T07:13:56Z</time>
   </trkpt>
   <trkpt lat="22.7289740" lon="120.3287620">
    <ele>24.5</ele>
    <time>2026-09-06T07:13:57Z</time>
   </trkpt>
   <trkpt lat="22.7289730" lon="120.3287620">
    <ele>24.5</ele>
    <time>2026-09-06T07:13:58Z</time>
   </trkpt>
   <trkpt lat="22.7289820" lon="120.3287690">
    <ele>24.5</ele>
    <time>2026-09-06T07:13:59Z</time>
   </trkpt>
   <trkpt lat="22.7289820" lon="120.3287700">
    <ele>24.5</ele>
    <time>2026-09-06T07:14:00Z</time>
   </trkpt>
   <trkpt lat="22.7289830" lon="120.3287710">
    <ele>24.5</ele>
    <time>2026-09-06T07:14:01Z</time>
   </trkpt>
   <trkpt lat="22.7289840" lon="120.3287770">
    <ele>24.5</ele>
    <time>2026-09-06T07:14:02Z</time>
   </trkpt>
   <trkpt lat="22.7289870" lon="120.3287850">
    <ele>24.5</ele>
    <time>2026-09-06T07:14:03Z</time>
   </trkpt>
   <trkpt lat="22.7289860" lon="120.3287900">
    <ele>24.5</ele>
    <time>2026-09-06T07:14:04Z</time>
   </trkpt>
   <trkpt lat="22.7290310" lon="120.3287920">
    <ele>24.6</ele>
    <time>2026-09-06T07:14:43Z</time>
   </trkpt>
   <trkpt lat="22.7290440" lon="120.3287990">
    <ele>24.6</ele>
    <time>2026-09-06T07:14:44Z</time>
   </trkpt>
   <trkpt lat="22.7290460" lon="120.3287970">
    <ele>24.6</ele>
    <time>2026-09-06T07:14:45Z</time>
   </trkpt>
   <trkpt lat="22.7290610" lon="120.3288070">
    <ele>24.6</ele>
    <time>2026-09-06T07:14:46Z</time>
   </trkpt>
   <trkpt lat="22.7290470" lon="120.3287950">
    <ele>24.6</ele>
    <time>2026-09-06T07:14:47Z</time>
   </trkpt>
   <trkpt lat="22.7290480" lon="120.3287970">
    <ele>24.6</ele>
    <time>2026-09-06T07:14:48Z</time>
   </trkpt>
   <trkpt lat="22.7290450" lon="120.3287990">
    <ele>24.6</ele>
    <time>2026-09-06T07:14:49Z</time>
   </trkpt>
   <trkpt lat="22.7290450" lon="120.3288050">
    <ele>24.6</ele>
    <time>2026-09-06T07:14:50Z</time>
   </trkpt>
   <trkpt lat="22.7290440" lon="120.3288030">
    <ele>24.6</ele>
    <time>2026-09-06T07:14:51Z</time>
   </trkpt>
   <trkpt lat="22.7290480" lon="120.3287910">
    <ele>24.7</ele>
    <time>2026-09-06T07:14:52Z</time>
   </trkpt>
   <trkpt lat="22.7290480" lon="120.3287910">
    <ele>24.7</ele>
    <time>2026-09-06T07:14:53Z</time>
   </trkpt>
   <trkpt lat="22.7290480" lon="120.3287910">
    <ele>24.7</ele>
    <time>2026-09-06T07:14:54Z</time>
   </trkpt>
   <trkpt lat="22.7290480" lon="120.3287910">
    <ele>24.7</ele>
    <time>2026-09-06T07:14:55Z</time>
   </trkpt>
   <trkpt lat="22.7289450" lon="120.3287800">
    <ele>24.8</ele>
    <time>2026-09-06T07:15:30Z</time>
   </trkpt>
   <trkpt lat="22.7289550" lon="120.3287740">
    <ele>24.8</ele>
    <time>2026-09-06T07:15:31Z</time>
   </trkpt>
   <trkpt lat="22.7289590" lon="120.3287770">
    <ele>24.8</ele>
    <time>2026-09-06T07:15:32Z</time>
   </trkpt>
   <trkpt lat="22.7289580" lon="120.3287760">
    <ele>24.8</ele>
    <time>2026-09-06T07:15:33Z</time>
   </trkpt>
   <trkpt lat="22.7289550" lon="120.3287740">
    <ele>24.8</ele>
    <time>2026-09-06T07:15:34Z</time>
   </trkpt>
   <trkpt lat="22.7289550" lon="120.3287740">
    <ele>24.8</ele>
    <time>2026-09-06T07:15:35Z</time>
   </trkpt>
   <trkpt lat="22.7289570" lon="120.3287770">
    <ele>24.8</ele>
    <time>2026-09-06T07:15:36Z</time>
   </trkpt>
   <trkpt lat="22.7289590" lon="120.3287740">
    <ele>24.8</ele>
    <time>2026-09-06T07:15:37Z</time>
   </trkpt>
   <trkpt lat="22.7289590" lon="120.3287790">
    <ele>24.8</ele>
    <time>2026-09-06T07:15:38Z</time>
   </trkpt>
   <trkpt lat="22.7289550" lon="120.3287850">
    <ele>24.8</ele>
    <time>2026-09-06T07:15:39Z</time>
   </trkpt>
   <trkpt lat="22.7290050" lon="120.3288500">
    <ele>24.9</ele>
    <time>2026-09-06T07:17:08Z</time>
   </trkpt>
   <trkpt lat="22.7290040" lon="120.3288480">
    <ele>24.9</ele>
    <time>2026-09-06T07:17:09Z</time>
   </trkpt>
   <trkpt lat="22.7290040" lon="120.3288480">
    <ele>24.9</ele>
    <time>2026-09-06T07:17:10Z</time>
   </trkpt>
   <trkpt lat="22.7290040" lon="120.3288480">
    <ele>24.9</ele>
    <time>2026-09-06T07:17:11Z</time>
   </trkpt>
   <trkpt lat="22.7290100" lon="120.3288290">
    <ele>24.9</ele>
    <time>2026-09-06T07:17:12Z</time>
   </trkpt>
   <trkpt lat="22.7290130" lon="120.3288080">
    <ele>24.9</ele>
    <time>2026-09-06T07:17:13Z</time>
   </trkpt>
   <trkpt lat="22.7290200" lon="120.3287890">
    <ele>24.9</ele>
    <time>2026-09-06T07:17:14Z</time>
   </trkpt>
   <trkpt lat="22.7290220" lon="120.3287870">
    <ele>24.9</ele>
    <time>2026-09-06T07:17:15Z</time>
   </trkpt>
   <trkpt lat="22.7290220" lon="120.3287840">
    <ele>24.9</ele>
    <time>2026-09-06T07:17:16Z</time>
   </trkpt>
   <trkpt lat="22.7290160" lon="120.3287790">
    <ele>24.9</ele>
    <time>2026-09-06T07:17:17Z</time>
   </trkpt>
   <trkpt lat="22.7290430" lon="120.3286780">
    <ele>24.9</ele>
    <time>2026-09-06T07:17:40Z</time>
   </trkpt>
   <trkpt lat="22.7290780" lon="120.3286800">
    <ele>24.9</ele>
    <time>2026-09-06T07:17:41Z</time>
   </trkpt>
   <trkpt lat="22.7290820" lon="120.3287220">
    <ele>24.9</ele>
    <time>2026-09-06T07:17:42Z</time>
   </trkpt>
   <trkpt lat="22.7290870" lon="120.3286910">
    <ele>24.9</ele>
    <time>2026-09-06T07:17:43Z</time>
   </trkpt>
   <trkpt lat="22.7290920" lon="120.3286600">
    <ele>24.9</ele>
    <time>2026-09-06T07:17:44Z</time>
   </trkpt>
   <trkpt lat="22.7291460" lon="120.3286570">
    <ele>24.9</ele>
    <time>2026-09-06T07:17:45Z</time>
   </trkpt>
   <trkpt lat="22.7291990" lon="120.3286540">
    <ele>25.0</ele>
    <time>2026-09-06T07:17:46Z</time>
   </trkpt>
   <trkpt lat="22.7291480" lon="120.3286880">
    <ele>24.9</ele>
    <time>2026-09-06T07:17:47Z</time>
   </trkpt>
   <trkpt lat="22.7291220" lon="120.3287230">
    <ele>24.9</ele>
    <time>2026-09-06T07:17:48Z</time>
   </trkpt>
   <trkpt lat="22.7291180" lon="120.3287400">
    <ele>24.9</ele>
    <time>2026-09-06T07:17:49Z</time>
   </trkpt>
   <trkpt lat="22.7290910" lon="120.3287520">
    <ele>24.9</ele>
    <time>2026-09-06T07:17:50Z</time>
   </trkpt>
   <trkpt lat="22.7290780" lon="120.3287800">
    <ele>24.9</ele>
    <time>2026-09-06T07:17:51Z</time>
   </trkpt>
   <trkpt lat="22.7290540" lon="120.3287760">
    <ele>24.9</ele>
    <time>2026-09-06T07:17:52Z</time>
   </trkpt>
   <trkpt lat="22.7290590" lon="120.3287760">
    <ele>24.9</ele>
    <time>2026-09-06T07:17:53Z</time>
   </trkpt>
   <trkpt lat="22.7290390" lon="120.3287600">
    <ele>24.9</ele>
    <time>2026-09-06T07:17:54Z</time>
   </trkpt>
   <trkpt lat="22.7290470" lon="120.3287510">
    <ele>24.9</ele>
    <time>2026-09-06T07:17:55Z</time>
   </trkpt>
   <trkpt lat="22.7290400" lon="120.3287690">
    <ele>24.9</ele>
    <time>2026-09-06T07:17:56Z</time>
   </trkpt>
   <trkpt lat="22.7290360" lon="120.3287750">
    <ele>24.9</ele>
    <time>2026-09-06T07:17:57Z</time>
   </trkpt>
   <trkpt lat="22.7290310" lon="120.3287770">
    <ele>24.9</ele>
    <time>2026-09-06T07:17:58Z</time>
   </trkpt>
   <trkpt lat="22.7290160" lon="120.3287500">
    <ele>24.9</ele>
    <time>2026-09-06T07:17:59Z</time>
   </trkpt>
   <trkpt lat="22.7290010" lon="120.3287340">
    <ele>24.9</ele>
    <time>2026-09-06T07:18:00Z</time>
   </trkpt>
   <trkpt lat="22.7289940" lon="120.3287370">
    <ele>24.9</ele>
    <time>2026-09-06T07:18:01Z</time>
   </trkpt>
   <trkpt lat="22.7289880" lon="120.3287410">
    <ele>24.9</ele>
    <time>2026-09-06T07:18:02Z</time>
   </trkpt>
   <trkpt lat="22.7289810" lon="120.3287440">
    <ele>24.9</ele>
    <time>2026-09-06T07:18:03Z</time>
   </trkpt>
   <trkpt lat="22.7289740" lon="120.3287480">
    <ele>24.9</ele>
    <time>2026-09-06T07:18:04Z</time>
   </trkpt>
   <trkpt lat="22.7289680" lon="120.3287510">
    <ele>24.9</ele>
    <time>2026-09-06T07:18:05Z</time>
   </trkpt>
   <trkpt lat="22.7289610" lon="120.3287550">
    <ele>24.8</ele>
    <time>2026-09-06T07:18:06Z</time>
   </trkpt>
   <trkpt lat="22.7289540" lon="120.3287580">
    <ele>24.8</ele>
    <time>2026-09-06T07:18:07Z</time>
   </trkpt>
   <trkpt lat="22.7289480" lon="120.3287620">
    <ele>24.8</ele>
    <time>2026-09-06T07:18:08Z</time>
   </trkpt>
   <trkpt lat="22.7289410" lon="120.3287650">
    <ele>24.8</ele>
    <time>2026-09-06T07:18:09Z</time>
   </trkpt>
   <trkpt lat="22.7289720" lon="120.3288170">
    <ele>24.8</ele>
    <time>2026-09-06T07:18:10Z</time>
   </trkpt>
   <trkpt lat="22.7289590" lon="120.3288210">
    <ele>24.8</ele>
    <time>2026-09-06T07:18:11Z</time>
   </trkpt>
   <trkpt lat="22.7289580" lon="120.3288000">
    <ele>24.8</ele>
    <time>2026-09-06T07:18:12Z</time>
   </trkpt>
   <trkpt lat="22.7289680" lon="120.3287760">
    <ele>24.8</ele>
    <time>2026-09-06T07:18:13Z</time>
   </trkpt>
   <trkpt lat="22.7289720" lon="120.3287680">
    <ele>24.8</ele>
    <time>2026-09-06T07:18:14Z</time>
   </trkpt>
   <trkpt lat="22.7289710" lon="120.3287680">
    <ele>24.8</ele>
    <time>2026-09-06T07:18:15Z</time>
   </trkpt>
   <trkpt lat="22.7289810" lon="120.3287640">
    <ele>24.8</ele>
    <time>2026-09-06T07:18:16Z</time>
   </trkpt>
   <trkpt lat="22.7289690" lon="120.3287500">
    <ele>24.8</ele>
    <time>2026-09-06T07:18:17Z</time>
   </trkpt>
   <trkpt lat="22.7289570" lon="120.3287590">
    <ele>24.8</ele>
    <time>2026-09-06T07:18:18Z</time>
   </trkpt>
   <trkpt lat="22.7289430" lon="120.3287510">
    <ele>24.8</ele>
    <time>2026-09-06T07:18:19Z</time>
   </trkpt>
   <trkpt lat="22.7289370" lon="120.3287540">
    <ele>24.8</ele>
    <time>2026-09-06T07:18:20Z</time>
   </trkpt>
   <trkpt lat="22.7289410" lon="120.3287640">
    <ele>24.8</ele>
    <time>2026-09-06T07:18:21Z</time>
   </trkpt>
   <trkpt lat="22.7289340" lon="120.3287510">
    <ele>24.7</ele>
    <time>2026-09-06T07:18:22Z</time>
   </trkpt>
   <trkpt lat="22.7289350" lon="120.3287490">
    <ele>24.7</ele>
    <time>2026-09-06T07:18:23Z</time>
   </trkpt>
   <trkpt lat="22.7289180" lon="120.3287250">
    <ele>24.7</ele>
    <time>2026-09-06T07:18:24Z</time>
   </trkpt>
   <trkpt lat="22.7289410" lon="120.3286650">
    <ele>24.7</ele>
    <time>2026-09-06T07:18:25Z</time>
   </trkpt>
   <trkpt lat="22.7290020" lon="120.3286540">
    <ele>24.7</ele>
    <time>2026-09-06T07:18:26Z</time>
   </trkpt>
   <trkpt lat="22.7290290" lon="120.3286150">
    <ele>24.7</ele>
    <time>2026-09-06T07:18:27Z</time>
   </trkpt>
   <trkpt lat="22.7290480" lon="120.3285950">
    <ele>24.6</ele>
    <time>2026-09-06T07:18:28Z</time>
   </trkpt>
   <trkpt lat="22.7290340" lon="120.3285940">
    <ele>24.6</ele>
    <time>2026-09-06T07:18:29Z</time>
   </trkpt>
   <trkpt lat="22.7290360" lon="120.3285870">
    <ele>24.6</ele>
    <time>2026-09-06T07:18:30Z</time>
   </trkpt>
   <trkpt lat="22.7290200" lon="120.3285890">
    <ele>24.6</ele>
    <time>2026-09-06T07:18:31Z</time>
   </trkpt>
   <trkpt lat="22.7290140" lon="120.3286000">
    <ele>24.6</ele>
    <time>2026-09-06T07:18:32Z</time>
   </trkpt>
   <trkpt lat="22.7289800" lon="120.3286020">
    <ele>24.6</ele>
    <time>2026-09-06T07:18:33Z</time>
   </trkpt>
   <trkpt lat="22.7289790" lon="120.3285840">
    <ele>24.6</ele>
    <time>2026-09-06T07:18:34Z</time>
   </trkpt>
   <trkpt lat="22.7289920" lon="120.3285860">
    <ele>24.6</ele>
    <time>2026-09-06T07:18:35Z</time>
   </trkpt>
   <trkpt lat="22.7289920" lon="120.3285720">
    <ele>24.6</ele>
    <time>2026-09-06T07:18:36Z</time>
   </trkpt>
   <trkpt lat="22.7289980" lon="120.3285750">
    <ele>24.6</ele>
    <time>2026-09-06T07:18:37Z</time>
   </trkpt>
   <trkpt lat="22.7289890" lon="120.3285970">
    <ele>24.6</ele>
    <time>2026-09-06T07:18:38Z</time>
   </trkpt>
   <trkpt lat="22.7289850" lon="120.3286010">
    <ele>24.6</ele>
    <time>2026-09-06T07:18:39Z</time>
   </trkpt>
   <trkpt lat="22.7289960" lon="120.3286120">
    <ele>24.6</ele>
    <time>2026-09-06T07:18:40Z</time>
   </trkpt>
   <trkpt lat="22.7290030" lon="120.3286410">
    <ele>24.6</ele>
    <time>2026-09-06T07:18:41Z</time>
   </trkpt>
   <trkpt lat="22.7289690" lon="120.3286750">
    <ele>24.5</ele>
    <time>2026-09-06T07:18:42Z</time>
   </trkpt>
   <trkpt lat="22.7289440" lon="120.3287060">
    <ele>24.5</ele>
    <time>2026-09-06T07:18:43Z</time>
   </trkpt>
   <trkpt lat="22.7289280" lon="120.3287370">
    <ele>24.5</ele>
    <time>2026-09-06T07:18:44Z</time>
   </trkpt>
   <trkpt lat="22.7289570" lon="120.3286740">
    <ele>24.5</ele>
    <time>2026-09-06T07:18:45Z</time>
   </trkpt>
   <trkpt lat="22.7289200" lon="120.3286890">
    <ele>24.5</ele>
    <time>2026-09-06T07:18:46Z</time>
   </trkpt>
   <trkpt lat="22.7289040" lon="120.3287090">
    <ele>24.5</ele>
    <time>2026-09-06T07:18:47Z</time>
   </trkpt>
   <trkpt lat="22.7288890" lon="120.3287280">
    <ele>24.5</ele>
    <time>2026-09-06T07:18:48Z</time>
   </trkpt>
   <trkpt lat="22.7288730" lon="120.3287480">
    <ele>24.5</ele>
    <time>2026-09-06T07:18:49Z</time>
   </trkpt>
   <trkpt lat="22.7289000" lon="120.3286770">
    <ele>24.4</ele>
    <time>2026-09-06T07:18:50Z</time>
   </trkpt>
   <trkpt lat="22.7289520" lon="120.3286620">
    <ele>24.4</ele>
    <time>2026-09-06T07:18:51Z</time>
   </trkpt>
   <trkpt lat="22.7289580" lon="120.3286280">
    <ele>24.4</ele>
    <time>2026-09-06T07:18:52Z</time>
   </trkpt>
   <trkpt lat="22.7289650" lon="120.3285930">
    <ele>24.4</ele>
    <time>2026-09-06T07:18:53Z</time>
   </trkpt>
   <trkpt lat="22.7289790" lon="120.3285420">
    <ele>24.4</ele>
    <time>2026-09-06T07:18:54Z</time>
   </trkpt>
   <trkpt lat="22.7290090" lon="120.3285200">
    <ele>24.4</ele>
    <time>2026-09-06T07:18:55Z</time>
   </trkpt>
   <trkpt lat="22.7290160" lon="120.3285110">
    <ele>24.4</ele>
    <time>2026-09-06T07:18:56Z</time>
   </trkpt>
   <trkpt lat="22.7290130" lon="120.3284980">
    <ele>24.3</ele>
    <time>2026-09-06T07:18:57Z</time>
   </trkpt>
   <trkpt lat="22.7290150" lon="120.3285050">
    <ele>24.3</ele>
    <time>2026-09-06T07:18:58Z</time>
   </trkpt>
   <trkpt lat="22.7290140" lon="120.3285060">
    <ele>24.3</ele>
    <time>2026-09-06T07:18:59Z</time>
   </trkpt>
   <trkpt lat="22.7289960" lon="120.3285150">
    <ele>24.3</ele>
    <time>2026-09-06T07:19:00Z</time>
   </trkpt>
   <trkpt lat="22.7290000" lon="120.3285320">
    <ele>24.3</ele>
    <time>2026-09-06T07:19:01Z</time>
   </trkpt>
   <trkpt lat="22.7289940" lon="120.3285230">
    <ele>24.3</ele>
    <time>2026-09-06T07:19:02Z</time>
   </trkpt>
   <trkpt lat="22.7289930" lon="120.3285600">
    <ele>24.3</ele>
    <time>2026-09-06T07:19:03Z</time>
   </trkpt>
   <trkpt lat="22.7290050" lon="120.3285470">
    <ele>24.3</ele>
    <time>2026-09-06T07:19:04Z</time>
   </trkpt>
   <trkpt lat="22.7290120" lon="120.3285440">
    <ele>24.3</ele>
    <time>2026-09-06T07:19:05Z</time>
   </trkpt>
   <trkpt lat="22.7290390" lon="120.3285460">
    <ele>24.3</ele>
    <time>2026-09-06T07:19:06Z</time>
   </trkpt>
   <trkpt lat="22.7290560" lon="120.3285440">
    <ele>24.3</ele>
    <time>2026-09-06T07:19:07Z</time>
   </trkpt>
   <trkpt lat="22.7290360" lon="120.3285290">
    <ele>24.3</ele>
    <time>2026-09-06T07:19:08Z</time>
   </trkpt>
   <trkpt lat="22.7290220" lon="120.3285140">
    <ele>24.3</ele>
    <time>2026-09-06T07:19:09Z</time>
   </trkpt>
   <trkpt lat="22.7290050" lon="120.3284640">
    <ele>24.3</ele>
    <time>2026-09-06T07:19:10Z</time>
   </trkpt>
   <trkpt lat="22.7289900" lon="120.3284370">
    <ele>24.2</ele>
    <time>2026-09-06T07:19:11Z</time>
   </trkpt>
   <trkpt lat="22.7289750" lon="120.3284280">
    <ele>24.2</ele>
    <time>2026-09-06T07:19:12Z</time>
   </trkpt>
   <trkpt lat="22.7289540" lon="120.3284410">
    <ele>24.2</ele>
    <time>2026-09-06T07:19:13Z</time>
   </trkpt>
   <trkpt lat="22.7289330" lon="120.3284570">
    <ele>24.2</ele>
    <time>2026-09-06T07:19:14Z</time>
   </trkpt>
   <trkpt lat="22.7288960" lon="120.3284570">
    <ele>24.2</ele>
    <time>2026-09-06T07:19:15Z</time>
   </trkpt>
   <trkpt lat="22.7288720" lon="120.3284710">
    <ele>24.2</ele>
    <time>2026-09-06T07:19:16Z</time>
   </trkpt>
   <trkpt lat="22.7288510" lon="120.3285420">
    <ele>24.2</ele>
    <time>2026-09-06T07:19:17Z</time>
   </trkpt>
   <trkpt lat="22.7288060" lon="120.3285350">
    <ele>24.2</ele>
    <time>2026-09-06T07:19:18Z</time>
   </trkpt>
   <trkpt lat="22.7287990" lon="120.3285440">
    <ele>24.2</ele>
    <time>2026-09-06T07:19:19Z</time>
   </trkpt>
   <trkpt lat="22.7288040" lon="120.3285120">
    <ele>24.1</ele>
    <time>2026-09-06T07:19:20Z</time>
   </trkpt>
   <trkpt lat="22.7288320" lon="120.3285150">
    <ele>24.1</ele>
    <time>2026-09-06T07:19:21Z</time>
   </trkpt>
   <trkpt lat="22.7288330" lon="120.3285150">
    <ele>24.1</ele>
    <time>2026-09-06T07:19:22Z</time>
   </trkpt>
   <trkpt lat="22.7288480" lon="120.3285330">
    <ele>24.1</ele>
    <time>2026-09-06T07:19:23Z</time>
   </trkpt>
   <trkpt lat="22.7288430" lon="120.3285440">
    <ele>24.1</ele>
    <time>2026-09-06T07:19:24Z</time>
   </trkpt>
   <trkpt lat="22.7288390" lon="120.3285560">
    <ele>24.1</ele>
    <time>2026-09-06T07:19:25Z</time>
   </trkpt>
   <trkpt lat="22.7288340" lon="120.3285670">
    <ele>24.1</ele>
    <time>2026-09-06T07:19:26Z</time>
   </trkpt>
   <trkpt lat="22.7288290" lon="120.3285780">
    <ele>24.1</ele>
    <time>2026-09-06T07:19:27Z</time>
   </trkpt>
   <trkpt lat="22.7288250" lon="120.3285890">
    <ele>24.1</ele>
    <time>2026-09-06T07:19:28Z</time>
   </trkpt>
   <trkpt lat="22.7288200" lon="120.3286000">
    <ele>24.1</ele>
    <time>2026-09-06T07:19:29Z</time>
   </trkpt>
   <trkpt lat="22.7287990" lon="120.3285780">
    <ele>24.1</ele>
    <time>2026-09-06T07:19:30Z</time>
   </trkpt>
   <trkpt lat="22.7287780" lon="120.3285550">
    <ele>24.1</ele>
    <time>2026-09-06T07:19:31Z</time>
   </trkpt>
   <trkpt lat="22.7287750" lon="120.3285380">
    <ele>24.1</ele>
    <time>2026-09-06T07:19:32Z</time>
   </trkpt>
   <trkpt lat="22.7287730" lon="120.3285220">
    <ele>24.1</ele>
    <time>2026-09-06T07:19:33Z</time>
   </trkpt>
   <trkpt lat="22.7287700" lon="120.3285050">
    <ele>24.1</ele>
    <time>2026-09-06T07:19:34Z</time>
   </trkpt>
   <trkpt lat="22.7287690" lon="120.3285130">
    <ele>24.1</ele>
    <time>2026-09-06T07:19:35Z</time>
   </trkpt>
   <trkpt lat="22.7287480" lon="120.3285340">
    <ele>24.0</ele>
    <time>2026-09-06T07:19:36Z</time>
   </trkpt>
   <trkpt lat="22.7287230" lon="120.3285640">
    <ele>24.0</ele>
    <time>2026-09-06T07:19:37Z</time>
   </trkpt>
   <trkpt lat="22.7287210" lon="120.3285710">
    <ele>24.0</ele>
    <time>2026-09-06T07:19:38Z</time>
   </trkpt>
   <trkpt lat="22.7287300" lon="120.3285520">
    <ele>24.0</ele>
    <time>2026-09-06T07:19:39Z</time>
   </trkpt>
   <trkpt lat="22.7287260" lon="120.3285410">
    <ele>24.0</ele>
    <time>2026-09-06T07:19:40Z</time>
   </trkpt>
   <trkpt lat="22.7287310" lon="120.3285340">
    <ele>24.0</ele>
    <time>2026-09-06T07:19:41Z</time>
   </trkpt>
   <trkpt lat="22.7287360" lon="120.3285230">
    <ele>24.0</ele>
    <time>2026-09-06T07:19:42Z</time>
   </trkpt>
   <trkpt lat="22.7287410" lon="120.3285100">
    <ele>24.0</ele>
    <time>2026-09-06T07:19:43Z</time>
   </trkpt>
   <trkpt lat="22.7287490" lon="120.3284920">
    <ele>24.0</ele>
    <time>2026-09-06T07:19:44Z</time>
   </trkpt>
   <trkpt lat="22.7287570" lon="120.3284780">
    <ele>24.0</ele>
    <time>2026-09-06T07:19:45Z</time>
   </trkpt>
   <trkpt lat="22.7287640" lon="120.3284610">
    <ele>24.0</ele>
    <time>2026-09-06T07:19:46Z</time>
   </trkpt>
   <trkpt lat="22.7287660" lon="120.3284460">
    <ele>24.0</ele>
    <time>2026-09-06T07:19:47Z</time>
   </trkpt>
   <trkpt lat="22.7287500" lon="120.3284260">
    <ele>24.0</ele>
    <time>2026-09-06T07:19:49Z</time>
   </trkpt>
   <trkpt lat="22.7287410" lon="120.3284160">
    <ele>24.0</ele>
    <time>2026-09-06T07:19:50Z</time>
   </trkpt>
   <trkpt lat="22.7287390" lon="120.3284230">
    <ele>24.0</ele>
    <time>2026-09-06T07:19:51Z</time>
   </trkpt>
   <trkpt lat="22.7287230" lon="120.3284130">
    <ele>24.0</ele>
    <time>2026-09-06T07:19:52Z</time>
   </trkpt>
   <trkpt lat="22.7287030" lon="120.3284060">
    <ele>24.0</ele>
    <time>2026-09-06T07:19:53Z</time>
   </trkpt>
   <trkpt lat="22.7287020" lon="120.3283890">
    <ele>23.9</ele>
    <time>2026-09-06T07:19:54Z</time>
   </trkpt>
   <trkpt lat="22.7286970" lon="120.3283710">
    <ele>23.9</ele>
    <time>2026-09-06T07:19:55Z</time>
   </trkpt>
   <trkpt lat="22.7287070" lon="120.3283530">
    <ele>23.9</ele>
    <time>2026-09-06T07:19:56Z</time>
   </trkpt>
   <trkpt lat="22.7287060" lon="120.3283400">
    <ele>23.9</ele>
    <time>2026-09-06T07:19:57Z</time>
   </trkpt>
   <trkpt lat="22.7287030" lon="120.3283430">
    <ele>23.9</ele>
    <time>2026-09-06T07:19:58Z</time>
   </trkpt>
   <trkpt lat="22.7286890" lon="120.3283340">
    <ele>23.9</ele>
    <time>2026-09-06T07:19:59Z</time>
   </trkpt>
   <trkpt lat="22.7286930" lon="120.3283110">
    <ele>23.9</ele>
    <time>2026-09-06T07:20:00Z</time>
   </trkpt>
   <trkpt lat="22.7286850" lon="120.3283010">
    <ele>23.9</ele>
    <time>2026-09-06T07:20:01Z</time>
   </trkpt>
   <trkpt lat="22.7286950" lon="120.3282960">
    <ele>23.9</ele>
    <time>2026-09-06T07:20:02Z</time>
   </trkpt>
   <trkpt lat="22.7287000" lon="120.3282860">
    <ele>23.9</ele>
    <time>2026-09-06T07:20:03Z</time>
   </trkpt>
   <trkpt lat="22.7287010" lon="120.3282750">
    <ele>23.9</ele>
    <time>2026-09-06T07:20:04Z</time>
   </trkpt>
   <trkpt lat="22.7286960" lon="120.3282580">
    <ele>23.9</ele>
    <time>2026-09-06T07:20:05Z</time>
   </trkpt>
   <trkpt lat="22.7286850" lon="120.3282360">
    <ele>23.9</ele>
    <time>2026-09-06T07:20:06Z</time>
   </trkpt>
   <trkpt lat="22.7286790" lon="120.3282160">
    <ele>23.9</ele>
    <time>2026-09-06T07:20:07Z</time>
   </trkpt>
   <trkpt lat="22.7286760" lon="120.3282010">
    <ele>23.9</ele>
    <time>2026-09-06T07:20:08Z</time>
   </trkpt>
   <trkpt lat="22.7286690" lon="120.3281900">
    <ele>23.9</ele>
    <time>2026-09-06T07:20:09Z</time>
   </trkpt>
   <trkpt lat="22.7286600" lon="120.3281780">
    <ele>23.9</ele>
    <time>2026-09-06T07:20:10Z</time>
   </trkpt>
   <trkpt lat="22.7286610" lon="120.3281660">
    <ele>23.8</ele>
    <time>2026-09-06T07:20:11Z</time>
   </trkpt>
   <trkpt lat="22.7286770" lon="120.3281530">
    <ele>23.8</ele>
    <time>2026-09-06T07:20:12Z</time>
   </trkpt>
   <trkpt lat="22.7287010" lon="120.3281390">
    <ele>23.7</ele>
    <time>2026-09-06T07:20:13Z</time>
   </trkpt>
   <trkpt lat="22.7287170" lon="120.3281270">
    <ele>23.7</ele>
    <time>2026-09-06T07:20:14Z</time>
   </trkpt>
   <trkpt lat="22.7287390" lon="120.3281140">
    <ele>23.7</ele>
    <time>2026-09-06T07:20:15Z</time>
   </trkpt>
   <trkpt lat="22.7287640" lon="120.3281050">
    <ele>23.6</ele>
    <time>2026-09-06T07:20:16Z</time>
   </trkpt>
   <trkpt lat="22.7287690" lon="120.3280950">
    <ele>23.6</ele>
    <time>2026-09-06T07:20:17Z</time>
   </trkpt>
   <trkpt lat="22.7287770" lon="120.3280860">
    <ele>23.6</ele>
    <time>2026-09-06T07:20:18Z</time>
   </trkpt>
   <trkpt lat="22.7288020" lon="120.3280980">
    <ele>23.5</ele>
    <time>2026-09-06T07:20:19Z</time>
   </trkpt>
   <trkpt lat="22.7288320" lon="120.3281150">
    <ele>23.4</ele>
    <time>2026-09-06T07:20:20Z</time>
   </trkpt>
   <trkpt lat="22.7288360" lon="120.3281160">
    <ele>23.4</ele>
    <time>2026-09-06T07:20:21Z</time>
   </trkpt>
   <trkpt lat="22.7288360" lon="120.3281240">
    <ele>23.4</ele>
    <time>2026-09-06T07:20:22Z</time>
   </trkpt>
   <trkpt lat="22.7288400" lon="120.3281280">
    <ele>23.4</ele>
    <time>2026-09-06T07:20:23Z</time>
   </trkpt>
   <trkpt lat="22.7288430" lon="120.3281410">
    <ele>23.4</ele>
    <time>2026-09-06T07:20:24Z</time>
   </trkpt>
   <trkpt lat="22.7288500" lon="120.3281430">
    <ele>23.4</ele>
    <time>2026-09-06T07:20:25Z</time>
   </trkpt>
   <trkpt lat="22.7288580" lon="120.3281530">
    <ele>23.3</ele>
    <time>2026-09-06T07:20:26Z</time>
   </trkpt>
   <trkpt lat="22.7288580" lon="120.3281560">
    <ele>23.3</ele>
    <time>2026-09-06T07:20:27Z</time>
   </trkpt>
   <trkpt lat="22.7288570" lon="120.3281520">
    <ele>23.3</ele>
    <time>2026-09-06T07:20:28Z</time>
   </trkpt>
   <trkpt lat="22.7288810" lon="120.3281290">
    <ele>23.3</ele>
    <time>2026-09-06T07:20:29Z</time>
   </trkpt>
   <trkpt lat="22.7288930" lon="120.3280950">
    <ele>23.2</ele>
    <time>2026-09-06T07:20:30Z</time>
   </trkpt>
   <trkpt lat="22.7289020" lon="120.3280910">
    <ele>23.2</ele>
    <time>2026-09-06T07:20:31Z</time>
   </trkpt>
   <trkpt lat="22.7289180" lon="120.3280630">
    <ele>23.1</ele>
    <time>2026-09-06T07:20:32Z</time>
   </trkpt>
   <trkpt lat="22.7289300" lon="120.3280560">
    <ele>23.1</ele>
    <time>2026-09-06T07:20:33Z</time>
   </trkpt>
   <trkpt lat="22.7289390" lon="120.3280530">
    <ele>23.1</ele>
    <time>2026-09-06T07:20:34Z</time>
   </trkpt>
   <trkpt lat="22.7289490" lon="120.3280500">
    <ele>23.1</ele>
    <time>2026-09-06T07:20:35Z</time>
   </trkpt>
   <trkpt lat="22.7289630" lon="120.3280470">
    <ele>23.0</ele>
    <time>2026-09-06T07:20:36Z</time>
   </trkpt>
   <trkpt lat="22.7289760" lon="120.3280390">
    <ele>23.0</ele>
    <time>2026-09-06T07:20:37Z</time>
   </trkpt>
   <trkpt lat="22.7289830" lon="120.3280450">
    <ele>23.0</ele>
    <time>2026-09-06T07:20:38Z</time>
   </trkpt>
   <trkpt lat="22.7289840" lon="120.3280520">
    <ele>23.0</ele>
    <time>2026-09-06T07:20:39Z</time>
   </trkpt>
   <trkpt lat="22.7289950" lon="120.3280480">
    <ele>23.0</ele>
    <time>2026-09-06T07:20:40Z</time>
   </trkpt>
   <trkpt lat="22.7290080" lon="120.3280430">
    <ele>22.9</ele>
    <time>2026-09-06T07:20:41Z</time>
   </trkpt>
   <trkpt lat="22.7290210" lon="120.3280610">
    <ele>22.9</ele>
    <time>2026-09-06T07:20:42Z</time>
   </trkpt>
   <trkpt lat="22.7290280" lon="120.3280600">
    <ele>22.9</ele>
    <time>2026-09-06T07:20:43Z</time>
   </trkpt>
   <trkpt lat="22.7290400" lon="120.3280620">
    <ele>22.9</ele>
    <time>2026-09-06T07:20:44Z</time>
   </trkpt>
   <trkpt lat="22.7290480" lon="120.3280630">
    <ele>22.9</ele>
    <time>2026-09-06T07:20:45Z</time>
   </trkpt>
   <trkpt lat="22.7290510" lon="120.3280690">
    <ele>22.9</ele>
    <time>2026-09-06T07:20:46Z</time>
   </trkpt>
   <trkpt lat="22.7290680" lon="120.3280560">
    <ele>22.8</ele>
    <time>2026-09-06T07:20:52Z</time>
   </trkpt>
   <trkpt lat="22.7290720" lon="120.3280550">
    <ele>22.8</ele>
    <time>2026-09-06T07:20:53Z</time>
   </trkpt>
   <trkpt lat="22.7290760" lon="120.3280650">
    <ele>22.8</ele>
    <time>2026-09-06T07:20:54Z</time>
   </trkpt>
   <trkpt lat="22.7290690" lon="120.3280400">
    <ele>22.8</ele>
    <time>2026-09-06T07:20:55Z</time>
   </trkpt>
   <trkpt lat="22.7290700" lon="120.3280320">
    <ele>22.8</ele>
    <time>2026-09-06T07:20:56Z</time>
   </trkpt>
   <trkpt lat="22.7290710" lon="120.3280270">
    <ele>22.7</ele>
    <time>2026-09-06T07:20:57Z</time>
   </trkpt>
   <trkpt lat="22.7290740" lon="120.3280250">
    <ele>22.7</ele>
    <time>2026-09-06T07:20:58Z</time>
   </trkpt>
   <trkpt lat="22.7290800" lon="120.3280200">
    <ele>22.7</ele>
    <time>2026-09-06T07:20:59Z</time>
   </trkpt>
   <trkpt lat="22.7290810" lon="120.3280240">
    <ele>22.7</ele>
    <time>2026-09-06T07:21:00Z</time>
   </trkpt>
   <trkpt lat="22.7290820" lon="120.3280190">
    <ele>22.7</ele>
    <time>2026-09-06T07:21:01Z</time>
   </trkpt>
   <trkpt lat="22.7290870" lon="120.3280000">
    <ele>22.7</ele>
    <time>2026-09-06T07:21:02Z</time>
   </trkpt>
   <trkpt lat="22.7290960" lon="120.3279910">
    <ele>22.7</ele>
    <time>2026-09-06T07:21:03Z</time>
   </trkpt>
   <trkpt lat="22.7291080" lon="120.3279690">
    <ele>22.6</ele>
    <time>2026-09-06T07:21:04Z</time>
   </trkpt>
   <trkpt lat="22.7291140" lon="120.3279620">
    <ele>22.6</ele>
    <time>2026-09-06T07:21:05Z</time>
   </trkpt>
   <trkpt lat="22.7291140" lon="120.3279720">
    <ele>22.6</ele>
    <time>2026-09-06T07:21:06Z</time>
   </trkpt>
   <trkpt lat="22.7291230" lon="120.3279310">
    <ele>22.6</ele>
    <time>2026-09-06T07:21:07Z</time>
   </trkpt>
   <trkpt lat="22.7291300" lon="120.3279090">
    <ele>22.5</ele>
    <time>2026-09-06T07:21:08Z</time>
   </trkpt>
   <trkpt lat="22.7291490" lon="120.3278910">
    <ele>22.5</ele>
    <time>2026-09-06T07:21:09Z</time>
   </trkpt>
   <trkpt lat="22.7291480" lon="120.3278910">
    <ele>22.5</ele>
    <time>2026-09-06T07:21:10Z</time>
   </trkpt>
   <trkpt lat="22.7291460" lon="120.3278960">
    <ele>22.5</ele>
    <time>2026-09-06T07:21:11Z</time>
   </trkpt>
   <trkpt lat="22.7291470" lon="120.3278780">
    <ele>22.5</ele>
    <time>2026-09-06T07:21:12Z</time>
   </trkpt>
   <trkpt lat="22.7291570" lon="120.3278700">
    <ele>22.4</ele>
    <time>2026-09-06T07:21:13Z</time>
   </trkpt>
   <trkpt lat="22.7291590" lon="120.3278650">
    <ele>22.4</ele>
    <time>2026-09-06T07:21:14Z</time>
   </trkpt>
   <trkpt lat="22.7291580" lon="120.3278640">
    <ele>22.4</ele>
    <time>2026-09-06T07:21:15Z</time>
   </trkpt>
   <trkpt lat="22.7291570" lon="120.3278640">
    <ele>22.4</ele>
    <time>2026-09-06T07:21:16Z</time>
   </trkpt>
   <trkpt lat="22.7291450" lon="120.3278700">
    <ele>22.4</ele>
    <time>2026-09-06T07:21:17Z</time>
   </trkpt>
   <trkpt lat="22.7291350" lon="120.3278640">
    <ele>22.4</ele>
    <time>2026-09-06T07:21:18Z</time>
   </trkpt>
   <trkpt lat="22.7291290" lon="120.3278580">
    <ele>22.4</ele>
    <time>2026-09-06T07:21:19Z</time>
   </trkpt>
   <trkpt lat="22.7291200" lon="120.3278550">
    <ele>22.4</ele>
    <time>2026-09-06T07:21:20Z</time>
   </trkpt>
   <trkpt lat="22.7291180" lon="120.3278670">
    <ele>22.4</ele>
    <time>2026-09-06T07:21:21Z</time>
   </trkpt>
   <trkpt lat="22.7291130" lon="120.3278740">
    <ele>22.4</ele>
    <time>2026-09-06T07:21:22Z</time>
   </trkpt>
   <trkpt lat="22.7291540" lon="120.3278210">
    <ele>22.3</ele>
    <time>2026-09-06T07:21:26Z</time>
   </trkpt>
   <trkpt lat="22.7291570" lon="120.3278070">
    <ele>22.3</ele>
    <time>2026-09-06T07:21:27Z</time>
   </trkpt>
   <trkpt lat="22.7291660" lon="120.3278120">
    <ele>22.3</ele>
    <time>2026-09-06T07:21:28Z</time>
   </trkpt>
   <trkpt lat="22.7291880" lon="120.3278320">
    <ele>22.2</ele>
    <time>2026-09-06T07:21:29Z</time>
   </trkpt>
   <trkpt lat="22.7292020" lon="120.3278520">
    <ele>22.2</ele>
    <time>2026-09-06T07:21:30Z</time>
   </trkpt>
   <trkpt lat="22.7292220" lon="120.3278650">
    <ele>22.2</ele>
    <time>2026-09-06T07:21:31Z</time>
   </trkpt>
   <trkpt lat="22.7292360" lon="120.3278730">
    <ele>22.2</ele>
    <time>2026-09-06T07:21:32Z</time>
   </trkpt>
   <trkpt lat="22.7292420" lon="120.3278740">
    <ele>22.2</ele>
    <time>2026-09-06T07:21:33Z</time>
   </trkpt>
   <trkpt lat="22.7292510" lon="120.3278780">
    <ele>22.1</ele>
    <time>2026-09-06T07:21:34Z</time>
   </trkpt>
   <trkpt lat="22.7292600" lon="120.3278780">
    <ele>22.1</ele>
    <time>2026-09-06T07:21:35Z</time>
   </trkpt>
   <trkpt lat="22.7292690" lon="120.3278810">
    <ele>22.1</ele>
    <time>2026-09-06T07:21:36Z</time>
   </trkpt>
   <trkpt lat="22.7292780" lon="120.3278840">
    <ele>22.1</ele>
    <time>2026-09-06T07:21:37Z</time>
   </trkpt>
   <trkpt lat="22.7292890" lon="120.3278850">
    <ele>22.1</ele>
    <time>2026-09-06T07:21:38Z</time>
   </trkpt>
   <trkpt lat="22.7292950" lon="120.3278890">
    <ele>22.1</ele>
    <time>2026-09-06T07:21:39Z</time>
   </trkpt>
   <trkpt lat="22.7293030" lon="120.3278940">
    <ele>22.1</ele>
    <time>2026-09-06T07:21:40Z</time>
   </trkpt>
   <trkpt lat="22.7293110" lon="120.3279020">
    <ele>22.1</ele>
    <time>2026-09-06T07:21:41Z</time>
   </trkpt>
   <trkpt lat="22.7293270" lon="120.3278950">
    <ele>22.1</ele>
    <time>2026-09-06T07:21:42Z</time>
   </trkpt>
   <trkpt lat="22.7293400" lon="120.3279030">
    <ele>22.0</ele>
    <time>2026-09-06T07:21:43Z</time>
   </trkpt>
   <trkpt lat="22.7293490" lon="120.3279130">
    <ele>22.0</ele>
    <time>2026-09-06T07:21:44Z</time>
   </trkpt>
   <trkpt lat="22.7293540" lon="120.3279230">
    <ele>22.1</ele>
    <time>2026-09-06T07:21:45Z</time>
   </trkpt>
   <trkpt lat="22.7293580" lon="120.3279330">
    <ele>22.1</ele>
    <time>2026-09-06T07:21:46Z</time>
   </trkpt>
   <trkpt lat="22.7293610" lon="120.3279630">
    <ele>22.2</ele>
    <time>2026-09-06T07:21:47Z</time>
   </trkpt>
   <trkpt lat="22.7293700" lon="120.3279830">
    <ele>22.2</ele>
    <time>2026-09-06T07:21:48Z</time>
   </trkpt>
   <trkpt lat="22.7293800" lon="120.3279910">
    <ele>22.3</ele>
    <time>2026-09-06T07:21:49Z</time>
   </trkpt>
   <trkpt lat="22.7293970" lon="120.3279980">
    <ele>22.3</ele>
    <time>2026-09-06T07:21:50Z</time>
   </trkpt>
   <trkpt lat="22.7294130" lon="120.3280190">
    <ele>22.4</ele>
    <time>2026-09-06T07:21:51Z</time>
   </trkpt>
   <trkpt lat="22.7294290" lon="120.3280440">
    <ele>22.5</ele>
    <time>2026-09-06T07:21:52Z</time>
   </trkpt>
   <trkpt lat="22.7294340" lon="120.3280540">
    <ele>22.5</ele>
    <time>2026-09-06T07:21:53Z</time>
   </trkpt>
   <trkpt lat="22.7294290" lon="120.3280710">
    <ele>22.6</ele>
    <time>2026-09-06T07:21:54Z</time>
   </trkpt>
   <trkpt lat="22.7294300" lon="120.3280810">
    <ele>22.6</ele>
    <time>2026-09-06T07:21:55Z</time>
   </trkpt>
   <trkpt lat="22.7294350" lon="120.3280860">
    <ele>22.6</ele>
    <time>2026-09-06T07:21:56Z</time>
   </trkpt>
   <trkpt lat="22.7294380" lon="120.3281000">
    <ele>22.7</ele>
    <time>2026-09-06T07:21:57Z</time>
   </trkpt>
   <trkpt lat="22.7294460" lon="120.3281160">
    <ele>22.7</ele>
    <time>2026-09-06T07:21:58Z</time>
   </trkpt>
   <trkpt lat="22.7294470" lon="120.3281270">
    <ele>22.7</ele>
    <time>2026-09-06T07:21:59Z</time>
   </trkpt>
   <trkpt lat="22.7294540" lon="120.3281240">
    <ele>22.8</ele>
    <time>2026-09-06T07:22:00Z</time>
   </trkpt>
   <trkpt lat="22.7294610" lon="120.3281240">
    <ele>22.8</ele>
    <time>2026-09-06T07:22:01Z</time>
   </trkpt>
   <trkpt lat="22.7294630" lon="120.3281280">
    <ele>22.8</ele>
    <time>2026-09-06T07:22:02Z</time>
   </trkpt>
   <trkpt lat="22.7294610" lon="120.3281350">
    <ele>22.8</ele>
    <time>2026-09-06T07:22:03Z</time>
   </trkpt>
   <trkpt lat="22.7294560" lon="120.3281310">
    <ele>22.8</ele>
    <time>2026-09-06T07:22:04Z</time>
   </trkpt>
   <trkpt lat="22.7294490" lon="120.3281260">
    <ele>22.8</ele>
    <time>2026-09-06T07:22:05Z</time>
   </trkpt>
   <trkpt lat="22.7294170" lon="120.3281470">
    <ele>23.0</ele>
    <time>2026-09-06T07:22:06Z</time>
   </trkpt>
   <trkpt lat="22.7294040" lon="120.3281550">
    <ele>23.0</ele>
    <time>2026-09-06T07:22:07Z</time>
   </trkpt>
   <trkpt lat="22.7293960" lon="120.3281530">
    <ele>23.0</ele>
    <time>2026-09-06T07:22:08Z</time>
   </trkpt>
   <trkpt lat="22.7294050" lon="120.3281300">
    <ele>23.1</ele>
    <time>2026-09-06T07:22:09Z</time>
   </trkpt>
   <trkpt lat="22.7294310" lon="120.3281350">
    <ele>23.2</ele>
    <time>2026-09-06T07:22:10Z</time>
   </trkpt>
   <trkpt lat="22.7294520" lon="120.3281600">
    <ele>23.3</ele>
    <time>2026-09-06T07:22:11Z</time>
   </trkpt>
   <trkpt lat="22.7294930" lon="120.3281920">
    <ele>23.4</ele>
    <time>2026-09-06T07:22:12Z</time>
   </trkpt>
   <trkpt lat="22.7294790" lon="120.3281910">
    <ele>23.5</ele>
    <time>2026-09-06T07:22:13Z</time>
   </trkpt>
   <trkpt lat="22.7294730" lon="120.3282210">
    <ele>23.5</ele>
    <time>2026-09-06T07:22:14Z</time>
   </trkpt>
   <trkpt lat="22.7294820" lon="120.3282110">
    <ele>23.6</ele>
    <time>2026-09-06T07:22:15Z</time>
   </trkpt>
   <trkpt lat="22.7294850" lon="120.3282170">
    <ele>23.6</ele>
    <time>2026-09-06T07:22:16Z</time>
   </trkpt>
   <trkpt lat="22.7294930" lon="120.3282260">
    <ele>23.6</ele>
    <time>2026-09-06T07:22:17Z</time>
   </trkpt>
   <trkpt lat="22.7295190" lon="120.3282460">
    <ele>23.7</ele>
    <time>2026-09-06T07:22:18Z</time>
   </trkpt>
   <trkpt lat="22.7295210" lon="120.3282580">
    <ele>23.8</ele>
    <time>2026-09-06T07:22:19Z</time>
   </trkpt>
   <trkpt lat="22.7295260" lon="120.3282760">
    <ele>23.8</ele>
    <time>2026-09-06T07:22:20Z</time>
   </trkpt>
   <trkpt lat="22.7295270" lon="120.3282780">
    <ele>23.8</ele>
    <time>2026-09-06T07:22:21Z</time>
   </trkpt>
   <trkpt lat="22.7295290" lon="120.3282960">
    <ele>23.9</ele>
    <time>2026-09-06T07:22:22Z</time>
   </trkpt>
   <trkpt lat="22.7295280" lon="120.3282900">
    <ele>23.9</ele>
    <time>2026-09-06T07:22:23Z</time>
   </trkpt>
   <trkpt lat="22.7295290" lon="120.3282910">
    <ele>23.9</ele>
    <time>2026-09-06T07:22:24Z</time>
   </trkpt>
   <trkpt lat="22.7295260" lon="120.3282990">
    <ele>23.9</ele>
    <time>2026-09-06T07:22:25Z</time>
   </trkpt>
   <trkpt lat="22.7295190" lon="120.3283110">
    <ele>24.0</ele>
    <time>2026-09-06T07:22:26Z</time>
   </trkpt>
   <trkpt lat="22.7295170" lon="120.3283040">
    <ele>24.0</ele>
    <time>2026-09-06T07:22:27Z</time>
   </trkpt>
   <trkpt lat="22.7295130" lon="120.3283040">
    <ele>24.0</ele>
    <time>2026-09-06T07:22:28Z</time>
   </trkpt>
   <trkpt lat="22.7295180" lon="120.3283060">
    <ele>24.0</ele>
    <time>2026-09-06T07:22:29Z</time>
   </trkpt>
   <trkpt lat="22.7295500" lon="120.3283520">
    <ele>24.2</ele>
    <time>2026-09-06T07:22:33Z</time>
   </trkpt>
   <trkpt lat="22.7295500" lon="120.3283600">
    <ele>24.2</ele>
    <time>2026-09-06T07:22:34Z</time>
   </trkpt>
   <trkpt lat="22.7295540" lon="120.3283580">
    <ele>24.2</ele>
    <time>2026-09-06T07:22:35Z</time>
   </trkpt>
   <trkpt lat="22.7295540" lon="120.3283580">
    <ele>24.2</ele>
    <time>2026-09-06T07:22:36Z</time>
   </trkpt>
   <trkpt lat="22.7295580" lon="120.3283500">
    <ele>24.2</ele>
    <time>2026-09-06T07:22:37Z</time>
   </trkpt>
   <trkpt lat="22.7295510" lon="120.3283470">
    <ele>24.2</ele>
    <time>2026-09-06T07:22:38Z</time>
   </trkpt>
   <trkpt lat="22.7295400" lon="120.3283390">
    <ele>24.3</ele>
    <time>2026-09-06T07:22:39Z</time>
   </trkpt>
   <trkpt lat="22.7295510" lon="120.3283380">
    <ele>24.3</ele>
    <time>2026-09-06T07:22:40Z</time>
   </trkpt>
   <trkpt lat="22.7295480" lon="120.3283450">
    <ele>24.3</ele>
    <time>2026-09-06T07:22:41Z</time>
   </trkpt>
   <trkpt lat="22.7295530" lon="120.3283470">
    <ele>24.4</ele>
    <time>2026-09-06T07:22:42Z</time>
   </trkpt>
   <trkpt lat="22.7295750" lon="120.3283400">
    <ele>24.4</ele>
    <time>2026-09-06T07:22:43Z</time>
   </trkpt>
   <trkpt lat="22.7295900" lon="120.3283340">
    <ele>24.5</ele>
    <time>2026-09-06T07:22:44Z</time>
   </trkpt>
   <trkpt lat="22.7296000" lon="120.3283280">
    <ele>24.5</ele>
    <time>2026-09-06T07:22:45Z</time>
   </trkpt>
   <trkpt lat="22.7296130" lon="120.3283180">
    <ele>24.5</ele>
    <time>2026-09-06T07:22:46Z</time>
   </trkpt>
   <trkpt lat="22.7296040" lon="120.3283170">
    <ele>24.6</ele>
    <time>2026-09-06T07:22:47Z</time>
   </trkpt>
   <trkpt lat="22.7295980" lon="120.3283220">
    <ele>24.6</ele>
    <time>2026-09-06T07:22:48Z</time>
   </trkpt>
   <trkpt lat="22.7295900" lon="120.3283270">
    <ele>24.6</ele>
    <time>2026-09-06T07:22:49Z</time>
   </trkpt>
   <trkpt lat="22.7295790" lon="120.3283300">
    <ele>24.7</ele>
    <time>2026-09-06T07:22:50Z</time>
   </trkpt>
   <trkpt lat="22.7295690" lon="120.3283350">
    <ele>24.7</ele>
    <time>2026-09-06T07:22:51Z</time>
   </trkpt>
   <trkpt lat="22.7295610" lon="120.3283360">
    <ele>24.7</ele>
    <time>2026-09-06T07:22:52Z</time>
   </trkpt>
   <trkpt lat="22.7295580" lon="120.3283400">
    <ele>24.7</ele>
    <time>2026-09-06T07:22:53Z</time>
   </trkpt>
   <trkpt lat="22.7295580" lon="120.3283600">
    <ele>24.8</ele>
    <time>2026-09-06T07:22:54Z</time>
   </trkpt>
   <trkpt lat="22.7295540" lon="120.3283910">
    <ele>24.9</ele>
    <time>2026-09-06T07:22:55Z</time>
   </trkpt>
   <trkpt lat="22.7295390" lon="120.3284250">
    <ele>25.0</ele>
    <time>2026-09-06T07:22:57Z</time>
   </trkpt>
   <trkpt lat="22.7295370" lon="120.3284350">
    <ele>25.0</ele>
    <time>2026-09-06T07:22:58Z</time>
   </trkpt>
   <trkpt lat="22.7295390" lon="120.3284410">
    <ele>25.0</ele>
    <time>2026-09-06T07:22:59Z</time>
   </trkpt>
   <trkpt lat="22.7295430" lon="120.3284420">
    <ele>25.0</ele>
    <time>2026-09-06T07:23:00Z</time>
   </trkpt>
   <trkpt lat="22.7295470" lon="120.3284490">
    <ele>25.0</ele>
    <time>2026-09-06T07:23:01Z</time>
   </trkpt>
   <trkpt lat="22.7295510" lon="120.3284480">
    <ele>25.0</ele>
    <time>2026-09-06T07:23:02Z</time>
   </trkpt>
   <trkpt lat="22.7295500" lon="120.3284650">
    <ele>25.0</ele>
    <time>2026-09-06T07:23:03Z</time>
   </trkpt>
   <trkpt lat="22.7295510" lon="120.3284650">
    <ele>25.0</ele>
    <time>2026-09-06T07:23:04Z</time>
   </trkpt>
   <trkpt lat="22.7295460" lon="120.3284810">
    <ele>25.0</ele>
    <time>2026-09-06T07:23:05Z</time>
   </trkpt>
   <trkpt lat="22.7295340" lon="120.3284940">
    <ele>25.0</ele>
    <time>2026-09-06T07:23:06Z</time>
   </trkpt>
   <trkpt lat="22.7295210" lon="120.3284920">
    <ele>25.0</ele>
    <time>2026-09-06T07:23:07Z</time>
   </trkpt>
   <trkpt lat="22.7295180" lon="120.3284920">
    <ele>25.0</ele>
    <time>2026-09-06T07:23:08Z</time>
   </trkpt>
   <trkpt lat="22.7295190" lon="120.3284890">
    <ele>25.0</ele>
    <time>2026-09-06T07:23:09Z</time>
   </trkpt>
   <trkpt lat="22.7295240" lon="120.3284890">
    <ele>25.0</ele>
    <time>2026-09-06T07:23:10Z</time>
   </trkpt>
   <trkpt lat="22.7295300" lon="120.3284930">
    <ele>25.0</ele>
    <time>2026-09-06T07:23:11Z</time>
   </trkpt>
   <trkpt lat="22.7295380" lon="120.3285070">
    <ele>25.0</ele>
    <time>2026-09-06T07:23:12Z</time>
   </trkpt>
   <trkpt lat="22.7295370" lon="120.3285230">
    <ele>25.0</ele>
    <time>2026-09-06T07:23:13Z</time>
   </trkpt>
   <trkpt lat="22.7295360" lon="120.3285280">
    <ele>25.0</ele>
    <time>2026-09-06T07:23:14Z</time>
   </trkpt>
   <trkpt lat="22.7295370" lon="120.3285320">
    <ele>25.0</ele>
    <time>2026-09-06T07:23:15Z</time>
   </trkpt>
   <trkpt lat="22.7295410" lon="120.3285340">
    <ele>25.0</ele>
    <time>2026-09-06T07:23:16Z</time>
   </trkpt>
   <trkpt lat="22.7295400" lon="120.3285450">
    <ele>25.0</ele>
    <time>2026-09-06T07:23:17Z</time>
   </trkpt>
   <trkpt lat="22.7295370" lon="120.3285370">
    <ele>25.0</ele>
    <time>2026-09-06T07:23:18Z</time>
   </trkpt>
   <trkpt lat="22.7295240" lon="120.3285330">
    <ele>25.0</ele>
    <time>2026-09-06T07:23:19Z</time>
   </trkpt>
   <trkpt lat="22.7295100" lon="120.3285210">
    <ele>25.0</ele>
    <time>2026-09-06T07:23:20Z</time>
   </trkpt>
   <trkpt lat="22.7295010" lon="120.3285190">
    <ele>25.0</ele>
    <time>2026-09-06T07:23:21Z</time>
   </trkpt>
   <trkpt lat="22.7294910" lon="120.3285200">
    <ele>25.0</ele>
    <time>2026-09-06T07:23:22Z</time>
   </trkpt>
   <trkpt lat="22.7294840" lon="120.3285120">
    <ele>25.0</ele>
    <time>2026-09-06T07:23:23Z</time>
   </trkpt>
   <trkpt lat="22.7294810" lon="120.3285000">
    <ele>25.0</ele>
    <time>2026-09-06T07:23:24Z</time>
   </trkpt>
   <trkpt lat="22.7294750" lon="120.3284970">
    <ele>25.0</ele>
    <time>2026-09-06T07:23:25Z</time>
   </trkpt>
   <trkpt lat="22.7294760" lon="120.3285180">
    <ele>25.0</ele>
    <time>2026-09-06T07:23:26Z</time>
   </trkpt>
   <trkpt lat="22.7294760" lon="120.3285020">
    <ele>25.0</ele>
    <time>2026-09-06T07:23:27Z</time>
   </trkpt>
   <trkpt lat="22.7294670" lon="120.3284940">
    <ele>25.0</ele>
    <time>2026-09-06T07:23:28Z</time>
   </trkpt>
   <trkpt lat="22.7294590" lon="120.3284900">
    <ele>25.0</ele>
    <time>2026-09-06T07:23:29Z</time>
   </trkpt>
   <trkpt lat="22.7294480" lon="120.3284900">
    <ele>25.0</ele>
    <time>2026-09-06T07:23:30Z</time>
   </trkpt>
   <trkpt lat="22.7294400" lon="120.3284960">
    <ele>25.0</ele>
    <time>2026-09-06T07:23:31Z</time>
   </trkpt>
   <trkpt lat="22.7294350" lon="120.3285030">
    <ele>25.0</ele>
    <time>2026-09-06T07:23:32Z</time>
   </trkpt>
   <trkpt lat="22.7294310" lon="120.3285000">
    <ele>25.0</ele>
    <time>2026-09-06T07:23:33Z</time>
   </trkpt>
   <trkpt lat="22.7294300" lon="120.3285000">
    <ele>25.0</ele>
    <time>2026-09-06T07:23:34Z</time>
   </trkpt>
   <trkpt lat="22.7294030" lon="120.3285090">
    <ele>25.0</ele>
    <time>2026-09-06T07:23:35Z</time>
   </trkpt>
   <trkpt lat="22.7293930" lon="120.3285280">
    <ele>25.0</ele>
    <time>2026-09-06T07:23:36Z</time>
   </trkpt>
   <trkpt lat="22.7293690" lon="120.3285360">
    <ele>25.0</ele>
    <time>2026-09-06T07:23:37Z</time>
   </trkpt>
   <trkpt lat="22.7293400" lon="120.3285370">
    <ele>25.0</ele>
    <time>2026-09-06T07:23:38Z</time>
   </trkpt>
   <trkpt lat="22.7293360" lon="120.3285420">
    <ele>25.0</ele>
    <time>2026-09-06T07:23:39Z</time>
   </trkpt>
   <trkpt lat="22.7293450" lon="120.3285380">
    <ele>25.0</ele>
    <time>2026-09-06T07:23:40Z</time>
   </trkpt>
   <trkpt lat="22.7293260" lon="120.3285460">
    <ele>25.0</ele>
    <time>2026-09-06T07:23:41Z</time>
   </trkpt>
   <trkpt lat="22.7293060" lon="120.3285530">
    <ele>25.0</ele>
    <time>2026-09-06T07:23:42Z</time>
   </trkpt>
   <trkpt lat="22.7293010" lon="120.3285620">
    <ele>25.0</ele>
    <time>2026-09-06T07:23:43Z</time>
   </trkpt>
   <trkpt lat="22.7292930" lon="120.3285770">
    <ele>25.0</ele>
    <time>2026-09-06T07:23:44Z</time>
   </trkpt>
   <trkpt lat="22.7292640" lon="120.3285920">
    <ele>25.0</ele>
    <time>2026-09-06T07:23:45Z</time>
   </trkpt>
   <trkpt lat="22.7292520" lon="120.3286070">
    <ele>25.0</ele>
    <time>2026-09-06T07:23:46Z</time>
   </trkpt>
   <trkpt lat="22.7292900" lon="120.3286370">
    <ele>25.0</ele>
    <time>2026-09-06T07:23:47Z</time>
   </trkpt>
   <trkpt lat="22.7292930" lon="120.3286480">
    <ele>25.0</ele>
    <time>2026-09-06T07:23:48Z</time>
   </trkpt>
   <trkpt lat="22.7292950" lon="120.3286650">
    <ele>25.0</ele>
    <time>2026-09-06T07:23:49Z</time>
   </trkpt>
   <trkpt lat="22.7292870" lon="120.3286700">
    <ele>25.0</ele>
    <time>2026-09-06T07:23:50Z</time>
   </trkpt>
   <trkpt lat="22.7292860" lon="120.3286770">
    <ele>25.0</ele>
    <time>2026-09-06T07:23:51Z</time>
   </trkpt>
   <trkpt lat="22.7292830" lon="120.3286710">
    <ele>25.0</ele>
    <time>2026-09-06T07:23:52Z</time>
   </trkpt>
   <trkpt lat="22.7292820" lon="120.3286530">
    <ele>25.0</ele>
    <time>2026-09-06T07:23:53Z</time>
   </trkpt>
   <trkpt lat="22.7292800" lon="120.3286510">
    <ele>25.0</ele>
    <time>2026-09-06T07:23:54Z</time>
   </trkpt>
   <trkpt lat="22.7292860" lon="120.3286450">
    <ele>25.0</ele>
    <time>2026-09-06T07:23:55Z</time>
   </trkpt>
   <trkpt lat="22.7292910" lon="120.3286380">
    <ele>25.0</ele>
    <time>2026-09-06T07:23:56Z</time>
   </trkpt>
   <trkpt lat="22.7293020" lon="120.3286370">
    <ele>25.0</ele>
    <time>2026-09-06T07:23:57Z</time>
   </trkpt>
   <trkpt lat="22.7293060" lon="120.3286320">
    <ele>25.0</ele>
    <time>2026-09-06T07:23:58Z</time>
   </trkpt>
   <trkpt lat="22.7293080" lon="120.3286150">
    <ele>25.0</ele>
    <time>2026-09-06T07:23:59Z</time>
   </trkpt>
   <trkpt lat="22.7293060" lon="120.3286020">
    <ele>25.0</ele>
    <time>2026-09-06T07:24:00Z</time>
   </trkpt>
   <trkpt lat="22.7292520" lon="120.3285590">
    <ele>25.0</ele>
    <time>2026-09-06T07:24:13Z</time>
   </trkpt>
   <trkpt lat="22.7292340" lon="120.3285560">
    <ele>25.0</ele>
    <time>2026-09-06T07:24:14Z</time>
   </trkpt>
   <trkpt lat="22.7292290" lon="120.3285550">
    <ele>25.0</ele>
    <time>2026-09-06T07:24:15Z</time>
   </trkpt>
   <trkpt lat="22.7292290" lon="120.3285500">
    <ele>25.0</ele>
    <time>2026-09-06T07:24:16Z</time>
   </trkpt>
   <trkpt lat="22.7292260" lon="120.3285540">
    <ele>25.0</ele>
    <time>2026-09-06T07:24:17Z</time>
   </trkpt>
   <trkpt lat="22.7292170" lon="120.3285510">
    <ele>25.0</ele>
    <time>2026-09-06T07:24:18Z</time>
   </trkpt>
   <trkpt lat="22.7292140" lon="120.3285500">
    <ele>25.0</ele>
    <time>2026-09-06T07:24:19Z</time>
   </trkpt>
   <trkpt lat="22.7292050" lon="120.3285420">
    <ele>25.0</ele>
    <time>2026-09-06T07:24:20Z</time>
   </trkpt>
   <trkpt lat="22.7292000" lon="120.3285370">
    <ele>25.0</ele>
    <time>2026-09-06T07:24:21Z</time>
   </trkpt>
   <trkpt lat="22.7291960" lon="120.3285250">
    <ele>25.0</ele>
    <time>2026-09-06T07:24:22Z</time>
   </trkpt>
   <trkpt lat="22.7291860" lon="120.3285180">
    <ele>25.0</ele>
    <time>2026-09-06T07:24:23Z</time>
   </trkpt>
   <trkpt lat="22.7291760" lon="120.3285080">
    <ele>25.0</ele>
    <time>2026-09-06T07:24:24Z</time>
   </trkpt>
   <trkpt lat="22.7291690" lon="120.3285090">
    <ele>25.0</ele>
    <time>2026-09-06T07:24:25Z</time>
   </trkpt>
   <trkpt lat="22.7291590" lon="120.3285090">
    <ele>25.0</ele>
    <time>2026-09-06T07:24:26Z</time>
   </trkpt>
   <trkpt lat="22.7291620" lon="120.3285120">
    <ele>25.0</ele>
    <time>2026-09-06T07:24:27Z</time>
   </trkpt>
   <trkpt lat="22.7291600" lon="120.3285150">
    <ele>25.0</ele>
    <time>2026-09-06T07:24:28Z</time>
   </trkpt>
   <trkpt lat="22.7291600" lon="120.3285230">
    <ele>25.0</ele>
    <time>2026-09-06T07:24:29Z</time>
   </trkpt>
   <trkpt lat="22.7291600" lon="120.3285230">
    <ele>25.0</ele>
    <time>2026-09-06T07:24:30Z</time>
   </trkpt>
   <trkpt lat="22.7291730" lon="120.3285070">
    <ele>25.0</ele>
    <time>2026-09-06T07:24:31Z</time>
   </trkpt>
   <trkpt lat="22.7291790" lon="120.3285070">
    <ele>25.0</ele>
    <time>2026-09-06T07:24:32Z</time>
   </trkpt>
   <trkpt lat="22.7291900" lon="120.3284980">
    <ele>25.0</ele>
    <time>2026-09-06T07:24:33Z</time>
   </trkpt>
   <trkpt lat="22.7291990" lon="120.3285260">
    <ele>25.0</ele>
    <time>2026-09-06T07:24:34Z</time>
   </trkpt>
   <trkpt lat="22.7291760" lon="120.3284980">
    <ele>25.0</ele>
    <time>2026-09-06T07:24:35Z</time>
   </trkpt>
   <trkpt lat="22.7291520" lon="120.3284690">
    <ele>25.0</ele>
    <time>2026-09-06T07:24:36Z</time>
   </trkpt>
   <trkpt lat="22.7292020" lon="120.3285260">
    <ele>25.0</ele>
    <time>2026-09-06T07:24:37Z</time>
   </trkpt>
   <trkpt lat="22.7291970" lon="120.3285060">
    <ele>25.0</ele>
    <time>2026-09-06T07:24:38Z</time>
   </trkpt>
   <trkpt lat="22.7291930" lon="120.3284850">
    <ele>25.0</ele>
    <time>2026-09-06T07:24:39Z</time>
   </trkpt>
   <trkpt lat="22.7291940" lon="120.3284850">
    <ele>25.0</ele>
    <time>2026-09-06T07:24:40Z</time>
   </trkpt>
   <trkpt lat="22.7291810" lon="120.3284620">
    <ele>25.0</ele>
    <time>2026-09-06T07:24:41Z</time>
   </trkpt>
   <trkpt lat="22.7291770" lon="120.3284550">
    <ele>25.0</ele>
    <time>2026-09-06T07:24:42Z</time>
   </trkpt>
   <trkpt lat="22.7291480" lon="120.3284600">
    <ele>25.0</ele>
    <time>2026-09-06T07:24:43Z</time>
   </trkpt>
   <trkpt lat="22.7291620" lon="120.3284350">
    <ele>25.0</ele>
    <time>2026-09-06T07:24:44Z</time>
   </trkpt>
   <trkpt lat="22.7291480" lon="120.3284260">
    <ele>25.0</ele>
    <time>2026-09-06T07:24:45Z</time>
   </trkpt>
   <trkpt lat="22.7291480" lon="120.3284260">
    <ele>25.0</ele>
    <time>2026-09-06T07:24:46Z</time>
   </trkpt>
   <trkpt lat="22.7291480" lon="120.3284260">
    <ele>25.0</ele>
    <time>2026-09-06T07:24:47Z</time>
   </trkpt>
   <trkpt lat="22.7291480" lon="120.3284260">
    <ele>25.0</ele>
    <time>2026-09-06T07:24:48Z</time>
   </trkpt>
   <trkpt lat="22.7291480" lon="120.3284260">
    <ele>25.0</ele>
    <time>2026-09-06T07:24:49Z</time>
   </trkpt>
   <trkpt lat="22.7291320" lon="120.3284150">
    <ele>25.0</ele>
    <time>2026-09-06T07:24:50Z</time>
   </trkpt>
   <trkpt lat="22.7291320" lon="120.3284150">
    <ele>25.0</ele>
    <time>2026-09-06T07:24:51Z</time>
   </trkpt>
   <trkpt lat="22.7291320" lon="120.3284150">
    <ele>25.0</ele>
    <time>2026-09-06T07:24:52Z</time>
   </trkpt>
   <trkpt lat="22.7291180" lon="120.3284050">
    <ele>25.0</ele>
    <time>2026-09-06T07:24:53Z</time>
   </trkpt>
   <trkpt lat="22.7291150" lon="120.3284030">
    <ele>25.0</ele>
    <time>2026-09-06T07:24:54Z</time>
   </trkpt>
   <trkpt lat="22.7291120" lon="120.3284010">
    <ele>25.0</ele>
    <time>2026-09-06T07:24:55Z</time>
   </trkpt>
   <trkpt lat="22.7291090" lon="120.3283990">
    <ele>25.0</ele>
    <time>2026-09-06T07:24:56Z</time>
   </trkpt>
   <trkpt lat="22.7291060" lon="120.3283970">
    <ele>25.0</ele>
    <time>2026-09-06T07:24:57Z</time>
   </trkpt>
   <trkpt lat="22.7291030" lon="120.3283950">
    <ele>25.0</ele>
    <time>2026-09-06T07:24:58Z</time>
   </trkpt>
   <trkpt lat="22.7290880" lon="120.3283850">
    <ele>25.0</ele>
    <time>2026-09-06T07:25:03Z</time>
   </trkpt>
   <trkpt lat="22.7290850" lon="120.3283830">
    <ele>25.0</ele>
    <time>2026-09-06T07:25:04Z</time>
   </trkpt>
   <trkpt lat="22.7290820" lon="120.3283810">
    <ele>25.0</ele>
    <time>2026-09-06T07:25:05Z</time>
   </trkpt>
   <trkpt lat="22.7290590" lon="120.3283720">
    <ele>25.0</ele>
    <time>2026-09-06T07:25:06Z</time>
   </trkpt>
   <trkpt lat="22.7290680" lon="120.3283540">
    <ele>25.0</ele>
    <time>2026-09-06T07:25:07Z</time>
   </trkpt>
   <trkpt lat="22.7290680" lon="120.3283540">
    <ele>25.0</ele>
    <time>2026-09-06T07:25:08Z</time>
   </trkpt>
   <trkpt lat="22.7290680" lon="120.3283540">
    <ele>25.0</ele>
    <time>2026-09-06T07:25:09Z</time>
   </trkpt>
   <trkpt lat="22.7290900" lon="120.3283440">
    <ele>25.0</ele>
    <time>2026-09-06T07:25:10Z</time>
   </trkpt>
   <trkpt lat="22.7290900" lon="120.3283440">
    <ele>25.0</ele>
    <time>2026-09-06T07:25:11Z</time>
   </trkpt>
   <trkpt lat="22.7290900" lon="120.3283440">
    <ele>25.0</ele>
    <time>2026-09-06T07:25:12Z</time>
   </trkpt>
   <trkpt lat="22.7291120" lon="120.3283340">
    <ele>25.0</ele>
    <time>2026-09-06T07:25:13Z</time>
   </trkpt>
   <trkpt lat="22.7291180" lon="120.3283310">
    <ele>25.0</ele>
    <time>2026-09-06T07:25:14Z</time>
   </trkpt>
   <trkpt lat="22.7291230" lon="120.3283290">
    <ele>25.0</ele>
    <time>2026-09-06T07:25:15Z</time>
   </trkpt>
   <trkpt lat="22.7291290" lon="120.3283260">
    <ele>25.0</ele>
    <time>2026-09-06T07:25:16Z</time>
   </trkpt>
   <trkpt lat="22.7291340" lon="120.3283240">
    <ele>25.0</ele>
    <time>2026-09-06T07:25:17Z</time>
   </trkpt>
   <trkpt lat="22.7291400" lon="120.3283210">
    <ele>25.0</ele>
    <time>2026-09-06T07:25:18Z</time>
   </trkpt>
   <trkpt lat="22.7291450" lon="120.3283190">
    <ele>25.0</ele>
    <time>2026-09-06T07:25:19Z</time>
   </trkpt>
   <trkpt lat="22.7291510" lon="120.3283160">
    <ele>25.0</ele>
    <time>2026-09-06T07:25:20Z</time>
   </trkpt>
   <trkpt lat="22.7291520" lon="120.3283170">
    <ele>25.0</ele>
    <time>2026-09-06T07:25:21Z</time>
   </trkpt>
   <trkpt lat="22.7291530" lon="120.3283190">
    <ele>25.0</ele>
    <time>2026-09-06T07:25:22Z</time>
   </trkpt>
   <trkpt lat="22.7291530" lon="120.3283200">
    <ele>25.0</ele>
    <time>2026-09-06T07:25:23Z</time>
   </trkpt>
   <trkpt lat="22.7291770" lon="120.3283550">
    <ele>25.0</ele>
    <time>2026-09-06T07:25:51Z</time>
   </trkpt>
   <trkpt lat="22.7291780" lon="120.3283570">
    <ele>25.0</ele>
    <time>2026-09-06T07:25:52Z</time>
   </trkpt>
   <trkpt lat="22.7291780" lon="120.3283580">
    <ele>25.0</ele>
    <time>2026-09-06T07:25:53Z</time>
   </trkpt>
   <trkpt lat="22.7291790" lon="120.3283590">
    <ele>25.0</ele>
    <time>2026-09-06T07:25:54Z</time>
   </trkpt>
   <trkpt lat="22.7291800" lon="120.3283600">
    <ele>25.0</ele>
    <time>2026-09-06T07:25:55Z</time>
   </trkpt>
   <trkpt lat="22.7291810" lon="120.3283620">
    <ele>25.0</ele>
    <time>2026-09-06T07:25:56Z</time>
   </trkpt>
   <trkpt lat="22.7291820" lon="120.3283630">
    <ele>25.0</ele>
    <time>2026-09-06T07:25:57Z</time>
   </trkpt>
   <trkpt lat="22.7291820" lon="120.3283640">
    <ele>25.0</ele>
    <time>2026-09-06T07:25:58Z</time>
   </trkpt>
   <trkpt lat="22.7291830" lon="120.3283650">
    <ele>25.0</ele>
    <time>2026-09-06T07:25:59Z</time>
   </trkpt>
   <trkpt lat="22.7291840" lon="120.3283670">
    <ele>25.0</ele>
    <time>2026-09-06T07:26:00Z</time>
   </trkpt>
   <trkpt lat="22.7291870" lon="120.3283710">
    <ele>25.0</ele>
    <time>2026-09-06T07:26:01Z</time>
   </trkpt>
   <trkpt lat="22.7292010" lon="120.3283930">
    <ele>25.0</ele>
    <time>2026-09-06T07:26:06Z</time>
   </trkpt>
   <trkpt lat="22.7292040" lon="120.3283970">
    <ele>25.0</ele>
    <time>2026-09-06T07:26:07Z</time>
   </trkpt>
   <trkpt lat="22.7292070" lon="120.3284010">
    <ele>25.0</ele>
    <time>2026-09-06T07:26:08Z</time>
   </trkpt>
   <trkpt lat="22.7292090" lon="120.3284050">
    <ele>25.0</ele>
    <time>2026-09-06T07:26:09Z</time>
   </trkpt>
   <trkpt lat="22.7292120" lon="120.3284100">
    <ele>25.0</ele>
    <time>2026-09-06T07:26:10Z</time>
   </trkpt>
   <trkpt lat="22.7292150" lon="120.3284140">
    <ele>25.0</ele>
    <time>2026-09-06T07:26:11Z</time>
   </trkpt>
   <trkpt lat="22.7292180" lon="120.3284170">
    <ele>25.0</ele>
    <time>2026-09-06T07:26:12Z</time>
   </trkpt>
   <trkpt lat="22.7292220" lon="120.3284210">
    <ele>25.0</ele>
    <time>2026-09-06T07:26:13Z</time>
   </trkpt>
   <trkpt lat="22.7292260" lon="120.3284130">
    <ele>25.0</ele>
    <time>2026-09-06T07:26:14Z</time>
   </trkpt>
   <trkpt lat="22.7292310" lon="120.3284140">
    <ele>25.0</ele>
    <time>2026-09-06T07:26:15Z</time>
   </trkpt>
   <trkpt lat="22.7292410" lon="120.3284270">
    <ele>25.0</ele>
    <time>2026-09-06T07:26:16Z</time>
   </trkpt>
   <trkpt lat="22.7292220" lon="120.3284690">
    <ele>25.0</ele>
    <time>2026-09-06T07:26:20Z</time>
   </trkpt>
   <trkpt lat="22.7292200" lon="120.3284800">
    <ele>25.0</ele>
    <time>2026-09-06T07:26:21Z</time>
   </trkpt>
   <trkpt lat="22.7292130" lon="120.3284870">
    <ele>25.0</ele>
    <time>2026-09-06T07:26:22Z</time>
   </trkpt>
   <trkpt lat="22.7292130" lon="120.3284930">
    <ele>25.0</ele>
    <time>2026-09-06T07:26:23Z</time>
   </trkpt>
   <trkpt lat="22.7292030" lon="120.3285030">
    <ele>25.0</ele>
    <time>2026-09-06T07:26:24Z</time>
   </trkpt>
   <trkpt lat="22.7291980" lon="120.3285420">
    <ele>25.0</ele>
    <time>2026-09-06T07:26:25Z</time>
   </trkpt>
   <trkpt lat="22.7292140" lon="120.3285410">
    <ele>25.0</ele>
    <time>2026-09-06T07:26:26Z</time>
   </trkpt>
   <trkpt lat="22.7292180" lon="120.3285550">
    <ele>25.0</ele>
    <time>2026-09-06T07:26:27Z</time>
   </trkpt>
   <trkpt lat="22.7292230" lon="120.3285640">
    <ele>25.0</ele>
    <time>2026-09-06T07:26:28Z</time>
   </trkpt>
   <trkpt lat="22.7292310" lon="120.3285740">
    <ele>25.0</ele>
    <time>2026-09-06T07:26:29Z</time>
   </trkpt>
   <trkpt lat="22.7292380" lon="120.3285820">
    <ele>25.0</ele>
    <time>2026-09-06T07:26:31Z</time>
   </trkpt>
   <trkpt lat="22.7292420" lon="120.3285850">
    <ele>25.0</ele>
    <time>2026-09-06T07:26:32Z</time>
   </trkpt>
   <trkpt lat="22.7292440" lon="120.3285880">
    <ele>25.0</ele>
    <time>2026-09-06T07:26:33Z</time>
   </trkpt>
   <trkpt lat="22.7292430" lon="120.3285930">
    <ele>25.0</ele>
    <time>2026-09-06T07:26:34Z</time>
   </trkpt>
   <trkpt lat="22.7292400" lon="120.3285990">
    <ele>25.0</ele>
    <time>2026-09-06T07:26:35Z</time>
   </trkpt>
   <trkpt lat="22.7292300" lon="120.3285950">
    <ele>25.0</ele>
    <time>2026-09-06T07:26:36Z</time>
   </trkpt>
   <trkpt lat="22.7292260" lon="120.3285950">
    <ele>25.0</ele>
    <time>2026-09-06T07:26:37Z</time>
   </trkpt>
   <trkpt lat="22.7292250" lon="120.3285950">
    <ele>25.0</ele>
    <time>2026-09-06T07:26:38Z</time>
   </trkpt>
   <trkpt lat="22.7292300" lon="120.3285980">
    <ele>25.0</ele>
    <time>2026-09-06T07:26:39Z</time>
   </trkpt>
   <trkpt lat="22.7292300" lon="120.3286070">
    <ele>25.0</ele>
    <time>2026-09-06T07:26:40Z</time>
   </trkpt>
   <trkpt lat="22.7292280" lon="120.3286060">
    <ele>25.0</ele>
    <time>2026-09-06T07:26:41Z</time>
   </trkpt>
   <trkpt lat="22.7292240" lon="120.3286040">
    <ele>25.0</ele>
    <time>2026-09-06T07:26:42Z</time>
   </trkpt>
   <trkpt lat="22.7292210" lon="120.3286030">
    <ele>25.0</ele>
    <time>2026-09-06T07:26:43Z</time>
   </trkpt>
   <trkpt lat="22.7292220" lon="120.3286020">
    <ele>25.0</ele>
    <time>2026-09-06T07:26:44Z</time>
   </trkpt>
   <trkpt lat="22.7292320" lon="120.3286150">
    <ele>25.0</ele>
    <time>2026-09-06T07:26:45Z</time>
   </trkpt>
   <trkpt lat="22.7292400" lon="120.3286710">
    <ele>25.0</ele>
    <time>2026-09-06T07:26:48Z</time>
   </trkpt>
   <trkpt lat="22.7292420" lon="120.3286860">
    <ele>25.0</ele>
    <time>2026-09-06T07:26:49Z</time>
   </trkpt>
   <trkpt lat="22.7292440" lon="120.3286920">
    <ele>25.0</ele>
    <time>2026-09-06T07:26:50Z</time>
   </trkpt>
   <trkpt lat="22.7292350" lon="120.3286730">
    <ele>25.0</ele>
    <time>2026-09-06T07:26:51Z</time>
   </trkpt>
   <trkpt lat="22.7292270" lon="120.3286610">
    <ele>25.0</ele>
    <time>2026-09-06T07:26:52Z</time>
   </trkpt>
   <trkpt lat="22.7292170" lon="120.3286700">
    <ele>25.0</ele>
    <time>2026-09-06T07:26:53Z</time>
   </trkpt>
   <trkpt lat="22.7292030" lon="120.3286950">
    <ele>24.9</ele>
    <time>2026-09-06T07:26:54Z</time>
   </trkpt>
   <trkpt lat="22.7292040" lon="120.3287490">
    <ele>24.9</ele>
    <time>2026-09-06T07:26:55Z</time>
   </trkpt>
   <trkpt lat="22.7291950" lon="120.3287610">
    <ele>24.9</ele>
    <time>2026-09-06T07:26:56Z</time>
   </trkpt>
   <trkpt lat="22.7291880" lon="120.3287610">
    <ele>24.9</ele>
    <time>2026-09-06T07:26:57Z</time>
   </trkpt>
   <trkpt lat="22.7291880" lon="120.3287890">
    <ele>24.9</ele>
    <time>2026-09-06T07:26:58Z</time>
   </trkpt>
   <trkpt lat="22.7291830" lon="120.3287940">
    <ele>24.9</ele>
    <time>2026-09-06T07:26:59Z</time>
   </trkpt>
   <trkpt lat="22.7291780" lon="120.3287690">
    <ele>24.9</ele>
    <time>2026-09-06T07:27:00Z</time>
   </trkpt>
   <trkpt lat="22.7291730" lon="120.3287650">
    <ele>24.9</ele>
    <time>2026-09-06T07:27:01Z</time>
   </trkpt>
   <trkpt lat="22.7291660" lon="120.3287580">
    <ele>24.9</ele>
    <time>2026-09-06T07:27:02Z</time>
   </trkpt>
   <trkpt lat="22.7291650" lon="120.3287390">
    <ele>24.9</ele>
    <time>2026-09-06T07:27:03Z</time>
   </trkpt>
   <trkpt lat="22.7291740" lon="120.3287230">
    <ele>24.9</ele>
    <time>2026-09-06T07:27:04Z</time>
   </trkpt>
   <trkpt lat="22.7291840" lon="120.3286980">
    <ele>24.9</ele>
    <time>2026-09-06T07:27:05Z</time>
   </trkpt>
   <trkpt lat="22.7291820" lon="120.3286830">
    <ele>25.0</ele>
    <time>2026-09-06T07:27:06Z</time>
   </trkpt>
   <trkpt lat="22.7291900" lon="120.3286800">
    <ele>25.0</ele>
    <time>2026-09-06T07:27:07Z</time>
   </trkpt>
   <trkpt lat="22.7291990" lon="120.3286670">
    <ele>25.0</ele>
    <time>2026-09-06T07:27:08Z</time>
   </trkpt>
   <trkpt lat="22.7292020" lon="120.3286500">
    <ele>25.0</ele>
    <time>2026-09-06T07:27:09Z</time>
   </trkpt>
   <trkpt lat="22.7292040" lon="120.3286310">
    <ele>25.0</ele>
    <time>2026-09-06T07:27:10Z</time>
   </trkpt>
   <trkpt lat="22.7292090" lon="120.3286230">
    <ele>25.0</ele>
    <time>2026-09-06T07:27:11Z</time>
   </trkpt>
   <trkpt lat="22.7292130" lon="120.3286080">
    <ele>25.0</ele>
    <time>2026-09-06T07:27:12Z</time>
   </trkpt>
   <trkpt lat="22.7292270" lon="120.3285870">
    <ele>25.0</ele>
    <time>2026-09-06T07:27:13Z</time>
   </trkpt>
   <trkpt lat="22.7292290" lon="120.3285760">
    <ele>25.0</ele>
    <time>2026-09-06T07:27:14Z</time>
   </trkpt>
   <trkpt lat="22.7292440" lon="120.3285590">
    <ele>25.0</ele>
    <time>2026-09-06T07:27:15Z</time>
   </trkpt>
   <trkpt lat="22.7292520" lon="120.3285580">
    <ele>25.0</ele>
    <time>2026-09-06T07:27:16Z</time>
   </trkpt>
   <trkpt lat="22.7292650" lon="120.3285350">
    <ele>25.0</ele>
    <time>2026-09-06T07:27:17Z</time>
   </trkpt>
   <trkpt lat="22.7292730" lon="120.3285400">
    <ele>25.0</ele>
    <time>2026-09-06T07:27:18Z</time>
   </trkpt>
   <trkpt lat="22.7292810" lon="120.3285200">
    <ele>25.0</ele>
    <time>2026-09-06T07:27:19Z</time>
   </trkpt>
   <trkpt lat="22.7292910" lon="120.3285170">
    <ele>25.0</ele>
    <time>2026-09-06T07:27:20Z</time>
   </trkpt>
   <trkpt lat="22.7293040" lon="120.3285090">
    <ele>25.0</ele>
    <time>2026-09-06T07:27:21Z</time>
   </trkpt>
   <trkpt lat="22.7293170" lon="120.3284980">
    <ele>25.0</ele>
    <time>2026-09-06T07:27:22Z</time>
   </trkpt>
   <trkpt lat="22.7293340" lon="120.3284860">
    <ele>25.0</ele>
    <time>2026-09-06T07:27:23Z</time>
   </trkpt>
   <trkpt lat="22.7293240" lon="120.3284860">
    <ele>25.0</ele>
    <time>2026-09-06T07:27:24Z</time>
   </trkpt>
   <trkpt lat="22.7293260" lon="120.3284820">
    <ele>25.0</ele>
    <time>2026-09-06T07:27:25Z</time>
   </trkpt>
   <trkpt lat="22.7293320" lon="120.3284660">
    <ele>25.0</ele>
    <time>2026-09-06T07:27:26Z</time>
   </trkpt>
   <trkpt lat="22.7293230" lon="120.3284590">
    <ele>25.0</ele>
    <time>2026-09-06T07:27:27Z</time>
   </trkpt>
   <trkpt lat="22.7293290" lon="120.3284470">
    <ele>25.0</ele>
    <time>2026-09-06T07:27:28Z</time>
   </trkpt>
   <trkpt lat="22.7293410" lon="120.3284300">
    <ele>25.0</ele>
    <time>2026-09-06T07:27:29Z</time>
   </trkpt>
   <trkpt lat="22.7293560" lon="120.3284180">
    <ele>25.0</ele>
    <time>2026-09-06T07:27:30Z</time>
   </trkpt>
   <trkpt lat="22.7293600" lon="120.3283950">
    <ele>25.0</ele>
    <time>2026-09-06T07:27:31Z</time>
   </trkpt>
   <trkpt lat="22.7293630" lon="120.3283800">
    <ele>25.0</ele>
    <time>2026-09-06T07:27:32Z</time>
   </trkpt>
   <trkpt lat="22.7293640" lon="120.3283860">
    <ele>25.0</ele>
    <time>2026-09-06T07:27:33Z</time>
   </trkpt>
   <trkpt lat="22.7293620" lon="120.3283800">
    <ele>25.0</ele>
    <time>2026-09-06T07:27:34Z</time>
   </trkpt>
   <trkpt lat="22.7293620" lon="120.3283680">
    <ele>25.0</ele>
    <time>2026-09-06T07:27:35Z</time>
   </trkpt>
   <trkpt lat="22.7293800" lon="120.3283680">
    <ele>25.0</ele>
    <time>2026-09-06T07:27:36Z</time>
   </trkpt>
   <trkpt lat="22.7293920" lon="120.3283670">
    <ele>25.0</ele>
    <time>2026-09-06T07:27:37Z</time>
   </trkpt>
   <trkpt lat="22.7294030" lon="120.3283720">
    <ele>25.0</ele>
    <time>2026-09-06T07:27:38Z</time>
   </trkpt>
   <trkpt lat="22.7294020" lon="120.3283720">
    <ele>25.0</ele>
    <time>2026-09-06T07:27:39Z</time>
   </trkpt>
   <trkpt lat="22.7294080" lon="120.3283720">
    <ele>25.0</ele>
    <time>2026-09-06T07:27:40Z</time>
   </trkpt>
   <trkpt lat="22.7294160" lon="120.3283490">
    <ele>25.0</ele>
    <time>2026-09-06T07:27:41Z</time>
   </trkpt>
   <trkpt lat="22.7294250" lon="120.3283440">
    <ele>25.0</ele>
    <time>2026-09-06T07:27:42Z</time>
   </trkpt>
   <trkpt lat="22.7294260" lon="120.3283350">
    <ele>25.0</ele>
    <time>2026-09-06T07:27:43Z</time>
   </trkpt>
   <trkpt lat="22.7294360" lon="120.3283340">
    <ele>25.0</ele>
    <time>2026-09-06T07:27:44Z</time>
   </trkpt>
   <trkpt lat="22.7294480" lon="120.3283230">
    <ele>25.0</ele>
    <time>2026-09-06T07:27:45Z</time>
   </trkpt>
   <trkpt lat="22.7294620" lon="120.3283110">
    <ele>25.0</ele>
    <time>2026-09-06T07:27:46Z</time>
   </trkpt>
   <trkpt lat="22.7294800" lon="120.3283060">
    <ele>25.0</ele>
    <time>2026-09-06T07:27:47Z</time>
   </trkpt>
   <trkpt lat="22.7294940" lon="120.3282960">
    <ele>25.0</ele>
    <time>2026-09-06T07:27:48Z</time>
   </trkpt>
   <trkpt lat="22.7295010" lon="120.3282830">
    <ele>25.0</ele>
    <time>2026-09-06T07:27:49Z</time>
   </trkpt>
   <trkpt lat="22.7295050" lon="120.3282810">
    <ele>25.0</ele>
    <time>2026-09-06T07:27:50Z</time>
   </trkpt>
   <trkpt lat="22.7295090" lon="120.3282740">
    <ele>25.0</ele>
    <time>2026-09-06T07:27:51Z</time>
   </trkpt>
   <trkpt lat="22.7294880" lon="120.3282620">
    <ele>24.5</ele>
    <time>2026-09-06T07:27:52Z</time>
   </trkpt>
   <trkpt lat="22.7294770" lon="120.3282690">
    <ele>24.4</ele>
    <time>2026-09-06T07:27:53Z</time>
   </trkpt>
   <trkpt lat="22.7294650" lon="120.3282610">
    <ele>24.3</ele>
    <time>2026-09-06T07:27:54Z</time>
   </trkpt>
   <trkpt lat="22.7294630" lon="120.3282520">
    <ele>24.3</ele>
    <time>2026-09-06T07:27:55Z</time>
   </trkpt>
   <trkpt lat="22.7294640" lon="120.3282390">
    <ele>24.2</ele>
    <time>2026-09-06T07:27:56Z</time>
   </trkpt>
   <trkpt lat="22.7294620" lon="120.3282290">
    <ele>24.1</ele>
    <time>2026-09-06T07:27:57Z</time>
   </trkpt>
   <trkpt lat="22.7294660" lon="120.3282240">
    <ele>24.1</ele>
    <time>2026-09-06T07:27:58Z</time>
   </trkpt>
   <trkpt lat="22.7294610" lon="120.3282180">
    <ele>24.0</ele>
    <time>2026-09-06T07:27:59Z</time>
   </trkpt>
   <trkpt lat="22.7294530" lon="120.3282070">
    <ele>23.9</ele>
    <time>2026-09-06T07:28:00Z</time>
   </trkpt>
   <trkpt lat="22.7294440" lon="120.3281980">
    <ele>23.9</ele>
    <time>2026-09-06T07:28:01Z</time>
   </trkpt>
   <trkpt lat="22.7294360" lon="120.3281980">
    <ele>23.8</ele>
    <time>2026-09-06T07:28:02Z</time>
   </trkpt>
   <trkpt lat="22.7294280" lon="120.3281910">
    <ele>23.7</ele>
    <time>2026-09-06T07:28:03Z</time>
   </trkpt>
   <trkpt lat="22.7294240" lon="120.3281880">
    <ele>23.7</ele>
    <time>2026-09-06T07:28:04Z</time>
   </trkpt>
   <trkpt lat="22.7294170" lon="120.3281790">
    <ele>23.6</ele>
    <time>2026-09-06T07:28:05Z</time>
   </trkpt>
   <trkpt lat="22.7294100" lon="120.3281660">
    <ele>23.5</ele>
    <time>2026-09-06T07:28:06Z</time>
   </trkpt>
   <trkpt lat="22.7294060" lon="120.3281530">
    <ele>23.4</ele>
    <time>2026-09-06T07:28:07Z</time>
   </trkpt>
   <trkpt lat="22.7293970" lon="120.3281350">
    <ele>23.3</ele>
    <time>2026-09-06T07:28:08Z</time>
   </trkpt>
   <trkpt lat="22.7293920" lon="120.3281210">
    <ele>23.2</ele>
    <time>2026-09-06T07:28:09Z</time>
   </trkpt>
   <trkpt lat="22.7293830" lon="120.3281110">
    <ele>23.1</ele>
    <time>2026-09-06T07:28:10Z</time>
   </trkpt>
   <trkpt lat="22.7293800" lon="120.3280990">
    <ele>23.1</ele>
    <time>2026-09-06T07:28:11Z</time>
   </trkpt>
   <trkpt lat="22.7293750" lon="120.3280830">
    <ele>23.0</ele>
    <time>2026-09-06T07:28:12Z</time>
   </trkpt>
   <trkpt lat="22.7293810" lon="120.3280670">
    <ele>22.8</ele>
    <time>2026-09-06T07:28:13Z</time>
   </trkpt>
   <trkpt lat="22.7293700" lon="120.3280430">
    <ele>22.7</ele>
    <time>2026-09-06T07:28:14Z</time>
   </trkpt>
   <trkpt lat="22.7293680" lon="120.3280370">
    <ele>22.6</ele>
    <time>2026-09-06T07:28:15Z</time>
   </trkpt>
   <trkpt lat="22.7293680" lon="120.3280280">
    <ele>22.6</ele>
    <time>2026-09-06T07:28:16Z</time>
   </trkpt>
   <trkpt lat="22.7293650" lon="120.3280270">
    <ele>22.6</ele>
    <time>2026-09-06T07:28:17Z</time>
   </trkpt>
   <trkpt lat="22.7293620" lon="120.3280170">
    <ele>22.5</ele>
    <time>2026-09-06T07:28:18Z</time>
   </trkpt>
   <trkpt lat="22.7293520" lon="120.3279980">
    <ele>22.4</ele>
    <time>2026-09-06T07:28:19Z</time>
   </trkpt>
   <trkpt lat="22.7293390" lon="120.3279900">
    <ele>22.3</ele>
    <time>2026-09-06T07:28:21Z</time>
   </trkpt>
   <trkpt lat="22.7293280" lon="120.3279760">
    <ele>22.2</ele>
    <time>2026-09-06T07:28:22Z</time>
   </trkpt>
   <trkpt lat="22.7293250" lon="120.3279600">
    <ele>22.0</ele>
    <time>2026-09-06T07:28:23Z</time>
   </trkpt>
   <trkpt lat="22.7293400" lon="120.3279430">
    <ele>22.0</ele>
    <time>2026-09-06T07:28:24Z</time>
   </trkpt>
   <trkpt lat="22.7293500" lon="120.3279270">
    <ele>22.0</ele>
    <time>2026-09-06T07:28:25Z</time>
   </trkpt>
   <trkpt lat="22.7293710" lon="120.3279210">
    <ele>21.9</ele>
    <time>2026-09-06T07:28:26Z</time>
   </trkpt>
   <trkpt lat="22.7293800" lon="120.3279230">
    <ele>21.9</ele>
    <time>2026-09-06T07:28:27Z</time>
   </trkpt>
   <trkpt lat="22.7293970" lon="120.3279140">
    <ele>21.9</ele>
    <time>2026-09-06T07:28:28Z</time>
   </trkpt>
   <trkpt lat="22.7294020" lon="120.3279080">
    <ele>21.9</ele>
    <time>2026-09-06T07:28:29Z</time>
   </trkpt>
   <trkpt lat="22.7294180" lon="120.3278960">
    <ele>21.9</ele>
    <time>2026-09-06T07:28:30Z</time>
   </trkpt>
   <trkpt lat="22.7294350" lon="120.3278820">
    <ele>21.8</ele>
    <time>2026-09-06T07:28:31Z</time>
   </trkpt>
   <trkpt lat="22.7294470" lon="120.3278730">
    <ele>21.8</ele>
    <time>2026-09-06T07:28:32Z</time>
   </trkpt>
   <trkpt lat="22.7294590" lon="120.3278660">
    <ele>21.8</ele>
    <time>2026-09-06T07:28:33Z</time>
   </trkpt>
   <trkpt lat="22.7294640" lon="120.3278540">
    <ele>21.8</ele>
    <time>2026-09-06T07:28:34Z</time>
   </trkpt>
   <trkpt lat="22.7294710" lon="120.3278480">
    <ele>21.8</ele>
    <time>2026-09-06T07:28:35Z</time>
   </trkpt>
   <trkpt lat="22.7294730" lon="120.3278590">
    <ele>21.8</ele>
    <time>2026-09-06T07:28:36Z</time>
   </trkpt>
   <trkpt lat="22.7294900" lon="120.3278500">
    <ele>21.7</ele>
    <time>2026-09-06T07:28:37Z</time>
   </trkpt>
   <trkpt lat="22.7295080" lon="120.3278430">
    <ele>21.7</ele>
    <time>2026-09-06T07:28:38Z</time>
   </trkpt>
   <trkpt lat="22.7295210" lon="120.3278390">
    <ele>21.7</ele>
    <time>2026-09-06T07:28:39Z</time>
   </trkpt>
   <trkpt lat="22.7295360" lon="120.3278490">
    <ele>21.6</ele>
    <time>2026-09-06T07:28:40Z</time>
   </trkpt>
   <trkpt lat="22.7295450" lon="120.3278560">
    <ele>21.6</ele>
    <time>2026-09-06T07:28:41Z</time>
   </trkpt>
   <trkpt lat="22.7295310" lon="120.3278470">
    <ele>21.6</ele>
    <time>2026-09-06T07:28:42Z</time>
   </trkpt>
   <trkpt lat="22.7295310" lon="120.3278500">
    <ele>21.6</ele>
    <time>2026-09-06T07:28:43Z</time>
   </trkpt>
   <trkpt lat="22.7295410" lon="120.3278520">
    <ele>21.6</ele>
    <time>2026-09-06T07:28:44Z</time>
   </trkpt>
   <trkpt lat="22.7295140" lon="120.3278540">
    <ele>21.6</ele>
    <time>2026-09-06T07:28:45Z</time>
   </trkpt>
   <trkpt lat="22.7295180" lon="120.3278510">
    <ele>21.5</ele>
    <time>2026-09-06T07:28:46Z</time>
   </trkpt>
   <trkpt lat="22.7295250" lon="120.3278520">
    <ele>21.5</ele>
    <time>2026-09-06T07:28:47Z</time>
   </trkpt>
   <trkpt lat="22.7295390" lon="120.3278450">
    <ele>21.5</ele>
    <time>2026-09-06T07:28:48Z</time>
   </trkpt>
   <trkpt lat="22.7295530" lon="120.3278510">
    <ele>21.5</ele>
    <time>2026-09-06T07:28:49Z</time>
   </trkpt>
   <trkpt lat="22.7295680" lon="120.3278520">
    <ele>21.5</ele>
    <time>2026-09-06T07:28:50Z</time>
   </trkpt>
   <trkpt lat="22.7295880" lon="120.3278560">
    <ele>21.4</ele>
    <time>2026-09-06T07:28:51Z</time>
   </trkpt>
   <trkpt lat="22.7295950" lon="120.3278480">
    <ele>21.4</ele>
    <time>2026-09-06T07:28:52Z</time>
   </trkpt>
   <trkpt lat="22.7296140" lon="120.3278570">
    <ele>21.4</ele>
    <time>2026-09-06T07:28:53Z</time>
   </trkpt>
   <trkpt lat="22.7296280" lon="120.3278510">
    <ele>21.4</ele>
    <time>2026-09-06T07:28:54Z</time>
   </trkpt>
   <trkpt lat="22.7296440" lon="120.3278460">
    <ele>21.3</ele>
    <time>2026-09-06T07:28:55Z</time>
   </trkpt>
   <trkpt lat="22.7296530" lon="120.3278440">
    <ele>21.3</ele>
    <time>2026-09-06T07:28:56Z</time>
   </trkpt>
   <trkpt lat="22.7296630" lon="120.3278440">
    <ele>21.3</ele>
    <time>2026-09-06T07:28:57Z</time>
   </trkpt>
   <trkpt lat="22.7296740" lon="120.3278420">
    <ele>21.3</ele>
    <time>2026-09-06T07:28:58Z</time>
   </trkpt>
   <trkpt lat="22.7296850" lon="120.3278390">
    <ele>21.3</ele>
    <time>2026-09-06T07:28:59Z</time>
   </trkpt>
   <trkpt lat="22.7296980" lon="120.3278430">
    <ele>21.3</ele>
    <time>2026-09-06T07:29:00Z</time>
   </trkpt>
   <trkpt lat="22.7297170" lon="120.3278550">
    <ele>21.2</ele>
    <time>2026-09-06T07:29:01Z</time>
   </trkpt>
   <trkpt lat="22.7297320" lon="120.3278530">
    <ele>21.2</ele>
    <time>2026-09-06T07:29:02Z</time>
   </trkpt>
   <trkpt lat="22.7297450" lon="120.3278580">
    <ele>21.2</ele>
    <time>2026-09-06T07:29:03Z</time>
   </trkpt>
   <trkpt lat="22.7297530" lon="120.3278610">
    <ele>21.2</ele>
    <time>2026-09-06T07:29:04Z</time>
   </trkpt>
   <trkpt lat="22.7297650" lon="120.3278520">
    <ele>21.2</ele>
    <time>2026-09-06T07:29:05Z</time>
   </trkpt>
   <trkpt lat="22.7297780" lon="120.3278460">
    <ele>21.1</ele>
    <time>2026-09-06T07:29:06Z</time>
   </trkpt>
   <trkpt lat="22.7297910" lon="120.3278440">
    <ele>21.1</ele>
    <time>2026-09-06T07:29:07Z</time>
   </trkpt>
   <trkpt lat="22.7298030" lon="120.3278540">
    <ele>21.1</ele>
    <time>2026-09-06T07:29:08Z</time>
   </trkpt>
   <trkpt lat="22.7298200" lon="120.3278600">
    <ele>21.1</ele>
    <time>2026-09-06T07:29:09Z</time>
   </trkpt>
   <trkpt lat="22.7298290" lon="120.3278680">
    <ele>21.1</ele>
    <time>2026-09-06T07:29:10Z</time>
   </trkpt>
   <trkpt lat="22.7298330" lon="120.3278510">
    <ele>21.0</ele>
    <time>2026-09-06T07:29:11Z</time>
   </trkpt>
   <trkpt lat="22.7298410" lon="120.3278440">
    <ele>21.0</ele>
    <time>2026-09-06T07:29:12Z</time>
   </trkpt>
   <trkpt lat="22.7298370" lon="120.3278480">
    <ele>21.0</ele>
    <time>2026-09-06T07:29:13Z</time>
   </trkpt>
   <trkpt lat="22.7298240" lon="120.3278570">
    <ele>21.0</ele>
    <time>2026-09-06T07:29:14Z</time>
   </trkpt>
   <trkpt lat="22.7298090" lon="120.3278640">
    <ele>21.0</ele>
    <time>2026-09-06T07:29:15Z</time>
   </trkpt>
   <trkpt lat="22.7298030" lon="120.3278640">
    <ele>21.0</ele>
    <time>2026-09-06T07:29:16Z</time>
   </trkpt>
   <trkpt lat="22.7298190" lon="120.3278790">
    <ele>21.0</ele>
    <time>2026-09-06T07:29:17Z</time>
   </trkpt>
   <trkpt lat="22.7298160" lon="120.3278850">
    <ele>21.0</ele>
    <time>2026-09-06T07:29:18Z</time>
   </trkpt>
   <trkpt lat="22.7298060" lon="120.3278840">
    <ele>20.9</ele>
    <time>2026-09-06T07:29:19Z</time>
   </trkpt>
   <trkpt lat="22.7298030" lon="120.3278700">
    <ele>20.9</ele>
    <time>2026-09-06T07:29:20Z</time>
   </trkpt>
   <trkpt lat="22.7298150" lon="120.3278850">
    <ele>20.9</ele>
    <time>2026-09-06T07:29:21Z</time>
   </trkpt>
   <trkpt lat="22.7298240" lon="120.3278950">
    <ele>20.9</ele>
    <time>2026-09-06T07:29:22Z</time>
   </trkpt>
   <trkpt lat="22.7298270" lon="120.3278900">
    <ele>20.9</ele>
    <time>2026-09-06T07:29:23Z</time>
   </trkpt>
   <trkpt lat="22.7298260" lon="120.3278830">
    <ele>20.9</ele>
    <time>2026-09-06T07:29:24Z</time>
   </trkpt>
   <trkpt lat="22.7298270" lon="120.3278840">
    <ele>20.9</ele>
    <time>2026-09-06T07:29:25Z</time>
   </trkpt>
   <trkpt lat="22.7298270" lon="120.3278830">
    <ele>20.9</ele>
    <time>2026-09-06T07:29:26Z</time>
   </trkpt>
   <trkpt lat="22.7298270" lon="120.3278820">
    <ele>20.9</ele>
    <time>2026-09-06T07:29:27Z</time>
   </trkpt>
   <trkpt lat="22.7298270" lon="120.3278820">
    <ele>20.9</ele>
    <time>2026-09-06T07:29:28Z</time>
   </trkpt>
   <trkpt lat="22.7298270" lon="120.3278820">
    <ele>20.9</ele>
    <time>2026-09-06T07:29:29Z</time>
   </trkpt>
   <trkpt lat="22.7298260" lon="120.3279050">
    <ele>20.9</ele>
    <time>2026-09-06T07:29:30Z</time>
   </trkpt>
   <trkpt lat="22.7298260" lon="120.3279050">
    <ele>20.9</ele>
    <time>2026-09-06T07:29:31Z</time>
   </trkpt>
   <trkpt lat="22.7298780" lon="120.3278380">
    <ele>20.8</ele>
    <time>2026-09-06T07:30:18Z</time>
   </trkpt>
   <trkpt lat="22.7298430" lon="120.3278410">
    <ele>20.7</ele>
    <time>2026-09-06T07:30:19Z</time>
   </trkpt>
   <trkpt lat="22.7298410" lon="120.3278420">
    <ele>20.7</ele>
    <time>2026-09-06T07:30:20Z</time>
   </trkpt>
   <trkpt lat="22.7298250" lon="120.3278260">
    <ele>20.7</ele>
    <time>2026-09-06T07:30:21Z</time>
   </trkpt>
   <trkpt lat="22.7298620" lon="120.3278340">
    <ele>20.7</ele>
    <time>2026-09-06T07:30:22Z</time>
   </trkpt>
   <trkpt lat="22.7298550" lon="120.3278110">
    <ele>20.7</ele>
    <time>2026-09-06T07:30:23Z</time>
   </trkpt>
   <trkpt lat="22.7298760" lon="120.3278200">
    <ele>20.6</ele>
    <time>2026-09-06T07:30:24Z</time>
   </trkpt>
   <trkpt lat="22.7298670" lon="120.3278280">
    <ele>20.6</ele>
    <time>2026-09-06T07:30:25Z</time>
   </trkpt>
   <trkpt lat="22.7298700" lon="120.3278430">
    <ele>20.6</ele>
    <time>2026-09-06T07:30:26Z</time>
   </trkpt>
   <trkpt lat="22.7298920" lon="120.3278330">
    <ele>20.6</ele>
    <time>2026-09-06T07:30:27Z</time>
   </trkpt>
   <trkpt lat="22.7299050" lon="120.3278320">
    <ele>20.6</ele>
    <time>2026-09-06T07:30:28Z</time>
   </trkpt>
   <trkpt lat="22.7299140" lon="120.3278090">
    <ele>20.5</ele>
    <time>2026-09-06T07:30:29Z</time>
   </trkpt>
   <trkpt lat="22.7299050" lon="120.3278200">
    <ele>20.5</ele>
    <time>2026-09-06T07:30:30Z</time>
   </trkpt>
   <trkpt lat="22.7299040" lon="120.3278280">
    <ele>20.5</ele>
    <time>2026-09-06T07:30:31Z</time>
   </trkpt>
   <trkpt lat="22.7299180" lon="120.3278180">
    <ele>20.5</ele>
    <time>2026-09-06T07:30:32Z</time>
   </trkpt>
   <trkpt lat="22.7299280" lon="120.3278160">
    <ele>20.5</ele>
    <time>2026-09-06T07:30:33Z</time>
   </trkpt>
   <trkpt lat="22.7299340" lon="120.3277970">
    <ele>20.5</ele>
    <time>2026-09-06T07:30:34Z</time>
   </trkpt>
   <trkpt lat="22.7299540" lon="120.3277900">
    <ele>20.5</ele>
    <time>2026-09-06T07:30:35Z</time>
   </trkpt>
   <trkpt lat="22.7299710" lon="120.3277850">
    <ele>20.4</ele>
    <time>2026-09-06T07:30:36Z</time>
   </trkpt>
   <trkpt lat="22.7299870" lon="120.3277800">
    <ele>20.4</ele>
    <time>2026-09-06T07:30:37Z</time>
   </trkpt>
   <trkpt lat="22.7299570" lon="120.3277930">
    <ele>20.4</ele>
    <time>2026-09-06T07:30:38Z</time>
   </trkpt>
   <trkpt lat="22.7299260" lon="120.3278050">
    <ele>20.4</ele>
    <time>2026-09-06T07:30:39Z</time>
   </trkpt>
   <trkpt lat="22.7299340" lon="120.3278000">
    <ele>20.3</ele>
    <time>2026-09-06T07:30:40Z</time>
   </trkpt>
   <trkpt lat="22.7299440" lon="120.3277910">
    <ele>20.3</ele>
    <time>2026-09-06T07:30:41Z</time>
   </trkpt>
   <trkpt lat="22.7299610" lon="120.3278190">
    <ele>20.3</ele>
    <time>2026-09-06T07:30:42Z</time>
   </trkpt>
   <trkpt lat="22.7299790" lon="120.3278180">
    <ele>20.3</ele>
    <time>2026-09-06T07:30:43Z</time>
   </trkpt>
   <trkpt lat="22.7299960" lon="120.3278150">
    <ele>20.3</ele>
    <time>2026-09-06T07:30:44Z</time>
   </trkpt>
   <trkpt lat="22.7300110" lon="120.3278120">
    <ele>20.2</ele>
    <time>2026-09-06T07:30:45Z</time>
   </trkpt>
   <trkpt lat="22.7300270" lon="120.3278010">
    <ele>20.2</ele>
    <time>2026-09-06T07:30:46Z</time>
   </trkpt>
   <trkpt lat="22.7300400" lon="120.3278030">
    <ele>20.2</ele>
    <time>2026-09-06T07:30:47Z</time>
   </trkpt>
   <trkpt lat="22.7300540" lon="120.3278180">
    <ele>20.2</ele>
    <time>2026-09-06T07:30:48Z</time>
   </trkpt>
   <trkpt lat="22.7300620" lon="120.3278180">
    <ele>20.2</ele>
    <time>2026-09-06T07:30:49Z</time>
   </trkpt>
   <trkpt lat="22.7300670" lon="120.3278160">
    <ele>20.2</ele>
    <time>2026-09-06T07:30:50Z</time>
   </trkpt>
   <trkpt lat="22.7300860" lon="120.3278010">
    <ele>20.2</ele>
    <time>2026-09-06T07:30:51Z</time>
   </trkpt>
   <trkpt lat="22.7301000" lon="120.3277910">
    <ele>20.2</ele>
    <time>2026-09-06T07:30:52Z</time>
   </trkpt>
   <trkpt lat="22.7301060" lon="120.3277670">
    <ele>20.2</ele>
    <time>2026-09-06T07:30:53Z</time>
   </trkpt>
   <trkpt lat="22.7301090" lon="120.3277530">
    <ele>20.2</ele>
    <time>2026-09-06T07:30:54Z</time>
   </trkpt>
   <trkpt lat="22.7301150" lon="120.3277440">
    <ele>20.2</ele>
    <time>2026-09-06T07:30:55Z</time>
   </trkpt>
   <trkpt lat="22.7301190" lon="120.3277410">
    <ele>20.2</ele>
    <time>2026-09-06T07:30:56Z</time>
   </trkpt>
   <trkpt lat="22.7301320" lon="120.3277400">
    <ele>20.3</ele>
    <time>2026-09-06T07:30:57Z</time>
   </trkpt>
   <trkpt lat="22.7301410" lon="120.3277430">
    <ele>20.3</ele>
    <time>2026-09-06T07:30:58Z</time>
   </trkpt>
   <trkpt lat="22.7301550" lon="120.3277430">
    <ele>20.3</ele>
    <time>2026-09-06T07:30:59Z</time>
   </trkpt>
   <trkpt lat="22.7301650" lon="120.3277450">
    <ele>20.3</ele>
    <time>2026-09-06T07:31:00Z</time>
   </trkpt>
   <trkpt lat="22.7301770" lon="120.3277540">
    <ele>20.3</ele>
    <time>2026-09-06T07:31:01Z</time>
   </trkpt>
   <trkpt lat="22.7301970" lon="120.3277660">
    <ele>20.3</ele>
    <time>2026-09-06T07:31:02Z</time>
   </trkpt>
   <trkpt lat="22.7302070" lon="120.3277790">
    <ele>20.3</ele>
    <time>2026-09-06T07:31:03Z</time>
   </trkpt>
   <trkpt lat="22.7302120" lon="120.3277730">
    <ele>20.3</ele>
    <time>2026-09-06T07:31:04Z</time>
   </trkpt>
   <trkpt lat="22.7302180" lon="120.3277580">
    <ele>20.3</ele>
    <time>2026-09-06T07:31:05Z</time>
   </trkpt>
   <trkpt lat="22.7302280" lon="120.3277540">
    <ele>20.3</ele>
    <time>2026-09-06T07:31:06Z</time>
   </trkpt>
   <trkpt lat="22.7302440" lon="120.3277670">
    <ele>20.4</ele>
    <time>2026-09-06T07:31:07Z</time>
   </trkpt>
   <trkpt lat="22.7302610" lon="120.3277730">
    <ele>20.4</ele>
    <time>2026-09-06T07:31:08Z</time>
   </trkpt>
   <trkpt lat="22.7302660" lon="120.3277640">
    <ele>20.4</ele>
    <time>2026-09-06T07:31:09Z</time>
   </trkpt>
   <trkpt lat="22.7302810" lon="120.3277820">
    <ele>20.4</ele>
    <time>2026-09-06T07:31:10Z</time>
   </trkpt>
   <trkpt lat="22.7302970" lon="120.3277750">
    <ele>20.4</ele>
    <time>2026-09-06T07:31:11Z</time>
   </trkpt>
   <trkpt lat="22.7303100" lon="120.3277540">
    <ele>20.4</ele>
    <time>2026-09-06T07:31:12Z</time>
   </trkpt>
   <trkpt lat="22.7303200" lon="120.3277480">
    <ele>20.4</ele>
    <time>2026-09-06T07:31:13Z</time>
   </trkpt>
   <trkpt lat="22.7303250" lon="120.3277440">
    <ele>20.5</ele>
    <time>2026-09-06T07:31:14Z</time>
   </trkpt>
   <trkpt lat="22.7303380" lon="120.3277450">
    <ele>20.5</ele>
    <time>2026-09-06T07:31:15Z</time>
   </trkpt>
   <trkpt lat="22.7303420" lon="120.3277400">
    <ele>20.5</ele>
    <time>2026-09-06T07:31:16Z</time>
   </trkpt>
   <trkpt lat="22.7303360" lon="120.3277340">
    <ele>20.5</ele>
    <time>2026-09-06T07:31:17Z</time>
   </trkpt>
   <trkpt lat="22.7303380" lon="120.3277190">
    <ele>20.5</ele>
    <time>2026-09-06T07:31:18Z</time>
   </trkpt>
   <trkpt lat="22.7303350" lon="120.3277150">
    <ele>20.5</ele>
    <time>2026-09-06T07:31:19Z</time>
   </trkpt>
   <trkpt lat="22.7303360" lon="120.3277100">
    <ele>20.5</ele>
    <time>2026-09-06T07:31:20Z</time>
   </trkpt>
   <trkpt lat="22.7303380" lon="120.3277120">
    <ele>20.5</ele>
    <time>2026-09-06T07:31:21Z</time>
   </trkpt>
   <trkpt lat="22.7303420" lon="120.3277090">
    <ele>20.5</ele>
    <time>2026-09-06T07:31:22Z</time>
   </trkpt>
   <trkpt lat="22.7303470" lon="120.3277050">
    <ele>20.5</ele>
    <time>2026-09-06T07:31:23Z</time>
   </trkpt>
   <trkpt lat="22.7303610" lon="120.3277200">
    <ele>20.3</ele>
    <time>2026-09-06T07:31:24Z</time>
   </trkpt>
   <trkpt lat="22.7303680" lon="120.3277390">
    <ele>20.3</ele>
    <time>2026-09-06T07:31:25Z</time>
   </trkpt>
   <trkpt lat="22.7304000" lon="120.3278090">
    <ele>20.2</ele>
    <time>2026-09-06T07:31:51Z</time>
   </trkpt>
   <trkpt lat="22.7304270" lon="120.3278250">
    <ele>20.1</ele>
    <time>2026-09-06T07:31:52Z</time>
   </trkpt>
   <trkpt lat="22.7304340" lon="120.3278380">
    <ele>20.4</ele>
    <time>2026-09-06T07:31:53Z</time>
   </trkpt>
   <trkpt lat="22.7304330" lon="120.3278360">
    <ele>20.3</ele>
    <time>2026-09-06T07:31:54Z</time>
   </trkpt>
   <trkpt lat="22.7304430" lon="120.3278400">
    <ele>20.3</ele>
    <time>2026-09-06T07:31:55Z</time>
   </trkpt>
   <trkpt lat="22.7304370" lon="120.3278410">
    <ele>20.3</ele>
    <time>2026-09-06T07:31:56Z</time>
   </trkpt>
   <trkpt lat="22.7304260" lon="120.3278370">
    <ele>19.9</ele>
    <time>2026-09-06T07:31:57Z</time>
   </trkpt>
   <trkpt lat="22.7304310" lon="120.3278380">
    <ele>19.9</ele>
    <time>2026-09-06T07:31:58Z</time>
   </trkpt>
   <trkpt lat="22.7304700" lon="120.3278450">
    <ele>20.2</ele>
    <time>2026-09-06T07:31:59Z</time>
   </trkpt>
   <trkpt lat="22.7305050" lon="120.3278510">
    <ele>20.3</ele>
    <time>2026-09-06T07:32:00Z</time>
   </trkpt>
   <trkpt lat="22.7305130" lon="120.3278410">
    <ele>20.4</ele>
    <time>2026-09-06T07:32:01Z</time>
   </trkpt>
   <trkpt lat="22.7305270" lon="120.3278420">
    <ele>20.3</ele>
    <time>2026-09-06T07:32:02Z</time>
   </trkpt>
   <trkpt lat="22.7305710" lon="120.3278500">
    <ele>20.2</ele>
    <time>2026-09-06T07:32:03Z</time>
   </trkpt>
   <trkpt lat="22.7306170" lon="120.3278550">
    <ele>19.9</ele>
    <time>2026-09-06T07:32:04Z</time>
   </trkpt>
   <trkpt lat="22.7306010" lon="120.3278580">
    <ele>19.9</ele>
    <time>2026-09-06T07:32:05Z</time>
   </trkpt>
   <trkpt lat="22.7305750" lon="120.3278500">
    <ele>20.1</ele>
    <time>2026-09-06T07:32:06Z</time>
   </trkpt>
   <trkpt lat="22.7305530" lon="120.3278160">
    <ele>20.0</ele>
    <time>2026-09-06T07:32:07Z</time>
   </trkpt>
   <trkpt lat="22.7305400" lon="120.3278420">
    <ele>20.1</ele>
    <time>2026-09-06T07:32:08Z</time>
   </trkpt>
   <trkpt lat="22.7305350" lon="120.3278420">
    <ele>20.0</ele>
    <time>2026-09-06T07:32:09Z</time>
   </trkpt>
   <trkpt lat="22.7305240" lon="120.3278520">
    <ele>20.0</ele>
    <time>2026-09-06T07:32:10Z</time>
   </trkpt>
   <trkpt lat="22.7305090" lon="120.3278630">
    <ele>19.9</ele>
    <time>2026-09-06T07:32:11Z</time>
   </trkpt>
   <trkpt lat="22.7304830" lon="120.3278990">
    <ele>20.0</ele>
    <time>2026-09-06T07:32:12Z</time>
   </trkpt>
   <trkpt lat="22.7304800" lon="120.3279030">
    <ele>20.0</ele>
    <time>2026-09-06T07:32:13Z</time>
   </trkpt>
   <trkpt lat="22.7304870" lon="120.3279200">
    <ele>20.0</ele>
    <time>2026-09-06T07:32:14Z</time>
   </trkpt>
   <trkpt lat="22.7305080" lon="120.3279550">
    <ele>20.2</ele>
    <time>2026-09-06T07:32:15Z</time>
   </trkpt>
   <trkpt lat="22.7305140" lon="120.3279710">
    <ele>20.1</ele>
    <time>2026-09-06T07:32:16Z</time>
   </trkpt>
   <trkpt lat="22.7305110" lon="120.3279980">
    <ele>20.5</ele>
    <time>2026-09-06T07:32:17Z</time>
   </trkpt>
   <trkpt lat="22.7305230" lon="120.3280100">
    <ele>20.4</ele>
    <time>2026-09-06T07:32:18Z</time>
   </trkpt>
   <trkpt lat="22.7305120" lon="120.3280280">
    <ele>20.6</ele>
    <time>2026-09-06T07:32:19Z</time>
   </trkpt>
   <trkpt lat="22.7305170" lon="120.3280380">
    <ele>20.6</ele>
    <time>2026-09-06T07:32:20Z</time>
   </trkpt>
   <trkpt lat="22.7305260" lon="120.3280510">
    <ele>20.5</ele>
    <time>2026-09-06T07:32:21Z</time>
   </trkpt>
   <trkpt lat="22.7305490" lon="120.3280730">
    <ele>20.8</ele>
    <time>2026-09-06T07:32:22Z</time>
   </trkpt>
   <trkpt lat="22.7305920" lon="120.3280840">
    <ele>19.8</ele>
    <time>2026-09-06T07:32:23Z</time>
   </trkpt>
   <trkpt lat="22.7306170" lon="120.3280890">
    <ele>19.8</ele>
    <time>2026-09-06T07:32:24Z</time>
   </trkpt>
   <trkpt lat="22.7306460" lon="120.3280920">
    <ele>19.1</ele>
    <time>2026-09-06T07:32:25Z</time>
   </trkpt>
   <trkpt lat="22.7306790" lon="120.3280780">
    <ele>18.5</ele>
    <time>2026-09-06T07:32:26Z</time>
   </trkpt>
   <trkpt lat="22.7306990" lon="120.3280740">
    <ele>18.5</ele>
    <time>2026-09-06T07:32:27Z</time>
   </trkpt>
   <trkpt lat="22.7307220" lon="120.3280670">
    <ele>17.9</ele>
    <time>2026-09-06T07:32:28Z</time>
   </trkpt>
   <trkpt lat="22.7307380" lon="120.3280680">
    <ele>17.9</ele>
    <time>2026-09-06T07:32:29Z</time>
   </trkpt>
   <trkpt lat="22.7307530" lon="120.3280750">
    <ele>17.4</ele>
    <time>2026-09-06T07:32:30Z</time>
   </trkpt>
   <trkpt lat="22.7307680" lon="120.3280910">
    <ele>17.4</ele>
    <time>2026-09-06T07:32:31Z</time>
   </trkpt>
   <trkpt lat="22.7307860" lon="120.3281170">
    <ele>17.9</ele>
    <time>2026-09-06T07:32:32Z</time>
   </trkpt>
   <trkpt lat="22.7307940" lon="120.3281590">
    <ele>17.9</ele>
    <time>2026-09-06T07:32:33Z</time>
   </trkpt>
   <trkpt lat="22.7308150" lon="120.3281880">
    <ele>18.4</ele>
    <time>2026-09-06T07:32:34Z</time>
   </trkpt>
   <trkpt lat="22.7307980" lon="120.3282020">
    <ele>18.4</ele>
    <time>2026-09-06T07:32:35Z</time>
   </trkpt>
   <trkpt lat="22.7307780" lon="120.3282420">
    <ele>19.4</ele>
    <time>2026-09-06T07:32:36Z</time>
   </trkpt>
   <trkpt lat="22.7307800" lon="120.3282690">
    <ele>19.4</ele>
    <time>2026-09-06T07:32:37Z</time>
   </trkpt>
   <trkpt lat="22.7307390" lon="120.3282300">
    <ele>19.3</ele>
    <time>2026-09-06T07:32:38Z</time>
   </trkpt>
   <trkpt lat="22.7307100" lon="120.3282000">
    <ele>19.3</ele>
    <time>2026-09-06T07:32:39Z</time>
   </trkpt>
   <trkpt lat="22.7306820" lon="120.3281690">
    <ele>19.1</ele>
    <time>2026-09-06T07:32:40Z</time>
   </trkpt>
   <trkpt lat="22.7306530" lon="120.3281390">
    <ele>19.0</ele>
    <time>2026-09-06T07:32:41Z</time>
   </trkpt>
   <trkpt lat="22.7306270" lon="120.3281620">
    <ele>19.9</ele>
    <time>2026-09-06T07:32:42Z</time>
   </trkpt>
   <trkpt lat="22.7306030" lon="120.3281850">
    <ele>19.9</ele>
    <time>2026-09-06T07:32:43Z</time>
   </trkpt>
   <trkpt lat="22.7305910" lon="120.3282010">
    <ele>20.4</ele>
    <time>2026-09-06T07:32:44Z</time>
   </trkpt>
   <trkpt lat="22.7305770" lon="120.3282130">
    <ele>20.6</ele>
    <time>2026-09-06T07:32:45Z</time>
   </trkpt>
   <trkpt lat="22.7305750" lon="120.3282070">
    <ele>20.5</ele>
    <time>2026-09-06T07:32:46Z</time>
   </trkpt>
   <trkpt lat="22.7305530" lon="120.3282100">
    <ele>20.5</ele>
    <time>2026-09-06T07:32:47Z</time>
   </trkpt>
   <trkpt lat="22.7308600" lon="120.3285120">
    <ele>20.1</ele>
    <time>2026-09-06T07:32:48Z</time>
   </trkpt>
   <trkpt lat="22.7308600" lon="120.3285120">
    <ele>20.1</ele>
    <time>2026-09-06T07:32:49Z</time>
   </trkpt>
   <trkpt lat="22.7306900" lon="120.3286960">
    <ele>20.4</ele>
    <time>2026-09-06T07:32:50Z</time>
   </trkpt>
   <trkpt lat="22.7306800" lon="120.3287390">
    <ele>20.1</ele>
    <time>2026-09-06T07:32:51Z</time>
   </trkpt>
   <trkpt lat="22.7306330" lon="120.3285830">
    <ele>20.9</ele>
    <time>2026-09-06T07:32:52Z</time>
   </trkpt>
   <trkpt lat="22.7306300" lon="120.3285820">
    <ele>20.9</ele>
    <time>2026-09-06T07:32:53Z</time>
   </trkpt>
   <trkpt lat="22.7306410" lon="120.3285590">
    <ele>21.1</ele>
    <time>2026-09-06T07:32:54Z</time>
   </trkpt>
   <trkpt lat="22.7306500" lon="120.3285320">
    <ele>21.0</ele>
    <time>2026-09-06T07:32:55Z</time>
   </trkpt>
   <trkpt lat="22.7306480" lon="120.3285240">
    <ele>21.2</ele>
    <time>2026-09-06T07:32:56Z</time>
   </trkpt>
   <trkpt lat="22.7306580" lon="120.3284980">
    <ele>21.1</ele>
    <time>2026-09-06T07:32:57Z</time>
   </trkpt>
   <trkpt lat="22.7306550" lon="120.3284910">
    <ele>21.1</ele>
    <time>2026-09-06T07:32:58Z</time>
   </trkpt>
   <trkpt lat="22.7306520" lon="120.3284850">
    <ele>21.2</ele>
    <time>2026-09-06T07:32:59Z</time>
   </trkpt>
   <trkpt lat="22.7306490" lon="120.3284780">
    <ele>21.1</ele>
    <time>2026-09-06T07:33:00Z</time>
   </trkpt>
   <trkpt lat="22.7304200" lon="120.3279360">
    <ele>17.8</ele>
    <time>2026-09-06T07:34:21Z</time>
   </trkpt>
   <trkpt lat="22.7304170" lon="120.3279290">
    <ele>17.5</ele>
    <time>2026-09-06T07:34:22Z</time>
   </trkpt>
   <trkpt lat="22.7303710" lon="120.3279160">
    <ele>17.1</ele>
    <time>2026-09-06T07:34:23Z</time>
   </trkpt>
   <trkpt lat="22.7303790" lon="120.3280030">
    <ele>17.7</ele>
    <time>2026-09-06T07:34:24Z</time>
   </trkpt>
   <trkpt lat="22.7303800" lon="120.3279490">
    <ele>17.3</ele>
    <time>2026-09-06T07:34:25Z</time>
   </trkpt>
   <trkpt lat="22.7303340" lon="120.3280170">
    <ele>17.6</ele>
    <time>2026-09-06T07:34:26Z</time>
   </trkpt>
   <trkpt lat="22.7303150" lon="120.3280320">
    <ele>17.6</ele>
    <time>2026-09-06T07:34:27Z</time>
   </trkpt>
   <trkpt lat="22.7303050" lon="120.3280570">
    <ele>17.4</ele>
    <time>2026-09-06T07:34:28Z</time>
   </trkpt>
   <trkpt lat="22.7302830" lon="120.3280640">
    <ele>17.7</ele>
    <time>2026-09-06T07:34:29Z</time>
   </trkpt>
   <trkpt lat="22.7302710" lon="120.3280750">
    <ele>17.6</ele>
    <time>2026-09-06T07:34:30Z</time>
   </trkpt>
   <trkpt lat="22.7302620" lon="120.3280760">
    <ele>17.6</ele>
    <time>2026-09-06T07:34:31Z</time>
   </trkpt>
   <trkpt lat="22.7302480" lon="120.3280800">
    <ele>17.5</ele>
    <time>2026-09-06T07:34:32Z</time>
   </trkpt>
   <trkpt lat="22.7302330" lon="120.3280840">
    <ele>17.6</ele>
    <time>2026-09-06T07:34:33Z</time>
   </trkpt>
   <trkpt lat="22.7302260" lon="120.3280820">
    <ele>17.6</ele>
    <time>2026-09-06T07:34:34Z</time>
   </trkpt>
   <trkpt lat="22.7302190" lon="120.3280870">
    <ele>17.5</ele>
    <time>2026-09-06T07:34:35Z</time>
   </trkpt>
   <trkpt lat="22.7302100" lon="120.3280940">
    <ele>17.5</ele>
    <time>2026-09-06T07:34:36Z</time>
   </trkpt>
   <trkpt lat="22.7302020" lon="120.3280990">
    <ele>17.4</ele>
    <time>2026-09-06T07:34:37Z</time>
   </trkpt>
   <trkpt lat="22.7301860" lon="120.3281050">
    <ele>17.8</ele>
    <time>2026-09-06T07:34:38Z</time>
   </trkpt>
   <trkpt lat="22.7301680" lon="120.3281230">
    <ele>17.8</ele>
    <time>2026-09-06T07:34:39Z</time>
   </trkpt>
   <trkpt lat="22.7301580" lon="120.3281230">
    <ele>17.8</ele>
    <time>2026-09-06T07:34:40Z</time>
   </trkpt>
   <trkpt lat="22.7301470" lon="120.3281330">
    <ele>18.0</ele>
    <time>2026-09-06T07:34:41Z</time>
   </trkpt>
   <trkpt lat="22.7301130" lon="120.3281620">
    <ele>18.5</ele>
    <time>2026-09-06T07:34:42Z</time>
   </trkpt>
   <trkpt lat="22.7301100" lon="120.3281680">
    <ele>18.4</ele>
    <time>2026-09-06T07:34:43Z</time>
   </trkpt>
   <trkpt lat="22.7301070" lon="120.3281730">
    <ele>18.4</ele>
    <time>2026-09-06T07:34:44Z</time>
   </trkpt>
   <trkpt lat="22.7301090" lon="120.3281740">
    <ele>18.3</ele>
    <time>2026-09-06T07:34:45Z</time>
   </trkpt>
   <trkpt lat="22.7301160" lon="120.3281820">
    <ele>18.0</ele>
    <time>2026-09-06T07:34:46Z</time>
   </trkpt>
   <trkpt lat="22.7301410" lon="120.3282080">
    <ele>18.2</ele>
    <time>2026-09-06T07:34:47Z</time>
   </trkpt>
   <trkpt lat="22.7301730" lon="120.3282340">
    <ele>18.1</ele>
    <time>2026-09-06T07:34:48Z</time>
   </trkpt>
   <trkpt lat="22.7301780" lon="120.3282300">
    <ele>17.8</ele>
    <time>2026-09-06T07:34:49Z</time>
   </trkpt>
   <trkpt lat="22.7301770" lon="120.3282160">
    <ele>17.8</ele>
    <time>2026-09-06T07:34:50Z</time>
   </trkpt>
   <trkpt lat="22.7301870" lon="120.3282120">
    <ele>17.8</ele>
    <time>2026-09-06T07:34:51Z</time>
   </trkpt>
   <trkpt lat="22.7301890" lon="120.3282020">
    <ele>17.7</ele>
    <time>2026-09-06T07:34:52Z</time>
   </trkpt>
   <trkpt lat="22.7301910" lon="120.3281880">
    <ele>17.7</ele>
    <time>2026-09-06T07:34:53Z</time>
   </trkpt>
   <trkpt lat="22.7301940" lon="120.3281640">
    <ele>17.4</ele>
    <time>2026-09-06T07:34:54Z</time>
   </trkpt>
   <trkpt lat="22.7302050" lon="120.3281380">
    <ele>16.9</ele>
    <time>2026-09-06T07:34:55Z</time>
   </trkpt>
   <trkpt lat="22.7302150" lon="120.3281240">
    <ele>16.9</ele>
    <time>2026-09-06T07:34:56Z</time>
   </trkpt>
   <trkpt lat="22.7302220" lon="120.3281160">
    <ele>16.8</ele>
    <time>2026-09-06T07:34:57Z</time>
   </trkpt>
   <trkpt lat="22.7302260" lon="120.3281060">
    <ele>16.8</ele>
    <time>2026-09-06T07:34:58Z</time>
   </trkpt>
   <trkpt lat="22.7302320" lon="120.3281030">
    <ele>16.8</ele>
    <time>2026-09-06T07:34:59Z</time>
   </trkpt>
   <trkpt lat="22.7302100" lon="120.3280830">
    <ele>16.5</ele>
    <time>2026-09-06T07:35:00Z</time>
   </trkpt>
   <trkpt lat="22.7302260" lon="120.3280740">
    <ele>16.4</ele>
    <time>2026-09-06T07:35:01Z</time>
   </trkpt>
   <trkpt lat="22.7302110" lon="120.3280600">
    <ele>16.4</ele>
    <time>2026-09-06T07:35:02Z</time>
   </trkpt>
   <trkpt lat="22.7302160" lon="120.3280420">
    <ele>16.1</ele>
    <time>2026-09-06T07:35:03Z</time>
   </trkpt>
   <trkpt lat="22.7302240" lon="120.3280290">
    <ele>16.0</ele>
    <time>2026-09-06T07:35:04Z</time>
   </trkpt>
   <trkpt lat="22.7302370" lon="120.3280200">
    <ele>15.9</ele>
    <time>2026-09-06T07:35:05Z</time>
   </trkpt>
   <trkpt lat="22.7302410" lon="120.3280090">
    <ele>15.5</ele>
    <time>2026-09-06T07:35:06Z</time>
   </trkpt>
   <trkpt lat="22.7302550" lon="120.3280070">
    <ele>15.5</ele>
    <time>2026-09-06T07:35:07Z</time>
   </trkpt>
   <trkpt lat="22.7302670" lon="120.3280030">
    <ele>15.4</ele>
    <time>2026-09-06T07:35:08Z</time>
   </trkpt>
   <trkpt lat="22.7302820" lon="120.3279930">
    <ele>15.4</ele>
    <time>2026-09-06T07:35:09Z</time>
   </trkpt>
   <trkpt lat="22.7302950" lon="120.3279790">
    <ele>15.3</ele>
    <time>2026-09-06T07:35:10Z</time>
   </trkpt>
   <trkpt lat="22.7303050" lon="120.3279750">
    <ele>15.3</ele>
    <time>2026-09-06T07:35:11Z</time>
   </trkpt>
   <trkpt lat="22.7303200" lon="120.3279750">
    <ele>15.4</ele>
    <time>2026-09-06T07:35:12Z</time>
   </trkpt>
   <trkpt lat="22.7303350" lon="120.3279700">
    <ele>15.0</ele>
    <time>2026-09-06T07:35:13Z</time>
   </trkpt>
   <trkpt lat="22.7303310" lon="120.3279520">
    <ele>15.0</ele>
    <time>2026-09-06T07:35:14Z</time>
   </trkpt>
   <trkpt lat="22.7303210" lon="120.3279280">
    <ele>14.7</ele>
    <time>2026-09-06T07:35:15Z</time>
   </trkpt>
   <trkpt lat="22.7303150" lon="120.3279110">
    <ele>14.6</ele>
    <time>2026-09-06T07:35:16Z</time>
   </trkpt>
   <trkpt lat="22.7302970" lon="120.3278920">
    <ele>14.4</ele>
    <time>2026-09-06T07:35:17Z</time>
   </trkpt>
   <trkpt lat="22.7302950" lon="120.3278870">
    <ele>14.2</ele>
    <time>2026-09-06T07:35:18Z</time>
   </trkpt>
   <trkpt lat="22.7302900" lon="120.3278840">
    <ele>14.1</ele>
    <time>2026-09-06T07:35:19Z</time>
   </trkpt>
   <trkpt lat="22.7302930" lon="120.3278750">
    <ele>14.1</ele>
    <time>2026-09-06T07:35:20Z</time>
   </trkpt>
   <trkpt lat="22.7302890" lon="120.3278690">
    <ele>14.1</ele>
    <time>2026-09-06T07:35:21Z</time>
   </trkpt>
   <trkpt lat="22.7302910" lon="120.3278720">
    <ele>14.0</ele>
    <time>2026-09-06T07:35:22Z</time>
   </trkpt>
   <trkpt lat="22.7302910" lon="120.3278620">
    <ele>14.0</ele>
    <time>2026-09-06T07:35:23Z</time>
   </trkpt>
   <trkpt lat="22.7302970" lon="120.3278340">
    <ele>13.9</ele>
    <time>2026-09-06T07:35:24Z</time>
   </trkpt>
   <trkpt lat="22.7303100" lon="120.3278230">
    <ele>13.8</ele>
    <time>2026-09-06T07:35:25Z</time>
   </trkpt>
   <trkpt lat="22.7303300" lon="120.3278170">
    <ele>14.0</ele>
    <time>2026-09-06T07:35:26Z</time>
   </trkpt>
   <trkpt lat="22.7303350" lon="120.3278030">
    <ele>13.9</ele>
    <time>2026-09-06T07:35:27Z</time>
   </trkpt>
   <trkpt lat="22.7303390" lon="120.3277810">
    <ele>14.0</ele>
    <time>2026-09-06T07:35:28Z</time>
   </trkpt>
   <trkpt lat="22.7303400" lon="120.3277840">
    <ele>13.9</ele>
    <time>2026-09-06T07:35:29Z</time>
   </trkpt>
   <trkpt lat="22.7303400" lon="120.3277840">
    <ele>13.9</ele>
    <time>2026-09-06T07:35:30Z</time>
   </trkpt>
   <trkpt lat="22.7303400" lon="120.3277840">
    <ele>13.9</ele>
    <time>2026-09-06T07:35:31Z</time>
   </trkpt>
   <trkpt lat="22.7303410" lon="120.3277870">
    <ele>13.8</ele>
    <time>2026-09-06T07:35:32Z</time>
   </trkpt>
   <trkpt lat="22.7303410" lon="120.3277870">
    <ele>13.8</ele>
    <time>2026-09-06T07:35:33Z</time>
   </trkpt>
   <trkpt lat="22.7303410" lon="120.3277870">
    <ele>13.7</ele>
    <time>2026-09-06T07:35:34Z</time>
   </trkpt>
   <trkpt lat="22.7303410" lon="120.3277870">
    <ele>13.7</ele>
    <time>2026-09-06T07:35:35Z</time>
   </trkpt>
   <trkpt lat="22.7303410" lon="120.3277870">
    <ele>13.6</ele>
    <time>2026-09-06T07:35:36Z</time>
   </trkpt>
   <trkpt lat="22.7303420" lon="120.3277900">
    <ele>13.6</ele>
    <time>2026-09-06T07:35:37Z</time>
   </trkpt>
   <trkpt lat="22.7303420" lon="120.3277900">
    <ele>13.6</ele>
    <time>2026-09-06T07:35:38Z</time>
   </trkpt>
   <trkpt lat="22.7303420" lon="120.3277900">
    <ele>13.5</ele>
    <time>2026-09-06T07:35:39Z</time>
   </trkpt>
   <trkpt lat="22.7303430" lon="120.3277930">
    <ele>13.5</ele>
    <time>2026-09-06T07:35:40Z</time>
   </trkpt>
   <trkpt lat="22.7303430" lon="120.3277940">
    <ele>13.4</ele>
    <time>2026-09-06T07:35:41Z</time>
   </trkpt>
   <trkpt lat="22.7303430" lon="120.3277940">
    <ele>13.4</ele>
    <time>2026-09-06T07:35:42Z</time>
   </trkpt>
   <trkpt lat="22.7303430" lon="120.3277940">
    <ele>13.4</ele>
    <time>2026-09-06T07:35:43Z</time>
   </trkpt>
   <trkpt lat="22.7303430" lon="120.3277950">
    <ele>13.3</ele>
    <time>2026-09-06T07:35:44Z</time>
   </trkpt>
   <trkpt lat="22.7303430" lon="120.3277950">
    <ele>13.3</ele>
    <time>2026-09-06T07:35:45Z</time>
   </trkpt>
   <trkpt lat="22.7303430" lon="120.3277950">
    <ele>13.2</ele>
    <time>2026-09-06T07:35:46Z</time>
   </trkpt>
   <trkpt lat="22.7303450" lon="120.3278020">
    <ele>13.1</ele>
    <time>2026-09-06T07:36:10Z</time>
   </trkpt>
   <trkpt lat="22.7303450" lon="120.3278020">
    <ele>13.0</ele>
    <time>2026-09-06T07:36:11Z</time>
   </trkpt>
   <trkpt lat="22.7303490" lon="120.3278510">
    <ele>13.0</ele>
    <time>2026-09-06T07:36:12Z</time>
   </trkpt>
   <trkpt lat="22.7303450" lon="120.3278920">
    <ele>13.2</ele>
    <time>2026-09-06T07:36:13Z</time>
   </trkpt>
   <trkpt lat="22.7303390" lon="120.3279270">
    <ele>13.2</ele>
    <time>2026-09-06T07:36:14Z</time>
   </trkpt>
   <trkpt lat="22.7303080" lon="120.3279610">
    <ele>13.3</ele>
    <time>2026-09-06T07:36:15Z</time>
   </trkpt>
   <trkpt lat="22.7302460" lon="120.3279990">
    <ele>13.6</ele>
    <time>2026-09-06T07:36:16Z</time>
   </trkpt>
   <trkpt lat="22.7302010" lon="120.3280150">
    <ele>13.6</ele>
    <time>2026-09-06T07:36:17Z</time>
   </trkpt>
   <trkpt lat="22.7301700" lon="120.3280460">
    <ele>14.1</ele>
    <time>2026-09-06T07:36:18Z</time>
   </trkpt>
   <trkpt lat="22.7301400" lon="120.3280800">
    <ele>14.6</ele>
    <time>2026-09-06T07:36:19Z</time>
   </trkpt>
   <trkpt lat="22.7301180" lon="120.3281230">
    <ele>14.8</ele>
    <time>2026-09-06T07:36:20Z</time>
   </trkpt>
   <trkpt lat="22.7300910" lon="120.3281720">
    <ele>15.3</ele>
    <time>2026-09-06T07:36:21Z</time>
   </trkpt>
   <trkpt lat="22.7300680" lon="120.3282010">
    <ele>15.7</ele>
    <time>2026-09-06T07:36:22Z</time>
   </trkpt>
   <trkpt lat="22.7300500" lon="120.3282390">
    <ele>15.9</ele>
    <time>2026-09-06T07:36:23Z</time>
   </trkpt>
   <trkpt lat="22.7300240" lon="120.3282720">
    <ele>16.0</ele>
    <time>2026-09-06T07:36:24Z</time>
   </trkpt>
   <trkpt lat="22.7299990" lon="120.3283010">
    <ele>16.2</ele>
    <time>2026-09-06T07:36:25Z</time>
   </trkpt>
   <trkpt lat="22.7299770" lon="120.3283360">
    <ele>16.8</ele>
    <time>2026-09-06T07:36:26Z</time>
   </trkpt>
   <trkpt lat="22.7299530" lon="120.3283740">
    <ele>17.5</ele>
    <time>2026-09-06T07:36:27Z</time>
   </trkpt>
   <trkpt lat="22.7299250" lon="120.3283890">
    <ele>17.5</ele>
    <time>2026-09-06T07:36:28Z</time>
   </trkpt>
   <trkpt lat="22.7299190" lon="120.3283860">
    <ele>17.4</ele>
    <time>2026-09-06T07:36:29Z</time>
   </trkpt>
   <trkpt lat="22.7299130" lon="120.3284080">
    <ele>18.1</ele>
    <time>2026-09-06T07:36:30Z</time>
   </trkpt>
   <trkpt lat="22.7299270" lon="120.3284610">
    <ele>18.4</ele>
    <time>2026-09-06T07:36:31Z</time>
   </trkpt>
   <trkpt lat="22.7299210" lon="120.3284710">
    <ele>18.4</ele>
    <time>2026-09-06T07:36:32Z</time>
   </trkpt>
   <trkpt lat="22.7299340" lon="120.3284800">
    <ele>18.3</ele>
    <time>2026-09-06T07:36:33Z</time>
   </trkpt>
   <trkpt lat="22.7299480" lon="120.3285000">
    <ele>18.8</ele>
    <time>2026-09-06T07:36:34Z</time>
   </trkpt>
   <trkpt lat="22.7299450" lon="120.3285090">
    <ele>18.7</ele>
    <time>2026-09-06T07:36:35Z</time>
   </trkpt>
   <trkpt lat="22.7299490" lon="120.3285150">
    <ele>18.7</ele>
    <time>2026-09-06T07:36:36Z</time>
   </trkpt>
   <trkpt lat="22.7299290" lon="120.3285400">
    <ele>19.1</ele>
    <time>2026-09-06T07:36:37Z</time>
   </trkpt>
   <trkpt lat="22.7299290" lon="120.3285590">
    <ele>19.0</ele>
    <time>2026-09-06T07:36:38Z</time>
   </trkpt>
   <trkpt lat="22.7299390" lon="120.3285580">
    <ele>19.0</ele>
    <time>2026-09-06T07:36:39Z</time>
   </trkpt>
   <trkpt lat="22.7299460" lon="120.3285630">
    <ele>18.9</ele>
    <time>2026-09-06T07:36:40Z</time>
   </trkpt>
   <trkpt lat="22.7299510" lon="120.3285860">
    <ele>19.2</ele>
    <time>2026-09-06T07:36:41Z</time>
   </trkpt>
   <trkpt lat="22.7299500" lon="120.3286200">
    <ele>19.4</ele>
    <time>2026-09-06T07:36:42Z</time>
   </trkpt>
   <trkpt lat="22.7299450" lon="120.3286380">
    <ele>19.4</ele>
    <time>2026-09-06T07:36:43Z</time>
   </trkpt>
   <trkpt lat="22.7299490" lon="120.3286590">
    <ele>19.3</ele>
    <time>2026-09-06T07:36:44Z</time>
   </trkpt>
   <trkpt lat="22.7300030" lon="120.3287500">
    <ele>19.0</ele>
    <time>2026-09-06T07:36:49Z</time>
   </trkpt>
   <trkpt lat="22.7300370" lon="120.3287580">
    <ele>18.5</ele>
    <time>2026-09-06T07:36:50Z</time>
   </trkpt>
   <trkpt lat="22.7300770" lon="120.3287430">
    <ele>18.5</ele>
    <time>2026-09-06T07:36:51Z</time>
   </trkpt>
   <trkpt lat="22.7301210" lon="120.3287230">
    <ele>18.5</ele>
    <time>2026-09-06T07:36:52Z</time>
   </trkpt>
   <trkpt lat="22.7301570" lon="120.3287050">
    <ele>18.5</ele>
    <time>2026-09-06T07:36:53Z</time>
   </trkpt>
   <trkpt lat="22.7302050" lon="120.3286960">
    <ele>18.5</ele>
    <time>2026-09-06T07:36:54Z</time>
   </trkpt>
   <trkpt lat="22.7302770" lon="120.3286980">
    <ele>18.6</ele>
    <time>2026-09-06T07:36:55Z</time>
   </trkpt>
   <trkpt lat="22.7303340" lon="120.3286770">
    <ele>18.6</ele>
    <time>2026-09-06T07:36:56Z</time>
   </trkpt>
   <trkpt lat="22.7303860" lon="120.3286730">
    <ele>18.6</ele>
    <time>2026-09-06T07:36:57Z</time>
   </trkpt>
   <trkpt lat="22.7304370" lon="120.3286720">
    <ele>18.7</ele>
    <time>2026-09-06T07:36:58Z</time>
   </trkpt>
   <trkpt lat="22.7304830" lon="120.3286620">
    <ele>18.7</ele>
    <time>2026-09-06T07:36:59Z</time>
   </trkpt>
   <trkpt lat="22.7305360" lon="120.3286490">
    <ele>18.8</ele>
    <time>2026-09-06T07:37:00Z</time>
   </trkpt>
   <trkpt lat="22.7305840" lon="120.3286380">
    <ele>18.8</ele>
    <time>2026-09-06T07:37:01Z</time>
   </trkpt>
   <trkpt lat="22.7306260" lon="120.3286340">
    <ele>18.9</ele>
    <time>2026-09-06T07:37:02Z</time>
   </trkpt>
   <trkpt lat="22.7306580" lon="120.3286260">
    <ele>18.9</ele>
    <time>2026-09-06T07:37:03Z</time>
   </trkpt>
   <trkpt lat="22.7306840" lon="120.3286200">
    <ele>18.9</ele>
    <time>2026-09-06T07:37:04Z</time>
   </trkpt>
   <trkpt lat="22.7307090" lon="120.3285870">
    <ele>19.0</ele>
    <time>2026-09-06T07:37:05Z</time>
   </trkpt>
   <trkpt lat="22.7307400" lon="120.3285900">
    <ele>19.0</ele>
    <time>2026-09-06T07:37:06Z</time>
   </trkpt>
   <trkpt lat="22.7307630" lon="120.3285870">
    <ele>19.0</ele>
    <time>2026-09-06T07:37:07Z</time>
   </trkpt>
   <trkpt lat="22.7307850" lon="120.3285860">
    <ele>19.1</ele>
    <time>2026-09-06T07:37:08Z</time>
   </trkpt>
   <trkpt lat="22.7308040" lon="120.3285840">
    <ele>19.1</ele>
    <time>2026-09-06T07:37:09Z</time>
   </trkpt>
   <trkpt lat="22.7308300" lon="120.3285790">
    <ele>19.1</ele>
    <time>2026-09-06T07:37:10Z</time>
   </trkpt>
   <trkpt lat="22.7308410" lon="120.3285770">
    <ele>19.1</ele>
    <time>2026-09-06T07:37:11Z</time>
   </trkpt>
   <trkpt lat="22.7308520" lon="120.3285750">
    <ele>19.1</ele>
    <time>2026-09-06T07:37:12Z</time>
   </trkpt>
   <trkpt lat="22.7308640" lon="120.3285730">
    <ele>19.1</ele>
    <time>2026-09-06T07:37:13Z</time>
   </trkpt>
   <trkpt lat="22.7308750" lon="120.3285710">
    <ele>19.1</ele>
    <time>2026-09-06T07:37:14Z</time>
   </trkpt>
   <trkpt lat="22.7308870" lon="120.3285690">
    <ele>19.1</ele>
    <time>2026-09-06T07:37:15Z</time>
   </trkpt>
   <trkpt lat="22.7308980" lon="120.3285670">
    <ele>19.1</ele>
    <time>2026-09-06T07:37:16Z</time>
   </trkpt>
   <trkpt lat="22.7309430" lon="120.3285510">
    <ele>19.1</ele>
    <time>2026-09-06T07:37:17Z</time>
   </trkpt>
   <trkpt lat="22.7309880" lon="120.3285340">
    <ele>19.1</ele>
    <time>2026-09-06T07:37:18Z</time>
   </trkpt>
   <trkpt lat="22.7310380" lon="120.3285320">
    <ele>19.1</ele>
    <time>2026-09-06T07:37:19Z</time>
   </trkpt>
   <trkpt lat="22.7310890" lon="120.3285310">
    <ele>19.3</ele>
    <time>2026-09-06T07:37:20Z</time>
   </trkpt>
   <trkpt lat="22.7311460" lon="120.3285260">
    <ele>19.5</ele>
    <time>2026-09-06T07:37:21Z</time>
   </trkpt>
   <trkpt lat="22.7311940" lon="120.3285180">
    <ele>19.5</ele>
    <time>2026-09-06T07:37:22Z</time>
   </trkpt>
   <trkpt lat="22.7312520" lon="120.3285000">
    <ele>19.5</ele>
    <time>2026-09-06T07:37:23Z</time>
   </trkpt>
   <trkpt lat="22.7313150" lon="120.3284810">
    <ele>19.5</ele>
    <time>2026-09-06T07:37:24Z</time>
   </trkpt>
   <trkpt lat="22.7313730" lon="120.3284600">
    <ele>19.5</ele>
    <time>2026-09-06T07:37:25Z</time>
   </trkpt>
   <trkpt lat="22.7314280" lon="120.3284400">
    <ele>19.5</ele>
    <time>2026-09-06T07:37:26Z</time>
   </trkpt>
   <trkpt lat="22.7314880" lon="120.3284260">
    <ele>19.5</ele>
    <time>2026-09-06T07:37:27Z</time>
   </trkpt>
   <trkpt lat="22.7315440" lon="120.3284130">
    <ele>19.5</ele>
    <time>2026-09-06T07:37:28Z</time>
   </trkpt>
   <trkpt lat="22.7315930" lon="120.3284010">
    <ele>19.5</ele>
    <time>2026-09-06T07:37:29Z</time>
   </trkpt>
   <trkpt lat="22.7316400" lon="120.3283940">
    <ele>19.5</ele>
    <time>2026-09-06T07:37:30Z</time>
   </trkpt>
   <trkpt lat="22.7316780" lon="120.3283930">
    <ele>19.5</ele>
    <time>2026-09-06T07:37:31Z</time>
   </trkpt>
   <trkpt lat="22.7317100" lon="120.3283880">
    <ele>19.5</ele>
    <time>2026-09-06T07:37:32Z</time>
   </trkpt>
   <trkpt lat="22.7317370" lon="120.3283820">
    <ele>19.5</ele>
    <time>2026-09-06T07:37:33Z</time>
   </trkpt>
   <trkpt lat="22.7317560" lon="120.3283750">
    <ele>19.5</ele>
    <time>2026-09-06T07:37:34Z</time>
   </trkpt>
   <trkpt lat="22.7317630" lon="120.3283670">
    <ele>19.5</ele>
    <time>2026-09-06T07:37:35Z</time>
   </trkpt>
   <trkpt lat="22.7317700" lon="120.3283610">
    <ele>19.5</ele>
    <time>2026-09-06T07:37:36Z</time>
   </trkpt>
   <trkpt lat="22.7317820" lon="120.3283580">
    <ele>19.5</ele>
    <time>2026-09-06T07:37:37Z</time>
   </trkpt>
   <trkpt lat="22.7317930" lon="120.3283550">
    <ele>19.5</ele>
    <time>2026-09-06T07:37:38Z</time>
   </trkpt>
   <trkpt lat="22.7317950" lon="120.3283520">
    <ele>19.5</ele>
    <time>2026-09-06T07:37:39Z</time>
   </trkpt>
   <trkpt lat="22.7318060" lon="120.3283480">
    <ele>19.5</ele>
    <time>2026-09-06T07:37:40Z</time>
   </trkpt>
   <trkpt lat="22.7318300" lon="120.3283350">
    <ele>19.5</ele>
    <time>2026-09-06T07:37:41Z</time>
   </trkpt>
   <trkpt lat="22.7318600" lon="120.3283250">
    <ele>19.4</ele>
    <time>2026-09-06T07:37:42Z</time>
   </trkpt>
   <trkpt lat="22.7318900" lon="120.3283180">
    <ele>19.4</ele>
    <time>2026-09-06T07:37:43Z</time>
   </trkpt>
   <trkpt lat="22.7319150" lon="120.3283160">
    <ele>19.4</ele>
    <time>2026-09-06T07:37:44Z</time>
   </trkpt>
   <trkpt lat="22.7319280" lon="120.3283140">
    <ele>19.4</ele>
    <time>2026-09-06T07:37:45Z</time>
   </trkpt>
   <trkpt lat="22.7319390" lon="120.3283060">
    <ele>19.4</ele>
    <time>2026-09-06T07:37:46Z</time>
   </trkpt>
   <trkpt lat="22.7319470" lon="120.3283040">
    <ele>19.4</ele>
    <time>2026-09-06T07:37:47Z</time>
   </trkpt>
   <trkpt lat="22.7319660" lon="120.3282930">
    <ele>19.4</ele>
    <time>2026-09-06T07:37:48Z</time>
   </trkpt>
   <trkpt lat="22.7319950" lon="120.3282710">
    <ele>19.4</ele>
    <time>2026-09-06T07:37:49Z</time>
   </trkpt>
   <trkpt lat="22.7320190" lon="120.3282590">
    <ele>19.4</ele>
    <time>2026-09-06T07:37:50Z</time>
   </trkpt>
   <trkpt lat="22.7320460" lon="120.3282480">
    <ele>19.4</ele>
    <time>2026-09-06T07:37:51Z</time>
   </trkpt>
   <trkpt lat="22.7320700" lon="120.3282370">
    <ele>19.3</ele>
    <time>2026-09-06T07:37:52Z</time>
   </trkpt>
   <trkpt lat="22.7320950" lon="120.3282260">
    <ele>19.3</ele>
    <time>2026-09-06T07:37:53Z</time>
   </trkpt>
   <trkpt lat="22.7321410" lon="120.3282100">
    <ele>19.3</ele>
    <time>2026-09-06T07:37:54Z</time>
   </trkpt>
   <trkpt lat="22.7321880" lon="120.3281920">
    <ele>19.3</ele>
    <time>2026-09-06T07:37:55Z</time>
   </trkpt>
   <trkpt lat="22.7322370" lon="120.3281720">
    <ele>19.2</ele>
    <time>2026-09-06T07:37:56Z</time>
   </trkpt>
   <trkpt lat="22.7322930" lon="120.3281460">
    <ele>19.2</ele>
    <time>2026-09-06T07:37:57Z</time>
   </trkpt>
   <trkpt lat="22.7323620" lon="120.3281280">
    <ele>19.2</ele>
    <time>2026-09-06T07:37:58Z</time>
   </trkpt>
   <trkpt lat="22.7324400" lon="120.3281140">
    <ele>19.1</ele>
    <time>2026-09-06T07:37:59Z</time>
   </trkpt>
   <trkpt lat="22.7325020" lon="120.3281010">
    <ele>19.1</ele>
    <time>2026-09-06T07:38:00Z</time>
   </trkpt>
   <trkpt lat="22.7325650" lon="120.3280880">
    <ele>19.2</ele>
    <time>2026-09-06T07:38:01Z</time>
   </trkpt>
   <trkpt lat="22.7326050" lon="120.3280870">
    <ele>19.2</ele>
    <time>2026-09-06T07:38:02Z</time>
   </trkpt>
   <trkpt lat="22.7326270" lon="120.3280840">
    <ele>19.2</ele>
    <time>2026-09-06T07:38:03Z</time>
   </trkpt>
   <trkpt lat="22.7326390" lon="120.3280880">
    <ele>19.2</ele>
    <time>2026-09-06T07:38:04Z</time>
   </trkpt>
   <trkpt lat="22.7326560" lon="120.3280870">
    <ele>19.2</ele>
    <time>2026-09-06T07:38:05Z</time>
   </trkpt>
   <trkpt lat="22.7326510" lon="120.3280730">
    <ele>19.2</ele>
    <time>2026-09-06T07:38:06Z</time>
   </trkpt>
   <trkpt lat="22.7326290" lon="120.3280510">
    <ele>19.1</ele>
    <time>2026-09-06T07:38:07Z</time>
   </trkpt>
   <trkpt lat="22.7326070" lon="120.3280160">
    <ele>19.0</ele>
    <time>2026-09-06T07:38:08Z</time>
   </trkpt>
   <trkpt lat="22.7325850" lon="120.3279600">
    <ele>18.9</ele>
    <time>2026-09-06T07:38:09Z</time>
   </trkpt>
   <trkpt lat="22.7325540" lon="120.3278950">
    <ele>18.7</ele>
    <time>2026-09-06T07:38:10Z</time>
   </trkpt>
   <trkpt lat="22.7325190" lon="120.3278220">
    <ele>18.6</ele>
    <time>2026-09-06T07:38:11Z</time>
   </trkpt>
   <trkpt lat="22.7325000" lon="120.3277710">
    <ele>18.6</ele>
    <time>2026-09-06T07:38:12Z</time>
   </trkpt>
   <trkpt lat="22.7324900" lon="120.3277370">
    <ele>18.6</ele>
    <time>2026-09-06T07:38:13Z</time>
   </trkpt>
   <trkpt lat="22.7324800" lon="120.3277090">
    <ele>18.6</ele>
    <time>2026-09-06T07:38:14Z</time>
   </trkpt>
   <trkpt lat="22.7324680" lon="120.3276840">
    <ele>18.7</ele>
    <time>2026-09-06T07:38:15Z</time>
   </trkpt>
   <trkpt lat="22.7324600" lon="120.3276530">
    <ele>18.7</ele>
    <time>2026-09-06T07:38:16Z</time>
   </trkpt>
   <trkpt lat="22.7324560" lon="120.3276240">
    <ele>18.7</ele>
    <time>2026-09-06T07:38:17Z</time>
   </trkpt>
   <trkpt lat="22.7324540" lon="120.3275940">
    <ele>18.7</ele>
    <time>2026-09-06T07:38:18Z</time>
   </trkpt>
   <trkpt lat="22.7324540" lon="120.3275720">
    <ele>18.7</ele>
    <time>2026-09-06T07:38:19Z</time>
   </trkpt>
   <trkpt lat="22.7324510" lon="120.3275490">
    <ele>18.7</ele>
    <time>2026-09-06T07:38:20Z</time>
   </trkpt>
   <trkpt lat="22.7324400" lon="120.3275160">
    <ele>18.7</ele>
    <time>2026-09-06T07:38:21Z</time>
   </trkpt>
   <trkpt lat="22.7324280" lon="120.3274790">
    <ele>18.7</ele>
    <time>2026-09-06T07:38:22Z</time>
   </trkpt>
   <trkpt lat="22.7324230" lon="120.3274380">
    <ele>18.7</ele>
    <time>2026-09-06T07:38:23Z</time>
   </trkpt>
   <trkpt lat="22.7324220" lon="120.3273950">
    <ele>18.6</ele>
    <time>2026-09-06T07:38:24Z</time>
   </trkpt>
   <trkpt lat="22.7324150" lon="120.3273630">
    <ele>18.6</ele>
    <time>2026-09-06T07:38:25Z</time>
   </trkpt>
   <trkpt lat="22.7324040" lon="120.3273350">
    <ele>18.6</ele>
    <time>2026-09-06T07:38:26Z</time>
   </trkpt>
   <trkpt lat="22.7323890" lon="120.3272990">
    <ele>18.6</ele>
    <time>2026-09-06T07:38:27Z</time>
   </trkpt>
   <trkpt lat="22.7323770" lon="120.3272650">
    <ele>18.6</ele>
    <time>2026-09-06T07:38:28Z</time>
   </trkpt>
   <trkpt lat="22.7323690" lon="120.3272340">
    <ele>18.7</ele>
    <time>2026-09-06T07:38:29Z</time>
   </trkpt>
   <trkpt lat="22.7323640" lon="120.3272070">
    <ele>18.7</ele>
    <time>2026-09-06T07:38:30Z</time>
   </trkpt>
   <trkpt lat="22.7323620" lon="120.3271840">
    <ele>18.7</ele>
    <time>2026-09-06T07:38:31Z</time>
   </trkpt>
   <trkpt lat="22.7323610" lon="120.3271660">
    <ele>18.7</ele>
    <time>2026-09-06T07:38:32Z</time>
   </trkpt>
   <trkpt lat="22.7323560" lon="120.3271530">
    <ele>18.7</ele>
    <time>2026-09-06T07:38:33Z</time>
   </trkpt>
   <trkpt lat="22.7323400" lon="120.3271160">
    <ele>18.7</ele>
    <time>2026-09-06T07:38:34Z</time>
   </trkpt>
   <trkpt lat="22.7323170" lon="120.3270730">
    <ele>18.7</ele>
    <time>2026-09-06T07:38:35Z</time>
   </trkpt>
   <trkpt lat="22.7323060" lon="120.3270280">
    <ele>18.8</ele>
    <time>2026-09-06T07:38:36Z</time>
   </trkpt>
   <trkpt lat="22.7322930" lon="120.3269740">
    <ele>18.8</ele>
    <time>2026-09-06T07:38:37Z</time>
   </trkpt>
   <trkpt lat="22.7322730" lon="120.3269220">
    <ele>18.8</ele>
    <time>2026-09-06T07:38:38Z</time>
   </trkpt>
   <trkpt lat="22.7322510" lon="120.3268720">
    <ele>18.9</ele>
    <time>2026-09-06T07:38:39Z</time>
   </trkpt>
   <trkpt lat="22.7322320" lon="120.3268200">
    <ele>19.0</ele>
    <time>2026-09-06T07:38:40Z</time>
   </trkpt>
   <trkpt lat="22.7322160" lon="120.3267710">
    <ele>19.0</ele>
    <time>2026-09-06T07:38:41Z</time>
   </trkpt>
   <trkpt lat="22.7322050" lon="120.3267260">
    <ele>19.0</ele>
    <time>2026-09-06T07:38:42Z</time>
   </trkpt>
   <trkpt lat="22.7321930" lon="120.3266870">
    <ele>19.0</ele>
    <time>2026-09-06T07:38:43Z</time>
   </trkpt>
   <trkpt lat="22.7321790" lon="120.3266480">
    <ele>19.0</ele>
    <time>2026-09-06T07:38:44Z</time>
   </trkpt>
   <trkpt lat="22.7321640" lon="120.3266050">
    <ele>18.9</ele>
    <time>2026-09-06T07:38:45Z</time>
   </trkpt>
   <trkpt lat="22.7321590" lon="120.3265670">
    <ele>18.9</ele>
    <time>2026-09-06T07:38:46Z</time>
   </trkpt>
   <trkpt lat="22.7321570" lon="120.3265410">
    <ele>18.9</ele>
    <time>2026-09-06T07:38:47Z</time>
   </trkpt>
   <trkpt lat="22.7321550" lon="120.3265170">
    <ele>18.9</ele>
    <time>2026-09-06T07:38:48Z</time>
   </trkpt>
   <trkpt lat="22.7321660" lon="120.3265070">
    <ele>18.9</ele>
    <time>2026-09-06T07:38:49Z</time>
   </trkpt>
   <trkpt lat="22.7321830" lon="120.3264800">
    <ele>18.9</ele>
    <time>2026-09-06T07:38:50Z</time>
   </trkpt>
   <trkpt lat="22.7322140" lon="120.3264540">
    <ele>18.9</ele>
    <time>2026-09-06T07:38:51Z</time>
   </trkpt>
   <trkpt lat="22.7322510" lon="120.3264480">
    <ele>18.9</ele>
    <time>2026-09-06T07:38:52Z</time>
   </trkpt>
   <trkpt lat="22.7322670" lon="120.3264470">
    <ele>18.9</ele>
    <time>2026-09-06T07:38:53Z</time>
   </trkpt>
   <trkpt lat="22.7322710" lon="120.3264570">
    <ele>18.9</ele>
    <time>2026-09-06T07:38:54Z</time>
   </trkpt>
   <trkpt lat="22.7322730" lon="120.3264540">
    <ele>18.9</ele>
    <time>2026-09-06T07:38:55Z</time>
   </trkpt>
   <trkpt lat="22.7322750" lon="120.3264540">
    <ele>18.9</ele>
    <time>2026-09-06T07:38:56Z</time>
   </trkpt>
   <trkpt lat="22.7322760" lon="120.3264580">
    <ele>18.9</ele>
    <time>2026-09-06T07:38:57Z</time>
   </trkpt>
   <trkpt lat="22.7322770" lon="120.3264590">
    <ele>18.9</ele>
    <time>2026-09-06T07:38:58Z</time>
   </trkpt>
   <trkpt lat="22.7322780" lon="120.3264610">
    <ele>18.9</ele>
    <time>2026-09-06T07:38:59Z</time>
   </trkpt>
   <trkpt lat="22.7322760" lon="120.3264610">
    <ele>18.9</ele>
    <time>2026-09-06T07:39:00Z</time>
   </trkpt>
   <trkpt lat="22.7322770" lon="120.3264620">
    <ele>18.9</ele>
    <time>2026-09-06T07:39:01Z</time>
   </trkpt>
   <trkpt lat="22.7322750" lon="120.3264600">
    <ele>18.9</ele>
    <time>2026-09-06T07:39:02Z</time>
   </trkpt>
   <trkpt lat="22.7322090" lon="120.3265410">
    <ele>18.9</ele>
    <time>2026-09-06T07:39:33Z</time>
   </trkpt>
   <trkpt lat="22.7321950" lon="120.3265410">
    <ele>18.9</ele>
    <time>2026-09-06T07:39:34Z</time>
   </trkpt>
   <trkpt lat="22.7321890" lon="120.3265460">
    <ele>18.9</ele>
    <time>2026-09-06T07:39:35Z</time>
   </trkpt>
   <trkpt lat="22.7321840" lon="120.3265560">
    <ele>18.9</ele>
    <time>2026-09-06T07:39:36Z</time>
   </trkpt>
   <trkpt lat="22.7321770" lon="120.3265590">
    <ele>18.9</ele>
    <time>2026-09-06T07:39:37Z</time>
   </trkpt>
   <trkpt lat="22.7321740" lon="120.3265660">
    <ele>18.9</ele>
    <time>2026-09-06T07:39:38Z</time>
   </trkpt>
   <trkpt lat="22.7321700" lon="120.3265740">
    <ele>18.9</ele>
    <time>2026-09-06T07:39:39Z</time>
   </trkpt>
   <trkpt lat="22.7321610" lon="120.3265830">
    <ele>18.9</ele>
    <time>2026-09-06T07:39:40Z</time>
   </trkpt>
   <trkpt lat="22.7321610" lon="120.3265860">
    <ele>18.9</ele>
    <time>2026-09-06T07:39:41Z</time>
   </trkpt>
   <trkpt lat="22.7321620" lon="120.3265850">
    <ele>18.9</ele>
    <time>2026-09-06T07:39:42Z</time>
   </trkpt>
   <trkpt lat="22.7321650" lon="120.3265990">
    <ele>18.9</ele>
    <time>2026-09-06T07:39:43Z</time>
   </trkpt>
   <trkpt lat="22.7321670" lon="120.3266170">
    <ele>18.9</ele>
    <time>2026-09-06T07:39:44Z</time>
   </trkpt>
   <trkpt lat="22.7321720" lon="120.3266220">
    <ele>18.9</ele>
    <time>2026-09-06T07:39:45Z</time>
   </trkpt>
   <trkpt lat="22.7321780" lon="120.3266290">
    <ele>18.9</ele>
    <time>2026-09-06T07:39:46Z</time>
   </trkpt>
   <trkpt lat="22.7321840" lon="120.3266320">
    <ele>18.9</ele>
    <time>2026-09-06T07:39:47Z</time>
   </trkpt>
   <trkpt lat="22.7321920" lon="120.3266430">
    <ele>18.9</ele>
    <time>2026-09-06T07:39:48Z</time>
   </trkpt>
   <trkpt lat="22.7322010" lon="120.3266630">
    <ele>19.0</ele>
    <time>2026-09-06T07:39:49Z</time>
   </trkpt>
   <trkpt lat="22.7322090" lon="120.3266670">
    <ele>19.0</ele>
    <time>2026-09-06T07:39:50Z</time>
   </trkpt>
   <trkpt lat="22.7322130" lon="120.3266790">
    <ele>19.0</ele>
    <time>2026-09-06T07:39:51Z</time>
   </trkpt>
   <trkpt lat="22.7322140" lon="120.3266920">
    <ele>19.0</ele>
    <time>2026-09-06T07:39:52Z</time>
   </trkpt>
   <trkpt lat="22.7322200" lon="120.3267030">
    <ele>19.0</ele>
    <time>2026-09-06T07:39:53Z</time>
   </trkpt>
   <trkpt lat="22.7322260" lon="120.3267050">
    <ele>19.0</ele>
    <time>2026-09-06T07:39:54Z</time>
   </trkpt>
   <trkpt lat="22.7322330" lon="120.3267170">
    <ele>19.0</ele>
    <time>2026-09-06T07:39:55Z</time>
   </trkpt>
   <trkpt lat="22.7322370" lon="120.3267250">
    <ele>19.0</ele>
    <time>2026-09-06T07:39:56Z</time>
   </trkpt>
   <trkpt lat="22.7322440" lon="120.3267240">
    <ele>19.0</ele>
    <time>2026-09-06T07:39:57Z</time>
   </trkpt>
   <trkpt lat="22.7322520" lon="120.3267300">
    <ele>19.0</ele>
    <time>2026-09-06T07:39:58Z</time>
   </trkpt>
   <trkpt lat="22.7322570" lon="120.3267330">
    <ele>19.0</ele>
    <time>2026-09-06T07:39:59Z</time>
   </trkpt>
   <trkpt lat="22.7322570" lon="120.3267300">
    <ele>19.0</ele>
    <time>2026-09-06T07:40:00Z</time>
   </trkpt>
   <trkpt lat="22.7322590" lon="120.3267280">
    <ele>19.0</ele>
    <time>2026-09-06T07:40:01Z</time>
   </trkpt>
   <trkpt lat="22.7322510" lon="120.3267460">
    <ele>19.0</ele>
    <time>2026-09-06T07:40:02Z</time>
   </trkpt>
   <trkpt lat="22.7322500" lon="120.3267560">
    <ele>19.0</ele>
    <time>2026-09-06T07:40:03Z</time>
   </trkpt>
   <trkpt lat="22.7322560" lon="120.3267640">
    <ele>19.0</ele>
    <time>2026-09-06T07:40:04Z</time>
   </trkpt>
   <trkpt lat="22.7322570" lon="120.3267850">
    <ele>19.0</ele>
    <time>2026-09-06T07:40:05Z</time>
   </trkpt>
   <trkpt lat="22.7322590" lon="120.3267910">
    <ele>19.0</ele>
    <time>2026-09-06T07:40:06Z</time>
   </trkpt>
   <trkpt lat="22.7322540" lon="120.3267970">
    <ele>19.0</ele>
    <time>2026-09-06T07:40:07Z</time>
   </trkpt>
   <trkpt lat="22.7322540" lon="120.3268020">
    <ele>19.0</ele>
    <time>2026-09-06T07:40:08Z</time>
   </trkpt>
   <trkpt lat="22.7322620" lon="120.3268090">
    <ele>19.0</ele>
    <time>2026-09-06T07:40:09Z</time>
   </trkpt>
   <trkpt lat="22.7322670" lon="120.3268240">
    <ele>19.0</ele>
    <time>2026-09-06T07:40:10Z</time>
   </trkpt>
   <trkpt lat="22.7322680" lon="120.3268380">
    <ele>19.0</ele>
    <time>2026-09-06T07:40:11Z</time>
   </trkpt>
   <trkpt lat="22.7322690" lon="120.3268540">
    <ele>19.0</ele>
    <time>2026-09-06T07:40:12Z</time>
   </trkpt>
   <trkpt lat="22.7322680" lon="120.3268700">
    <ele>18.9</ele>
    <time>2026-09-06T07:40:13Z</time>
   </trkpt>
   <trkpt lat="22.7322750" lon="120.3268810">
    <ele>18.9</ele>
    <time>2026-09-06T07:40:14Z</time>
   </trkpt>
   <trkpt lat="22.7322830" lon="120.3268920">
    <ele>18.9</ele>
    <time>2026-09-06T07:40:15Z</time>
   </trkpt>
   <trkpt lat="22.7322930" lon="120.3268990">
    <ele>18.9</ele>
    <time>2026-09-06T07:40:16Z</time>
   </trkpt>
   <trkpt lat="22.7322970" lon="120.3268990">
    <ele>18.9</ele>
    <time>2026-09-06T07:40:17Z</time>
   </trkpt>
   <trkpt lat="22.7322960" lon="120.3268990">
    <ele>18.9</ele>
    <time>2026-09-06T07:40:18Z</time>
   </trkpt>
   <trkpt lat="22.7323010" lon="120.3269030">
    <ele>18.9</ele>
    <time>2026-09-06T07:40:19Z</time>
   </trkpt>
   <trkpt lat="22.7323040" lon="120.3269090">
    <ele>18.9</ele>
    <time>2026-09-06T07:40:20Z</time>
   </trkpt>
   <trkpt lat="22.7323050" lon="120.3269100">
    <ele>18.9</ele>
    <time>2026-09-06T07:40:21Z</time>
   </trkpt>
   <trkpt lat="22.7323100" lon="120.3269170">
    <ele>18.9</ele>
    <time>2026-09-06T07:40:22Z</time>
   </trkpt>
   <trkpt lat="22.7323160" lon="120.3269270">
    <ele>18.9</ele>
    <time>2026-09-06T07:40:23Z</time>
   </trkpt>
   <trkpt lat="22.7323180" lon="120.3269360">
    <ele>18.9</ele>
    <time>2026-09-06T07:40:24Z</time>
   </trkpt>
   <trkpt lat="22.7323240" lon="120.3269380">
    <ele>18.8</ele>
    <time>2026-09-06T07:40:25Z</time>
   </trkpt>
   <trkpt lat="22.7323230" lon="120.3269370">
    <ele>18.8</ele>
    <time>2026-09-06T07:40:26Z</time>
   </trkpt>
   <trkpt lat="22.7323200" lon="120.3269450">
    <ele>18.8</ele>
    <time>2026-09-06T07:40:27Z</time>
   </trkpt>
   <trkpt lat="22.7323140" lon="120.3269440">
    <ele>18.8</ele>
    <time>2026-09-06T07:40:28Z</time>
   </trkpt>
   <trkpt lat="22.7323160" lon="120.3269540">
    <ele>18.8</ele>
    <time>2026-09-06T07:40:29Z</time>
   </trkpt>
   <trkpt lat="22.7323210" lon="120.3269620">
    <ele>18.8</ele>
    <time>2026-09-06T07:40:30Z</time>
   </trkpt>
   <trkpt lat="22.7323330" lon="120.3269660">
    <ele>18.8</ele>
    <time>2026-09-06T07:40:31Z</time>
   </trkpt>
   <trkpt lat="22.7323380" lon="120.3269660">
    <ele>18.8</ele>
    <time>2026-09-06T07:40:32Z</time>
   </trkpt>
   <trkpt lat="22.7323390" lon="120.3269650">
    <ele>18.8</ele>
    <time>2026-09-06T07:40:33Z</time>
   </trkpt>
   <trkpt lat="22.7323430" lon="120.3269710">
    <ele>18.8</ele>
    <time>2026-09-06T07:40:34Z</time>
   </trkpt>
   <trkpt lat="22.7323450" lon="120.3269830">
    <ele>18.8</ele>
    <time>2026-09-06T07:40:35Z</time>
   </trkpt>
   <trkpt lat="22.7323490" lon="120.3269900">
    <ele>18.8</ele>
    <time>2026-09-06T07:40:36Z</time>
   </trkpt>
   <trkpt lat="22.7323520" lon="120.3270000">
    <ele>18.8</ele>
    <time>2026-09-06T07:40:37Z</time>
   </trkpt>
   <trkpt lat="22.7323530" lon="120.3270010">
    <ele>18.8</ele>
    <time>2026-09-06T07:40:38Z</time>
   </trkpt>
   <trkpt lat="22.7323580" lon="120.3270040">
    <ele>18.8</ele>
    <time>2026-09-06T07:40:39Z</time>
   </trkpt>
   <trkpt lat="22.7323630" lon="120.3270090">
    <ele>18.8</ele>
    <time>2026-09-06T07:40:40Z</time>
   </trkpt>
   <trkpt lat="22.7323650" lon="120.3270260">
    <ele>18.8</ele>
    <time>2026-09-06T07:40:41Z</time>
   </trkpt>
   <trkpt lat="22.7323550" lon="120.3270480">
    <ele>18.8</ele>
    <time>2026-09-06T07:40:42Z</time>
   </trkpt>
   <trkpt lat="22.7323570" lon="120.3270580">
    <ele>18.8</ele>
    <time>2026-09-06T07:40:43Z</time>
   </trkpt>
   <trkpt lat="22.7323550" lon="120.3270540">
    <ele>18.8</ele>
    <time>2026-09-06T07:40:44Z</time>
   </trkpt>
   <trkpt lat="22.7323570" lon="120.3270500">
    <ele>18.8</ele>
    <time>2026-09-06T07:40:45Z</time>
   </trkpt>
   <trkpt lat="22.7323630" lon="120.3270500">
    <ele>18.8</ele>
    <time>2026-09-06T07:40:46Z</time>
   </trkpt>
   <trkpt lat="22.7323570" lon="120.3270530">
    <ele>18.8</ele>
    <time>2026-09-06T07:40:47Z</time>
   </trkpt>
   <trkpt lat="22.7323590" lon="120.3270610">
    <ele>18.7</ele>
    <time>2026-09-06T07:40:48Z</time>
   </trkpt>
   <trkpt lat="22.7323550" lon="120.3270730">
    <ele>18.7</ele>
    <time>2026-09-06T07:40:49Z</time>
   </trkpt>
   <trkpt lat="22.7323590" lon="120.3270930">
    <ele>18.7</ele>
    <time>2026-09-06T07:40:50Z</time>
   </trkpt>
   <trkpt lat="22.7323680" lon="120.3270970">
    <ele>18.7</ele>
    <time>2026-09-06T07:40:51Z</time>
   </trkpt>
   <trkpt lat="22.7323750" lon="120.3270990">
    <ele>18.7</ele>
    <time>2026-09-06T07:40:52Z</time>
   </trkpt>
   <trkpt lat="22.7323760" lon="120.3271010">
    <ele>18.7</ele>
    <time>2026-09-06T07:40:53Z</time>
   </trkpt>
   <trkpt lat="22.7323760" lon="120.3271080">
    <ele>18.7</ele>
    <time>2026-09-06T07:40:54Z</time>
   </trkpt>
   <trkpt lat="22.7323810" lon="120.3271190">
    <ele>18.7</ele>
    <time>2026-09-06T07:40:55Z</time>
   </trkpt>
   <trkpt lat="22.7323760" lon="120.3271390">
    <ele>18.7</ele>
    <time>2026-09-06T07:40:56Z</time>
   </trkpt>
   <trkpt lat="22.7323830" lon="120.3271500">
    <ele>18.7</ele>
    <time>2026-09-06T07:40:57Z</time>
   </trkpt>
   <trkpt lat="22.7323890" lon="120.3271630">
    <ele>18.7</ele>
    <time>2026-09-06T07:40:58Z</time>
   </trkpt>
   <trkpt lat="22.7323910" lon="120.3271710">
    <ele>18.7</ele>
    <time>2026-09-06T07:40:59Z</time>
   </trkpt>
   <trkpt lat="22.7323930" lon="120.3271680">
    <ele>18.7</ele>
    <time>2026-09-06T07:41:00Z</time>
   </trkpt>
   <trkpt lat="22.7324010" lon="120.3271620">
    <ele>18.7</ele>
    <time>2026-09-06T07:41:01Z</time>
   </trkpt>
   <trkpt lat="22.7323990" lon="120.3271660">
    <ele>18.7</ele>
    <time>2026-09-06T07:41:02Z</time>
   </trkpt>
   <trkpt lat="22.7324020" lon="120.3271810">
    <ele>18.7</ele>
    <time>2026-09-06T07:41:03Z</time>
   </trkpt>
   <trkpt lat="22.7324070" lon="120.3271890">
    <ele>18.7</ele>
    <time>2026-09-06T07:41:04Z</time>
   </trkpt>
   <trkpt lat="22.7324040" lon="120.3271980">
    <ele>18.7</ele>
    <time>2026-09-06T07:41:05Z</time>
   </trkpt>
   <trkpt lat="22.7323990" lon="120.3271990">
    <ele>18.7</ele>
    <time>2026-09-06T07:41:06Z</time>
   </trkpt>
   <trkpt lat="22.7324010" lon="120.3272050">
    <ele>18.7</ele>
    <time>2026-09-06T07:41:07Z</time>
   </trkpt>
   <trkpt lat="22.7324040" lon="120.3272100">
    <ele>18.7</ele>
    <time>2026-09-06T07:41:08Z</time>
   </trkpt>
   <trkpt lat="22.7324170" lon="120.3272170">
    <ele>18.6</ele>
    <time>2026-09-06T07:41:09Z</time>
   </trkpt>
   <trkpt lat="22.7324170" lon="120.3272270">
    <ele>18.6</ele>
    <time>2026-09-06T07:41:10Z</time>
   </trkpt>
   <trkpt lat="22.7324220" lon="120.3272350">
    <ele>18.6</ele>
    <time>2026-09-06T07:41:11Z</time>
   </trkpt>
   <trkpt lat="22.7324190" lon="120.3272400">
    <ele>18.6</ele>
    <time>2026-09-06T07:41:12Z</time>
   </trkpt>
   <trkpt lat="22.7324180" lon="120.3272380">
    <ele>18.6</ele>
    <time>2026-09-06T07:41:13Z</time>
   </trkpt>
   <trkpt lat="22.7324200" lon="120.3272430">
    <ele>18.6</ele>
    <time>2026-09-06T07:41:14Z</time>
   </trkpt>
   <trkpt lat="22.7324210" lon="120.3272500">
    <ele>18.6</ele>
    <time>2026-09-06T07:41:15Z</time>
   </trkpt>
   <trkpt lat="22.7324310" lon="120.3272620">
    <ele>18.6</ele>
    <time>2026-09-06T07:41:16Z</time>
   </trkpt>
   <trkpt lat="22.7324280" lon="120.3272700">
    <ele>18.6</ele>
    <time>2026-09-06T07:41:17Z</time>
   </trkpt>
   <trkpt lat="22.7324280" lon="120.3272820">
    <ele>18.6</ele>
    <time>2026-09-06T07:41:18Z</time>
   </trkpt>
   <trkpt lat="22.7324270" lon="120.3272890">
    <ele>18.6</ele>
    <time>2026-09-06T07:41:19Z</time>
   </trkpt>
   <trkpt lat="22.7324260" lon="120.3272920">
    <ele>18.6</ele>
    <time>2026-09-06T07:41:20Z</time>
   </trkpt>
   <trkpt lat="22.7324290" lon="120.3272940">
    <ele>18.6</ele>
    <time>2026-09-06T07:41:21Z</time>
   </trkpt>
   <trkpt lat="22.7324270" lon="120.3272970">
    <ele>18.6</ele>
    <time>2026-09-06T07:41:22Z</time>
   </trkpt>
   <trkpt lat="22.7324260" lon="120.3273080">
    <ele>18.6</ele>
    <time>2026-09-06T07:41:23Z</time>
   </trkpt>
   <trkpt lat="22.7324360" lon="120.3273230">
    <ele>18.6</ele>
    <time>2026-09-06T07:41:24Z</time>
   </trkpt>
   <trkpt lat="22.7324360" lon="120.3273270">
    <ele>18.6</ele>
    <time>2026-09-06T07:41:25Z</time>
   </trkpt>
   <trkpt lat="22.7324370" lon="120.3273300">
    <ele>18.6</ele>
    <time>2026-09-06T07:41:26Z</time>
   </trkpt>
   <trkpt lat="22.7324340" lon="120.3273340">
    <ele>18.6</ele>
    <time>2026-09-06T07:41:27Z</time>
   </trkpt>
   <trkpt lat="22.7324430" lon="120.3273370">
    <ele>18.6</ele>
    <time>2026-09-06T07:41:28Z</time>
   </trkpt>
   <trkpt lat="22.7324470" lon="120.3273560">
    <ele>18.6</ele>
    <time>2026-09-06T07:41:29Z</time>
   </trkpt>
   <trkpt lat="22.7324460" lon="120.3273830">
    <ele>18.7</ele>
    <time>2026-09-06T07:41:30Z</time>
   </trkpt>
   <trkpt lat="22.7324420" lon="120.3274110">
    <ele>18.7</ele>
    <time>2026-09-06T07:41:31Z</time>
   </trkpt>
   <trkpt lat="22.7324450" lon="120.3274150">
    <ele>18.7</ele>
    <time>2026-09-06T07:41:32Z</time>
   </trkpt>
   <trkpt lat="22.7324520" lon="120.3274000">
    <ele>18.7</ele>
    <time>2026-09-06T07:41:33Z</time>
   </trkpt>
   <trkpt lat="22.7324480" lon="120.3274080">
    <ele>18.7</ele>
    <time>2026-09-06T07:41:34Z</time>
   </trkpt>
   <trkpt lat="22.7324460" lon="120.3274220">
    <ele>18.7</ele>
    <time>2026-09-06T07:41:35Z</time>
   </trkpt>
   <trkpt lat="22.7324410" lon="120.3274360">
    <ele>18.7</ele>
    <time>2026-09-06T07:41:36Z</time>
   </trkpt>
   <trkpt lat="22.7324420" lon="120.3274470">
    <ele>18.7</ele>
    <time>2026-09-06T07:41:37Z</time>
   </trkpt>
   <trkpt lat="22.7324420" lon="120.3274630">
    <ele>18.7</ele>
    <time>2026-09-06T07:41:38Z</time>
   </trkpt>
   <trkpt lat="22.7324420" lon="120.3274770">
    <ele>18.7</ele>
    <time>2026-09-06T07:41:39Z</time>
   </trkpt>
   <trkpt lat="22.7324430" lon="120.3274850">
    <ele>18.7</ele>
    <time>2026-09-06T07:41:40Z</time>
   </trkpt>
   <trkpt lat="22.7324480" lon="120.3274940">
    <ele>18.7</ele>
    <time>2026-09-06T07:41:41Z</time>
   </trkpt>
   <trkpt lat="22.7324610" lon="120.3276580">
    <ele>18.7</ele>
    <time>2026-09-06T07:42:03Z</time>
   </trkpt>
   <trkpt lat="22.7324600" lon="120.3276630">
    <ele>18.7</ele>
    <time>2026-09-06T07:42:04Z</time>
   </trkpt>
   <trkpt lat="22.7324600" lon="120.3276580">
    <ele>18.7</ele>
    <time>2026-09-06T07:42:05Z</time>
   </trkpt>
   <trkpt lat="22.7324640" lon="120.3276560">
    <ele>18.7</ele>
    <time>2026-09-06T07:42:06Z</time>
   </trkpt>
   <trkpt lat="22.7324670" lon="120.3276610">
    <ele>18.7</ele>
    <time>2026-09-06T07:42:07Z</time>
   </trkpt>
   <trkpt lat="22.7324690" lon="120.3276540">
    <ele>18.7</ele>
    <time>2026-09-06T07:42:08Z</time>
   </trkpt>
   <trkpt lat="22.7324730" lon="120.3276400">
    <ele>18.7</ele>
    <time>2026-09-06T07:42:09Z</time>
   </trkpt>
   <trkpt lat="22.7324790" lon="120.3276380">
    <ele>18.7</ele>
    <time>2026-09-06T07:42:10Z</time>
   </trkpt>
   <trkpt lat="22.7324710" lon="120.3276330">
    <ele>18.7</ele>
    <time>2026-09-06T07:42:11Z</time>
   </trkpt>
   <trkpt lat="22.7324710" lon="120.3276350">
    <ele>18.7</ele>
    <time>2026-09-06T07:42:12Z</time>
   </trkpt>
   <trkpt lat="22.7324690" lon="120.3275580">
    <ele>18.7</ele>
    <time>2026-09-06T07:42:20Z</time>
   </trkpt>
   <trkpt lat="22.7324920" lon="120.3275290">
    <ele>18.7</ele>
    <time>2026-09-06T07:42:21Z</time>
   </trkpt>
   <trkpt lat="22.7324800" lon="120.3275130">
    <ele>18.7</ele>
    <time>2026-09-06T07:42:22Z</time>
   </trkpt>
   <trkpt lat="22.7324650" lon="120.3275020">
    <ele>18.7</ele>
    <time>2026-09-06T07:42:23Z</time>
   </trkpt>
   <trkpt lat="22.7324570" lon="120.3274890">
    <ele>18.7</ele>
    <time>2026-09-06T07:42:24Z</time>
   </trkpt>
   <trkpt lat="22.7324450" lon="120.3274850">
    <ele>18.7</ele>
    <time>2026-09-06T07:42:25Z</time>
   </trkpt>
   <trkpt lat="22.7324340" lon="120.3274770">
    <ele>18.7</ele>
    <time>2026-09-06T07:42:26Z</time>
   </trkpt>
   <trkpt lat="22.7324090" lon="120.3274690">
    <ele>18.7</ele>
    <time>2026-09-06T07:42:27Z</time>
   </trkpt>
   <trkpt lat="22.7323820" lon="120.3274740">
    <ele>18.7</ele>
    <time>2026-09-06T07:42:28Z</time>
   </trkpt>
   <trkpt lat="22.7323810" lon="120.3274950">
    <ele>18.7</ele>
    <time>2026-09-06T07:42:29Z</time>
   </trkpt>
   <trkpt lat="22.7323730" lon="120.3275120">
    <ele>18.7</ele>
    <time>2026-09-06T07:42:30Z</time>
   </trkpt>
   <trkpt lat="22.7323670" lon="120.3275280">
    <ele>18.7</ele>
    <time>2026-09-06T07:42:31Z</time>
   </trkpt>
   <trkpt lat="22.7323530" lon="120.3275340">
    <ele>18.7</ele>
    <time>2026-09-06T07:42:32Z</time>
   </trkpt>
   <trkpt lat="22.7323480" lon="120.3275360">
    <ele>18.7</ele>
    <time>2026-09-06T07:42:33Z</time>
   </trkpt>
   <trkpt lat="22.7323410" lon="120.3275430">
    <ele>18.7</ele>
    <time>2026-09-06T07:42:34Z</time>
   </trkpt>
   <trkpt lat="22.7323290" lon="120.3275590">
    <ele>18.7</ele>
    <time>2026-09-06T07:42:35Z</time>
   </trkpt>
   <trkpt lat="22.7323200" lon="120.3275710">
    <ele>18.7</ele>
    <time>2026-09-06T07:42:36Z</time>
   </trkpt>
   <trkpt lat="22.7323150" lon="120.3275770">
    <ele>18.7</ele>
    <time>2026-09-06T07:42:37Z</time>
   </trkpt>
   <trkpt lat="22.7323000" lon="120.3275960">
    <ele>18.7</ele>
    <time>2026-09-06T07:42:38Z</time>
   </trkpt>
   <trkpt lat="22.7322970" lon="120.3276130">
    <ele>18.7</ele>
    <time>2026-09-06T07:42:39Z</time>
   </trkpt>
   <trkpt lat="22.7322830" lon="120.3276270">
    <ele>18.7</ele>
    <time>2026-09-06T07:42:40Z</time>
   </trkpt>
   <trkpt lat="22.7322680" lon="120.3276430">
    <ele>18.7</ele>
    <time>2026-09-06T07:42:41Z</time>
   </trkpt>
   <trkpt lat="22.7322540" lon="120.3276510">
    <ele>18.7</ele>
    <time>2026-09-06T07:42:42Z</time>
   </trkpt>
   <trkpt lat="22.7322590" lon="120.3276560">
    <ele>18.7</ele>
    <time>2026-09-06T07:42:43Z</time>
   </trkpt>
   <trkpt lat="22.7322550" lon="120.3276680">
    <ele>18.7</ele>
    <time>2026-09-06T07:42:44Z</time>
   </trkpt>
   <trkpt lat="22.7322550" lon="120.3276720">
    <ele>18.7</ele>
    <time>2026-09-06T07:42:45Z</time>
   </trkpt>
   <trkpt lat="22.7322530" lon="120.3276640">
    <ele>18.7</ele>
    <time>2026-09-06T07:42:46Z</time>
   </trkpt>
   <trkpt lat="22.7322660" lon="120.3276560">
    <ele>18.7</ele>
    <time>2026-09-06T07:42:47Z</time>
   </trkpt>
   <trkpt lat="22.7322650" lon="120.3276570">
    <ele>18.7</ele>
    <time>2026-09-06T07:42:48Z</time>
   </trkpt>
   <trkpt lat="22.7322620" lon="120.3276470">
    <ele>18.7</ele>
    <time>2026-09-06T07:42:49Z</time>
   </trkpt>
   <trkpt lat="22.7322600" lon="120.3276440">
    <ele>18.7</ele>
    <time>2026-09-06T07:42:50Z</time>
   </trkpt>
   <trkpt lat="22.7322580" lon="120.3276520">
    <ele>18.7</ele>
    <time>2026-09-06T07:42:51Z</time>
   </trkpt>
   <trkpt lat="22.7322640" lon="120.3276620">
    <ele>18.6</ele>
    <time>2026-09-06T07:42:52Z</time>
   </trkpt>
   <trkpt lat="22.7322650" lon="120.3276640">
    <ele>18.6</ele>
    <time>2026-09-06T07:42:53Z</time>
   </trkpt>
   <trkpt lat="22.7322630" lon="120.3276590">
    <ele>18.6</ele>
    <time>2026-09-06T07:42:54Z</time>
   </trkpt>
   <trkpt lat="22.7322610" lon="120.3276680">
    <ele>18.6</ele>
    <time>2026-09-06T07:42:55Z</time>
   </trkpt>
   <trkpt lat="22.7322490" lon="120.3276920">
    <ele>18.6</ele>
    <time>2026-09-06T07:42:56Z</time>
   </trkpt>
   <trkpt lat="22.7322270" lon="120.3276980">
    <ele>18.6</ele>
    <time>2026-09-06T07:42:57Z</time>
   </trkpt>
   <trkpt lat="22.7322250" lon="120.3276820">
    <ele>18.6</ele>
    <time>2026-09-06T07:42:58Z</time>
   </trkpt>
   <trkpt lat="22.7322130" lon="120.3276590">
    <ele>18.6</ele>
    <time>2026-09-06T07:42:59Z</time>
   </trkpt>
   <trkpt lat="22.7321870" lon="120.3276200">
    <ele>18.6</ele>
    <time>2026-09-06T07:43:00Z</time>
   </trkpt>
   <trkpt lat="22.7321890" lon="120.3276310">
    <ele>18.6</ele>
    <time>2026-09-06T07:43:01Z</time>
   </trkpt>
   <trkpt lat="22.7321800" lon="120.3276250">
    <ele>18.6</ele>
    <time>2026-09-06T07:43:02Z</time>
   </trkpt>
   <trkpt lat="22.7321780" lon="120.3276200">
    <ele>18.6</ele>
    <time>2026-09-06T07:43:03Z</time>
   </trkpt>
   <trkpt lat="22.7321770" lon="120.3276280">
    <ele>18.6</ele>
    <time>2026-09-06T07:43:04Z</time>
   </trkpt>
   <trkpt lat="22.7321710" lon="120.3276400">
    <ele>18.6</ele>
    <time>2026-09-06T07:43:05Z</time>
   </trkpt>
   <trkpt lat="22.7321770" lon="120.3276570">
    <ele>18.6</ele>
    <time>2026-09-06T07:43:06Z</time>
   </trkpt>
   <trkpt lat="22.7321810" lon="120.3276850">
    <ele>18.6</ele>
    <time>2026-09-06T07:43:07Z</time>
   </trkpt>
   <trkpt lat="22.7321780" lon="120.3276970">
    <ele>18.6</ele>
    <time>2026-09-06T07:43:08Z</time>
   </trkpt>
   <trkpt lat="22.7321750" lon="120.3276990">
    <ele>18.6</ele>
    <time>2026-09-06T07:43:09Z</time>
   </trkpt>
   <trkpt lat="22.7321770" lon="120.3277000">
    <ele>18.6</ele>
    <time>2026-09-06T07:43:10Z</time>
   </trkpt>
   <trkpt lat="22.7321740" lon="120.3276990">
    <ele>18.6</ele>
    <time>2026-09-06T07:43:11Z</time>
   </trkpt>
   <trkpt lat="22.7321630" lon="120.3276900">
    <ele>18.6</ele>
    <time>2026-09-06T07:43:12Z</time>
   </trkpt>
   <trkpt lat="22.7321600" lon="120.3276840">
    <ele>18.6</ele>
    <time>2026-09-06T07:43:13Z</time>
   </trkpt>
   <trkpt lat="22.7321660" lon="120.3276880">
    <ele>18.6</ele>
    <time>2026-09-06T07:43:14Z</time>
   </trkpt>
   <trkpt lat="22.7321660" lon="120.3276810">
    <ele>18.6</ele>
    <time>2026-09-06T07:43:15Z</time>
   </trkpt>
   <trkpt lat="22.7321750" lon="120.3276940">
    <ele>18.6</ele>
    <time>2026-09-06T07:43:16Z</time>
   </trkpt>
   <trkpt lat="22.7321640" lon="120.3276830">
    <ele>18.6</ele>
    <time>2026-09-06T07:43:17Z</time>
   </trkpt>
   <trkpt lat="22.7321510" lon="120.3276870">
    <ele>18.7</ele>
    <time>2026-09-06T07:43:18Z</time>
   </trkpt>
   <trkpt lat="22.7321370" lon="120.3276800">
    <ele>18.7</ele>
    <time>2026-09-06T07:43:19Z</time>
   </trkpt>
   <trkpt lat="22.7321420" lon="120.3277000">
    <ele>18.7</ele>
    <time>2026-09-06T07:43:20Z</time>
   </trkpt>
   <trkpt lat="22.7321410" lon="120.3277080">
    <ele>18.7</ele>
    <time>2026-09-06T07:43:21Z</time>
   </trkpt>
   <trkpt lat="22.7321440" lon="120.3277180">
    <ele>18.7</ele>
    <time>2026-09-06T07:43:22Z</time>
   </trkpt>
   <trkpt lat="22.7321520" lon="120.3277310">
    <ele>18.7</ele>
    <time>2026-09-06T07:43:23Z</time>
   </trkpt>
   <trkpt lat="22.7321520" lon="120.3277370">
    <ele>18.7</ele>
    <time>2026-09-06T07:43:24Z</time>
   </trkpt>
   <trkpt lat="22.7321550" lon="120.3277380">
    <ele>18.7</ele>
    <time>2026-09-06T07:43:25Z</time>
   </trkpt>
   <trkpt lat="22.7321560" lon="120.3277330">
    <ele>18.7</ele>
    <time>2026-09-06T07:43:26Z</time>
   </trkpt>
   <trkpt lat="22.7321320" lon="120.3277060">
    <ele>18.7</ele>
    <time>2026-09-06T07:43:27Z</time>
   </trkpt>
   <trkpt lat="22.7321410" lon="120.3276960">
    <ele>18.7</ele>
    <time>2026-09-06T07:43:28Z</time>
   </trkpt>
   <trkpt lat="22.7321460" lon="120.3276860">
    <ele>18.7</ele>
    <time>2026-09-06T07:43:29Z</time>
   </trkpt>
   <trkpt lat="22.7321590" lon="120.3276780">
    <ele>18.7</ele>
    <time>2026-09-06T07:43:30Z</time>
   </trkpt>
   <trkpt lat="22.7321740" lon="120.3276700">
    <ele>18.7</ele>
    <time>2026-09-06T07:43:31Z</time>
   </trkpt>
   <trkpt lat="22.7321800" lon="120.3276670">
    <ele>18.7</ele>
    <time>2026-09-06T07:43:32Z</time>
   </trkpt>
   <trkpt lat="22.7321920" lon="120.3276740">
    <ele>18.7</ele>
    <time>2026-09-06T07:43:33Z</time>
   </trkpt>
   <trkpt lat="22.7323190" lon="120.3275220">
    <ele>18.7</ele>
    <time>2026-09-06T07:43:48Z</time>
   </trkpt>
   <trkpt lat="22.7323260" lon="120.3275230">
    <ele>18.7</ele>
    <time>2026-09-06T07:43:49Z</time>
   </trkpt>
   <trkpt lat="22.7323430" lon="120.3275080">
    <ele>18.8</ele>
    <time>2026-09-06T07:43:50Z</time>
   </trkpt>
   <trkpt lat="22.7323540" lon="120.3274820">
    <ele>18.8</ele>
    <time>2026-09-06T07:43:51Z</time>
   </trkpt>
   <trkpt lat="22.7323660" lon="120.3274780">
    <ele>18.8</ele>
    <time>2026-09-06T07:43:52Z</time>
   </trkpt>
   <trkpt lat="22.7323840" lon="120.3274540">
    <ele>18.8</ele>
    <time>2026-09-06T07:43:53Z</time>
   </trkpt>
   <trkpt lat="22.7324030" lon="120.3274490">
    <ele>18.8</ele>
    <time>2026-09-06T07:43:54Z</time>
   </trkpt>
   <trkpt lat="22.7324130" lon="120.3274280">
    <ele>18.8</ele>
    <time>2026-09-06T07:43:55Z</time>
   </trkpt>
   <trkpt lat="22.7324190" lon="120.3274040">
    <ele>18.8</ele>
    <time>2026-09-06T07:43:56Z</time>
   </trkpt>
   <trkpt lat="22.7324280" lon="120.3274010">
    <ele>18.8</ele>
    <time>2026-09-06T07:43:57Z</time>
   </trkpt>
   <trkpt lat="22.7324400" lon="120.3273930">
    <ele>18.8</ele>
    <time>2026-09-06T07:43:58Z</time>
   </trkpt>
   <trkpt lat="22.7324420" lon="120.3273930">
    <ele>18.8</ele>
    <time>2026-09-06T07:43:59Z</time>
   </trkpt>
   <trkpt lat="22.7324470" lon="120.3273950">
    <ele>18.8</ele>
    <time>2026-09-06T07:44:00Z</time>
   </trkpt>
   <trkpt lat="22.7324500" lon="120.3273960">
    <ele>18.8</ele>
    <time>2026-09-06T07:44:01Z</time>
   </trkpt>
   <trkpt lat="22.7324530" lon="120.3273950">
    <ele>18.8</ele>
    <time>2026-09-06T07:44:02Z</time>
   </trkpt>
   <trkpt lat="22.7324610" lon="120.3273820">
    <ele>18.8</ele>
    <time>2026-09-06T07:44:03Z</time>
   </trkpt>
   <trkpt lat="22.7324660" lon="120.3273770">
    <ele>18.8</ele>
    <time>2026-09-06T07:44:04Z</time>
   </trkpt>
   <trkpt lat="22.7324550" lon="120.3273770">
    <ele>18.8</ele>
    <time>2026-09-06T07:44:05Z</time>
   </trkpt>
   <trkpt lat="22.7324450" lon="120.3273590">
    <ele>18.8</ele>
    <time>2026-09-06T07:44:06Z</time>
   </trkpt>
   <trkpt lat="22.7324420" lon="120.3273610">
    <ele>18.8</ele>
    <time>2026-09-06T07:44:07Z</time>
   </trkpt>
   <trkpt lat="22.7324440" lon="120.3273640">
    <ele>18.8</ele>
    <time>2026-09-06T07:44:08Z</time>
   </trkpt>
   <trkpt lat="22.7324440" lon="120.3273680">
    <ele>18.8</ele>
    <time>2026-09-06T07:44:09Z</time>
   </trkpt>
   <trkpt lat="22.7324610" lon="120.3273600">
    <ele>18.8</ele>
    <time>2026-09-06T07:44:10Z</time>
   </trkpt>
   <trkpt lat="22.7324660" lon="120.3273490">
    <ele>18.8</ele>
    <time>2026-09-06T07:44:11Z</time>
   </trkpt>
   <trkpt lat="22.7324660" lon="120.3273480">
    <ele>18.8</ele>
    <time>2026-09-06T07:44:12Z</time>
   </trkpt>
   <trkpt lat="22.7324610" lon="120.3273550">
    <ele>18.8</ele>
    <time>2026-09-06T07:44:13Z</time>
   </trkpt>
   <trkpt lat="22.7324570" lon="120.3273530">
    <ele>18.8</ele>
    <time>2026-09-06T07:44:14Z</time>
   </trkpt>
   <trkpt lat="22.7324470" lon="120.3273590">
    <ele>18.8</ele>
    <time>2026-09-06T07:44:15Z</time>
   </trkpt>
   <trkpt lat="22.7324410" lon="120.3273590">
    <ele>18.8</ele>
    <time>2026-09-06T07:44:16Z</time>
   </trkpt>
   <trkpt lat="22.7324400" lon="120.3273550">
    <ele>18.8</ele>
    <time>2026-09-06T07:44:17Z</time>
   </trkpt>
   <trkpt lat="22.7324430" lon="120.3273510">
    <ele>18.8</ele>
    <time>2026-09-06T07:44:18Z</time>
   </trkpt>
   <trkpt lat="22.7324450" lon="120.3273370">
    <ele>18.8</ele>
    <time>2026-09-06T07:44:19Z</time>
   </trkpt>
   <trkpt lat="22.7324400" lon="120.3273340">
    <ele>18.8</ele>
    <time>2026-09-06T07:44:20Z</time>
   </trkpt>
   <trkpt lat="22.7324380" lon="120.3273310">
    <ele>18.8</ele>
    <time>2026-09-06T07:44:21Z</time>
   </trkpt>
   <trkpt lat="22.7324360" lon="120.3273190">
    <ele>18.9</ele>
    <time>2026-09-06T07:44:22Z</time>
   </trkpt>
   <trkpt lat="22.7324350" lon="120.3273150">
    <ele>18.9</ele>
    <time>2026-09-06T07:44:23Z</time>
   </trkpt>
   <trkpt lat="22.7324380" lon="120.3273260">
    <ele>18.9</ele>
    <time>2026-09-06T07:44:24Z</time>
   </trkpt>
   <trkpt lat="22.7324340" lon="120.3273180">
    <ele>18.9</ele>
    <time>2026-09-06T07:44:25Z</time>
   </trkpt>
   <trkpt lat="22.7324300" lon="120.3272910">
    <ele>18.9</ele>
    <time>2026-09-06T07:44:26Z</time>
   </trkpt>
   <trkpt lat="22.7324290" lon="120.3272760">
    <ele>18.9</ele>
    <time>2026-09-06T07:44:27Z</time>
   </trkpt>
   <trkpt lat="22.7324220" lon="120.3272750">
    <ele>18.9</ele>
    <time>2026-09-06T07:44:28Z</time>
   </trkpt>
   <trkpt lat="22.7324220" lon="120.3272640">
    <ele>18.9</ele>
    <time>2026-09-06T07:44:29Z</time>
   </trkpt>
   <trkpt lat="22.7324210" lon="120.3272560">
    <ele>18.9</ele>
    <time>2026-09-06T07:44:30Z</time>
   </trkpt>
   <trkpt lat="22.7324200" lon="120.3272470">
    <ele>18.9</ele>
    <time>2026-09-06T07:44:31Z</time>
   </trkpt>
   <trkpt lat="22.7324180" lon="120.3272350">
    <ele>18.9</ele>
    <time>2026-09-06T07:44:32Z</time>
   </trkpt>
   <trkpt lat="22.7324100" lon="120.3272260">
    <ele>18.9</ele>
    <time>2026-09-06T07:44:33Z</time>
   </trkpt>
   <trkpt lat="22.7324010" lon="120.3272120">
    <ele>18.9</ele>
    <time>2026-09-06T07:44:34Z</time>
   </trkpt>
   <trkpt lat="22.7324000" lon="120.3272030">
    <ele>18.9</ele>
    <time>2026-09-06T07:44:35Z</time>
   </trkpt>
   <trkpt lat="22.7323930" lon="120.3271920">
    <ele>18.9</ele>
    <time>2026-09-06T07:44:36Z</time>
   </trkpt>
   <trkpt lat="22.7323920" lon="120.3271770">
    <ele>18.9</ele>
    <time>2026-09-06T07:44:37Z</time>
   </trkpt>
   <trkpt lat="22.7323920" lon="120.3271650">
    <ele>18.9</ele>
    <time>2026-09-06T07:44:38Z</time>
   </trkpt>
   <trkpt lat="22.7323820" lon="120.3271480">
    <ele>19.0</ele>
    <time>2026-09-06T07:44:39Z</time>
   </trkpt>
   <trkpt lat="22.7323790" lon="120.3271400">
    <ele>19.0</ele>
    <time>2026-09-06T07:44:40Z</time>
   </trkpt>
   <trkpt lat="22.7323700" lon="120.3271260">
    <ele>19.0</ele>
    <time>2026-09-06T07:44:41Z</time>
   </trkpt>
   <trkpt lat="22.7323640" lon="120.3271180">
    <ele>19.0</ele>
    <time>2026-09-06T07:44:42Z</time>
   </trkpt>
   <trkpt lat="22.7323670" lon="120.3271060">
    <ele>19.0</ele>
    <time>2026-09-06T07:44:43Z</time>
   </trkpt>
   <trkpt lat="22.7323620" lon="120.3270950">
    <ele>19.0</ele>
    <time>2026-09-06T07:44:44Z</time>
   </trkpt>
   <trkpt lat="22.7323620" lon="120.3270870">
    <ele>19.0</ele>
    <time>2026-09-06T07:44:45Z</time>
   </trkpt>
   <trkpt lat="22.7323580" lon="120.3270780">
    <ele>19.0</ele>
    <time>2026-09-06T07:44:46Z</time>
   </trkpt>
   <trkpt lat="22.7323480" lon="120.3270690">
    <ele>19.0</ele>
    <time>2026-09-06T07:44:47Z</time>
   </trkpt>
   <trkpt lat="22.7323490" lon="120.3270630">
    <ele>19.0</ele>
    <time>2026-09-06T07:44:48Z</time>
   </trkpt>
   <trkpt lat="22.7323490" lon="120.3270570">
    <ele>19.0</ele>
    <time>2026-09-06T07:44:49Z</time>
   </trkpt>
   <trkpt lat="22.7323360" lon="120.3270500">
    <ele>19.0</ele>
    <time>2026-09-06T07:44:50Z</time>
   </trkpt>
   <trkpt lat="22.7323290" lon="120.3270330">
    <ele>19.0</ele>
    <time>2026-09-06T07:44:51Z</time>
   </trkpt>
   <trkpt lat="22.7323270" lon="120.3270250">
    <ele>19.0</ele>
    <time>2026-09-06T07:44:52Z</time>
   </trkpt>
   <trkpt lat="22.7323260" lon="120.3270130">
    <ele>19.0</ele>
    <time>2026-09-06T07:44:53Z</time>
   </trkpt>
   <trkpt lat="22.7323230" lon="120.3269980">
    <ele>19.0</ele>
    <time>2026-09-06T07:44:54Z</time>
   </trkpt>
   <trkpt lat="22.7323200" lon="120.3269870">
    <ele>19.0</ele>
    <time>2026-09-06T07:44:55Z</time>
   </trkpt>
   <trkpt lat="22.7323210" lon="120.3269750">
    <ele>19.0</ele>
    <time>2026-09-06T07:44:56Z</time>
   </trkpt>
   <trkpt lat="22.7323160" lon="120.3269680">
    <ele>19.0</ele>
    <time>2026-09-06T07:44:57Z</time>
   </trkpt>
   <trkpt lat="22.7323110" lon="120.3269590">
    <ele>19.0</ele>
    <time>2026-09-06T07:44:58Z</time>
   </trkpt>
   <trkpt lat="22.7323070" lon="120.3269490">
    <ele>19.0</ele>
    <time>2026-09-06T07:44:59Z</time>
   </trkpt>
   <trkpt lat="22.7323020" lon="120.3269430">
    <ele>19.0</ele>
    <time>2026-09-06T07:45:00Z</time>
   </trkpt>
   <trkpt lat="22.7323020" lon="120.3269180">
    <ele>19.0</ele>
    <time>2026-09-06T07:45:01Z</time>
   </trkpt>
   <trkpt lat="22.7322960" lon="120.3269070">
    <ele>19.0</ele>
    <time>2026-09-06T07:45:02Z</time>
   </trkpt>
   <trkpt lat="22.7322900" lon="120.3268930">
    <ele>19.0</ele>
    <time>2026-09-06T07:45:03Z</time>
   </trkpt>
   <trkpt lat="22.7322900" lon="120.3268810">
    <ele>19.0</ele>
    <time>2026-09-06T07:45:04Z</time>
   </trkpt>
   <trkpt lat="22.7322880" lon="120.3268720">
    <ele>19.0</ele>
    <time>2026-09-06T07:45:05Z</time>
   </trkpt>
   <trkpt lat="22.7322840" lon="120.3268630">
    <ele>19.0</ele>
    <time>2026-09-06T07:45:06Z</time>
   </trkpt>
   <trkpt lat="22.7322780" lon="120.3268550">
    <ele>19.0</ele>
    <time>2026-09-06T07:45:07Z</time>
   </trkpt>
   <trkpt lat="22.7322790" lon="120.3268390">
    <ele>19.0</ele>
    <time>2026-09-06T07:45:08Z</time>
   </trkpt>
   <trkpt lat="22.7322740" lon="120.3268230">
    <ele>19.0</ele>
    <time>2026-09-06T07:45:09Z</time>
   </trkpt>
   <trkpt lat="22.7322680" lon="120.3268100">
    <ele>19.0</ele>
    <time>2026-09-06T07:45:10Z</time>
   </trkpt>
   <trkpt lat="22.7322610" lon="120.3268000">
    <ele>19.0</ele>
    <time>2026-09-06T07:45:11Z</time>
   </trkpt>
   <trkpt lat="22.7322550" lon="120.3267940">
    <ele>19.0</ele>
    <time>2026-09-06T07:45:12Z</time>
   </trkpt>
   <trkpt lat="22.7322500" lon="120.3267860">
    <ele>19.0</ele>
    <time>2026-09-06T07:45:13Z</time>
   </trkpt>
   <trkpt lat="22.7322490" lon="120.3267800">
    <ele>19.0</ele>
    <time>2026-09-06T07:45:14Z</time>
   </trkpt>
   <trkpt lat="22.7322470" lon="120.3267810">
    <ele>19.0</ele>
    <time>2026-09-06T07:45:15Z</time>
   </trkpt>
   <trkpt lat="22.7322430" lon="120.3267730">
    <ele>19.0</ele>
    <time>2026-09-06T07:45:16Z</time>
   </trkpt>
   <trkpt lat="22.7322380" lon="120.3267640">
    <ele>19.0</ele>
    <time>2026-09-06T07:45:17Z</time>
   </trkpt>
   <trkpt lat="22.7322320" lon="120.3267480">
    <ele>19.0</ele>
    <time>2026-09-06T07:45:18Z</time>
   </trkpt>
   <trkpt lat="22.7322300" lon="120.3267350">
    <ele>19.0</ele>
    <time>2026-09-06T07:45:19Z</time>
   </trkpt>
   <trkpt lat="22.7322240" lon="120.3267290">
    <ele>19.0</ele>
    <time>2026-09-06T07:45:20Z</time>
   </trkpt>
   <trkpt lat="22.7322140" lon="120.3267220">
    <ele>19.0</ele>
    <time>2026-09-06T07:45:21Z</time>
   </trkpt>
   <trkpt lat="22.7322060" lon="120.3267110">
    <ele>19.0</ele>
    <time>2026-09-06T07:45:22Z</time>
   </trkpt>
   <trkpt lat="22.7322050" lon="120.3266980">
    <ele>18.9</ele>
    <time>2026-09-06T07:45:23Z</time>
   </trkpt>
   <trkpt lat="22.7322060" lon="120.3266810">
    <ele>18.9</ele>
    <time>2026-09-06T07:45:24Z</time>
   </trkpt>
   <trkpt lat="22.7322140" lon="120.3266720">
    <ele>18.9</ele>
    <time>2026-09-06T07:45:25Z</time>
   </trkpt>
   <trkpt lat="22.7322130" lon="120.3266700">
    <ele>18.9</ele>
    <time>2026-09-06T07:45:26Z</time>
   </trkpt>
   <trkpt lat="22.7322180" lon="120.3266530">
    <ele>18.9</ele>
    <time>2026-09-06T07:45:27Z</time>
   </trkpt>
   <trkpt lat="22.7322180" lon="120.3266450">
    <ele>18.9</ele>
    <time>2026-09-06T07:45:28Z</time>
   </trkpt>
   <trkpt lat="22.7322160" lon="120.3266340">
    <ele>18.9</ele>
    <time>2026-09-06T07:45:29Z</time>
   </trkpt>
   <trkpt lat="22.7322080" lon="120.3266210">
    <ele>18.9</ele>
    <time>2026-09-06T07:45:30Z</time>
   </trkpt>
   <trkpt lat="22.7321990" lon="120.3266140">
    <ele>18.9</ele>
    <time>2026-09-06T07:45:31Z</time>
   </trkpt>
   <trkpt lat="22.7321870" lon="120.3266130">
    <ele>18.9</ele>
    <time>2026-09-06T07:45:32Z</time>
   </trkpt>
   <trkpt lat="22.7321790" lon="120.3266110">
    <ele>18.9</ele>
    <time>2026-09-06T07:45:33Z</time>
   </trkpt>
   <trkpt lat="22.7321760" lon="120.3266060">
    <ele>18.9</ele>
    <time>2026-09-06T07:45:34Z</time>
   </trkpt>
   <trkpt lat="22.7321760" lon="120.3266010">
    <ele>18.9</ele>
    <time>2026-09-06T07:45:35Z</time>
   </trkpt>
   <trkpt lat="22.7321710" lon="120.3265980">
    <ele>18.9</ele>
    <time>2026-09-06T07:45:36Z</time>
   </trkpt>
   <trkpt lat="22.7321660" lon="120.3265900">
    <ele>18.9</ele>
    <time>2026-09-06T07:45:37Z</time>
   </trkpt>
   <trkpt lat="22.7321620" lon="120.3265850">
    <ele>18.9</ele>
    <time>2026-09-06T07:45:38Z</time>
   </trkpt>
   <trkpt lat="22.7321610" lon="120.3265770">
    <ele>18.9</ele>
    <time>2026-09-06T07:45:39Z</time>
   </trkpt>
   <trkpt lat="22.7321670" lon="120.3265610">
    <ele>18.9</ele>
    <time>2026-09-06T07:45:40Z</time>
   </trkpt>
   <trkpt lat="22.7321800" lon="120.3265500">
    <ele>18.9</ele>
    <time>2026-09-06T07:45:41Z</time>
   </trkpt>
   <trkpt lat="22.7321890" lon="120.3265410">
    <ele>18.9</ele>
    <time>2026-09-06T07:45:42Z</time>
   </trkpt>
   <trkpt lat="22.7321920" lon="120.3265430">
    <ele>18.9</ele>
    <time>2026-09-06T07:45:43Z</time>
   </trkpt>
   <trkpt lat="22.7322040" lon="120.3265330">
    <ele>18.9</ele>
    <time>2026-09-06T07:45:44Z</time>
   </trkpt>
   <trkpt lat="22.7322080" lon="120.3265280">
    <ele>18.9</ele>
    <time>2026-09-06T07:45:45Z</time>
   </trkpt>
   <trkpt lat="22.7322170" lon="120.3265230">
    <ele>18.9</ele>
    <time>2026-09-06T07:45:46Z</time>
   </trkpt>
   <trkpt lat="22.7322210" lon="120.3265110">
    <ele>18.9</ele>
    <time>2026-09-06T07:45:47Z</time>
   </trkpt>
   <trkpt lat="22.7322300" lon="120.3265040">
    <ele>18.9</ele>
    <time>2026-09-06T07:45:48Z</time>
   </trkpt>
   <trkpt lat="22.7322450" lon="120.3265020">
    <ele>18.9</ele>
    <time>2026-09-06T07:45:49Z</time>
   </trkpt>
   <trkpt lat="22.7322530" lon="120.3264990">
    <ele>18.9</ele>
    <time>2026-09-06T07:45:50Z</time>
   </trkpt>
   <trkpt lat="22.7322530" lon="120.3264900">
    <ele>18.9</ele>
    <time>2026-09-06T07:45:51Z</time>
   </trkpt>
   <trkpt lat="22.7322600" lon="120.3264870">
    <ele>18.9</ele>
    <time>2026-09-06T07:45:52Z</time>
   </trkpt>
   <trkpt lat="22.7322710" lon="120.3264770">
    <ele>18.9</ele>
    <time>2026-09-06T07:45:53Z</time>
   </trkpt>
   <trkpt lat="22.7322760" lon="120.3264730">
    <ele>18.9</ele>
    <time>2026-09-06T07:45:54Z</time>
   </trkpt>
   <trkpt lat="22.7322850" lon="120.3264660">
    <ele>18.8</ele>
    <time>2026-09-06T07:45:55Z</time>
   </trkpt>
   <trkpt lat="22.7322940" lon="120.3264650">
    <ele>18.8</ele>
    <time>2026-09-06T07:45:56Z</time>
   </trkpt>
   <trkpt lat="22.7323020" lon="120.3264610">
    <ele>18.8</ele>
    <time>2026-09-06T07:45:57Z</time>
   </trkpt>
   <trkpt lat="22.7323070" lon="120.3264670">
    <ele>18.8</ele>
    <time>2026-09-06T07:45:58Z</time>
   </trkpt>
   <trkpt lat="22.7323070" lon="120.3264730">
    <ele>18.8</ele>
    <time>2026-09-06T07:45:59Z</time>
   </trkpt>
   <trkpt lat="22.7323030" lon="120.3264680">
    <ele>18.8</ele>
    <time>2026-09-06T07:46:00Z</time>
   </trkpt>
   <trkpt lat="22.7323070" lon="120.3264790">
    <ele>18.8</ele>
    <time>2026-09-06T07:46:01Z</time>
   </trkpt>
   <trkpt lat="22.7323240" lon="120.3264840">
    <ele>18.8</ele>
    <time>2026-09-06T07:46:02Z</time>
   </trkpt>
   <trkpt lat="22.7323330" lon="120.3264820">
    <ele>18.8</ele>
    <time>2026-09-06T07:46:03Z</time>
   </trkpt>
   <trkpt lat="22.7323410" lon="120.3264810">
    <ele>18.8</ele>
    <time>2026-09-06T07:46:04Z</time>
   </trkpt>
   <trkpt lat="22.7323300" lon="120.3264830">
    <ele>18.8</ele>
    <time>2026-09-06T07:46:05Z</time>
   </trkpt>
   <trkpt lat="22.7323210" lon="120.3264940">
    <ele>18.8</ele>
    <time>2026-09-06T07:46:06Z</time>
   </trkpt>
   <trkpt lat="22.7323200" lon="120.3264970">
    <ele>18.8</ele>
    <time>2026-09-06T07:46:07Z</time>
   </trkpt>
   <trkpt lat="22.7323290" lon="120.3264480">
    <ele>18.8</ele>
    <time>2026-09-06T07:46:12Z</time>
   </trkpt>
   <trkpt lat="22.7323280" lon="120.3264580">
    <ele>18.8</ele>
    <time>2026-09-06T07:46:13Z</time>
   </trkpt>
   <trkpt lat="22.7323400" lon="120.3264650">
    <ele>18.8</ele>
    <time>2026-09-06T07:46:14Z</time>
   </trkpt>
   <trkpt lat="22.7323520" lon="120.3264760">
    <ele>18.8</ele>
    <time>2026-09-06T07:46:15Z</time>
   </trkpt>
   <trkpt lat="22.7323480" lon="120.3264710">
    <ele>18.8</ele>
    <time>2026-09-06T07:46:16Z</time>
   </trkpt>
   <trkpt lat="22.7323420" lon="120.3264690">
    <ele>18.8</ele>
    <time>2026-09-06T07:46:17Z</time>
   </trkpt>
   <trkpt lat="22.7323420" lon="120.3264740">
    <ele>18.8</ele>
    <time>2026-09-06T07:46:18Z</time>
   </trkpt>
   <trkpt lat="22.7323450" lon="120.3264820">
    <ele>18.8</ele>
    <time>2026-09-06T07:46:19Z</time>
   </trkpt>
   <trkpt lat="22.7323470" lon="120.3264860">
    <ele>18.8</ele>
    <time>2026-09-06T07:46:20Z</time>
   </trkpt>
   <trkpt lat="22.7323540" lon="120.3264670">
    <ele>18.8</ele>
    <time>2026-09-06T07:46:21Z</time>
   </trkpt>
   <trkpt lat="22.7323630" lon="120.3264460">
    <ele>18.8</ele>
    <time>2026-09-06T07:46:22Z</time>
   </trkpt>
   <trkpt lat="22.7323850" lon="120.3264440">
    <ele>18.8</ele>
    <time>2026-09-06T07:46:23Z</time>
   </trkpt>
   <trkpt lat="22.7323970" lon="120.3264320">
    <ele>18.7</ele>
    <time>2026-09-06T07:46:24Z</time>
   </trkpt>
   <trkpt lat="22.7324020" lon="120.3264400">
    <ele>18.7</ele>
    <time>2026-09-06T07:46:25Z</time>
   </trkpt>
   <trkpt lat="22.7324050" lon="120.3264530">
    <ele>18.7</ele>
    <time>2026-09-06T07:46:26Z</time>
   </trkpt>
   <trkpt lat="22.7324070" lon="120.3264540">
    <ele>18.7</ele>
    <time>2026-09-06T07:46:27Z</time>
   </trkpt>
   <trkpt lat="22.7324130" lon="120.3264570">
    <ele>18.7</ele>
    <time>2026-09-06T07:46:28Z</time>
   </trkpt>
   <trkpt lat="22.7324190" lon="120.3264530">
    <ele>18.7</ele>
    <time>2026-09-06T07:46:29Z</time>
   </trkpt>
   <trkpt lat="22.7324210" lon="120.3264410">
    <ele>18.7</ele>
    <time>2026-09-06T07:46:30Z</time>
   </trkpt>
   <trkpt lat="22.7324240" lon="120.3264210">
    <ele>18.7</ele>
    <time>2026-09-06T07:46:31Z</time>
   </trkpt>
   <trkpt lat="22.7324290" lon="120.3263850">
    <ele>18.7</ele>
    <time>2026-09-06T07:46:32Z</time>
   </trkpt>
   <trkpt lat="22.7324380" lon="120.3263600">
    <ele>18.7</ele>
    <time>2026-09-06T07:46:33Z</time>
   </trkpt>
   <trkpt lat="22.7324450" lon="120.3263580">
    <ele>18.7</ele>
    <time>2026-09-06T07:46:34Z</time>
   </trkpt>
   <trkpt lat="22.7324430" lon="120.3263420">
    <ele>18.7</ele>
    <time>2026-09-06T07:46:35Z</time>
   </trkpt>
   <trkpt lat="22.7324530" lon="120.3263380">
    <ele>18.7</ele>
    <time>2026-09-06T07:46:36Z</time>
   </trkpt>
   <trkpt lat="22.7324650" lon="120.3263490">
    <ele>18.7</ele>
    <time>2026-09-06T07:46:37Z</time>
   </trkpt>
   <trkpt lat="22.7324650" lon="120.3263590">
    <ele>18.7</ele>
    <time>2026-09-06T07:46:38Z</time>
   </trkpt>
   <trkpt lat="22.7324890" lon="120.3263900">
    <ele>18.7</ele>
    <time>2026-09-06T07:46:39Z</time>
   </trkpt>
   <trkpt lat="22.7325020" lon="120.3264010">
    <ele>18.6</ele>
    <time>2026-09-06T07:46:40Z</time>
   </trkpt>
   <trkpt lat="22.7325160" lon="120.3264140">
    <ele>18.6</ele>
    <time>2026-09-06T07:46:41Z</time>
   </trkpt>
   <trkpt lat="22.7325270" lon="120.3264140">
    <ele>18.6</ele>
    <time>2026-09-06T07:46:42Z</time>
   </trkpt>
   <trkpt lat="22.7325230" lon="120.3264050">
    <ele>18.6</ele>
    <time>2026-09-06T07:46:43Z</time>
   </trkpt>
   <trkpt lat="22.7325240" lon="120.3264000">
    <ele>18.6</ele>
    <time>2026-09-06T07:46:44Z</time>
   </trkpt>
   <trkpt lat="22.7325310" lon="120.3263920">
    <ele>18.6</ele>
    <time>2026-09-06T07:46:45Z</time>
   </trkpt>
   <trkpt lat="22.7325360" lon="120.3263810">
    <ele>18.6</ele>
    <time>2026-09-06T07:46:46Z</time>
   </trkpt>
   <trkpt lat="22.7325490" lon="120.3263830">
    <ele>18.6</ele>
    <time>2026-09-06T07:46:47Z</time>
   </trkpt>
   <trkpt lat="22.7325520" lon="120.3263890">
    <ele>18.6</ele>
    <time>2026-09-06T07:46:48Z</time>
   </trkpt>
   <trkpt lat="22.7325570" lon="120.3263840">
    <ele>18.6</ele>
    <time>2026-09-06T07:46:49Z</time>
   </trkpt>
   <trkpt lat="22.7325640" lon="120.3263720">
    <ele>18.6</ele>
    <time>2026-09-06T07:46:50Z</time>
   </trkpt>
   <trkpt lat="22.7325670" lon="120.3263500">
    <ele>18.6</ele>
    <time>2026-09-06T07:46:52Z</time>
   </trkpt>
   <trkpt lat="22.7325780" lon="120.3263510">
    <ele>18.6</ele>
    <time>2026-09-06T07:46:53Z</time>
   </trkpt>
   <trkpt lat="22.7325860" lon="120.3263510">
    <ele>18.6</ele>
    <time>2026-09-06T07:46:54Z</time>
   </trkpt>
   <trkpt lat="22.7325930" lon="120.3263580">
    <ele>18.6</ele>
    <time>2026-09-06T07:46:55Z</time>
   </trkpt>
   <trkpt lat="22.7326000" lon="120.3263650">
    <ele>18.6</ele>
    <time>2026-09-06T07:46:56Z</time>
   </trkpt>
   <trkpt lat="22.7326050" lon="120.3263620">
    <ele>18.6</ele>
    <time>2026-09-06T07:46:57Z</time>
   </trkpt>
   <trkpt lat="22.7326170" lon="120.3263570">
    <ele>18.6</ele>
    <time>2026-09-06T07:46:58Z</time>
   </trkpt>
   <trkpt lat="22.7326240" lon="120.3263730">
    <ele>18.6</ele>
    <time>2026-09-06T07:46:59Z</time>
   </trkpt>
   <trkpt lat="22.7326320" lon="120.3263650">
    <ele>18.6</ele>
    <time>2026-09-06T07:47:00Z</time>
   </trkpt>
   <trkpt lat="22.7326340" lon="120.3263670">
    <ele>18.5</ele>
    <time>2026-09-06T07:47:01Z</time>
   </trkpt>
   <trkpt lat="22.7326400" lon="120.3263580">
    <ele>18.5</ele>
    <time>2026-09-06T07:47:02Z</time>
   </trkpt>
   <trkpt lat="22.7326550" lon="120.3263580">
    <ele>18.5</ele>
    <time>2026-09-06T07:47:03Z</time>
   </trkpt>
   <trkpt lat="22.7326620" lon="120.3263480">
    <ele>18.5</ele>
    <time>2026-09-06T07:47:04Z</time>
   </trkpt>
   <trkpt lat="22.7326680" lon="120.3263370">
    <ele>18.5</ele>
    <time>2026-09-06T07:47:05Z</time>
   </trkpt>
   <trkpt lat="22.7326690" lon="120.3263130">
    <ele>18.5</ele>
    <time>2026-09-06T07:47:06Z</time>
   </trkpt>
   <trkpt lat="22.7326830" lon="120.3262870">
    <ele>18.5</ele>
    <time>2026-09-06T07:47:07Z</time>
   </trkpt>
   <trkpt lat="22.7326940" lon="120.3262840">
    <ele>18.5</ele>
    <time>2026-09-06T07:47:08Z</time>
   </trkpt>
   <trkpt lat="22.7327030" lon="120.3262700">
    <ele>18.5</ele>
    <time>2026-09-06T07:47:09Z</time>
   </trkpt>
   <trkpt lat="22.7327010" lon="120.3262790">
    <ele>18.5</ele>
    <time>2026-09-06T07:47:10Z</time>
   </trkpt>
   <trkpt lat="22.7327030" lon="120.3262780">
    <ele>18.5</ele>
    <time>2026-09-06T07:47:11Z</time>
   </trkpt>
   <trkpt lat="22.7327220" lon="120.3262870">
    <ele>18.5</ele>
    <time>2026-09-06T07:47:12Z</time>
   </trkpt>
   <trkpt lat="22.7327360" lon="120.3262890">
    <ele>18.5</ele>
    <time>2026-09-06T07:47:13Z</time>
   </trkpt>
   <trkpt lat="22.7327340" lon="120.3262940">
    <ele>18.5</ele>
    <time>2026-09-06T07:47:14Z</time>
   </trkpt>
   <trkpt lat="22.7327350" lon="120.3262930">
    <ele>18.5</ele>
    <time>2026-09-06T07:47:15Z</time>
   </trkpt>
   <trkpt lat="22.7327340" lon="120.3262920">
    <ele>18.5</ele>
    <time>2026-09-06T07:47:16Z</time>
   </trkpt>
   <trkpt lat="22.7327320" lon="120.3262720">
    <ele>18.5</ele>
    <time>2026-09-06T07:47:17Z</time>
   </trkpt>
   <trkpt lat="22.7327330" lon="120.3262660">
    <ele>18.5</ele>
    <time>2026-09-06T07:47:18Z</time>
   </trkpt>
   <trkpt lat="22.7327370" lon="120.3262760">
    <ele>18.5</ele>
    <time>2026-09-06T07:47:19Z</time>
   </trkpt>
   <trkpt lat="22.7327440" lon="120.3262770">
    <ele>18.5</ele>
    <time>2026-09-06T07:47:20Z</time>
   </trkpt>
   <trkpt lat="22.7327510" lon="120.3262650">
    <ele>18.5</ele>
    <time>2026-09-06T07:47:21Z</time>
   </trkpt>
   <trkpt lat="22.7327590" lon="120.3262550">
    <ele>18.5</ele>
    <time>2026-09-06T07:47:22Z</time>
   </trkpt>
   <trkpt lat="22.7327800" lon="120.3262520">
    <ele>18.5</ele>
    <time>2026-09-06T07:47:23Z</time>
   </trkpt>
   <trkpt lat="22.7327790" lon="120.3262230">
    <ele>18.5</ele>
    <time>2026-09-06T07:47:24Z</time>
   </trkpt>
   <trkpt lat="22.7327820" lon="120.3262150">
    <ele>18.5</ele>
    <time>2026-09-06T07:47:25Z</time>
   </trkpt>
   <trkpt lat="22.7327820" lon="120.3261980">
    <ele>18.5</ele>
    <time>2026-09-06T07:47:26Z</time>
   </trkpt>
   <trkpt lat="22.7327880" lon="120.3261970">
    <ele>18.5</ele>
    <time>2026-09-06T07:47:27Z</time>
   </trkpt>
   <trkpt lat="22.7327900" lon="120.3262080">
    <ele>18.4</ele>
    <time>2026-09-06T07:47:28Z</time>
   </trkpt>
   <trkpt lat="22.7327960" lon="120.3262120">
    <ele>18.4</ele>
    <time>2026-09-06T07:47:29Z</time>
   </trkpt>
   <trkpt lat="22.7328000" lon="120.3262150">
    <ele>18.4</ele>
    <time>2026-09-06T07:47:30Z</time>
   </trkpt>
   <trkpt lat="22.7328150" lon="120.3262130">
    <ele>18.4</ele>
    <time>2026-09-06T07:47:31Z</time>
   </trkpt>
   <trkpt lat="22.7328280" lon="120.3262060">
    <ele>18.4</ele>
    <time>2026-09-06T07:47:32Z</time>
   </trkpt>
   <trkpt lat="22.7328450" lon="120.3262260">
    <ele>18.4</ele>
    <time>2026-09-06T07:47:33Z</time>
   </trkpt>
   <trkpt lat="22.7328510" lon="120.3262200">
    <ele>18.4</ele>
    <time>2026-09-06T07:47:34Z</time>
   </trkpt>
   <trkpt lat="22.7328590" lon="120.3262180">
    <ele>18.4</ele>
    <time>2026-09-06T07:47:35Z</time>
   </trkpt>
   <trkpt lat="22.7328680" lon="120.3262160">
    <ele>18.4</ele>
    <time>2026-09-06T07:47:36Z</time>
   </trkpt>
   <trkpt lat="22.7328810" lon="120.3262100">
    <ele>18.4</ele>
    <time>2026-09-06T07:47:37Z</time>
   </trkpt>
   <trkpt lat="22.7328970" lon="120.3262130">
    <ele>18.4</ele>
    <time>2026-09-06T07:47:38Z</time>
   </trkpt>
   <trkpt lat="22.7329090" lon="120.3262110">
    <ele>18.4</ele>
    <time>2026-09-06T07:47:39Z</time>
   </trkpt>
   <trkpt lat="22.7329110" lon="120.3261760">
    <ele>18.3</ele>
    <time>2026-09-06T07:47:40Z</time>
   </trkpt>
   <trkpt lat="22.7329140" lon="120.3261650">
    <ele>18.3</ele>
    <time>2026-09-06T07:47:41Z</time>
   </trkpt>
   <trkpt lat="22.7329240" lon="120.3261650">
    <ele>18.3</ele>
    <time>2026-09-06T07:47:42Z</time>
   </trkpt>
   <trkpt lat="22.7329300" lon="120.3261560">
    <ele>18.3</ele>
    <time>2026-09-06T07:47:43Z</time>
   </trkpt>
   <trkpt lat="22.7329370" lon="120.3261530">
    <ele>18.3</ele>
    <time>2026-09-06T07:47:44Z</time>
   </trkpt>
   <trkpt lat="22.7329370" lon="120.3261450">
    <ele>18.3</ele>
    <time>2026-09-06T07:47:45Z</time>
   </trkpt>
   <trkpt lat="22.7329420" lon="120.3261350">
    <ele>18.3</ele>
    <time>2026-09-06T07:47:46Z</time>
   </trkpt>
   <trkpt lat="22.7329470" lon="120.3261160">
    <ele>18.3</ele>
    <time>2026-09-06T07:47:47Z</time>
   </trkpt>
   <trkpt lat="22.7329540" lon="120.3261060">
    <ele>18.3</ele>
    <time>2026-09-06T07:47:48Z</time>
   </trkpt>
   <trkpt lat="22.7329620" lon="120.3260870">
    <ele>18.2</ele>
    <time>2026-09-06T07:47:49Z</time>
   </trkpt>
   <trkpt lat="22.7329720" lon="120.3260720">
    <ele>18.2</ele>
    <time>2026-09-06T07:47:50Z</time>
   </trkpt>
   <trkpt lat="22.7329820" lon="120.3260580">
    <ele>18.2</ele>
    <time>2026-09-06T07:47:51Z</time>
   </trkpt>
   <trkpt lat="22.7329870" lon="120.3260450">
    <ele>18.2</ele>
    <time>2026-09-06T07:47:52Z</time>
   </trkpt>
   <trkpt lat="22.7329930" lon="120.3260400">
    <ele>18.2</ele>
    <time>2026-09-06T07:47:53Z</time>
   </trkpt>
   <trkpt lat="22.7329890" lon="120.3260420">
    <ele>18.2</ele>
    <time>2026-09-06T07:47:54Z</time>
   </trkpt>
   <trkpt lat="22.7329950" lon="120.3260470">
    <ele>18.2</ele>
    <time>2026-09-06T07:47:55Z</time>
   </trkpt>
   <trkpt lat="22.7330060" lon="120.3260460">
    <ele>18.1</ele>
    <time>2026-09-06T07:47:56Z</time>
   </trkpt>
   <trkpt lat="22.7330250" lon="120.3260550">
    <ele>18.1</ele>
    <time>2026-09-06T07:47:57Z</time>
   </trkpt>
   <trkpt lat="22.7330350" lon="120.3260570">
    <ele>18.1</ele>
    <time>2026-09-06T07:47:58Z</time>
   </trkpt>
   <trkpt lat="22.7330460" lon="120.3260600">
    <ele>18.1</ele>
    <time>2026-09-06T07:47:59Z</time>
   </trkpt>
   <trkpt lat="22.7330580" lon="120.3260560">
    <ele>18.1</ele>
    <time>2026-09-06T07:48:00Z</time>
   </trkpt>
   <trkpt lat="22.7330720" lon="120.3260580">
    <ele>18.0</ele>
    <time>2026-09-06T07:48:01Z</time>
   </trkpt>
   <trkpt lat="22.7330810" lon="120.3260670">
    <ele>18.0</ele>
    <time>2026-09-06T07:48:02Z</time>
   </trkpt>
   <trkpt lat="22.7330870" lon="120.3260710">
    <ele>18.0</ele>
    <time>2026-09-06T07:48:03Z</time>
   </trkpt>
   <trkpt lat="22.7330890" lon="120.3260750">
    <ele>18.0</ele>
    <time>2026-09-06T07:48:04Z</time>
   </trkpt>
   <trkpt lat="22.7330990" lon="120.3260790">
    <ele>18.0</ele>
    <time>2026-09-06T07:48:05Z</time>
   </trkpt>
   <trkpt lat="22.7331010" lon="120.3260860">
    <ele>18.0</ele>
    <time>2026-09-06T07:48:06Z</time>
   </trkpt>
   <trkpt lat="22.7330990" lon="120.3260960">
    <ele>18.0</ele>
    <time>2026-09-06T07:48:07Z</time>
   </trkpt>
   <trkpt lat="22.7330990" lon="120.3261040">
    <ele>18.0</ele>
    <time>2026-09-06T07:48:08Z</time>
   </trkpt>
   <trkpt lat="22.7330940" lon="120.3261070">
    <ele>18.0</ele>
    <time>2026-09-06T07:48:09Z</time>
   </trkpt>
   <trkpt lat="22.7331000" lon="120.3261190">
    <ele>18.0</ele>
    <time>2026-09-06T07:48:10Z</time>
   </trkpt>
   <trkpt lat="22.7331040" lon="120.3261350">
    <ele>18.0</ele>
    <time>2026-09-06T07:48:11Z</time>
   </trkpt>
   <trkpt lat="22.7331110" lon="120.3261480">
    <ele>18.0</ele>
    <time>2026-09-06T07:48:12Z</time>
   </trkpt>
   <trkpt lat="22.7331140" lon="120.3261520">
    <ele>18.0</ele>
    <time>2026-09-06T07:48:13Z</time>
   </trkpt>
   <trkpt lat="22.7331170" lon="120.3261570">
    <ele>18.0</ele>
    <time>2026-09-06T07:48:14Z</time>
   </trkpt>
   <trkpt lat="22.7331180" lon="120.3261640">
    <ele>18.0</ele>
    <time>2026-09-06T07:48:15Z</time>
   </trkpt>
   <trkpt lat="22.7331520" lon="120.3261800">
    <ele>18.0</ele>
    <time>2026-09-06T07:48:29Z</time>
   </trkpt>
   <trkpt lat="22.7331460" lon="120.3261920">
    <ele>17.9</ele>
    <time>2026-09-06T07:48:30Z</time>
   </trkpt>
   <trkpt lat="22.7331550" lon="120.3261990">
    <ele>17.9</ele>
    <time>2026-09-06T07:48:31Z</time>
   </trkpt>
   <trkpt lat="22.7331680" lon="120.3262050">
    <ele>17.9</ele>
    <time>2026-09-06T07:48:32Z</time>
   </trkpt>
   <trkpt lat="22.7331790" lon="120.3262080">
    <ele>17.9</ele>
    <time>2026-09-06T07:48:33Z</time>
   </trkpt>
   <trkpt lat="22.7331980" lon="120.3262260">
    <ele>17.9</ele>
    <time>2026-09-06T07:48:34Z</time>
   </trkpt>
   <trkpt lat="22.7332010" lon="120.3262580">
    <ele>17.9</ele>
    <time>2026-09-06T07:48:35Z</time>
   </trkpt>
   <trkpt lat="22.7332120" lon="120.3262800">
    <ele>17.9</ele>
    <time>2026-09-06T07:48:36Z</time>
   </trkpt>
   <trkpt lat="22.7332060" lon="120.3262810">
    <ele>17.9</ele>
    <time>2026-09-06T07:48:37Z</time>
   </trkpt>
   <trkpt lat="22.7332070" lon="120.3262830">
    <ele>17.9</ele>
    <time>2026-09-06T07:48:38Z</time>
   </trkpt>
   <trkpt lat="22.7332240" lon="120.3263000">
    <ele>17.9</ele>
    <time>2026-09-06T07:48:39Z</time>
   </trkpt>
   <trkpt lat="22.7332390" lon="120.3263020">
    <ele>17.9</ele>
    <time>2026-09-06T07:48:40Z</time>
   </trkpt>
   <trkpt lat="22.7332500" lon="120.3263200">
    <ele>17.9</ele>
    <time>2026-09-06T07:48:41Z</time>
   </trkpt>
   <trkpt lat="22.7332550" lon="120.3263240">
    <ele>17.9</ele>
    <time>2026-09-06T07:48:42Z</time>
   </trkpt>
   <trkpt lat="22.7332220" lon="120.3263430">
    <ele>17.8</ele>
    <time>2026-09-06T07:48:43Z</time>
   </trkpt>
   <trkpt lat="22.7332280" lon="120.3263670">
    <ele>17.8</ele>
    <time>2026-09-06T07:48:44Z</time>
   </trkpt>
   <trkpt lat="22.7332400" lon="120.3263840">
    <ele>17.8</ele>
    <time>2026-09-06T07:48:45Z</time>
   </trkpt>
   <trkpt lat="22.7332430" lon="120.3263930">
    <ele>17.7</ele>
    <time>2026-09-06T07:48:46Z</time>
   </trkpt>
   <trkpt lat="22.7332470" lon="120.3264010">
    <ele>17.7</ele>
    <time>2026-09-06T07:48:47Z</time>
   </trkpt>
   <trkpt lat="22.7332530" lon="120.3264270">
    <ele>17.7</ele>
    <time>2026-09-06T07:48:48Z</time>
   </trkpt>
   <trkpt lat="22.7332590" lon="120.3264380">
    <ele>17.7</ele>
    <time>2026-09-06T07:48:49Z</time>
   </trkpt>
   <trkpt lat="22.7332610" lon="120.3264420">
    <ele>17.7</ele>
    <time>2026-09-06T07:48:50Z</time>
   </trkpt>
   <trkpt lat="22.7332640" lon="120.3264460">
    <ele>17.7</ele>
    <time>2026-09-06T07:48:51Z</time>
   </trkpt>
   <trkpt lat="22.7332670" lon="120.3264520">
    <ele>17.7</ele>
    <time>2026-09-06T07:48:52Z</time>
   </trkpt>
   <trkpt lat="22.7332800" lon="120.3264620">
    <ele>17.7</ele>
    <time>2026-09-06T07:48:53Z</time>
   </trkpt>
   <trkpt lat="22.7332870" lon="120.3264690">
    <ele>17.6</ele>
    <time>2026-09-06T07:48:54Z</time>
   </trkpt>
   <trkpt lat="22.7332860" lon="120.3264920">
    <ele>17.6</ele>
    <time>2026-09-06T07:48:55Z</time>
   </trkpt>
   <trkpt lat="22.7332890" lon="120.3265030">
    <ele>17.6</ele>
    <time>2026-09-06T07:48:56Z</time>
   </trkpt>
   <trkpt lat="22.7332800" lon="120.3265100">
    <ele>17.6</ele>
    <time>2026-09-06T07:48:57Z</time>
   </trkpt>
   <trkpt lat="22.7332700" lon="120.3265030">
    <ele>17.6</ele>
    <time>2026-09-06T07:48:58Z</time>
   </trkpt>
   <trkpt lat="22.7332600" lon="120.3265000">
    <ele>17.6</ele>
    <time>2026-09-06T07:48:59Z</time>
   </trkpt>
   <trkpt lat="22.7332550" lon="120.3264940">
    <ele>17.6</ele>
    <time>2026-09-06T07:49:00Z</time>
   </trkpt>
   <trkpt lat="22.7332540" lon="120.3264830">
    <ele>17.6</ele>
    <time>2026-09-06T07:49:01Z</time>
   </trkpt>
   <trkpt lat="22.7332520" lon="120.3264710">
    <ele>17.7</ele>
    <time>2026-09-06T07:49:02Z</time>
   </trkpt>
   <trkpt lat="22.7332510" lon="120.3264630">
    <ele>17.7</ele>
    <time>2026-09-06T07:49:03Z</time>
   </trkpt>
   <trkpt lat="22.7332480" lon="120.3264550">
    <ele>17.7</ele>
    <time>2026-09-06T07:49:05Z</time>
   </trkpt>
   <trkpt lat="22.7332460" lon="120.3264380">
    <ele>17.7</ele>
    <time>2026-09-06T07:49:06Z</time>
   </trkpt>
   <trkpt lat="22.7332270" lon="120.3264040">
    <ele>17.8</ele>
    <time>2026-09-06T07:49:08Z</time>
   </trkpt>
   <trkpt lat="22.7332260" lon="120.3263850">
    <ele>17.8</ele>
    <time>2026-09-06T07:49:09Z</time>
   </trkpt>
   <trkpt lat="22.7332220" lon="120.3263690">
    <ele>17.8</ele>
    <time>2026-09-06T07:49:10Z</time>
   </trkpt>
   <trkpt lat="22.7332180" lon="120.3263580">
    <ele>17.8</ele>
    <time>2026-09-06T07:49:11Z</time>
   </trkpt>
   <trkpt lat="22.7332160" lon="120.3263510">
    <ele>17.9</ele>
    <time>2026-09-06T07:49:12Z</time>
   </trkpt>
   <trkpt lat="22.7332110" lon="120.3263250">
    <ele>17.9</ele>
    <time>2026-09-06T07:49:13Z</time>
   </trkpt>
   <trkpt lat="22.7332080" lon="120.3263150">
    <ele>17.9</ele>
    <time>2026-09-06T07:49:14Z</time>
   </trkpt>
   <trkpt lat="22.7332060" lon="120.3263050">
    <ele>17.9</ele>
    <time>2026-09-06T07:49:15Z</time>
   </trkpt>
   <trkpt lat="22.7332050" lon="120.3262990">
    <ele>17.9</ele>
    <time>2026-09-06T07:49:16Z</time>
   </trkpt>
   <trkpt lat="22.7332040" lon="120.3262980">
    <ele>17.9</ele>
    <time>2026-09-06T07:49:17Z</time>
   </trkpt>
   <trkpt lat="22.7331900" lon="120.3262930">
    <ele>17.9</ele>
    <time>2026-09-06T07:49:18Z</time>
   </trkpt>
   <trkpt lat="22.7331760" lon="120.3262840">
    <ele>17.9</ele>
    <time>2026-09-06T07:49:19Z</time>
   </trkpt>
   <trkpt lat="22.7331680" lon="120.3262740">
    <ele>17.9</ele>
    <time>2026-09-06T07:49:20Z</time>
   </trkpt>
   <trkpt lat="22.7331710" lon="120.3262670">
    <ele>17.9</ele>
    <time>2026-09-06T07:49:21Z</time>
   </trkpt>
   <trkpt lat="22.7331790" lon="120.3262550">
    <ele>17.9</ele>
    <time>2026-09-06T07:49:22Z</time>
   </trkpt>
   <trkpt lat="22.7331810" lon="120.3262460">
    <ele>17.9</ele>
    <time>2026-09-06T07:49:23Z</time>
   </trkpt>
   <trkpt lat="22.7331850" lon="120.3262350">
    <ele>17.9</ele>
    <time>2026-09-06T07:49:24Z</time>
   </trkpt>
   <trkpt lat="22.7331840" lon="120.3262330">
    <ele>17.9</ele>
    <time>2026-09-06T07:49:25Z</time>
   </trkpt>
   <trkpt lat="22.7331830" lon="120.3262280">
    <ele>17.9</ele>
    <time>2026-09-06T07:49:26Z</time>
   </trkpt>
   <trkpt lat="22.7331740" lon="120.3262190">
    <ele>18.0</ele>
    <time>2026-09-06T07:49:27Z</time>
   </trkpt>
   <trkpt lat="22.7331640" lon="120.3262180">
    <ele>18.0</ele>
    <time>2026-09-06T07:49:28Z</time>
   </trkpt>
   <trkpt lat="22.7331610" lon="120.3262040">
    <ele>18.0</ele>
    <time>2026-09-06T07:49:29Z</time>
   </trkpt>
   <trkpt lat="22.7331530" lon="120.3261930">
    <ele>18.0</ele>
    <time>2026-09-06T07:49:30Z</time>
   </trkpt>
   <trkpt lat="22.7331480" lon="120.3261800">
    <ele>18.0</ele>
    <time>2026-09-06T07:49:31Z</time>
   </trkpt>
   <trkpt lat="22.7331370" lon="120.3261660">
    <ele>18.0</ele>
    <time>2026-09-06T07:49:32Z</time>
   </trkpt>
   <trkpt lat="22.7331390" lon="120.3261680">
    <ele>18.0</ele>
    <time>2026-09-06T07:49:33Z</time>
   </trkpt>
   <trkpt lat="22.7331210" lon="120.3261600">
    <ele>18.0</ele>
    <time>2026-09-06T07:49:34Z</time>
   </trkpt>
   <trkpt lat="22.7331090" lon="120.3261520">
    <ele>18.0</ele>
    <time>2026-09-06T07:49:35Z</time>
   </trkpt>
   <trkpt lat="22.7330930" lon="120.3261460">
    <ele>18.0</ele>
    <time>2026-09-06T07:49:36Z</time>
   </trkpt>
   <trkpt lat="22.7330780" lon="120.3261360">
    <ele>18.1</ele>
    <time>2026-09-06T07:49:37Z</time>
   </trkpt>
   <trkpt lat="22.7330790" lon="120.3261200">
    <ele>18.1</ele>
    <time>2026-09-06T07:49:38Z</time>
   </trkpt>
   <trkpt lat="22.7330690" lon="120.3261110">
    <ele>18.1</ele>
    <time>2026-09-06T07:49:39Z</time>
   </trkpt>
   <trkpt lat="22.7330670" lon="120.3261060">
    <ele>18.1</ele>
    <time>2026-09-06T07:49:40Z</time>
   </trkpt>
   <trkpt lat="22.7330620" lon="120.3261010">
    <ele>18.2</ele>
    <time>2026-09-06T07:49:41Z</time>
   </trkpt>
   <trkpt lat="22.7330520" lon="120.3260880">
    <ele>18.2</ele>
    <time>2026-09-06T07:49:42Z</time>
   </trkpt>
   <trkpt lat="22.7330390" lon="120.3260870">
    <ele>18.2</ele>
    <time>2026-09-06T07:49:43Z</time>
   </trkpt>
   <trkpt lat="22.7330300" lon="120.3261030">
    <ele>18.2</ele>
    <time>2026-09-06T07:49:44Z</time>
   </trkpt>
   <trkpt lat="22.7330090" lon="120.3261050">
    <ele>18.2</ele>
    <time>2026-09-06T07:49:45Z</time>
   </trkpt>
   <trkpt lat="22.7330020" lon="120.3261150">
    <ele>18.3</ele>
    <time>2026-09-06T07:49:46Z</time>
   </trkpt>
   <trkpt lat="22.7329840" lon="120.3261150">
    <ele>18.3</ele>
    <time>2026-09-06T07:49:47Z</time>
   </trkpt>
   <trkpt lat="22.7329690" lon="120.3261320">
    <ele>18.3</ele>
    <time>2026-09-06T07:49:48Z</time>
   </trkpt>
   <trkpt lat="22.7329540" lon="120.3261460">
    <ele>18.3</ele>
    <time>2026-09-06T07:49:49Z</time>
   </trkpt>
   <trkpt lat="22.7329470" lon="120.3261560">
    <ele>18.3</ele>
    <time>2026-09-06T07:49:50Z</time>
   </trkpt>
   <trkpt lat="22.7329390" lon="120.3261650">
    <ele>18.3</ele>
    <time>2026-09-06T07:49:51Z</time>
   </trkpt>
   <trkpt lat="22.7329250" lon="120.3261760">
    <ele>18.3</ele>
    <time>2026-09-06T07:49:52Z</time>
   </trkpt>
   <trkpt lat="22.7329060" lon="120.3261660">
    <ele>18.4</ele>
    <time>2026-09-06T07:49:53Z</time>
   </trkpt>
   <trkpt lat="22.7328880" lon="120.3261660">
    <ele>18.4</ele>
    <time>2026-09-06T07:49:54Z</time>
   </trkpt>
   <trkpt lat="22.7328740" lon="120.3261690">
    <ele>18.4</ele>
    <time>2026-09-06T07:49:55Z</time>
   </trkpt>
   <trkpt lat="22.7328660" lon="120.3261580">
    <ele>18.4</ele>
    <time>2026-09-06T07:49:56Z</time>
   </trkpt>
   <trkpt lat="22.7328750" lon="120.3261530">
    <ele>18.4</ele>
    <time>2026-09-06T07:49:57Z</time>
   </trkpt>
   <trkpt lat="22.7328810" lon="120.3261530">
    <ele>18.4</ele>
    <time>2026-09-06T07:49:58Z</time>
   </trkpt>
   <trkpt lat="22.7328740" lon="120.3261640">
    <ele>18.4</ele>
    <time>2026-09-06T07:49:59Z</time>
   </trkpt>
   <trkpt lat="22.7328640" lon="120.3261780">
    <ele>18.4</ele>
    <time>2026-09-06T07:50:00Z</time>
   </trkpt>
   <trkpt lat="22.7328560" lon="120.3261860">
    <ele>18.4</ele>
    <time>2026-09-06T07:50:01Z</time>
   </trkpt>
   <trkpt lat="22.7328600" lon="120.3261860">
    <ele>18.4</ele>
    <time>2026-09-06T07:50:02Z</time>
   </trkpt>
   <trkpt lat="22.7328570" lon="120.3261920">
    <ele>18.4</ele>
    <time>2026-09-06T07:50:03Z</time>
   </trkpt>
   <trkpt lat="22.7328510" lon="120.3261950">
    <ele>18.4</ele>
    <time>2026-09-06T07:50:04Z</time>
   </trkpt>
   <trkpt lat="22.7328400" lon="120.3261990">
    <ele>18.5</ele>
    <time>2026-09-06T07:50:05Z</time>
   </trkpt>
   <trkpt lat="22.7328320" lon="120.3261930">
    <ele>18.5</ele>
    <time>2026-09-06T07:50:06Z</time>
   </trkpt>
   <trkpt lat="22.7328310" lon="120.3262010">
    <ele>18.5</ele>
    <time>2026-09-06T07:50:07Z</time>
   </trkpt>
   <trkpt lat="22.7328300" lon="120.3262120">
    <ele>18.5</ele>
    <time>2026-09-06T07:50:08Z</time>
   </trkpt>
   <trkpt lat="22.7328350" lon="120.3262230">
    <ele>18.5</ele>
    <time>2026-09-06T07:50:09Z</time>
   </trkpt>
   <trkpt lat="22.7328290" lon="120.3262080">
    <ele>18.5</ele>
    <time>2026-09-06T07:50:10Z</time>
   </trkpt>
   <trkpt lat="22.7328210" lon="120.3262150">
    <ele>18.5</ele>
    <time>2026-09-06T07:50:11Z</time>
   </trkpt>
   <trkpt lat="22.7328250" lon="120.3262210">
    <ele>18.5</ele>
    <time>2026-09-06T07:50:12Z</time>
   </trkpt>
   <trkpt lat="22.7328240" lon="120.3262230">
    <ele>18.5</ele>
    <time>2026-09-06T07:50:13Z</time>
   </trkpt>
   <trkpt lat="22.7328210" lon="120.3262260">
    <ele>18.5</ele>
    <time>2026-09-06T07:50:14Z</time>
   </trkpt>
   <trkpt lat="22.7328170" lon="120.3262250">
    <ele>18.5</ele>
    <time>2026-09-06T07:50:15Z</time>
   </trkpt>
   <trkpt lat="22.7328070" lon="120.3262240">
    <ele>18.5</ele>
    <time>2026-09-06T07:50:16Z</time>
   </trkpt>
   <trkpt lat="22.7327920" lon="120.3262250">
    <ele>18.5</ele>
    <time>2026-09-06T07:50:17Z</time>
   </trkpt>
   <trkpt lat="22.7327940" lon="120.3262300">
    <ele>18.5</ele>
    <time>2026-09-06T07:50:18Z</time>
   </trkpt>
   <trkpt lat="22.7328000" lon="120.3262350">
    <ele>18.5</ele>
    <time>2026-09-06T07:50:19Z</time>
   </trkpt>
   <trkpt lat="22.7327880" lon="120.3262450">
    <ele>18.5</ele>
    <time>2026-09-06T07:50:20Z</time>
   </trkpt>
   <trkpt lat="22.7327720" lon="120.3262500">
    <ele>18.5</ele>
    <time>2026-09-06T07:50:21Z</time>
   </trkpt>
   <trkpt lat="22.7327590" lon="120.3262580">
    <ele>18.5</ele>
    <time>2026-09-06T07:50:22Z</time>
   </trkpt>
   <trkpt lat="22.7327530" lon="120.3262670">
    <ele>18.5</ele>
    <time>2026-09-06T07:50:23Z</time>
   </trkpt>
   <trkpt lat="22.7327470" lon="120.3262680">
    <ele>18.5</ele>
    <time>2026-09-06T07:50:24Z</time>
   </trkpt>
   <trkpt lat="22.7327360" lon="120.3262730">
    <ele>18.5</ele>
    <time>2026-09-06T07:50:25Z</time>
   </trkpt>
   <trkpt lat="22.7327250" lon="120.3262780">
    <ele>18.5</ele>
    <time>2026-09-06T07:50:26Z</time>
   </trkpt>
   <trkpt lat="22.7327150" lon="120.3262830">
    <ele>18.5</ele>
    <time>2026-09-06T07:50:27Z</time>
   </trkpt>
   <trkpt lat="22.7327120" lon="120.3262890">
    <ele>18.5</ele>
    <time>2026-09-06T07:50:28Z</time>
   </trkpt>
   <trkpt lat="22.7327100" lon="120.3263090">
    <ele>18.5</ele>
    <time>2026-09-06T07:50:29Z</time>
   </trkpt>
   <trkpt lat="22.7327020" lon="120.3263280">
    <ele>18.5</ele>
    <time>2026-09-06T07:50:30Z</time>
   </trkpt>
   <trkpt lat="22.7327000" lon="120.3263250">
    <ele>18.5</ele>
    <time>2026-09-06T07:50:31Z</time>
   </trkpt>
   <trkpt lat="22.7326860" lon="120.3263270">
    <ele>18.5</ele>
    <time>2026-09-06T07:50:32Z</time>
   </trkpt>
   <trkpt lat="22.7326850" lon="120.3263360">
    <ele>18.5</ele>
    <time>2026-09-06T07:50:33Z</time>
   </trkpt>
   <trkpt lat="22.7326750" lon="120.3263350">
    <ele>18.6</ele>
    <time>2026-09-06T07:50:34Z</time>
   </trkpt>
   <trkpt lat="22.7326610" lon="120.3263260">
    <ele>18.6</ele>
    <time>2026-09-06T07:50:35Z</time>
   </trkpt>
   <trkpt lat="22.7326550" lon="120.3263270">
    <ele>18.6</ele>
    <time>2026-09-06T07:50:36Z</time>
   </trkpt>
   <trkpt lat="22.7326390" lon="120.3263310">
    <ele>18.6</ele>
    <time>2026-09-06T07:50:37Z</time>
   </trkpt>
   <trkpt lat="22.7326260" lon="120.3263320">
    <ele>18.6</ele>
    <time>2026-09-06T07:50:38Z</time>
   </trkpt>
   <trkpt lat="22.7326280" lon="120.3263300">
    <ele>18.6</ele>
    <time>2026-09-06T07:50:39Z</time>
   </trkpt>
   <trkpt lat="22.7326170" lon="120.3263320">
    <ele>18.6</ele>
    <time>2026-09-06T07:50:40Z</time>
   </trkpt>
   <trkpt lat="22.7326060" lon="120.3263390">
    <ele>18.6</ele>
    <time>2026-09-06T07:50:41Z</time>
   </trkpt>
   <trkpt lat="22.7326030" lon="120.3263500">
    <ele>18.6</ele>
    <time>2026-09-06T07:50:42Z</time>
   </trkpt>
   <trkpt lat="22.7325990" lon="120.3263520">
    <ele>18.6</ele>
    <time>2026-09-06T07:50:44Z</time>
   </trkpt>
   <trkpt lat="22.7325860" lon="120.3263490">
    <ele>18.6</ele>
    <time>2026-09-06T07:50:45Z</time>
   </trkpt>
   <trkpt lat="22.7325830" lon="120.3263470">
    <ele>18.6</ele>
    <time>2026-09-06T07:50:46Z</time>
   </trkpt>
   <trkpt lat="22.7325810" lon="120.3263480">
    <ele>18.6</ele>
    <time>2026-09-06T07:50:47Z</time>
   </trkpt>
   <trkpt lat="22.7325750" lon="120.3263500">
    <ele>18.6</ele>
    <time>2026-09-06T07:50:48Z</time>
   </trkpt>
   <trkpt lat="22.7325670" lon="120.3263430">
    <ele>18.6</ele>
    <time>2026-09-06T07:50:49Z</time>
   </trkpt>
   <trkpt lat="22.7325510" lon="120.3263470">
    <ele>18.6</ele>
    <time>2026-09-06T07:50:50Z</time>
   </trkpt>
   <trkpt lat="22.7325460" lon="120.3263570">
    <ele>18.6</ele>
    <time>2026-09-06T07:50:51Z</time>
   </trkpt>
   <trkpt lat="22.7325460" lon="120.3263780">
    <ele>18.6</ele>
    <time>2026-09-06T07:50:52Z</time>
   </trkpt>
   <trkpt lat="22.7325430" lon="120.3263840">
    <ele>18.6</ele>
    <time>2026-09-06T07:50:53Z</time>
   </trkpt>
   <trkpt lat="22.7325370" lon="120.3263770">
    <ele>18.6</ele>
    <time>2026-09-06T07:50:54Z</time>
   </trkpt>
   <trkpt lat="22.7325240" lon="120.3263780">
    <ele>18.7</ele>
    <time>2026-09-06T07:50:55Z</time>
   </trkpt>
   <trkpt lat="22.7325180" lon="120.3263790">
    <ele>18.7</ele>
    <time>2026-09-06T07:50:56Z</time>
   </trkpt>
   <trkpt lat="22.7325110" lon="120.3263840">
    <ele>18.7</ele>
    <time>2026-09-06T07:50:57Z</time>
   </trkpt>
   <trkpt lat="22.7325070" lon="120.3263920">
    <ele>18.7</ele>
    <time>2026-09-06T07:50:58Z</time>
   </trkpt>
   <trkpt lat="22.7325000" lon="120.3263920">
    <ele>18.7</ele>
    <time>2026-09-06T07:50:59Z</time>
   </trkpt>
   <trkpt lat="22.7324880" lon="120.3263870">
    <ele>18.7</ele>
    <time>2026-09-06T07:51:00Z</time>
   </trkpt>
   <trkpt lat="22.7324790" lon="120.3263850">
    <ele>18.7</ele>
    <time>2026-09-06T07:51:01Z</time>
   </trkpt>
   <trkpt lat="22.7324750" lon="120.3263880">
    <ele>18.7</ele>
    <time>2026-09-06T07:51:02Z</time>
   </trkpt>
   <trkpt lat="22.7324740" lon="120.3263880">
    <ele>18.7</ele>
    <time>2026-09-06T07:51:03Z</time>
   </trkpt>
   <trkpt lat="22.7324700" lon="120.3263950">
    <ele>18.7</ele>
    <time>2026-09-06T07:51:04Z</time>
   </trkpt>
   <trkpt lat="22.7324600" lon="120.3264060">
    <ele>18.7</ele>
    <time>2026-09-06T07:51:05Z</time>
   </trkpt>
   <trkpt lat="22.7324410" lon="120.3264090">
    <ele>18.7</ele>
    <time>2026-09-06T07:51:06Z</time>
   </trkpt>
   <trkpt lat="22.7324320" lon="120.3264160">
    <ele>18.7</ele>
    <time>2026-09-06T07:51:07Z</time>
   </trkpt>
   <trkpt lat="22.7324270" lon="120.3264210">
    <ele>18.7</ele>
    <time>2026-09-06T07:51:08Z</time>
   </trkpt>
   <trkpt lat="22.7324250" lon="120.3264310">
    <ele>18.7</ele>
    <time>2026-09-06T07:51:09Z</time>
   </trkpt>
   <trkpt lat="22.7324230" lon="120.3264330">
    <ele>18.7</ele>
    <time>2026-09-06T07:51:10Z</time>
   </trkpt>
   <trkpt lat="22.7324130" lon="120.3264370">
    <ele>18.7</ele>
    <time>2026-09-06T07:51:11Z</time>
   </trkpt>
   <trkpt lat="22.7324100" lon="120.3264490">
    <ele>18.7</ele>
    <time>2026-09-06T07:51:12Z</time>
   </trkpt>
   <trkpt lat="22.7324030" lon="120.3264520">
    <ele>18.7</ele>
    <time>2026-09-06T07:51:13Z</time>
   </trkpt>
   <trkpt lat="22.7324000" lon="120.3264570">
    <ele>18.7</ele>
    <time>2026-09-06T07:51:14Z</time>
   </trkpt>
   <trkpt lat="22.7323970" lon="120.3264760">
    <ele>18.7</ele>
    <time>2026-09-06T07:51:15Z</time>
   </trkpt>
   <trkpt lat="22.7323820" lon="120.3264580">
    <ele>18.7</ele>
    <time>2026-09-06T07:51:16Z</time>
   </trkpt>
   <trkpt lat="22.7323700" lon="120.3264660">
    <ele>18.8</ele>
    <time>2026-09-06T07:51:17Z</time>
   </trkpt>
   <trkpt lat="22.7323650" lon="120.3264760">
    <ele>18.8</ele>
    <time>2026-09-06T07:51:18Z</time>
   </trkpt>
   <trkpt lat="22.7323570" lon="120.3265000">
    <ele>18.8</ele>
    <time>2026-09-06T07:51:19Z</time>
   </trkpt>
   <trkpt lat="22.7323490" lon="120.3265100">
    <ele>18.8</ele>
    <time>2026-09-06T07:51:20Z</time>
   </trkpt>
   <trkpt lat="22.7323400" lon="120.3265080">
    <ele>18.8</ele>
    <time>2026-09-06T07:51:21Z</time>
   </trkpt>
   <trkpt lat="22.7323310" lon="120.3265090">
    <ele>18.8</ele>
    <time>2026-09-06T07:51:22Z</time>
   </trkpt>
   <trkpt lat="22.7323200" lon="120.3265010">
    <ele>18.8</ele>
    <time>2026-09-06T07:51:23Z</time>
   </trkpt>
   <trkpt lat="22.7323190" lon="120.3265080">
    <ele>18.8</ele>
    <time>2026-09-06T07:51:24Z</time>
   </trkpt>
   <trkpt lat="22.7323300" lon="120.3265170">
    <ele>18.8</ele>
    <time>2026-09-06T07:51:25Z</time>
   </trkpt>
   <trkpt lat="22.7323310" lon="120.3265040">
    <ele>18.8</ele>
    <time>2026-09-06T07:51:26Z</time>
   </trkpt>
   <trkpt lat="22.7323290" lon="120.3264960">
    <ele>18.8</ele>
    <time>2026-09-06T07:51:27Z</time>
   </trkpt>
   <trkpt lat="22.7323170" lon="120.3265020">
    <ele>18.8</ele>
    <time>2026-09-06T07:51:28Z</time>
   </trkpt>
   <trkpt lat="22.7323050" lon="120.3264980">
    <ele>18.8</ele>
    <time>2026-09-06T07:51:29Z</time>
   </trkpt>
   <trkpt lat="22.7322960" lon="120.3264950">
    <ele>18.8</ele>
    <time>2026-09-06T07:51:30Z</time>
   </trkpt>
   <trkpt lat="22.7323030" lon="120.3265160">
    <ele>18.8</ele>
    <time>2026-09-06T07:51:31Z</time>
   </trkpt>
   <trkpt lat="22.7323020" lon="120.3265110">
    <ele>18.8</ele>
    <time>2026-09-06T07:51:32Z</time>
   </trkpt>
   <trkpt lat="22.7323000" lon="120.3265060">
    <ele>18.8</ele>
    <time>2026-09-06T07:51:33Z</time>
   </trkpt>
   <trkpt lat="22.7322900" lon="120.3265000">
    <ele>18.8</ele>
    <time>2026-09-06T07:51:34Z</time>
   </trkpt>
   <trkpt lat="22.7322820" lon="120.3264910">
    <ele>18.8</ele>
    <time>2026-09-06T07:51:35Z</time>
   </trkpt>
   <trkpt lat="22.7322830" lon="120.3264850">
    <ele>18.8</ele>
    <time>2026-09-06T07:51:36Z</time>
   </trkpt>
   <trkpt lat="22.7322790" lon="120.3264830">
    <ele>18.8</ele>
    <time>2026-09-06T07:51:37Z</time>
   </trkpt>
   <trkpt lat="22.7322770" lon="120.3264750">
    <ele>18.8</ele>
    <time>2026-09-06T07:51:38Z</time>
   </trkpt>
   <trkpt lat="22.7322740" lon="120.3264690">
    <ele>18.8</ele>
    <time>2026-09-06T07:51:39Z</time>
   </trkpt>
   <trkpt lat="22.7322690" lon="120.3264690">
    <ele>18.8</ele>
    <time>2026-09-06T07:51:40Z</time>
   </trkpt>
   <trkpt lat="22.7322650" lon="120.3264670">
    <ele>18.8</ele>
    <time>2026-09-06T07:51:41Z</time>
   </trkpt>
   <trkpt lat="22.7322710" lon="120.3264610">
    <ele>18.8</ele>
    <time>2026-09-06T07:51:42Z</time>
   </trkpt>
   <trkpt lat="22.7321690" lon="120.3265030">
    <ele>18.9</ele>
    <time>2026-09-06T07:51:46Z</time>
   </trkpt>
   <trkpt lat="22.7321370" lon="120.3265350">
    <ele>18.9</ele>
    <time>2026-09-06T07:51:47Z</time>
   </trkpt>
   <trkpt lat="22.7321250" lon="120.3265860">
    <ele>18.9</ele>
    <time>2026-09-06T07:51:48Z</time>
   </trkpt>
   <trkpt lat="22.7321340" lon="120.3266500">
    <ele>19.0</ele>
    <time>2026-09-06T07:51:49Z</time>
   </trkpt>
   <trkpt lat="22.7321540" lon="120.3267120">
    <ele>19.0</ele>
    <time>2026-09-06T07:51:50Z</time>
   </trkpt>
   <trkpt lat="22.7321730" lon="120.3267770">
    <ele>19.0</ele>
    <time>2026-09-06T07:51:51Z</time>
   </trkpt>
   <trkpt lat="22.7321950" lon="120.3268640">
    <ele>18.9</ele>
    <time>2026-09-06T07:51:52Z</time>
   </trkpt>
   <trkpt lat="22.7322200" lon="120.3269360">
    <ele>18.9</ele>
    <time>2026-09-06T07:51:53Z</time>
   </trkpt>
   <trkpt lat="22.7322400" lon="120.3270070">
    <ele>18.8</ele>
    <time>2026-09-06T07:51:54Z</time>
   </trkpt>
   <trkpt lat="22.7322620" lon="120.3270850">
    <ele>18.8</ele>
    <time>2026-09-06T07:51:55Z</time>
   </trkpt>
   <trkpt lat="22.7322920" lon="120.3271550">
    <ele>18.7</ele>
    <time>2026-09-06T07:51:56Z</time>
   </trkpt>
   <trkpt lat="22.7323170" lon="120.3272260">
    <ele>18.7</ele>
    <time>2026-09-06T07:51:57Z</time>
   </trkpt>
   <trkpt lat="22.7323400" lon="120.3272980">
    <ele>18.6</ele>
    <time>2026-09-06T07:51:58Z</time>
   </trkpt>
   <trkpt lat="22.7323800" lon="120.3273660">
    <ele>18.6</ele>
    <time>2026-09-06T07:51:59Z</time>
   </trkpt>
   <trkpt lat="22.7323980" lon="120.3274420">
    <ele>18.7</ele>
    <time>2026-09-06T07:52:00Z</time>
   </trkpt>
   <trkpt lat="22.7324160" lon="120.3275150">
    <ele>18.7</ele>
    <time>2026-09-06T07:52:01Z</time>
   </trkpt>
   <trkpt lat="22.7324330" lon="120.3275860">
    <ele>18.7</ele>
    <time>2026-09-06T07:52:02Z</time>
   </trkpt>
   <trkpt lat="22.7324490" lon="120.3276550">
    <ele>18.7</ele>
    <time>2026-09-06T07:52:03Z</time>
   </trkpt>
   <trkpt lat="22.7324620" lon="120.3277180">
    <ele>18.7</ele>
    <time>2026-09-06T07:52:04Z</time>
   </trkpt>
   <trkpt lat="22.7324730" lon="120.3277770">
    <ele>18.6</ele>
    <time>2026-09-06T07:52:05Z</time>
   </trkpt>
   <trkpt lat="22.7324960" lon="120.3278290">
    <ele>18.6</ele>
    <time>2026-09-06T07:52:06Z</time>
   </trkpt>
   <trkpt lat="22.7325160" lon="120.3278720">
    <ele>18.6</ele>
    <time>2026-09-06T07:52:07Z</time>
   </trkpt>
   <trkpt lat="22.7325350" lon="120.3279090">
    <ele>18.7</ele>
    <time>2026-09-06T07:52:08Z</time>
   </trkpt>
   <trkpt lat="22.7325360" lon="120.3279440">
    <ele>18.7</ele>
    <time>2026-09-06T07:52:09Z</time>
   </trkpt>
   <trkpt lat="22.7325260" lon="120.3279890">
    <ele>18.8</ele>
    <time>2026-09-06T07:52:10Z</time>
   </trkpt>
   <trkpt lat="22.7325420" lon="120.3280140">
    <ele>18.9</ele>
    <time>2026-09-06T07:52:11Z</time>
   </trkpt>
   <trkpt lat="22.7325190" lon="120.3280520">
    <ele>19.0</ele>
    <time>2026-09-06T07:52:12Z</time>
   </trkpt>
   <trkpt lat="22.7324850" lon="120.3280450">
    <ele>19.0</ele>
    <time>2026-09-06T07:52:13Z</time>
   </trkpt>
   <trkpt lat="22.7324620" lon="120.3280490">
    <ele>19.0</ele>
    <time>2026-09-06T07:52:14Z</time>
   </trkpt>
   <trkpt lat="22.7324190" lon="120.3280800">
    <ele>19.0</ele>
    <time>2026-09-06T07:52:15Z</time>
   </trkpt>
   <trkpt lat="22.7323650" lon="120.3280820">
    <ele>19.0</ele>
    <time>2026-09-06T07:52:16Z</time>
   </trkpt>
   <trkpt lat="22.7323060" lon="120.3280840">
    <ele>19.0</ele>
    <time>2026-09-06T07:52:17Z</time>
   </trkpt>
   <trkpt lat="22.7322460" lon="120.3280970">
    <ele>19.1</ele>
    <time>2026-09-06T07:52:18Z</time>
   </trkpt>
   <trkpt lat="22.7321950" lon="120.3281120">
    <ele>19.1</ele>
    <time>2026-09-06T07:52:19Z</time>
   </trkpt>
   <trkpt lat="22.7321550" lon="120.3281250">
    <ele>19.1</ele>
    <time>2026-09-06T07:52:20Z</time>
   </trkpt>
   <trkpt lat="22.7321150" lon="120.3281340">
    <ele>19.2</ele>
    <time>2026-09-06T07:52:21Z</time>
   </trkpt>
   <trkpt lat="22.7320830" lon="120.3281440">
    <ele>19.2</ele>
    <time>2026-09-06T07:52:22Z</time>
   </trkpt>
   <trkpt lat="22.7320580" lon="120.3281490">
    <ele>19.2</ele>
    <time>2026-09-06T07:52:23Z</time>
   </trkpt>
   <trkpt lat="22.7320380" lon="120.3281500">
    <ele>19.2</ele>
    <time>2026-09-06T07:52:24Z</time>
   </trkpt>
   <trkpt lat="22.7320270" lon="120.3281560">
    <ele>19.2</ele>
    <time>2026-09-06T07:52:25Z</time>
   </trkpt>
   <trkpt lat="22.7320210" lon="120.3281540">
    <ele>19.2</ele>
    <time>2026-09-06T07:52:26Z</time>
   </trkpt>
   <trkpt lat="22.7320210" lon="120.3281520">
    <ele>19.2</ele>
    <time>2026-09-06T07:52:27Z</time>
   </trkpt>
   <trkpt lat="22.7320180" lon="120.3281490">
    <ele>19.2</ele>
    <time>2026-09-06T07:52:28Z</time>
   </trkpt>
   <trkpt lat="22.7320190" lon="120.3281490">
    <ele>19.2</ele>
    <time>2026-09-06T07:52:30Z</time>
   </trkpt>
   <trkpt lat="22.7320190" lon="120.3281490">
    <ele>19.2</ele>
    <time>2026-09-06T07:52:31Z</time>
   </trkpt>
   <trkpt lat="22.7320190" lon="120.3281490">
    <ele>19.2</ele>
    <time>2026-09-06T07:52:32Z</time>
   </trkpt>
   <trkpt lat="22.7320190" lon="120.3281490">
    <ele>19.2</ele>
    <time>2026-09-06T07:52:33Z</time>
   </trkpt>
   <trkpt lat="22.7320190" lon="120.3281490">
    <ele>19.2</ele>
    <time>2026-09-06T07:52:34Z</time>
   </trkpt>
   <trkpt lat="22.7320190" lon="120.3281490">
    <ele>19.2</ele>
    <time>2026-09-06T07:52:35Z</time>
   </trkpt>
   <trkpt lat="22.7320190" lon="120.3281490">
    <ele>19.2</ele>
    <time>2026-09-06T07:52:36Z</time>
   </trkpt>
   <trkpt lat="22.7319620" lon="120.3281720">
    <ele>19.2</ele>
    <time>2026-09-06T07:52:52Z</time>
   </trkpt>
   <trkpt lat="22.7319280" lon="120.3281810">
    <ele>19.2</ele>
    <time>2026-09-06T07:52:53Z</time>
   </trkpt>
   <trkpt lat="22.7318820" lon="120.3281890">
    <ele>19.2</ele>
    <time>2026-09-06T07:52:54Z</time>
   </trkpt>
   <trkpt lat="22.7318310" lon="120.3281990">
    <ele>19.2</ele>
    <time>2026-09-06T07:52:55Z</time>
   </trkpt>
   <trkpt lat="22.7317760" lon="120.3282110">
    <ele>19.2</ele>
    <time>2026-09-06T07:52:56Z</time>
   </trkpt>
   <trkpt lat="22.7317210" lon="120.3282280">
    <ele>19.3</ele>
    <time>2026-09-06T07:52:57Z</time>
   </trkpt>
   <trkpt lat="22.7316690" lon="120.3282450">
    <ele>19.3</ele>
    <time>2026-09-06T07:52:58Z</time>
   </trkpt>
   <trkpt lat="22.7316210" lon="120.3282570">
    <ele>19.4</ele>
    <time>2026-09-06T07:52:59Z</time>
   </trkpt>
   <trkpt lat="22.7315800" lon="120.3282710">
    <ele>19.4</ele>
    <time>2026-09-06T07:53:00Z</time>
   </trkpt>
   <trkpt lat="22.7315460" lon="120.3282830">
    <ele>19.4</ele>
    <time>2026-09-06T07:53:01Z</time>
   </trkpt>
   <trkpt lat="22.7315170" lon="120.3282940">
    <ele>19.4</ele>
    <time>2026-09-06T07:53:02Z</time>
   </trkpt>
   <trkpt lat="22.7314930" lon="120.3283000">
    <ele>19.5</ele>
    <time>2026-09-06T07:53:03Z</time>
   </trkpt>
   <trkpt lat="22.7314690" lon="120.3283080">
    <ele>19.5</ele>
    <time>2026-09-06T07:53:04Z</time>
   </trkpt>
   <trkpt lat="22.7314400" lon="120.3283200">
    <ele>19.5</ele>
    <time>2026-09-06T07:53:05Z</time>
   </trkpt>
   <trkpt lat="22.7314130" lon="120.3283300">
    <ele>19.5</ele>
    <time>2026-09-06T07:53:06Z</time>
   </trkpt>
   <trkpt lat="22.7313880" lon="120.3283370">
    <ele>19.5</ele>
    <time>2026-09-06T07:53:07Z</time>
   </trkpt>
   <trkpt lat="22.7313630" lon="120.3283440">
    <ele>19.5</ele>
    <time>2026-09-06T07:53:08Z</time>
   </trkpt>
   <trkpt lat="22.7313290" lon="120.3283540">
    <ele>19.5</ele>
    <time>2026-09-06T07:53:09Z</time>
   </trkpt>
   <trkpt lat="22.7312850" lon="120.3283640">
    <ele>19.5</ele>
    <time>2026-09-06T07:53:10Z</time>
   </trkpt>
   <trkpt lat="22.7312350" lon="120.3283740">
    <ele>19.5</ele>
    <time>2026-09-06T07:53:11Z</time>
   </trkpt>
   <trkpt lat="22.7311840" lon="120.3283840">
    <ele>19.4</ele>
    <time>2026-09-06T07:53:12Z</time>
   </trkpt>
   <trkpt lat="22.7311320" lon="120.3283880">
    <ele>19.4</ele>
    <time>2026-09-06T07:53:13Z</time>
   </trkpt>
   <trkpt lat="22.7310790" lon="120.3283890">
    <ele>19.3</ele>
    <time>2026-09-06T07:53:14Z</time>
   </trkpt>
   <trkpt lat="22.7310310" lon="120.3283840">
    <ele>19.3</ele>
    <time>2026-09-06T07:53:15Z</time>
   </trkpt>
   <trkpt lat="22.7309910" lon="120.3283810">
    <ele>19.2</ele>
    <time>2026-09-06T07:53:16Z</time>
   </trkpt>
   <trkpt lat="22.7309580" lon="120.3283820">
    <ele>19.2</ele>
    <time>2026-09-06T07:53:17Z</time>
   </trkpt>
   <trkpt lat="22.7309310" lon="120.3283930">
    <ele>19.2</ele>
    <time>2026-09-06T07:53:18Z</time>
   </trkpt>
   <trkpt lat="22.7309090" lon="120.3284130">
    <ele>19.1</ele>
    <time>2026-09-06T07:53:19Z</time>
   </trkpt>
   <trkpt lat="22.7308990" lon="120.3284370">
    <ele>19.1</ele>
    <time>2026-09-06T07:53:20Z</time>
   </trkpt>
   <trkpt lat="22.7309110" lon="120.3284590">
    <ele>19.2</ele>
    <time>2026-09-06T07:53:21Z</time>
   </trkpt>
   <trkpt lat="22.7309120" lon="120.3284610">
    <ele>19.2</ele>
    <time>2026-09-06T07:53:22Z</time>
   </trkpt>
   <trkpt lat="22.7309140" lon="120.3284640">
    <ele>19.2</ele>
    <time>2026-09-06T07:53:23Z</time>
   </trkpt>
   <trkpt lat="22.7309150" lon="120.3284660">
    <ele>19.2</ele>
    <time>2026-09-06T07:53:24Z</time>
   </trkpt>
   <trkpt lat="22.7309160" lon="120.3284690">
    <ele>19.2</ele>
    <time>2026-09-06T07:53:25Z</time>
   </trkpt>
   <trkpt lat="22.7309180" lon="120.3284710">
    <ele>19.2</ele>
    <time>2026-09-06T07:53:26Z</time>
   </trkpt>
   <trkpt lat="22.7309200" lon="120.3284760">
    <ele>19.2</ele>
    <time>2026-09-06T07:53:28Z</time>
   </trkpt>
   <trkpt lat="22.7309220" lon="120.3284790">
    <ele>19.2</ele>
    <time>2026-09-06T07:53:29Z</time>
   </trkpt>
   <trkpt lat="22.7309230" lon="120.3284810">
    <ele>19.2</ele>
    <time>2026-09-06T07:53:30Z</time>
   </trkpt>
   <trkpt lat="22.7309760" lon="120.3285800">
    <ele>19.2</ele>
    <time>2026-09-06T07:54:10Z</time>
   </trkpt>
   <trkpt lat="22.7309770" lon="120.3285820">
    <ele>19.2</ele>
    <time>2026-09-06T07:54:11Z</time>
   </trkpt>
   <trkpt lat="22.7310120" lon="120.3286280">
    <ele>19.3</ele>
    <time>2026-09-06T07:54:12Z</time>
   </trkpt>
   <trkpt lat="22.7310490" lon="120.3286830">
    <ele>19.3</ele>
    <time>2026-09-06T07:54:13Z</time>
   </trkpt>
   <trkpt lat="22.7310880" lon="120.3287400">
    <ele>19.4</ele>
    <time>2026-09-06T07:54:14Z</time>
   </trkpt>
   <trkpt lat="22.7311280" lon="120.3288040">
    <ele>19.4</ele>
    <time>2026-09-06T07:54:15Z</time>
   </trkpt>
   <trkpt lat="22.7311690" lon="120.3288730">
    <ele>19.5</ele>
    <time>2026-09-06T07:54:16Z</time>
   </trkpt>
   <trkpt lat="22.7312090" lon="120.3289450">
    <ele>19.5</ele>
    <time>2026-09-06T07:54:17Z</time>
   </trkpt>
   <trkpt lat="22.7312550" lon="120.3290150">
    <ele>19.5</ele>
    <time>2026-09-06T07:54:18Z</time>
   </trkpt>
   <trkpt lat="22.7313010" lon="120.3290860">
    <ele>19.5</ele>
    <time>2026-09-06T07:54:19Z</time>
   </trkpt>
   <trkpt lat="22.7313470" lon="120.3291590">
    <ele>19.5</ele>
    <time>2026-09-06T07:54:20Z</time>
   </trkpt>
   <trkpt lat="22.7313970" lon="120.3292270">
    <ele>19.6</ele>
    <time>2026-09-06T07:54:21Z</time>
   </trkpt>
   <trkpt lat="22.7314510" lon="120.3292970">
    <ele>19.6</ele>
    <time>2026-09-06T07:54:22Z</time>
   </trkpt>
   <trkpt lat="22.7315000" lon="120.3293700">
    <ele>19.6</ele>
    <time>2026-09-06T07:54:23Z</time>
   </trkpt>
   <trkpt lat="22.7315530" lon="120.3294430">
    <ele>19.7</ele>
    <time>2026-09-06T07:54:24Z</time>
   </trkpt>
   <trkpt lat="22.7316110" lon="120.3295120">
    <ele>19.8</ele>
    <time>2026-09-06T07:54:25Z</time>
   </trkpt>
   <trkpt lat="22.7316650" lon="120.3295860">
    <ele>19.9</ele>
    <time>2026-09-06T07:54:26Z</time>
   </trkpt>
   <trkpt lat="22.7317260" lon="120.3296570">
    <ele>20.0</ele>
    <time>2026-09-06T07:54:27Z</time>
   </trkpt>
   <trkpt lat="22.7317810" lon="120.3297210">
    <ele>20.1</ele>
    <time>2026-09-06T07:54:28Z</time>
   </trkpt>
   <trkpt lat="22.7318240" lon="120.3297800">
    <ele>20.2</ele>
    <time>2026-09-06T07:54:29Z</time>
   </trkpt>
   <trkpt lat="22.7318450" lon="120.3298420">
    <ele>20.3</ele>
    <time>2026-09-06T07:54:30Z</time>
   </trkpt>
   <trkpt lat="22.7318440" lon="120.3298970">
    <ele>20.5</ele>
    <time>2026-09-06T07:54:31Z</time>
   </trkpt>
   <trkpt lat="22.7318260" lon="120.3299410">
    <ele>20.6</ele>
    <time>2026-09-06T07:54:32Z</time>
   </trkpt>
   <trkpt lat="22.7317900" lon="120.3299730">
    <ele>20.6</ele>
    <time>2026-09-06T07:54:33Z</time>
   </trkpt>
   <trkpt lat="22.7317410" lon="120.3299970">
    <ele>20.7</ele>
    <time>2026-09-06T07:54:34Z</time>
   </trkpt>
   <trkpt lat="22.7316760" lon="120.3300280">
    <ele>20.9</ele>
    <time>2026-09-06T07:54:35Z</time>
   </trkpt>
   <trkpt lat="22.7316080" lon="120.3300680">
    <ele>21.0</ele>
    <time>2026-09-06T07:54:36Z</time>
   </trkpt>
   <trkpt lat="22.7315360" lon="120.3301050">
    <ele>21.1</ele>
    <time>2026-09-06T07:54:37Z</time>
   </trkpt>
   <trkpt lat="22.7314650" lon="120.3301420">
    <ele>21.2</ele>
    <time>2026-09-06T07:54:38Z</time>
   </trkpt>
   <trkpt lat="22.7313990" lon="120.3301660">
    <ele>21.3</ele>
    <time>2026-09-06T07:54:39Z</time>
   </trkpt>
   <trkpt lat="22.7313460" lon="120.3301920">
    <ele>21.3</ele>
    <time>2026-09-06T07:54:40Z</time>
   </trkpt>
   <trkpt lat="22.7312880" lon="120.3302130">
    <ele>21.4</ele>
    <time>2026-09-06T07:54:41Z</time>
   </trkpt>
   <trkpt lat="22.7312240" lon="120.3302320">
    <ele>21.3</ele>
    <time>2026-09-06T07:54:42Z</time>
   </trkpt>
   <trkpt lat="22.7311530" lon="120.3302580">
    <ele>21.2</ele>
    <time>2026-09-06T07:54:43Z</time>
   </trkpt>
   <trkpt lat="22.7310810" lon="120.3302900">
    <ele>21.2</ele>
    <time>2026-09-06T07:54:44Z</time>
   </trkpt>
   <trkpt lat="22.7310060" lon="120.3303230">
    <ele>21.2</ele>
    <time>2026-09-06T07:54:45Z</time>
   </trkpt>
   <trkpt lat="22.7309280" lon="120.3303590">
    <ele>21.2</ele>
    <time>2026-09-06T07:54:46Z</time>
   </trkpt>
   <trkpt lat="22.7308470" lon="120.3303950">
    <ele>21.2</ele>
    <time>2026-09-06T07:54:47Z</time>
   </trkpt>
   <trkpt lat="22.7307720" lon="120.3304270">
    <ele>21.2</ele>
    <time>2026-09-06T07:54:48Z</time>
   </trkpt>
   <trkpt lat="22.7307060" lon="120.3304570">
    <ele>21.2</ele>
    <time>2026-09-06T07:54:49Z</time>
   </trkpt>
   <trkpt lat="22.7306480" lon="120.3304870">
    <ele>21.3</ele>
    <time>2026-09-06T07:54:50Z</time>
   </trkpt>
   <trkpt lat="22.7305960" lon="120.3305130">
    <ele>21.3</ele>
    <time>2026-09-06T07:54:51Z</time>
   </trkpt>
   <trkpt lat="22.7305390" lon="120.3305400">
    <ele>21.3</ele>
    <time>2026-09-06T07:54:52Z</time>
   </trkpt>
   <trkpt lat="22.7304770" lon="120.3305690">
    <ele>21.2</ele>
    <time>2026-09-06T07:54:53Z</time>
   </trkpt>
   <trkpt lat="22.7304150" lon="120.3306120">
    <ele>21.1</ele>
    <time>2026-09-06T07:54:54Z</time>
   </trkpt>
   <trkpt lat="22.7303510" lon="120.3306540">
    <ele>21.1</ele>
    <time>2026-09-06T07:54:55Z</time>
   </trkpt>
   <trkpt lat="22.7302790" lon="120.3306960">
    <ele>21.0</ele>
    <time>2026-09-06T07:54:56Z</time>
   </trkpt>
   <trkpt lat="22.7302060" lon="120.3307370">
    <ele>21.0</ele>
    <time>2026-09-06T07:54:57Z</time>
   </trkpt>
   <trkpt lat="22.7301330" lon="120.3307770">
    <ele>20.9</ele>
    <time>2026-09-06T07:54:58Z</time>
   </trkpt>
   <trkpt lat="22.7300600" lon="120.3308150">
    <ele>20.9</ele>
    <time>2026-09-06T07:54:59Z</time>
   </trkpt>
   <trkpt lat="22.7299900" lon="120.3308510">
    <ele>20.8</ele>
    <time>2026-09-06T07:55:00Z</time>
   </trkpt>
   <trkpt lat="22.7299240" lon="120.3308830">
    <ele>20.8</ele>
    <time>2026-09-06T07:55:01Z</time>
   </trkpt>
   <trkpt lat="22.7298640" lon="120.3309160">
    <ele>20.8</ele>
    <time>2026-09-06T07:55:02Z</time>
   </trkpt>
   <trkpt lat="22.7298110" lon="120.3309470">
    <ele>20.7</ele>
    <time>2026-09-06T07:55:03Z</time>
   </trkpt>
   <trkpt lat="22.7297700" lon="120.3309810">
    <ele>20.7</ele>
    <time>2026-09-06T07:55:04Z</time>
   </trkpt>
   <trkpt lat="22.7297420" lon="120.3310160">
    <ele>20.7</ele>
    <time>2026-09-06T07:55:05Z</time>
   </trkpt>
   <trkpt lat="22.7297360" lon="120.3310680">
    <ele>20.7</ele>
    <time>2026-09-06T07:55:06Z</time>
   </trkpt>
   <trkpt lat="22.7297460" lon="120.3311300">
    <ele>20.7</ele>
    <time>2026-09-06T07:55:07Z</time>
   </trkpt>
   <trkpt lat="22.7297680" lon="120.3311910">
    <ele>20.8</ele>
    <time>2026-09-06T07:55:08Z</time>
   </trkpt>
   <trkpt lat="22.7297930" lon="120.3312480">
    <ele>20.9</ele>
    <time>2026-09-06T07:55:09Z</time>
   </trkpt>
   <trkpt lat="22.7298270" lon="120.3312990">
    <ele>21.0</ele>
    <time>2026-09-06T07:55:10Z</time>
   </trkpt>
   <trkpt lat="22.7298510" lon="120.3313460">
    <ele>21.0</ele>
    <time>2026-09-06T07:55:11Z</time>
   </trkpt>
   <trkpt lat="22.7298710" lon="120.3313830">
    <ele>21.1</ele>
    <time>2026-09-06T07:55:12Z</time>
   </trkpt>
   <trkpt lat="22.7298780" lon="120.3314080">
    <ele>21.1</ele>
    <time>2026-09-06T07:55:13Z</time>
   </trkpt>
   <trkpt lat="22.7298730" lon="120.3314240">
    <ele>21.2</ele>
    <time>2026-09-06T07:55:14Z</time>
   </trkpt>
   <trkpt lat="22.7298640" lon="120.3314300">
    <ele>21.2</ele>
    <time>2026-09-06T07:55:15Z</time>
   </trkpt>
   <trkpt lat="22.7298610" lon="120.3314270">
    <ele>21.2</ele>
    <time>2026-09-06T07:55:16Z</time>
   </trkpt>
   <trkpt lat="22.7298600" lon="120.3314310">
    <ele>21.2</ele>
    <time>2026-09-06T07:55:17Z</time>
   </trkpt>
   <trkpt lat="22.7298620" lon="120.3314320">
    <ele>21.2</ele>
    <time>2026-09-06T07:55:18Z</time>
   </trkpt>
   <trkpt lat="22.7298630" lon="120.3314400">
    <ele>21.2</ele>
    <time>2026-09-06T07:55:19Z</time>
   </trkpt>
   <trkpt lat="22.7298620" lon="120.3314370">
    <ele>21.2</ele>
    <time>2026-09-06T07:55:20Z</time>
   </trkpt>
   <trkpt lat="22.7298630" lon="120.3314300">
    <ele>21.2</ele>
    <time>2026-09-06T07:55:21Z</time>
   </trkpt>
   <trkpt lat="22.7298650" lon="120.3314250">
    <ele>21.2</ele>
    <time>2026-09-06T07:55:22Z</time>
   </trkpt>
   <trkpt lat="22.7298640" lon="120.3314240">
    <ele>21.2</ele>
    <time>2026-09-06T07:55:23Z</time>
   </trkpt>
   <trkpt lat="22.7298840" lon="120.3314690">
    <ele>21.3</ele>
    <time>2026-09-06T07:55:46Z</time>
   </trkpt>
   <trkpt lat="22.7298840" lon="120.3314790">
    <ele>21.3</ele>
    <time>2026-09-06T07:55:47Z</time>
   </trkpt>
   <trkpt lat="22.7298890" lon="120.3314950">
    <ele>21.3</ele>
    <time>2026-09-06T07:55:48Z</time>
   </trkpt>
   <trkpt lat="22.7298930" lon="120.3315080">
    <ele>21.3</ele>
    <time>2026-09-06T07:55:49Z</time>
   </trkpt>
   <trkpt lat="22.7298980" lon="120.3315210">
    <ele>21.3</ele>
    <time>2026-09-06T07:55:50Z</time>
   </trkpt>
  </trkseg>
 </trk>
</gpx>
