<?xml version="1.0" encoding="UTF-8"?>
<gpx creator="StravaGPX" version="1.1" xmlns="http://www.topografix.com/GPX/1/1" xmlns:xsi="http://www.w3.org/2001/XMLSchema-instance" xsi:schemaLocation="http://www.topografix.com/GPX/1/1 http://www.topografix.com/GPX/1/1/gpx.xsd">
 <metadata>
  <time>2026-09-15T11:12:31Z</time>
 </metadata>
 <trk>
  <name>0915 Wan</name>
  <type>cycling</type>
  <trkseg>
   <trkpt lat="22.7384190" lon="120.3374830">
    <ele>19.9</ele>
    <time>2026-09-15T11:12:31Z</time>
   </trkpt>
   <trkpt lat="22.7384190" lon="120.3374830">
    <ele>19.9</ele>
    <time>2026-09-15T11:12:32Z</time>
   </trkpt>
   <trkpt lat="22.7384270" lon="120.3374920">
    <ele>19.9</ele>
    <time>2026-09-15T11:12:33Z</time>
   </trkpt>
   <trkpt lat="22.7384450" lon="120.3375140">
    <ele>19.9</ele>
    <time>2026-09-15T11:12:34Z</time>
   </trkpt>
   <trkpt lat="22.7384660" lon="120.3375450">
    <ele>19.8</ele>
    <time>2026-09-15T11:12:35Z</time>
   </trkpt>
   <trkpt lat="22.7384590" lon="120.3375650">
    <ele>19.8</ele>
    <time>2026-09-15T11:12:36Z</time>
   </trkpt>
   <trkpt lat="22.7385260" lon="120.3376320">
    <ele>19.8</ele>
    <time>2026-09-15T11:12:37Z</time>
   </trkpt>
   <trkpt lat="22.7385120" lon="120.3376320">
    <ele>19.8</ele>
    <time>2026-09-15T11:12:38Z</time>
   </trkpt>
   <trkpt lat="22.7385020" lon="120.3376290">
    <ele>19.8</ele>
    <time>2026-09-15T11:12:39Z</time>
   </trkpt>
   <trkpt lat="22.7384830" lon="120.3376310">
    <ele>19.8</ele>
    <time>2026-09-15T11:12:40Z</time>
   </trkpt>
   <trkpt lat="22.7384780" lon="120.3376330">
    <ele>19.8</ele>
    <time>2026-09-15T11:12:41Z</time>
   </trkpt>
   <trkpt lat="22.7384710" lon="120.3376360">
    <ele>19.8</ele>
    <time>2026-09-15T11:12:42Z</time>
   </trkpt>
   <trkpt lat="22.7384680" lon="120.3376370">
    <ele>19.8</ele>
    <time>2026-09-15T11:12:43Z</time>
   </trkpt>
   <trkpt lat="22.7384620" lon="120.3376370">
    <ele>19.8</ele>
    <time>2026-09-15T11:12:44Z</time>
   </trkpt>
   <trkpt lat="22.7384570" lon="120.3376370">
    <ele>19.8</ele>
    <time>2026-09-15T11:12:45Z</time>
   </trkpt>
   <trkpt lat="22.7384560" lon="120.3376370">
    <ele>19.8</ele>
    <time>2026-09-15T11:12:46Z</time>
   </trkpt>
   <trkpt lat="22.7384500" lon="120.3376340">
    <ele>19.8</ele>
    <time>2026-09-15T11:12:47Z</time>
   </trkpt>
   <trkpt lat="22.7384470" lon="120.3376330">
    <ele>19.8</ele>
    <time>2026-09-15T11:12:48Z</time>
   </trkpt>
   <trkpt lat="22.7384590" lon="120.3375970">
    <ele>19.8</ele>
    <time>2026-09-15T11:13:00Z</time>
   </trkpt>
   <trkpt lat="22.7384600" lon="120.3375920">
    <ele>19.8</ele>
    <time>2026-09-15T11:13:01Z</time>
   </trkpt>
   <trkpt lat="22.7384580" lon="120.3375900">
    <ele>19.8</ele>
    <time>2026-09-15T11:13:02Z</time>
   </trkpt>
   <trkpt lat="22.7384670" lon="120.3376160">
    <ele>19.8</ele>
    <time>2026-09-15T11:13:03Z</time>
   </trkpt>
   <trkpt lat="22.7384620" lon="120.3376170">
    <ele>19.8</ele>
    <time>2026-09-15T11:13:04Z</time>
   </trkpt>
   <trkpt lat="22.7384620" lon="120.3376130">
    <ele>19.8</ele>
    <time>2026-09-15T11:13:05Z</time>
   </trkpt>
   <trkpt lat="22.7384640" lon="120.3376020">
    <ele>19.8</ele>
    <time>2026-09-15T11:13:06Z</time>
   </trkpt>
   <trkpt lat="22.7384500" lon="120.3376010">
    <ele>19.8</ele>
    <time>2026-09-15T11:13:07Z</time>
   </trkpt>
   <trkpt lat="22.7384530" lon="120.3375850">
    <ele>19.8</ele>
    <time>2026-09-15T11:13:08Z</time>
   </trkpt>
   <trkpt lat="22.7384430" lon="120.3375950">
    <ele>19.8</ele>
    <time>2026-09-15T11:13:09Z</time>
   </trkpt>
   <trkpt lat="22.7384440" lon="120.3376030">
    <ele>19.8</ele>
    <time>2026-09-15T11:13:10Z</time>
   </trkpt>
   <trkpt lat="22.7384450" lon="120.3375990">
    <ele>19.8</ele>
    <time>2026-09-15T11:13:11Z</time>
   </trkpt>
   <trkpt lat="22.7384510" lon="120.3375950">
    <ele>19.8</ele>
    <time>2026-09-15T11:13:12Z</time>
   </trkpt>
   <trkpt lat="22.7384580" lon="120.3376050">
    <ele>19.8</ele>
    <time>2026-09-15T11:13:13Z</time>
   </trkpt>
   <trkpt lat="22.7384580" lon="120.3376380">
    <ele>19.8</ele>
    <time>2026-09-15T11:13:14Z</time>
   </trkpt>
   <trkpt lat="22.7384640" lon="120.3376520">
    <ele>19.8</ele>
    <time>2026-09-15T11:13:15Z</time>
   </trkpt>
   <trkpt lat="22.7384680" lon="120.3376640">
    <ele>19.8</ele>
    <time>2026-09-15T11:13:16Z</time>
   </trkpt>
   <trkpt lat="22.7384750" lon="120.3376690">
    <ele>19.8</ele>
    <time>2026-09-15T11:13:17Z</time>
   </trkpt>
   <trkpt lat="22.7384770" lon="120.3376910">
    <ele>19.8</ele>
    <time>2026-09-15T11:13:18Z</time>
   </trkpt>
   <trkpt lat="22.7384780" lon="120.3377070">
    <ele>19.8</ele>
    <time>2026-09-15T11:13:19Z</time>
   </trkpt>
   <trkpt lat="22.7384830" lon="120.3377270">
    <ele>19.8</ele>
    <time>2026-09-15T11:13:20Z</time>
   </trkpt>
   <trkpt lat="22.7384850" lon="120.3377300">
    <ele>19.8</ele>
    <time>2026-09-15T11:13:21Z</time>
   </trkpt>
   <trkpt lat="22.7384880" lon="120.3377310">
    <ele>19.8</ele>
    <time>2026-09-15T11:13:22Z</time>
   </trkpt>
   <trkpt lat="22.7384830" lon="120.3377340">
    <ele>19.8</ele>
    <time>2026-09-15T11:13:23Z</time>
   </trkpt>
   <trkpt lat="22.7385180" lon="120.3377020">
    <ele>19.8</ele>
    <time>2026-09-15T11:13:46Z</time>
   </trkpt>
   <trkpt lat="22.7385030" lon="120.3377210">
    <ele>19.8</ele>
    <time>2026-09-15T11:13:47Z</time>
   </trkpt>
   <trkpt lat="22.7384880" lon="120.3377460">
    <ele>19.8</ele>
    <time>2026-09-15T11:13:48Z</time>
   </trkpt>
   <trkpt lat="22.7384840" lon="120.3377550">
    <ele>19.8</ele>
    <time>2026-09-15T11:13:49Z</time>
   </trkpt>
   <trkpt lat="22.7384860" lon="120.3377480">
    <ele>19.8</ele>
    <time>2026-09-15T11:13:50Z</time>
   </trkpt>
   <trkpt lat="22.7384910" lon="120.3377500">
    <ele>19.8</ele>
    <time>2026-09-15T11:13:51Z</time>
   </trkpt>
   <trkpt lat="22.7385040" lon="120.3377400">
    <ele>19.8</ele>
    <time>2026-09-15T11:13:52Z</time>
   </trkpt>
   <trkpt lat="22.7385240" lon="120.3377260">
    <ele>19.8</ele>
    <time>2026-09-15T11:13:53Z</time>
   </trkpt>
   <trkpt lat="22.7385390" lon="120.3377120">
    <ele>19.8</ele>
    <time>2026-09-15T11:13:54Z</time>
   </trkpt>
   <trkpt lat="22.7385640" lon="120.3376960">
    <ele>19.8</ele>
    <time>2026-09-15T11:13:55Z</time>
   </trkpt>
   <trkpt lat="22.7385830" lon="120.3376840">
    <ele>19.8</ele>
    <time>2026-09-15T11:13:56Z</time>
   </trkpt>
   <trkpt lat="22.7385900" lon="120.3376640">
    <ele>19.8</ele>
    <time>2026-09-15T11:13:57Z</time>
   </trkpt>
   <trkpt lat="22.7385900" lon="120.3376450">
    <ele>19.8</ele>
    <time>2026-09-15T11:13:58Z</time>
   </trkpt>
   <trkpt lat="22.7385940" lon="120.3376280">
    <ele>19.8</ele>
    <time>2026-09-15T11:13:59Z</time>
   </trkpt>
   <trkpt lat="22.7385970" lon="120.3376180">
    <ele>19.8</ele>
    <time>2026-09-15T11:14:00Z</time>
   </trkpt>
   <trkpt lat="22.7386040" lon="120.3376230">
    <ele>19.8</ele>
    <time>2026-09-15T11:14:01Z</time>
   </trkpt>
   <trkpt lat="22.7386090" lon="120.3376280">
    <ele>19.8</ele>
    <time>2026-09-15T11:14:02Z</time>
   </trkpt>
   <trkpt lat="22.7386060" lon="120.3376220">
    <ele>19.8</ele>
    <time>2026-09-15T11:14:03Z</time>
   </trkpt>
   <trkpt lat="22.7386050" lon="120.3376050">
    <ele>19.8</ele>
    <time>2026-09-15T11:14:04Z</time>
   </trkpt>
   <trkpt lat="22.7386140" lon="120.3376030">
    <ele>19.8</ele>
    <time>2026-09-15T11:14:05Z</time>
   </trkpt>
   <trkpt lat="22.7386080" lon="120.3375990">
    <ele>19.8</ele>
    <time>2026-09-15T11:14:06Z</time>
   </trkpt>
   <trkpt lat="22.7386120" lon="120.3376050">
    <ele>19.8</ele>
    <time>2026-09-15T11:14:07Z</time>
   </trkpt>
   <trkpt lat="22.7386080" lon="120.3376090">
    <ele>19.8</ele>
    <time>2026-09-15T11:14:08Z</time>
   </trkpt>
   <trkpt lat="22.7386040" lon="120.3376160">
    <ele>19.8</ele>
    <time>2026-09-15T11:14:09Z</time>
   </trkpt>
   <trkpt lat="22.7386030" lon="120.3376290">
    <ele>19.8</ele>
    <time>2026-09-15T11:14:10Z</time>
   </trkpt>
   <trkpt lat="22.7386060" lon="120.3376410">
    <ele>19.8</ele>
    <time>2026-09-15T11:14:11Z</time>
   </trkpt>
   <trkpt lat="22.7386110" lon="120.3376620">
    <ele>19.8</ele>
    <time>2026-09-15T11:14:12Z</time>
   </trkpt>
   <trkpt lat="22.7386110" lon="120.3376620">
    <ele>19.8</ele>
    <time>2026-09-15T11:14:13Z</time>
   </trkpt>
   <trkpt lat="22.7386310" lon="120.3376820">
    <ele>19.8</ele>
    <time>2026-09-15T11:14:14Z</time>
   </trkpt>
   <trkpt lat="22.7386310" lon="120.3376730">
    <ele>19.8</ele>
    <time>2026-09-15T11:14:15Z</time>
   </trkpt>
   <trkpt lat="22.7386240" lon="120.3376560">
    <ele>19.8</ele>
    <time>2026-09-15T11:14:16Z</time>
   </trkpt>
   <trkpt lat="22.7386210" lon="120.3376450">
    <ele>19.8</ele>
    <time>2026-09-15T11:14:17Z</time>
   </trkpt>
   <trkpt lat="22.7386210" lon="120.3376300">
    <ele>19.8</ele>
    <time>2026-09-15T11:14:18Z</time>
   </trkpt>
   <trkpt lat="22.7386220" lon="120.3376030">
    <ele>19.8</ele>
    <time>2026-09-15T11:14:19Z</time>
   </trkpt>
   <trkpt lat="22.7386270" lon="120.3375900">
    <ele>19.8</ele>
    <time>2026-09-15T11:14:20Z</time>
   </trkpt>
   <trkpt lat="22.7386380" lon="120.3375870">
    <ele>19.8</ele>
    <time>2026-09-15T11:14:21Z</time>
   </trkpt>
   <trkpt lat="22.7386430" lon="120.3375820">
    <ele>19.8</ele>
    <time>2026-09-15T11:14:22Z</time>
   </trkpt>
   <trkpt lat="22.7386490" lon="120.3375880">
    <ele>19.8</ele>
    <time>2026-09-15T11:14:23Z</time>
   </trkpt>
   <trkpt lat="22.7386510" lon="120.3375810">
    <ele>19.8</ele>
    <time>2026-09-15T11:14:24Z</time>
   </trkpt>
   <trkpt lat="22.7386540" lon="120.3375740">
    <ele>19.8</ele>
    <time>2026-09-15T11:14:25Z</time>
   </trkpt>
   <trkpt lat="22.7386530" lon="120.3375720">
    <ele>19.8</ele>
    <time>2026-09-15T11:14:26Z</time>
   </trkpt>
   <trkpt lat="22.7386420" lon="120.3375610">
    <ele>19.8</ele>
    <time>2026-09-15T11:14:27Z</time>
   </trkpt>
   <trkpt lat="22.7386330" lon="120.3375510">
    <ele>19.7</ele>
    <time>2026-09-15T11:14:28Z</time>
   </trkpt>
   <trkpt lat="22.7386310" lon="120.3375390">
    <ele>19.7</ele>
    <time>2026-09-15T11:14:29Z</time>
   </trkpt>
   <trkpt lat="22.7386380" lon="120.3375190">
    <ele>19.7</ele>
    <time>2026-09-15T11:14:30Z</time>
   </trkpt>
   <trkpt lat="22.7386370" lon="120.3374970">
    <ele>19.7</ele>
    <time>2026-09-15T11:14:31Z</time>
   </trkpt>
   <trkpt lat="22.7386410" lon="120.3374750">
    <ele>19.7</ele>
    <time>2026-09-15T11:14:32Z</time>
   </trkpt>
   <trkpt lat="22.7386450" lon="120.3374570">
    <ele>19.6</ele>
    <time>2026-09-15T11:14:33Z</time>
   </trkpt>
   <trkpt lat="22.7386470" lon="120.3374440">
    <ele>19.6</ele>
    <time>2026-09-15T11:14:34Z</time>
   </trkpt>
   <trkpt lat="22.7386450" lon="120.3374330">
    <ele>19.6</ele>
    <time>2026-09-15T11:14:35Z</time>
   </trkpt>
   <trkpt lat="22.7386410" lon="120.3374320">
    <ele>19.6</ele>
    <time>2026-09-15T11:14:36Z</time>
   </trkpt>
   <trkpt lat="22.7386420" lon="120.3374230">
    <ele>19.6</ele>
    <time>2026-09-15T11:14:37Z</time>
   </trkpt>
   <trkpt lat="22.7386530" lon="120.3374240">
    <ele>19.6</ele>
    <time>2026-09-15T11:14:38Z</time>
   </trkpt>
   <trkpt lat="22.7386530" lon="120.3374240">
    <ele>19.6</ele>
    <time>2026-09-15T11:14:39Z</time>
   </trkpt>
   <trkpt lat="22.7386520" lon="120.3374190">
    <ele>19.6</ele>
    <time>2026-09-15T11:14:40Z</time>
   </trkpt>
   <trkpt lat="22.7386520" lon="120.3374150">
    <ele>19.6</ele>
    <time>2026-09-15T11:14:41Z</time>
   </trkpt>
   <trkpt lat="22.7386670" lon="120.3374040">
    <ele>19.6</ele>
    <time>2026-09-15T11:14:42Z</time>
   </trkpt>
   <trkpt lat="22.7386640" lon="120.3373990">
    <ele>19.6</ele>
    <time>2026-09-15T11:14:43Z</time>
   </trkpt>
   <trkpt lat="22.7386610" lon="120.3374020">
    <ele>19.6</ele>
    <time>2026-09-15T11:14:44Z</time>
   </trkpt>
   <trkpt lat="22.7386630" lon="120.3373970">
    <ele>19.6</ele>
    <time>2026-09-15T11:14:45Z</time>
   </trkpt>
   <trkpt lat="22.7386600" lon="120.3373970">
    <ele>19.5</ele>
    <time>2026-09-15T11:14:46Z</time>
   </trkpt>
   <trkpt lat="22.7386640" lon="120.3373900">
    <ele>19.5</ele>
    <time>2026-09-15T11:14:47Z</time>
   </trkpt>
   <trkpt lat="22.7386730" lon="120.3373820">
    <ele>19.5</ele>
    <time>2026-09-15T11:14:48Z</time>
   </trkpt>
   <trkpt lat="22.7386760" lon="120.3373750">
    <ele>19.5</ele>
    <time>2026-09-15T11:14:49Z</time>
   </trkpt>
   <trkpt lat="22.7386840" lon="120.3373660">
    <ele>19.5</ele>
    <time>2026-09-15T11:14:50Z</time>
   </trkpt>
   <trkpt lat="22.7386900" lon="120.3373700">
    <ele>19.5</ele>
    <time>2026-09-15T11:14:51Z</time>
   </trkpt>
   <trkpt lat="22.7386950" lon="120.3373650">
    <ele>19.5</ele>
    <time>2026-09-15T11:14:52Z</time>
   </trkpt>
   <trkpt lat="22.7387040" lon="120.3373610">
    <ele>19.5</ele>
    <time>2026-09-15T11:14:53Z</time>
   </trkpt>
   <trkpt lat="22.7387060" lon="120.3373580">
    <ele>19.5</ele>
    <time>2026-09-15T11:14:54Z</time>
   </trkpt>
   <trkpt lat="22.7387050" lon="120.3373640">
    <ele>19.5</ele>
    <time>2026-09-15T11:14:55Z</time>
   </trkpt>
   <trkpt lat="22.7387110" lon="120.3373550">
    <ele>19.5</ele>
    <time>2026-09-15T11:14:56Z</time>
   </trkpt>
   <trkpt lat="22.7387080" lon="120.3373430">
    <ele>19.4</ele>
    <time>2026-09-15T11:14:57Z</time>
   </trkpt>
   <trkpt lat="22.7387050" lon="120.3373340">
    <ele>19.4</ele>
    <time>2026-09-15T11:14:58Z</time>
   </trkpt>
   <trkpt lat="22.7387090" lon="120.3373270">
    <ele>19.4</ele>
    <time>2026-09-15T11:14:59Z</time>
   </trkpt>
   <trkpt lat="22.7387140" lon="120.3373210">
    <ele>19.4</ele>
    <time>2026-09-15T11:15:00Z</time>
   </trkpt>
   <trkpt lat="22.7387210" lon="120.3373220">
    <ele>19.4</ele>
    <time>2026-09-15T11:15:01Z</time>
   </trkpt>
   <trkpt lat="22.7387270" lon="120.3373140">
    <ele>19.4</ele>
    <time>2026-09-15T11:15:02Z</time>
   </trkpt>
   <trkpt lat="22.7387290" lon="120.3373050">
    <ele>19.4</ele>
    <time>2026-09-15T11:15:03Z</time>
   </trkpt>
   <trkpt lat="22.7387360" lon="120.3372910">
    <ele>19.4</ele>
    <time>2026-09-15T11:15:04Z</time>
   </trkpt>
   <trkpt lat="22.7387400" lon="120.3372760">
    <ele>19.4</ele>
    <time>2026-09-15T11:15:05Z</time>
   </trkpt>
   <trkpt lat="22.7387410" lon="120.3372720">
    <ele>19.4</ele>
    <time>2026-09-15T11:15:06Z</time>
   </trkpt>
   <trkpt lat="22.7387370" lon="120.3372690">
    <ele>19.4</ele>
    <time>2026-09-15T11:15:07Z</time>
   </trkpt>
   <trkpt lat="22.7387370" lon="120.3372650">
    <ele>19.4</ele>
    <time>2026-09-15T11:15:08Z</time>
   </trkpt>
   <trkpt lat="22.7387350" lon="120.3372570">
    <ele>19.4</ele>
    <time>2026-09-15T11:15:09Z</time>
   </trkpt>
   <trkpt lat="22.7387900" lon="120.3371670">
    <ele>19.3</ele>
    <time>2026-09-15T11:15:29Z</time>
   </trkpt>
   <trkpt lat="22.7387920" lon="120.3371620">
    <ele>19.3</ele>
    <time>2026-09-15T11:15:30Z</time>
   </trkpt>
   <trkpt lat="22.7387910" lon="120.3371590">
    <ele>19.3</ele>
    <time>2026-09-15T11:15:31Z</time>
   </trkpt>
   <trkpt lat="22.7387890" lon="120.3371600">
    <ele>19.3</ele>
    <time>2026-09-15T11:15:32Z</time>
   </trkpt>
   <trkpt lat="22.7387950" lon="120.3371520">
    <ele>19.3</ele>
    <time>2026-09-15T11:15:33Z</time>
   </trkpt>
   <trkpt lat="22.7387950" lon="120.3371530">
    <ele>19.3</ele>
    <time>2026-09-15T11:15:34Z</time>
   </trkpt>
   <trkpt lat="22.7388010" lon="120.3371450">
    <ele>19.3</ele>
    <time>2026-09-15T11:15:35Z</time>
   </trkpt>
   <trkpt lat="22.7388050" lon="120.3371410">
    <ele>19.3</ele>
    <time>2026-09-15T11:15:36Z</time>
   </trkpt>
   <trkpt lat="22.7388040" lon="120.3371420">
    <ele>19.3</ele>
    <time>2026-09-15T11:15:37Z</time>
   </trkpt>
   <trkpt lat="22.7388040" lon="120.3371490">
    <ele>19.3</ele>
    <time>2026-09-15T11:15:38Z</time>
   </trkpt>
   <trkpt lat="22.7387630" lon="120.3371090">
    <ele>19.3</ele>
    <time>2026-09-15T11:15:56Z</time>
   </trkpt>
   <trkpt lat="22.7387590" lon="120.3371290">
    <ele>19.3</ele>
    <time>2026-09-15T11:15:57Z</time>
   </trkpt>
   <trkpt lat="22.7387670" lon="120.3371310">
    <ele>19.3</ele>
    <time>2026-09-15T11:15:58Z</time>
   </trkpt>
   <trkpt lat="22.7387670" lon="120.3371110">
    <ele>19.3</ele>
    <time>2026-09-15T11:15:59Z</time>
   </trkpt>
   <trkpt lat="22.7387580" lon="120.3371140">
    <ele>19.4</ele>
    <time>2026-09-15T11:16:00Z</time>
   </trkpt>
   <trkpt lat="22.7387520" lon="120.3371180">
    <ele>19.4</ele>
    <time>2026-09-15T11:16:01Z</time>
   </trkpt>
   <trkpt lat="22.7387490" lon="120.3371100">
    <ele>19.4</ele>
    <time>2026-09-15T11:16:02Z</time>
   </trkpt>
   <trkpt lat="22.7387440" lon="120.3370980">
    <ele>19.4</ele>
    <time>2026-09-15T11:16:03Z</time>
   </trkpt>
   <trkpt lat="22.7387510" lon="120.3370900">
    <ele>19.4</ele>
    <time>2026-09-15T11:16:04Z</time>
   </trkpt>
   <trkpt lat="22.7387360" lon="120.3370730">
    <ele>19.4</ele>
    <time>2026-09-15T11:16:05Z</time>
   </trkpt>
   <trkpt lat="22.7387390" lon="120.3370680">
    <ele>19.4</ele>
    <time>2026-09-15T11:16:06Z</time>
   </trkpt>
   <trkpt lat="22.7387400" lon="120.3370650">
    <ele>19.4</ele>
    <time>2026-09-15T11:16:07Z</time>
   </trkpt>
   <trkpt lat="22.7387360" lon="120.3370640">
    <ele>19.4</ele>
    <time>2026-09-15T11:16:08Z</time>
   </trkpt>
   <trkpt lat="22.7387450" lon="120.3370530">
    <ele>19.4</ele>
    <time>2026-09-15T11:16:09Z</time>
   </trkpt>
   <trkpt lat="22.7387460" lon="120.3370520">
    <ele>19.4</ele>
    <time>2026-09-15T11:16:10Z</time>
   </trkpt>
   <trkpt lat="22.7387390" lon="120.3370660">
    <ele>19.4</ele>
    <time>2026-09-15T11:16:11Z</time>
   </trkpt>
   <trkpt lat="22.7387330" lon="120.3370490">
    <ele>19.4</ele>
    <time>2026-09-15T11:16:12Z</time>
   </trkpt>
   <trkpt lat="22.7387240" lon="120.3370630">
    <ele>19.4</ele>
    <time>2026-09-15T11:16:13Z</time>
   </trkpt>
   <trkpt lat="22.7387150" lon="120.3370650">
    <ele>19.4</ele>
    <time>2026-09-15T11:16:14Z</time>
   </trkpt>
   <trkpt lat="22.7387420" lon="120.3370480">
    <ele>19.4</ele>
    <time>2026-09-15T11:16:15Z</time>
   </trkpt>
   <trkpt lat="22.7387030" lon="120.3370820">
    <ele>19.4</ele>
    <time>2026-09-15T11:16:44Z</time>
   </trkpt>
   <trkpt lat="22.7387020" lon="120.3370840">
    <ele>19.4</ele>
    <time>2026-09-15T11:16:45Z</time>
   </trkpt>
   <trkpt lat="22.7387000" lon="120.3370850">
    <ele>19.4</ele>
    <time>2026-09-15T11:16:46Z</time>
   </trkpt>
   <trkpt lat="22.7386990" lon="120.3370860">
    <ele>19.4</ele>
    <time>2026-09-15T11:16:47Z</time>
   </trkpt>
   <trkpt lat="22.7387370" lon="120.3370420">
    <ele>19.4</ele>
    <time>2026-09-15T11:16:48Z</time>
   </trkpt>
   <trkpt lat="22.7387130" lon="120.3370450">
    <ele>19.4</ele>
    <time>2026-09-15T11:16:49Z</time>
   </trkpt>
   <trkpt lat="22.7387130" lon="120.3370410">
    <ele>19.4</ele>
    <time>2026-09-15T11:16:50Z</time>
   </trkpt>
   <trkpt lat="22.7387170" lon="120.3370410">
    <ele>19.4</ele>
    <time>2026-09-15T11:16:51Z</time>
   </trkpt>
   <trkpt lat="22.7387150" lon="120.3370450">
    <ele>19.4</ele>
    <time>2026-09-15T11:16:52Z</time>
   </trkpt>
   <trkpt lat="22.7387220" lon="120.3370470">
    <ele>19.4</ele>
    <time>2026-09-15T11:16:53Z</time>
   </trkpt>
   <trkpt lat="22.7387210" lon="120.3370490">
    <ele>19.4</ele>
    <time>2026-09-15T11:16:54Z</time>
   </trkpt>
   <trkpt lat="22.7387250" lon="120.3370430">
    <ele>19.4</ele>
    <time>2026-09-15T11:16:55Z</time>
   </trkpt>
   <trkpt lat="22.7387220" lon="120.3370390">
    <ele>19.4</ele>
    <time>2026-09-15T11:16:56Z</time>
   </trkpt>
   <trkpt lat="22.7387330" lon="120.3370320">
    <ele>19.4</ele>
    <time>2026-09-15T11:16:57Z</time>
   </trkpt>
   <trkpt lat="22.7387410" lon="120.3370170">
    <ele>19.4</ele>
    <time>2026-09-15T11:16:58Z</time>
   </trkpt>
   <trkpt lat="22.7387700" lon="120.3369940">
    <ele>19.4</ele>
    <time>2026-09-15T11:17:00Z</time>
   </trkpt>
   <trkpt lat="22.7387780" lon="120.3369880">
    <ele>19.4</ele>
    <time>2026-09-15T11:17:01Z</time>
   </trkpt>
   <trkpt lat="22.7388000" lon="120.3369830">
    <ele>19.4</ele>
    <time>2026-09-15T11:17:02Z</time>
   </trkpt>
   <trkpt lat="22.7388140" lon="120.3369900">
    <ele>19.4</ele>
    <time>2026-09-15T11:17:03Z</time>
   </trkpt>
   <trkpt lat="22.7388220" lon="120.3369980">
    <ele>19.4</ele>
    <time>2026-09-15T11:17:04Z</time>
   </trkpt>
   <trkpt lat="22.7388320" lon="120.3370050">
    <ele>19.4</ele>
    <time>2026-09-15T11:17:05Z</time>
   </trkpt>
   <trkpt lat="22.7388360" lon="120.3370130">
    <ele>19.4</ele>
    <time>2026-09-15T11:17:06Z</time>
   </trkpt>
   <trkpt lat="22.7388360" lon="120.3370140">
    <ele>19.4</ele>
    <time>2026-09-15T11:17:07Z</time>
   </trkpt>
   <trkpt lat="22.7388360" lon="120.3370140">
    <ele>19.4</ele>
    <time>2026-09-15T11:17:08Z</time>
   </trkpt>
   <trkpt lat="22.7388440" lon="120.3370210">
    <ele>19.4</ele>
    <time>2026-09-15T11:17:09Z</time>
   </trkpt>
   <trkpt lat="22.7388430" lon="120.3370220">
    <ele>19.4</ele>
    <time>2026-09-15T11:17:10Z</time>
   </trkpt>
   <trkpt lat="22.7388340" lon="120.3369340">
    <ele>19.3</ele>
    <time>2026-09-15T11:17:30Z</time>
   </trkpt>
   <trkpt lat="22.7388390" lon="120.3369390">
    <ele>19.3</ele>
    <time>2026-09-15T11:17:31Z</time>
   </trkpt>
   <trkpt lat="22.7388330" lon="120.3369390">
    <ele>19.3</ele>
    <time>2026-09-15T11:17:32Z</time>
   </trkpt>
   <trkpt lat="22.7388360" lon="120.3369410">
    <ele>19.3</ele>
    <time>2026-09-15T11:17:33Z</time>
   </trkpt>
   <trkpt lat="22.7388430" lon="120.3369390">
    <ele>19.3</ele>
    <time>2026-09-15T11:17:34Z</time>
   </trkpt>
   <trkpt lat="22.7388460" lon="120.3369390">
    <ele>19.3</ele>
    <time>2026-09-15T11:17:35Z</time>
   </trkpt>
   <trkpt lat="22.7388460" lon="120.3369310">
    <ele>19.3</ele>
    <time>2026-09-15T11:17:36Z</time>
   </trkpt>
   <trkpt lat="22.7388390" lon="120.3369330">
    <ele>19.3</ele>
    <time>2026-09-15T11:17:37Z</time>
   </trkpt>
   <trkpt lat="22.7388470" lon="120.3369430">
    <ele>19.3</ele>
    <time>2026-09-15T11:17:38Z</time>
   </trkpt>
   <trkpt lat="22.7388610" lon="120.3369520">
    <ele>19.3</ele>
    <time>2026-09-15T11:17:39Z</time>
   </trkpt>
   <trkpt lat="22.7388510" lon="120.3369560">
    <ele>19.3</ele>
    <time>2026-09-15T11:17:40Z</time>
   </trkpt>
   <trkpt lat="22.7388610" lon="120.3368840">
    <ele>19.2</ele>
    <time>2026-09-15T11:18:05Z</time>
   </trkpt>
   <trkpt lat="22.7388730" lon="120.3368950">
    <ele>19.2</ele>
    <time>2026-09-15T11:18:06Z</time>
   </trkpt>
   <trkpt lat="22.7388870" lon="120.3369020">
    <ele>19.2</ele>
    <time>2026-09-15T11:18:07Z</time>
   </trkpt>
   <trkpt lat="22.7388970" lon="120.3369250">
    <ele>19.2</ele>
    <time>2026-09-15T11:18:08Z</time>
   </trkpt>
   <trkpt lat="22.7389010" lon="120.3369220">
    <ele>19.2</ele>
    <time>2026-09-15T11:18:09Z</time>
   </trkpt>
   <trkpt lat="22.7389000" lon="120.3369250">
    <ele>19.2</ele>
    <time>2026-09-15T11:18:10Z</time>
   </trkpt>
   <trkpt lat="22.7389050" lon="120.3369210">
    <ele>19.2</ele>
    <time>2026-09-15T11:18:11Z</time>
   </trkpt>
   <trkpt lat="22.7389040" lon="120.3369190">
    <ele>19.2</ele>
    <time>2026-09-15T11:18:12Z</time>
   </trkpt>
   <trkpt lat="22.7389050" lon="120.3369110">
    <ele>19.2</ele>
    <time>2026-09-15T11:18:13Z</time>
   </trkpt>
   <trkpt lat="22.7389010" lon="120.3369100">
    <ele>19.2</ele>
    <time>2026-09-15T11:18:14Z</time>
   </trkpt>
   <trkpt lat="22.7389030" lon="120.3369050">
    <ele>19.2</ele>
    <time>2026-09-15T11:18:15Z</time>
   </trkpt>
   <trkpt lat="22.7389170" lon="120.3368130">
    <ele>19.2</ele>
    <time>2026-09-15T11:19:06Z</time>
   </trkpt>
   <trkpt lat="22.7389110" lon="120.3368100">
    <ele>19.2</ele>
    <time>2026-09-15T11:19:07Z</time>
   </trkpt>
   <trkpt lat="22.7389120" lon="120.3368330">
    <ele>19.2</ele>
    <time>2026-09-15T11:19:08Z</time>
   </trkpt>
   <trkpt lat="22.7389160" lon="120.3368270">
    <ele>19.1</ele>
    <time>2026-09-15T11:19:09Z</time>
   </trkpt>
   <trkpt lat="22.7389220" lon="120.3368160">
    <ele>19.1</ele>
    <time>2026-09-15T11:19:10Z</time>
   </trkpt>
   <trkpt lat="22.7389320" lon="120.3367990">
    <ele>19.1</ele>
    <time>2026-09-15T11:19:11Z</time>
   </trkpt>
   <trkpt lat="22.7389550" lon="120.3367860">
    <ele>19.1</ele>
    <time>2026-09-15T11:19:12Z</time>
   </trkpt>
   <trkpt lat="22.7389660" lon="120.3367740">
    <ele>19.1</ele>
    <time>2026-09-15T11:19:13Z</time>
   </trkpt>
   <trkpt lat="22.7389630" lon="120.3367690">
    <ele>19.1</ele>
    <time>2026-09-15T11:19:14Z</time>
   </trkpt>
   <trkpt lat="22.7389630" lon="120.3367600">
    <ele>19.1</ele>
    <time>2026-09-15T11:19:15Z</time>
   </trkpt>
   <trkpt lat="22.7389800" lon="120.3367480">
    <ele>19.1</ele>
    <time>2026-09-15T11:19:16Z</time>
   </trkpt>
   <trkpt lat="22.7389970" lon="120.3367440">
    <ele>19.1</ele>
    <time>2026-09-15T11:19:17Z</time>
   </trkpt>
   <trkpt lat="22.7389960" lon="120.3367350">
    <ele>19.1</ele>
    <time>2026-09-15T11:19:18Z</time>
   </trkpt>
   <trkpt lat="22.7389920" lon="120.3367370">
    <ele>19.1</ele>
    <time>2026-09-15T11:19:19Z</time>
   </trkpt>
   <trkpt lat="22.7389970" lon="120.3367300">
    <ele>19.1</ele>
    <time>2026-09-15T11:19:20Z</time>
   </trkpt>
   <trkpt lat="22.7389950" lon="120.3367270">
    <ele>19.1</ele>
    <time>2026-09-15T11:19:21Z</time>
   </trkpt>
   <trkpt lat="22.7390040" lon="120.3367320">
    <ele>19.1</ele>
    <time>2026-09-15T11:19:22Z</time>
   </trkpt>
   <trkpt lat="22.7390060" lon="120.3367150">
    <ele>19.1</ele>
    <time>2026-09-15T11:19:23Z</time>
   </trkpt>
   <trkpt lat="22.7390020" lon="120.3367140">
    <ele>19.1</ele>
    <time>2026-09-15T11:19:24Z</time>
   </trkpt>
   <trkpt lat="22.7390030" lon="120.3367080">
    <ele>19.1</ele>
    <time>2026-09-15T11:19:25Z</time>
   </trkpt>
   <trkpt lat="22.7390060" lon="120.3367080">
    <ele>19.1</ele>
    <time>2026-09-15T11:19:26Z</time>
   </trkpt>
   <trkpt lat="22.7390120" lon="120.3367040">
    <ele>19.1</ele>
    <time>2026-09-15T11:19:27Z</time>
   </trkpt>
   <trkpt lat="22.7390180" lon="120.3366980">
    <ele>19.1</ele>
    <time>2026-09-15T11:19:28Z</time>
   </trkpt>
   <trkpt lat="22.7390160" lon="120.3366980">
    <ele>19.1</ele>
    <time>2026-09-15T11:19:29Z</time>
   </trkpt>
   <trkpt lat="22.7390060" lon="120.3366980">
    <ele>19.1</ele>
    <time>2026-09-15T11:19:30Z</time>
   </trkpt>
   <trkpt lat="22.7389970" lon="120.3367030">
    <ele>19.1</ele>
    <time>2026-09-15T11:19:31Z</time>
   </trkpt>
   <trkpt lat="22.7389920" lon="120.3367070">
    <ele>19.1</ele>
    <time>2026-09-15T11:19:32Z</time>
   </trkpt>
   <trkpt lat="22.7389800" lon="120.3367120">
    <ele>19.1</ele>
    <time>2026-09-15T11:19:33Z</time>
   </trkpt>
   <trkpt lat="22.7389640" lon="120.3367070">
    <ele>19.1</ele>
    <time>2026-09-15T11:19:34Z</time>
   </trkpt>
   <trkpt lat="22.7389780" lon="120.3367000">
    <ele>19.1</ele>
    <time>2026-09-15T11:19:35Z</time>
   </trkpt>
   <trkpt lat="22.7389780" lon="120.3366970">
    <ele>19.1</ele>
    <time>2026-09-15T11:19:36Z</time>
   </trkpt>
   <trkpt lat="22.7389750" lon="120.3366920">
    <ele>19.1</ele>
    <time>2026-09-15T11:19:37Z</time>
   </trkpt>
   <trkpt lat="22.7389620" lon="120.3366720">
    <ele>19.1</ele>
    <time>2026-09-15T11:19:38Z</time>
   </trkpt>
   <trkpt lat="22.7389590" lon="120.3366780">
    <ele>19.1</ele>
    <time>2026-09-15T11:19:39Z</time>
   </trkpt>
   <trkpt lat="22.7389500" lon="120.3366840">
    <ele>19.1</ele>
    <time>2026-09-15T11:19:40Z</time>
   </trkpt>
   <trkpt lat="22.7389560" lon="120.3367000">
    <ele>19.1</ele>
    <time>2026-09-15T11:19:41Z</time>
   </trkpt>
   <trkpt lat="22.7389610" lon="120.3367010">
    <ele>19.1</ele>
    <time>2026-09-15T11:19:42Z</time>
   </trkpt>
   <trkpt lat="22.7389610" lon="120.3366960">
    <ele>19.1</ele>
    <time>2026-09-15T11:19:43Z</time>
   </trkpt>
   <trkpt lat="22.7389690" lon="120.3366940">
    <ele>19.1</ele>
    <time>2026-09-15T11:19:44Z</time>
   </trkpt>
   <trkpt lat="22.7389830" lon="120.3366870">
    <ele>19.1</ele>
    <time>2026-09-15T11:19:45Z</time>
   </trkpt>
   <trkpt lat="22.7389840" lon="120.3366830">
    <ele>19.1</ele>
    <time>2026-09-15T11:19:46Z</time>
   </trkpt>
   <trkpt lat="22.7389860" lon="120.3366770">
    <ele>19.1</ele>
    <time>2026-09-15T11:19:47Z</time>
   </trkpt>
   <trkpt lat="22.7389880" lon="120.3366690">
    <ele>19.1</ele>
    <time>2026-09-15T11:19:48Z</time>
   </trkpt>
   <trkpt lat="22.7390130" lon="120.3365940">
    <ele>19.1</ele>
    <time>2026-09-15T11:20:02Z</time>
   </trkpt>
   <trkpt lat="22.7390200" lon="120.3365810">
    <ele>19.1</ele>
    <time>2026-09-15T11:20:03Z</time>
   </trkpt>
   <trkpt lat="22.7390300" lon="120.3365690">
    <ele>19.1</ele>
    <time>2026-09-15T11:20:04Z</time>
   </trkpt>
   <trkpt lat="22.7390260" lon="120.3365510">
    <ele>19.1</ele>
    <time>2026-09-15T11:20:05Z</time>
   </trkpt>
   <trkpt lat="22.7390260" lon="120.3365360">
    <ele>19.2</ele>
    <time>2026-09-15T11:20:06Z</time>
   </trkpt>
   <trkpt lat="22.7390260" lon="120.3365310">
    <ele>19.2</ele>
    <time>2026-09-15T11:20:07Z</time>
   </trkpt>
   <trkpt lat="22.7390270" lon="120.3365330">
    <ele>19.2</ele>
    <time>2026-09-15T11:20:08Z</time>
   </trkpt>
   <trkpt lat="22.7390370" lon="120.3365270">
    <ele>19.2</ele>
    <time>2026-09-15T11:20:09Z</time>
   </trkpt>
   <trkpt lat="22.7390360" lon="120.3365270">
    <ele>19.2</ele>
    <time>2026-09-15T11:20:10Z</time>
   </trkpt>
   <trkpt lat="22.7390410" lon="120.3365290">
    <ele>19.2</ele>
    <time>2026-09-15T11:20:11Z</time>
   </trkpt>
   <trkpt lat="22.7390480" lon="120.3365260">
    <ele>19.2</ele>
    <time>2026-09-15T11:20:12Z</time>
   </trkpt>
   <trkpt lat="22.7390470" lon="120.3365280">
    <ele>19.2</ele>
    <time>2026-09-15T11:20:13Z</time>
   </trkpt>
   <trkpt lat="22.7390510" lon="120.3364910">
    <ele>19.2</ele>
    <time>2026-09-15T11:20:18Z</time>
   </trkpt>
   <trkpt lat="22.7390520" lon="120.3364790">
    <ele>19.2</ele>
    <time>2026-09-15T11:20:19Z</time>
   </trkpt>
   <trkpt lat="22.7390530" lon="120.3364690">
    <ele>19.2</ele>
    <time>2026-09-15T11:20:20Z</time>
   </trkpt>
   <trkpt lat="22.7390580" lon="120.3364570">
    <ele>19.2</ele>
    <time>2026-09-15T11:20:21Z</time>
   </trkpt>
   <trkpt lat="22.7390590" lon="120.3364430">
    <ele>19.2</ele>
    <time>2026-09-15T11:20:22Z</time>
   </trkpt>
   <trkpt lat="22.7390640" lon="120.3364330">
    <ele>19.3</ele>
    <time>2026-09-15T11:20:23Z</time>
   </trkpt>
   <trkpt lat="22.7390610" lon="120.3364210">
    <ele>19.3</ele>
    <time>2026-09-15T11:20:24Z</time>
   </trkpt>
   <trkpt lat="22.7390690" lon="120.3364120">
    <ele>19.3</ele>
    <time>2026-09-15T11:20:25Z</time>
   </trkpt>
   <trkpt lat="22.7390790" lon="120.3364050">
    <ele>19.3</ele>
    <time>2026-09-15T11:20:26Z</time>
   </trkpt>
   <trkpt lat="22.7390900" lon="120.3363950">
    <ele>19.3</ele>
    <time>2026-09-15T11:20:27Z</time>
   </trkpt>
   <trkpt lat="22.7391000" lon="120.3363830">
    <ele>19.3</ele>
    <time>2026-09-15T11:20:28Z</time>
   </trkpt>
   <trkpt lat="22.7391080" lon="120.3363690">
    <ele>19.3</ele>
    <time>2026-09-15T11:20:29Z</time>
   </trkpt>
   <trkpt lat="22.7391160" lon="120.3363620">
    <ele>19.4</ele>
    <time>2026-09-15T11:20:30Z</time>
   </trkpt>
   <trkpt lat="22.7391250" lon="120.3363490">
    <ele>19.4</ele>
    <time>2026-09-15T11:20:31Z</time>
   </trkpt>
   <trkpt lat="22.7391280" lon="120.3363360">
    <ele>19.4</ele>
    <time>2026-09-15T11:20:32Z</time>
   </trkpt>
   <trkpt lat="22.7391260" lon="120.3363200">
    <ele>19.4</ele>
    <time>2026-09-15T11:20:33Z</time>
   </trkpt>
   <trkpt lat="22.7391200" lon="120.3363100">
    <ele>19.4</ele>
    <time>2026-09-15T11:20:34Z</time>
   </trkpt>
   <trkpt lat="22.7391120" lon="120.3363070">
    <ele>19.4</ele>
    <time>2026-09-15T11:20:35Z</time>
   </trkpt>
   <trkpt lat="22.7391020" lon="120.3363100">
    <ele>19.4</ele>
    <time>2026-09-15T11:20:36Z</time>
   </trkpt>
   <trkpt lat="22.7390950" lon="120.3363130">
    <ele>19.4</ele>
    <time>2026-09-15T11:20:37Z</time>
   </trkpt>
   <trkpt lat="22.7390920" lon="120.3363100">
    <ele>19.4</ele>
    <time>2026-09-15T11:20:38Z</time>
   </trkpt>
   <trkpt lat="22.7390940" lon="120.3363050">
    <ele>19.5</ele>
    <time>2026-09-15T11:20:39Z</time>
   </trkpt>
   <trkpt lat="22.7390960" lon="120.3363010">
    <ele>19.5</ele>
    <time>2026-09-15T11:20:40Z</time>
   </trkpt>
   <trkpt lat="22.7390940" lon="120.3363040">
    <ele>19.5</ele>
    <time>2026-09-15T11:20:41Z</time>
   </trkpt>
   <trkpt lat="22.7391000" lon="120.3363020">
    <ele>19.5</ele>
    <time>2026-09-15T11:20:42Z</time>
   </trkpt>
   <trkpt lat="22.7391020" lon="120.3363040">
    <ele>19.8</ele>
    <time>2026-09-15T11:20:43Z</time>
   </trkpt>
   <trkpt lat="22.7391020" lon="120.3363040">
    <ele>19.8</ele>
    <time>2026-09-15T11:20:44Z</time>
   </trkpt>
   <trkpt lat="22.7391120" lon="120.3362880">
    <ele>19.8</ele>
    <time>2026-09-15T11:20:45Z</time>
   </trkpt>
   <trkpt lat="22.7391650" lon="120.3361850">
    <ele>19.6</ele>
    <time>2026-09-15T11:21:00Z</time>
   </trkpt>
   <trkpt lat="22.7391700" lon="120.3361790">
    <ele>19.6</ele>
    <time>2026-09-15T11:21:01Z</time>
   </trkpt>
   <trkpt lat="22.7391830" lon="120.3361770">
    <ele>19.4</ele>
    <time>2026-09-15T11:21:02Z</time>
   </trkpt>
   <trkpt lat="22.7391850" lon="120.3361700">
    <ele>19.1</ele>
    <time>2026-09-15T11:21:03Z</time>
   </trkpt>
   <trkpt lat="22.7391860" lon="120.3361600">
    <ele>19.2</ele>
    <time>2026-09-15T11:21:04Z</time>
   </trkpt>
   <trkpt lat="22.7391740" lon="120.3361460">
    <ele>19.5</ele>
    <time>2026-09-15T11:21:05Z</time>
   </trkpt>
   <trkpt lat="22.7391680" lon="120.3361270">
    <ele>19.2</ele>
    <time>2026-09-15T11:21:06Z</time>
   </trkpt>
   <trkpt lat="22.7391580" lon="120.3361020">
    <ele>19.3</ele>
    <time>2026-09-15T11:21:07Z</time>
   </trkpt>
   <trkpt lat="22.7391470" lon="120.3360760">
    <ele>19.0</ele>
    <time>2026-09-15T11:21:08Z</time>
   </trkpt>
   <trkpt lat="22.7391530" lon="120.3360560">
    <ele>19.1</ele>
    <time>2026-09-15T11:21:09Z</time>
   </trkpt>
   <trkpt lat="22.7391560" lon="120.3360330">
    <ele>18.9</ele>
    <time>2026-09-15T11:21:10Z</time>
   </trkpt>
   <trkpt lat="22.7391430" lon="120.3360020">
    <ele>18.9</ele>
    <time>2026-09-15T11:21:11Z</time>
   </trkpt>
   <trkpt lat="22.7391900" lon="120.3359430">
    <ele>18.1</ele>
    <time>2026-09-15T11:21:12Z</time>
   </trkpt>
   <trkpt lat="22.7391910" lon="120.3359190">
    <ele>18.2</ele>
    <time>2026-09-15T11:21:13Z</time>
   </trkpt>
   <trkpt lat="22.7391760" lon="120.3358830">
    <ele>18.2</ele>
    <time>2026-09-15T11:21:14Z</time>
   </trkpt>
   <trkpt lat="22.7391770" lon="120.3358590">
    <ele>17.9</ele>
    <time>2026-09-15T11:21:15Z</time>
   </trkpt>
   <trkpt lat="22.7391750" lon="120.3358520">
    <ele>17.9</ele>
    <time>2026-09-15T11:21:16Z</time>
   </trkpt>
   <trkpt lat="22.7391600" lon="120.3358710">
    <ele>18.3</ele>
    <time>2026-09-15T11:21:17Z</time>
   </trkpt>
   <trkpt lat="22.7391470" lon="120.3358910">
    <ele>18.3</ele>
    <time>2026-09-15T11:21:18Z</time>
   </trkpt>
   <trkpt lat="22.7391430" lon="120.3358790">
    <ele>18.3</ele>
    <time>2026-09-15T11:21:19Z</time>
   </trkpt>
   <trkpt lat="22.7391360" lon="120.3358510">
    <ele>18.4</ele>
    <time>2026-09-15T11:21:20Z</time>
   </trkpt>
   <trkpt lat="22.7391360" lon="120.3358210">
    <ele>18.3</ele>
    <time>2026-09-15T11:21:21Z</time>
   </trkpt>
   <trkpt lat="22.7391390" lon="120.3357930">
    <ele>18.3</ele>
    <time>2026-09-15T11:21:22Z</time>
   </trkpt>
   <trkpt lat="22.7391380" lon="120.3357830">
    <ele>18.3</ele>
    <time>2026-09-15T11:21:23Z</time>
   </trkpt>
   <trkpt lat="22.7391320" lon="120.3357720">
    <ele>18.3</ele>
    <time>2026-09-15T11:21:24Z</time>
   </trkpt>
   <trkpt lat="22.7391230" lon="120.3357720">
    <ele>18.3</ele>
    <time>2026-09-15T11:21:25Z</time>
   </trkpt>
   <trkpt lat="22.7391250" lon="120.3357660">
    <ele>18.4</ele>
    <time>2026-09-15T11:21:26Z</time>
   </trkpt>
   <trkpt lat="22.7391210" lon="120.3357550">
    <ele>18.4</ele>
    <time>2026-09-15T11:21:27Z</time>
   </trkpt>
   <trkpt lat="22.7391340" lon="120.3357190">
    <ele>18.5</ele>
    <time>2026-09-15T11:21:28Z</time>
   </trkpt>
   <trkpt lat="22.7391400" lon="120.3357110">
    <ele>17.9</ele>
    <time>2026-09-15T11:21:29Z</time>
   </trkpt>
   <trkpt lat="22.7391440" lon="120.3356990">
    <ele>18.0</ele>
    <time>2026-09-15T11:21:30Z</time>
   </trkpt>
   <trkpt lat="22.7391390" lon="120.3356990">
    <ele>18.6</ele>
    <time>2026-09-15T11:21:31Z</time>
   </trkpt>
   <trkpt lat="22.7391390" lon="120.3357100">
    <ele>18.6</ele>
    <time>2026-09-15T11:21:32Z</time>
   </trkpt>
   <trkpt lat="22.7391470" lon="120.3357120">
    <ele>18.0</ele>
    <time>2026-09-15T11:21:33Z</time>
   </trkpt>
   <trkpt lat="22.7391550" lon="120.3356960">
    <ele>18.3</ele>
    <time>2026-09-15T11:21:34Z</time>
   </trkpt>
   <trkpt lat="22.7391550" lon="120.3356820">
    <ele>18.3</ele>
    <time>2026-09-15T11:21:35Z</time>
   </trkpt>
   <trkpt lat="22.7391630" lon="120.3356680">
    <ele>18.3</ele>
    <time>2026-09-15T11:21:36Z</time>
   </trkpt>
   <trkpt lat="22.7391520" lon="120.3356440">
    <ele>18.7</ele>
    <time>2026-09-15T11:21:37Z</time>
   </trkpt>
   <trkpt lat="22.7391510" lon="120.3356090">
    <ele>19.0</ele>
    <time>2026-09-15T11:21:38Z</time>
   </trkpt>
   <trkpt lat="22.7391380" lon="120.3356380">
    <ele>19.2</ele>
    <time>2026-09-15T11:21:39Z</time>
   </trkpt>
   <trkpt lat="22.7391350" lon="120.3356420">
    <ele>19.2</ele>
    <time>2026-09-15T11:21:40Z</time>
   </trkpt>
   <trkpt lat="22.7391390" lon="120.3356430">
    <ele>19.2</ele>
    <time>2026-09-15T11:21:41Z</time>
   </trkpt>
   <trkpt lat="22.7391300" lon="120.3356850">
    <ele>19.0</ele>
    <time>2026-09-15T11:21:42Z</time>
   </trkpt>
   <trkpt lat="22.7391270" lon="120.3357050">
    <ele>18.9</ele>
    <time>2026-09-15T11:21:43Z</time>
   </trkpt>
   <trkpt lat="22.7391330" lon="120.3356980">
    <ele>19.1</ele>
    <time>2026-09-15T11:21:44Z</time>
   </trkpt>
   <trkpt lat="22.7391470" lon="120.3356980">
    <ele>18.6</ele>
    <time>2026-09-15T11:21:45Z</time>
   </trkpt>
   <trkpt lat="22.7391490" lon="120.3356880">
    <ele>18.6</ele>
    <time>2026-09-15T11:21:46Z</time>
   </trkpt>
   <trkpt lat="22.7391660" lon="120.3356800">
    <ele>18.6</ele>
    <time>2026-09-15T11:21:47Z</time>
   </trkpt>
   <trkpt lat="22.7391380" lon="120.3356880">
    <ele>19.2</ele>
    <time>2026-09-15T11:21:48Z</time>
   </trkpt>
   <trkpt lat="22.7390980" lon="120.3356910">
    <ele>19.7</ele>
    <time>2026-09-15T11:21:49Z</time>
   </trkpt>
   <trkpt lat="22.7390880" lon="120.3356950">
    <ele>19.7</ele>
    <time>2026-09-15T11:21:50Z</time>
   </trkpt>
   <trkpt lat="22.7390810" lon="120.3357070">
    <ele>19.7</ele>
    <time>2026-09-15T11:21:51Z</time>
   </trkpt>
   <trkpt lat="22.7390850" lon="120.3357130">
    <ele>19.7</ele>
    <time>2026-09-15T11:21:52Z</time>
   </trkpt>
   <trkpt lat="22.7390800" lon="120.3357120">
    <ele>19.7</ele>
    <time>2026-09-15T11:21:53Z</time>
   </trkpt>
   <trkpt lat="22.7390810" lon="120.3357090">
    <ele>19.8</ele>
    <time>2026-09-15T11:21:54Z</time>
   </trkpt>
   <trkpt lat="22.7390870" lon="120.3357110">
    <ele>19.8</ele>
    <time>2026-09-15T11:21:55Z</time>
   </trkpt>
   <trkpt lat="22.7390870" lon="120.3356960">
    <ele>19.9</ele>
    <time>2026-09-15T11:21:56Z</time>
   </trkpt>
   <trkpt lat="22.7390790" lon="120.3356990">
    <ele>19.8</ele>
    <time>2026-09-15T11:21:57Z</time>
   </trkpt>
   <trkpt lat="22.7390710" lon="120.3357090">
    <ele>19.9</ele>
    <time>2026-09-15T11:21:58Z</time>
   </trkpt>
   <trkpt lat="22.7390780" lon="120.3357200">
    <ele>19.9</ele>
    <time>2026-09-15T11:21:59Z</time>
   </trkpt>
   <trkpt lat="22.7390770" lon="120.3357340">
    <ele>19.9</ele>
    <time>2026-09-15T11:22:00Z</time>
   </trkpt>
   <trkpt lat="22.7390780" lon="120.3357310">
    <ele>19.9</ele>
    <time>2026-09-15T11:22:01Z</time>
   </trkpt>
   <trkpt lat="22.7390670" lon="120.3357360">
    <ele>20.0</ele>
    <time>2026-09-15T11:22:02Z</time>
   </trkpt>
   <trkpt lat="22.7390570" lon="120.3357470">
    <ele>20.3</ele>
    <time>2026-09-15T11:22:03Z</time>
   </trkpt>
   <trkpt lat="22.7390510" lon="120.3357520">
    <ele>20.3</ele>
    <time>2026-09-15T11:22:04Z</time>
   </trkpt>
   <trkpt lat="22.7390450" lon="120.3357600">
    <ele>20.3</ele>
    <time>2026-09-15T11:22:05Z</time>
   </trkpt>
   <trkpt lat="22.7390340" lon="120.3357670">
    <ele>20.4</ele>
    <time>2026-09-15T11:22:06Z</time>
   </trkpt>
   <trkpt lat="22.7390280" lon="120.3357730">
    <ele>20.4</ele>
    <time>2026-09-15T11:22:07Z</time>
   </trkpt>
   <trkpt lat="22.7390310" lon="120.3357840">
    <ele>20.4</ele>
    <time>2026-09-15T11:22:08Z</time>
   </trkpt>
   <trkpt lat="22.7390230" lon="120.3357890">
    <ele>20.4</ele>
    <time>2026-09-15T11:22:09Z</time>
   </trkpt>
   <trkpt lat="22.7389180" lon="120.3358240">
    <ele>20.5</ele>
    <time>2026-09-15T11:22:28Z</time>
   </trkpt>
   <trkpt lat="22.7389120" lon="120.3358230">
    <ele>20.5</ele>
    <time>2026-09-15T11:22:29Z</time>
   </trkpt>
   <trkpt lat="22.7389040" lon="120.3358390">
    <ele>20.5</ele>
    <time>2026-09-15T11:22:30Z</time>
   </trkpt>
   <trkpt lat="22.7388990" lon="120.3358570">
    <ele>20.4</ele>
    <time>2026-09-15T11:22:31Z</time>
   </trkpt>
   <trkpt lat="22.7388990" lon="120.3358810">
    <ele>20.5</ele>
    <time>2026-09-15T11:22:32Z</time>
   </trkpt>
   <trkpt lat="22.7389000" lon="120.3358770">
    <ele>20.5</ele>
    <time>2026-09-15T11:22:33Z</time>
   </trkpt>
   <trkpt lat="22.7388980" lon="120.3358770">
    <ele>20.5</ele>
    <time>2026-09-15T11:22:34Z</time>
   </trkpt>
   <trkpt lat="22.7388950" lon="120.3358600">
    <ele>20.5</ele>
    <time>2026-09-15T11:22:35Z</time>
   </trkpt>
   <trkpt lat="22.7388610" lon="120.3358350">
    <ele>20.4</ele>
    <time>2026-09-15T11:22:36Z</time>
   </trkpt>
   <trkpt lat="22.7388510" lon="120.3358420">
    <ele>20.4</ele>
    <time>2026-09-15T11:22:37Z</time>
   </trkpt>
   <trkpt lat="22.7388270" lon="120.3358550">
    <ele>20.5</ele>
    <time>2026-09-15T11:22:38Z</time>
   </trkpt>
   <trkpt lat="22.7388170" lon="120.3358650">
    <ele>20.3</ele>
    <time>2026-09-15T11:22:39Z</time>
   </trkpt>
   <trkpt lat="22.7387950" lon="120.3358810">
    <ele>20.3</ele>
    <time>2026-09-15T11:22:40Z</time>
   </trkpt>
   <trkpt lat="22.7387810" lon="120.3358860">
    <ele>20.1</ele>
    <time>2026-09-15T11:22:41Z</time>
   </trkpt>
   <trkpt lat="22.7387570" lon="120.3359040">
    <ele>20.1</ele>
    <time>2026-09-15T11:22:42Z</time>
   </trkpt>
   <trkpt lat="22.7387460" lon="120.3359230">
    <ele>20.0</ele>
    <time>2026-09-15T11:22:43Z</time>
   </trkpt>
   <trkpt lat="22.7387160" lon="120.3359390">
    <ele>19.6</ele>
    <time>2026-09-15T11:22:44Z</time>
   </trkpt>
   <trkpt lat="22.7387040" lon="120.3359600">
    <ele>19.6</ele>
    <time>2026-09-15T11:22:45Z</time>
   </trkpt>
   <trkpt lat="22.7386950" lon="120.3359760">
    <ele>19.6</ele>
    <time>2026-09-15T11:22:46Z</time>
   </trkpt>
   <trkpt lat="22.7386880" lon="120.3359820">
    <ele>19.6</ele>
    <time>2026-09-15T11:22:47Z</time>
   </trkpt>
   <trkpt lat="22.7386840" lon="120.3359910">
    <ele>19.6</ele>
    <time>2026-09-15T11:22:48Z</time>
   </trkpt>
   <trkpt lat="22.7386810" lon="120.3360120">
    <ele>19.6</ele>
    <time>2026-09-15T11:22:49Z</time>
   </trkpt>
   <trkpt lat="22.7386700" lon="120.3360380">
    <ele>19.6</ele>
    <time>2026-09-15T11:22:50Z</time>
   </trkpt>
   <trkpt lat="22.7386590" lon="120.3360620">
    <ele>19.6</ele>
    <time>2026-09-15T11:22:51Z</time>
   </trkpt>
   <trkpt lat="22.7386280" lon="120.3360880">
    <ele>19.6</ele>
    <time>2026-09-15T11:22:52Z</time>
   </trkpt>
   <trkpt lat="22.7386050" lon="120.3361120">
    <ele>19.6</ele>
    <time>2026-09-15T11:22:53Z</time>
   </trkpt>
   <trkpt lat="22.7385960" lon="120.3361160">
    <ele>19.6</ele>
    <time>2026-09-15T11:22:54Z</time>
   </trkpt>
   <trkpt lat="22.7385880" lon="120.3361310">
    <ele>19.6</ele>
    <time>2026-09-15T11:22:55Z</time>
   </trkpt>
   <trkpt lat="22.7385840" lon="120.3361410">
    <ele>19.7</ele>
    <time>2026-09-15T11:22:56Z</time>
   </trkpt>
   <trkpt lat="22.7385810" lon="120.3361530">
    <ele>19.7</ele>
    <time>2026-09-15T11:22:57Z</time>
   </trkpt>
   <trkpt lat="22.7385720" lon="120.3361610">
    <ele>19.7</ele>
    <time>2026-09-15T11:22:58Z</time>
   </trkpt>
   <trkpt lat="22.7385690" lon="120.3361640">
    <ele>19.7</ele>
    <time>2026-09-15T11:22:59Z</time>
   </trkpt>
   <trkpt lat="22.7385580" lon="120.3361810">
    <ele>19.7</ele>
    <time>2026-09-15T11:23:00Z</time>
   </trkpt>
   <trkpt lat="22.7385410" lon="120.3361980">
    <ele>19.7</ele>
    <time>2026-09-15T11:23:01Z</time>
   </trkpt>
   <trkpt lat="22.7385380" lon="120.3362140">
    <ele>19.7</ele>
    <time>2026-09-15T11:23:02Z</time>
   </trkpt>
   <trkpt lat="22.7385390" lon="120.3362130">
    <ele>19.7</ele>
    <time>2026-09-15T11:23:03Z</time>
   </trkpt>
   <trkpt lat="22.7385390" lon="120.3362150">
    <ele>19.7</ele>
    <time>2026-09-15T11:23:04Z</time>
   </trkpt>
   <trkpt lat="22.7385400" lon="120.3362260">
    <ele>19.7</ele>
    <time>2026-09-15T11:23:05Z</time>
   </trkpt>
   <trkpt lat="22.7385360" lon="120.3362330">
    <ele>19.7</ele>
    <time>2026-09-15T11:23:06Z</time>
   </trkpt>
   <trkpt lat="22.7385280" lon="120.3362440">
    <ele>19.7</ele>
    <time>2026-09-15T11:23:07Z</time>
   </trkpt>
   <trkpt lat="22.7385220" lon="120.3362600">
    <ele>19.7</ele>
    <time>2026-09-15T11:23:08Z</time>
   </trkpt>
   <trkpt lat="22.7385140" lon="120.3362740">
    <ele>19.7</ele>
    <time>2026-09-15T11:23:09Z</time>
   </trkpt>
   <trkpt lat="22.7385090" lon="120.3362860">
    <ele>19.7</ele>
    <time>2026-09-15T11:23:10Z</time>
   </trkpt>
   <trkpt lat="22.7385030" lon="120.3362940">
    <ele>19.7</ele>
    <time>2026-09-15T11:23:11Z</time>
   </trkpt>
   <trkpt lat="22.7384910" lon="120.3363040">
    <ele>19.7</ele>
    <time>2026-09-15T11:23:12Z</time>
   </trkpt>
   <trkpt lat="22.7384830" lon="120.3363140">
    <ele>19.7</ele>
    <time>2026-09-15T11:23:13Z</time>
   </trkpt>
   <trkpt lat="22.7384770" lon="120.3363180">
    <ele>19.8</ele>
    <time>2026-09-15T11:23:14Z</time>
   </trkpt>
   <trkpt lat="22.7384780" lon="120.3363300">
    <ele>19.8</ele>
    <time>2026-09-15T11:23:15Z</time>
   </trkpt>
   <trkpt lat="22.7384780" lon="120.3363450">
    <ele>19.8</ele>
    <time>2026-09-15T11:23:16Z</time>
   </trkpt>
   <trkpt lat="22.7384730" lon="120.3363580">
    <ele>19.8</ele>
    <time>2026-09-15T11:23:17Z</time>
   </trkpt>
   <trkpt lat="22.7384710" lon="120.3363640">
    <ele>19.8</ele>
    <time>2026-09-15T11:23:18Z</time>
   </trkpt>
   <trkpt lat="22.7384740" lon="120.3363710">
    <ele>19.8</ele>
    <time>2026-09-15T11:23:19Z</time>
   </trkpt>
   <trkpt lat="22.7384660" lon="120.3363710">
    <ele>19.8</ele>
    <time>2026-09-15T11:23:20Z</time>
   </trkpt>
   <trkpt lat="22.7384630" lon="120.3363820">
    <ele>19.8</ele>
    <time>2026-09-15T11:23:21Z</time>
   </trkpt>
   <trkpt lat="22.7384660" lon="120.3363970">
    <ele>19.8</ele>
    <time>2026-09-15T11:23:22Z</time>
   </trkpt>
   <trkpt lat="22.7384710" lon="120.3364160">
    <ele>19.8</ele>
    <time>2026-09-15T11:23:23Z</time>
   </trkpt>
   <trkpt lat="22.7384690" lon="120.3364290">
    <ele>19.8</ele>
    <time>2026-09-15T11:23:24Z</time>
   </trkpt>
   <trkpt lat="22.7384720" lon="120.3364440">
    <ele>19.8</ele>
    <time>2026-09-15T11:23:25Z</time>
   </trkpt>
   <trkpt lat="22.7384750" lon="120.3364510">
    <ele>19.8</ele>
    <time>2026-09-15T11:23:26Z</time>
   </trkpt>
   <trkpt lat="22.7384770" lon="120.3364580">
    <ele>19.8</ele>
    <time>2026-09-15T11:23:27Z</time>
   </trkpt>
   <trkpt lat="22.7384770" lon="120.3364640">
    <ele>19.8</ele>
    <time>2026-09-15T11:23:28Z</time>
   </trkpt>
   <trkpt lat="22.7384750" lon="120.3364650">
    <ele>19.8</ele>
    <time>2026-09-15T11:23:29Z</time>
   </trkpt>
   <trkpt lat="22.7384770" lon="120.3364670">
    <ele>19.8</ele>
    <time>2026-09-15T11:23:30Z</time>
   </trkpt>
   <trkpt lat="22.7384680" lon="120.3364680">
    <ele>19.8</ele>
    <time>2026-09-15T11:23:31Z</time>
   </trkpt>
   <trkpt lat="22.7384590" lon="120.3364800">
    <ele>19.8</ele>
    <time>2026-09-15T11:23:32Z</time>
   </trkpt>
   <trkpt lat="22.7384460" lon="120.3364870">
    <ele>19.8</ele>
    <time>2026-09-15T11:23:33Z</time>
   </trkpt>
   <trkpt lat="22.7384420" lon="120.3365000">
    <ele>19.8</ele>
    <time>2026-09-15T11:23:34Z</time>
   </trkpt>
   <trkpt lat="22.7384390" lon="120.3365030">
    <ele>19.8</ele>
    <time>2026-09-15T11:23:35Z</time>
   </trkpt>
   <trkpt lat="22.7384340" lon="120.3365080">
    <ele>19.8</ele>
    <time>2026-09-15T11:23:36Z</time>
   </trkpt>
   <trkpt lat="22.7384330" lon="120.3365110">
    <ele>19.8</ele>
    <time>2026-09-15T11:23:37Z</time>
   </trkpt>
   <trkpt lat="22.7384290" lon="120.3365150">
    <ele>19.8</ele>
    <time>2026-09-15T11:23:38Z</time>
   </trkpt>
   <trkpt lat="22.7384220" lon="120.3365220">
    <ele>19.8</ele>
    <time>2026-09-15T11:23:39Z</time>
   </trkpt>
   <trkpt lat="22.7384170" lon="120.3365150">
    <ele>19.8</ele>
    <time>2026-09-15T11:23:40Z</time>
   </trkpt>
   <trkpt lat="22.7384210" lon="120.3365170">
    <ele>19.8</ele>
    <time>2026-09-15T11:23:41Z</time>
   </trkpt>
   <trkpt lat="22.7384210" lon="120.3365190">
    <ele>19.8</ele>
    <time>2026-09-15T11:23:42Z</time>
   </trkpt>
   <trkpt lat="22.7384140" lon="120.3365280">
    <ele>19.8</ele>
    <time>2026-09-15T11:23:43Z</time>
   </trkpt>
   <trkpt lat="22.7384060" lon="120.3365360">
    <ele>19.8</ele>
    <time>2026-09-15T11:23:44Z</time>
   </trkpt>
   <trkpt lat="22.7384050" lon="120.3365400">
    <ele>19.8</ele>
    <time>2026-09-15T11:23:45Z</time>
   </trkpt>
   <trkpt lat="22.7384080" lon="120.3365460">
    <ele>19.8</ele>
    <time>2026-09-15T11:23:46Z</time>
   </trkpt>
   <trkpt lat="22.7384070" lon="120.3365490">
    <ele>19.8</ele>
    <time>2026-09-15T11:23:47Z</time>
   </trkpt>
   <trkpt lat="22.7384060" lon="120.3365460">
    <ele>19.8</ele>
    <time>2026-09-15T11:23:48Z</time>
   </trkpt>
   <trkpt lat="22.7384010" lon="120.3365470">
    <ele>19.8</ele>
    <time>2026-09-15T11:23:49Z</time>
   </trkpt>
   <trkpt lat="22.7384000" lon="120.3365480">
    <ele>19.8</ele>
    <time>2026-09-15T11:23:50Z</time>
   </trkpt>
   <trkpt lat="22.7383980" lon="120.3365520">
    <ele>19.8</ele>
    <time>2026-09-15T11:23:51Z</time>
   </trkpt>
   <trkpt lat="22.7383860" lon="120.3365560">
    <ele>19.8</ele>
    <time>2026-09-15T11:23:52Z</time>
   </trkpt>
   <trkpt lat="22.7383760" lon="120.3365610">
    <ele>19.8</ele>
    <time>2026-09-15T11:23:53Z</time>
   </trkpt>
   <trkpt lat="22.7383700" lon="120.3365700">
    <ele>19.8</ele>
    <time>2026-09-15T11:23:54Z</time>
   </trkpt>
   <trkpt lat="22.7383640" lon="120.3365820">
    <ele>19.9</ele>
    <time>2026-09-15T11:23:55Z</time>
   </trkpt>
   <trkpt lat="22.7383650" lon="120.3365900">
    <ele>19.9</ele>
    <time>2026-09-15T11:23:56Z</time>
   </trkpt>
   <trkpt lat="22.7383650" lon="120.3365900">
    <ele>19.9</ele>
    <time>2026-09-15T11:23:57Z</time>
   </trkpt>
   <trkpt lat="22.7383670" lon="120.3365900">
    <ele>19.9</ele>
    <time>2026-09-15T11:23:58Z</time>
   </trkpt>
   <trkpt lat="22.7383720" lon="120.3365920">
    <ele>19.9</ele>
    <time>2026-09-15T11:23:59Z</time>
   </trkpt>
   <trkpt lat="22.7383730" lon="120.3365930">
    <ele>19.9</ele>
    <time>2026-09-15T11:24:00Z</time>
   </trkpt>
   <trkpt lat="22.7383730" lon="120.3365950">
    <ele>19.9</ele>
    <time>2026-09-15T11:24:01Z</time>
   </trkpt>
   <trkpt lat="22.7383800" lon="120.3365960">
    <ele>19.9</ele>
    <time>2026-09-15T11:24:02Z</time>
   </trkpt>
   <trkpt lat="22.7383800" lon="120.3366000">
    <ele>19.9</ele>
    <time>2026-09-15T11:24:03Z</time>
   </trkpt>
   <trkpt lat="22.7383790" lon="120.3365930">
    <ele>19.9</ele>
    <time>2026-09-15T11:24:04Z</time>
   </trkpt>
   <trkpt lat="22.7383820" lon="120.3366000">
    <ele>19.9</ele>
    <time>2026-09-15T11:24:05Z</time>
   </trkpt>
   <trkpt lat="22.7383800" lon="120.3366060">
    <ele>19.9</ele>
    <time>2026-09-15T11:24:06Z</time>
   </trkpt>
   <trkpt lat="22.7383670" lon="120.3366100">
    <ele>19.9</ele>
    <time>2026-09-15T11:24:07Z</time>
   </trkpt>
   <trkpt lat="22.7383600" lon="120.3366210">
    <ele>19.9</ele>
    <time>2026-09-15T11:24:08Z</time>
   </trkpt>
   <trkpt lat="22.7383520" lon="120.3366210">
    <ele>19.9</ele>
    <time>2026-09-15T11:24:09Z</time>
   </trkpt>
   <trkpt lat="22.7383520" lon="120.3366210">
    <ele>19.9</ele>
    <time>2026-09-15T11:24:10Z</time>
   </trkpt>
   <trkpt lat="22.7383520" lon="120.3366240">
    <ele>19.9</ele>
    <time>2026-09-15T11:24:11Z</time>
   </trkpt>
   <trkpt lat="22.7383410" lon="120.3366260">
    <ele>19.9</ele>
    <time>2026-09-15T11:24:12Z</time>
   </trkpt>
   <trkpt lat="22.7383410" lon="120.3366250">
    <ele>19.9</ele>
    <time>2026-09-15T11:24:13Z</time>
   </trkpt>
   <trkpt lat="22.7383340" lon="120.3366220">
    <ele>19.9</ele>
    <time>2026-09-15T11:24:14Z</time>
   </trkpt>
   <trkpt lat="22.7383330" lon="120.3366220">
    <ele>19.9</ele>
    <time>2026-09-15T11:24:15Z</time>
   </trkpt>
   <trkpt lat="22.7383370" lon="120.3366230">
    <ele>19.9</ele>
    <time>2026-09-15T11:24:16Z</time>
   </trkpt>
   <trkpt lat="22.7383360" lon="120.3366220">
    <ele>19.9</ele>
    <time>2026-09-15T11:24:17Z</time>
   </trkpt>
   <trkpt lat="22.7383350" lon="120.3366330">
    <ele>19.9</ele>
    <time>2026-09-15T11:24:18Z</time>
   </trkpt>
   <trkpt lat="22.7383160" lon="120.3366460">
    <ele>19.9</ele>
    <time>2026-09-15T11:24:20Z</time>
   </trkpt>
   <trkpt lat="22.7383180" lon="120.3366550">
    <ele>19.9</ele>
    <time>2026-09-15T11:24:21Z</time>
   </trkpt>
   <trkpt lat="22.7383160" lon="120.3366540">
    <ele>19.9</ele>
    <time>2026-09-15T11:24:22Z</time>
   </trkpt>
   <trkpt lat="22.7383130" lon="120.3366520">
    <ele>19.9</ele>
    <time>2026-09-15T11:24:23Z</time>
   </trkpt>
   <trkpt lat="22.7383130" lon="120.3366550">
    <ele>19.9</ele>
    <time>2026-09-15T11:24:24Z</time>
   </trkpt>
   <trkpt lat="22.7383100" lon="120.3366520">
    <ele>19.9</ele>
    <time>2026-09-15T11:24:25Z</time>
   </trkpt>
   <trkpt lat="22.7383010" lon="120.3366470">
    <ele>19.9</ele>
    <time>2026-09-15T11:24:26Z</time>
   </trkpt>
   <trkpt lat="22.7383020" lon="120.3366450">
    <ele>19.9</ele>
    <time>2026-09-15T11:24:27Z</time>
   </trkpt>
   <trkpt lat="22.7383110" lon="120.3366510">
    <ele>20.0</ele>
    <time>2026-09-15T11:24:28Z</time>
   </trkpt>
   <trkpt lat="22.7383160" lon="120.3366590">
    <ele>20.1</ele>
    <time>2026-09-15T11:24:29Z</time>
   </trkpt>
   <trkpt lat="22.7383100" lon="120.3366510">
    <ele>20.2</ele>
    <time>2026-09-15T11:24:30Z</time>
   </trkpt>
   <trkpt lat="22.7383120" lon="120.3366840">
    <ele>20.4</ele>
    <time>2026-09-15T11:24:34Z</time>
   </trkpt>
   <trkpt lat="22.7383260" lon="120.3366790">
    <ele>20.6</ele>
    <time>2026-09-15T11:24:35Z</time>
   </trkpt>
   <trkpt lat="22.7383380" lon="120.3366840">
    <ele>20.7</ele>
    <time>2026-09-15T11:24:36Z</time>
   </trkpt>
   <trkpt lat="22.7383590" lon="120.3366990">
    <ele>20.9</ele>
    <time>2026-09-15T11:24:37Z</time>
   </trkpt>
   <trkpt lat="22.7383780" lon="120.3367160">
    <ele>21.1</ele>
    <time>2026-09-15T11:24:38Z</time>
   </trkpt>
   <trkpt lat="22.7384000" lon="120.3367310">
    <ele>21.4</ele>
    <time>2026-09-15T11:24:39Z</time>
   </trkpt>
   <trkpt lat="22.7384100" lon="120.3367410">
    <ele>21.5</ele>
    <time>2026-09-15T11:24:40Z</time>
   </trkpt>
   <trkpt lat="22.7384160" lon="120.3367540">
    <ele>21.6</ele>
    <time>2026-09-15T11:24:41Z</time>
   </trkpt>
   <trkpt lat="22.7384260" lon="120.3367570">
    <ele>21.7</ele>
    <time>2026-09-15T11:24:42Z</time>
   </trkpt>
   <trkpt lat="22.7384400" lon="120.3367700">
    <ele>21.9</ele>
    <time>2026-09-15T11:24:43Z</time>
   </trkpt>
   <trkpt lat="22.7384470" lon="120.3367820">
    <ele>22.0</ele>
    <time>2026-09-15T11:24:44Z</time>
   </trkpt>
   <trkpt lat="22.7384560" lon="120.3367900">
    <ele>22.1</ele>
    <time>2026-09-15T11:24:45Z</time>
   </trkpt>
   <trkpt lat="22.7384660" lon="120.3367930">
    <ele>22.2</ele>
    <time>2026-09-15T11:24:46Z</time>
   </trkpt>
   <trkpt lat="22.7384780" lon="120.3368030">
    <ele>22.3</ele>
    <time>2026-09-15T11:24:47Z</time>
   </trkpt>
   <trkpt lat="22.7384900" lon="120.3368130">
    <ele>22.5</ele>
    <time>2026-09-15T11:24:48Z</time>
   </trkpt>
   <trkpt lat="22.7385020" lon="120.3368210">
    <ele>22.6</ele>
    <time>2026-09-15T11:24:49Z</time>
   </trkpt>
   <trkpt lat="22.7385110" lon="120.3368280">
    <ele>22.7</ele>
    <time>2026-09-15T11:24:50Z</time>
   </trkpt>
   <trkpt lat="22.7385130" lon="120.3368350">
    <ele>22.7</ele>
    <time>2026-09-15T11:24:51Z</time>
   </trkpt>
   <trkpt lat="22.7385150" lon="120.3368440">
    <ele>22.8</ele>
    <time>2026-09-15T11:24:52Z</time>
   </trkpt>
   <trkpt lat="22.7385140" lon="120.3368410">
    <ele>22.8</ele>
    <time>2026-09-15T11:24:53Z</time>
   </trkpt>
   <trkpt lat="22.7385150" lon="120.3368390">
    <ele>22.9</ele>
    <time>2026-09-15T11:24:54Z</time>
   </trkpt>
   <trkpt lat="22.7385150" lon="120.3368420">
    <ele>22.9</ele>
    <time>2026-09-15T11:24:55Z</time>
   </trkpt>
   <trkpt lat="22.7385180" lon="120.3368470">
    <ele>22.9</ele>
    <time>2026-09-15T11:24:56Z</time>
   </trkpt>
   <trkpt lat="22.7385240" lon="120.3368470">
    <ele>23.0</ele>
    <time>2026-09-15T11:24:57Z</time>
   </trkpt>
   <trkpt lat="22.7385270" lon="120.3368490">
    <ele>23.0</ele>
    <time>2026-09-15T11:24:58Z</time>
   </trkpt>
   <trkpt lat="22.7385360" lon="120.3368540">
    <ele>23.1</ele>
    <time>2026-09-15T11:24:59Z</time>
   </trkpt>
   <trkpt lat="22.7385430" lon="120.3368650">
    <ele>23.2</ele>
    <time>2026-09-15T11:25:00Z</time>
   </trkpt>
   <trkpt lat="22.7385740" lon="120.3368890">
    <ele>23.6</ele>
    <time>2026-09-15T11:25:04Z</time>
   </trkpt>
   <trkpt lat="22.7385710" lon="120.3368920">
    <ele>23.6</ele>
    <time>2026-09-15T11:25:05Z</time>
   </trkpt>
   <trkpt lat="22.7385730" lon="120.3369040">
    <ele>23.7</ele>
    <time>2026-09-15T11:25:06Z</time>
   </trkpt>
   <trkpt lat="22.7385740" lon="120.3369100">
    <ele>23.8</ele>
    <time>2026-09-15T11:25:07Z</time>
   </trkpt>
   <trkpt lat="22.7385730" lon="120.3369090">
    <ele>23.8</ele>
    <time>2026-09-15T11:25:08Z</time>
   </trkpt>
   <trkpt lat="22.7385710" lon="120.3369060">
    <ele>23.8</ele>
    <time>2026-09-15T11:25:09Z</time>
   </trkpt>
   <trkpt lat="22.7385640" lon="120.3369170">
    <ele>23.9</ele>
    <time>2026-09-15T11:25:10Z</time>
   </trkpt>
   <trkpt lat="22.7385660" lon="120.3369200">
    <ele>23.9</ele>
    <time>2026-09-15T11:25:11Z</time>
   </trkpt>
   <trkpt lat="22.7385690" lon="120.3369300">
    <ele>24.0</ele>
    <time>2026-09-15T11:25:12Z</time>
   </trkpt>
   <trkpt lat="22.7385720" lon="120.3369360">
    <ele>24.1</ele>
    <time>2026-09-15T11:25:13Z</time>
   </trkpt>
   <trkpt lat="22.7385750" lon="120.3369350">
    <ele>24.1</ele>
    <time>2026-09-15T11:25:14Z</time>
   </trkpt>
   <trkpt lat="22.7385770" lon="120.3369250">
    <ele>24.2</ele>
    <time>2026-09-15T11:25:15Z</time>
   </trkpt>
   <trkpt lat="22.7385770" lon="120.3369190">
    <ele>24.2</ele>
    <time>2026-09-15T11:25:16Z</time>
   </trkpt>
   <trkpt lat="22.7385790" lon="120.3369360">
    <ele>24.4</ele>
    <time>2026-09-15T11:25:17Z</time>
   </trkpt>
   <trkpt lat="22.7385790" lon="120.3369340">
    <ele>24.4</ele>
    <time>2026-09-15T11:25:18Z</time>
   </trkpt>
   <trkpt lat="22.7385920" lon="120.3369290">
    <ele>24.5</ele>
    <time>2026-09-15T11:25:19Z</time>
   </trkpt>
   <trkpt lat="22.7385960" lon="120.3369310">
    <ele>24.6</ele>
    <time>2026-09-15T11:25:20Z</time>
   </trkpt>
   <trkpt lat="22.7386040" lon="120.3369350">
    <ele>24.6</ele>
    <time>2026-09-15T11:25:21Z</time>
   </trkpt>
   <trkpt lat="22.7386090" lon="120.3369360">
    <ele>24.7</ele>
    <time>2026-09-15T11:25:22Z</time>
   </trkpt>
   <trkpt lat="22.7386160" lon="120.3368510">
    <ele>24.3</ele>
    <time>2026-09-15T11:25:55Z</time>
   </trkpt>
   <trkpt lat="22.7386070" lon="120.3368530">
    <ele>24.2</ele>
    <time>2026-09-15T11:25:56Z</time>
   </trkpt>
   <trkpt lat="22.7386020" lon="120.3368570">
    <ele>24.1</ele>
    <time>2026-09-15T11:25:57Z</time>
   </trkpt>
   <trkpt lat="22.7385910" lon="120.3368460">
    <ele>24.0</ele>
    <time>2026-09-15T11:25:58Z</time>
   </trkpt>
   <trkpt lat="22.7385830" lon="120.3368380">
    <ele>23.9</ele>
    <time>2026-09-15T11:25:59Z</time>
   </trkpt>
   <trkpt lat="22.7385830" lon="120.3368340">
    <ele>23.8</ele>
    <time>2026-09-15T11:26:00Z</time>
   </trkpt>
   <trkpt lat="22.7385810" lon="120.3368350">
    <ele>23.8</ele>
    <time>2026-09-15T11:26:01Z</time>
   </trkpt>
   <trkpt lat="22.7385770" lon="120.3368330">
    <ele>23.8</ele>
    <time>2026-09-15T11:26:02Z</time>
   </trkpt>
   <trkpt lat="22.7385720" lon="120.3368250">
    <ele>23.7</ele>
    <time>2026-09-15T11:26:03Z</time>
   </trkpt>
   <trkpt lat="22.7385780" lon="120.3368320">
    <ele>23.6</ele>
    <time>2026-09-15T11:26:04Z</time>
   </trkpt>
   <trkpt lat="22.7385590" lon="120.3368210">
    <ele>23.4</ele>
    <time>2026-09-15T11:26:08Z</time>
   </trkpt>
   <trkpt lat="22.7385580" lon="120.3368200">
    <ele>23.4</ele>
    <time>2026-09-15T11:26:09Z</time>
   </trkpt>
   <trkpt lat="22.7385550" lon="120.3368210">
    <ele>23.4</ele>
    <time>2026-09-15T11:26:10Z</time>
   </trkpt>
   <trkpt lat="22.7385580" lon="120.3368180">
    <ele>23.3</ele>
    <time>2026-09-15T11:26:11Z</time>
   </trkpt>
   <trkpt lat="22.7385580" lon="120.3368200">
    <ele>23.3</ele>
    <time>2026-09-15T11:26:12Z</time>
   </trkpt>
   <trkpt lat="22.7385580" lon="120.3368230">
    <ele>23.3</ele>
    <time>2026-09-15T11:26:13Z</time>
   </trkpt>
   <trkpt lat="22.7385500" lon="120.3368160">
    <ele>23.2</ele>
    <time>2026-09-15T11:26:14Z</time>
   </trkpt>
   <trkpt lat="22.7385470" lon="120.3368180">
    <ele>23.1</ele>
    <time>2026-09-15T11:26:15Z</time>
   </trkpt>
   <trkpt lat="22.7385310" lon="120.3368110">
    <ele>23.0</ele>
    <time>2026-09-15T11:26:16Z</time>
   </trkpt>
   <trkpt lat="22.7385200" lon="120.3368050">
    <ele>22.9</ele>
    <time>2026-09-15T11:26:17Z</time>
   </trkpt>
   <trkpt lat="22.7385060" lon="120.3367970">
    <ele>22.7</ele>
    <time>2026-09-15T11:26:18Z</time>
   </trkpt>
   <trkpt lat="22.7384920" lon="120.3367970">
    <ele>22.6</ele>
    <time>2026-09-15T11:26:19Z</time>
   </trkpt>
   <trkpt lat="22.7384940" lon="120.3367930">
    <ele>22.5</ele>
    <time>2026-09-15T11:26:20Z</time>
   </trkpt>
   <trkpt lat="22.7384800" lon="120.3367880">
    <ele>22.4</ele>
    <time>2026-09-15T11:26:21Z</time>
   </trkpt>
   <trkpt lat="22.7384750" lon="120.3367860">
    <ele>22.3</ele>
    <time>2026-09-15T11:26:22Z</time>
   </trkpt>
   <trkpt lat="22.7384690" lon="120.3367870">
    <ele>22.3</ele>
    <time>2026-09-15T11:26:23Z</time>
   </trkpt>
   <trkpt lat="22.7384630" lon="120.3367850">
    <ele>22.2</ele>
    <time>2026-09-15T11:26:24Z</time>
   </trkpt>
   <trkpt lat="22.7384560" lon="120.3367820">
    <ele>22.1</ele>
    <time>2026-09-15T11:26:25Z</time>
   </trkpt>
   <trkpt lat="22.7384470" lon="120.3367760">
    <ele>22.0</ele>
    <time>2026-09-15T11:26:27Z</time>
   </trkpt>
   <trkpt lat="22.7384400" lon="120.3367720">
    <ele>22.0</ele>
    <time>2026-09-15T11:26:28Z</time>
   </trkpt>
   <trkpt lat="22.7384320" lon="120.3367700">
    <ele>21.9</ele>
    <time>2026-09-15T11:26:29Z</time>
   </trkpt>
   <trkpt lat="22.7384210" lon="120.3367650">
    <ele>21.8</ele>
    <time>2026-09-15T11:26:30Z</time>
   </trkpt>
   <trkpt lat="22.7384120" lon="120.3367620">
    <ele>21.7</ele>
    <time>2026-09-15T11:26:31Z</time>
   </trkpt>
   <trkpt lat="22.7384020" lon="120.3367520">
    <ele>21.5</ele>
    <time>2026-09-15T11:26:32Z</time>
   </trkpt>
   <trkpt lat="22.7383920" lon="120.3367430">
    <ele>21.4</ele>
    <time>2026-09-15T11:26:33Z</time>
   </trkpt>
   <trkpt lat="22.7383870" lon="120.3367410">
    <ele>21.4</ele>
    <time>2026-09-15T11:26:34Z</time>
   </trkpt>
   <trkpt lat="22.7383830" lon="120.3367360">
    <ele>21.3</ele>
    <time>2026-09-15T11:26:35Z</time>
   </trkpt>
   <trkpt lat="22.7383780" lon="120.3367300">
    <ele>21.2</ele>
    <time>2026-09-15T11:26:36Z</time>
   </trkpt>
   <trkpt lat="22.7383680" lon="120.3367300">
    <ele>21.1</ele>
    <time>2026-09-15T11:26:37Z</time>
   </trkpt>
   <trkpt lat="22.7383620" lon="120.3367350">
    <ele>21.1</ele>
    <time>2026-09-15T11:26:38Z</time>
   </trkpt>
   <trkpt lat="22.7383560" lon="120.3367420">
    <ele>21.0</ele>
    <time>2026-09-15T11:26:39Z</time>
   </trkpt>
   <trkpt lat="22.7383540" lon="120.3367470">
    <ele>20.9</ele>
    <time>2026-09-15T11:26:40Z</time>
   </trkpt>
   <trkpt lat="22.7383530" lon="120.3367450">
    <ele>20.9</ele>
    <time>2026-09-15T11:26:41Z</time>
   </trkpt>
   <trkpt lat="22.7383470" lon="120.3367380">
    <ele>20.8</ele>
    <time>2026-09-15T11:26:42Z</time>
   </trkpt>
   <trkpt lat="22.7383510" lon="120.3367340">
    <ele>20.8</ele>
    <time>2026-09-15T11:26:43Z</time>
   </trkpt>
   <trkpt lat="22.7383480" lon="120.3367300">
    <ele>20.7</ele>
    <time>2026-09-15T11:26:44Z</time>
   </trkpt>
   <trkpt lat="22.7383480" lon="120.3367300">
    <ele>20.7</ele>
    <time>2026-09-15T11:26:45Z</time>
   </trkpt>
   <trkpt lat="22.7383440" lon="120.3367280">
    <ele>20.7</ele>
    <time>2026-09-15T11:26:46Z</time>
   </trkpt>
   <trkpt lat="22.7383450" lon="120.3367270">
    <ele>20.7</ele>
    <time>2026-09-15T11:26:47Z</time>
   </trkpt>
   <trkpt lat="22.7383350" lon="120.3367310">
    <ele>20.6</ele>
    <time>2026-09-15T11:26:48Z</time>
   </trkpt>
   <trkpt lat="22.7383220" lon="120.3367220">
    <ele>20.4</ele>
    <time>2026-09-15T11:26:49Z</time>
   </trkpt>
   <trkpt lat="22.7382720" lon="120.3367400">
    <ele>19.9</ele>
    <time>2026-09-15T11:26:55Z</time>
   </trkpt>
   <trkpt lat="22.7382650" lon="120.3367480">
    <ele>19.9</ele>
    <time>2026-09-15T11:26:56Z</time>
   </trkpt>
   <trkpt lat="22.7382600" lon="120.3367520">
    <ele>19.9</ele>
    <time>2026-09-15T11:26:57Z</time>
   </trkpt>
   <trkpt lat="22.7382500" lon="120.3367550">
    <ele>19.9</ele>
    <time>2026-09-15T11:26:58Z</time>
   </trkpt>
   <trkpt lat="22.7382480" lon="120.3367560">
    <ele>19.9</ele>
    <time>2026-09-15T11:26:59Z</time>
   </trkpt>
   <trkpt lat="22.7382510" lon="120.3367510">
    <ele>19.9</ele>
    <time>2026-09-15T11:27:00Z</time>
   </trkpt>
   <trkpt lat="22.7382500" lon="120.3367480">
    <ele>19.9</ele>
    <time>2026-09-15T11:27:01Z</time>
   </trkpt>
   <trkpt lat="22.7382420" lon="120.3367470">
    <ele>19.9</ele>
    <time>2026-09-15T11:27:02Z</time>
   </trkpt>
   <trkpt lat="22.7382450" lon="120.3367480">
    <ele>19.9</ele>
    <time>2026-09-15T11:27:03Z</time>
   </trkpt>
   <trkpt lat="22.7382490" lon="120.3367500">
    <ele>19.9</ele>
    <time>2026-09-15T11:27:04Z</time>
   </trkpt>
   <trkpt lat="22.7382390" lon="120.3367560">
    <ele>19.9</ele>
    <time>2026-09-15T11:27:05Z</time>
   </trkpt>
   <trkpt lat="22.7382120" lon="120.3367890">
    <ele>19.9</ele>
    <time>2026-09-15T11:27:15Z</time>
   </trkpt>
   <trkpt lat="22.7382080" lon="120.3367900">
    <ele>19.9</ele>
    <time>2026-09-15T11:27:16Z</time>
   </trkpt>
   <trkpt lat="22.7382150" lon="120.3367780">
    <ele>19.9</ele>
    <time>2026-09-15T11:27:17Z</time>
   </trkpt>
   <trkpt lat="22.7382150" lon="120.3367780">
    <ele>19.9</ele>
    <time>2026-09-15T11:27:18Z</time>
   </trkpt>
   <trkpt lat="22.7382140" lon="120.3367790">
    <ele>19.9</ele>
    <time>2026-09-15T11:27:19Z</time>
   </trkpt>
   <trkpt lat="22.7382100" lon="120.3367820">
    <ele>19.9</ele>
    <time>2026-09-15T11:27:20Z</time>
   </trkpt>
   <trkpt lat="22.7382120" lon="120.3367820">
    <ele>19.9</ele>
    <time>2026-09-15T11:27:21Z</time>
   </trkpt>
   <trkpt lat="22.7382130" lon="120.3367820">
    <ele>19.9</ele>
    <time>2026-09-15T11:27:22Z</time>
   </trkpt>
   <trkpt lat="22.7382210" lon="120.3367870">
    <ele>19.9</ele>
    <time>2026-09-15T11:27:23Z</time>
   </trkpt>
   <trkpt lat="22.7382210" lon="120.3367860">
    <ele>19.9</ele>
    <time>2026-09-15T11:27:24Z</time>
   </trkpt>
   <trkpt lat="22.7381900" lon="120.3368590">
    <ele>19.8</ele>
    <time>2026-09-15T11:27:45Z</time>
   </trkpt>
   <trkpt lat="22.7381810" lon="120.3368570">
    <ele>19.8</ele>
    <time>2026-09-15T11:27:46Z</time>
   </trkpt>
   <trkpt lat="22.7381720" lon="120.3368650">
    <ele>19.8</ele>
    <time>2026-09-15T11:27:47Z</time>
   </trkpt>
   <trkpt lat="22.7381710" lon="120.3368680">
    <ele>19.8</ele>
    <time>2026-09-15T11:27:48Z</time>
   </trkpt>
   <trkpt lat="22.7381740" lon="120.3368750">
    <ele>19.8</ele>
    <time>2026-09-15T11:27:49Z</time>
   </trkpt>
   <trkpt lat="22.7381730" lon="120.3368790">
    <ele>19.8</ele>
    <time>2026-09-15T11:27:50Z</time>
   </trkpt>
   <trkpt lat="22.7381710" lon="120.3368860">
    <ele>19.8</ele>
    <time>2026-09-15T11:27:51Z</time>
   </trkpt>
   <trkpt lat="22.7381660" lon="120.3368890">
    <ele>19.8</ele>
    <time>2026-09-15T11:27:52Z</time>
   </trkpt>
   <trkpt lat="22.7381680" lon="120.3369000">
    <ele>19.8</ele>
    <time>2026-09-15T11:27:53Z</time>
   </trkpt>
   <trkpt lat="22.7381720" lon="120.3369110">
    <ele>19.9</ele>
    <time>2026-09-15T11:27:54Z</time>
   </trkpt>
   <trkpt lat="22.7381690" lon="120.3369230">
    <ele>20.0</ele>
    <time>2026-09-15T11:27:55Z</time>
   </trkpt>
   <trkpt lat="22.7381830" lon="120.3369380">
    <ele>20.2</ele>
    <time>2026-09-15T11:27:56Z</time>
   </trkpt>
   <trkpt lat="22.7381990" lon="120.3369430">
    <ele>20.4</ele>
    <time>2026-09-15T11:27:57Z</time>
   </trkpt>
   <trkpt lat="22.7382080" lon="120.3369440">
    <ele>20.5</ele>
    <time>2026-09-15T11:27:58Z</time>
   </trkpt>
   <trkpt lat="22.7382240" lon="120.3369620">
    <ele>20.8</ele>
    <time>2026-09-15T11:27:59Z</time>
   </trkpt>
   <trkpt lat="22.7382370" lon="120.3369730">
    <ele>20.9</ele>
    <time>2026-09-15T11:28:00Z</time>
   </trkpt>
   <trkpt lat="22.7382440" lon="120.3369830">
    <ele>21.1</ele>
    <time>2026-09-15T11:28:01Z</time>
   </trkpt>
   <trkpt lat="22.7382600" lon="120.3369920">
    <ele>21.3</ele>
    <time>2026-09-15T11:28:02Z</time>
   </trkpt>
   <trkpt lat="22.7382720" lon="120.3370050">
    <ele>21.4</ele>
    <time>2026-09-15T11:28:03Z</time>
   </trkpt>
   <trkpt lat="22.7382870" lon="120.3370280">
    <ele>21.7</ele>
    <time>2026-09-15T11:28:04Z</time>
   </trkpt>
   <trkpt lat="22.7382870" lon="120.3370390">
    <ele>21.8</ele>
    <time>2026-09-15T11:28:05Z</time>
   </trkpt>
   <trkpt lat="22.7382910" lon="120.3370470">
    <ele>21.9</ele>
    <time>2026-09-15T11:28:06Z</time>
   </trkpt>
   <trkpt lat="22.7382990" lon="120.3370560">
    <ele>22.0</ele>
    <time>2026-09-15T11:28:07Z</time>
   </trkpt>
   <trkpt lat="22.7383080" lon="120.3370600">
    <ele>22.1</ele>
    <time>2026-09-15T11:28:08Z</time>
   </trkpt>
   <trkpt lat="22.7383180" lon="120.3370700">
    <ele>22.3</ele>
    <time>2026-09-15T11:28:09Z</time>
   </trkpt>
   <trkpt lat="22.7383250" lon="120.3370760">
    <ele>22.4</ele>
    <time>2026-09-15T11:28:10Z</time>
   </trkpt>
   <trkpt lat="22.7383350" lon="120.3370860">
    <ele>22.5</ele>
    <time>2026-09-15T11:28:12Z</time>
   </trkpt>
   <trkpt lat="22.7383430" lon="120.3370960">
    <ele>22.7</ele>
    <time>2026-09-15T11:28:13Z</time>
   </trkpt>
   <trkpt lat="22.7383480" lon="120.3371030">
    <ele>22.7</ele>
    <time>2026-09-15T11:28:14Z</time>
   </trkpt>
   <trkpt lat="22.7383580" lon="120.3371140">
    <ele>22.9</ele>
    <time>2026-09-15T11:28:15Z</time>
   </trkpt>
   <trkpt lat="22.7383670" lon="120.3371180">
    <ele>23.0</ele>
    <time>2026-09-15T11:28:16Z</time>
   </trkpt>
   <trkpt lat="22.7383790" lon="120.3371250">
    <ele>23.1</ele>
    <time>2026-09-15T11:28:17Z</time>
   </trkpt>
   <trkpt lat="22.7383890" lon="120.3371300">
    <ele>23.3</ele>
    <time>2026-09-15T11:28:18Z</time>
   </trkpt>
   <trkpt lat="22.7383920" lon="120.3371410">
    <ele>23.4</ele>
    <time>2026-09-15T11:28:19Z</time>
   </trkpt>
   <trkpt lat="22.7383990" lon="120.3371450">
    <ele>23.5</ele>
    <time>2026-09-15T11:28:20Z</time>
   </trkpt>
   <trkpt lat="22.7384000" lon="120.3371410">
    <ele>23.5</ele>
    <time>2026-09-15T11:28:21Z</time>
   </trkpt>
   <trkpt lat="22.7384030" lon="120.3371370">
    <ele>23.5</ele>
    <time>2026-09-15T11:28:22Z</time>
   </trkpt>
   <trkpt lat="22.7384040" lon="120.3371450">
    <ele>23.6</ele>
    <time>2026-09-15T11:28:23Z</time>
   </trkpt>
   <trkpt lat="22.7384030" lon="120.3371420">
    <ele>23.7</ele>
    <time>2026-09-15T11:28:24Z</time>
   </trkpt>
   <trkpt lat="22.7384040" lon="120.3371460">
    <ele>23.7</ele>
    <time>2026-09-15T11:28:25Z</time>
   </trkpt>
   <trkpt lat="22.7384100" lon="120.3371520">
    <ele>23.8</ele>
    <time>2026-09-15T11:28:26Z</time>
   </trkpt>
   <trkpt lat="22.7384170" lon="120.3371540">
    <ele>23.9</ele>
    <time>2026-09-15T11:28:27Z</time>
   </trkpt>
   <trkpt lat="22.7384230" lon="120.3371640">
    <ele>24.0</ele>
    <time>2026-09-15T11:28:28Z</time>
   </trkpt>
   <trkpt lat="22.7384310" lon="120.3371700">
    <ele>24.1</ele>
    <time>2026-09-15T11:28:29Z</time>
   </trkpt>
   <trkpt lat="22.7384750" lon="120.3371080">
    <ele>23.6</ele>
    <time>2026-09-15T11:29:11Z</time>
   </trkpt>
   <trkpt lat="22.7384760" lon="120.3371060">
    <ele>23.6</ele>
    <time>2026-09-15T11:29:12Z</time>
   </trkpt>
   <trkpt lat="22.7384650" lon="120.3370970">
    <ele>23.5</ele>
    <time>2026-09-15T11:29:13Z</time>
   </trkpt>
   <trkpt lat="22.7384560" lon="120.3370930">
    <ele>23.4</ele>
    <time>2026-09-15T11:29:14Z</time>
   </trkpt>
   <trkpt lat="22.7384510" lon="120.3370910">
    <ele>23.4</ele>
    <time>2026-09-15T11:29:15Z</time>
   </trkpt>
   <trkpt lat="22.7384500" lon="120.3370940">
    <ele>23.4</ele>
    <time>2026-09-15T11:29:16Z</time>
   </trkpt>
   <trkpt lat="22.7384520" lon="120.3371000">
    <ele>23.3</ele>
    <time>2026-09-15T11:29:17Z</time>
   </trkpt>
   <trkpt lat="22.7384530" lon="120.3370970">
    <ele>23.3</ele>
    <time>2026-09-15T11:29:18Z</time>
   </trkpt>
   <trkpt lat="22.7384500" lon="120.3370930">
    <ele>23.3</ele>
    <time>2026-09-15T11:29:19Z</time>
   </trkpt>
   <trkpt lat="22.7384520" lon="120.3370880">
    <ele>23.3</ele>
    <time>2026-09-15T11:29:20Z</time>
   </trkpt>
   <trkpt lat="22.7384490" lon="120.3370870">
    <ele>23.2</ele>
    <time>2026-09-15T11:29:21Z</time>
   </trkpt>
   <trkpt lat="22.7384520" lon="120.3370930">
    <ele>23.2</ele>
    <time>2026-09-15T11:29:22Z</time>
   </trkpt>
   <trkpt lat="22.7384470" lon="120.3370910">
    <ele>23.2</ele>
    <time>2026-09-15T11:29:23Z</time>
   </trkpt>
   <trkpt lat="22.7384070" lon="120.3370850">
    <ele>22.9</ele>
    <time>2026-09-15T11:29:27Z</time>
   </trkpt>
   <trkpt lat="22.7384010" lon="120.3370830">
    <ele>22.9</ele>
    <time>2026-09-15T11:29:28Z</time>
   </trkpt>
   <trkpt lat="22.7383970" lon="120.3370800">
    <ele>22.8</ele>
    <time>2026-09-15T11:29:29Z</time>
   </trkpt>
   <trkpt lat="22.7383960" lon="120.3370850">
    <ele>22.8</ele>
    <time>2026-09-15T11:29:30Z</time>
   </trkpt>
   <trkpt lat="22.7383990" lon="120.3370890">
    <ele>22.8</ele>
    <time>2026-09-15T11:29:31Z</time>
   </trkpt>
   <trkpt lat="22.7383950" lon="120.3370920">
    <ele>22.7</ele>
    <time>2026-09-15T11:29:32Z</time>
   </trkpt>
   <trkpt lat="22.7383990" lon="120.3370930">
    <ele>22.7</ele>
    <time>2026-09-15T11:29:33Z</time>
   </trkpt>
   <trkpt lat="22.7383930" lon="120.3370940">
    <ele>22.7</ele>
    <time>2026-09-15T11:29:34Z</time>
   </trkpt>
   <trkpt lat="22.7383920" lon="120.3370910">
    <ele>22.7</ele>
    <time>2026-09-15T11:29:35Z</time>
   </trkpt>
   <trkpt lat="22.7383770" lon="120.3370800">
    <ele>22.5</ele>
    <time>2026-09-15T11:29:36Z</time>
   </trkpt>
   <trkpt lat="22.7383690" lon="120.3370720">
    <ele>22.5</ele>
    <time>2026-09-15T11:29:37Z</time>
   </trkpt>
   <trkpt lat="22.7383640" lon="120.3370750">
    <ele>22.4</ele>
    <time>2026-09-15T11:29:38Z</time>
   </trkpt>
   <trkpt lat="22.7383580" lon="120.3370720">
    <ele>22.4</ele>
    <time>2026-09-15T11:29:39Z</time>
   </trkpt>
   <trkpt lat="22.7383540" lon="120.3370640">
    <ele>22.3</ele>
    <time>2026-09-15T11:29:40Z</time>
   </trkpt>
   <trkpt lat="22.7383390" lon="120.3370660">
    <ele>22.2</ele>
    <time>2026-09-15T11:29:41Z</time>
   </trkpt>
   <trkpt lat="22.7383250" lon="120.3370660">
    <ele>22.2</ele>
    <time>2026-09-15T11:29:42Z</time>
   </trkpt>
   <trkpt lat="22.7383160" lon="120.3370630">
    <ele>22.1</ele>
    <time>2026-09-15T11:29:43Z</time>
   </trkpt>
   <trkpt lat="22.7383030" lon="120.3370620">
    <ele>22.0</ele>
    <time>2026-09-15T11:29:44Z</time>
   </trkpt>
   <trkpt lat="22.7382940" lon="120.3370610">
    <ele>22.0</ele>
    <time>2026-09-15T11:29:45Z</time>
   </trkpt>
   <trkpt lat="22.7382810" lon="120.3370520">
    <ele>21.9</ele>
    <time>2026-09-15T11:29:46Z</time>
   </trkpt>
   <trkpt lat="22.7382680" lon="120.3370440">
    <ele>21.8</ele>
    <time>2026-09-15T11:29:47Z</time>
   </trkpt>
   <trkpt lat="22.7382620" lon="120.3370430">
    <ele>21.7</ele>
    <time>2026-09-15T11:29:48Z</time>
   </trkpt>
   <trkpt lat="22.7382530" lon="120.3370330">
    <ele>21.6</ele>
    <time>2026-09-15T11:29:49Z</time>
   </trkpt>
   <trkpt lat="22.7382480" lon="120.3370250">
    <ele>21.6</ele>
    <time>2026-09-15T11:29:50Z</time>
   </trkpt>
   <trkpt lat="22.7382430" lon="120.3370130">
    <ele>21.5</ele>
    <time>2026-09-15T11:29:51Z</time>
   </trkpt>
   <trkpt lat="22.7382400" lon="120.3370030">
    <ele>21.4</ele>
    <time>2026-09-15T11:29:52Z</time>
   </trkpt>
   <trkpt lat="22.7382370" lon="120.3370000">
    <ele>21.4</ele>
    <time>2026-09-15T11:29:53Z</time>
   </trkpt>
   <trkpt lat="22.7382310" lon="120.3369970">
    <ele>21.4</ele>
    <time>2026-09-15T11:29:54Z</time>
   </trkpt>
   <trkpt lat="22.7382210" lon="120.3369990">
    <ele>21.3</ele>
    <time>2026-09-15T11:29:55Z</time>
   </trkpt>
   <trkpt lat="22.7382210" lon="120.3369960">
    <ele>21.3</ele>
    <time>2026-09-15T11:29:56Z</time>
   </trkpt>
   <trkpt lat="22.7381870" lon="120.3369880">
    <ele>21.1</ele>
    <time>2026-09-15T11:30:01Z</time>
   </trkpt>
   <trkpt lat="22.7381850" lon="120.3369850">
    <ele>21.0</ele>
    <time>2026-09-15T11:30:02Z</time>
   </trkpt>
   <trkpt lat="22.7381820" lon="120.3369740">
    <ele>21.0</ele>
    <time>2026-09-15T11:30:03Z</time>
   </trkpt>
   <trkpt lat="22.7381750" lon="120.3369760">
    <ele>20.9</ele>
    <time>2026-09-15T11:30:04Z</time>
   </trkpt>
   <trkpt lat="22.7381690" lon="120.3369710">
    <ele>20.9</ele>
    <time>2026-09-15T11:30:05Z</time>
   </trkpt>
   <trkpt lat="22.7381630" lon="120.3369830">
    <ele>20.8</ele>
    <time>2026-09-15T11:30:06Z</time>
   </trkpt>
   <trkpt lat="22.7381650" lon="120.3369920">
    <ele>20.7</ele>
    <time>2026-09-15T11:30:07Z</time>
   </trkpt>
   <trkpt lat="22.7381680" lon="120.3369960">
    <ele>20.7</ele>
    <time>2026-09-15T11:30:08Z</time>
   </trkpt>
   <trkpt lat="22.7381740" lon="120.3370070">
    <ele>20.6</ele>
    <time>2026-09-15T11:30:09Z</time>
   </trkpt>
   <trkpt lat="22.7381770" lon="120.3370070">
    <ele>20.6</ele>
    <time>2026-09-15T11:30:10Z</time>
   </trkpt>
   <trkpt lat="22.7381740" lon="120.3370020">
    <ele>20.6</ele>
    <time>2026-09-15T11:30:11Z</time>
   </trkpt>
   <trkpt lat="22.7381730" lon="120.3370080">
    <ele>20.5</ele>
    <time>2026-09-15T11:30:12Z</time>
   </trkpt>
   <trkpt lat="22.7381620" lon="120.3370080">
    <ele>20.5</ele>
    <time>2026-09-15T11:30:13Z</time>
   </trkpt>
   <trkpt lat="22.7381510" lon="120.3370030">
    <ele>20.4</ele>
    <time>2026-09-15T11:30:14Z</time>
   </trkpt>
   <trkpt lat="22.7381470" lon="120.3369970">
    <ele>20.3</ele>
    <time>2026-09-15T11:30:15Z</time>
   </trkpt>
   <trkpt lat="22.7381410" lon="120.3369950">
    <ele>20.3</ele>
    <time>2026-09-15T11:30:16Z</time>
   </trkpt>
   <trkpt lat="22.7381460" lon="120.3369970">
    <ele>20.3</ele>
    <time>2026-09-15T11:30:17Z</time>
   </trkpt>
   <trkpt lat="22.7381510" lon="120.3369930">
    <ele>20.2</ele>
    <time>2026-09-15T11:30:18Z</time>
   </trkpt>
   <trkpt lat="22.7381540" lon="120.3369390">
    <ele>19.9</ele>
    <time>2026-09-15T11:30:27Z</time>
   </trkpt>
   <trkpt lat="22.7381490" lon="120.3369320">
    <ele>19.9</ele>
    <time>2026-09-15T11:30:28Z</time>
   </trkpt>
   <trkpt lat="22.7381430" lon="120.3369270">
    <ele>19.8</ele>
    <time>2026-09-15T11:30:29Z</time>
   </trkpt>
   <trkpt lat="22.7381250" lon="120.3369210">
    <ele>20.5</ele>
    <time>2026-09-15T11:30:30Z</time>
   </trkpt>
   <trkpt lat="22.7381120" lon="120.3369230">
    <ele>21.1</ele>
    <time>2026-09-15T11:30:31Z</time>
   </trkpt>
   <trkpt lat="22.7381030" lon="120.3369180">
    <ele>21.6</ele>
    <time>2026-09-15T11:30:32Z</time>
   </trkpt>
   <trkpt lat="22.7380990" lon="120.3369160">
    <ele>21.8</ele>
    <time>2026-09-15T11:30:33Z</time>
   </trkpt>
   <trkpt lat="22.7380890" lon="120.3369190">
    <ele>22.2</ele>
    <time>2026-09-15T11:30:34Z</time>
   </trkpt>
   <trkpt lat="22.7380800" lon="120.3369170">
    <ele>22.6</ele>
    <time>2026-09-15T11:30:35Z</time>
   </trkpt>
   <trkpt lat="22.7380770" lon="120.3369120">
    <ele>22.9</ele>
    <time>2026-09-15T11:30:36Z</time>
   </trkpt>
   <trkpt lat="22.7380630" lon="120.3369030">
    <ele>23.6</ele>
    <time>2026-09-15T11:30:37Z</time>
   </trkpt>
   <trkpt lat="22.7380550" lon="120.3368900">
    <ele>24.2</ele>
    <time>2026-09-15T11:30:38Z</time>
   </trkpt>
   <trkpt lat="22.7380520" lon="120.3368820">
    <ele>24.6</ele>
    <time>2026-09-15T11:30:39Z</time>
   </trkpt>
   <trkpt lat="22.7380480" lon="120.3368760">
    <ele>24.9</ele>
    <time>2026-09-15T11:30:40Z</time>
   </trkpt>
   <trkpt lat="22.7380390" lon="120.3368720">
    <ele>25.3</ele>
    <time>2026-09-15T11:30:41Z</time>
   </trkpt>
   <trkpt lat="22.7379120" lon="120.3368220">
    <ele>31.3</ele>
    <time>2026-09-15T11:31:15Z</time>
   </trkpt>
   <trkpt lat="22.7378900" lon="120.3368260">
    <ele>32.2</ele>
    <time>2026-09-15T11:31:16Z</time>
   </trkpt>
   <trkpt lat="22.7378720" lon="120.3368240">
    <ele>32.4</ele>
    <time>2026-09-15T11:31:17Z</time>
   </trkpt>
   <trkpt lat="22.7378620" lon="120.3368290">
    <ele>32.3</ele>
    <time>2026-09-15T11:31:18Z</time>
   </trkpt>
   <trkpt lat="22.7378780" lon="120.3368350">
    <ele>32.1</ele>
    <time>2026-09-15T11:31:19Z</time>
   </trkpt>
   <trkpt lat="22.7378660" lon="120.3368360">
    <ele>31.9</ele>
    <time>2026-09-15T11:31:20Z</time>
   </trkpt>
   <trkpt lat="22.7378510" lon="120.3368370">
    <ele>31.8</ele>
    <time>2026-09-15T11:31:21Z</time>
   </trkpt>
   <trkpt lat="22.7378530" lon="120.3368460">
    <ele>31.7</ele>
    <time>2026-09-15T11:31:22Z</time>
   </trkpt>
   <trkpt lat="22.7378560" lon="120.3368610">
    <ele>31.5</ele>
    <time>2026-09-15T11:31:23Z</time>
   </trkpt>
   <trkpt lat="22.7378650" lon="120.3368730">
    <ele>31.3</ele>
    <time>2026-09-15T11:31:24Z</time>
   </trkpt>
   <trkpt lat="22.7378680" lon="120.3368810">
    <ele>31.2</ele>
    <time>2026-09-15T11:31:25Z</time>
   </trkpt>
   <trkpt lat="22.7378700" lon="120.3368900">
    <ele>31.1</ele>
    <time>2026-09-15T11:31:26Z</time>
   </trkpt>
   <trkpt lat="22.7378830" lon="120.3369030">
    <ele>30.9</ele>
    <time>2026-09-15T11:31:27Z</time>
   </trkpt>
   <trkpt lat="22.7378850" lon="120.3369070">
    <ele>30.8</ele>
    <time>2026-09-15T11:31:28Z</time>
   </trkpt>
   <trkpt lat="22.7378790" lon="120.3369070">
    <ele>30.8</ele>
    <time>2026-09-15T11:31:29Z</time>
   </trkpt>
   <trkpt lat="22.7378730" lon="120.3369050">
    <ele>30.7</ele>
    <time>2026-09-15T11:31:30Z</time>
   </trkpt>
   <trkpt lat="22.7378740" lon="120.3369060">
    <ele>30.7</ele>
    <time>2026-09-15T11:31:31Z</time>
   </trkpt>
   <trkpt lat="22.7378620" lon="120.3369060">
    <ele>30.5</ele>
    <time>2026-09-15T11:31:32Z</time>
   </trkpt>
   <trkpt lat="22.7378450" lon="120.3368990">
    <ele>30.3</ele>
    <time>2026-09-15T11:31:33Z</time>
   </trkpt>
   <trkpt lat="22.7378670" lon="120.3369220">
    <ele>29.9</ele>
    <time>2026-09-15T11:31:39Z</time>
   </trkpt>
   <trkpt lat="22.7378670" lon="120.3369220">
    <ele>29.9</ele>
    <time>2026-09-15T11:31:40Z</time>
   </trkpt>
   <trkpt lat="22.7378540" lon="120.3369250">
    <ele>29.8</ele>
    <time>2026-09-15T11:31:41Z</time>
   </trkpt>
   <trkpt lat="22.7378540" lon="120.3369230">
    <ele>29.8</ele>
    <time>2026-09-15T11:31:42Z</time>
   </trkpt>
   <trkpt lat="22.7378550" lon="120.3369190">
    <ele>29.7</ele>
    <time>2026-09-15T11:31:43Z</time>
   </trkpt>
   <trkpt lat="22.7378620" lon="120.3369190">
    <ele>29.6</ele>
    <time>2026-09-15T11:31:44Z</time>
   </trkpt>
   <trkpt lat="22.7378620" lon="120.3369290">
    <ele>29.5</ele>
    <time>2026-09-15T11:31:45Z</time>
   </trkpt>
   <trkpt lat="22.7378560" lon="120.3369290">
    <ele>29.4</ele>
    <time>2026-09-15T11:31:46Z</time>
   </trkpt>
   <trkpt lat="22.7378530" lon="120.3369250">
    <ele>29.4</ele>
    <time>2026-09-15T11:31:47Z</time>
   </trkpt>
   <trkpt lat="22.7378370" lon="120.3369160">
    <ele>29.2</ele>
    <time>2026-09-15T11:31:48Z</time>
   </trkpt>
   <trkpt lat="22.7378170" lon="120.3369440">
    <ele>28.8</ele>
    <time>2026-09-15T11:31:51Z</time>
   </trkpt>
   <trkpt lat="22.7378200" lon="120.3369550">
    <ele>28.6</ele>
    <time>2026-09-15T11:31:52Z</time>
   </trkpt>
   <trkpt lat="22.7378180" lon="120.3369640">
    <ele>28.5</ele>
    <time>2026-09-15T11:31:53Z</time>
   </trkpt>
   <trkpt lat="22.7378200" lon="120.3369750">
    <ele>28.4</ele>
    <time>2026-09-15T11:31:54Z</time>
   </trkpt>
   <trkpt lat="22.7378190" lon="120.3369810">
    <ele>28.3</ele>
    <time>2026-09-15T11:31:56Z</time>
   </trkpt>
   <trkpt lat="22.7378220" lon="120.3369860">
    <ele>28.3</ele>
    <time>2026-09-15T11:31:57Z</time>
   </trkpt>
   <trkpt lat="22.7378290" lon="120.3369840">
    <ele>28.2</ele>
    <time>2026-09-15T11:31:58Z</time>
   </trkpt>
   <trkpt lat="22.7378480" lon="120.3369870">
    <ele>28.0</ele>
    <time>2026-09-15T11:31:59Z</time>
   </trkpt>
   <trkpt lat="22.7378600" lon="120.3369920">
    <ele>27.8</ele>
    <time>2026-09-15T11:32:00Z</time>
   </trkpt>
   <trkpt lat="22.7378540" lon="120.3369880">
    <ele>27.7</ele>
    <time>2026-09-15T11:32:01Z</time>
   </trkpt>
   <trkpt lat="22.7378470" lon="120.3369900">
    <ele>27.6</ele>
    <time>2026-09-15T11:32:02Z</time>
   </trkpt>
   <trkpt lat="22.7378540" lon="120.3369990">
    <ele>27.5</ele>
    <time>2026-09-15T11:32:03Z</time>
   </trkpt>
   <trkpt lat="22.7378660" lon="120.3369970">
    <ele>27.4</ele>
    <time>2026-09-15T11:32:04Z</time>
   </trkpt>
   <trkpt lat="22.7378730" lon="120.3370110">
    <ele>27.2</ele>
    <time>2026-09-15T11:32:05Z</time>
   </trkpt>
   <trkpt lat="22.7378910" lon="120.3370160">
    <ele>27.0</ele>
    <time>2026-09-15T11:32:06Z</time>
   </trkpt>
   <trkpt lat="22.7379040" lon="120.3370230">
    <ele>26.8</ele>
    <time>2026-09-15T11:32:07Z</time>
   </trkpt>
   <trkpt lat="22.7379190" lon="120.3370210">
    <ele>26.6</ele>
    <time>2026-09-15T11:32:08Z</time>
   </trkpt>
   <trkpt lat="22.7379450" lon="120.3370270">
    <ele>26.3</ele>
    <time>2026-09-15T11:32:09Z</time>
   </trkpt>
   <trkpt lat="22.7379470" lon="120.3370320">
    <ele>26.2</ele>
    <time>2026-09-15T11:32:10Z</time>
   </trkpt>
   <trkpt lat="22.7379470" lon="120.3370390">
    <ele>26.1</ele>
    <time>2026-09-15T11:32:11Z</time>
   </trkpt>
   <trkpt lat="22.7379480" lon="120.3370380">
    <ele>26.1</ele>
    <time>2026-09-15T11:32:12Z</time>
   </trkpt>
   <trkpt lat="22.7379530" lon="120.3370370">
    <ele>26.1</ele>
    <time>2026-09-15T11:32:13Z</time>
   </trkpt>
   <trkpt lat="22.7379520" lon="120.3370380">
    <ele>26.0</ele>
    <time>2026-09-15T11:32:14Z</time>
   </trkpt>
   <trkpt lat="22.7379590" lon="120.3370430">
    <ele>25.9</ele>
    <time>2026-09-15T11:32:15Z</time>
   </trkpt>
   <trkpt lat="22.7379600" lon="120.3370430">
    <ele>25.9</ele>
    <time>2026-09-15T11:32:16Z</time>
   </trkpt>
   <trkpt lat="22.7379690" lon="120.3370570">
    <ele>25.7</ele>
    <time>2026-09-15T11:32:17Z</time>
   </trkpt>
   <trkpt lat="22.7379600" lon="120.3370640">
    <ele>25.6</ele>
    <time>2026-09-15T11:32:18Z</time>
   </trkpt>
   <trkpt lat="22.7379590" lon="120.3370670">
    <ele>25.6</ele>
    <time>2026-09-15T11:32:19Z</time>
   </trkpt>
   <trkpt lat="22.7379460" lon="120.3370650">
    <ele>25.4</ele>
    <time>2026-09-15T11:32:20Z</time>
   </trkpt>
   <trkpt lat="22.7379340" lon="120.3370680">
    <ele>25.3</ele>
    <time>2026-09-15T11:32:21Z</time>
   </trkpt>
   <trkpt lat="22.7379220" lon="120.3370720">
    <ele>25.1</ele>
    <time>2026-09-15T11:32:22Z</time>
   </trkpt>
   <trkpt lat="22.7379110" lon="120.3370740">
    <ele>25.0</ele>
    <time>2026-09-15T11:32:23Z</time>
   </trkpt>
   <trkpt lat="22.7379020" lon="120.3370770">
    <ele>24.9</ele>
    <time>2026-09-15T11:32:24Z</time>
   </trkpt>
   <trkpt lat="22.7378920" lon="120.3370760">
    <ele>24.7</ele>
    <time>2026-09-15T11:32:25Z</time>
   </trkpt>
   <trkpt lat="22.7378840" lon="120.3370720">
    <ele>24.6</ele>
    <time>2026-09-15T11:32:26Z</time>
   </trkpt>
   <trkpt lat="22.7378770" lon="120.3370730">
    <ele>24.5</ele>
    <time>2026-09-15T11:32:27Z</time>
   </trkpt>
   <trkpt lat="22.7378600" lon="120.3370790">
    <ele>24.3</ele>
    <time>2026-09-15T11:32:28Z</time>
   </trkpt>
   <trkpt lat="22.7377930" lon="120.3370830">
    <ele>23.5</ele>
    <time>2026-09-15T11:32:44Z</time>
   </trkpt>
   <trkpt lat="22.7377840" lon="120.3370860">
    <ele>23.4</ele>
    <time>2026-09-15T11:32:45Z</time>
   </trkpt>
   <trkpt lat="22.7377840" lon="120.3370970">
    <ele>23.3</ele>
    <time>2026-09-15T11:32:46Z</time>
   </trkpt>
   <trkpt lat="22.7377820" lon="120.3370980">
    <ele>23.2</ele>
    <time>2026-09-15T11:32:47Z</time>
   </trkpt>
   <trkpt lat="22.7377950" lon="120.3371050">
    <ele>23.1</ele>
    <time>2026-09-15T11:32:48Z</time>
   </trkpt>
   <trkpt lat="22.7377930" lon="120.3371140">
    <ele>23.0</ele>
    <time>2026-09-15T11:32:49Z</time>
   </trkpt>
   <trkpt lat="22.7377860" lon="120.3371160">
    <ele>22.9</ele>
    <time>2026-09-15T11:32:50Z</time>
   </trkpt>
   <trkpt lat="22.7377820" lon="120.3371280">
    <ele>22.7</ele>
    <time>2026-09-15T11:32:51Z</time>
   </trkpt>
   <trkpt lat="22.7377740" lon="120.3371370">
    <ele>22.6</ele>
    <time>2026-09-15T11:32:52Z</time>
   </trkpt>
   <trkpt lat="22.7377650" lon="120.3371390">
    <ele>22.5</ele>
    <time>2026-09-15T11:32:53Z</time>
   </trkpt>
   <trkpt lat="22.7377650" lon="120.3371480">
    <ele>22.4</ele>
    <time>2026-09-15T11:32:54Z</time>
   </trkpt>
   <trkpt lat="22.7377620" lon="120.3371560">
    <ele>22.3</ele>
    <time>2026-09-15T11:32:55Z</time>
   </trkpt>
   <trkpt lat="22.7377660" lon="120.3371710">
    <ele>22.1</ele>
    <time>2026-09-15T11:32:56Z</time>
   </trkpt>
   <trkpt lat="22.7377520" lon="120.3371820">
    <ele>21.9</ele>
    <time>2026-09-15T11:32:57Z</time>
   </trkpt>
   <trkpt lat="22.7377400" lon="120.3371890">
    <ele>21.7</ele>
    <time>2026-09-15T11:32:58Z</time>
   </trkpt>
   <trkpt lat="22.7377420" lon="120.3372020">
    <ele>21.6</ele>
    <time>2026-09-15T11:32:59Z</time>
   </trkpt>
   <trkpt lat="22.7377420" lon="120.3372090">
    <ele>21.5</ele>
    <time>2026-09-15T11:33:00Z</time>
   </trkpt>
   <trkpt lat="22.7377370" lon="120.3372160">
    <ele>21.4</ele>
    <time>2026-09-15T11:33:01Z</time>
   </trkpt>
   <trkpt lat="22.7377260" lon="120.3372250">
    <ele>21.3</ele>
    <time>2026-09-15T11:33:02Z</time>
   </trkpt>
   <trkpt lat="22.7377160" lon="120.3372280">
    <ele>21.1</ele>
    <time>2026-09-15T11:33:03Z</time>
   </trkpt>
   <trkpt lat="22.7377170" lon="120.3372410">
    <ele>21.0</ele>
    <time>2026-09-15T11:33:04Z</time>
   </trkpt>
   <trkpt lat="22.7377210" lon="120.3372470">
    <ele>20.9</ele>
    <time>2026-09-15T11:33:05Z</time>
   </trkpt>
   <trkpt lat="22.7377180" lon="120.3372550">
    <ele>20.8</ele>
    <time>2026-09-15T11:33:06Z</time>
   </trkpt>
   <trkpt lat="22.7377130" lon="120.3372550">
    <ele>20.7</ele>
    <time>2026-09-15T11:33:07Z</time>
   </trkpt>
   <trkpt lat="22.7377100" lon="120.3372710">
    <ele>20.6</ele>
    <time>2026-09-15T11:33:08Z</time>
   </trkpt>
   <trkpt lat="22.7377050" lon="120.3372830">
    <ele>20.3</ele>
    <time>2026-09-15T11:33:09Z</time>
   </trkpt>
   <trkpt lat="22.7377060" lon="120.3372810">
    <ele>20.3</ele>
    <time>2026-09-15T11:33:10Z</time>
   </trkpt>
   <trkpt lat="22.7376930" lon="120.3372820">
    <ele>20.3</ele>
    <time>2026-09-15T11:33:11Z</time>
   </trkpt>
   <trkpt lat="22.7376830" lon="120.3372830">
    <ele>20.3</ele>
    <time>2026-09-15T11:33:12Z</time>
   </trkpt>
   <trkpt lat="22.7376730" lon="120.3372840">
    <ele>20.3</ele>
    <time>2026-09-15T11:33:13Z</time>
   </trkpt>
   <trkpt lat="22.7376610" lon="120.3372800">
    <ele>20.3</ele>
    <time>2026-09-15T11:33:14Z</time>
   </trkpt>
   <trkpt lat="22.7376470" lon="120.3372740">
    <ele>20.3</ele>
    <time>2026-09-15T11:33:15Z</time>
   </trkpt>
   <trkpt lat="22.7376380" lon="120.3372730">
    <ele>20.3</ele>
    <time>2026-09-15T11:33:16Z</time>
   </trkpt>
   <trkpt lat="22.7376280" lon="120.3372780">
    <ele>20.3</ele>
    <time>2026-09-15T11:33:17Z</time>
   </trkpt>
   <trkpt lat="22.7376250" lon="120.3372760">
    <ele>20.3</ele>
    <time>2026-09-15T11:33:18Z</time>
   </trkpt>
   <trkpt lat="22.7376250" lon="120.3372690">
    <ele>20.3</ele>
    <time>2026-09-15T11:33:19Z</time>
   </trkpt>
   <trkpt lat="22.7376170" lon="120.3372710">
    <ele>20.3</ele>
    <time>2026-09-15T11:33:20Z</time>
   </trkpt>
   <trkpt lat="22.7376150" lon="120.3372730">
    <ele>20.3</ele>
    <time>2026-09-15T11:33:21Z</time>
   </trkpt>
   <trkpt lat="22.7376100" lon="120.3372780">
    <ele>20.3</ele>
    <time>2026-09-15T11:33:22Z</time>
   </trkpt>
   <trkpt lat="22.7376130" lon="120.3372920">
    <ele>20.3</ele>
    <time>2026-09-15T11:33:23Z</time>
   </trkpt>
   <trkpt lat="22.7376160" lon="120.3372980">
    <ele>20.3</ele>
    <time>2026-09-15T11:33:24Z</time>
   </trkpt>
   <trkpt lat="22.7376140" lon="120.3372950">
    <ele>20.3</ele>
    <time>2026-09-15T11:33:25Z</time>
   </trkpt>
   <trkpt lat="22.7375220" lon="120.3372370">
    <ele>20.3</ele>
    <time>2026-09-15T11:33:35Z</time>
   </trkpt>
   <trkpt lat="22.7375110" lon="120.3372330">
    <ele>20.3</ele>
    <time>2026-09-15T11:33:36Z</time>
   </trkpt>
   <trkpt lat="22.7375010" lon="120.3372360">
    <ele>20.3</ele>
    <time>2026-09-15T11:33:37Z</time>
   </trkpt>
   <trkpt lat="22.7374950" lon="120.3372350">
    <ele>20.3</ele>
    <time>2026-09-15T11:33:38Z</time>
   </trkpt>
   <trkpt lat="22.7374890" lon="120.3372330">
    <ele>20.3</ele>
    <time>2026-09-15T11:33:39Z</time>
   </trkpt>
   <trkpt lat="22.7374760" lon="120.3372270">
    <ele>20.3</ele>
    <time>2026-09-15T11:33:40Z</time>
   </trkpt>
   <trkpt lat="22.7374590" lon="120.3372200">
    <ele>20.4</ele>
    <time>2026-09-15T11:33:41Z</time>
   </trkpt>
   <trkpt lat="22.7374550" lon="120.3372150">
    <ele>20.4</ele>
    <time>2026-09-15T11:33:42Z</time>
   </trkpt>
   <trkpt lat="22.7374460" lon="120.3372110">
    <ele>20.4</ele>
    <time>2026-09-15T11:33:43Z</time>
   </trkpt>
   <trkpt lat="22.7374360" lon="120.3372040">
    <ele>20.4</ele>
    <time>2026-09-15T11:33:44Z</time>
   </trkpt>
   <trkpt lat="22.7374220" lon="120.3371980">
    <ele>20.4</ele>
    <time>2026-09-15T11:33:45Z</time>
   </trkpt>
   <trkpt lat="22.7374100" lon="120.3371990">
    <ele>20.4</ele>
    <time>2026-09-15T11:33:46Z</time>
   </trkpt>
   <trkpt lat="22.7374010" lon="120.3371970">
    <ele>20.4</ele>
    <time>2026-09-15T11:33:47Z</time>
   </trkpt>
   <trkpt lat="22.7373880" lon="120.3371940">
    <ele>20.4</ele>
    <time>2026-09-15T11:33:48Z</time>
   </trkpt>
   <trkpt lat="22.7373860" lon="120.3371900">
    <ele>20.4</ele>
    <time>2026-09-15T11:33:49Z</time>
   </trkpt>
   <trkpt lat="22.7373750" lon="120.3371870">
    <ele>20.4</ele>
    <time>2026-09-15T11:33:50Z</time>
   </trkpt>
   <trkpt lat="22.7373660" lon="120.3371910">
    <ele>20.4</ele>
    <time>2026-09-15T11:33:51Z</time>
   </trkpt>
   <trkpt lat="22.7373570" lon="120.3371910">
    <ele>20.4</ele>
    <time>2026-09-15T11:33:52Z</time>
   </trkpt>
   <trkpt lat="22.7373510" lon="120.3371930">
    <ele>20.4</ele>
    <time>2026-09-15T11:33:53Z</time>
   </trkpt>
   <trkpt lat="22.7373420" lon="120.3372010">
    <ele>20.4</ele>
    <time>2026-09-15T11:33:54Z</time>
   </trkpt>
   <trkpt lat="22.7373320" lon="120.3372150">
    <ele>20.6</ele>
    <time>2026-09-15T11:33:55Z</time>
   </trkpt>
   <trkpt lat="22.7373300" lon="120.3372260">
    <ele>20.7</ele>
    <time>2026-09-15T11:33:56Z</time>
   </trkpt>
   <trkpt lat="22.7373250" lon="120.3372350">
    <ele>20.8</ele>
    <time>2026-09-15T11:33:57Z</time>
   </trkpt>
   <trkpt lat="22.7373130" lon="120.3372700">
    <ele>21.2</ele>
    <time>2026-09-15T11:34:01Z</time>
   </trkpt>
   <trkpt lat="22.7373080" lon="120.3372840">
    <ele>21.4</ele>
    <time>2026-09-15T11:34:02Z</time>
   </trkpt>
   <trkpt lat="22.7373040" lon="120.3372990">
    <ele>21.5</ele>
    <time>2026-09-15T11:34:03Z</time>
   </trkpt>
   <trkpt lat="22.7372960" lon="120.3373120">
    <ele>21.7</ele>
    <time>2026-09-15T11:34:04Z</time>
   </trkpt>
   <trkpt lat="22.7372920" lon="120.3373290">
    <ele>21.8</ele>
    <time>2026-09-15T11:34:05Z</time>
   </trkpt>
   <trkpt lat="22.7372880" lon="120.3373380">
    <ele>21.9</ele>
    <time>2026-09-15T11:34:06Z</time>
   </trkpt>
   <trkpt lat="22.7372840" lon="120.3373500">
    <ele>22.1</ele>
    <time>2026-09-15T11:34:07Z</time>
   </trkpt>
   <trkpt lat="22.7372820" lon="120.3373600">
    <ele>22.2</ele>
    <time>2026-09-15T11:34:08Z</time>
   </trkpt>
   <trkpt lat="22.7372770" lon="120.3373720">
    <ele>22.3</ele>
    <time>2026-09-15T11:34:09Z</time>
   </trkpt>
   <trkpt lat="22.7372750" lon="120.3373850">
    <ele>22.4</ele>
    <time>2026-09-15T11:34:10Z</time>
   </trkpt>
   <trkpt lat="22.7372780" lon="120.3374010">
    <ele>22.5</ele>
    <time>2026-09-15T11:34:11Z</time>
   </trkpt>
   <trkpt lat="22.7372740" lon="120.3374130">
    <ele>22.7</ele>
    <time>2026-09-15T11:34:12Z</time>
   </trkpt>
   <trkpt lat="22.7372660" lon="120.3374250">
    <ele>22.8</ele>
    <time>2026-09-15T11:34:13Z</time>
   </trkpt>
   <trkpt lat="22.7372590" lon="120.3374370">
    <ele>22.9</ele>
    <time>2026-09-15T11:34:14Z</time>
   </trkpt>
   <trkpt lat="22.7372560" lon="120.3374500">
    <ele>23.0</ele>
    <time>2026-09-15T11:34:15Z</time>
   </trkpt>
   <trkpt lat="22.7372510" lon="120.3374600">
    <ele>23.1</ele>
    <time>2026-09-15T11:34:16Z</time>
   </trkpt>
   <trkpt lat="22.7372480" lon="120.3374650">
    <ele>23.2</ele>
    <time>2026-09-15T11:34:17Z</time>
   </trkpt>
   <trkpt lat="22.7372470" lon="120.3374650">
    <ele>23.2</ele>
    <time>2026-09-15T11:34:18Z</time>
   </trkpt>
   <trkpt lat="22.7372490" lon="120.3374620">
    <ele>23.2</ele>
    <time>2026-09-15T11:34:19Z</time>
   </trkpt>
   <trkpt lat="22.7372460" lon="120.3374630">
    <ele>23.3</ele>
    <time>2026-09-15T11:34:20Z</time>
   </trkpt>
   <trkpt lat="22.7372430" lon="120.3374610">
    <ele>23.3</ele>
    <time>2026-09-15T11:34:21Z</time>
   </trkpt>
   <trkpt lat="22.7372430" lon="120.3374570">
    <ele>23.3</ele>
    <time>2026-09-15T11:34:22Z</time>
   </trkpt>
   <trkpt lat="22.7372370" lon="120.3374660">
    <ele>23.4</ele>
    <time>2026-09-15T11:34:23Z</time>
   </trkpt>
   <trkpt lat="22.7372470" lon="120.3374720">
    <ele>23.5</ele>
    <time>2026-09-15T11:34:24Z</time>
   </trkpt>
   <trkpt lat="22.7372510" lon="120.3374740">
    <ele>23.6</ele>
    <time>2026-09-15T11:34:25Z</time>
   </trkpt>
   <trkpt lat="22.7372380" lon="120.3375280">
    <ele>24.1</ele>
    <time>2026-09-15T11:34:35Z</time>
   </trkpt>
   <trkpt lat="22.7372350" lon="120.3375350">
    <ele>24.1</ele>
    <time>2026-09-15T11:34:36Z</time>
   </trkpt>
   <trkpt lat="22.7372320" lon="120.3375380">
    <ele>24.2</ele>
    <time>2026-09-15T11:34:37Z</time>
   </trkpt>
   <trkpt lat="22.7372290" lon="120.3375440">
    <ele>24.2</ele>
    <time>2026-09-15T11:34:38Z</time>
   </trkpt>
   <trkpt lat="22.7372360" lon="120.3375520">
    <ele>24.3</ele>
    <time>2026-09-15T11:34:39Z</time>
   </trkpt>
   <trkpt lat="22.7372300" lon="120.3375460">
    <ele>24.4</ele>
    <time>2026-09-15T11:34:40Z</time>
   </trkpt>
   <trkpt lat="22.7372270" lon="120.3375510">
    <ele>24.4</ele>
    <time>2026-09-15T11:34:41Z</time>
   </trkpt>
   <trkpt lat="22.7372180" lon="120.3375530">
    <ele>24.5</ele>
    <time>2026-09-15T11:34:42Z</time>
   </trkpt>
   <trkpt lat="22.7372170" lon="120.3375510">
    <ele>24.5</ele>
    <time>2026-09-15T11:34:43Z</time>
   </trkpt>
   <trkpt lat="22.7372180" lon="120.3375550">
    <ele>24.6</ele>
    <time>2026-09-15T11:34:44Z</time>
   </trkpt>
   <trkpt lat="22.7372200" lon="120.3375670">
    <ele>24.7</ele>
    <time>2026-09-15T11:34:45Z</time>
   </trkpt>
   <trkpt lat="22.7372180" lon="120.3375840">
    <ele>24.8</ele>
    <time>2026-09-15T11:34:46Z</time>
   </trkpt>
   <trkpt lat="22.7372170" lon="120.3375820">
    <ele>24.8</ele>
    <time>2026-09-15T11:34:47Z</time>
   </trkpt>
   <trkpt lat="22.7372100" lon="120.3375790">
    <ele>24.9</ele>
    <time>2026-09-15T11:34:48Z</time>
   </trkpt>
   <trkpt lat="22.7371930" lon="120.3375860">
    <ele>25.1</ele>
    <time>2026-09-15T11:34:49Z</time>
   </trkpt>
   <trkpt lat="22.7371990" lon="120.3375920">
    <ele>25.2</ele>
    <time>2026-09-15T11:34:50Z</time>
   </trkpt>
   <trkpt lat="22.7371990" lon="120.3375900">
    <ele>25.2</ele>
    <time>2026-09-15T11:34:51Z</time>
   </trkpt>
   <trkpt lat="22.7372020" lon="120.3375940">
    <ele>25.2</ele>
    <time>2026-09-15T11:34:52Z</time>
   </trkpt>
   <trkpt lat="22.7372020" lon="120.3375970">
    <ele>25.2</ele>
    <time>2026-09-15T11:34:53Z</time>
   </trkpt>
   <trkpt lat="22.7372050" lon="120.3375950">
    <ele>25.3</ele>
    <time>2026-09-15T11:34:54Z</time>
   </trkpt>
   <trkpt lat="22.7371970" lon="120.3376000">
    <ele>25.4</ele>
    <time>2026-09-15T11:34:55Z</time>
   </trkpt>
   <trkpt lat="22.7371980" lon="120.3375990">
    <ele>25.4</ele>
    <time>2026-09-15T11:34:56Z</time>
   </trkpt>
   <trkpt lat="22.7371890" lon="120.3375950">
    <ele>25.5</ele>
    <time>2026-09-15T11:34:57Z</time>
   </trkpt>
   <trkpt lat="22.7371840" lon="120.3375900">
    <ele>25.5</ele>
    <time>2026-09-15T11:34:58Z</time>
   </trkpt>
   <trkpt lat="22.7371710" lon="120.3376210">
    <ele>25.8</ele>
    <time>2026-09-15T11:35:04Z</time>
   </trkpt>
   <trkpt lat="22.7371630" lon="120.3376280">
    <ele>25.9</ele>
    <time>2026-09-15T11:35:05Z</time>
   </trkpt>
   <trkpt lat="22.7371610" lon="120.3376380">
    <ele>26.0</ele>
    <time>2026-09-15T11:35:06Z</time>
   </trkpt>
   <trkpt lat="22.7371610" lon="120.3376460">
    <ele>26.1</ele>
    <time>2026-09-15T11:35:07Z</time>
   </trkpt>
   <trkpt lat="22.7371590" lon="120.3376490">
    <ele>26.1</ele>
    <time>2026-09-15T11:35:08Z</time>
   </trkpt>
   <trkpt lat="22.7371580" lon="120.3376570">
    <ele>26.2</ele>
    <time>2026-09-15T11:35:09Z</time>
   </trkpt>
   <trkpt lat="22.7371670" lon="120.3376490">
    <ele>26.3</ele>
    <time>2026-09-15T11:35:10Z</time>
   </trkpt>
   <trkpt lat="22.7371680" lon="120.3376480">
    <ele>26.3</ele>
    <time>2026-09-15T11:35:11Z</time>
   </trkpt>
   <trkpt lat="22.7371700" lon="120.3376550">
    <ele>26.3</ele>
    <time>2026-09-15T11:35:12Z</time>
   </trkpt>
   <trkpt lat="22.7371740" lon="120.3376580">
    <ele>26.4</ele>
    <time>2026-09-15T11:35:13Z</time>
   </trkpt>
   <trkpt lat="22.7371750" lon="120.3376640">
    <ele>26.4</ele>
    <time>2026-09-15T11:35:14Z</time>
   </trkpt>
   <trkpt lat="22.7371760" lon="120.3376650">
    <ele>26.5</ele>
    <time>2026-09-15T11:35:15Z</time>
   </trkpt>
   <trkpt lat="22.7370850" lon="120.3377780">
    <ele>27.8</ele>
    <time>2026-09-15T11:35:42Z</time>
   </trkpt>
   <trkpt lat="22.7370870" lon="120.3377910">
    <ele>27.9</ele>
    <time>2026-09-15T11:35:43Z</time>
   </trkpt>
   <trkpt lat="22.7370910" lon="120.3377960">
    <ele>28.0</ele>
    <time>2026-09-15T11:35:44Z</time>
   </trkpt>
   <trkpt lat="22.7371150" lon="120.3378250">
    <ele>28.3</ele>
    <time>2026-09-15T11:35:45Z</time>
   </trkpt>
   <trkpt lat="22.7371270" lon="120.3378160">
    <ele>28.4</ele>
    <time>2026-09-15T11:35:46Z</time>
   </trkpt>
   <trkpt lat="22.7371300" lon="120.3378340">
    <ele>28.6</ele>
    <time>2026-09-15T11:35:47Z</time>
   </trkpt>
   <trkpt lat="22.7371250" lon="120.3378330">
    <ele>28.7</ele>
    <time>2026-09-15T11:35:48Z</time>
   </trkpt>
   <trkpt lat="22.7371360" lon="120.3378190">
    <ele>28.7</ele>
    <time>2026-09-15T11:35:49Z</time>
   </trkpt>
   <trkpt lat="22.7371400" lon="120.3378010">
    <ele>28.7</ele>
    <time>2026-09-15T11:35:50Z</time>
   </trkpt>
   <trkpt lat="22.7371420" lon="120.3377900">
    <ele>28.7</ele>
    <time>2026-09-15T11:35:51Z</time>
   </trkpt>
   <trkpt lat="22.7371440" lon="120.3377760">
    <ele>28.6</ele>
    <time>2026-09-15T11:35:52Z</time>
   </trkpt>
   <trkpt lat="22.7371470" lon="120.3377640">
    <ele>28.6</ele>
    <time>2026-09-15T11:35:53Z</time>
   </trkpt>
   <trkpt lat="22.7371500" lon="120.3377590">
    <ele>28.6</ele>
    <time>2026-09-15T11:35:54Z</time>
   </trkpt>
   <trkpt lat="22.7371620" lon="120.3377470">
    <ele>28.6</ele>
    <time>2026-09-15T11:35:55Z</time>
   </trkpt>
   <trkpt lat="22.7371690" lon="120.3377400">
    <ele>28.6</ele>
    <time>2026-09-15T11:35:56Z</time>
   </trkpt>
   <trkpt lat="22.7370590" lon="120.3375600">
    <ele>26.0</ele>
    <time>2026-09-15T11:36:26Z</time>
   </trkpt>
   <trkpt lat="22.7370530" lon="120.3375340">
    <ele>25.6</ele>
    <time>2026-09-15T11:36:27Z</time>
   </trkpt>
   <trkpt lat="22.7370520" lon="120.3375180">
    <ele>25.3</ele>
    <time>2026-09-15T11:36:28Z</time>
   </trkpt>
   <trkpt lat="22.7370540" lon="120.3375020">
    <ele>25.1</ele>
    <time>2026-09-15T11:36:29Z</time>
   </trkpt>
   <trkpt lat="22.7370580" lon="120.3374880">
    <ele>24.9</ele>
    <time>2026-09-15T11:36:30Z</time>
   </trkpt>
   <trkpt lat="22.7370600" lon="120.3374740">
    <ele>24.7</ele>
    <time>2026-09-15T11:36:31Z</time>
   </trkpt>
   <trkpt lat="22.7370620" lon="120.3374620">
    <ele>24.5</ele>
    <time>2026-09-15T11:36:32Z</time>
   </trkpt>
   <trkpt lat="22.7370650" lon="120.3374510">
    <ele>24.3</ele>
    <time>2026-09-15T11:36:33Z</time>
   </trkpt>
   <trkpt lat="22.7370600" lon="120.3374350">
    <ele>24.0</ele>
    <time>2026-09-15T11:36:34Z</time>
   </trkpt>
   <trkpt lat="22.7370570" lon="120.3374250">
    <ele>23.9</ele>
    <time>2026-09-15T11:36:35Z</time>
   </trkpt>
   <trkpt lat="22.7370570" lon="120.3374150">
    <ele>23.7</ele>
    <time>2026-09-15T11:36:36Z</time>
   </trkpt>
   <trkpt lat="22.7370580" lon="120.3374120">
    <ele>23.7</ele>
    <time>2026-09-15T11:36:37Z</time>
   </trkpt>
   <trkpt lat="22.7370550" lon="120.3374050">
    <ele>23.6</ele>
    <time>2026-09-15T11:36:38Z</time>
   </trkpt>
   <trkpt lat="22.7370680" lon="120.3374020">
    <ele>23.4</ele>
    <time>2026-09-15T11:36:39Z</time>
   </trkpt>
   <trkpt lat="22.7370750" lon="120.3373920">
    <ele>23.2</ele>
    <time>2026-09-15T11:36:40Z</time>
   </trkpt>
   <trkpt lat="22.7370790" lon="120.3373900">
    <ele>23.1</ele>
    <time>2026-09-15T11:36:41Z</time>
   </trkpt>
   <trkpt lat="22.7370870" lon="120.3373780">
    <ele>22.9</ele>
    <time>2026-09-15T11:36:42Z</time>
   </trkpt>
   <trkpt lat="22.7370840" lon="120.3373750">
    <ele>22.8</ele>
    <time>2026-09-15T11:36:43Z</time>
   </trkpt>
   <trkpt lat="22.7370880" lon="120.3373700">
    <ele>22.7</ele>
    <time>2026-09-15T11:36:44Z</time>
   </trkpt>
   <trkpt lat="22.7370900" lon="120.3373520">
    <ele>22.5</ele>
    <time>2026-09-15T11:36:45Z</time>
   </trkpt>
   <trkpt lat="22.7370960" lon="120.3373520">
    <ele>22.4</ele>
    <time>2026-09-15T11:36:46Z</time>
   </trkpt>
   <trkpt lat="22.7370910" lon="120.3373520">
    <ele>22.3</ele>
    <time>2026-09-15T11:36:47Z</time>
   </trkpt>
   <trkpt lat="22.7370910" lon="120.3373400">
    <ele>22.1</ele>
    <time>2026-09-15T11:36:48Z</time>
   </trkpt>
   <trkpt lat="22.7370990" lon="120.3373160">
    <ele>21.7</ele>
    <time>2026-09-15T11:36:49Z</time>
   </trkpt>
   <trkpt lat="22.7371100" lon="120.3373010">
    <ele>21.4</ele>
    <time>2026-09-15T11:36:50Z</time>
   </trkpt>
   <trkpt lat="22.7371140" lon="120.3372860">
    <ele>21.2</ele>
    <time>2026-09-15T11:36:51Z</time>
   </trkpt>
   <trkpt lat="22.7371240" lon="120.3372680">
    <ele>20.9</ele>
    <time>2026-09-15T11:36:52Z</time>
   </trkpt>
   <trkpt lat="22.7371320" lon="120.3372550">
    <ele>20.6</ele>
    <time>2026-09-15T11:36:53Z</time>
   </trkpt>
   <trkpt lat="22.7371380" lon="120.3372530">
    <ele>20.5</ele>
    <time>2026-09-15T11:36:54Z</time>
   </trkpt>
   <trkpt lat="22.7371500" lon="120.3372460">
    <ele>20.3</ele>
    <time>2026-09-15T11:36:55Z</time>
   </trkpt>
   <trkpt lat="22.7371650" lon="120.3372350">
    <ele>20.4</ele>
    <time>2026-09-15T11:36:56Z</time>
   </trkpt>
   <trkpt lat="22.7371720" lon="120.3372290">
    <ele>20.4</ele>
    <time>2026-09-15T11:36:57Z</time>
   </trkpt>
   <trkpt lat="22.7371900" lon="120.3372250">
    <ele>20.4</ele>
    <time>2026-09-15T11:36:58Z</time>
   </trkpt>
   <trkpt lat="22.7372020" lon="120.3372350">
    <ele>20.4</ele>
    <time>2026-09-15T11:36:59Z</time>
   </trkpt>
   <trkpt lat="22.7372150" lon="120.3372440">
    <ele>20.4</ele>
    <time>2026-09-15T11:37:00Z</time>
   </trkpt>
   <trkpt lat="22.7372230" lon="120.3372490">
    <ele>20.4</ele>
    <time>2026-09-15T11:37:01Z</time>
   </trkpt>
   <trkpt lat="22.7372320" lon="120.3372500">
    <ele>20.4</ele>
    <time>2026-09-15T11:37:02Z</time>
   </trkpt>
   <trkpt lat="22.7372420" lon="120.3372540">
    <ele>20.4</ele>
    <time>2026-09-15T11:37:03Z</time>
   </trkpt>
   <trkpt lat="22.7372550" lon="120.3372540">
    <ele>20.4</ele>
    <time>2026-09-15T11:37:04Z</time>
   </trkpt>
   <trkpt lat="22.7372650" lon="120.3372530">
    <ele>20.4</ele>
    <time>2026-09-15T11:37:05Z</time>
   </trkpt>
   <trkpt lat="22.7372730" lon="120.3372560">
    <ele>20.4</ele>
    <time>2026-09-15T11:37:06Z</time>
   </trkpt>
   <trkpt lat="22.7372820" lon="120.3372580">
    <ele>20.4</ele>
    <time>2026-09-15T11:37:07Z</time>
   </trkpt>
   <trkpt lat="22.7372900" lon="120.3372610">
    <ele>20.4</ele>
    <time>2026-09-15T11:37:08Z</time>
   </trkpt>
   <trkpt lat="22.7373010" lon="120.3372690">
    <ele>20.4</ele>
    <time>2026-09-15T11:37:09Z</time>
   </trkpt>
   <trkpt lat="22.7373120" lon="120.3372720">
    <ele>20.4</ele>
    <time>2026-09-15T11:37:10Z</time>
   </trkpt>
   <trkpt lat="22.7373220" lon="120.3372700">
    <ele>20.4</ele>
    <time>2026-09-15T11:37:11Z</time>
   </trkpt>
   <trkpt lat="22.7373330" lon="120.3372690">
    <ele>20.4</ele>
    <time>2026-09-15T11:37:12Z</time>
   </trkpt>
   <trkpt lat="22.7373400" lon="120.3372690">
    <ele>20.4</ele>
    <time>2026-09-15T11:37:13Z</time>
   </trkpt>
   <trkpt lat="22.7373510" lon="120.3372670">
    <ele>20.4</ele>
    <time>2026-09-15T11:37:14Z</time>
   </trkpt>
   <trkpt lat="22.7373580" lon="120.3372670">
    <ele>20.4</ele>
    <time>2026-09-15T11:37:15Z</time>
   </trkpt>
   <trkpt lat="22.7373670" lon="120.3372660">
    <ele>20.4</ele>
    <time>2026-09-15T11:37:16Z</time>
   </trkpt>
   <trkpt lat="22.7373780" lon="120.3372660">
    <ele>20.4</ele>
    <time>2026-09-15T11:37:17Z</time>
   </trkpt>
   <trkpt lat="22.7373890" lon="120.3372620">
    <ele>20.4</ele>
    <time>2026-09-15T11:37:18Z</time>
   </trkpt>
   <trkpt lat="22.7374000" lon="120.3372610">
    <ele>20.4</ele>
    <time>2026-09-15T11:37:19Z</time>
   </trkpt>
   <trkpt lat="22.7374080" lon="120.3372630">
    <ele>20.4</ele>
    <time>2026-09-15T11:37:20Z</time>
   </trkpt>
   <trkpt lat="22.7374170" lon="120.3372640">
    <ele>20.4</ele>
    <time>2026-09-15T11:37:21Z</time>
   </trkpt>
   <trkpt lat="22.7374260" lon="120.3372610">
    <ele>20.4</ele>
    <time>2026-09-15T11:37:22Z</time>
   </trkpt>
   <trkpt lat="22.7374410" lon="120.3372600">
    <ele>20.4</ele>
    <time>2026-09-15T11:37:23Z</time>
   </trkpt>
   <trkpt lat="22.7374510" lon="120.3372600">
    <ele>20.4</ele>
    <time>2026-09-15T11:37:24Z</time>
   </trkpt>
   <trkpt lat="22.7374590" lon="120.3372640">
    <ele>20.3</ele>
    <time>2026-09-15T11:37:25Z</time>
   </trkpt>
   <trkpt lat="22.7374660" lon="120.3372670">
    <ele>20.3</ele>
    <time>2026-09-15T11:37:26Z</time>
   </trkpt>
   <trkpt lat="22.7374750" lon="120.3372690">
    <ele>20.3</ele>
    <time>2026-09-15T11:37:27Z</time>
   </trkpt>
   <trkpt lat="22.7374850" lon="120.3372710">
    <ele>20.3</ele>
    <time>2026-09-15T11:37:28Z</time>
   </trkpt>
   <trkpt lat="22.7374950" lon="120.3372740">
    <ele>20.3</ele>
    <time>2026-09-15T11:37:29Z</time>
   </trkpt>
   <trkpt lat="22.7375020" lon="120.3372800">
    <ele>20.3</ele>
    <time>2026-09-15T11:37:30Z</time>
   </trkpt>
   <trkpt lat="22.7375120" lon="120.3372850">
    <ele>20.3</ele>
    <time>2026-09-15T11:37:31Z</time>
   </trkpt>
   <trkpt lat="22.7375210" lon="120.3372890">
    <ele>20.3</ele>
    <time>2026-09-15T11:37:32Z</time>
   </trkpt>
   <trkpt lat="22.7375310" lon="120.3372900">
    <ele>20.3</ele>
    <time>2026-09-15T11:37:33Z</time>
   </trkpt>
   <trkpt lat="22.7375410" lon="120.3372910">
    <ele>20.3</ele>
    <time>2026-09-15T11:37:34Z</time>
   </trkpt>
   <trkpt lat="22.7375530" lon="120.3372900">
    <ele>20.3</ele>
    <time>2026-09-15T11:37:35Z</time>
   </trkpt>
   <trkpt lat="22.7375620" lon="120.3372930">
    <ele>20.3</ele>
    <time>2026-09-15T11:37:36Z</time>
   </trkpt>
   <trkpt lat="22.7375730" lon="120.3372970">
    <ele>20.3</ele>
    <time>2026-09-15T11:37:37Z</time>
   </trkpt>
   <trkpt lat="22.7375840" lon="120.3373000">
    <ele>20.3</ele>
    <time>2026-09-15T11:37:38Z</time>
   </trkpt>
   <trkpt lat="22.7375930" lon="120.3373070">
    <ele>20.3</ele>
    <time>2026-09-15T11:37:39Z</time>
   </trkpt>
   <trkpt lat="22.7376020" lon="120.3373130">
    <ele>20.3</ele>
    <time>2026-09-15T11:37:40Z</time>
   </trkpt>
   <trkpt lat="22.7376120" lon="120.3373180">
    <ele>20.3</ele>
    <time>2026-09-15T11:37:41Z</time>
   </trkpt>
   <trkpt lat="22.7376220" lon="120.3373220">
    <ele>20.3</ele>
    <time>2026-09-15T11:37:42Z</time>
   </trkpt>
   <trkpt lat="22.7376320" lon="120.3373230">
    <ele>20.3</ele>
    <time>2026-09-15T11:37:43Z</time>
   </trkpt>
   <trkpt lat="22.7376410" lon="120.3373290">
    <ele>20.3</ele>
    <time>2026-09-15T11:37:44Z</time>
   </trkpt>
   <trkpt lat="22.7376470" lon="120.3373340">
    <ele>20.3</ele>
    <time>2026-09-15T11:37:45Z</time>
   </trkpt>
   <trkpt lat="22.7376560" lon="120.3373390">
    <ele>20.3</ele>
    <time>2026-09-15T11:37:46Z</time>
   </trkpt>
   <trkpt lat="22.7376640" lon="120.3373430">
    <ele>20.3</ele>
    <time>2026-09-15T11:37:47Z</time>
   </trkpt>
   <trkpt lat="22.7376750" lon="120.3373490">
    <ele>20.3</ele>
    <time>2026-09-15T11:37:48Z</time>
   </trkpt>
   <trkpt lat="22.7376850" lon="120.3373520">
    <ele>20.2</ele>
    <time>2026-09-15T11:37:49Z</time>
   </trkpt>
   <trkpt lat="22.7376950" lon="120.3373540">
    <ele>20.2</ele>
    <time>2026-09-15T11:37:50Z</time>
   </trkpt>
   <trkpt lat="22.7377040" lon="120.3373540">
    <ele>20.2</ele>
    <time>2026-09-15T11:37:51Z</time>
   </trkpt>
   <trkpt lat="22.7377140" lon="120.3373560">
    <ele>20.2</ele>
    <time>2026-09-15T11:37:52Z</time>
   </trkpt>
   <trkpt lat="22.7377260" lon="120.3373590">
    <ele>20.2</ele>
    <time>2026-09-15T11:37:53Z</time>
   </trkpt>
   <trkpt lat="22.7377320" lon="120.3373600">
    <ele>20.2</ele>
    <time>2026-09-15T11:37:54Z</time>
   </trkpt>
   <trkpt lat="22.7377420" lon="120.3373640">
    <ele>20.2</ele>
    <time>2026-09-15T11:37:55Z</time>
   </trkpt>
   <trkpt lat="22.7377530" lon="120.3373660">
    <ele>20.2</ele>
    <time>2026-09-15T11:37:56Z</time>
   </trkpt>
   <trkpt lat="22.7377610" lon="120.3373700">
    <ele>20.2</ele>
    <time>2026-09-15T11:37:57Z</time>
   </trkpt>
   <trkpt lat="22.7377630" lon="120.3373810">
    <ele>20.2</ele>
    <time>2026-09-15T11:37:58Z</time>
   </trkpt>
   <trkpt lat="22.7377720" lon="120.3373890">
    <ele>20.2</ele>
    <time>2026-09-15T11:37:59Z</time>
   </trkpt>
   <trkpt lat="22.7377810" lon="120.3373960">
    <ele>20.2</ele>
    <time>2026-09-15T11:38:00Z</time>
   </trkpt>
   <trkpt lat="22.7377920" lon="120.3373980">
    <ele>20.2</ele>
    <time>2026-09-15T11:38:01Z</time>
   </trkpt>
   <trkpt lat="22.7377970" lon="120.3373990">
    <ele>20.2</ele>
    <time>2026-09-15T11:38:02Z</time>
   </trkpt>
   <trkpt lat="22.7378000" lon="120.3374000">
    <ele>20.2</ele>
    <time>2026-09-15T11:38:03Z</time>
   </trkpt>
   <trkpt lat="22.7378200" lon="120.3374000">
    <ele>20.1</ele>
    <time>2026-09-15T11:38:04Z</time>
   </trkpt>
   <trkpt lat="22.7378280" lon="120.3374020">
    <ele>20.1</ele>
    <time>2026-09-15T11:38:05Z</time>
   </trkpt>
   <trkpt lat="22.7378370" lon="120.3374080">
    <ele>20.1</ele>
    <time>2026-09-15T11:38:06Z</time>
   </trkpt>
   <trkpt lat="22.7378460" lon="120.3374130">
    <ele>20.1</ele>
    <time>2026-09-15T11:38:07Z</time>
   </trkpt>
   <trkpt lat="22.7378530" lon="120.3374190">
    <ele>20.1</ele>
    <time>2026-09-15T11:38:08Z</time>
   </trkpt>
   <trkpt lat="22.7378620" lon="120.3374280">
    <ele>20.1</ele>
    <time>2026-09-15T11:38:09Z</time>
   </trkpt>
   <trkpt lat="22.7378730" lon="120.3374400">
    <ele>20.1</ele>
    <time>2026-09-15T11:38:10Z</time>
   </trkpt>
   <trkpt lat="22.7378770" lon="120.3374480">
    <ele>20.1</ele>
    <time>2026-09-15T11:38:11Z</time>
   </trkpt>
   <trkpt lat="22.7378840" lon="120.3374560">
    <ele>20.1</ele>
    <time>2026-09-15T11:38:12Z</time>
   </trkpt>
   <trkpt lat="22.7378890" lon="120.3374620">
    <ele>20.1</ele>
    <time>2026-09-15T11:38:13Z</time>
   </trkpt>
   <trkpt lat="22.7379020" lon="120.3374660">
    <ele>20.1</ele>
    <time>2026-09-15T11:38:14Z</time>
   </trkpt>
   <trkpt lat="22.7379100" lon="120.3374660">
    <ele>20.1</ele>
    <time>2026-09-15T11:38:15Z</time>
   </trkpt>
   <trkpt lat="22.7379210" lon="120.3374740">
    <ele>20.1</ele>
    <time>2026-09-15T11:38:16Z</time>
   </trkpt>
   <trkpt lat="22.7379300" lon="120.3374830">
    <ele>20.1</ele>
    <time>2026-09-15T11:38:17Z</time>
   </trkpt>
   <trkpt lat="22.7379440" lon="120.3374940">
    <ele>20.1</ele>
    <time>2026-09-15T11:38:18Z</time>
   </trkpt>
   <trkpt lat="22.7379540" lon="120.3375000">
    <ele>20.1</ele>
    <time>2026-09-15T11:38:19Z</time>
   </trkpt>
   <trkpt lat="22.7379620" lon="120.3374990">
    <ele>20.1</ele>
    <time>2026-09-15T11:38:20Z</time>
   </trkpt>
   <trkpt lat="22.7379730" lon="120.3375020">
    <ele>20.1</ele>
    <time>2026-09-15T11:38:21Z</time>
   </trkpt>
   <trkpt lat="22.7379860" lon="120.3375000">
    <ele>20.1</ele>
    <time>2026-09-15T11:38:22Z</time>
   </trkpt>
   <trkpt lat="22.7379940" lon="120.3374980">
    <ele>20.1</ele>
    <time>2026-09-15T11:38:23Z</time>
   </trkpt>
   <trkpt lat="22.7380040" lon="120.3374970">
    <ele>20.1</ele>
    <time>2026-09-15T11:38:24Z</time>
   </trkpt>
   <trkpt lat="22.7380130" lon="120.3374980">
    <ele>20.1</ele>
    <time>2026-09-15T11:38:25Z</time>
   </trkpt>
   <trkpt lat="22.7380240" lon="120.3374990">
    <ele>20.1</ele>
    <time>2026-09-15T11:38:26Z</time>
   </trkpt>
   <trkpt lat="22.7380340" lon="120.3375040">
    <ele>20.1</ele>
    <time>2026-09-15T11:38:27Z</time>
   </trkpt>
   <trkpt lat="22.7380420" lon="120.3375060">
    <ele>20.1</ele>
    <time>2026-09-15T11:38:28Z</time>
   </trkpt>
   <trkpt lat="22.7380500" lon="120.3375110">
    <ele>20.1</ele>
    <time>2026-09-15T11:38:29Z</time>
   </trkpt>
   <trkpt lat="22.7380570" lon="120.3375160">
    <ele>20.1</ele>
    <time>2026-09-15T11:38:30Z</time>
   </trkpt>
   <trkpt lat="22.7380640" lon="120.3375220">
    <ele>20.1</ele>
    <time>2026-09-15T11:38:31Z</time>
   </trkpt>
   <trkpt lat="22.7380710" lon="120.3375260">
    <ele>20.1</ele>
    <time>2026-09-15T11:38:32Z</time>
   </trkpt>
   <trkpt lat="22.7380820" lon="120.3375320">
    <ele>20.1</ele>
    <time>2026-09-15T11:38:33Z</time>
   </trkpt>
   <trkpt lat="22.7380900" lon="120.3375360">
    <ele>20.1</ele>
    <time>2026-09-15T11:38:34Z</time>
   </trkpt>
   <trkpt lat="22.7381000" lon="120.3375380">
    <ele>20.1</ele>
    <time>2026-09-15T11:38:35Z</time>
   </trkpt>
   <trkpt lat="22.7381100" lon="120.3375410">
    <ele>20.1</ele>
    <time>2026-09-15T11:38:36Z</time>
   </trkpt>
   <trkpt lat="22.7381210" lon="120.3375430">
    <ele>20.1</ele>
    <time>2026-09-15T11:38:37Z</time>
   </trkpt>
   <trkpt lat="22.7381320" lon="120.3375480">
    <ele>20.1</ele>
    <time>2026-09-15T11:38:38Z</time>
   </trkpt>
   <trkpt lat="22.7381400" lon="120.3375520">
    <ele>20.1</ele>
    <time>2026-09-15T11:38:39Z</time>
   </trkpt>
   <trkpt lat="22.7381490" lon="120.3375540">
    <ele>20.1</ele>
    <time>2026-09-15T11:38:40Z</time>
   </trkpt>
   <trkpt lat="22.7381590" lon="120.3375570">
    <ele>20.1</ele>
    <time>2026-09-15T11:38:41Z</time>
   </trkpt>
   <trkpt lat="22.7381710" lon="120.3375580">
    <ele>20.1</ele>
    <time>2026-09-15T11:38:42Z</time>
   </trkpt>
   <trkpt lat="22.7381810" lon="120.3375590">
    <ele>20.1</ele>
    <time>2026-09-15T11:38:43Z</time>
   </trkpt>
   <trkpt lat="22.7381920" lon="120.3375650">
    <ele>20.1</ele>
    <time>2026-09-15T11:38:44Z</time>
   </trkpt>
   <trkpt lat="22.7382010" lon="120.3375690">
    <ele>20.1</ele>
    <time>2026-09-15T11:38:45Z</time>
   </trkpt>
   <trkpt lat="22.7382120" lon="120.3375730">
    <ele>20.1</ele>
    <time>2026-09-15T11:38:46Z</time>
   </trkpt>
   <trkpt lat="22.7382210" lon="120.3375750">
    <ele>20.1</ele>
    <time>2026-09-15T11:38:47Z</time>
   </trkpt>
   <trkpt lat="22.7382320" lon="120.3375780">
    <ele>20.1</ele>
    <time>2026-09-15T11:38:48Z</time>
   </trkpt>
   <trkpt lat="22.7382430" lon="120.3375780">
    <ele>20.1</ele>
    <time>2026-09-15T11:38:49Z</time>
   </trkpt>
   <trkpt lat="22.7382520" lon="120.3375770">
    <ele>20.1</ele>
    <time>2026-09-15T11:38:50Z</time>
   </trkpt>
   <trkpt lat="22.7382640" lon="120.3375830">
    <ele>20.0</ele>
    <time>2026-09-15T11:38:51Z</time>
   </trkpt>
   <trkpt lat="22.7382750" lon="120.3375860">
    <ele>20.0</ele>
    <time>2026-09-15T11:38:52Z</time>
   </trkpt>
   <trkpt lat="22.7382860" lon="120.3375890">
    <ele>20.0</ele>
    <time>2026-09-15T11:38:53Z</time>
   </trkpt>
   <trkpt lat="22.7382960" lon="120.3375920">
    <ele>20.0</ele>
    <time>2026-09-15T11:38:54Z</time>
   </trkpt>
   <trkpt lat="22.7383080" lon="120.3375970">
    <ele>20.0</ele>
    <time>2026-09-15T11:38:55Z</time>
   </trkpt>
   <trkpt lat="22.7383160" lon="120.3375990">
    <ele>20.0</ele>
    <time>2026-09-15T11:38:56Z</time>
   </trkpt>
   <trkpt lat="22.7383270" lon="120.3376050">
    <ele>20.0</ele>
    <time>2026-09-15T11:38:57Z</time>
   </trkpt>
   <trkpt lat="22.7383350" lon="120.3376100">
    <ele>20.0</ele>
    <time>2026-09-15T11:38:58Z</time>
   </trkpt>
   <trkpt lat="22.7383560" lon="120.3376110">
    <ele>19.9</ele>
    <time>2026-09-15T11:38:59Z</time>
   </trkpt>
   <trkpt lat="22.7383560" lon="120.3376110">
    <ele>19.9</ele>
    <time>2026-09-15T11:39:00Z</time>
   </trkpt>
   <trkpt lat="22.7383560" lon="120.3376110">
    <ele>19.9</ele>
    <time>2026-09-15T11:39:01Z</time>
   </trkpt>
   <trkpt lat="22.7383740" lon="120.3376160">
    <ele>19.9</ele>
    <time>2026-09-15T11:39:02Z</time>
   </trkpt>
   <trkpt lat="22.7383740" lon="120.3376160">
    <ele>19.9</ele>
    <time>2026-09-15T11:39:03Z</time>
   </trkpt>
   <trkpt lat="22.7383740" lon="120.3376160">
    <ele>19.9</ele>
    <time>2026-09-15T11:39:04Z</time>
   </trkpt>
   <trkpt lat="22.7383910" lon="120.3376200">
    <ele>19.9</ele>
    <time>2026-09-15T11:39:05Z</time>
   </trkpt>
   <trkpt lat="22.7383910" lon="120.3376200">
    <ele>19.9</ele>
    <time>2026-09-15T11:39:06Z</time>
   </trkpt>
   <trkpt lat="22.7383910" lon="120.3376200">
    <ele>19.9</ele>
    <time>2026-09-15T11:39:07Z</time>
   </trkpt>
   <trkpt lat="22.7383910" lon="120.3376200">
    <ele>19.9</ele>
    <time>2026-09-15T11:39:08Z</time>
   </trkpt>
   <trkpt lat="22.7384080" lon="120.3376250">
    <ele>19.9</ele>
    <time>2026-09-15T11:39:09Z</time>
   </trkpt>
   <trkpt lat="22.7384080" lon="120.3376250">
    <ele>19.9</ele>
    <time>2026-09-15T11:39:10Z</time>
   </trkpt>
   <trkpt lat="22.7384080" lon="120.3376250">
    <ele>19.9</ele>
    <time>2026-09-15T11:39:11Z</time>
   </trkpt>
   <trkpt lat="22.7384230" lon="120.3376290">
    <ele>19.9</ele>
    <time>2026-09-15T11:39:12Z</time>
   </trkpt>
   <trkpt lat="22.7384230" lon="120.3376290">
    <ele>19.9</ele>
    <time>2026-09-15T11:39:13Z</time>
   </trkpt>
   <trkpt lat="22.7384230" lon="120.3376290">
    <ele>19.9</ele>
    <time>2026-09-15T11:39:14Z</time>
   </trkpt>
   <trkpt lat="22.7384230" lon="120.3376290">
    <ele>19.9</ele>
    <time>2026-09-15T11:39:15Z</time>
   </trkpt>
   <trkpt lat="22.7384230" lon="120.3376290">
    <ele>19.9</ele>
    <time>2026-09-15T11:39:16Z</time>
   </trkpt>
   <trkpt lat="22.7384390" lon="120.3376330">
    <ele>19.9</ele>
    <time>2026-09-15T11:39:17Z</time>
   </trkpt>
   <trkpt lat="22.7384400" lon="120.3376330">
    <ele>19.9</ele>
    <time>2026-09-15T11:39:18Z</time>
   </trkpt>
   <trkpt lat="22.7384420" lon="120.3376340">
    <ele>19.9</ele>
    <time>2026-09-15T11:39:19Z</time>
   </trkpt>
   <trkpt lat="22.7384430" lon="120.3376340">
    <ele>19.9</ele>
    <time>2026-09-15T11:39:20Z</time>
   </trkpt>
   <trkpt lat="22.7384440" lon="120.3376350">
    <ele>19.9</ele>
    <time>2026-09-15T11:39:21Z</time>
   </trkpt>
   <trkpt lat="22.7384460" lon="120.3376350">
    <ele>19.9</ele>
    <time>2026-09-15T11:39:22Z</time>
   </trkpt>
   <trkpt lat="22.7384470" lon="120.3376350">
    <ele>19.9</ele>
    <time>2026-09-15T11:39:23Z</time>
   </trkpt>
   <trkpt lat="22.7384480" lon="120.3376360">
    <ele>19.9</ele>
    <time>2026-09-15T11:39:24Z</time>
   </trkpt>
   <trkpt lat="22.7384500" lon="120.3376360">
    <ele>19.9</ele>
    <time>2026-09-15T11:39:25Z</time>
   </trkpt>
   <trkpt lat="22.7384920" lon="120.3376470">
    <ele>19.8</ele>
    <time>2026-09-15T11:39:56Z</time>
   </trkpt>
   <trkpt lat="22.7384930" lon="120.3376480">
    <ele>19.8</ele>
    <time>2026-09-15T11:39:57Z</time>
   </trkpt>
   <trkpt lat="22.7384940" lon="120.3376480">
    <ele>19.8</ele>
    <time>2026-09-15T11:39:58Z</time>
   </trkpt>
   <trkpt lat="22.7384960" lon="120.3376480">
    <ele>19.8</ele>
    <time>2026-09-15T11:39:59Z</time>
   </trkpt>
   <trkpt lat="22.7384970" lon="120.3376490">
    <ele>19.8</ele>
    <time>2026-09-15T11:40:00Z</time>
   </trkpt>
   <trkpt lat="22.7384980" lon="120.3376490">
    <ele>19.8</ele>
    <time>2026-09-15T11:40:01Z</time>
   </trkpt>
   <trkpt lat="22.7385000" lon="120.3376490">
    <ele>19.8</ele>
    <time>2026-09-15T11:40:02Z</time>
   </trkpt>
   <trkpt lat="22.7385010" lon="120.3376500">
    <ele>19.8</ele>
    <time>2026-09-15T11:40:03Z</time>
   </trkpt>
   <trkpt lat="22.7385020" lon="120.3376500">
    <ele>19.8</ele>
    <time>2026-09-15T11:40:04Z</time>
   </trkpt>
   <trkpt lat="22.7385040" lon="120.3376510">
    <ele>19.8</ele>
    <time>2026-09-15T11:40:05Z</time>
   </trkpt>
   <trkpt lat="22.7385060" lon="120.3376510">
    <ele>19.8</ele>
    <time>2026-09-15T11:40:06Z</time>
   </trkpt>
   <trkpt lat="22.7385090" lon="120.3376520">
    <ele>19.8</ele>
    <time>2026-09-15T11:40:07Z</time>
   </trkpt>
   <trkpt lat="22.7385110" lon="120.3376520">
    <ele>19.8</ele>
    <time>2026-09-15T11:40:08Z</time>
   </trkpt>
   <trkpt lat="22.7385130" lon="120.3376530">
    <ele>19.8</ele>
    <time>2026-09-15T11:40:09Z</time>
   </trkpt>
   <trkpt lat="22.7385150" lon="120.3376530">
    <ele>19.8</ele>
    <time>2026-09-15T11:40:10Z</time>
   </trkpt>
   <trkpt lat="22.7385170" lon="120.3376540">
    <ele>19.8</ele>
    <time>2026-09-15T11:40:11Z</time>
   </trkpt>
   <trkpt lat="22.7385190" lon="120.3376540">
    <ele>19.8</ele>
    <time>2026-09-15T11:40:12Z</time>
   </trkpt>
   <trkpt lat="22.7385210" lon="120.3376550">
    <ele>19.8</ele>
    <time>2026-09-15T11:40:13Z</time>
   </trkpt>
   <trkpt lat="22.7385600" lon="120.3376650">
    <ele>19.8</ele>
    <time>2026-09-15T11:40:32Z</time>
   </trkpt>
   <trkpt lat="22.7385620" lon="120.3376660">
    <ele>19.8</ele>
    <time>2026-09-15T11:40:33Z</time>
   </trkpt>
   <trkpt lat="22.7385620" lon="120.3377230">
    <ele>19.8</ele>
    <time>2026-09-15T11:40:34Z</time>
   </trkpt>
   <trkpt lat="22.7385440" lon="120.3377790">
    <ele>19.8</ele>
    <time>2026-09-15T11:40:35Z</time>
   </trkpt>
   <trkpt lat="22.7385130" lon="120.3378380">
    <ele>19.8</ele>
    <time>2026-09-15T11:40:36Z</time>
   </trkpt>
   <trkpt lat="22.7385000" lon="120.3379120">
    <ele>19.8</ele>
    <time>2026-09-15T11:40:37Z</time>
   </trkpt>
   <trkpt lat="22.7384850" lon="120.3379840">
    <ele>19.8</ele>
    <time>2026-09-15T11:40:38Z</time>
   </trkpt>
   <trkpt lat="22.7384690" lon="120.3380660">
    <ele>19.9</ele>
    <time>2026-09-15T11:40:39Z</time>
   </trkpt>
   <trkpt lat="22.7384470" lon="120.3381520">
    <ele>19.9</ele>
    <time>2026-09-15T11:40:40Z</time>
   </trkpt>
   <trkpt lat="22.7384300" lon="120.3382410">
    <ele>20.0</ele>
    <time>2026-09-15T11:40:41Z</time>
   </trkpt>
   <trkpt lat="22.7384120" lon="120.3383360">
    <ele>20.0</ele>
    <time>2026-09-15T11:40:42Z</time>
   </trkpt>
   <trkpt lat="22.7383950" lon="120.3384280">
    <ele>20.1</ele>
    <time>2026-09-15T11:40:43Z</time>
   </trkpt>
   <trkpt lat="22.7383780" lon="120.3385190">
    <ele>20.0</ele>
    <time>2026-09-15T11:40:44Z</time>
   </trkpt>
   <trkpt lat="22.7383600" lon="120.3386070">
    <ele>20.0</ele>
    <time>2026-09-15T11:40:45Z</time>
   </trkpt>
   <trkpt lat="22.7383420" lon="120.3386910">
    <ele>20.0</ele>
    <time>2026-09-15T11:40:46Z</time>
   </trkpt>
   <trkpt lat="22.7383260" lon="120.3387800">
    <ele>20.0</ele>
    <time>2026-09-15T11:40:47Z</time>
   </trkpt>
   <trkpt lat="22.7383110" lon="120.3388580">
    <ele>20.0</ele>
    <time>2026-09-15T11:40:48Z</time>
   </trkpt>
   <trkpt lat="22.7382990" lon="120.3389320">
    <ele>20.0</ele>
    <time>2026-09-15T11:40:49Z</time>
   </trkpt>
   <trkpt lat="22.7382860" lon="120.3389900">
    <ele>20.0</ele>
    <time>2026-09-15T11:40:50Z</time>
   </trkpt>
   <trkpt lat="22.7382710" lon="120.3390550">
    <ele>20.0</ele>
    <time>2026-09-15T11:40:51Z</time>
   </trkpt>
   <trkpt lat="22.7382590" lon="120.3391220">
    <ele>20.0</ele>
    <time>2026-09-15T11:40:52Z</time>
   </trkpt>
   <trkpt lat="22.7382460" lon="120.3391890">
    <ele>20.0</ele>
    <time>2026-09-15T11:40:53Z</time>
   </trkpt>
   <trkpt lat="22.7382370" lon="120.3392540">
    <ele>20.0</ele>
    <time>2026-09-15T11:40:54Z</time>
   </trkpt>
   <trkpt lat="22.7382230" lon="120.3393180">
    <ele>20.1</ele>
    <time>2026-09-15T11:40:55Z</time>
   </trkpt>
   <trkpt lat="22.7382080" lon="120.3393850">
    <ele>20.1</ele>
    <time>2026-09-15T11:40:56Z</time>
   </trkpt>
   <trkpt lat="22.7381980" lon="120.3394470">
    <ele>20.1</ele>
    <time>2026-09-15T11:40:57Z</time>
   </trkpt>
   <trkpt lat="22.7381900" lon="120.3394960">
    <ele>20.1</ele>
    <time>2026-09-15T11:40:58Z</time>
   </trkpt>
   <trkpt lat="22.7381770" lon="120.3395260">
    <ele>20.1</ele>
    <time>2026-09-15T11:40:59Z</time>
   </trkpt>
   <trkpt lat="22.7381480" lon="120.3395430">
    <ele>20.1</ele>
    <time>2026-09-15T11:41:00Z</time>
   </trkpt>
   <trkpt lat="22.7380970" lon="120.3395350">
    <ele>20.0</ele>
    <time>2026-09-15T11:41:01Z</time>
   </trkpt>
   <trkpt lat="22.7380480" lon="120.3395120">
    <ele>20.0</ele>
    <time>2026-09-15T11:41:02Z</time>
   </trkpt>
   <trkpt lat="22.7379960" lon="120.3394840">
    <ele>20.0</ele>
    <time>2026-09-15T11:41:03Z</time>
   </trkpt>
   <trkpt lat="22.7379400" lon="120.3394610">
    <ele>20.0</ele>
    <time>2026-09-15T11:41:04Z</time>
   </trkpt>
   <trkpt lat="22.7378840" lon="120.3394400">
    <ele>20.1</ele>
    <time>2026-09-15T11:41:05Z</time>
   </trkpt>
   <trkpt lat="22.7378220" lon="120.3394200">
    <ele>20.1</ele>
    <time>2026-09-15T11:41:06Z</time>
   </trkpt>
   <trkpt lat="22.7377620" lon="120.3393950">
    <ele>20.3</ele>
    <time>2026-09-15T11:41:07Z</time>
   </trkpt>
   <trkpt lat="22.7377050" lon="120.3393730">
    <ele>20.4</ele>
    <time>2026-09-15T11:41:08Z</time>
   </trkpt>
   <trkpt lat="22.7376470" lon="120.3393500">
    <ele>20.5</ele>
    <time>2026-09-15T11:41:09Z</time>
   </trkpt>
   <trkpt lat="22.7375910" lon="120.3393250">
    <ele>20.7</ele>
    <time>2026-09-15T11:41:10Z</time>
   </trkpt>
   <trkpt lat="22.7375310" lon="120.3393060">
    <ele>20.8</ele>
    <time>2026-09-15T11:41:11Z</time>
   </trkpt>
   <trkpt lat="22.7374790" lon="120.3392830">
    <ele>20.9</ele>
    <time>2026-09-15T11:41:12Z</time>
   </trkpt>
   <trkpt lat="22.7374390" lon="120.3392520">
    <ele>20.9</ele>
    <time>2026-09-15T11:41:13Z</time>
   </trkpt>
   <trkpt lat="22.7374070" lon="120.3392250">
    <ele>21.0</ele>
    <time>2026-09-15T11:41:14Z</time>
   </trkpt>
   <trkpt lat="22.7373630" lon="120.3391900">
    <ele>21.0</ele>
    <time>2026-09-15T11:41:15Z</time>
   </trkpt>
   <trkpt lat="22.7373140" lon="120.3391580">
    <ele>21.0</ele>
    <time>2026-09-15T11:41:16Z</time>
   </trkpt>
   <trkpt lat="22.7372580" lon="120.3391470">
    <ele>21.0</ele>
    <time>2026-09-15T11:41:17Z</time>
   </trkpt>
   <trkpt lat="22.7371980" lon="120.3391320">
    <ele>20.9</ele>
    <time>2026-09-15T11:41:18Z</time>
   </trkpt>
   <trkpt lat="22.7371410" lon="120.3391060">
    <ele>20.9</ele>
    <time>2026-09-15T11:41:19Z</time>
   </trkpt>
   <trkpt lat="22.7370810" lon="120.3390850">
    <ele>20.9</ele>
    <time>2026-09-15T11:41:20Z</time>
   </trkpt>
   <trkpt lat="22.7370230" lon="120.3390530">
    <ele>20.9</ele>
    <time>2026-09-15T11:41:21Z</time>
   </trkpt>
   <trkpt lat="22.7369650" lon="120.3390230">
    <ele>20.8</ele>
    <time>2026-09-15T11:41:22Z</time>
   </trkpt>
   <trkpt lat="22.7368980" lon="120.3389960">
    <ele>20.8</ele>
    <time>2026-09-15T11:41:23Z</time>
   </trkpt>
   <trkpt lat="22.7368400" lon="120.3389770">
    <ele>20.8</ele>
    <time>2026-09-15T11:41:24Z</time>
   </trkpt>
   <trkpt lat="22.7367950" lon="120.3389570">
    <ele>20.8</ele>
    <time>2026-09-15T11:41:25Z</time>
   </trkpt>
   <trkpt lat="22.7367680" lon="120.3389390">
    <ele>20.8</ele>
    <time>2026-09-15T11:41:26Z</time>
   </trkpt>
   <trkpt lat="22.7367480" lon="120.3389120">
    <ele>20.8</ele>
    <time>2026-09-15T11:41:27Z</time>
   </trkpt>
   <trkpt lat="22.7367340" lon="120.3388710">
    <ele>22.2</ele>
    <time>2026-09-15T11:41:28Z</time>
   </trkpt>
   <trkpt lat="22.7367340" lon="120.3388320">
    <ele>22.8</ele>
    <time>2026-09-15T11:41:29Z</time>
   </trkpt>
   <trkpt lat="22.7367500" lon="120.3387900">
    <ele>23.5</ele>
    <time>2026-09-15T11:41:30Z</time>
   </trkpt>
   <trkpt lat="22.7367630" lon="120.3387330">
    <ele>24.4</ele>
    <time>2026-09-15T11:41:31Z</time>
   </trkpt>
   <trkpt lat="22.7367800" lon="120.3386730">
    <ele>25.4</ele>
    <time>2026-09-15T11:41:32Z</time>
   </trkpt>
   <trkpt lat="22.7367920" lon="120.3386010">
    <ele>26.5</ele>
    <time>2026-09-15T11:41:33Z</time>
   </trkpt>
   <trkpt lat="22.7367970" lon="120.3385180">
    <ele>27.8</ele>
    <time>2026-09-15T11:41:34Z</time>
   </trkpt>
   <trkpt lat="22.7368190" lon="120.3384430">
    <ele>29.1</ele>
    <time>2026-09-15T11:41:35Z</time>
   </trkpt>
   <trkpt lat="22.7368390" lon="120.3383750">
    <ele>30.2</ele>
    <time>2026-09-15T11:41:36Z</time>
   </trkpt>
   <trkpt lat="22.7368600" lon="120.3383000">
    <ele>31.4</ele>
    <time>2026-09-15T11:41:37Z</time>
   </trkpt>
   <trkpt lat="22.7368700" lon="120.3382350">
    <ele>32.5</ele>
    <time>2026-09-15T11:41:38Z</time>
   </trkpt>
   <trkpt lat="22.7368930" lon="120.3381720">
    <ele>33.6</ele>
    <time>2026-09-15T11:41:39Z</time>
   </trkpt>
   <trkpt lat="22.7368990" lon="120.3381100">
    <ele>34.6</ele>
    <time>2026-09-15T11:41:40Z</time>
   </trkpt>
   <trkpt lat="22.7369020" lon="120.3380660">
    <ele>35.3</ele>
    <time>2026-09-15T11:41:41Z</time>
   </trkpt>
   <trkpt lat="22.7369010" lon="120.3380260">
    <ele>35.9</ele>
    <time>2026-09-15T11:41:42Z</time>
   </trkpt>
   <trkpt lat="22.7368980" lon="120.3380010">
    <ele>36.3</ele>
    <time>2026-09-15T11:41:43Z</time>
   </trkpt>
   <trkpt lat="22.7368960" lon="120.3379900">
    <ele>36.5</ele>
    <time>2026-09-15T11:41:44Z</time>
   </trkpt>
   <trkpt lat="22.7368850" lon="120.3379590">
    <ele>37.0</ele>
    <time>2026-09-15T11:41:45Z</time>
   </trkpt>
   <trkpt lat="22.7368550" lon="120.3379510">
    <ele>36.6</ele>
    <time>2026-09-15T11:41:46Z</time>
   </trkpt>
   <trkpt lat="22.7368160" lon="120.3379360">
    <ele>36.1</ele>
    <time>2026-09-15T11:41:47Z</time>
   </trkpt>
   <trkpt lat="22.7367700" lon="120.3379190">
    <ele>35.5</ele>
    <time>2026-09-15T11:41:48Z</time>
   </trkpt>
   <trkpt lat="22.7367460" lon="120.3379060">
    <ele>35.2</ele>
    <time>2026-09-15T11:41:49Z</time>
   </trkpt>
   <trkpt lat="22.7367020" lon="120.3378790">
    <ele>34.6</ele>
    <time>2026-09-15T11:41:50Z</time>
   </trkpt>
   <trkpt lat="22.7366310" lon="120.3378660">
    <ele>33.7</ele>
    <time>2026-09-15T11:41:51Z</time>
   </trkpt>
   <trkpt lat="22.7365550" lon="120.3378400">
    <ele>32.7</ele>
    <time>2026-09-15T11:41:52Z</time>
   </trkpt>
   <trkpt lat="22.7364850" lon="120.3378300">
    <ele>31.8</ele>
    <time>2026-09-15T11:41:53Z</time>
   </trkpt>
   <trkpt lat="22.7364000" lon="120.3378600">
    <ele>30.7</ele>
    <time>2026-09-15T11:41:54Z</time>
   </trkpt>
   <trkpt lat="22.7363360" lon="120.3378520">
    <ele>30.0</ele>
    <time>2026-09-15T11:41:55Z</time>
   </trkpt>
   <trkpt lat="22.7362690" lon="120.3378470">
    <ele>29.2</ele>
    <time>2026-09-15T11:41:56Z</time>
   </trkpt>
   <trkpt lat="22.7362010" lon="120.3378350">
    <ele>28.3</ele>
    <time>2026-09-15T11:41:57Z</time>
   </trkpt>
   <trkpt lat="22.7361490" lon="120.3378070">
    <ele>27.6</ele>
    <time>2026-09-15T11:41:58Z</time>
   </trkpt>
   <trkpt lat="22.7360940" lon="120.3378030">
    <ele>26.8</ele>
    <time>2026-09-15T11:41:59Z</time>
   </trkpt>
   <trkpt lat="22.7360560" lon="120.3377820">
    <ele>26.3</ele>
    <time>2026-09-15T11:42:00Z</time>
   </trkpt>
   <trkpt lat="22.7360190" lon="120.3377700">
    <ele>25.8</ele>
    <time>2026-09-15T11:42:01Z</time>
   </trkpt>
   <trkpt lat="22.7359760" lon="120.3377730">
    <ele>25.2</ele>
    <time>2026-09-15T11:42:02Z</time>
   </trkpt>
   <trkpt lat="22.7359300" lon="120.3377650">
    <ele>24.7</ele>
    <time>2026-09-15T11:42:03Z</time>
   </trkpt>
   <trkpt lat="22.7358910" lon="120.3377510">
    <ele>24.1</ele>
    <time>2026-09-15T11:42:04Z</time>
   </trkpt>
   <trkpt lat="22.7358440" lon="120.3377370">
    <ele>23.5</ele>
    <time>2026-09-15T11:42:05Z</time>
   </trkpt>
   <trkpt lat="22.7358090" lon="120.3377300">
    <ele>23.1</ele>
    <time>2026-09-15T11:42:06Z</time>
   </trkpt>
   <trkpt lat="22.7357780" lon="120.3377290">
    <ele>22.7</ele>
    <time>2026-09-15T11:42:07Z</time>
   </trkpt>
   <trkpt lat="22.7357520" lon="120.3377210">
    <ele>22.4</ele>
    <time>2026-09-15T11:42:08Z</time>
   </trkpt>
   <trkpt lat="22.7357340" lon="120.3376870">
    <ele>21.9</ele>
    <time>2026-09-15T11:42:09Z</time>
   </trkpt>
   <trkpt lat="22.7357220" lon="120.3376480">
    <ele>21.5</ele>
    <time>2026-09-15T11:42:10Z</time>
   </trkpt>
   <trkpt lat="22.7357280" lon="120.3375960">
    <ele>21.5</ele>
    <time>2026-09-15T11:42:11Z</time>
   </trkpt>
   <trkpt lat="22.7357360" lon="120.3375460">
    <ele>21.4</ele>
    <time>2026-09-15T11:42:12Z</time>
   </trkpt>
   <trkpt lat="22.7357190" lon="120.3374650">
    <ele>21.4</ele>
    <time>2026-09-15T11:42:13Z</time>
   </trkpt>
   <trkpt lat="22.7357380" lon="120.3373980">
    <ele>21.3</ele>
    <time>2026-09-15T11:42:14Z</time>
   </trkpt>
   <trkpt lat="22.7357640" lon="120.3373410">
    <ele>21.2</ele>
    <time>2026-09-15T11:42:15Z</time>
   </trkpt>
   <trkpt lat="22.7357770" lon="120.3372900">
    <ele>21.2</ele>
    <time>2026-09-15T11:42:16Z</time>
   </trkpt>
   <trkpt lat="22.7358020" lon="120.3372310">
    <ele>21.1</ele>
    <time>2026-09-15T11:42:17Z</time>
   </trkpt>
   <trkpt lat="22.7358310" lon="120.3371820">
    <ele>21.1</ele>
    <time>2026-09-15T11:42:18Z</time>
   </trkpt>
   <trkpt lat="22.7358560" lon="120.3371370">
    <ele>21.0</ele>
    <time>2026-09-15T11:42:19Z</time>
   </trkpt>
   <trkpt lat="22.7358820" lon="120.3370900">
    <ele>21.0</ele>
    <time>2026-09-15T11:42:20Z</time>
   </trkpt>
   <trkpt lat="22.7359070" lon="120.3370340">
    <ele>20.9</ele>
    <time>2026-09-15T11:42:21Z</time>
   </trkpt>
   <trkpt lat="22.7359270" lon="120.3369890">
    <ele>20.9</ele>
    <time>2026-09-15T11:42:22Z</time>
   </trkpt>
   <trkpt lat="22.7359440" lon="120.3369630">
    <ele>20.9</ele>
    <time>2026-09-15T11:42:23Z</time>
   </trkpt>
   <trkpt lat="22.7359600" lon="120.3369390">
    <ele>20.8</ele>
    <time>2026-09-15T11:42:24Z</time>
   </trkpt>
   <trkpt lat="22.7359630" lon="120.3369210">
    <ele>20.8</ele>
    <time>2026-09-15T11:42:25Z</time>
   </trkpt>
   <trkpt lat="22.7359680" lon="120.3368990">
    <ele>20.8</ele>
    <time>2026-09-15T11:42:26Z</time>
   </trkpt>
   <trkpt lat="22.7359640" lon="120.3368820">
    <ele>20.8</ele>
    <time>2026-09-15T11:42:27Z</time>
   </trkpt>
   <trkpt lat="22.7359410" lon="120.3368920">
    <ele>20.8</ele>
    <time>2026-09-15T11:42:28Z</time>
   </trkpt>
   <trkpt lat="22.7359340" lon="120.3368910">
    <ele>20.8</ele>
    <time>2026-09-15T11:42:29Z</time>
   </trkpt>
   <trkpt lat="22.7359300" lon="120.3368900">
    <ele>20.7</ele>
    <time>2026-09-15T11:42:30Z</time>
   </trkpt>
   <trkpt lat="22.7359270" lon="120.3368880">
    <ele>20.7</ele>
    <time>2026-09-15T11:42:31Z</time>
   </trkpt>
   <trkpt lat="22.7359240" lon="120.3368570">
    <ele>20.7</ele>
    <time>2026-09-15T11:42:32Z</time>
   </trkpt>
   <trkpt lat="22.7359220" lon="120.3368500">
    <ele>20.7</ele>
    <time>2026-09-15T11:42:33Z</time>
   </trkpt>
   <trkpt lat="22.7359200" lon="120.3368430">
    <ele>20.7</ele>
    <time>2026-09-15T11:42:34Z</time>
   </trkpt>
   <trkpt lat="22.7359180" lon="120.3368360">
    <ele>20.7</ele>
    <time>2026-09-15T11:42:35Z</time>
   </trkpt>
   <trkpt lat="22.7359160" lon="120.3368290">
    <ele>20.7</ele>
    <time>2026-09-15T11:42:36Z</time>
   </trkpt>
   <trkpt lat="22.7358990" lon="120.3367740">
    <ele>20.6</ele>
    <time>2026-09-15T11:42:44Z</time>
   </trkpt>
   <trkpt lat="22.7358970" lon="120.3367670">
    <ele>20.6</ele>
    <time>2026-09-15T11:42:45Z</time>
   </trkpt>
   <trkpt lat="22.7358610" lon="120.3367240">
    <ele>20.6</ele>
    <time>2026-09-15T11:42:46Z</time>
   </trkpt>
   <trkpt lat="22.7358140" lon="120.3366990">
    <ele>20.6</ele>
    <time>2026-09-15T11:42:47Z</time>
   </trkpt>
   <trkpt lat="22.7357660" lon="120.3366840">
    <ele>20.6</ele>
    <time>2026-09-15T11:42:48Z</time>
   </trkpt>
   <trkpt lat="22.7357190" lon="120.3366610">
    <ele>20.6</ele>
    <time>2026-09-15T11:42:49Z</time>
   </trkpt>
   <trkpt lat="22.7356590" lon="120.3366370">
    <ele>20.7</ele>
    <time>2026-09-15T11:42:50Z</time>
   </trkpt>
   <trkpt lat="22.7356020" lon="120.3366210">
    <ele>20.8</ele>
    <time>2026-09-15T11:42:51Z</time>
   </trkpt>
   <trkpt lat="22.7355470" lon="120.3366020">
    <ele>20.8</ele>
    <time>2026-09-15T11:42:52Z</time>
   </trkpt>
   <trkpt lat="22.7355020" lon="120.3365830">
    <ele>20.7</ele>
    <time>2026-09-15T11:42:53Z</time>
   </trkpt>
   <trkpt lat="22.7354610" lon="120.3365720">
    <ele>20.7</ele>
    <time>2026-09-15T11:42:54Z</time>
   </trkpt>
   <trkpt lat="22.7354250" lon="120.3365580">
    <ele>20.7</ele>
    <time>2026-09-15T11:42:55Z</time>
   </trkpt>
   <trkpt lat="22.7353900" lon="120.3365530">
    <ele>20.7</ele>
    <time>2026-09-15T11:42:56Z</time>
   </trkpt>
   <trkpt lat="22.7353660" lon="120.3365410">
    <ele>20.7</ele>
    <time>2026-09-15T11:42:57Z</time>
   </trkpt>
   <trkpt lat="22.7353470" lon="120.3365330">
    <ele>20.7</ele>
    <time>2026-09-15T11:42:58Z</time>
   </trkpt>
   <trkpt lat="22.7353390" lon="120.3365250">
    <ele>20.6</ele>
    <time>2026-09-15T11:42:59Z</time>
   </trkpt>
   <trkpt lat="22.7353370" lon="120.3365270">
    <ele>20.6</ele>
    <time>2026-09-15T11:43:00Z</time>
   </trkpt>
   <trkpt lat="22.7353380" lon="120.3365270">
    <ele>20.6</ele>
    <time>2026-09-15T11:43:01Z</time>
   </trkpt>
   <trkpt lat="22.7353300" lon="120.3365230">
    <ele>20.6</ele>
    <time>2026-09-15T11:43:02Z</time>
   </trkpt>
   <trkpt lat="22.7353100" lon="120.3365110">
    <ele>20.6</ele>
    <time>2026-09-15T11:43:03Z</time>
   </trkpt>
   <trkpt lat="22.7352740" lon="120.3364870">
    <ele>20.6</ele>
    <time>2026-09-15T11:43:04Z</time>
   </trkpt>
   <trkpt lat="22.7352460" lon="120.3364420">
    <ele>20.5</ele>
    <time>2026-09-15T11:43:05Z</time>
   </trkpt>
   <trkpt lat="22.7352460" lon="120.3363910">
    <ele>20.5</ele>
    <time>2026-09-15T11:43:06Z</time>
   </trkpt>
   <trkpt lat="22.7352600" lon="120.3363540">
    <ele>20.5</ele>
    <time>2026-09-15T11:43:07Z</time>
   </trkpt>
   <trkpt lat="22.7352910" lon="120.3363010">
    <ele>20.4</ele>
    <time>2026-09-15T11:43:08Z</time>
   </trkpt>
   <trkpt lat="22.7353130" lon="120.3362400">
    <ele>20.4</ele>
    <time>2026-09-15T11:43:09Z</time>
   </trkpt>
   <trkpt lat="22.7353270" lon="120.3361850">
    <ele>20.4</ele>
    <time>2026-09-15T11:43:10Z</time>
   </trkpt>
   <trkpt lat="22.7353480" lon="120.3361180">
    <ele>20.3</ele>
    <time>2026-09-15T11:43:11Z</time>
   </trkpt>
   <trkpt lat="22.7353650" lon="120.3360590">
    <ele>20.3</ele>
    <time>2026-09-15T11:43:12Z</time>
   </trkpt>
   <trkpt lat="22.7353720" lon="120.3359930">
    <ele>20.3</ele>
    <time>2026-09-15T11:43:13Z</time>
   </trkpt>
   <trkpt lat="22.7353890" lon="120.3359200">
    <ele>20.3</ele>
    <time>2026-09-15T11:43:14Z</time>
   </trkpt>
   <trkpt lat="22.7354050" lon="120.3358540">
    <ele>20.3</ele>
    <time>2026-09-15T11:43:15Z</time>
   </trkpt>
   <trkpt lat="22.7354230" lon="120.3357890">
    <ele>20.3</ele>
    <time>2026-09-15T11:43:16Z</time>
   </trkpt>
   <trkpt lat="22.7354360" lon="120.3357230">
    <ele>20.3</ele>
    <time>2026-09-15T11:43:17Z</time>
   </trkpt>
   <trkpt lat="22.7354580" lon="120.3356670">
    <ele>20.3</ele>
    <time>2026-09-15T11:43:18Z</time>
   </trkpt>
   <trkpt lat="22.7354750" lon="120.3356060">
    <ele>20.4</ele>
    <time>2026-09-15T11:43:19Z</time>
   </trkpt>
   <trkpt lat="22.7354880" lon="120.3355510">
    <ele>20.4</ele>
    <time>2026-09-15T11:43:20Z</time>
   </trkpt>
   <trkpt lat="22.7355100" lon="120.3355050">
    <ele>20.4</ele>
    <time>2026-09-15T11:43:21Z</time>
   </trkpt>
   <trkpt lat="22.7355340" lon="120.3354840">
    <ele>20.5</ele>
    <time>2026-09-15T11:43:22Z</time>
   </trkpt>
   <trkpt lat="22.7355840" lon="120.3354800">
    <ele>20.5</ele>
    <time>2026-09-15T11:43:23Z</time>
   </trkpt>
   <trkpt lat="22.7356310" lon="120.3354860">
    <ele>20.5</ele>
    <time>2026-09-15T11:43:24Z</time>
   </trkpt>
   <trkpt lat="22.7356760" lon="120.3354890">
    <ele>20.5</ele>
    <time>2026-09-15T11:43:25Z</time>
   </trkpt>
   <trkpt lat="22.7357260" lon="120.3355070">
    <ele>20.4</ele>
    <time>2026-09-15T11:43:26Z</time>
   </trkpt>
   <trkpt lat="22.7357750" lon="120.3355180">
    <ele>20.4</ele>
    <time>2026-09-15T11:43:27Z</time>
   </trkpt>
   <trkpt lat="22.7358310" lon="120.3355280">
    <ele>20.5</ele>
    <time>2026-09-15T11:43:28Z</time>
   </trkpt>
   <trkpt lat="22.7358860" lon="120.3355300">
    <ele>20.5</ele>
    <time>2026-09-15T11:43:29Z</time>
   </trkpt>
   <trkpt lat="22.7359360" lon="120.3355380">
    <ele>20.5</ele>
    <time>2026-09-15T11:43:30Z</time>
   </trkpt>
   <trkpt lat="22.7359870" lon="120.3355420">
    <ele>20.5</ele>
    <time>2026-09-15T11:43:31Z</time>
   </trkpt>
   <trkpt lat="22.7360390" lon="120.3355430">
    <ele>20.5</ele>
    <time>2026-09-15T11:43:32Z</time>
   </trkpt>
   <trkpt lat="22.7360920" lon="120.3355450">
    <ele>20.5</ele>
    <time>2026-09-15T11:43:33Z</time>
   </trkpt>
   <trkpt lat="22.7361420" lon="120.3355560">
    <ele>20.5</ele>
    <time>2026-09-15T11:43:34Z</time>
   </trkpt>
   <trkpt lat="22.7361950" lon="120.3355660">
    <ele>20.5</ele>
    <time>2026-09-15T11:43:35Z</time>
   </trkpt>
   <trkpt lat="22.7362550" lon="120.3355720">
    <ele>20.5</ele>
    <time>2026-09-15T11:43:36Z</time>
   </trkpt>
   <trkpt lat="22.7363140" lon="120.3355730">
    <ele>20.4</ele>
    <time>2026-09-15T11:43:37Z</time>
   </trkpt>
   <trkpt lat="22.7363750" lon="120.3355760">
    <ele>20.3</ele>
    <time>2026-09-15T11:43:38Z</time>
   </trkpt>
   <trkpt lat="22.7364370" lon="120.3355740">
    <ele>20.2</ele>
    <time>2026-09-15T11:43:39Z</time>
   </trkpt>
   <trkpt lat="22.7364990" lon="120.3355910">
    <ele>20.2</ele>
    <time>2026-09-15T11:43:40Z</time>
   </trkpt>
   <trkpt lat="22.7365590" lon="120.3356080">
    <ele>20.1</ele>
    <time>2026-09-15T11:43:41Z</time>
   </trkpt>
   <trkpt lat="22.7366190" lon="120.3356210">
    <ele>20.1</ele>
    <time>2026-09-15T11:43:42Z</time>
   </trkpt>
   <trkpt lat="22.7366800" lon="120.3356330">
    <ele>20.1</ele>
    <time>2026-09-15T11:43:43Z</time>
   </trkpt>
   <trkpt lat="22.7367410" lon="120.3356370">
    <ele>20.1</ele>
    <time>2026-09-15T11:43:44Z</time>
   </trkpt>
   <trkpt lat="22.7368040" lon="120.3356490">
    <ele>20.1</ele>
    <time>2026-09-15T11:43:45Z</time>
   </trkpt>
   <trkpt lat="22.7368620" lon="120.3356860">
    <ele>20.2</ele>
    <time>2026-09-15T11:43:46Z</time>
   </trkpt>
   <trkpt lat="22.7369180" lon="120.3356790">
    <ele>20.2</ele>
    <time>2026-09-15T11:43:47Z</time>
   </trkpt>
   <trkpt lat="22.7369760" lon="120.3357000">
    <ele>20.3</ele>
    <time>2026-09-15T11:43:48Z</time>
   </trkpt>
   <trkpt lat="22.7370340" lon="120.3357120">
    <ele>20.4</ele>
    <time>2026-09-15T11:43:49Z</time>
   </trkpt>
   <trkpt lat="22.7370920" lon="120.3357330">
    <ele>20.4</ele>
    <time>2026-09-15T11:43:50Z</time>
   </trkpt>
   <trkpt lat="22.7371510" lon="120.3357600">
    <ele>20.4</ele>
    <time>2026-09-15T11:43:51Z</time>
   </trkpt>
   <trkpt lat="22.7372090" lon="120.3357840">
    <ele>20.4</ele>
    <time>2026-09-15T11:43:52Z</time>
   </trkpt>
   <trkpt lat="22.7372630" lon="120.3358050">
    <ele>20.4</ele>
    <time>2026-09-15T11:43:53Z</time>
   </trkpt>
   <trkpt lat="22.7373190" lon="120.3358350">
    <ele>20.4</ele>
    <time>2026-09-15T11:43:54Z</time>
   </trkpt>
   <trkpt lat="22.7373720" lon="120.3358660">
    <ele>20.4</ele>
    <time>2026-09-15T11:43:55Z</time>
   </trkpt>
   <trkpt lat="22.7374220" lon="120.3359090">
    <ele>20.4</ele>
    <time>2026-09-15T11:43:56Z</time>
   </trkpt>
   <trkpt lat="22.7374670" lon="120.3359450">
    <ele>20.5</ele>
    <time>2026-09-15T11:43:57Z</time>
   </trkpt>
   <trkpt lat="22.7375150" lon="120.3359760">
    <ele>20.5</ele>
    <time>2026-09-15T11:43:58Z</time>
   </trkpt>
   <trkpt lat="22.7375550" lon="120.3360160">
    <ele>20.5</ele>
    <time>2026-09-15T11:43:59Z</time>
   </trkpt>
   <trkpt lat="22.7375780" lon="120.3360570">
    <ele>20.5</ele>
    <time>2026-09-15T11:44:00Z</time>
   </trkpt>
   <trkpt lat="22.7375860" lon="120.3361030">
    <ele>20.6</ele>
    <time>2026-09-15T11:44:01Z</time>
   </trkpt>
   <trkpt lat="22.7375820" lon="120.3361440">
    <ele>20.6</ele>
    <time>2026-09-15T11:44:02Z</time>
   </trkpt>
   <trkpt lat="22.7375510" lon="120.3361860">
    <ele>20.6</ele>
    <time>2026-09-15T11:44:03Z</time>
   </trkpt>
   <trkpt lat="22.7375170" lon="120.3362290">
    <ele>20.7</ele>
    <time>2026-09-15T11:44:04Z</time>
   </trkpt>
   <trkpt lat="22.7374890" lon="120.3362800">
    <ele>20.8</ele>
    <time>2026-09-15T11:44:05Z</time>
   </trkpt>
   <trkpt lat="22.7374590" lon="120.3363270">
    <ele>20.9</ele>
    <time>2026-09-15T11:44:06Z</time>
   </trkpt>
   <trkpt lat="22.7374320" lon="120.3363760">
    <ele>21.0</ele>
    <time>2026-09-15T11:44:07Z</time>
   </trkpt>
   <trkpt lat="22.7374060" lon="120.3364110">
    <ele>21.1</ele>
    <time>2026-09-15T11:44:08Z</time>
   </trkpt>
   <trkpt lat="22.7373880" lon="120.3364400">
    <ele>21.1</ele>
    <time>2026-09-15T11:44:09Z</time>
   </trkpt>
   <trkpt lat="22.7373660" lon="120.3364740">
    <ele>21.1</ele>
    <time>2026-09-15T11:44:10Z</time>
   </trkpt>
   <trkpt lat="22.7373540" lon="120.3365150">
    <ele>21.1</ele>
    <time>2026-09-15T11:44:11Z</time>
   </trkpt>
   <trkpt lat="22.7373410" lon="120.3365570">
    <ele>21.0</ele>
    <time>2026-09-15T11:44:12Z</time>
   </trkpt>
   <trkpt lat="22.7373230" lon="120.3366050">
    <ele>21.0</ele>
    <time>2026-09-15T11:44:13Z</time>
   </trkpt>
   <trkpt lat="22.7373030" lon="120.3366620">
    <ele>20.9</ele>
    <time>2026-09-15T11:44:14Z</time>
   </trkpt>
   <trkpt lat="22.7372920" lon="120.3367100">
    <ele>20.8</ele>
    <time>2026-09-15T11:44:15Z</time>
   </trkpt>
   <trkpt lat="22.7372810" lon="120.3367570">
    <ele>20.8</ele>
    <time>2026-09-15T11:44:16Z</time>
   </trkpt>
   <trkpt lat="22.7372700" lon="120.3368110">
    <ele>20.7</ele>
    <time>2026-09-15T11:44:17Z</time>
   </trkpt>
   <trkpt lat="22.7372510" lon="120.3368480">
    <ele>20.7</ele>
    <time>2026-09-15T11:44:18Z</time>
   </trkpt>
   <trkpt lat="22.7372320" lon="120.3368820">
    <ele>20.6</ele>
    <time>2026-09-15T11:44:19Z</time>
   </trkpt>
   <trkpt lat="22.7372180" lon="120.3369070">
    <ele>20.6</ele>
    <time>2026-09-15T11:44:20Z</time>
   </trkpt>
   <trkpt lat="22.7372100" lon="120.3369350">
    <ele>20.6</ele>
    <time>2026-09-15T11:44:21Z</time>
   </trkpt>
   <trkpt lat="22.7372100" lon="120.3369350">
    <ele>20.6</ele>
    <time>2026-09-15T11:44:22Z</time>
   </trkpt>
   <trkpt lat="22.7372100" lon="120.3369350">
    <ele>20.6</ele>
    <time>2026-09-15T11:44:23Z</time>
   </trkpt>
   <trkpt lat="22.7372020" lon="120.3369640">
    <ele>20.5</ele>
    <time>2026-09-15T11:44:24Z</time>
   </trkpt>
   <trkpt lat="22.7372000" lon="120.3369700">
    <ele>20.5</ele>
    <time>2026-09-15T11:44:25Z</time>
   </trkpt>
   <trkpt lat="22.7371990" lon="120.3369760">
    <ele>20.5</ele>
    <time>2026-09-15T11:44:26Z</time>
   </trkpt>
   <trkpt lat="22.7371970" lon="120.3369820">
    <ele>20.5</ele>
    <time>2026-09-15T11:44:27Z</time>
   </trkpt>
   <trkpt lat="22.7371950" lon="120.3369890">
    <ele>20.5</ele>
    <time>2026-09-15T11:44:28Z</time>
   </trkpt>
   <trkpt lat="22.7371930" lon="120.3369950">
    <ele>20.5</ele>
    <time>2026-09-15T11:44:29Z</time>
   </trkpt>
   <trkpt lat="22.7371920" lon="120.3370010">
    <ele>20.5</ele>
    <time>2026-09-15T11:44:30Z</time>
   </trkpt>
   <trkpt lat="22.7371900" lon="120.3370070">
    <ele>20.5</ele>
    <time>2026-09-15T11:44:31Z</time>
   </trkpt>
   <trkpt lat="22.7371880" lon="120.3370140">
    <ele>20.5</ele>
    <time>2026-09-15T11:44:32Z</time>
   </trkpt>
   <trkpt lat="22.7371730" lon="120.3370700">
    <ele>20.4</ele>
    <time>2026-09-15T11:44:41Z</time>
   </trkpt>
   <trkpt lat="22.7371710" lon="120.3370760">
    <ele>20.4</ele>
    <time>2026-09-15T11:44:42Z</time>
   </trkpt>
   <trkpt lat="22.7371520" lon="120.3371200">
    <ele>20.4</ele>
    <time>2026-09-15T11:44:43Z</time>
   </trkpt>
   <trkpt lat="22.7371330" lon="120.3371630">
    <ele>20.3</ele>
    <time>2026-09-15T11:44:44Z</time>
   </trkpt>
   <trkpt lat="22.7371260" lon="120.3372250">
    <ele>21.2</ele>
    <time>2026-09-15T11:44:45Z</time>
   </trkpt>
   <trkpt lat="22.7371060" lon="120.3373010">
    <ele>22.3</ele>
    <time>2026-09-15T11:44:46Z</time>
   </trkpt>
   <trkpt lat="22.7370720" lon="120.3373640">
    <ele>23.3</ele>
    <time>2026-09-15T11:44:47Z</time>
   </trkpt>
   <trkpt lat="22.7370560" lon="120.3374350">
    <ele>24.3</ele>
    <time>2026-09-15T11:44:48Z</time>
   </trkpt>
   <trkpt lat="22.7370350" lon="120.3374970">
    <ele>25.3</ele>
    <time>2026-09-15T11:44:49Z</time>
   </trkpt>
   <trkpt lat="22.7370280" lon="120.3375480">
    <ele>26.0</ele>
    <time>2026-09-15T11:44:50Z</time>
   </trkpt>
   <trkpt lat="22.7370160" lon="120.3375940">
    <ele>26.7</ele>
    <time>2026-09-15T11:44:51Z</time>
   </trkpt>
   <trkpt lat="22.7370080" lon="120.3376380">
    <ele>27.5</ele>
    <time>2026-09-15T11:44:52Z</time>
   </trkpt>
   <trkpt lat="22.7367750" lon="120.3375880">
    <ele>31.0</ele>
    <time>2026-09-15T11:44:53Z</time>
   </trkpt>
   <trkpt lat="22.7367340" lon="120.3376560">
    <ele>32.1</ele>
    <time>2026-09-15T11:44:54Z</time>
   </trkpt>
   <trkpt lat="22.7367280" lon="120.3377100">
    <ele>32.8</ele>
    <time>2026-09-15T11:44:55Z</time>
   </trkpt>
   <trkpt lat="22.7367140" lon="120.3377690">
    <ele>33.6</ele>
    <time>2026-09-15T11:44:56Z</time>
   </trkpt>
   <trkpt lat="22.7367010" lon="120.3378390">
    <ele>34.6</ele>
    <time>2026-09-15T11:44:57Z</time>
   </trkpt>
   <trkpt lat="22.7366920" lon="120.3378890">
    <ele>35.3</ele>
    <time>2026-09-15T11:44:58Z</time>
   </trkpt>
   <trkpt lat="22.7366910" lon="120.3379400">
    <ele>35.9</ele>
    <time>2026-09-15T11:44:59Z</time>
   </trkpt>
   <trkpt lat="22.7367040" lon="120.3379520">
    <ele>36.2</ele>
    <time>2026-09-15T11:45:00Z</time>
   </trkpt>
   <trkpt lat="22.7366830" lon="120.3379280">
    <ele>35.2</ele>
    <time>2026-09-15T11:45:01Z</time>
   </trkpt>
   <trkpt lat="22.7366670" lon="120.3379180">
    <ele>35.0</ele>
    <time>2026-09-15T11:45:02Z</time>
   </trkpt>
   <trkpt lat="22.7366220" lon="120.3379090">
    <ele>34.4</ele>
    <time>2026-09-15T11:45:03Z</time>
   </trkpt>
   <trkpt lat="22.7365760" lon="120.3379010">
    <ele>33.7</ele>
    <time>2026-09-15T11:45:04Z</time>
   </trkpt>
   <trkpt lat="22.7365210" lon="120.3378880">
    <ele>32.9</ele>
    <time>2026-09-15T11:45:05Z</time>
   </trkpt>
   <trkpt lat="22.7364640" lon="120.3378770">
    <ele>32.1</ele>
    <time>2026-09-15T11:45:06Z</time>
   </trkpt>
   <trkpt lat="22.7364000" lon="120.3378630">
    <ele>31.3</ele>
    <time>2026-09-15T11:45:07Z</time>
   </trkpt>
   <trkpt lat="22.7363380" lon="120.3378480">
    <ele>30.4</ele>
    <time>2026-09-15T11:45:08Z</time>
   </trkpt>
   <trkpt lat="22.7362740" lon="120.3378270">
    <ele>29.5</ele>
    <time>2026-09-15T11:45:09Z</time>
   </trkpt>
   <trkpt lat="22.7362110" lon="120.3378030">
    <ele>28.6</ele>
    <time>2026-09-15T11:45:10Z</time>
   </trkpt>
   <trkpt lat="22.7361610" lon="120.3377820">
    <ele>27.9</ele>
    <time>2026-09-15T11:45:11Z</time>
   </trkpt>
   <trkpt lat="22.7361300" lon="120.3377910">
    <ele>27.4</ele>
    <time>2026-09-15T11:45:12Z</time>
   </trkpt>
   <trkpt lat="22.7360640" lon="120.3377580">
    <ele>26.4</ele>
    <time>2026-09-15T11:45:13Z</time>
   </trkpt>
   <trkpt lat="22.7359980" lon="120.3377460">
    <ele>25.4</ele>
    <time>2026-09-15T11:45:14Z</time>
   </trkpt>
   <trkpt lat="22.7359330" lon="120.3377200">
    <ele>24.5</ele>
    <time>2026-09-15T11:45:15Z</time>
   </trkpt>
   <trkpt lat="22.7358860" lon="120.3377060">
    <ele>23.8</ele>
    <time>2026-09-15T11:45:16Z</time>
   </trkpt>
   <trkpt lat="22.7358390" lon="120.3376900">
    <ele>23.1</ele>
    <time>2026-09-15T11:45:17Z</time>
   </trkpt>
   <trkpt lat="22.7357950" lon="120.3376620">
    <ele>22.4</ele>
    <time>2026-09-15T11:45:18Z</time>
   </trkpt>
   <trkpt lat="22.7357490" lon="120.3376450">
    <ele>21.8</ele>
    <time>2026-09-15T11:45:19Z</time>
   </trkpt>
   <trkpt lat="22.7357360" lon="120.3376410">
    <ele>21.6</ele>
    <time>2026-09-15T11:45:20Z</time>
   </trkpt>
   <trkpt lat="22.7357280" lon="120.3376170">
    <ele>21.5</ele>
    <time>2026-09-15T11:45:21Z</time>
   </trkpt>
   <trkpt lat="22.7357090" lon="120.3375830">
    <ele>21.5</ele>
    <time>2026-09-15T11:45:22Z</time>
   </trkpt>
   <trkpt lat="22.7357170" lon="120.3375560">
    <ele>21.4</ele>
    <time>2026-09-15T11:45:23Z</time>
   </trkpt>
   <trkpt lat="22.7357270" lon="120.3375080">
    <ele>21.4</ele>
    <time>2026-09-15T11:45:24Z</time>
   </trkpt>
   <trkpt lat="22.7357400" lon="120.3374390">
    <ele>21.3</ele>
    <time>2026-09-15T11:45:25Z</time>
   </trkpt>
   <trkpt lat="22.7357550" lon="120.3373780">
    <ele>21.2</ele>
    <time>2026-09-15T11:45:26Z</time>
   </trkpt>
   <trkpt lat="22.7357580" lon="120.3373310">
    <ele>21.2</ele>
    <time>2026-09-15T11:45:27Z</time>
   </trkpt>
   <trkpt lat="22.7357710" lon="120.3372530">
    <ele>21.1</ele>
    <time>2026-09-15T11:45:28Z</time>
   </trkpt>
   <trkpt lat="22.7357820" lon="120.3371780">
    <ele>21.0</ele>
    <time>2026-09-15T11:45:29Z</time>
   </trkpt>
   <trkpt lat="22.7358140" lon="120.3371040">
    <ele>21.0</ele>
    <time>2026-09-15T11:45:30Z</time>
   </trkpt>
   <trkpt lat="22.7358300" lon="120.3370410">
    <ele>20.9</ele>
    <time>2026-09-15T11:45:31Z</time>
   </trkpt>
   <trkpt lat="22.7358430" lon="120.3369850">
    <ele>20.8</ele>
    <time>2026-09-15T11:45:32Z</time>
   </trkpt>
   <trkpt lat="22.7358550" lon="120.3369460">
    <ele>20.8</ele>
    <time>2026-09-15T11:45:33Z</time>
   </trkpt>
   <trkpt lat="22.7358680" lon="120.3369160">
    <ele>20.8</ele>
    <time>2026-09-15T11:45:34Z</time>
   </trkpt>
   <trkpt lat="22.7358800" lon="120.3368900">
    <ele>20.7</ele>
    <time>2026-09-15T11:45:35Z</time>
   </trkpt>
   <trkpt lat="22.7358830" lon="120.3368630">
    <ele>20.7</ele>
    <time>2026-09-15T11:45:36Z</time>
   </trkpt>
   <trkpt lat="22.7358840" lon="120.3368410">
    <ele>20.7</ele>
    <time>2026-09-15T11:45:37Z</time>
   </trkpt>
   <trkpt lat="22.7358870" lon="120.3368420">
    <ele>20.7</ele>
    <time>2026-09-15T11:45:38Z</time>
   </trkpt>
   <trkpt lat="22.7358870" lon="120.3368420">
    <ele>20.7</ele>
    <time>2026-09-15T11:45:39Z</time>
   </trkpt>
   <trkpt lat="22.7358870" lon="120.3368420">
    <ele>20.7</ele>
    <time>2026-09-15T11:45:40Z</time>
   </trkpt>
   <trkpt lat="22.7358920" lon="120.3368430">
    <ele>20.7</ele>
    <time>2026-09-15T11:45:41Z</time>
   </trkpt>
   <trkpt lat="22.7358920" lon="120.3368410">
    <ele>20.7</ele>
    <time>2026-09-15T11:45:42Z</time>
   </trkpt>
   <trkpt lat="22.7358940" lon="120.3368390">
    <ele>20.6</ele>
    <time>2026-09-15T11:45:43Z</time>
   </trkpt>
   <trkpt lat="22.7358960" lon="120.3368400">
    <ele>20.6</ele>
    <time>2026-09-15T11:45:44Z</time>
   </trkpt>
   <trkpt lat="22.7359020" lon="120.3368180">
    <ele>20.6</ele>
    <time>2026-09-15T11:45:45Z</time>
   </trkpt>
   <trkpt lat="22.7359180" lon="120.3367930">
    <ele>20.6</ele>
    <time>2026-09-15T11:45:46Z</time>
   </trkpt>
   <trkpt lat="22.7359320" lon="120.3367570">
    <ele>20.6</ele>
    <time>2026-09-15T11:45:47Z</time>
   </trkpt>
   <trkpt lat="22.7359420" lon="120.3367250">
    <ele>20.5</ele>
    <time>2026-09-15T11:45:48Z</time>
   </trkpt>
   <trkpt lat="22.7359200" lon="120.3367520">
    <ele>20.5</ele>
    <time>2026-09-15T11:45:49Z</time>
   </trkpt>
   <trkpt lat="22.7359180" lon="120.3366720">
    <ele>20.4</ele>
    <time>2026-09-15T11:45:50Z</time>
   </trkpt>
   <trkpt lat="22.7359330" lon="120.3365750">
    <ele>20.1</ele>
    <time>2026-09-15T11:45:51Z</time>
   </trkpt>
   <trkpt lat="22.7359600" lon="120.3364700">
    <ele>19.9</ele>
    <time>2026-09-15T11:45:52Z</time>
   </trkpt>
   <trkpt lat="22.7359970" lon="120.3363390">
    <ele>19.6</ele>
    <time>2026-09-15T11:45:53Z</time>
   </trkpt>
   <trkpt lat="22.7360340" lon="120.3362840">
    <ele>19.5</ele>
    <time>2026-09-15T11:45:54Z</time>
   </trkpt>
   <trkpt lat="22.7360650" lon="120.3362090">
    <ele>19.4</ele>
    <time>2026-09-15T11:45:55Z</time>
   </trkpt>
   <trkpt lat="22.7360830" lon="120.3361550">
    <ele>19.3</ele>
    <time>2026-09-15T11:45:56Z</time>
   </trkpt>
   <trkpt lat="22.7361020" lon="120.3360980">
    <ele>19.2</ele>
    <time>2026-09-15T11:45:57Z</time>
   </trkpt>
   <trkpt lat="22.7361160" lon="120.3360740">
    <ele>19.2</ele>
    <time>2026-09-15T11:45:58Z</time>
   </trkpt>
   <trkpt lat="22.7361630" lon="120.3360810">
    <ele>19.3</ele>
    <time>2026-09-15T11:45:59Z</time>
   </trkpt>
   <trkpt lat="22.7362030" lon="120.3361030">
    <ele>19.4</ele>
    <time>2026-09-15T11:46:00Z</time>
   </trkpt>
   <trkpt lat="22.7362410" lon="120.3361220">
    <ele>19.4</ele>
    <time>2026-09-15T11:46:01Z</time>
   </trkpt>
   <trkpt lat="22.7362960" lon="120.3361370">
    <ele>19.5</ele>
    <time>2026-09-15T11:46:02Z</time>
   </trkpt>
   <trkpt lat="22.7363520" lon="120.3361550">
    <ele>19.6</ele>
    <time>2026-09-15T11:46:03Z</time>
   </trkpt>
   <trkpt lat="22.7364050" lon="120.3361730">
    <ele>19.7</ele>
    <time>2026-09-15T11:46:04Z</time>
   </trkpt>
   <trkpt lat="22.7364670" lon="120.3361930">
    <ele>19.8</ele>
    <time>2026-09-15T11:46:05Z</time>
   </trkpt>
   <trkpt lat="22.7365240" lon="120.3362190">
    <ele>19.9</ele>
    <time>2026-09-15T11:46:06Z</time>
   </trkpt>
   <trkpt lat="22.7365870" lon="120.3362430">
    <ele>19.9</ele>
    <time>2026-09-15T11:46:07Z</time>
   </trkpt>
   <trkpt lat="22.7366210" lon="120.3362590">
    <ele>20.0</ele>
    <time>2026-09-15T11:46:08Z</time>
   </trkpt>
   <trkpt lat="22.7366870" lon="120.3362780">
    <ele>20.1</ele>
    <time>2026-09-15T11:46:09Z</time>
   </trkpt>
   <trkpt lat="22.7367500" lon="120.3362890">
    <ele>20.2</ele>
    <time>2026-09-15T11:46:10Z</time>
   </trkpt>
   <trkpt lat="22.7367830" lon="120.3363070">
    <ele>20.2</ele>
    <time>2026-09-15T11:46:11Z</time>
   </trkpt>
   <trkpt lat="22.7368150" lon="120.3363180">
    <ele>20.3</ele>
    <time>2026-09-15T11:46:12Z</time>
   </trkpt>
   <trkpt lat="22.7368440" lon="120.3363280">
    <ele>20.3</ele>
    <time>2026-09-15T11:46:13Z</time>
   </trkpt>
   <trkpt lat="22.7368680" lon="120.3363360">
    <ele>20.4</ele>
    <time>2026-09-15T11:46:14Z</time>
   </trkpt>
   <trkpt lat="22.7368970" lon="120.3363410">
    <ele>20.4</ele>
    <time>2026-09-15T11:46:15Z</time>
   </trkpt>
   <trkpt lat="22.7369190" lon="120.3363470">
    <ele>20.4</ele>
    <time>2026-09-15T11:46:16Z</time>
   </trkpt>
   <trkpt lat="22.7369530" lon="120.3363570">
    <ele>20.5</ele>
    <time>2026-09-15T11:46:17Z</time>
   </trkpt>
   <trkpt lat="22.7369970" lon="120.3363670">
    <ele>20.5</ele>
    <time>2026-09-15T11:46:18Z</time>
   </trkpt>
   <trkpt lat="22.7370410" lon="120.3363830">
    <ele>20.6</ele>
    <time>2026-09-15T11:46:19Z</time>
   </trkpt>
   <trkpt lat="22.7370830" lon="120.3363970">
    <ele>20.7</ele>
    <time>2026-09-15T11:46:20Z</time>
   </trkpt>
   <trkpt lat="22.7371280" lon="120.3364170">
    <ele>20.7</ele>
    <time>2026-09-15T11:46:21Z</time>
   </trkpt>
   <trkpt lat="22.7371770" lon="120.3364220">
    <ele>20.8</ele>
    <time>2026-09-15T11:46:22Z</time>
   </trkpt>
   <trkpt lat="22.7372170" lon="120.3364420">
    <ele>20.9</ele>
    <time>2026-09-15T11:46:23Z</time>
   </trkpt>
   <trkpt lat="22.7372480" lon="120.3364540">
    <ele>20.9</ele>
    <time>2026-09-15T11:46:24Z</time>
   </trkpt>
   <trkpt lat="22.7372760" lon="120.3364680">
    <ele>21.0</ele>
    <time>2026-09-15T11:46:25Z</time>
   </trkpt>
   <trkpt lat="22.7373000" lon="120.3364790">
    <ele>21.0</ele>
    <time>2026-09-15T11:46:26Z</time>
   </trkpt>
   <trkpt lat="22.7373250" lon="120.3364850">
    <ele>21.0</ele>
    <time>2026-09-15T11:46:27Z</time>
   </trkpt>
   <trkpt lat="22.7373550" lon="120.3364920">
    <ele>21.1</ele>
    <time>2026-09-15T11:46:28Z</time>
   </trkpt>
   <trkpt lat="22.7373910" lon="120.3364770">
    <ele>21.1</ele>
    <time>2026-09-15T11:46:29Z</time>
   </trkpt>
   <trkpt lat="22.7374210" lon="120.3364420">
    <ele>21.1</ele>
    <time>2026-09-15T11:46:30Z</time>
   </trkpt>
   <trkpt lat="22.7374470" lon="120.3363970">
    <ele>21.0</ele>
    <time>2026-09-15T11:46:31Z</time>
   </trkpt>
   <trkpt lat="22.7374780" lon="120.3363430">
    <ele>20.9</ele>
    <time>2026-09-15T11:46:32Z</time>
   </trkpt>
   <trkpt lat="22.7375180" lon="120.3362890">
    <ele>20.8</ele>
    <time>2026-09-15T11:46:33Z</time>
   </trkpt>
   <trkpt lat="22.7375490" lon="120.3362290">
    <ele>20.7</ele>
    <time>2026-09-15T11:46:34Z</time>
   </trkpt>
   <trkpt lat="22.7375840" lon="120.3361760">
    <ele>20.7</ele>
    <time>2026-09-15T11:46:35Z</time>
   </trkpt>
   <trkpt lat="22.7376130" lon="120.3361290">
    <ele>20.6</ele>
    <time>2026-09-15T11:46:36Z</time>
   </trkpt>
   <trkpt lat="22.7376380" lon="120.3360950">
    <ele>20.6</ele>
    <time>2026-09-15T11:46:37Z</time>
   </trkpt>
   <trkpt lat="22.7376690" lon="120.3360780">
    <ele>20.6</ele>
    <time>2026-09-15T11:46:38Z</time>
   </trkpt>
   <trkpt lat="22.7376990" lon="120.3360670">
    <ele>21.0</ele>
    <time>2026-09-15T11:46:39Z</time>
   </trkpt>
   <trkpt lat="22.7377420" lon="120.3360780">
    <ele>21.5</ele>
    <time>2026-09-15T11:46:40Z</time>
   </trkpt>
   <trkpt lat="22.7377810" lon="120.3361070">
    <ele>22.0</ele>
    <time>2026-09-15T11:46:41Z</time>
   </trkpt>
   <trkpt lat="22.7378140" lon="120.3361320">
    <ele>22.5</ele>
    <time>2026-09-15T11:46:42Z</time>
   </trkpt>
   <trkpt lat="22.7378400" lon="120.3361560">
    <ele>22.9</ele>
    <time>2026-09-15T11:46:43Z</time>
   </trkpt>
   <trkpt lat="22.7378610" lon="120.3361740">
    <ele>23.2</ele>
    <time>2026-09-15T11:46:44Z</time>
   </trkpt>
   <trkpt lat="22.7378820" lon="120.3361940">
    <ele>23.5</ele>
    <time>2026-09-15T11:46:45Z</time>
   </trkpt>
   <trkpt lat="22.7379010" lon="120.3362030">
    <ele>23.8</ele>
    <time>2026-09-15T11:46:46Z</time>
   </trkpt>
   <trkpt lat="22.7379150" lon="120.3362060">
    <ele>23.9</ele>
    <time>2026-09-15T11:46:47Z</time>
   </trkpt>
   <trkpt lat="22.7379270" lon="120.3362020">
    <ele>24.1</ele>
    <time>2026-09-15T11:46:48Z</time>
   </trkpt>
   <trkpt lat="22.7379320" lon="120.3361910">
    <ele>24.2</ele>
    <time>2026-09-15T11:46:49Z</time>
   </trkpt>
   <trkpt lat="22.7379370" lon="120.3361820">
    <ele>24.3</ele>
    <time>2026-09-15T11:46:50Z</time>
   </trkpt>
   <trkpt lat="22.7379360" lon="120.3361750">
    <ele>24.4</ele>
    <time>2026-09-15T11:46:51Z</time>
   </trkpt>
   <trkpt lat="22.7379360" lon="120.3361720">
    <ele>24.4</ele>
    <time>2026-09-15T11:46:52Z</time>
   </trkpt>
   <trkpt lat="22.7379380" lon="120.3361690">
    <ele>24.5</ele>
    <time>2026-09-15T11:46:53Z</time>
   </trkpt>
   <trkpt lat="22.7379410" lon="120.3361650">
    <ele>24.5</ele>
    <time>2026-09-15T11:46:54Z</time>
   </trkpt>
   <trkpt lat="22.7379400" lon="120.3361670">
    <ele>24.5</ele>
    <time>2026-09-15T11:46:55Z</time>
   </trkpt>
   <trkpt lat="22.7379420" lon="120.3361640">
    <ele>24.6</ele>
    <time>2026-09-15T11:46:56Z</time>
   </trkpt>
   <trkpt lat="22.7379420" lon="120.3361650">
    <ele>24.6</ele>
    <time>2026-09-15T11:46:57Z</time>
   </trkpt>
   <trkpt lat="22.7379460" lon="120.3361610">
    <ele>24.7</ele>
    <time>2026-09-15T11:46:58Z</time>
   </trkpt>
   <trkpt lat="22.7379450" lon="120.3361620">
    <ele>24.7</ele>
    <time>2026-09-15T11:46:59Z</time>
   </trkpt>
  </trkseg>
 </trk>
</gpx>
