<?xml version="1.0" encoding="UTF-8"?>
<gpx creator="StravaGPX" version="1.1" xmlns="http://www.topografix.com/GPX/1/1" xmlns:xsi="http://www.w3.org/2001/XMLSchema-instance" xsi:schemaLocation="http://www.topografix.com/GPX/1/1 http://www.topografix.com/GPX/1/1/gpx.xsd">
 <metadata>
  <time>2026-09-18T07:41:31Z</time>
 </metadata>
 <trk>
  <name>Afternoon Run</name>
  <type>running</type>
  <trkseg>
   <trkpt lat="22.7371120" lon="120.3306450">
    <ele>20.0</ele>
    <time>2026-09-18T07:41:31Z</time>
   </trkpt>
   <trkpt lat="22.7371090" lon="120.3306480">
    <ele>20.0</ele>
    <time>2026-09-18T07:41:32Z</time>
   </trkpt>
   <trkpt lat="22.7370620" lon="120.3306810">
    <ele>20.0</ele>
    <time>2026-09-18T07:41:34Z</time>
   </trkpt>
   <trkpt lat="22.7369960" lon="120.3307120">
    <ele>20.0</ele>
    <time>2026-09-18T07:41:35Z</time>
   </trkpt>
   <trkpt lat="22.7370040" lon="120.3307190">
    <ele>20.0</ele>
    <time>2026-09-18T07:41:36Z</time>
   </trkpt>
   <trkpt lat="22.7370170" lon="120.3307350">
    <ele>20.0</ele>
    <time>2026-09-18T07:41:37Z</time>
   </trkpt>
   <trkpt lat="22.7370280" lon="120.3307550">
    <ele>20.0</ele>
    <time>2026-09-18T07:41:38Z</time>
   </trkpt>
   <trkpt lat="22.7370320" lon="120.3307670">
    <ele>20.0</ele>
    <time>2026-09-18T07:41:39Z</time>
   </trkpt>
   <trkpt lat="22.7370360" lon="120.3307750">
    <ele>20.0</ele>
    <time>2026-09-18T07:41:40Z</time>
   </trkpt>
   <trkpt lat="22.7370390" lon="120.3307790">
    <ele>20.0</ele>
    <time>2026-09-18T07:41:41Z</time>
   </trkpt>
   <trkpt lat="22.7370500" lon="120.3307800">
    <ele>20.0</ele>
    <time>2026-09-18T07:41:42Z</time>
   </trkpt>
   <trkpt lat="22.7370640" lon="120.3307800">
    <ele>19.9</ele>
    <time>2026-09-18T07:41:43Z</time>
   </trkpt>
   <trkpt lat="22.7370750" lon="120.3307760">
    <ele>19.9</ele>
    <time>2026-09-18T07:41:44Z</time>
   </trkpt>
   <trkpt lat="22.7370780" lon="120.3307720">
    <ele>19.9</ele>
    <time>2026-09-18T07:41:45Z</time>
   </trkpt>
   <trkpt lat="22.7370830" lon="120.3307690">
    <ele>19.9</ele>
    <time>2026-09-18T07:41:46Z</time>
   </trkpt>
   <trkpt lat="22.7370930" lon="120.3307600">
    <ele>19.9</ele>
    <time>2026-09-18T07:41:47Z</time>
   </trkpt>
   <trkpt lat="22.7371010" lon="120.3307560">
    <ele>19.9</ele>
    <time>2026-09-18T07:41:48Z</time>
   </trkpt>
   <trkpt lat="22.7371050" lon="120.3307500">
    <ele>19.9</ele>
    <time>2026-09-18T07:41:49Z</time>
   </trkpt>
   <trkpt lat="22.7371130" lon="120.3307370">
    <ele>19.9</ele>
    <time>2026-09-18T07:41:50Z</time>
   </trkpt>
   <trkpt lat="22.7371170" lon="120.3307300">
    <ele>19.9</ele>
    <time>2026-09-18T07:41:51Z</time>
   </trkpt>
   <trkpt lat="22.7371230" lon="120.3307180">
    <ele>19.9</ele>
    <time>2026-09-18T07:41:52Z</time>
   </trkpt>
   <trkpt lat="22.7371250" lon="120.3307070">
    <ele>19.9</ele>
    <time>2026-09-18T07:41:53Z</time>
   </trkpt>
   <trkpt lat="22.7371270" lon="120.3306950">
    <ele>19.9</ele>
    <time>2026-09-18T07:41:54Z</time>
   </trkpt>
   <trkpt lat="22.7371300" lon="120.3306860">
    <ele>19.9</ele>
    <time>2026-09-18T07:41:55Z</time>
   </trkpt>
   <trkpt lat="22.7371270" lon="120.3306730">
    <ele>19.9</ele>
    <time>2026-09-18T07:41:56Z</time>
   </trkpt>
   <trkpt lat="22.7371270" lon="120.3306610">
    <ele>19.9</ele>
    <time>2026-09-18T07:41:57Z</time>
   </trkpt>
   <trkpt lat="22.7371270" lon="120.3306490">
    <ele>19.9</ele>
    <time>2026-09-18T07:41:58Z</time>
   </trkpt>
   <trkpt lat="22.7371280" lon="120.3306390">
    <ele>19.9</ele>
    <time>2026-09-18T07:41:59Z</time>
   </trkpt>
   <trkpt lat="22.7371280" lon="120.3306310">
    <ele>19.9</ele>
    <time>2026-09-18T07:42:00Z</time>
   </trkpt>
   <trkpt lat="22.7371300" lon="120.3306220">
    <ele>19.9</ele>
    <time>2026-09-18T07:42:01Z</time>
   </trkpt>
   <trkpt lat="22.7371350" lon="120.3306080">
    <ele>19.9</ele>
    <time>2026-09-18T07:42:02Z</time>
   </trkpt>
   <trkpt lat="22.7371430" lon="120.3305930">
    <ele>19.9</ele>
    <time>2026-09-18T07:42:03Z</time>
   </trkpt>
   <trkpt lat="22.7371540" lon="120.3305800">
    <ele>19.9</ele>
    <time>2026-09-18T07:42:05Z</time>
   </trkpt>
   <trkpt lat="22.7371630" lon="120.3305710">
    <ele>19.9</ele>
    <time>2026-09-18T07:42:06Z</time>
   </trkpt>
   <trkpt lat="22.7371710" lon="120.3305610">
    <ele>19.9</ele>
    <time>2026-09-18T07:42:07Z</time>
   </trkpt>
   <trkpt lat="22.7371800" lon="120.3305530">
    <ele>19.9</ele>
    <time>2026-09-18T07:42:08Z</time>
   </trkpt>
   <trkpt lat="22.7371880" lon="120.3305460">
    <ele>19.9</ele>
    <time>2026-09-18T07:42:09Z</time>
   </trkpt>
   <trkpt lat="22.7371980" lon="120.3305370">
    <ele>19.9</ele>
    <time>2026-09-18T07:42:10Z</time>
   </trkpt>
   <trkpt lat="22.7372040" lon="120.3305240">
    <ele>19.8</ele>
    <time>2026-09-18T07:42:11Z</time>
   </trkpt>
   <trkpt lat="22.7372120" lon="120.3305090">
    <ele>19.8</ele>
    <time>2026-09-18T07:42:12Z</time>
   </trkpt>
   <trkpt lat="22.7372210" lon="120.3304930">
    <ele>19.8</ele>
    <time>2026-09-18T07:42:13Z</time>
   </trkpt>
   <trkpt lat="22.7372240" lon="120.3304730">
    <ele>19.8</ele>
    <time>2026-09-18T07:42:14Z</time>
   </trkpt>
   <trkpt lat="22.7372300" lon="120.3304550">
    <ele>19.8</ele>
    <time>2026-09-18T07:42:15Z</time>
   </trkpt>
   <trkpt lat="22.7372390" lon="120.3304420">
    <ele>19.8</ele>
    <time>2026-09-18T07:42:16Z</time>
   </trkpt>
   <trkpt lat="22.7372480" lon="120.3304340">
    <ele>19.8</ele>
    <time>2026-09-18T07:42:17Z</time>
   </trkpt>
   <trkpt lat="22.7372620" lon="120.3304280">
    <ele>19.8</ele>
    <time>2026-09-18T07:42:18Z</time>
   </trkpt>
   <trkpt lat="22.7372750" lon="120.3304260">
    <ele>19.8</ele>
    <time>2026-09-18T07:42:19Z</time>
   </trkpt>
   <trkpt lat="22.7372840" lon="120.3304180">
    <ele>19.8</ele>
    <time>2026-09-18T07:42:20Z</time>
   </trkpt>
   <trkpt lat="22.7372900" lon="120.3304080">
    <ele>19.8</ele>
    <time>2026-09-18T07:42:21Z</time>
   </trkpt>
   <trkpt lat="22.7372960" lon="120.3304010">
    <ele>19.8</ele>
    <time>2026-09-18T07:42:22Z</time>
   </trkpt>
   <trkpt lat="22.7373030" lon="120.3303930">
    <ele>19.8</ele>
    <time>2026-09-18T07:42:23Z</time>
   </trkpt>
   <trkpt lat="22.7373120" lon="120.3303840">
    <ele>19.8</ele>
    <time>2026-09-18T07:42:24Z</time>
   </trkpt>
   <trkpt lat="22.7373190" lon="120.3303760">
    <ele>19.8</ele>
    <time>2026-09-18T07:42:25Z</time>
   </trkpt>
   <trkpt lat="22.7373280" lon="120.3303700">
    <ele>19.8</ele>
    <time>2026-09-18T07:42:26Z</time>
   </trkpt>
   <trkpt lat="22.7373360" lon="120.3303630">
    <ele>19.8</ele>
    <time>2026-09-18T07:42:27Z</time>
   </trkpt>
   <trkpt lat="22.7373450" lon="120.3303560">
    <ele>19.8</ele>
    <time>2026-09-18T07:42:28Z</time>
   </trkpt>
   <trkpt lat="22.7373550" lon="120.3303530">
    <ele>19.8</ele>
    <time>2026-09-18T07:42:29Z</time>
   </trkpt>
   <trkpt lat="22.7373660" lon="120.3303500">
    <ele>19.8</ele>
    <time>2026-09-18T07:42:30Z</time>
   </trkpt>
   <trkpt lat="22.7373760" lon="120.3303450">
    <ele>19.8</ele>
    <time>2026-09-18T07:42:31Z</time>
   </trkpt>
   <trkpt lat="22.7373880" lon="120.3303410">
    <ele>19.8</ele>
    <time>2026-09-18T07:42:32Z</time>
   </trkpt>
   <trkpt lat="22.7373920" lon="120.3303310">
    <ele>19.8</ele>
    <time>2026-09-18T07:42:33Z</time>
   </trkpt>
   <trkpt lat="22.7373970" lon="120.3303240">
    <ele>19.8</ele>
    <time>2026-09-18T07:42:34Z</time>
   </trkpt>
   <trkpt lat="22.7374040" lon="120.3303160">
    <ele>19.8</ele>
    <time>2026-09-18T07:42:35Z</time>
   </trkpt>
   <trkpt lat="22.7374120" lon="120.3303080">
    <ele>19.8</ele>
    <time>2026-09-18T07:42:36Z</time>
   </trkpt>
   <trkpt lat="22.7374210" lon="120.3303000">
    <ele>19.8</ele>
    <time>2026-09-18T07:42:37Z</time>
   </trkpt>
   <trkpt lat="22.7374290" lon="120.3302920">
    <ele>19.8</ele>
    <time>2026-09-18T07:42:38Z</time>
   </trkpt>
   <trkpt lat="22.7374350" lon="120.3302800">
    <ele>19.8</ele>
    <time>2026-09-18T07:42:39Z</time>
   </trkpt>
   <trkpt lat="22.7374290" lon="120.3302650">
    <ele>19.7</ele>
    <time>2026-09-18T07:42:40Z</time>
   </trkpt>
   <trkpt lat="22.7374280" lon="120.3302550">
    <ele>19.7</ele>
    <time>2026-09-18T07:42:41Z</time>
   </trkpt>
   <trkpt lat="22.7374340" lon="120.3302470">
    <ele>19.7</ele>
    <time>2026-09-18T07:42:42Z</time>
   </trkpt>
   <trkpt lat="22.7374530" lon="120.3302450">
    <ele>19.7</ele>
    <time>2026-09-18T07:42:43Z</time>
   </trkpt>
   <trkpt lat="22.7374650" lon="120.3302420">
    <ele>19.7</ele>
    <time>2026-09-18T07:42:44Z</time>
   </trkpt>
   <trkpt lat="22.7374790" lon="120.3302410">
    <ele>19.7</ele>
    <time>2026-09-18T07:42:45Z</time>
   </trkpt>
   <trkpt lat="22.7374890" lon="120.3302410">
    <ele>19.7</ele>
    <time>2026-09-18T07:42:46Z</time>
   </trkpt>
   <trkpt lat="22.7374910" lon="120.3302430">
    <ele>19.7</ele>
    <time>2026-09-18T07:42:47Z</time>
   </trkpt>
   <trkpt lat="22.7374950" lon="120.3302510">
    <ele>19.7</ele>
    <time>2026-09-18T07:42:48Z</time>
   </trkpt>
   <trkpt lat="22.7375010" lon="120.3302640">
    <ele>19.7</ele>
    <time>2026-09-18T07:42:49Z</time>
   </trkpt>
   <trkpt lat="22.7375110" lon="120.3302740">
    <ele>19.7</ele>
    <time>2026-09-18T07:42:50Z</time>
   </trkpt>
   <trkpt lat="22.7375220" lon="120.3302800">
    <ele>19.8</ele>
    <time>2026-09-18T07:42:51Z</time>
   </trkpt>
   <trkpt lat="22.7375330" lon="120.3302870">
    <ele>19.8</ele>
    <time>2026-09-18T07:42:52Z</time>
   </trkpt>
   <trkpt lat="22.7375440" lon="120.3302970">
    <ele>19.8</ele>
    <time>2026-09-18T07:42:53Z</time>
   </trkpt>
   <trkpt lat="22.7375570" lon="120.3303060">
    <ele>19.8</ele>
    <time>2026-09-18T07:42:54Z</time>
   </trkpt>
   <trkpt lat="22.7375670" lon="120.3303170">
    <ele>19.8</ele>
    <time>2026-09-18T07:42:55Z</time>
   </trkpt>
   <trkpt lat="22.7375780" lon="120.3303270">
    <ele>19.8</ele>
    <time>2026-09-18T07:42:56Z</time>
   </trkpt>
   <trkpt lat="22.7375900" lon="120.3303380">
    <ele>19.8</ele>
    <time>2026-09-18T07:42:57Z</time>
   </trkpt>
   <trkpt lat="22.7376020" lon="120.3303580">
    <ele>19.8</ele>
    <time>2026-09-18T07:42:59Z</time>
   </trkpt>
   <trkpt lat="22.7376100" lon="120.3303700">
    <ele>19.8</ele>
    <time>2026-09-18T07:43:00Z</time>
   </trkpt>
   <trkpt lat="22.7376100" lon="120.3303780">
    <ele>19.8</ele>
    <time>2026-09-18T07:43:01Z</time>
   </trkpt>
   <trkpt lat="22.7376090" lon="120.3303840">
    <ele>19.8</ele>
    <time>2026-09-18T07:43:02Z</time>
   </trkpt>
   <trkpt lat="22.7376110" lon="120.3303930">
    <ele>19.8</ele>
    <time>2026-09-18T07:43:03Z</time>
   </trkpt>
   <trkpt lat="22.7376160" lon="120.3304000">
    <ele>19.8</ele>
    <time>2026-09-18T07:43:04Z</time>
   </trkpt>
   <trkpt lat="22.7376220" lon="120.3304100">
    <ele>19.8</ele>
    <time>2026-09-18T07:43:05Z</time>
   </trkpt>
   <trkpt lat="22.7376270" lon="120.3304210">
    <ele>19.8</ele>
    <time>2026-09-18T07:43:06Z</time>
   </trkpt>
   <trkpt lat="22.7376350" lon="120.3304400">
    <ele>19.8</ele>
    <time>2026-09-18T07:43:07Z</time>
   </trkpt>
   <trkpt lat="22.7376340" lon="120.3304550">
    <ele>19.8</ele>
    <time>2026-09-18T07:43:08Z</time>
   </trkpt>
   <trkpt lat="22.7376280" lon="120.3304610">
    <ele>19.8</ele>
    <time>2026-09-18T07:43:09Z</time>
   </trkpt>
   <trkpt lat="22.7376230" lon="120.3304640">
    <ele>19.8</ele>
    <time>2026-09-18T07:43:10Z</time>
   </trkpt>
   <trkpt lat="22.7376230" lon="120.3304730">
    <ele>19.8</ele>
    <time>2026-09-18T07:43:11Z</time>
   </trkpt>
   <trkpt lat="22.7376260" lon="120.3304770">
    <ele>19.8</ele>
    <time>2026-09-18T07:43:12Z</time>
   </trkpt>
   <trkpt lat="22.7376300" lon="120.3304770">
    <ele>19.8</ele>
    <time>2026-09-18T07:43:13Z</time>
   </trkpt>
   <trkpt lat="22.7376340" lon="120.3304750">
    <ele>19.8</ele>
    <time>2026-09-18T07:43:14Z</time>
   </trkpt>
   <trkpt lat="22.7376340" lon="120.3304740">
    <ele>19.8</ele>
    <time>2026-09-18T07:43:15Z</time>
   </trkpt>
   <trkpt lat="22.7376310" lon="120.3304710">
    <ele>19.8</ele>
    <time>2026-09-18T07:43:16Z</time>
   </trkpt>
   <trkpt lat="22.7376310" lon="120.3304700">
    <ele>19.8</ele>
    <time>2026-09-18T07:43:17Z</time>
   </trkpt>
   <trkpt lat="22.7376340" lon="120.3304730">
    <ele>19.8</ele>
    <time>2026-09-18T07:43:18Z</time>
   </trkpt>
   <trkpt lat="22.7376420" lon="120.3304820">
    <ele>19.8</ele>
    <time>2026-09-18T07:43:19Z</time>
   </trkpt>
   <trkpt lat="22.7376380" lon="120.3304940">
    <ele>19.8</ele>
    <time>2026-09-18T07:43:20Z</time>
   </trkpt>
   <trkpt lat="22.7376240" lon="120.3305020">
    <ele>19.8</ele>
    <time>2026-09-18T07:43:22Z</time>
   </trkpt>
   <trkpt lat="22.7376160" lon="120.3305050">
    <ele>19.9</ele>
    <time>2026-09-18T07:43:23Z</time>
   </trkpt>
   <trkpt lat="22.7376130" lon="120.3305100">
    <ele>19.9</ele>
    <time>2026-09-18T07:43:24Z</time>
   </trkpt>
   <trkpt lat="22.7376130" lon="120.3305140">
    <ele>19.9</ele>
    <time>2026-09-18T07:43:25Z</time>
   </trkpt>
   <trkpt lat="22.7376280" lon="120.3305140">
    <ele>19.9</ele>
    <time>2026-09-18T07:43:26Z</time>
   </trkpt>
   <trkpt lat="22.7376370" lon="120.3305170">
    <ele>19.9</ele>
    <time>2026-09-18T07:43:27Z</time>
   </trkpt>
   <trkpt lat="22.7376380" lon="120.3305220">
    <ele>19.9</ele>
    <time>2026-09-18T07:43:28Z</time>
   </trkpt>
   <trkpt lat="22.7376390" lon="120.3305290">
    <ele>19.9</ele>
    <time>2026-09-18T07:43:29Z</time>
   </trkpt>
   <trkpt lat="22.7376370" lon="120.3305330">
    <ele>19.9</ele>
    <time>2026-09-18T07:43:30Z</time>
   </trkpt>
   <trkpt lat="22.7376340" lon="120.3305370">
    <ele>19.9</ele>
    <time>2026-09-18T07:43:31Z</time>
   </trkpt>
   <trkpt lat="22.7376280" lon="120.3305380">
    <ele>19.9</ele>
    <time>2026-09-18T07:43:32Z</time>
   </trkpt>
   <trkpt lat="22.7376320" lon="120.3305410">
    <ele>19.9</ele>
    <time>2026-09-18T07:43:33Z</time>
   </trkpt>
   <trkpt lat="22.7376360" lon="120.3305430">
    <ele>19.9</ele>
    <time>2026-09-18T07:43:34Z</time>
   </trkpt>
   <trkpt lat="22.7376370" lon="120.3305440">
    <ele>19.9</ele>
    <time>2026-09-18T07:43:35Z</time>
   </trkpt>
   <trkpt lat="22.7376430" lon="120.3305460">
    <ele>19.9</ele>
    <time>2026-09-18T07:43:36Z</time>
   </trkpt>
   <trkpt lat="22.7376510" lon="120.3305480">
    <ele>19.9</ele>
    <time>2026-09-18T07:43:37Z</time>
   </trkpt>
   <trkpt lat="22.7376600" lon="120.3305550">
    <ele>19.9</ele>
    <time>2026-09-18T07:43:38Z</time>
   </trkpt>
   <trkpt lat="22.7376670" lon="120.3305580">
    <ele>19.9</ele>
    <time>2026-09-18T07:43:39Z</time>
   </trkpt>
   <trkpt lat="22.7376730" lon="120.3305620">
    <ele>19.9</ele>
    <time>2026-09-18T07:43:40Z</time>
   </trkpt>
   <trkpt lat="22.7376690" lon="120.3305670">
    <ele>19.9</ele>
    <time>2026-09-18T07:43:41Z</time>
   </trkpt>
   <trkpt lat="22.7376660" lon="120.3305710">
    <ele>19.9</ele>
    <time>2026-09-18T07:43:42Z</time>
   </trkpt>
   <trkpt lat="22.7376630" lon="120.3305760">
    <ele>19.9</ele>
    <time>2026-09-18T07:43:43Z</time>
   </trkpt>
   <trkpt lat="22.7376640" lon="120.3305810">
    <ele>19.9</ele>
    <time>2026-09-18T07:43:44Z</time>
   </trkpt>
   <trkpt lat="22.7376700" lon="120.3305840">
    <ele>19.9</ele>
    <time>2026-09-18T07:43:45Z</time>
   </trkpt>
   <trkpt lat="22.7376850" lon="120.3305860">
    <ele>19.9</ele>
    <time>2026-09-18T07:43:46Z</time>
   </trkpt>
   <trkpt lat="22.7376940" lon="120.3305910">
    <ele>19.9</ele>
    <time>2026-09-18T07:43:47Z</time>
   </trkpt>
   <trkpt lat="22.7376960" lon="120.3305970">
    <ele>19.9</ele>
    <time>2026-09-18T07:43:48Z</time>
   </trkpt>
   <trkpt lat="22.7376930" lon="120.3306020">
    <ele>19.9</ele>
    <time>2026-09-18T07:43:49Z</time>
   </trkpt>
   <trkpt lat="22.7376880" lon="120.3306060">
    <ele>19.9</ele>
    <time>2026-09-18T07:43:50Z</time>
   </trkpt>
   <trkpt lat="22.7376850" lon="120.3306120">
    <ele>19.9</ele>
    <time>2026-09-18T07:43:51Z</time>
   </trkpt>
   <trkpt lat="22.7376890" lon="120.3306190">
    <ele>19.9</ele>
    <time>2026-09-18T07:43:52Z</time>
   </trkpt>
   <trkpt lat="22.7376970" lon="120.3306090">
    <ele>19.9</ele>
    <time>2026-09-18T07:43:53Z</time>
   </trkpt>
   <trkpt lat="22.7377040" lon="120.3306020">
    <ele>19.9</ele>
    <time>2026-09-18T07:43:54Z</time>
   </trkpt>
   <trkpt lat="22.7377100" lon="120.3306040">
    <ele>19.9</ele>
    <time>2026-09-18T07:43:55Z</time>
   </trkpt>
   <trkpt lat="22.7377170" lon="120.3306100">
    <ele>19.8</ele>
    <time>2026-09-18T07:43:56Z</time>
   </trkpt>
   <trkpt lat="22.7377170" lon="120.3306220">
    <ele>19.8</ele>
    <time>2026-09-18T07:43:57Z</time>
   </trkpt>
   <trkpt lat="22.7377150" lon="120.3306320">
    <ele>19.8</ele>
    <time>2026-09-18T07:43:58Z</time>
   </trkpt>
   <trkpt lat="22.7377120" lon="120.3306400">
    <ele>19.8</ele>
    <time>2026-09-18T07:43:59Z</time>
   </trkpt>
   <trkpt lat="22.7377100" lon="120.3306480">
    <ele>19.8</ele>
    <time>2026-09-18T07:44:00Z</time>
   </trkpt>
   <trkpt lat="22.7377120" lon="120.3306540">
    <ele>19.8</ele>
    <time>2026-09-18T07:44:01Z</time>
   </trkpt>
   <trkpt lat="22.7377180" lon="120.3306540">
    <ele>19.8</ele>
    <time>2026-09-18T07:44:02Z</time>
   </trkpt>
   <trkpt lat="22.7377260" lon="120.3306580">
    <ele>19.8</ele>
    <time>2026-09-18T07:44:03Z</time>
   </trkpt>
   <trkpt lat="22.7377340" lon="120.3306650">
    <ele>19.8</ele>
    <time>2026-09-18T07:44:04Z</time>
   </trkpt>
   <trkpt lat="22.7377390" lon="120.3306760">
    <ele>19.8</ele>
    <time>2026-09-18T07:44:05Z</time>
   </trkpt>
   <trkpt lat="22.7377360" lon="120.3306800">
    <ele>19.8</ele>
    <time>2026-09-18T07:44:06Z</time>
   </trkpt>
   <trkpt lat="22.7377300" lon="120.3306820">
    <ele>19.8</ele>
    <time>2026-09-18T07:44:07Z</time>
   </trkpt>
   <trkpt lat="22.7377260" lon="120.3306840">
    <ele>19.8</ele>
    <time>2026-09-18T07:44:08Z</time>
   </trkpt>
   <trkpt lat="22.7377250" lon="120.3306820">
    <ele>19.8</ele>
    <time>2026-09-18T07:44:09Z</time>
   </trkpt>
   <trkpt lat="22.7377250" lon="120.3306790">
    <ele>19.7</ele>
    <time>2026-09-18T07:44:10Z</time>
   </trkpt>
   <trkpt lat="22.7377280" lon="120.3306780">
    <ele>19.7</ele>
    <time>2026-09-18T07:44:11Z</time>
   </trkpt>
   <trkpt lat="22.7377370" lon="120.3306760">
    <ele>19.7</ele>
    <time>2026-09-18T07:44:12Z</time>
   </trkpt>
   <trkpt lat="22.7377480" lon="120.3306760">
    <ele>19.7</ele>
    <time>2026-09-18T07:44:13Z</time>
   </trkpt>
   <trkpt lat="22.7377530" lon="120.3306860">
    <ele>19.7</ele>
    <time>2026-09-18T07:44:14Z</time>
   </trkpt>
   <trkpt lat="22.7377530" lon="120.3306990">
    <ele>19.7</ele>
    <time>2026-09-18T07:44:16Z</time>
   </trkpt>
   <trkpt lat="22.7377490" lon="120.3307070">
    <ele>19.7</ele>
    <time>2026-09-18T07:44:17Z</time>
   </trkpt>
   <trkpt lat="22.7377430" lon="120.3307120">
    <ele>19.7</ele>
    <time>2026-09-18T07:44:18Z</time>
   </trkpt>
   <trkpt lat="22.7377510" lon="120.3307140">
    <ele>19.6</ele>
    <time>2026-09-18T07:44:19Z</time>
   </trkpt>
   <trkpt lat="22.7377600" lon="120.3307060">
    <ele>19.6</ele>
    <time>2026-09-18T07:44:20Z</time>
   </trkpt>
   <trkpt lat="22.7377710" lon="120.3307080">
    <ele>19.6</ele>
    <time>2026-09-18T07:44:22Z</time>
   </trkpt>
   <trkpt lat="22.7377750" lon="120.3307150">
    <ele>19.6</ele>
    <time>2026-09-18T07:44:23Z</time>
   </trkpt>
   <trkpt lat="22.7377750" lon="120.3307220">
    <ele>19.6</ele>
    <time>2026-09-18T07:44:24Z</time>
   </trkpt>
   <trkpt lat="22.7377720" lon="120.3307300">
    <ele>19.6</ele>
    <time>2026-09-18T07:44:25Z</time>
   </trkpt>
   <trkpt lat="22.7377680" lon="120.3307400">
    <ele>19.6</ele>
    <time>2026-09-18T07:44:26Z</time>
   </trkpt>
   <trkpt lat="22.7377690" lon="120.3307470">
    <ele>19.5</ele>
    <time>2026-09-18T07:44:27Z</time>
   </trkpt>
   <trkpt lat="22.7377730" lon="120.3307510">
    <ele>19.5</ele>
    <time>2026-09-18T07:44:28Z</time>
   </trkpt>
   <trkpt lat="22.7377820" lon="120.3307490">
    <ele>19.5</ele>
    <time>2026-09-18T07:44:29Z</time>
   </trkpt>
   <trkpt lat="22.7377860" lon="120.3307510">
    <ele>19.5</ele>
    <time>2026-09-18T07:44:30Z</time>
   </trkpt>
   <trkpt lat="22.7377900" lon="120.3307580">
    <ele>19.5</ele>
    <time>2026-09-18T07:44:31Z</time>
   </trkpt>
   <trkpt lat="22.7377920" lon="120.3307640">
    <ele>19.5</ele>
    <time>2026-09-18T07:44:32Z</time>
   </trkpt>
   <trkpt lat="22.7377910" lon="120.3307710">
    <ele>19.5</ele>
    <time>2026-09-18T07:44:33Z</time>
   </trkpt>
   <trkpt lat="22.7377860" lon="120.3307760">
    <ele>19.5</ele>
    <time>2026-09-18T07:44:34Z</time>
   </trkpt>
   <trkpt lat="22.7377860" lon="120.3307860">
    <ele>19.5</ele>
    <time>2026-09-18T07:44:36Z</time>
   </trkpt>
   <trkpt lat="22.7377930" lon="120.3307870">
    <ele>19.5</ele>
    <time>2026-09-18T07:44:37Z</time>
   </trkpt>
   <trkpt lat="22.7378020" lon="120.3307860">
    <ele>19.5</ele>
    <time>2026-09-18T07:44:38Z</time>
   </trkpt>
   <trkpt lat="22.7378080" lon="120.3307910">
    <ele>19.5</ele>
    <time>2026-09-18T07:44:39Z</time>
   </trkpt>
   <trkpt lat="22.7378100" lon="120.3308000">
    <ele>19.5</ele>
    <time>2026-09-18T07:44:40Z</time>
   </trkpt>
   <trkpt lat="22.7378070" lon="120.3308100">
    <ele>19.5</ele>
    <time>2026-09-18T07:44:41Z</time>
   </trkpt>
   <trkpt lat="22.7378020" lon="120.3308180">
    <ele>19.5</ele>
    <time>2026-09-18T07:44:42Z</time>
   </trkpt>
   <trkpt lat="22.7377980" lon="120.3308230">
    <ele>19.5</ele>
    <time>2026-09-18T07:44:43Z</time>
   </trkpt>
   <trkpt lat="22.7378020" lon="120.3308270">
    <ele>19.5</ele>
    <time>2026-09-18T07:44:44Z</time>
   </trkpt>
   <trkpt lat="22.7378050" lon="120.3308260">
    <ele>19.4</ele>
    <time>2026-09-18T07:44:45Z</time>
   </trkpt>
   <trkpt lat="22.7378160" lon="120.3308350">
    <ele>19.4</ele>
    <time>2026-09-18T07:44:46Z</time>
   </trkpt>
   <trkpt lat="22.7378160" lon="120.3308410">
    <ele>19.4</ele>
    <time>2026-09-18T07:44:47Z</time>
   </trkpt>
   <trkpt lat="22.7378110" lon="120.3308460">
    <ele>19.4</ele>
    <time>2026-09-18T07:44:48Z</time>
   </trkpt>
   <trkpt lat="22.7378060" lon="120.3308520">
    <ele>19.4</ele>
    <time>2026-09-18T07:44:49Z</time>
   </trkpt>
   <trkpt lat="22.7377960" lon="120.3308530">
    <ele>19.4</ele>
    <time>2026-09-18T07:44:50Z</time>
   </trkpt>
   <trkpt lat="22.7377870" lon="120.3308580">
    <ele>19.4</ele>
    <time>2026-09-18T07:44:51Z</time>
   </trkpt>
   <trkpt lat="22.7377900" lon="120.3308640">
    <ele>19.4</ele>
    <time>2026-09-18T07:44:52Z</time>
   </trkpt>
   <trkpt lat="22.7377910" lon="120.3308690">
    <ele>19.4</ele>
    <time>2026-09-18T07:44:53Z</time>
   </trkpt>
   <trkpt lat="22.7377920" lon="120.3308720">
    <ele>19.4</ele>
    <time>2026-09-18T07:44:54Z</time>
   </trkpt>
   <trkpt lat="22.7377920" lon="120.3308710">
    <ele>19.4</ele>
    <time>2026-09-18T07:44:55Z</time>
   </trkpt>
   <trkpt lat="22.7377930" lon="120.3308680">
    <ele>19.4</ele>
    <time>2026-09-18T07:44:56Z</time>
   </trkpt>
   <trkpt lat="22.7377940" lon="120.3308710">
    <ele>19.4</ele>
    <time>2026-09-18T07:44:57Z</time>
   </trkpt>
   <trkpt lat="22.7378000" lon="120.3308750">
    <ele>19.4</ele>
    <time>2026-09-18T07:44:58Z</time>
   </trkpt>
   <trkpt lat="22.7378170" lon="120.3308800">
    <ele>19.4</ele>
    <time>2026-09-18T07:44:59Z</time>
   </trkpt>
   <trkpt lat="22.7378240" lon="120.3308870">
    <ele>19.4</ele>
    <time>2026-09-18T07:45:00Z</time>
   </trkpt>
   <trkpt lat="22.7378200" lon="120.3308930">
    <ele>19.4</ele>
    <time>2026-09-18T07:45:01Z</time>
   </trkpt>
   <trkpt lat="22.7378110" lon="120.3308960">
    <ele>19.4</ele>
    <time>2026-09-18T07:45:02Z</time>
   </trkpt>
   <trkpt lat="22.7378030" lon="120.3308970">
    <ele>19.4</ele>
    <time>2026-09-18T07:45:03Z</time>
   </trkpt>
   <trkpt lat="22.7377990" lon="120.3308980">
    <ele>19.4</ele>
    <time>2026-09-18T07:45:04Z</time>
   </trkpt>
   <trkpt lat="22.7378060" lon="120.3309010">
    <ele>19.4</ele>
    <time>2026-09-18T07:45:05Z</time>
   </trkpt>
   <trkpt lat="22.7378160" lon="120.3309000">
    <ele>19.3</ele>
    <time>2026-09-18T07:45:06Z</time>
   </trkpt>
   <trkpt lat="22.7378250" lon="120.3309020">
    <ele>19.3</ele>
    <time>2026-09-18T07:45:07Z</time>
   </trkpt>
   <trkpt lat="22.7378300" lon="120.3309060">
    <ele>19.3</ele>
    <time>2026-09-18T07:45:08Z</time>
   </trkpt>
   <trkpt lat="22.7378320" lon="120.3309140">
    <ele>19.3</ele>
    <time>2026-09-18T07:45:09Z</time>
   </trkpt>
   <trkpt lat="22.7378260" lon="120.3309190">
    <ele>19.3</ele>
    <time>2026-09-18T07:45:10Z</time>
   </trkpt>
   <trkpt lat="22.7378200" lon="120.3309240">
    <ele>19.3</ele>
    <time>2026-09-18T07:45:11Z</time>
   </trkpt>
   <trkpt lat="22.7378250" lon="120.3309330">
    <ele>19.3</ele>
    <time>2026-09-18T07:45:12Z</time>
   </trkpt>
   <trkpt lat="22.7378310" lon="120.3309400">
    <ele>19.3</ele>
    <time>2026-09-18T07:45:13Z</time>
   </trkpt>
   <trkpt lat="22.7378320" lon="120.3309460">
    <ele>19.3</ele>
    <time>2026-09-18T07:45:14Z</time>
   </trkpt>
   <trkpt lat="22.7378320" lon="120.3309510">
    <ele>19.3</ele>
    <time>2026-09-18T07:45:15Z</time>
   </trkpt>
   <trkpt lat="22.7378320" lon="120.3309550">
    <ele>19.3</ele>
    <time>2026-09-18T07:45:16Z</time>
   </trkpt>
   <trkpt lat="22.7378360" lon="120.3309590">
    <ele>19.3</ele>
    <time>2026-09-18T07:45:17Z</time>
   </trkpt>
   <trkpt lat="22.7378420" lon="120.3309560">
    <ele>19.3</ele>
    <time>2026-09-18T07:45:18Z</time>
   </trkpt>
   <trkpt lat="22.7378630" lon="120.3309520">
    <ele>19.2</ele>
    <time>2026-09-18T07:45:19Z</time>
   </trkpt>
   <trkpt lat="22.7378690" lon="120.3309460">
    <ele>19.2</ele>
    <time>2026-09-18T07:45:20Z</time>
   </trkpt>
   <trkpt lat="22.7378740" lon="120.3309410">
    <ele>19.2</ele>
    <time>2026-09-18T07:45:21Z</time>
   </trkpt>
   <trkpt lat="22.7378770" lon="120.3309360">
    <ele>19.2</ele>
    <time>2026-09-18T07:45:22Z</time>
   </trkpt>
   <trkpt lat="22.7378830" lon="120.3309340">
    <ele>19.2</ele>
    <time>2026-09-18T07:45:23Z</time>
   </trkpt>
   <trkpt lat="22.7378860" lon="120.3309260">
    <ele>19.2</ele>
    <time>2026-09-18T07:45:24Z</time>
   </trkpt>
   <trkpt lat="22.7378800" lon="120.3309140">
    <ele>19.2</ele>
    <time>2026-09-18T07:45:25Z</time>
   </trkpt>
   <trkpt lat="22.7378740" lon="120.3309090">
    <ele>19.2</ele>
    <time>2026-09-18T07:45:26Z</time>
   </trkpt>
   <trkpt lat="22.7378710" lon="120.3309080">
    <ele>19.3</ele>
    <time>2026-09-18T07:45:27Z</time>
   </trkpt>
   <trkpt lat="22.7378660" lon="120.3309100">
    <ele>19.3</ele>
    <time>2026-09-18T07:45:28Z</time>
   </trkpt>
   <trkpt lat="22.7378620" lon="120.3309100">
    <ele>19.3</ele>
    <time>2026-09-18T07:45:29Z</time>
   </trkpt>
   <trkpt lat="22.7378590" lon="120.3309050">
    <ele>19.3</ele>
    <time>2026-09-18T07:45:30Z</time>
   </trkpt>
   <trkpt lat="22.7378570" lon="120.3308980">
    <ele>19.3</ele>
    <time>2026-09-18T07:45:31Z</time>
   </trkpt>
   <trkpt lat="22.7378620" lon="120.3308880">
    <ele>19.3</ele>
    <time>2026-09-18T07:45:32Z</time>
   </trkpt>
   <trkpt lat="22.7378680" lon="120.3308790">
    <ele>19.3</ele>
    <time>2026-09-18T07:45:33Z</time>
   </trkpt>
   <trkpt lat="22.7378720" lon="120.3308720">
    <ele>19.3</ele>
    <time>2026-09-18T07:45:34Z</time>
   </trkpt>
   <trkpt lat="22.7378700" lon="120.3308680">
    <ele>19.3</ele>
    <time>2026-09-18T07:45:35Z</time>
   </trkpt>
   <trkpt lat="22.7378640" lon="120.3308680">
    <ele>19.3</ele>
    <time>2026-09-18T07:45:36Z</time>
   </trkpt>
   <trkpt lat="22.7378580" lon="120.3308690">
    <ele>19.3</ele>
    <time>2026-09-18T07:45:37Z</time>
   </trkpt>
   <trkpt lat="22.7378540" lon="120.3308660">
    <ele>19.3</ele>
    <time>2026-09-18T07:45:38Z</time>
   </trkpt>
   <trkpt lat="22.7378520" lon="120.3308540">
    <ele>19.3</ele>
    <time>2026-09-18T07:45:39Z</time>
   </trkpt>
   <trkpt lat="22.7378470" lon="120.3308440">
    <ele>19.3</ele>
    <time>2026-09-18T07:45:40Z</time>
   </trkpt>
   <trkpt lat="22.7378500" lon="120.3308350">
    <ele>19.3</ele>
    <time>2026-09-18T07:45:41Z</time>
   </trkpt>
   <trkpt lat="22.7378530" lon="120.3308310">
    <ele>19.4</ele>
    <time>2026-09-18T07:45:42Z</time>
   </trkpt>
   <trkpt lat="22.7378530" lon="120.3308280">
    <ele>19.4</ele>
    <time>2026-09-18T07:45:43Z</time>
   </trkpt>
   <trkpt lat="22.7378510" lon="120.3308280">
    <ele>19.4</ele>
    <time>2026-09-18T07:45:44Z</time>
   </trkpt>
   <trkpt lat="22.7378460" lon="120.3308230">
    <ele>19.4</ele>
    <time>2026-09-18T07:45:45Z</time>
   </trkpt>
   <trkpt lat="22.7378420" lon="120.3308180">
    <ele>19.4</ele>
    <time>2026-09-18T07:45:46Z</time>
   </trkpt>
   <trkpt lat="22.7378380" lon="120.3308100">
    <ele>19.4</ele>
    <time>2026-09-18T07:45:47Z</time>
   </trkpt>
   <trkpt lat="22.7378350" lon="120.3307970">
    <ele>19.4</ele>
    <time>2026-09-18T07:45:48Z</time>
   </trkpt>
   <trkpt lat="22.7378400" lon="120.3307870">
    <ele>19.4</ele>
    <time>2026-09-18T07:45:49Z</time>
   </trkpt>
   <trkpt lat="22.7378460" lon="120.3307800">
    <ele>19.4</ele>
    <time>2026-09-18T07:45:50Z</time>
   </trkpt>
   <trkpt lat="22.7378480" lon="120.3307760">
    <ele>19.4</ele>
    <time>2026-09-18T07:45:51Z</time>
   </trkpt>
   <trkpt lat="22.7378470" lon="120.3307770">
    <ele>19.4</ele>
    <time>2026-09-18T07:45:52Z</time>
   </trkpt>
   <trkpt lat="22.7378430" lon="120.3307800">
    <ele>19.4</ele>
    <time>2026-09-18T07:45:53Z</time>
   </trkpt>
   <trkpt lat="22.7378390" lon="120.3307800">
    <ele>19.4</ele>
    <time>2026-09-18T07:45:54Z</time>
   </trkpt>
   <trkpt lat="22.7378350" lon="120.3307740">
    <ele>19.4</ele>
    <time>2026-09-18T07:45:55Z</time>
   </trkpt>
   <trkpt lat="22.7378300" lon="120.3307630">
    <ele>19.4</ele>
    <time>2026-09-18T07:45:56Z</time>
   </trkpt>
   <trkpt lat="22.7378280" lon="120.3307560">
    <ele>19.4</ele>
    <time>2026-09-18T07:45:57Z</time>
   </trkpt>
   <trkpt lat="22.7378320" lon="120.3307510">
    <ele>19.4</ele>
    <time>2026-09-18T07:45:58Z</time>
   </trkpt>
   <trkpt lat="22.7378350" lon="120.3307480">
    <ele>19.4</ele>
    <time>2026-09-18T07:45:59Z</time>
   </trkpt>
   <trkpt lat="22.7378350" lon="120.3307450">
    <ele>19.4</ele>
    <time>2026-09-18T07:46:00Z</time>
   </trkpt>
   <trkpt lat="22.7378340" lon="120.3307490">
    <ele>19.4</ele>
    <time>2026-09-18T07:46:01Z</time>
   </trkpt>
   <trkpt lat="22.7378330" lon="120.3307530">
    <ele>19.4</ele>
    <time>2026-09-18T07:46:02Z</time>
   </trkpt>
   <trkpt lat="22.7378340" lon="120.3307560">
    <ele>19.4</ele>
    <time>2026-09-18T07:46:03Z</time>
   </trkpt>
   <trkpt lat="22.7378330" lon="120.3307580">
    <ele>19.4</ele>
    <time>2026-09-18T07:46:04Z</time>
   </trkpt>
   <trkpt lat="22.7378300" lon="120.3307540">
    <ele>19.4</ele>
    <time>2026-09-18T07:46:05Z</time>
   </trkpt>
   <trkpt lat="22.7378260" lon="120.3307470">
    <ele>19.4</ele>
    <time>2026-09-18T07:46:06Z</time>
   </trkpt>
   <trkpt lat="22.7378220" lon="120.3307390">
    <ele>19.4</ele>
    <time>2026-09-18T07:46:07Z</time>
   </trkpt>
   <trkpt lat="22.7378150" lon="120.3307260">
    <ele>19.5</ele>
    <time>2026-09-18T07:46:08Z</time>
   </trkpt>
   <trkpt lat="22.7378170" lon="120.3307200">
    <ele>19.5</ele>
    <time>2026-09-18T07:46:10Z</time>
   </trkpt>
   <trkpt lat="22.7378200" lon="120.3307150">
    <ele>19.5</ele>
    <time>2026-09-18T07:46:11Z</time>
   </trkpt>
   <trkpt lat="22.7378230" lon="120.3307120">
    <ele>19.5</ele>
    <time>2026-09-18T07:46:12Z</time>
   </trkpt>
   <trkpt lat="22.7378240" lon="120.3307110">
    <ele>19.5</ele>
    <time>2026-09-18T07:46:13Z</time>
   </trkpt>
   <trkpt lat="22.7378230" lon="120.3307130">
    <ele>19.5</ele>
    <time>2026-09-18T07:46:14Z</time>
   </trkpt>
   <trkpt lat="22.7378200" lon="120.3307150">
    <ele>19.5</ele>
    <time>2026-09-18T07:46:15Z</time>
   </trkpt>
   <trkpt lat="22.7378160" lon="120.3307160">
    <ele>19.5</ele>
    <time>2026-09-18T07:46:16Z</time>
   </trkpt>
   <trkpt lat="22.7378110" lon="120.3307120">
    <ele>19.5</ele>
    <time>2026-09-18T07:46:17Z</time>
   </trkpt>
   <trkpt lat="22.7378010" lon="120.3306960">
    <ele>19.5</ele>
    <time>2026-09-18T07:46:18Z</time>
   </trkpt>
   <trkpt lat="22.7377980" lon="120.3306830">
    <ele>19.5</ele>
    <time>2026-09-18T07:46:20Z</time>
   </trkpt>
   <trkpt lat="22.7378020" lon="120.3306740">
    <ele>19.5</ele>
    <time>2026-09-18T07:46:21Z</time>
   </trkpt>
   <trkpt lat="22.7378030" lon="120.3306700">
    <ele>19.5</ele>
    <time>2026-09-18T07:46:22Z</time>
   </trkpt>
   <trkpt lat="22.7378040" lon="120.3306680">
    <ele>19.5</ele>
    <time>2026-09-18T07:46:23Z</time>
   </trkpt>
   <trkpt lat="22.7378060" lon="120.3306690">
    <ele>19.5</ele>
    <time>2026-09-18T07:46:24Z</time>
   </trkpt>
   <trkpt lat="22.7378020" lon="120.3306660">
    <ele>19.5</ele>
    <time>2026-09-18T07:46:25Z</time>
   </trkpt>
   <trkpt lat="22.7377970" lon="120.3306620">
    <ele>19.5</ele>
    <time>2026-09-18T07:46:26Z</time>
   </trkpt>
   <trkpt lat="22.7377910" lon="120.3306540">
    <ele>19.5</ele>
    <time>2026-09-18T07:46:27Z</time>
   </trkpt>
   <trkpt lat="22.7377850" lon="120.3306450">
    <ele>19.5</ele>
    <time>2026-09-18T07:46:28Z</time>
   </trkpt>
   <trkpt lat="22.7377820" lon="120.3306370">
    <ele>19.5</ele>
    <time>2026-09-18T07:46:29Z</time>
   </trkpt>
   <trkpt lat="22.7377860" lon="120.3306320">
    <ele>19.6</ele>
    <time>2026-09-18T07:46:30Z</time>
   </trkpt>
   <trkpt lat="22.7377890" lon="120.3306280">
    <ele>19.6</ele>
    <time>2026-09-18T07:46:31Z</time>
   </trkpt>
   <trkpt lat="22.7377900" lon="120.3306300">
    <ele>19.6</ele>
    <time>2026-09-18T07:46:32Z</time>
   </trkpt>
   <trkpt lat="22.7377890" lon="120.3306310">
    <ele>19.6</ele>
    <time>2026-09-18T07:46:33Z</time>
   </trkpt>
   <trkpt lat="22.7377840" lon="120.3306310">
    <ele>19.6</ele>
    <time>2026-09-18T07:46:34Z</time>
   </trkpt>
   <trkpt lat="22.7377790" lon="120.3306260">
    <ele>19.6</ele>
    <time>2026-09-18T07:46:35Z</time>
   </trkpt>
   <trkpt lat="22.7377740" lon="120.3306170">
    <ele>19.6</ele>
    <time>2026-09-18T07:46:36Z</time>
   </trkpt>
   <trkpt lat="22.7377690" lon="120.3306080">
    <ele>19.6</ele>
    <time>2026-09-18T07:46:37Z</time>
   </trkpt>
   <trkpt lat="22.7377680" lon="120.3306020">
    <ele>19.6</ele>
    <time>2026-09-18T07:46:38Z</time>
   </trkpt>
   <trkpt lat="22.7377710" lon="120.3305950">
    <ele>19.6</ele>
    <time>2026-09-18T07:46:39Z</time>
   </trkpt>
   <trkpt lat="22.7377700" lon="120.3305880">
    <ele>19.6</ele>
    <time>2026-09-18T07:46:40Z</time>
   </trkpt>
   <trkpt lat="22.7377680" lon="120.3305860">
    <ele>19.6</ele>
    <time>2026-09-18T07:46:41Z</time>
   </trkpt>
   <trkpt lat="22.7377680" lon="120.3305870">
    <ele>19.7</ele>
    <time>2026-09-18T07:46:42Z</time>
   </trkpt>
   <trkpt lat="22.7377690" lon="120.3305900">
    <ele>19.7</ele>
    <time>2026-09-18T07:46:43Z</time>
   </trkpt>
   <trkpt lat="22.7377680" lon="120.3305910">
    <ele>19.7</ele>
    <time>2026-09-18T07:46:44Z</time>
   </trkpt>
   <trkpt lat="22.7377650" lon="120.3305910">
    <ele>19.7</ele>
    <time>2026-09-18T07:46:45Z</time>
   </trkpt>
   <trkpt lat="22.7377610" lon="120.3305900">
    <ele>19.7</ele>
    <time>2026-09-18T07:46:46Z</time>
   </trkpt>
   <trkpt lat="22.7377540" lon="120.3305840">
    <ele>19.7</ele>
    <time>2026-09-18T07:46:47Z</time>
   </trkpt>
   <trkpt lat="22.7377490" lon="120.3305730">
    <ele>19.7</ele>
    <time>2026-09-18T07:46:48Z</time>
   </trkpt>
   <trkpt lat="22.7377490" lon="120.3305640">
    <ele>19.7</ele>
    <time>2026-09-18T07:46:49Z</time>
   </trkpt>
   <trkpt lat="22.7377530" lon="120.3305590">
    <ele>19.7</ele>
    <time>2026-09-18T07:46:50Z</time>
   </trkpt>
   <trkpt lat="22.7377490" lon="120.3305540">
    <ele>19.7</ele>
    <time>2026-09-18T07:46:51Z</time>
   </trkpt>
   <trkpt lat="22.7377440" lon="120.3305550">
    <ele>19.7</ele>
    <time>2026-09-18T07:46:52Z</time>
   </trkpt>
   <trkpt lat="22.7377370" lon="120.3305590">
    <ele>19.8</ele>
    <time>2026-09-18T07:46:53Z</time>
   </trkpt>
   <trkpt lat="22.7377280" lon="120.3305590">
    <ele>19.8</ele>
    <time>2026-09-18T07:46:54Z</time>
   </trkpt>
   <trkpt lat="22.7377170" lon="120.3305510">
    <ele>19.8</ele>
    <time>2026-09-18T07:46:55Z</time>
   </trkpt>
   <trkpt lat="22.7377100" lon="120.3305410">
    <ele>19.8</ele>
    <time>2026-09-18T07:46:56Z</time>
   </trkpt>
   <trkpt lat="22.7377080" lon="120.3305330">
    <ele>19.8</ele>
    <time>2026-09-18T07:46:57Z</time>
   </trkpt>
   <trkpt lat="22.7377180" lon="120.3305270">
    <ele>19.8</ele>
    <time>2026-09-18T07:46:58Z</time>
   </trkpt>
   <trkpt lat="22.7377180" lon="120.3305190">
    <ele>19.8</ele>
    <time>2026-09-18T07:47:00Z</time>
   </trkpt>
   <trkpt lat="22.7377140" lon="120.3305190">
    <ele>19.8</ele>
    <time>2026-09-18T07:47:01Z</time>
   </trkpt>
   <trkpt lat="22.7377110" lon="120.3305230">
    <ele>19.8</ele>
    <time>2026-09-18T07:47:02Z</time>
   </trkpt>
   <trkpt lat="22.7377080" lon="120.3305260">
    <ele>19.8</ele>
    <time>2026-09-18T07:47:03Z</time>
   </trkpt>
   <trkpt lat="22.7377010" lon="120.3305180">
    <ele>19.8</ele>
    <time>2026-09-18T07:47:04Z</time>
   </trkpt>
   <trkpt lat="22.7376940" lon="120.3305050">
    <ele>19.8</ele>
    <time>2026-09-18T07:47:05Z</time>
   </trkpt>
   <trkpt lat="22.7376910" lon="120.3304970">
    <ele>19.9</ele>
    <time>2026-09-18T07:47:06Z</time>
   </trkpt>
   <trkpt lat="22.7376920" lon="120.3304900">
    <ele>19.9</ele>
    <time>2026-09-18T07:47:07Z</time>
   </trkpt>
   <trkpt lat="22.7376930" lon="120.3304860">
    <ele>19.9</ele>
    <time>2026-09-18T07:47:08Z</time>
   </trkpt>
   <trkpt lat="22.7376920" lon="120.3304830">
    <ele>19.9</ele>
    <time>2026-09-18T07:47:09Z</time>
   </trkpt>
   <trkpt lat="22.7376910" lon="120.3304830">
    <ele>19.9</ele>
    <time>2026-09-18T07:47:10Z</time>
   </trkpt>
   <trkpt lat="22.7376910" lon="120.3304850">
    <ele>19.9</ele>
    <time>2026-09-18T07:47:11Z</time>
   </trkpt>
   <trkpt lat="22.7376900" lon="120.3304870">
    <ele>19.9</ele>
    <time>2026-09-18T07:47:12Z</time>
   </trkpt>
   <trkpt lat="22.7376880" lon="120.3304870">
    <ele>19.9</ele>
    <time>2026-09-18T07:47:13Z</time>
   </trkpt>
   <trkpt lat="22.7376830" lon="120.3304830">
    <ele>19.9</ele>
    <time>2026-09-18T07:47:14Z</time>
   </trkpt>
   <trkpt lat="22.7376780" lon="120.3304730">
    <ele>19.9</ele>
    <time>2026-09-18T07:47:15Z</time>
   </trkpt>
   <trkpt lat="22.7376780" lon="120.3304650">
    <ele>19.9</ele>
    <time>2026-09-18T07:47:16Z</time>
   </trkpt>
   <trkpt lat="22.7376810" lon="120.3304580">
    <ele>19.9</ele>
    <time>2026-09-18T07:47:17Z</time>
   </trkpt>
   <trkpt lat="22.7376840" lon="120.3304540">
    <ele>19.9</ele>
    <time>2026-09-18T07:47:18Z</time>
   </trkpt>
   <trkpt lat="22.7376840" lon="120.3304560">
    <ele>19.9</ele>
    <time>2026-09-18T07:47:19Z</time>
   </trkpt>
   <trkpt lat="22.7376850" lon="120.3304600">
    <ele>19.9</ele>
    <time>2026-09-18T07:47:20Z</time>
   </trkpt>
   <trkpt lat="22.7376850" lon="120.3304640">
    <ele>19.9</ele>
    <time>2026-09-18T07:47:21Z</time>
   </trkpt>
   <trkpt lat="22.7376850" lon="120.3304680">
    <ele>19.9</ele>
    <time>2026-09-18T07:47:22Z</time>
   </trkpt>
   <trkpt lat="22.7376830" lon="120.3304690">
    <ele>19.9</ele>
    <time>2026-09-18T07:47:23Z</time>
   </trkpt>
   <trkpt lat="22.7376810" lon="120.3304690">
    <ele>19.9</ele>
    <time>2026-09-18T07:47:24Z</time>
   </trkpt>
   <trkpt lat="22.7376750" lon="120.3304620">
    <ele>19.9</ele>
    <time>2026-09-18T07:47:25Z</time>
   </trkpt>
   <trkpt lat="22.7376640" lon="120.3304520">
    <ele>19.9</ele>
    <time>2026-09-18T07:47:26Z</time>
   </trkpt>
   <trkpt lat="22.7376560" lon="120.3304390">
    <ele>19.9</ele>
    <time>2026-09-18T07:47:27Z</time>
   </trkpt>
   <trkpt lat="22.7376510" lon="120.3304260">
    <ele>19.9</ele>
    <time>2026-09-18T07:47:28Z</time>
   </trkpt>
   <trkpt lat="22.7376480" lon="120.3304160">
    <ele>19.9</ele>
    <time>2026-09-18T07:47:29Z</time>
   </trkpt>
   <trkpt lat="22.7376520" lon="120.3304040">
    <ele>19.9</ele>
    <time>2026-09-18T07:47:30Z</time>
   </trkpt>
   <trkpt lat="22.7376610" lon="120.3303990">
    <ele>19.9</ele>
    <time>2026-09-18T07:47:31Z</time>
   </trkpt>
   <trkpt lat="22.7376590" lon="120.3303990">
    <ele>19.9</ele>
    <time>2026-09-18T07:47:32Z</time>
   </trkpt>
   <trkpt lat="22.7376510" lon="120.3304020">
    <ele>19.9</ele>
    <time>2026-09-18T07:47:33Z</time>
   </trkpt>
   <trkpt lat="22.7376400" lon="120.3304100">
    <ele>19.9</ele>
    <time>2026-09-18T07:47:34Z</time>
   </trkpt>
   <trkpt lat="22.7376260" lon="120.3304100">
    <ele>19.9</ele>
    <time>2026-09-18T07:47:35Z</time>
   </trkpt>
   <trkpt lat="22.7376160" lon="120.3304010">
    <ele>19.9</ele>
    <time>2026-09-18T07:47:36Z</time>
   </trkpt>
   <trkpt lat="22.7376100" lon="120.3303900">
    <ele>19.9</ele>
    <time>2026-09-18T07:47:37Z</time>
   </trkpt>
   <trkpt lat="22.7376090" lon="120.3303800">
    <ele>19.9</ele>
    <time>2026-09-18T07:47:38Z</time>
   </trkpt>
   <trkpt lat="22.7376070" lon="120.3303680">
    <ele>19.8</ele>
    <time>2026-09-18T07:47:39Z</time>
   </trkpt>
   <trkpt lat="22.7376140" lon="120.3303530">
    <ele>19.7</ele>
    <time>2026-09-18T07:47:40Z</time>
   </trkpt>
   <trkpt lat="22.7376230" lon="120.3303430">
    <ele>19.6</ele>
    <time>2026-09-18T07:47:41Z</time>
   </trkpt>
   <trkpt lat="22.7376380" lon="120.3303290">
    <ele>20.0</ele>
    <time>2026-09-18T07:47:42Z</time>
   </trkpt>
   <trkpt lat="22.7376440" lon="120.3303130">
    <ele>19.9</ele>
    <time>2026-09-18T07:47:43Z</time>
   </trkpt>
   <trkpt lat="22.7376530" lon="120.3303010">
    <ele>19.8</ele>
    <time>2026-09-18T07:47:44Z</time>
   </trkpt>
   <trkpt lat="22.7376580" lon="120.3302880">
    <ele>20.1</ele>
    <time>2026-09-18T07:47:45Z</time>
   </trkpt>
   <trkpt lat="22.7376710" lon="120.3302750">
    <ele>20.0</ele>
    <time>2026-09-18T07:47:47Z</time>
   </trkpt>
   <trkpt lat="22.7376780" lon="120.3302660">
    <ele>20.4</ele>
    <time>2026-09-18T07:47:48Z</time>
   </trkpt>
   <trkpt lat="22.7376890" lon="120.3302580">
    <ele>20.3</ele>
    <time>2026-09-18T07:47:49Z</time>
   </trkpt>
   <trkpt lat="22.7376970" lon="120.3302540">
    <ele>20.2</ele>
    <time>2026-09-18T07:47:50Z</time>
   </trkpt>
   <trkpt lat="22.7377070" lon="120.3302490">
    <ele>20.1</ele>
    <time>2026-09-18T07:47:51Z</time>
   </trkpt>
   <trkpt lat="22.7377150" lon="120.3302430">
    <ele>20.5</ele>
    <time>2026-09-18T07:47:52Z</time>
   </trkpt>
   <trkpt lat="22.7377210" lon="120.3302370">
    <ele>21.0</ele>
    <time>2026-09-18T07:47:53Z</time>
   </trkpt>
   <trkpt lat="22.7377270" lon="120.3302300">
    <ele>20.9</ele>
    <time>2026-09-18T07:47:54Z</time>
   </trkpt>
   <trkpt lat="22.7377330" lon="120.3302240">
    <ele>20.7</ele>
    <time>2026-09-18T07:47:55Z</time>
   </trkpt>
   <trkpt lat="22.7377410" lon="120.3302170">
    <ele>20.6</ele>
    <time>2026-09-18T07:47:56Z</time>
   </trkpt>
   <trkpt lat="22.7377480" lon="120.3302100">
    <ele>20.5</ele>
    <time>2026-09-18T07:47:57Z</time>
   </trkpt>
   <trkpt lat="22.7377590" lon="120.3302050">
    <ele>20.8</ele>
    <time>2026-09-18T07:47:58Z</time>
   </trkpt>
   <trkpt lat="22.7377700" lon="120.3302000">
    <ele>21.2</ele>
    <time>2026-09-18T07:47:59Z</time>
   </trkpt>
   <trkpt lat="22.7377790" lon="120.3301930">
    <ele>21.1</ele>
    <time>2026-09-18T07:48:01Z</time>
   </trkpt>
   <trkpt lat="22.7377900" lon="120.3301830">
    <ele>21.0</ele>
    <time>2026-09-18T07:48:02Z</time>
   </trkpt>
   <trkpt lat="22.7377980" lon="120.3301750">
    <ele>21.1</ele>
    <time>2026-09-18T07:48:03Z</time>
   </trkpt>
   <trkpt lat="22.7378040" lon="120.3301700">
    <ele>21.0</ele>
    <time>2026-09-18T07:48:04Z</time>
   </trkpt>
   <trkpt lat="22.7378080" lon="120.3301660">
    <ele>20.9</ele>
    <time>2026-09-18T07:48:05Z</time>
   </trkpt>
   <trkpt lat="22.7378110" lon="120.3301610">
    <ele>21.3</ele>
    <time>2026-09-18T07:48:06Z</time>
   </trkpt>
   <trkpt lat="22.7378200" lon="120.3301520">
    <ele>21.2</ele>
    <time>2026-09-18T07:48:07Z</time>
   </trkpt>
   <trkpt lat="22.7378250" lon="120.3301460">
    <ele>21.0</ele>
    <time>2026-09-18T07:48:08Z</time>
   </trkpt>
   <trkpt lat="22.7378310" lon="120.3301380">
    <ele>20.9</ele>
    <time>2026-09-18T07:48:09Z</time>
   </trkpt>
   <trkpt lat="22.7378360" lon="120.3301310">
    <ele>21.0</ele>
    <time>2026-09-18T07:48:10Z</time>
   </trkpt>
   <trkpt lat="22.7378400" lon="120.3301250">
    <ele>20.9</ele>
    <time>2026-09-18T07:48:11Z</time>
   </trkpt>
   <trkpt lat="22.7378490" lon="120.3301130">
    <ele>21.4</ele>
    <time>2026-09-18T07:48:13Z</time>
   </trkpt>
   <trkpt lat="22.7378480" lon="120.3301070">
    <ele>21.3</ele>
    <time>2026-09-18T07:48:14Z</time>
   </trkpt>
   <trkpt lat="22.7378480" lon="120.3301010">
    <ele>21.1</ele>
    <time>2026-09-18T07:48:15Z</time>
   </trkpt>
   <trkpt lat="22.7378490" lon="120.3300940">
    <ele>21.0</ele>
    <time>2026-09-18T07:48:16Z</time>
   </trkpt>
   <trkpt lat="22.7378520" lon="120.3300880">
    <ele>20.9</ele>
    <time>2026-09-18T07:48:17Z</time>
   </trkpt>
   <trkpt lat="22.7378560" lon="120.3300850">
    <ele>20.8</ele>
    <time>2026-09-18T07:48:19Z</time>
   </trkpt>
   <trkpt lat="22.7378580" lon="120.3300890">
    <ele>20.7</ele>
    <time>2026-09-18T07:48:21Z</time>
   </trkpt>
   <trkpt lat="22.7378570" lon="120.3300920">
    <ele>20.5</ele>
    <time>2026-09-18T07:48:22Z</time>
   </trkpt>
   <trkpt lat="22.7378570" lon="120.3300940">
    <ele>20.4</ele>
    <time>2026-09-18T07:48:23Z</time>
   </trkpt>
   <trkpt lat="22.7378570" lon="120.3300960">
    <ele>20.3</ele>
    <time>2026-09-18T07:48:24Z</time>
   </trkpt>
   <trkpt lat="22.7378570" lon="120.3300970">
    <ele>20.2</ele>
    <time>2026-09-18T07:48:25Z</time>
   </trkpt>
   <trkpt lat="22.7378570" lon="120.3300980">
    <ele>20.1</ele>
    <time>2026-09-18T07:48:26Z</time>
   </trkpt>
   <trkpt lat="22.7378580" lon="120.3300980">
    <ele>19.9</ele>
    <time>2026-09-18T07:48:27Z</time>
   </trkpt>
   <trkpt lat="22.7378590" lon="120.3300980">
    <ele>19.8</ele>
    <time>2026-09-18T07:48:28Z</time>
   </trkpt>
   <trkpt lat="22.7378600" lon="120.3300990">
    <ele>19.7</ele>
    <time>2026-09-18T07:48:29Z</time>
   </trkpt>
   <trkpt lat="22.7378600" lon="120.3300990">
    <ele>19.6</ele>
    <time>2026-09-18T07:48:30Z</time>
   </trkpt>
   <trkpt lat="22.7378670" lon="120.3300950">
    <ele>19.4</ele>
    <time>2026-09-18T07:48:32Z</time>
   </trkpt>
   <trkpt lat="22.7378720" lon="120.3300920">
    <ele>19.3</ele>
    <time>2026-09-18T07:48:33Z</time>
   </trkpt>
   <trkpt lat="22.7378780" lon="120.3300880">
    <ele>19.4</ele>
    <time>2026-09-18T07:48:34Z</time>
   </trkpt>
   <trkpt lat="22.7378860" lon="120.3300830">
    <ele>19.3</ele>
    <time>2026-09-18T07:48:35Z</time>
   </trkpt>
   <trkpt lat="22.7378980" lon="120.3300710">
    <ele>19.8</ele>
    <time>2026-09-18T07:48:36Z</time>
   </trkpt>
   <trkpt lat="22.7379070" lon="120.3300670">
    <ele>19.7</ele>
    <time>2026-09-18T07:48:37Z</time>
   </trkpt>
   <trkpt lat="22.7379210" lon="120.3300720">
    <ele>19.7</ele>
    <time>2026-09-18T07:48:38Z</time>
   </trkpt>
   <trkpt lat="22.7379300" lon="120.3300910">
    <ele>19.7</ele>
    <time>2026-09-18T07:48:39Z</time>
   </trkpt>
   <trkpt lat="22.7379350" lon="120.3301070">
    <ele>19.6</ele>
    <time>2026-09-18T07:48:40Z</time>
   </trkpt>
   <trkpt lat="22.7379380" lon="120.3301190">
    <ele>19.6</ele>
    <time>2026-09-18T07:48:41Z</time>
   </trkpt>
   <trkpt lat="22.7379440" lon="120.3301360">
    <ele>19.6</ele>
    <time>2026-09-18T07:48:43Z</time>
   </trkpt>
   <trkpt lat="22.7379480" lon="120.3301450">
    <ele>19.6</ele>
    <time>2026-09-18T07:48:44Z</time>
   </trkpt>
   <trkpt lat="22.7379510" lon="120.3301560">
    <ele>19.6</ele>
    <time>2026-09-18T07:48:45Z</time>
   </trkpt>
   <trkpt lat="22.7379530" lon="120.3301660">
    <ele>19.6</ele>
    <time>2026-09-18T07:48:46Z</time>
   </trkpt>
   <trkpt lat="22.7379530" lon="120.3301750">
    <ele>19.6</ele>
    <time>2026-09-18T07:48:47Z</time>
   </trkpt>
   <trkpt lat="22.7379510" lon="120.3301840">
    <ele>19.6</ele>
    <time>2026-09-18T07:48:48Z</time>
   </trkpt>
   <trkpt lat="22.7379490" lon="120.3301930">
    <ele>19.6</ele>
    <time>2026-09-18T07:48:49Z</time>
   </trkpt>
   <trkpt lat="22.7379480" lon="120.3301980">
    <ele>19.6</ele>
    <time>2026-09-18T07:48:50Z</time>
   </trkpt>
   <trkpt lat="22.7379490" lon="120.3302010">
    <ele>19.6</ele>
    <time>2026-09-18T07:48:51Z</time>
   </trkpt>
   <trkpt lat="22.7379530" lon="120.3302030">
    <ele>19.6</ele>
    <time>2026-09-18T07:48:52Z</time>
   </trkpt>
   <trkpt lat="22.7379580" lon="120.3302050">
    <ele>19.6</ele>
    <time>2026-09-18T07:48:53Z</time>
   </trkpt>
   <trkpt lat="22.7379610" lon="120.3302100">
    <ele>19.6</ele>
    <time>2026-09-18T07:48:54Z</time>
   </trkpt>
   <trkpt lat="22.7379620" lon="120.3302160">
    <ele>19.6</ele>
    <time>2026-09-18T07:48:55Z</time>
   </trkpt>
   <trkpt lat="22.7379600" lon="120.3302210">
    <ele>19.6</ele>
    <time>2026-09-18T07:48:56Z</time>
   </trkpt>
   <trkpt lat="22.7379610" lon="120.3302250">
    <ele>19.6</ele>
    <time>2026-09-18T07:48:57Z</time>
   </trkpt>
   <trkpt lat="22.7379620" lon="120.3302230">
    <ele>19.6</ele>
    <time>2026-09-18T07:48:58Z</time>
   </trkpt>
   <trkpt lat="22.7379640" lon="120.3302230">
    <ele>19.6</ele>
    <time>2026-09-18T07:48:59Z</time>
   </trkpt>
   <trkpt lat="22.7379670" lon="120.3302230">
    <ele>19.6</ele>
    <time>2026-09-18T07:49:00Z</time>
   </trkpt>
   <trkpt lat="22.7379730" lon="120.3302280">
    <ele>19.6</ele>
    <time>2026-09-18T07:49:01Z</time>
   </trkpt>
   <trkpt lat="22.7379800" lon="120.3302360">
    <ele>19.6</ele>
    <time>2026-09-18T07:49:02Z</time>
   </trkpt>
   <trkpt lat="22.7379870" lon="120.3302430">
    <ele>19.6</ele>
    <time>2026-09-18T07:49:03Z</time>
   </trkpt>
   <trkpt lat="22.7379930" lon="120.3302520">
    <ele>19.5</ele>
    <time>2026-09-18T07:49:04Z</time>
   </trkpt>
   <trkpt lat="22.7379880" lon="120.3302560">
    <ele>19.5</ele>
    <time>2026-09-18T07:49:05Z</time>
   </trkpt>
   <trkpt lat="22.7379820" lon="120.3302570">
    <ele>19.5</ele>
    <time>2026-09-18T07:49:06Z</time>
   </trkpt>
   <trkpt lat="22.7379780" lon="120.3302570">
    <ele>19.5</ele>
    <time>2026-09-18T07:49:07Z</time>
   </trkpt>
   <trkpt lat="22.7379810" lon="120.3302590">
    <ele>19.5</ele>
    <time>2026-09-18T07:49:09Z</time>
   </trkpt>
   <trkpt lat="22.7379840" lon="120.3302650">
    <ele>19.5</ele>
    <time>2026-09-18T07:49:10Z</time>
   </trkpt>
   <trkpt lat="22.7379920" lon="120.3302710">
    <ele>19.5</ele>
    <time>2026-09-18T07:49:11Z</time>
   </trkpt>
   <trkpt lat="22.7379980" lon="120.3302800">
    <ele>19.5</ele>
    <time>2026-09-18T07:49:12Z</time>
   </trkpt>
   <trkpt lat="22.7380020" lon="120.3302880">
    <ele>19.5</ele>
    <time>2026-09-18T07:49:13Z</time>
   </trkpt>
   <trkpt lat="22.7380020" lon="120.3302950">
    <ele>19.5</ele>
    <time>2026-09-18T07:49:14Z</time>
   </trkpt>
   <trkpt lat="22.7379990" lon="120.3303010">
    <ele>19.5</ele>
    <time>2026-09-18T07:49:15Z</time>
   </trkpt>
   <trkpt lat="22.7379930" lon="120.3303010">
    <ele>19.5</ele>
    <time>2026-09-18T07:49:16Z</time>
   </trkpt>
   <trkpt lat="22.7379940" lon="120.3303020">
    <ele>19.5</ele>
    <time>2026-09-18T07:49:17Z</time>
   </trkpt>
   <trkpt lat="22.7379980" lon="120.3303060">
    <ele>19.5</ele>
    <time>2026-09-18T07:49:18Z</time>
   </trkpt>
   <trkpt lat="22.7380030" lon="120.3303040">
    <ele>19.5</ele>
    <time>2026-09-18T07:49:19Z</time>
   </trkpt>
   <trkpt lat="22.7380100" lon="120.3303000">
    <ele>19.5</ele>
    <time>2026-09-18T07:49:20Z</time>
   </trkpt>
   <trkpt lat="22.7380160" lon="120.3303020">
    <ele>19.5</ele>
    <time>2026-09-18T07:49:21Z</time>
   </trkpt>
   <trkpt lat="22.7380200" lon="120.3303070">
    <ele>19.5</ele>
    <time>2026-09-18T07:49:22Z</time>
   </trkpt>
   <trkpt lat="22.7380240" lon="120.3303150">
    <ele>19.4</ele>
    <time>2026-09-18T07:49:23Z</time>
   </trkpt>
   <trkpt lat="22.7380250" lon="120.3303250">
    <ele>19.4</ele>
    <time>2026-09-18T07:49:24Z</time>
   </trkpt>
   <trkpt lat="22.7380270" lon="120.3303350">
    <ele>19.4</ele>
    <time>2026-09-18T07:49:25Z</time>
   </trkpt>
   <trkpt lat="22.7380390" lon="120.3303490">
    <ele>19.4</ele>
    <time>2026-09-18T07:49:26Z</time>
   </trkpt>
   <trkpt lat="22.7380480" lon="120.3303600">
    <ele>19.4</ele>
    <time>2026-09-18T07:49:27Z</time>
   </trkpt>
   <trkpt lat="22.7380480" lon="120.3303700">
    <ele>19.4</ele>
    <time>2026-09-18T07:49:28Z</time>
   </trkpt>
   <trkpt lat="22.7380460" lon="120.3303800">
    <ele>19.4</ele>
    <time>2026-09-18T07:49:29Z</time>
   </trkpt>
   <trkpt lat="22.7380410" lon="120.3303880">
    <ele>19.4</ele>
    <time>2026-09-18T07:49:30Z</time>
   </trkpt>
   <trkpt lat="22.7380400" lon="120.3303960">
    <ele>19.4</ele>
    <time>2026-09-18T07:49:31Z</time>
   </trkpt>
   <trkpt lat="22.7380460" lon="120.3304020">
    <ele>19.4</ele>
    <time>2026-09-18T07:49:32Z</time>
   </trkpt>
   <trkpt lat="22.7380500" lon="120.3304030">
    <ele>19.4</ele>
    <time>2026-09-18T07:49:33Z</time>
   </trkpt>
   <trkpt lat="22.7380520" lon="120.3304080">
    <ele>19.4</ele>
    <time>2026-09-18T07:49:34Z</time>
   </trkpt>
   <trkpt lat="22.7380580" lon="120.3304110">
    <ele>19.4</ele>
    <time>2026-09-18T07:49:35Z</time>
   </trkpt>
   <trkpt lat="22.7380610" lon="120.3304120">
    <ele>19.4</ele>
    <time>2026-09-18T07:49:36Z</time>
   </trkpt>
   <trkpt lat="22.7380550" lon="120.3304220">
    <ele>19.4</ele>
    <time>2026-09-18T07:49:38Z</time>
   </trkpt>
   <trkpt lat="22.7380470" lon="120.3304230">
    <ele>19.4</ele>
    <time>2026-09-18T07:49:39Z</time>
   </trkpt>
   <trkpt lat="22.7380440" lon="120.3304230">
    <ele>19.4</ele>
    <time>2026-09-18T07:49:40Z</time>
   </trkpt>
   <trkpt lat="22.7380460" lon="120.3304280">
    <ele>19.4</ele>
    <time>2026-09-18T07:49:41Z</time>
   </trkpt>
   <trkpt lat="22.7380560" lon="120.3304310">
    <ele>19.4</ele>
    <time>2026-09-18T07:49:42Z</time>
   </trkpt>
   <trkpt lat="22.7380640" lon="120.3304370">
    <ele>19.4</ele>
    <time>2026-09-18T07:49:43Z</time>
   </trkpt>
   <trkpt lat="22.7380650" lon="120.3304440">
    <ele>19.4</ele>
    <time>2026-09-18T07:49:44Z</time>
   </trkpt>
   <trkpt lat="22.7380620" lon="120.3304500">
    <ele>19.4</ele>
    <time>2026-09-18T07:49:45Z</time>
   </trkpt>
   <trkpt lat="22.7380560" lon="120.3304550">
    <ele>19.3</ele>
    <time>2026-09-18T07:49:46Z</time>
   </trkpt>
   <trkpt lat="22.7380550" lon="120.3304580">
    <ele>19.3</ele>
    <time>2026-09-18T07:49:47Z</time>
   </trkpt>
   <trkpt lat="22.7380570" lon="120.3304610">
    <ele>19.3</ele>
    <time>2026-09-18T07:49:48Z</time>
   </trkpt>
   <trkpt lat="22.7380720" lon="120.3304530">
    <ele>19.3</ele>
    <time>2026-09-18T07:49:49Z</time>
   </trkpt>
   <trkpt lat="22.7380840" lon="120.3304490">
    <ele>19.3</ele>
    <time>2026-09-18T07:49:50Z</time>
   </trkpt>
   <trkpt lat="22.7380900" lon="120.3304520">
    <ele>19.3</ele>
    <time>2026-09-18T07:49:51Z</time>
   </trkpt>
   <trkpt lat="22.7380930" lon="120.3304580">
    <ele>19.3</ele>
    <time>2026-09-18T07:49:52Z</time>
   </trkpt>
   <trkpt lat="22.7380940" lon="120.3304660">
    <ele>19.3</ele>
    <time>2026-09-18T07:49:53Z</time>
   </trkpt>
   <trkpt lat="22.7380920" lon="120.3304740">
    <ele>19.3</ele>
    <time>2026-09-18T07:49:54Z</time>
   </trkpt>
   <trkpt lat="22.7380910" lon="120.3304870">
    <ele>19.3</ele>
    <time>2026-09-18T07:49:56Z</time>
   </trkpt>
   <trkpt lat="22.7380960" lon="120.3304940">
    <ele>19.3</ele>
    <time>2026-09-18T07:49:57Z</time>
   </trkpt>
   <trkpt lat="22.7381050" lon="120.3304950">
    <ele>19.3</ele>
    <time>2026-09-18T07:49:58Z</time>
   </trkpt>
   <trkpt lat="22.7381120" lon="120.3305010">
    <ele>19.3</ele>
    <time>2026-09-18T07:49:59Z</time>
   </trkpt>
   <trkpt lat="22.7381100" lon="120.3305050">
    <ele>19.3</ele>
    <time>2026-09-18T07:50:00Z</time>
   </trkpt>
   <trkpt lat="22.7381100" lon="120.3305120">
    <ele>19.3</ele>
    <time>2026-09-18T07:50:01Z</time>
   </trkpt>
   <trkpt lat="22.7381150" lon="120.3305110">
    <ele>19.3</ele>
    <time>2026-09-18T07:50:02Z</time>
   </trkpt>
   <trkpt lat="22.7381140" lon="120.3305130">
    <ele>19.3</ele>
    <time>2026-09-18T07:50:03Z</time>
   </trkpt>
   <trkpt lat="22.7381100" lon="120.3305130">
    <ele>19.3</ele>
    <time>2026-09-18T07:50:04Z</time>
   </trkpt>
   <trkpt lat="22.7381100" lon="120.3305130">
    <ele>19.3</ele>
    <time>2026-09-18T07:50:05Z</time>
   </trkpt>
   <trkpt lat="22.7381100" lon="120.3305130">
    <ele>19.3</ele>
    <time>2026-09-18T07:50:06Z</time>
   </trkpt>
   <trkpt lat="22.7381110" lon="120.3305140">
    <ele>19.3</ele>
    <time>2026-09-18T07:50:07Z</time>
   </trkpt>
   <trkpt lat="22.7381180" lon="120.3305170">
    <ele>19.3</ele>
    <time>2026-09-18T07:50:08Z</time>
   </trkpt>
   <trkpt lat="22.7381320" lon="120.3305250">
    <ele>19.3</ele>
    <time>2026-09-18T07:50:09Z</time>
   </trkpt>
   <trkpt lat="22.7381400" lon="120.3305330">
    <ele>19.3</ele>
    <time>2026-09-18T07:50:10Z</time>
   </trkpt>
   <trkpt lat="22.7381440" lon="120.3305440">
    <ele>19.3</ele>
    <time>2026-09-18T07:50:11Z</time>
   </trkpt>
   <trkpt lat="22.7381450" lon="120.3305540">
    <ele>19.3</ele>
    <time>2026-09-18T07:50:12Z</time>
   </trkpt>
   <trkpt lat="22.7381380" lon="120.3305590">
    <ele>19.3</ele>
    <time>2026-09-18T07:50:13Z</time>
   </trkpt>
   <trkpt lat="22.7381350" lon="120.3305630">
    <ele>19.3</ele>
    <time>2026-09-18T07:50:14Z</time>
   </trkpt>
   <trkpt lat="22.7381460" lon="120.3305680">
    <ele>19.3</ele>
    <time>2026-09-18T07:50:15Z</time>
   </trkpt>
   <trkpt lat="22.7381610" lon="120.3305680">
    <ele>19.2</ele>
    <time>2026-09-18T07:50:16Z</time>
   </trkpt>
   <trkpt lat="22.7381710" lon="120.3305700">
    <ele>19.2</ele>
    <time>2026-09-18T07:50:17Z</time>
   </trkpt>
   <trkpt lat="22.7381750" lon="120.3305790">
    <ele>19.2</ele>
    <time>2026-09-18T07:50:18Z</time>
   </trkpt>
   <trkpt lat="22.7381740" lon="120.3305880">
    <ele>19.2</ele>
    <time>2026-09-18T07:50:19Z</time>
   </trkpt>
   <trkpt lat="22.7381660" lon="120.3305970">
    <ele>19.2</ele>
    <time>2026-09-18T07:50:20Z</time>
   </trkpt>
   <trkpt lat="22.7381550" lon="120.3306040">
    <ele>19.2</ele>
    <time>2026-09-18T07:50:21Z</time>
   </trkpt>
   <trkpt lat="22.7381560" lon="120.3306080">
    <ele>19.2</ele>
    <time>2026-09-18T07:50:22Z</time>
   </trkpt>
   <trkpt lat="22.7381620" lon="120.3306090">
    <ele>19.2</ele>
    <time>2026-09-18T07:50:23Z</time>
   </trkpt>
   <trkpt lat="22.7381670" lon="120.3306070">
    <ele>19.2</ele>
    <time>2026-09-18T07:50:24Z</time>
   </trkpt>
   <trkpt lat="22.7381700" lon="120.3306090">
    <ele>19.2</ele>
    <time>2026-09-18T07:50:25Z</time>
   </trkpt>
   <trkpt lat="22.7381720" lon="120.3306150">
    <ele>19.2</ele>
    <time>2026-09-18T07:50:26Z</time>
   </trkpt>
   <trkpt lat="22.7381740" lon="120.3306230">
    <ele>19.2</ele>
    <time>2026-09-18T07:50:27Z</time>
   </trkpt>
   <trkpt lat="22.7381750" lon="120.3306290">
    <ele>19.2</ele>
    <time>2026-09-18T07:50:28Z</time>
   </trkpt>
   <trkpt lat="22.7381720" lon="120.3306300">
    <ele>19.2</ele>
    <time>2026-09-18T07:50:29Z</time>
   </trkpt>
   <trkpt lat="22.7381720" lon="120.3306350">
    <ele>19.2</ele>
    <time>2026-09-18T07:50:30Z</time>
   </trkpt>
   <trkpt lat="22.7381770" lon="120.3306390">
    <ele>19.2</ele>
    <time>2026-09-18T07:50:31Z</time>
   </trkpt>
   <trkpt lat="22.7381880" lon="120.3306410">
    <ele>19.2</ele>
    <time>2026-09-18T07:50:32Z</time>
   </trkpt>
   <trkpt lat="22.7381920" lon="120.3306450">
    <ele>19.2</ele>
    <time>2026-09-18T07:50:33Z</time>
   </trkpt>
   <trkpt lat="22.7381950" lon="120.3306540">
    <ele>19.2</ele>
    <time>2026-09-18T07:50:34Z</time>
   </trkpt>
   <trkpt lat="22.7381950" lon="120.3306580">
    <ele>19.2</ele>
    <time>2026-09-18T07:50:35Z</time>
   </trkpt>
   <trkpt lat="22.7381920" lon="120.3306630">
    <ele>19.2</ele>
    <time>2026-09-18T07:50:36Z</time>
   </trkpt>
   <trkpt lat="22.7381870" lon="120.3306650">
    <ele>19.2</ele>
    <time>2026-09-18T07:50:37Z</time>
   </trkpt>
   <trkpt lat="22.7381850" lon="120.3306710">
    <ele>19.2</ele>
    <time>2026-09-18T07:50:38Z</time>
   </trkpt>
   <trkpt lat="22.7381830" lon="120.3306730">
    <ele>19.2</ele>
    <time>2026-09-18T07:50:39Z</time>
   </trkpt>
   <trkpt lat="22.7381830" lon="120.3306750">
    <ele>19.2</ele>
    <time>2026-09-18T07:50:40Z</time>
   </trkpt>
   <trkpt lat="22.7381880" lon="120.3306790">
    <ele>19.1</ele>
    <time>2026-09-18T07:50:41Z</time>
   </trkpt>
   <trkpt lat="22.7382120" lon="120.3306730">
    <ele>19.1</ele>
    <time>2026-09-18T07:50:42Z</time>
   </trkpt>
   <trkpt lat="22.7382280" lon="120.3306710">
    <ele>19.1</ele>
    <time>2026-09-18T07:50:43Z</time>
   </trkpt>
   <trkpt lat="22.7382360" lon="120.3306760">
    <ele>19.1</ele>
    <time>2026-09-18T07:50:44Z</time>
   </trkpt>
   <trkpt lat="22.7382420" lon="120.3306820">
    <ele>19.1</ele>
    <time>2026-09-18T07:50:45Z</time>
   </trkpt>
   <trkpt lat="22.7382430" lon="120.3306880">
    <ele>19.1</ele>
    <time>2026-09-18T07:50:46Z</time>
   </trkpt>
   <trkpt lat="22.7382370" lon="120.3306920">
    <ele>19.1</ele>
    <time>2026-09-18T07:50:47Z</time>
   </trkpt>
   <trkpt lat="22.7382360" lon="120.3306940">
    <ele>19.1</ele>
    <time>2026-09-18T07:50:48Z</time>
   </trkpt>
   <trkpt lat="22.7382350" lon="120.3306960">
    <ele>19.1</ele>
    <time>2026-09-18T07:50:49Z</time>
   </trkpt>
   <trkpt lat="22.7382370" lon="120.3306960">
    <ele>19.1</ele>
    <time>2026-09-18T07:50:50Z</time>
   </trkpt>
   <trkpt lat="22.7382400" lon="120.3306980">
    <ele>19.1</ele>
    <time>2026-09-18T07:50:51Z</time>
   </trkpt>
   <trkpt lat="22.7382470" lon="120.3306960">
    <ele>19.1</ele>
    <time>2026-09-18T07:50:52Z</time>
   </trkpt>
   <trkpt lat="22.7382670" lon="120.3306870">
    <ele>19.1</ele>
    <time>2026-09-18T07:50:54Z</time>
   </trkpt>
   <trkpt lat="22.7382710" lon="120.3306830">
    <ele>19.1</ele>
    <time>2026-09-18T07:50:55Z</time>
   </trkpt>
   <trkpt lat="22.7382810" lon="120.3306830">
    <ele>19.1</ele>
    <time>2026-09-18T07:50:56Z</time>
   </trkpt>
   <trkpt lat="22.7382850" lon="120.3306800">
    <ele>19.1</ele>
    <time>2026-09-18T07:50:57Z</time>
   </trkpt>
   <trkpt lat="22.7382860" lon="120.3306770">
    <ele>19.1</ele>
    <time>2026-09-18T07:50:58Z</time>
   </trkpt>
   <trkpt lat="22.7382880" lon="120.3306750">
    <ele>19.1</ele>
    <time>2026-09-18T07:50:59Z</time>
   </trkpt>
   <trkpt lat="22.7382880" lon="120.3306700">
    <ele>19.1</ele>
    <time>2026-09-18T07:51:00Z</time>
   </trkpt>
   <trkpt lat="22.7382790" lon="120.3306630">
    <ele>19.1</ele>
    <time>2026-09-18T07:51:01Z</time>
   </trkpt>
   <trkpt lat="22.7382700" lon="120.3306610">
    <ele>19.1</ele>
    <time>2026-09-18T07:51:02Z</time>
   </trkpt>
   <trkpt lat="22.7382600" lon="120.3306580">
    <ele>19.1</ele>
    <time>2026-09-18T07:51:03Z</time>
   </trkpt>
   <trkpt lat="22.7382510" lon="120.3306510">
    <ele>19.1</ele>
    <time>2026-09-18T07:51:04Z</time>
   </trkpt>
   <trkpt lat="22.7382450" lon="120.3306420">
    <ele>19.1</ele>
    <time>2026-09-18T07:51:05Z</time>
   </trkpt>
   <trkpt lat="22.7382420" lon="120.3306330">
    <ele>19.1</ele>
    <time>2026-09-18T07:51:06Z</time>
   </trkpt>
   <trkpt lat="22.7382400" lon="120.3306260">
    <ele>19.1</ele>
    <time>2026-09-18T07:51:07Z</time>
   </trkpt>
   <trkpt lat="22.7382370" lon="120.3306210">
    <ele>19.1</ele>
    <time>2026-09-18T07:51:08Z</time>
   </trkpt>
   <trkpt lat="22.7382380" lon="120.3306230">
    <ele>19.1</ele>
    <time>2026-09-18T07:51:09Z</time>
   </trkpt>
   <trkpt lat="22.7382380" lon="120.3306270">
    <ele>19.1</ele>
    <time>2026-09-18T07:51:10Z</time>
   </trkpt>
   <trkpt lat="22.7382390" lon="120.3306300">
    <ele>19.1</ele>
    <time>2026-09-18T07:51:11Z</time>
   </trkpt>
   <trkpt lat="22.7382390" lon="120.3306330">
    <ele>19.1</ele>
    <time>2026-09-18T07:51:12Z</time>
   </trkpt>
   <trkpt lat="22.7382390" lon="120.3306370">
    <ele>19.1</ele>
    <time>2026-09-18T07:51:13Z</time>
   </trkpt>
   <trkpt lat="22.7382380" lon="120.3306390">
    <ele>19.1</ele>
    <time>2026-09-18T07:51:14Z</time>
   </trkpt>
   <trkpt lat="22.7382340" lon="120.3306380">
    <ele>19.1</ele>
    <time>2026-09-18T07:51:15Z</time>
   </trkpt>
   <trkpt lat="22.7382320" lon="120.3306390">
    <ele>19.1</ele>
    <time>2026-09-18T07:51:16Z</time>
   </trkpt>
   <trkpt lat="22.7382300" lon="120.3306380">
    <ele>19.1</ele>
    <time>2026-09-18T07:51:17Z</time>
   </trkpt>
   <trkpt lat="22.7382240" lon="120.3306360">
    <ele>19.2</ele>
    <time>2026-09-18T07:51:18Z</time>
   </trkpt>
   <trkpt lat="22.7382170" lon="120.3306320">
    <ele>19.2</ele>
    <time>2026-09-18T07:51:19Z</time>
   </trkpt>
   <trkpt lat="22.7382120" lon="120.3306240">
    <ele>19.2</ele>
    <time>2026-09-18T07:51:20Z</time>
   </trkpt>
   <trkpt lat="22.7382110" lon="120.3306170">
    <ele>19.2</ele>
    <time>2026-09-18T07:51:21Z</time>
   </trkpt>
   <trkpt lat="22.7382130" lon="120.3306130">
    <ele>19.2</ele>
    <time>2026-09-18T07:51:22Z</time>
   </trkpt>
   <trkpt lat="22.7382160" lon="120.3306120">
    <ele>19.2</ele>
    <time>2026-09-18T07:51:23Z</time>
   </trkpt>
   <trkpt lat="22.7382160" lon="120.3306120">
    <ele>19.2</ele>
    <time>2026-09-18T07:51:24Z</time>
   </trkpt>
   <trkpt lat="22.7382130" lon="120.3306120">
    <ele>19.2</ele>
    <time>2026-09-18T07:51:25Z</time>
   </trkpt>
   <trkpt lat="22.7382100" lon="120.3306130">
    <ele>19.2</ele>
    <time>2026-09-18T07:51:26Z</time>
   </trkpt>
   <trkpt lat="22.7382050" lon="120.3306140">
    <ele>19.2</ele>
    <time>2026-09-18T07:51:27Z</time>
   </trkpt>
   <trkpt lat="22.7381990" lon="120.3306100">
    <ele>19.2</ele>
    <time>2026-09-18T07:51:28Z</time>
   </trkpt>
   <trkpt lat="22.7381930" lon="120.3306040">
    <ele>19.2</ele>
    <time>2026-09-18T07:51:29Z</time>
   </trkpt>
   <trkpt lat="22.7381870" lon="120.3305970">
    <ele>19.2</ele>
    <time>2026-09-18T07:51:30Z</time>
   </trkpt>
   <trkpt lat="22.7381860" lon="120.3305870">
    <ele>19.2</ele>
    <time>2026-09-18T07:51:31Z</time>
   </trkpt>
   <trkpt lat="22.7381900" lon="120.3305830">
    <ele>19.2</ele>
    <time>2026-09-18T07:51:32Z</time>
   </trkpt>
   <trkpt lat="22.7381900" lon="120.3305800">
    <ele>19.2</ele>
    <time>2026-09-18T07:51:33Z</time>
   </trkpt>
   <trkpt lat="22.7381850" lon="120.3305780">
    <ele>19.2</ele>
    <time>2026-09-18T07:51:34Z</time>
   </trkpt>
   <trkpt lat="22.7381780" lon="120.3305770">
    <ele>19.2</ele>
    <time>2026-09-18T07:51:35Z</time>
   </trkpt>
   <trkpt lat="22.7381700" lon="120.3305720">
    <ele>19.2</ele>
    <time>2026-09-18T07:51:36Z</time>
   </trkpt>
   <trkpt lat="22.7381650" lon="120.3305620">
    <ele>19.2</ele>
    <time>2026-09-18T07:51:37Z</time>
   </trkpt>
   <trkpt lat="22.7381630" lon="120.3305510">
    <ele>19.2</ele>
    <time>2026-09-18T07:51:38Z</time>
   </trkpt>
   <trkpt lat="22.7381670" lon="120.3305410">
    <ele>19.2</ele>
    <time>2026-09-18T07:51:39Z</time>
   </trkpt>
   <trkpt lat="22.7381710" lon="120.3305380">
    <ele>19.3</ele>
    <time>2026-09-18T07:51:40Z</time>
   </trkpt>
   <trkpt lat="22.7381720" lon="120.3305380">
    <ele>19.3</ele>
    <time>2026-09-18T07:51:41Z</time>
   </trkpt>
   <trkpt lat="22.7381720" lon="120.3305390">
    <ele>19.3</ele>
    <time>2026-09-18T07:51:42Z</time>
   </trkpt>
   <trkpt lat="22.7381710" lon="120.3305400">
    <ele>19.3</ele>
    <time>2026-09-18T07:51:43Z</time>
   </trkpt>
   <trkpt lat="22.7381680" lon="120.3305440">
    <ele>19.3</ele>
    <time>2026-09-18T07:51:44Z</time>
   </trkpt>
   <trkpt lat="22.7381650" lon="120.3305450">
    <ele>19.3</ele>
    <time>2026-09-18T07:51:45Z</time>
   </trkpt>
   <trkpt lat="22.7381520" lon="120.3305430">
    <ele>19.3</ele>
    <time>2026-09-18T07:51:46Z</time>
   </trkpt>
   <trkpt lat="22.7381460" lon="120.3305390">
    <ele>19.3</ele>
    <time>2026-09-18T07:51:47Z</time>
   </trkpt>
   <trkpt lat="22.7381460" lon="120.3305340">
    <ele>19.3</ele>
    <time>2026-09-18T07:51:48Z</time>
   </trkpt>
   <trkpt lat="22.7381490" lon="120.3305310">
    <ele>19.3</ele>
    <time>2026-09-18T07:51:49Z</time>
   </trkpt>
   <trkpt lat="22.7381520" lon="120.3305280">
    <ele>19.3</ele>
    <time>2026-09-18T07:51:50Z</time>
   </trkpt>
   <trkpt lat="22.7381530" lon="120.3305250">
    <ele>19.3</ele>
    <time>2026-09-18T07:51:51Z</time>
   </trkpt>
   <trkpt lat="22.7381530" lon="120.3305240">
    <ele>19.3</ele>
    <time>2026-09-18T07:51:52Z</time>
   </trkpt>
   <trkpt lat="22.7381500" lon="120.3305240">
    <ele>19.3</ele>
    <time>2026-09-18T07:51:53Z</time>
   </trkpt>
   <trkpt lat="22.7381470" lon="120.3305200">
    <ele>19.3</ele>
    <time>2026-09-18T07:51:54Z</time>
   </trkpt>
   <trkpt lat="22.7381410" lon="120.3305150">
    <ele>19.3</ele>
    <time>2026-09-18T07:51:55Z</time>
   </trkpt>
   <trkpt lat="22.7381330" lon="120.3305040">
    <ele>19.3</ele>
    <time>2026-09-18T07:51:56Z</time>
   </trkpt>
   <trkpt lat="22.7381280" lon="120.3304940">
    <ele>19.3</ele>
    <time>2026-09-18T07:51:57Z</time>
   </trkpt>
   <trkpt lat="22.7381240" lon="120.3304800">
    <ele>19.3</ele>
    <time>2026-09-18T07:51:58Z</time>
   </trkpt>
   <trkpt lat="22.7381200" lon="120.3304650">
    <ele>19.3</ele>
    <time>2026-09-18T07:51:59Z</time>
   </trkpt>
   <trkpt lat="22.7381180" lon="120.3304500">
    <ele>19.3</ele>
    <time>2026-09-18T07:52:00Z</time>
   </trkpt>
   <trkpt lat="22.7381180" lon="120.3304370">
    <ele>19.3</ele>
    <time>2026-09-18T07:52:01Z</time>
   </trkpt>
   <trkpt lat="22.7381190" lon="120.3304270">
    <ele>19.3</ele>
    <time>2026-09-18T07:52:02Z</time>
   </trkpt>
   <trkpt lat="22.7381240" lon="120.3304190">
    <ele>19.3</ele>
    <time>2026-09-18T07:52:03Z</time>
   </trkpt>
   <trkpt lat="22.7381220" lon="120.3304210">
    <ele>19.3</ele>
    <time>2026-09-18T07:52:04Z</time>
   </trkpt>
   <trkpt lat="22.7381170" lon="120.3304240">
    <ele>19.3</ele>
    <time>2026-09-18T07:52:05Z</time>
   </trkpt>
   <trkpt lat="22.7381110" lon="120.3304260">
    <ele>19.3</ele>
    <time>2026-09-18T07:52:06Z</time>
   </trkpt>
   <trkpt lat="22.7381040" lon="120.3304230">
    <ele>19.4</ele>
    <time>2026-09-18T07:52:07Z</time>
   </trkpt>
   <trkpt lat="22.7381010" lon="120.3304140">
    <ele>19.4</ele>
    <time>2026-09-18T07:52:08Z</time>
   </trkpt>
   <trkpt lat="22.7380960" lon="120.3304060">
    <ele>19.4</ele>
    <time>2026-09-18T07:52:09Z</time>
   </trkpt>
   <trkpt lat="22.7380960" lon="120.3303970">
    <ele>19.4</ele>
    <time>2026-09-18T07:52:10Z</time>
   </trkpt>
   <trkpt lat="22.7381000" lon="120.3303890">
    <ele>19.4</ele>
    <time>2026-09-18T07:52:11Z</time>
   </trkpt>
   <trkpt lat="22.7381000" lon="120.3303870">
    <ele>19.4</ele>
    <time>2026-09-18T07:52:12Z</time>
   </trkpt>
   <trkpt lat="22.7380980" lon="120.3303850">
    <ele>19.4</ele>
    <time>2026-09-18T07:52:13Z</time>
   </trkpt>
   <trkpt lat="22.7380920" lon="120.3303840">
    <ele>19.4</ele>
    <time>2026-09-18T07:52:14Z</time>
   </trkpt>
   <trkpt lat="22.7380850" lon="120.3303780">
    <ele>19.4</ele>
    <time>2026-09-18T07:52:15Z</time>
   </trkpt>
   <trkpt lat="22.7380810" lon="120.3303720">
    <ele>19.4</ele>
    <time>2026-09-18T07:52:16Z</time>
   </trkpt>
   <trkpt lat="22.7380770" lon="120.3303640">
    <ele>19.4</ele>
    <time>2026-09-18T07:52:17Z</time>
   </trkpt>
   <trkpt lat="22.7380780" lon="120.3303550">
    <ele>19.4</ele>
    <time>2026-09-18T07:52:18Z</time>
   </trkpt>
   <trkpt lat="22.7380820" lon="120.3303490">
    <ele>19.4</ele>
    <time>2026-09-18T07:52:19Z</time>
   </trkpt>
   <trkpt lat="22.7380850" lon="120.3303430">
    <ele>19.4</ele>
    <time>2026-09-18T07:52:20Z</time>
   </trkpt>
   <trkpt lat="22.7380870" lon="120.3303410">
    <ele>19.4</ele>
    <time>2026-09-18T07:52:21Z</time>
   </trkpt>
   <trkpt lat="22.7380810" lon="120.3303420">
    <ele>19.4</ele>
    <time>2026-09-18T07:52:23Z</time>
   </trkpt>
   <trkpt lat="22.7380740" lon="120.3303340">
    <ele>19.4</ele>
    <time>2026-09-18T07:52:24Z</time>
   </trkpt>
   <trkpt lat="22.7380690" lon="120.3303210">
    <ele>19.4</ele>
    <time>2026-09-18T07:52:25Z</time>
   </trkpt>
   <trkpt lat="22.7380680" lon="120.3303100">
    <ele>19.4</ele>
    <time>2026-09-18T07:52:26Z</time>
   </trkpt>
   <trkpt lat="22.7380700" lon="120.3303020">
    <ele>19.4</ele>
    <time>2026-09-18T07:52:27Z</time>
   </trkpt>
   <trkpt lat="22.7380770" lon="120.3302980">
    <ele>19.5</ele>
    <time>2026-09-18T07:52:28Z</time>
   </trkpt>
   <trkpt lat="22.7380760" lon="120.3302920">
    <ele>19.5</ele>
    <time>2026-09-18T07:52:29Z</time>
   </trkpt>
   <trkpt lat="22.7380740" lon="120.3302880">
    <ele>19.5</ele>
    <time>2026-09-18T07:52:30Z</time>
   </trkpt>
   <trkpt lat="22.7380720" lon="120.3302880">
    <ele>19.5</ele>
    <time>2026-09-18T07:52:31Z</time>
   </trkpt>
   <trkpt lat="22.7380650" lon="120.3302830">
    <ele>19.5</ele>
    <time>2026-09-18T07:52:32Z</time>
   </trkpt>
   <trkpt lat="22.7380610" lon="120.3302770">
    <ele>19.5</ele>
    <time>2026-09-18T07:52:33Z</time>
   </trkpt>
   <trkpt lat="22.7380590" lon="120.3302700">
    <ele>19.5</ele>
    <time>2026-09-18T07:52:34Z</time>
   </trkpt>
   <trkpt lat="22.7380610" lon="120.3302630">
    <ele>19.5</ele>
    <time>2026-09-18T07:52:35Z</time>
   </trkpt>
   <trkpt lat="22.7380640" lon="120.3302600">
    <ele>19.5</ele>
    <time>2026-09-18T07:52:36Z</time>
   </trkpt>
   <trkpt lat="22.7380670" lon="120.3302590">
    <ele>19.5</ele>
    <time>2026-09-18T07:52:37Z</time>
   </trkpt>
   <trkpt lat="22.7380690" lon="120.3302600">
    <ele>19.5</ele>
    <time>2026-09-18T07:52:38Z</time>
   </trkpt>
   <trkpt lat="22.7380720" lon="120.3302570">
    <ele>19.5</ele>
    <time>2026-09-18T07:52:39Z</time>
   </trkpt>
   <trkpt lat="22.7380700" lon="120.3302560">
    <ele>19.5</ele>
    <time>2026-09-18T07:52:40Z</time>
   </trkpt>
   <trkpt lat="22.7380680" lon="120.3302650">
    <ele>19.5</ele>
    <time>2026-09-18T07:52:41Z</time>
   </trkpt>
   <trkpt lat="22.7380630" lon="120.3302700">
    <ele>19.5</ele>
    <time>2026-09-18T07:52:42Z</time>
   </trkpt>
   <trkpt lat="22.7380590" lon="120.3302700">
    <ele>19.5</ele>
    <time>2026-09-18T07:52:43Z</time>
   </trkpt>
   <trkpt lat="22.7380530" lon="120.3302640">
    <ele>19.5</ele>
    <time>2026-09-18T07:52:44Z</time>
   </trkpt>
   <trkpt lat="22.7380490" lon="120.3302540">
    <ele>19.6</ele>
    <time>2026-09-18T07:52:45Z</time>
   </trkpt>
   <trkpt lat="22.7380480" lon="120.3302460">
    <ele>19.6</ele>
    <time>2026-09-18T07:52:46Z</time>
   </trkpt>
   <trkpt lat="22.7380520" lon="120.3302440">
    <ele>19.6</ele>
    <time>2026-09-18T07:52:47Z</time>
   </trkpt>
   <trkpt lat="22.7380530" lon="120.3302410">
    <ele>19.6</ele>
    <time>2026-09-18T07:52:48Z</time>
   </trkpt>
   <trkpt lat="22.7380490" lon="120.3302410">
    <ele>19.6</ele>
    <time>2026-09-18T07:52:49Z</time>
   </trkpt>
   <trkpt lat="22.7380430" lon="120.3302430">
    <ele>19.6</ele>
    <time>2026-09-18T07:52:50Z</time>
   </trkpt>
   <trkpt lat="22.7380370" lon="120.3302410">
    <ele>19.6</ele>
    <time>2026-09-18T07:52:51Z</time>
   </trkpt>
   <trkpt lat="22.7380300" lon="120.3302330">
    <ele>19.6</ele>
    <time>2026-09-18T07:52:52Z</time>
   </trkpt>
   <trkpt lat="22.7380240" lon="120.3302230">
    <ele>19.6</ele>
    <time>2026-09-18T07:52:53Z</time>
   </trkpt>
   <trkpt lat="22.7380230" lon="120.3302130">
    <ele>19.6</ele>
    <time>2026-09-18T07:52:54Z</time>
   </trkpt>
   <trkpt lat="22.7380230" lon="120.3302040">
    <ele>19.6</ele>
    <time>2026-09-18T07:52:55Z</time>
   </trkpt>
   <trkpt lat="22.7380200" lon="120.3302020">
    <ele>19.6</ele>
    <time>2026-09-18T07:52:56Z</time>
   </trkpt>
   <trkpt lat="22.7380150" lon="120.3302020">
    <ele>19.6</ele>
    <time>2026-09-18T07:52:57Z</time>
   </trkpt>
   <trkpt lat="22.7380110" lon="120.3302050">
    <ele>19.6</ele>
    <time>2026-09-18T07:52:58Z</time>
   </trkpt>
   <trkpt lat="22.7380050" lon="120.3302070">
    <ele>19.6</ele>
    <time>2026-09-18T07:52:59Z</time>
   </trkpt>
   <trkpt lat="22.7379980" lon="120.3302060">
    <ele>19.6</ele>
    <time>2026-09-18T07:53:00Z</time>
   </trkpt>
   <trkpt lat="22.7379820" lon="120.3301940">
    <ele>19.6</ele>
    <time>2026-09-18T07:53:01Z</time>
   </trkpt>
   <trkpt lat="22.7379770" lon="120.3301840">
    <ele>19.6</ele>
    <time>2026-09-18T07:53:02Z</time>
   </trkpt>
   <trkpt lat="22.7379780" lon="120.3301750">
    <ele>19.6</ele>
    <time>2026-09-18T07:53:03Z</time>
   </trkpt>
   <trkpt lat="22.7379820" lon="120.3301660">
    <ele>19.7</ele>
    <time>2026-09-18T07:53:04Z</time>
   </trkpt>
   <trkpt lat="22.7379840" lon="120.3301620">
    <ele>19.7</ele>
    <time>2026-09-18T07:53:05Z</time>
   </trkpt>
   <trkpt lat="22.7379840" lon="120.3301620">
    <ele>19.7</ele>
    <time>2026-09-18T07:53:06Z</time>
   </trkpt>
   <trkpt lat="22.7379770" lon="120.3301610">
    <ele>19.7</ele>
    <time>2026-09-18T07:53:07Z</time>
   </trkpt>
   <trkpt lat="22.7379710" lon="120.3301580">
    <ele>19.7</ele>
    <time>2026-09-18T07:53:08Z</time>
   </trkpt>
   <trkpt lat="22.7379680" lon="120.3301540">
    <ele>19.7</ele>
    <time>2026-09-18T07:53:10Z</time>
   </trkpt>
   <trkpt lat="22.7379660" lon="120.3301430">
    <ele>19.7</ele>
    <time>2026-09-18T07:53:11Z</time>
   </trkpt>
   <trkpt lat="22.7379670" lon="120.3301310">
    <ele>19.7</ele>
    <time>2026-09-18T07:53:12Z</time>
   </trkpt>
   <trkpt lat="22.7379710" lon="120.3301280">
    <ele>19.7</ele>
    <time>2026-09-18T07:53:13Z</time>
   </trkpt>
   <trkpt lat="22.7379630" lon="120.3301280">
    <ele>19.7</ele>
    <time>2026-09-18T07:53:14Z</time>
   </trkpt>
   <trkpt lat="22.7379550" lon="120.3301290">
    <ele>19.7</ele>
    <time>2026-09-18T07:53:15Z</time>
   </trkpt>
   <trkpt lat="22.7379470" lon="120.3301270">
    <ele>19.7</ele>
    <time>2026-09-18T07:53:16Z</time>
   </trkpt>
   <trkpt lat="22.7379400" lon="120.3301230">
    <ele>19.7</ele>
    <time>2026-09-18T07:53:17Z</time>
   </trkpt>
   <trkpt lat="22.7379350" lon="120.3301170">
    <ele>19.7</ele>
    <time>2026-09-18T07:53:18Z</time>
   </trkpt>
   <trkpt lat="22.7379350" lon="120.3301090">
    <ele>19.7</ele>
    <time>2026-09-18T07:53:19Z</time>
   </trkpt>
   <trkpt lat="22.7379420" lon="120.3301050">
    <ele>19.7</ele>
    <time>2026-09-18T07:53:20Z</time>
   </trkpt>
   <trkpt lat="22.7379440" lon="120.3301010">
    <ele>19.7</ele>
    <time>2026-09-18T07:53:21Z</time>
   </trkpt>
   <trkpt lat="22.7379400" lon="120.3300990">
    <ele>19.7</ele>
    <time>2026-09-18T07:53:22Z</time>
   </trkpt>
   <trkpt lat="22.7379370" lon="120.3301020">
    <ele>19.7</ele>
    <time>2026-09-18T07:53:23Z</time>
   </trkpt>
   <trkpt lat="22.7379320" lon="120.3301040">
    <ele>19.7</ele>
    <time>2026-09-18T07:53:24Z</time>
   </trkpt>
   <trkpt lat="22.7379240" lon="120.3301020">
    <ele>19.7</ele>
    <time>2026-09-18T07:53:25Z</time>
   </trkpt>
   <trkpt lat="22.7379230" lon="120.3300900">
    <ele>19.7</ele>
    <time>2026-09-18T07:53:26Z</time>
   </trkpt>
   <trkpt lat="22.7379260" lon="120.3300800">
    <ele>19.7</ele>
    <time>2026-09-18T07:53:27Z</time>
   </trkpt>
   <trkpt lat="22.7379290" lon="120.3300700">
    <ele>19.7</ele>
    <time>2026-09-18T07:53:28Z</time>
   </trkpt>
   <trkpt lat="22.7379320" lon="120.3300630">
    <ele>19.7</ele>
    <time>2026-09-18T07:53:29Z</time>
   </trkpt>
   <trkpt lat="22.7379320" lon="120.3300620">
    <ele>19.7</ele>
    <time>2026-09-18T07:53:30Z</time>
   </trkpt>
   <trkpt lat="22.7379310" lon="120.3300630">
    <ele>19.7</ele>
    <time>2026-09-18T07:53:31Z</time>
   </trkpt>
   <trkpt lat="22.7379290" lon="120.3300620">
    <ele>19.7</ele>
    <time>2026-09-18T07:53:32Z</time>
   </trkpt>
   <trkpt lat="22.7379250" lon="120.3300580">
    <ele>19.7</ele>
    <time>2026-09-18T07:53:33Z</time>
   </trkpt>
   <trkpt lat="22.7379220" lon="120.3300450">
    <ele>19.7</ele>
    <time>2026-09-18T07:53:34Z</time>
   </trkpt>
   <trkpt lat="22.7379250" lon="120.3300330">
    <ele>19.7</ele>
    <time>2026-09-18T07:53:35Z</time>
   </trkpt>
   <trkpt lat="22.7379230" lon="120.3300220">
    <ele>19.7</ele>
    <time>2026-09-18T07:53:36Z</time>
   </trkpt>
   <trkpt lat="22.7379220" lon="120.3300100">
    <ele>19.7</ele>
    <time>2026-09-18T07:53:37Z</time>
   </trkpt>
   <trkpt lat="22.7379230" lon="120.3299950">
    <ele>19.7</ele>
    <time>2026-09-18T07:53:38Z</time>
   </trkpt>
   <trkpt lat="22.7379200" lon="120.3299800">
    <ele>19.7</ele>
    <time>2026-09-18T07:53:39Z</time>
   </trkpt>
   <trkpt lat="22.7379030" lon="120.3299660">
    <ele>19.7</ele>
    <time>2026-09-18T07:53:40Z</time>
   </trkpt>
   <trkpt lat="22.7378970" lon="120.3299550">
    <ele>19.7</ele>
    <time>2026-09-18T07:53:41Z</time>
   </trkpt>
   <trkpt lat="22.7378910" lon="120.3299460">
    <ele>19.7</ele>
    <time>2026-09-18T07:53:42Z</time>
   </trkpt>
   <trkpt lat="22.7378850" lon="120.3299360">
    <ele>19.7</ele>
    <time>2026-09-18T07:53:43Z</time>
   </trkpt>
   <trkpt lat="22.7378770" lon="120.3299270">
    <ele>19.7</ele>
    <time>2026-09-18T07:53:44Z</time>
   </trkpt>
   <trkpt lat="22.7378690" lon="120.3299190">
    <ele>19.7</ele>
    <time>2026-09-18T07:53:45Z</time>
   </trkpt>
   <trkpt lat="22.7378630" lon="120.3299100">
    <ele>19.7</ele>
    <time>2026-09-18T07:53:46Z</time>
   </trkpt>
   <trkpt lat="22.7378510" lon="120.3298990">
    <ele>19.7</ele>
    <time>2026-09-18T07:53:47Z</time>
   </trkpt>
   <trkpt lat="22.7378470" lon="120.3298890">
    <ele>19.7</ele>
    <time>2026-09-18T07:53:48Z</time>
   </trkpt>
   <trkpt lat="22.7378440" lon="120.3298800">
    <ele>19.7</ele>
    <time>2026-09-18T07:53:49Z</time>
   </trkpt>
   <trkpt lat="22.7378440" lon="120.3298710">
    <ele>19.7</ele>
    <time>2026-09-18T07:53:50Z</time>
   </trkpt>
   <trkpt lat="22.7378460" lon="120.3298630">
    <ele>19.7</ele>
    <time>2026-09-18T07:53:51Z</time>
   </trkpt>
   <trkpt lat="22.7378430" lon="120.3298530">
    <ele>19.7</ele>
    <time>2026-09-18T07:53:52Z</time>
   </trkpt>
   <trkpt lat="22.7378390" lon="120.3298400">
    <ele>19.7</ele>
    <time>2026-09-18T07:53:53Z</time>
   </trkpt>
   <trkpt lat="22.7378450" lon="120.3298330">
    <ele>19.7</ele>
    <time>2026-09-18T07:53:54Z</time>
   </trkpt>
   <trkpt lat="22.7378520" lon="120.3298250">
    <ele>19.7</ele>
    <time>2026-09-18T07:53:55Z</time>
   </trkpt>
   <trkpt lat="22.7378580" lon="120.3298150">
    <ele>19.7</ele>
    <time>2026-09-18T07:53:56Z</time>
   </trkpt>
   <trkpt lat="22.7378630" lon="120.3298070">
    <ele>19.7</ele>
    <time>2026-09-18T07:53:57Z</time>
   </trkpt>
   <trkpt lat="22.7378700" lon="120.3298010">
    <ele>19.7</ele>
    <time>2026-09-18T07:53:58Z</time>
   </trkpt>
   <trkpt lat="22.7378780" lon="120.3297960">
    <ele>19.7</ele>
    <time>2026-09-18T07:53:59Z</time>
   </trkpt>
   <trkpt lat="22.7378900" lon="120.3297880">
    <ele>19.7</ele>
    <time>2026-09-18T07:54:00Z</time>
   </trkpt>
   <trkpt lat="22.7378990" lon="120.3297800">
    <ele>19.7</ele>
    <time>2026-09-18T07:54:01Z</time>
   </trkpt>
   <trkpt lat="22.7379070" lon="120.3297730">
    <ele>19.6</ele>
    <time>2026-09-18T07:54:02Z</time>
   </trkpt>
   <trkpt lat="22.7379170" lon="120.3297680">
    <ele>19.6</ele>
    <time>2026-09-18T07:54:03Z</time>
   </trkpt>
   <trkpt lat="22.7379270" lon="120.3297620">
    <ele>19.6</ele>
    <time>2026-09-18T07:54:04Z</time>
   </trkpt>
   <trkpt lat="22.7379370" lon="120.3297560">
    <ele>19.6</ele>
    <time>2026-09-18T07:54:05Z</time>
   </trkpt>
   <trkpt lat="22.7379490" lon="120.3297510">
    <ele>19.6</ele>
    <time>2026-09-18T07:54:06Z</time>
   </trkpt>
   <trkpt lat="22.7379570" lon="120.3297540">
    <ele>19.6</ele>
    <time>2026-09-18T07:54:07Z</time>
   </trkpt>
   <trkpt lat="22.7379680" lon="120.3297570">
    <ele>19.6</ele>
    <time>2026-09-18T07:54:08Z</time>
   </trkpt>
   <trkpt lat="22.7379810" lon="120.3297560">
    <ele>19.6</ele>
    <time>2026-09-18T07:54:09Z</time>
   </trkpt>
   <trkpt lat="22.7379950" lon="120.3297530">
    <ele>19.6</ele>
    <time>2026-09-18T07:54:10Z</time>
   </trkpt>
   <trkpt lat="22.7380030" lon="120.3297400">
    <ele>19.6</ele>
    <time>2026-09-18T07:54:11Z</time>
   </trkpt>
   <trkpt lat="22.7380020" lon="120.3297260">
    <ele>19.6</ele>
    <time>2026-09-18T07:54:12Z</time>
   </trkpt>
   <trkpt lat="22.7379950" lon="120.3297130">
    <ele>19.6</ele>
    <time>2026-09-18T07:54:13Z</time>
   </trkpt>
   <trkpt lat="22.7379950" lon="120.3297000">
    <ele>19.6</ele>
    <time>2026-09-18T07:54:14Z</time>
   </trkpt>
   <trkpt lat="22.7380010" lon="120.3296920">
    <ele>19.6</ele>
    <time>2026-09-18T07:54:15Z</time>
   </trkpt>
   <trkpt lat="22.7380110" lon="120.3296850">
    <ele>19.5</ele>
    <time>2026-09-18T07:54:16Z</time>
   </trkpt>
   <trkpt lat="22.7380200" lon="120.3296780">
    <ele>19.5</ele>
    <time>2026-09-18T07:54:17Z</time>
   </trkpt>
   <trkpt lat="22.7380270" lon="120.3296730">
    <ele>19.5</ele>
    <time>2026-09-18T07:54:18Z</time>
   </trkpt>
   <trkpt lat="22.7380350" lon="120.3296660">
    <ele>19.5</ele>
    <time>2026-09-18T07:54:19Z</time>
   </trkpt>
   <trkpt lat="22.7380410" lon="120.3296560">
    <ele>19.5</ele>
    <time>2026-09-18T07:54:20Z</time>
   </trkpt>
   <trkpt lat="22.7380450" lon="120.3296490">
    <ele>19.5</ele>
    <time>2026-09-18T07:54:21Z</time>
   </trkpt>
   <trkpt lat="22.7380530" lon="120.3296400">
    <ele>19.5</ele>
    <time>2026-09-18T07:54:22Z</time>
   </trkpt>
   <trkpt lat="22.7380600" lon="120.3296300">
    <ele>19.5</ele>
    <time>2026-09-18T07:54:23Z</time>
   </trkpt>
   <trkpt lat="22.7380680" lon="120.3296230">
    <ele>19.5</ele>
    <time>2026-09-18T07:54:24Z</time>
   </trkpt>
   <trkpt lat="22.7380800" lon="120.3296180">
    <ele>19.5</ele>
    <time>2026-09-18T07:54:25Z</time>
   </trkpt>
   <trkpt lat="22.7380840" lon="120.3296210">
    <ele>19.5</ele>
    <time>2026-09-18T07:54:26Z</time>
   </trkpt>
   <trkpt lat="22.7380820" lon="120.3296150">
    <ele>19.5</ele>
    <time>2026-09-18T07:54:27Z</time>
   </trkpt>
   <trkpt lat="22.7380920" lon="120.3296090">
    <ele>19.5</ele>
    <time>2026-09-18T07:54:28Z</time>
   </trkpt>
   <trkpt lat="22.7381030" lon="120.3296050">
    <ele>19.5</ele>
    <time>2026-09-18T07:54:29Z</time>
   </trkpt>
   <trkpt lat="22.7381150" lon="120.3296040">
    <ele>19.5</ele>
    <time>2026-09-18T07:54:30Z</time>
   </trkpt>
   <trkpt lat="22.7381290" lon="120.3296020">
    <ele>19.4</ele>
    <time>2026-09-18T07:54:31Z</time>
   </trkpt>
   <trkpt lat="22.7381420" lon="120.3295960">
    <ele>19.4</ele>
    <time>2026-09-18T07:54:32Z</time>
   </trkpt>
   <trkpt lat="22.7381530" lon="120.3295850">
    <ele>19.4</ele>
    <time>2026-09-18T07:54:33Z</time>
   </trkpt>
   <trkpt lat="22.7381620" lon="120.3295740">
    <ele>19.4</ele>
    <time>2026-09-18T07:54:34Z</time>
   </trkpt>
   <trkpt lat="22.7381710" lon="120.3295650">
    <ele>19.4</ele>
    <time>2026-09-18T07:54:35Z</time>
   </trkpt>
   <trkpt lat="22.7381790" lon="120.3295600">
    <ele>19.4</ele>
    <time>2026-09-18T07:54:36Z</time>
   </trkpt>
   <trkpt lat="22.7381910" lon="120.3295580">
    <ele>19.4</ele>
    <time>2026-09-18T07:54:37Z</time>
   </trkpt>
   <trkpt lat="22.7381920" lon="120.3295670">
    <ele>19.4</ele>
    <time>2026-09-18T07:54:38Z</time>
   </trkpt>
   <trkpt lat="22.7381870" lon="120.3295780">
    <ele>19.4</ele>
    <time>2026-09-18T07:54:39Z</time>
   </trkpt>
   <trkpt lat="22.7381880" lon="120.3295930">
    <ele>19.4</ele>
    <time>2026-09-18T07:54:40Z</time>
   </trkpt>
   <trkpt lat="22.7381940" lon="120.3296080">
    <ele>19.4</ele>
    <time>2026-09-18T07:54:41Z</time>
   </trkpt>
   <trkpt lat="22.7382030" lon="120.3296210">
    <ele>19.4</ele>
    <time>2026-09-18T07:54:42Z</time>
   </trkpt>
   <trkpt lat="22.7382070" lon="120.3296340">
    <ele>19.4</ele>
    <time>2026-09-18T07:54:43Z</time>
   </trkpt>
   <trkpt lat="22.7382110" lon="120.3296460">
    <ele>19.4</ele>
    <time>2026-09-18T07:54:44Z</time>
   </trkpt>
   <trkpt lat="22.7382160" lon="120.3296580">
    <ele>19.4</ele>
    <time>2026-09-18T07:54:45Z</time>
   </trkpt>
   <trkpt lat="22.7382240" lon="120.3296760">
    <ele>19.4</ele>
    <time>2026-09-18T07:54:46Z</time>
   </trkpt>
   <trkpt lat="22.7382300" lon="120.3296900">
    <ele>19.4</ele>
    <time>2026-09-18T07:54:47Z</time>
   </trkpt>
   <trkpt lat="22.7382360" lon="120.3296980">
    <ele>19.4</ele>
    <time>2026-09-18T07:54:48Z</time>
   </trkpt>
   <trkpt lat="22.7382430" lon="120.3297070">
    <ele>19.4</ele>
    <time>2026-09-18T07:54:49Z</time>
   </trkpt>
   <trkpt lat="22.7382500" lon="120.3297140">
    <ele>19.4</ele>
    <time>2026-09-18T07:54:50Z</time>
   </trkpt>
   <trkpt lat="22.7382540" lon="120.3297210">
    <ele>19.4</ele>
    <time>2026-09-18T07:54:51Z</time>
   </trkpt>
   <trkpt lat="22.7382580" lon="120.3297300">
    <ele>19.3</ele>
    <time>2026-09-18T07:54:52Z</time>
   </trkpt>
   <trkpt lat="22.7382630" lon="120.3297440">
    <ele>19.3</ele>
    <time>2026-09-18T07:54:53Z</time>
   </trkpt>
   <trkpt lat="22.7382690" lon="120.3297560">
    <ele>19.3</ele>
    <time>2026-09-18T07:54:54Z</time>
   </trkpt>
   <trkpt lat="22.7382720" lon="120.3297690">
    <ele>19.3</ele>
    <time>2026-09-18T07:54:55Z</time>
   </trkpt>
   <trkpt lat="22.7382750" lon="120.3297820">
    <ele>19.3</ele>
    <time>2026-09-18T07:54:57Z</time>
   </trkpt>
   <trkpt lat="22.7382790" lon="120.3297940">
    <ele>19.3</ele>
    <time>2026-09-18T07:54:58Z</time>
   </trkpt>
   <trkpt lat="22.7382830" lon="120.3298060">
    <ele>19.3</ele>
    <time>2026-09-18T07:54:59Z</time>
   </trkpt>
   <trkpt lat="22.7382900" lon="120.3298200">
    <ele>19.3</ele>
    <time>2026-09-18T07:55:00Z</time>
   </trkpt>
   <trkpt lat="22.7382960" lon="120.3298320">
    <ele>19.3</ele>
    <time>2026-09-18T07:55:01Z</time>
   </trkpt>
   <trkpt lat="22.7382970" lon="120.3298410">
    <ele>19.3</ele>
    <time>2026-09-18T07:55:02Z</time>
   </trkpt>
   <trkpt lat="22.7382960" lon="120.3298490">
    <ele>19.3</ele>
    <time>2026-09-18T07:55:03Z</time>
   </trkpt>
   <trkpt lat="22.7382950" lon="120.3298600">
    <ele>19.3</ele>
    <time>2026-09-18T07:55:04Z</time>
   </trkpt>
   <trkpt lat="22.7382880" lon="120.3298660">
    <ele>19.3</ele>
    <time>2026-09-18T07:55:05Z</time>
   </trkpt>
   <trkpt lat="22.7382920" lon="120.3298740">
    <ele>19.3</ele>
    <time>2026-09-18T07:55:06Z</time>
   </trkpt>
   <trkpt lat="22.7383010" lon="120.3298760">
    <ele>19.3</ele>
    <time>2026-09-18T07:55:07Z</time>
   </trkpt>
   <trkpt lat="22.7383120" lon="120.3298790">
    <ele>19.3</ele>
    <time>2026-09-18T07:55:08Z</time>
   </trkpt>
   <trkpt lat="22.7383200" lon="120.3298880">
    <ele>19.3</ele>
    <time>2026-09-18T07:55:09Z</time>
   </trkpt>
   <trkpt lat="22.7383280" lon="120.3298990">
    <ele>19.3</ele>
    <time>2026-09-18T07:55:10Z</time>
   </trkpt>
   <trkpt lat="22.7383290" lon="120.3299080">
    <ele>19.3</ele>
    <time>2026-09-18T07:55:11Z</time>
   </trkpt>
   <trkpt lat="22.7383270" lon="120.3299120">
    <ele>19.3</ele>
    <time>2026-09-18T07:55:12Z</time>
   </trkpt>
   <trkpt lat="22.7383250" lon="120.3299130">
    <ele>19.3</ele>
    <time>2026-09-18T07:55:13Z</time>
   </trkpt>
   <trkpt lat="22.7383280" lon="120.3299090">
    <ele>19.3</ele>
    <time>2026-09-18T07:55:14Z</time>
   </trkpt>
   <trkpt lat="22.7383270" lon="120.3299060">
    <ele>19.3</ele>
    <time>2026-09-18T07:55:15Z</time>
   </trkpt>
   <trkpt lat="22.7383250" lon="120.3299040">
    <ele>19.3</ele>
    <time>2026-09-18T07:55:16Z</time>
   </trkpt>
   <trkpt lat="22.7383210" lon="120.3299000">
    <ele>19.3</ele>
    <time>2026-09-18T07:55:17Z</time>
   </trkpt>
   <trkpt lat="22.7383190" lon="120.3298990">
    <ele>19.3</ele>
    <time>2026-09-18T07:55:18Z</time>
   </trkpt>
   <trkpt lat="22.7383230" lon="120.3299030">
    <ele>19.3</ele>
    <time>2026-09-18T07:55:19Z</time>
   </trkpt>
   <trkpt lat="22.7383290" lon="120.3299060">
    <ele>19.3</ele>
    <time>2026-09-18T07:55:20Z</time>
   </trkpt>
   <trkpt lat="22.7383370" lon="120.3299100">
    <ele>19.3</ele>
    <time>2026-09-18T07:55:21Z</time>
   </trkpt>
   <trkpt lat="22.7383410" lon="120.3299180">
    <ele>19.2</ele>
    <time>2026-09-18T07:55:22Z</time>
   </trkpt>
   <trkpt lat="22.7383340" lon="120.3299250">
    <ele>19.2</ele>
    <time>2026-09-18T07:55:24Z</time>
   </trkpt>
   <trkpt lat="22.7383350" lon="120.3299290">
    <ele>19.2</ele>
    <time>2026-09-18T07:55:25Z</time>
   </trkpt>
   <trkpt lat="22.7383400" lon="120.3299320">
    <ele>19.2</ele>
    <time>2026-09-18T07:55:26Z</time>
   </trkpt>
   <trkpt lat="22.7383490" lon="120.3299310">
    <ele>19.2</ele>
    <time>2026-09-18T07:55:27Z</time>
   </trkpt>
   <trkpt lat="22.7383650" lon="120.3299350">
    <ele>19.2</ele>
    <time>2026-09-18T07:55:28Z</time>
   </trkpt>
   <trkpt lat="22.7383730" lon="120.3299430">
    <ele>19.2</ele>
    <time>2026-09-18T07:55:29Z</time>
   </trkpt>
   <trkpt lat="22.7383750" lon="120.3299520">
    <ele>19.2</ele>
    <time>2026-09-18T07:55:30Z</time>
   </trkpt>
   <trkpt lat="22.7383740" lon="120.3299620">
    <ele>19.2</ele>
    <time>2026-09-18T07:55:31Z</time>
   </trkpt>
   <trkpt lat="22.7383660" lon="120.3299720">
    <ele>19.2</ele>
    <time>2026-09-18T07:55:32Z</time>
   </trkpt>
   <trkpt lat="22.7383610" lon="120.3299760">
    <ele>19.2</ele>
    <time>2026-09-18T07:55:33Z</time>
   </trkpt>
   <trkpt lat="22.7383560" lon="120.3299790">
    <ele>19.2</ele>
    <time>2026-09-18T07:55:34Z</time>
   </trkpt>
   <trkpt lat="22.7383550" lon="120.3299840">
    <ele>19.2</ele>
    <time>2026-09-18T07:55:35Z</time>
   </trkpt>
   <trkpt lat="22.7383600" lon="120.3299860">
    <ele>19.2</ele>
    <time>2026-09-18T07:55:36Z</time>
   </trkpt>
   <trkpt lat="22.7383680" lon="120.3299900">
    <ele>19.2</ele>
    <time>2026-09-18T07:55:37Z</time>
   </trkpt>
   <trkpt lat="22.7383740" lon="120.3299980">
    <ele>19.2</ele>
    <time>2026-09-18T07:55:38Z</time>
   </trkpt>
   <trkpt lat="22.7383750" lon="120.3300040">
    <ele>19.2</ele>
    <time>2026-09-18T07:55:39Z</time>
   </trkpt>
   <trkpt lat="22.7383720" lon="120.3300110">
    <ele>19.2</ele>
    <time>2026-09-18T07:55:40Z</time>
   </trkpt>
   <trkpt lat="22.7383710" lon="120.3300170">
    <ele>19.2</ele>
    <time>2026-09-18T07:55:41Z</time>
   </trkpt>
   <trkpt lat="22.7383700" lon="120.3300230">
    <ele>19.2</ele>
    <time>2026-09-18T07:55:42Z</time>
   </trkpt>
   <trkpt lat="22.7383760" lon="120.3300260">
    <ele>19.2</ele>
    <time>2026-09-18T07:55:43Z</time>
   </trkpt>
   <trkpt lat="22.7383850" lon="120.3300240">
    <ele>19.2</ele>
    <time>2026-09-18T07:55:44Z</time>
   </trkpt>
   <trkpt lat="22.7383920" lon="120.3300240">
    <ele>19.2</ele>
    <time>2026-09-18T07:55:45Z</time>
   </trkpt>
   <trkpt lat="22.7383980" lon="120.3300290">
    <ele>19.2</ele>
    <time>2026-09-18T07:55:46Z</time>
   </trkpt>
   <trkpt lat="22.7384000" lon="120.3300390">
    <ele>19.2</ele>
    <time>2026-09-18T07:55:47Z</time>
   </trkpt>
   <trkpt lat="22.7384000" lon="120.3300500">
    <ele>19.2</ele>
    <time>2026-09-18T07:55:48Z</time>
   </trkpt>
   <trkpt lat="22.7383920" lon="120.3300530">
    <ele>19.2</ele>
    <time>2026-09-18T07:55:49Z</time>
   </trkpt>
   <trkpt lat="22.7383880" lon="120.3300550">
    <ele>19.2</ele>
    <time>2026-09-18T07:55:50Z</time>
   </trkpt>
   <trkpt lat="22.7383860" lon="120.3300580">
    <ele>19.2</ele>
    <time>2026-09-18T07:55:51Z</time>
   </trkpt>
   <trkpt lat="22.7383900" lon="120.3300650">
    <ele>19.2</ele>
    <time>2026-09-18T07:55:52Z</time>
   </trkpt>
   <trkpt lat="22.7383970" lon="120.3300700">
    <ele>19.2</ele>
    <time>2026-09-18T07:55:53Z</time>
   </trkpt>
   <trkpt lat="22.7384110" lon="120.3300760">
    <ele>19.2</ele>
    <time>2026-09-18T07:55:54Z</time>
   </trkpt>
   <trkpt lat="22.7384090" lon="120.3300820">
    <ele>19.2</ele>
    <time>2026-09-18T07:55:55Z</time>
   </trkpt>
   <trkpt lat="22.7384060" lon="120.3300900">
    <ele>19.1</ele>
    <time>2026-09-18T07:55:56Z</time>
   </trkpt>
   <trkpt lat="22.7384000" lon="120.3300960">
    <ele>19.1</ele>
    <time>2026-09-18T07:55:57Z</time>
   </trkpt>
   <trkpt lat="22.7383990" lon="120.3301010">
    <ele>19.1</ele>
    <time>2026-09-18T07:55:58Z</time>
   </trkpt>
   <trkpt lat="22.7384070" lon="120.3301020">
    <ele>19.1</ele>
    <time>2026-09-18T07:55:59Z</time>
   </trkpt>
   <trkpt lat="22.7384140" lon="120.3300990">
    <ele>19.1</ele>
    <time>2026-09-18T07:56:00Z</time>
   </trkpt>
   <trkpt lat="22.7384280" lon="120.3300960">
    <ele>19.1</ele>
    <time>2026-09-18T07:56:01Z</time>
   </trkpt>
   <trkpt lat="22.7384380" lon="120.3301030">
    <ele>19.1</ele>
    <time>2026-09-18T07:56:02Z</time>
   </trkpt>
   <trkpt lat="22.7384440" lon="120.3301090">
    <ele>19.1</ele>
    <time>2026-09-18T07:56:03Z</time>
   </trkpt>
   <trkpt lat="22.7384440" lon="120.3301160">
    <ele>19.1</ele>
    <time>2026-09-18T07:56:04Z</time>
   </trkpt>
   <trkpt lat="22.7384380" lon="120.3301170">
    <ele>19.1</ele>
    <time>2026-09-18T07:56:05Z</time>
   </trkpt>
   <trkpt lat="22.7384380" lon="120.3301180">
    <ele>19.1</ele>
    <time>2026-09-18T07:56:06Z</time>
   </trkpt>
   <trkpt lat="22.7384430" lon="120.3301140">
    <ele>19.1</ele>
    <time>2026-09-18T07:56:07Z</time>
   </trkpt>
   <trkpt lat="22.7384490" lon="120.3301090">
    <ele>19.1</ele>
    <time>2026-09-18T07:56:08Z</time>
   </trkpt>
   <trkpt lat="22.7384580" lon="120.3301080">
    <ele>19.1</ele>
    <time>2026-09-18T07:56:09Z</time>
   </trkpt>
   <trkpt lat="22.7384660" lon="120.3301110">
    <ele>19.1</ele>
    <time>2026-09-18T07:56:10Z</time>
   </trkpt>
   <trkpt lat="22.7384670" lon="120.3301200">
    <ele>19.1</ele>
    <time>2026-09-18T07:56:11Z</time>
   </trkpt>
   <trkpt lat="22.7384630" lon="120.3301260">
    <ele>19.1</ele>
    <time>2026-09-18T07:56:12Z</time>
   </trkpt>
   <trkpt lat="22.7384570" lon="120.3301340">
    <ele>19.1</ele>
    <time>2026-09-18T07:56:13Z</time>
   </trkpt>
   <trkpt lat="22.7384500" lon="120.3301360">
    <ele>19.1</ele>
    <time>2026-09-18T07:56:14Z</time>
   </trkpt>
   <trkpt lat="22.7384530" lon="120.3301400">
    <ele>19.1</ele>
    <time>2026-09-18T07:56:15Z</time>
   </trkpt>
   <trkpt lat="22.7384590" lon="120.3301400">
    <ele>19.1</ele>
    <time>2026-09-18T07:56:16Z</time>
   </trkpt>
   <trkpt lat="22.7384670" lon="120.3301420">
    <ele>19.1</ele>
    <time>2026-09-18T07:56:17Z</time>
   </trkpt>
   <trkpt lat="22.7384700" lon="120.3301480">
    <ele>19.1</ele>
    <time>2026-09-18T07:56:18Z</time>
   </trkpt>
   <trkpt lat="22.7384750" lon="120.3301560">
    <ele>19.1</ele>
    <time>2026-09-18T07:56:19Z</time>
   </trkpt>
   <trkpt lat="22.7384760" lon="120.3301660">
    <ele>19.1</ele>
    <time>2026-09-18T07:56:20Z</time>
   </trkpt>
   <trkpt lat="22.7384710" lon="120.3301730">
    <ele>19.1</ele>
    <time>2026-09-18T07:56:21Z</time>
   </trkpt>
   <trkpt lat="22.7384640" lon="120.3301800">
    <ele>19.1</ele>
    <time>2026-09-18T07:56:22Z</time>
   </trkpt>
   <trkpt lat="22.7384630" lon="120.3301890">
    <ele>19.1</ele>
    <time>2026-09-18T07:56:23Z</time>
   </trkpt>
   <trkpt lat="22.7384660" lon="120.3302000">
    <ele>19.1</ele>
    <time>2026-09-18T07:56:24Z</time>
   </trkpt>
   <trkpt lat="22.7384710" lon="120.3302060">
    <ele>19.1</ele>
    <time>2026-09-18T07:56:25Z</time>
   </trkpt>
   <trkpt lat="22.7384790" lon="120.3302130">
    <ele>19.1</ele>
    <time>2026-09-18T07:56:26Z</time>
   </trkpt>
   <trkpt lat="22.7384810" lon="120.3302100">
    <ele>19.1</ele>
    <time>2026-09-18T07:56:27Z</time>
   </trkpt>
   <trkpt lat="22.7384770" lon="120.3302120">
    <ele>19.1</ele>
    <time>2026-09-18T07:56:28Z</time>
   </trkpt>
   <trkpt lat="22.7384710" lon="120.3302150">
    <ele>19.0</ele>
    <time>2026-09-18T07:56:29Z</time>
   </trkpt>
   <trkpt lat="22.7384650" lon="120.3302190">
    <ele>19.0</ele>
    <time>2026-09-18T07:56:30Z</time>
   </trkpt>
   <trkpt lat="22.7384630" lon="120.3302230">
    <ele>19.0</ele>
    <time>2026-09-18T07:56:31Z</time>
   </trkpt>
   <trkpt lat="22.7384630" lon="120.3302250">
    <ele>19.0</ele>
    <time>2026-09-18T07:56:32Z</time>
   </trkpt>
   <trkpt lat="22.7384780" lon="120.3302280">
    <ele>19.0</ele>
    <time>2026-09-18T07:56:33Z</time>
   </trkpt>
   <trkpt lat="22.7384910" lon="120.3302390">
    <ele>19.0</ele>
    <time>2026-09-18T07:56:35Z</time>
   </trkpt>
   <trkpt lat="22.7384960" lon="120.3302460">
    <ele>19.0</ele>
    <time>2026-09-18T07:56:36Z</time>
   </trkpt>
   <trkpt lat="22.7384960" lon="120.3302530">
    <ele>19.0</ele>
    <time>2026-09-18T07:56:37Z</time>
   </trkpt>
   <trkpt lat="22.7384890" lon="120.3302610">
    <ele>19.0</ele>
    <time>2026-09-18T07:56:38Z</time>
   </trkpt>
   <trkpt lat="22.7384840" lon="120.3302670">
    <ele>19.0</ele>
    <time>2026-09-18T07:56:39Z</time>
   </trkpt>
   <trkpt lat="22.7384880" lon="120.3302670">
    <ele>19.0</ele>
    <time>2026-09-18T07:56:40Z</time>
   </trkpt>
   <trkpt lat="22.7384970" lon="120.3302660">
    <ele>19.0</ele>
    <time>2026-09-18T07:56:41Z</time>
   </trkpt>
   <trkpt lat="22.7385070" lon="120.3302690">
    <ele>19.0</ele>
    <time>2026-09-18T07:56:42Z</time>
   </trkpt>
   <trkpt lat="22.7385120" lon="120.3302760">
    <ele>19.0</ele>
    <time>2026-09-18T07:56:43Z</time>
   </trkpt>
   <trkpt lat="22.7385110" lon="120.3302830">
    <ele>19.0</ele>
    <time>2026-09-18T07:56:44Z</time>
   </trkpt>
   <trkpt lat="22.7385100" lon="120.3302910">
    <ele>19.0</ele>
    <time>2026-09-18T07:56:45Z</time>
   </trkpt>
   <trkpt lat="22.7385020" lon="120.3302950">
    <ele>19.0</ele>
    <time>2026-09-18T07:56:46Z</time>
   </trkpt>
   <trkpt lat="22.7384960" lon="120.3302950">
    <ele>19.0</ele>
    <time>2026-09-18T07:56:47Z</time>
   </trkpt>
   <trkpt lat="22.7384960" lon="120.3302980">
    <ele>19.0</ele>
    <time>2026-09-18T07:56:48Z</time>
   </trkpt>
   <trkpt lat="22.7385010" lon="120.3303010">
    <ele>19.0</ele>
    <time>2026-09-18T07:56:49Z</time>
   </trkpt>
   <trkpt lat="22.7385070" lon="120.3303030">
    <ele>19.0</ele>
    <time>2026-09-18T07:56:50Z</time>
   </trkpt>
   <trkpt lat="22.7385140" lon="120.3303100">
    <ele>19.0</ele>
    <time>2026-09-18T07:56:51Z</time>
   </trkpt>
   <trkpt lat="22.7385190" lon="120.3303190">
    <ele>19.0</ele>
    <time>2026-09-18T07:56:52Z</time>
   </trkpt>
   <trkpt lat="22.7385210" lon="120.3303230">
    <ele>19.0</ele>
    <time>2026-09-18T07:56:53Z</time>
   </trkpt>
   <trkpt lat="22.7385200" lon="120.3303270">
    <ele>19.0</ele>
    <time>2026-09-18T07:56:54Z</time>
   </trkpt>
   <trkpt lat="22.7385140" lon="120.3303310">
    <ele>19.0</ele>
    <time>2026-09-18T07:56:55Z</time>
   </trkpt>
   <trkpt lat="22.7385050" lon="120.3303280">
    <ele>19.0</ele>
    <time>2026-09-18T07:56:56Z</time>
   </trkpt>
   <trkpt lat="22.7385040" lon="120.3303290">
    <ele>19.0</ele>
    <time>2026-09-18T07:56:58Z</time>
   </trkpt>
   <trkpt lat="22.7385050" lon="120.3303290">
    <ele>19.0</ele>
    <time>2026-09-18T07:56:59Z</time>
   </trkpt>
   <trkpt lat="22.7385080" lon="120.3303270">
    <ele>19.0</ele>
    <time>2026-09-18T07:57:00Z</time>
   </trkpt>
   <trkpt lat="22.7385130" lon="120.3303240">
    <ele>19.0</ele>
    <time>2026-09-18T07:57:01Z</time>
   </trkpt>
   <trkpt lat="22.7385200" lon="120.3303240">
    <ele>19.0</ele>
    <time>2026-09-18T07:57:02Z</time>
   </trkpt>
   <trkpt lat="22.7385270" lon="120.3303290">
    <ele>19.0</ele>
    <time>2026-09-18T07:57:03Z</time>
   </trkpt>
   <trkpt lat="22.7385320" lon="120.3303360">
    <ele>19.0</ele>
    <time>2026-09-18T07:57:04Z</time>
   </trkpt>
   <trkpt lat="22.7385310" lon="120.3303410">
    <ele>19.0</ele>
    <time>2026-09-18T07:57:05Z</time>
   </trkpt>
   <trkpt lat="22.7385300" lon="120.3303480">
    <ele>19.0</ele>
    <time>2026-09-18T07:57:06Z</time>
   </trkpt>
   <trkpt lat="22.7385200" lon="120.3303540">
    <ele>19.0</ele>
    <time>2026-09-18T07:57:07Z</time>
   </trkpt>
   <trkpt lat="22.7385130" lon="120.3303580">
    <ele>18.9</ele>
    <time>2026-09-18T07:57:08Z</time>
   </trkpt>
   <trkpt lat="22.7385090" lon="120.3303630">
    <ele>18.9</ele>
    <time>2026-09-18T07:57:09Z</time>
   </trkpt>
   <trkpt lat="22.7385120" lon="120.3303690">
    <ele>18.9</ele>
    <time>2026-09-18T07:57:10Z</time>
   </trkpt>
   <trkpt lat="22.7385200" lon="120.3303650">
    <ele>18.9</ele>
    <time>2026-09-18T07:57:11Z</time>
   </trkpt>
   <trkpt lat="22.7385250" lon="120.3303640">
    <ele>18.9</ele>
    <time>2026-09-18T07:57:12Z</time>
   </trkpt>
   <trkpt lat="22.7385300" lon="120.3303680">
    <ele>18.9</ele>
    <time>2026-09-18T07:57:13Z</time>
   </trkpt>
   <trkpt lat="22.7385320" lon="120.3303740">
    <ele>18.9</ele>
    <time>2026-09-18T07:57:14Z</time>
   </trkpt>
   <trkpt lat="22.7385340" lon="120.3303810">
    <ele>18.9</ele>
    <time>2026-09-18T07:57:15Z</time>
   </trkpt>
   <trkpt lat="22.7385330" lon="120.3303880">
    <ele>18.9</ele>
    <time>2026-09-18T07:57:16Z</time>
   </trkpt>
   <trkpt lat="22.7385240" lon="120.3303890">
    <ele>18.9</ele>
    <time>2026-09-18T07:57:17Z</time>
   </trkpt>
   <trkpt lat="22.7385210" lon="120.3303910">
    <ele>18.9</ele>
    <time>2026-09-18T07:57:18Z</time>
   </trkpt>
   <trkpt lat="22.7385310" lon="120.3303910">
    <ele>18.9</ele>
    <time>2026-09-18T07:57:19Z</time>
   </trkpt>
   <trkpt lat="22.7385410" lon="120.3303790">
    <ele>18.9</ele>
    <time>2026-09-18T07:57:20Z</time>
   </trkpt>
   <trkpt lat="22.7385500" lon="120.3303820">
    <ele>18.9</ele>
    <time>2026-09-18T07:57:21Z</time>
   </trkpt>
   <trkpt lat="22.7385550" lon="120.3303930">
    <ele>18.9</ele>
    <time>2026-09-18T07:57:22Z</time>
   </trkpt>
   <trkpt lat="22.7385560" lon="120.3304070">
    <ele>18.9</ele>
    <time>2026-09-18T07:57:24Z</time>
   </trkpt>
   <trkpt lat="22.7385550" lon="120.3304180">
    <ele>18.9</ele>
    <time>2026-09-18T07:57:25Z</time>
   </trkpt>
   <trkpt lat="22.7385550" lon="120.3304220">
    <ele>18.9</ele>
    <time>2026-09-18T07:57:26Z</time>
   </trkpt>
   <trkpt lat="22.7385630" lon="120.3304210">
    <ele>18.9</ele>
    <time>2026-09-18T07:57:28Z</time>
   </trkpt>
   <trkpt lat="22.7385670" lon="120.3304180">
    <ele>18.9</ele>
    <time>2026-09-18T07:57:29Z</time>
   </trkpt>
   <trkpt lat="22.7385710" lon="120.3304180">
    <ele>18.9</ele>
    <time>2026-09-18T07:57:30Z</time>
   </trkpt>
   <trkpt lat="22.7385760" lon="120.3304210">
    <ele>18.9</ele>
    <time>2026-09-18T07:57:31Z</time>
   </trkpt>
   <trkpt lat="22.7385890" lon="120.3304370">
    <ele>18.9</ele>
    <time>2026-09-18T07:57:32Z</time>
   </trkpt>
   <trkpt lat="22.7385880" lon="120.3304350">
    <ele>18.9</ele>
    <time>2026-09-18T07:57:33Z</time>
   </trkpt>
   <trkpt lat="22.7385840" lon="120.3304460">
    <ele>18.9</ele>
    <time>2026-09-18T07:57:35Z</time>
   </trkpt>
   <trkpt lat="22.7385770" lon="120.3304520">
    <ele>18.9</ele>
    <time>2026-09-18T07:57:36Z</time>
   </trkpt>
   <trkpt lat="22.7385800" lon="120.3304580">
    <ele>18.9</ele>
    <time>2026-09-18T07:57:37Z</time>
   </trkpt>
   <trkpt lat="22.7385890" lon="120.3304520">
    <ele>18.9</ele>
    <time>2026-09-18T07:57:38Z</time>
   </trkpt>
   <trkpt lat="22.7385950" lon="120.3304390">
    <ele>18.9</ele>
    <time>2026-09-18T07:57:39Z</time>
   </trkpt>
   <trkpt lat="22.7385970" lon="120.3304190">
    <ele>18.9</ele>
    <time>2026-09-18T07:57:40Z</time>
   </trkpt>
   <trkpt lat="22.7386000" lon="120.3304050">
    <ele>18.9</ele>
    <time>2026-09-18T07:57:41Z</time>
   </trkpt>
   <trkpt lat="22.7386060" lon="120.3303950">
    <ele>18.9</ele>
    <time>2026-09-18T07:57:42Z</time>
   </trkpt>
   <trkpt lat="22.7386120" lon="120.3303900">
    <ele>18.9</ele>
    <time>2026-09-18T07:57:43Z</time>
   </trkpt>
   <trkpt lat="22.7386190" lon="120.3303850">
    <ele>18.9</ele>
    <time>2026-09-18T07:57:44Z</time>
   </trkpt>
   <trkpt lat="22.7386200" lon="120.3303760">
    <ele>18.9</ele>
    <time>2026-09-18T07:57:45Z</time>
   </trkpt>
   <trkpt lat="22.7386110" lon="120.3303710">
    <ele>18.9</ele>
    <time>2026-09-18T07:57:46Z</time>
   </trkpt>
   <trkpt lat="22.7386030" lon="120.3303680">
    <ele>18.9</ele>
    <time>2026-09-18T07:57:47Z</time>
   </trkpt>
   <trkpt lat="22.7385950" lon="120.3303620">
    <ele>18.9</ele>
    <time>2026-09-18T07:57:48Z</time>
   </trkpt>
   <trkpt lat="22.7385870" lon="120.3303540">
    <ele>18.9</ele>
    <time>2026-09-18T07:57:49Z</time>
   </trkpt>
   <trkpt lat="22.7385840" lon="120.3303500">
    <ele>18.9</ele>
    <time>2026-09-18T07:57:50Z</time>
   </trkpt>
   <trkpt lat="22.7385870" lon="120.3303450">
    <ele>18.9</ele>
    <time>2026-09-18T07:57:51Z</time>
   </trkpt>
   <trkpt lat="22.7385880" lon="120.3303420">
    <ele>18.9</ele>
    <time>2026-09-18T07:57:52Z</time>
   </trkpt>
   <trkpt lat="22.7385830" lon="120.3303410">
    <ele>18.9</ele>
    <time>2026-09-18T07:57:53Z</time>
   </trkpt>
   <trkpt lat="22.7385770" lon="120.3303400">
    <ele>18.9</ele>
    <time>2026-09-18T07:57:54Z</time>
   </trkpt>
   <trkpt lat="22.7385720" lon="120.3303360">
    <ele>18.9</ele>
    <time>2026-09-18T07:57:55Z</time>
   </trkpt>
   <trkpt lat="22.7385670" lon="120.3303300">
    <ele>18.9</ele>
    <time>2026-09-18T07:57:56Z</time>
   </trkpt>
   <trkpt lat="22.7385650" lon="120.3303210">
    <ele>18.9</ele>
    <time>2026-09-18T07:57:57Z</time>
   </trkpt>
   <trkpt lat="22.7385700" lon="120.3303170">
    <ele>18.9</ele>
    <time>2026-09-18T07:57:58Z</time>
   </trkpt>
   <trkpt lat="22.7385700" lon="120.3303130">
    <ele>18.9</ele>
    <time>2026-09-18T07:57:59Z</time>
   </trkpt>
   <trkpt lat="22.7385670" lon="120.3303190">
    <ele>18.9</ele>
    <time>2026-09-18T07:58:00Z</time>
   </trkpt>
   <trkpt lat="22.7385640" lon="120.3303210">
    <ele>19.0</ele>
    <time>2026-09-18T07:58:01Z</time>
   </trkpt>
   <trkpt lat="22.7385580" lon="120.3303170">
    <ele>19.0</ele>
    <time>2026-09-18T07:58:02Z</time>
   </trkpt>
   <trkpt lat="22.7385550" lon="120.3303080">
    <ele>19.0</ele>
    <time>2026-09-18T07:58:03Z</time>
   </trkpt>
   <trkpt lat="22.7385510" lon="120.3302990">
    <ele>19.0</ele>
    <time>2026-09-18T07:58:04Z</time>
   </trkpt>
   <trkpt lat="22.7385520" lon="120.3302900">
    <ele>19.0</ele>
    <time>2026-09-18T07:58:05Z</time>
   </trkpt>
   <trkpt lat="22.7385610" lon="120.3302880">
    <ele>19.0</ele>
    <time>2026-09-18T07:58:06Z</time>
   </trkpt>
   <trkpt lat="22.7385680" lon="120.3302850">
    <ele>19.0</ele>
    <time>2026-09-18T07:58:08Z</time>
   </trkpt>
   <trkpt lat="22.7385630" lon="120.3302870">
    <ele>19.0</ele>
    <time>2026-09-18T07:58:09Z</time>
   </trkpt>
   <trkpt lat="22.7385560" lon="120.3302810">
    <ele>19.0</ele>
    <time>2026-09-18T07:58:11Z</time>
   </trkpt>
   <trkpt lat="22.7385560" lon="120.3302720">
    <ele>19.0</ele>
    <time>2026-09-18T07:58:12Z</time>
   </trkpt>
   <trkpt lat="22.7385460" lon="120.3302740">
    <ele>19.0</ele>
    <time>2026-09-18T07:58:13Z</time>
   </trkpt>
   <trkpt lat="22.7385510" lon="120.3302640">
    <ele>19.0</ele>
    <time>2026-09-18T07:58:14Z</time>
   </trkpt>
   <trkpt lat="22.7385570" lon="120.3302540">
    <ele>19.0</ele>
    <time>2026-09-18T07:58:16Z</time>
   </trkpt>
   <trkpt lat="22.7385520" lon="120.3302530">
    <ele>19.0</ele>
    <time>2026-09-18T07:58:17Z</time>
   </trkpt>
   <trkpt lat="22.7385450" lon="120.3302500">
    <ele>19.0</ele>
    <time>2026-09-18T07:58:18Z</time>
   </trkpt>
   <trkpt lat="22.7385380" lon="120.3302430">
    <ele>19.0</ele>
    <time>2026-09-18T07:58:19Z</time>
   </trkpt>
   <trkpt lat="22.7385290" lon="120.3302330">
    <ele>19.0</ele>
    <time>2026-09-18T07:58:20Z</time>
   </trkpt>
   <trkpt lat="22.7385230" lon="120.3302230">
    <ele>19.0</ele>
    <time>2026-09-18T07:58:21Z</time>
   </trkpt>
   <trkpt lat="22.7385190" lon="120.3302130">
    <ele>19.0</ele>
    <time>2026-09-18T07:58:22Z</time>
   </trkpt>
   <trkpt lat="22.7385170" lon="120.3302020">
    <ele>19.0</ele>
    <time>2026-09-18T07:58:23Z</time>
   </trkpt>
   <trkpt lat="22.7385160" lon="120.3301900">
    <ele>19.0</ele>
    <time>2026-09-18T07:58:24Z</time>
   </trkpt>
   <trkpt lat="22.7385170" lon="120.3301830">
    <ele>19.0</ele>
    <time>2026-09-18T07:58:25Z</time>
   </trkpt>
   <trkpt lat="22.7385130" lon="120.3301780">
    <ele>19.0</ele>
    <time>2026-09-18T07:58:26Z</time>
   </trkpt>
   <trkpt lat="22.7385040" lon="120.3301760">
    <ele>19.0</ele>
    <time>2026-09-18T07:58:27Z</time>
   </trkpt>
   <trkpt lat="22.7384930" lon="120.3301700">
    <ele>19.1</ele>
    <time>2026-09-18T07:58:29Z</time>
   </trkpt>
   <trkpt lat="22.7384860" lon="120.3301610">
    <ele>19.1</ele>
    <time>2026-09-18T07:58:30Z</time>
   </trkpt>
   <trkpt lat="22.7384840" lon="120.3301520">
    <ele>19.1</ele>
    <time>2026-09-18T07:58:31Z</time>
   </trkpt>
   <trkpt lat="22.7384880" lon="120.3301440">
    <ele>19.1</ele>
    <time>2026-09-18T07:58:32Z</time>
   </trkpt>
   <trkpt lat="22.7384970" lon="120.3301450">
    <ele>19.1</ele>
    <time>2026-09-18T07:58:33Z</time>
   </trkpt>
   <trkpt lat="22.7385030" lon="120.3301430">
    <ele>19.1</ele>
    <time>2026-09-18T07:58:34Z</time>
   </trkpt>
   <trkpt lat="22.7385040" lon="120.3301390">
    <ele>19.1</ele>
    <time>2026-09-18T07:58:35Z</time>
   </trkpt>
   <trkpt lat="22.7385020" lon="120.3301400">
    <ele>19.1</ele>
    <time>2026-09-18T07:58:36Z</time>
   </trkpt>
   <trkpt lat="22.7384970" lon="120.3301360">
    <ele>19.1</ele>
    <time>2026-09-18T07:58:37Z</time>
   </trkpt>
   <trkpt lat="22.7384900" lon="120.3301270">
    <ele>19.1</ele>
    <time>2026-09-18T07:58:38Z</time>
   </trkpt>
   <trkpt lat="22.7384850" lon="120.3301180">
    <ele>19.1</ele>
    <time>2026-09-18T07:58:40Z</time>
   </trkpt>
   <trkpt lat="22.7384790" lon="120.3301060">
    <ele>19.1</ele>
    <time>2026-09-18T07:58:41Z</time>
   </trkpt>
   <trkpt lat="22.7384720" lon="120.3300960">
    <ele>19.1</ele>
    <time>2026-09-18T07:58:42Z</time>
   </trkpt>
   <trkpt lat="22.7384680" lon="120.3300870">
    <ele>19.1</ele>
    <time>2026-09-18T07:58:43Z</time>
   </trkpt>
   <trkpt lat="22.7384650" lon="120.3300760">
    <ele>19.1</ele>
    <time>2026-09-18T07:58:44Z</time>
   </trkpt>
   <trkpt lat="22.7384670" lon="120.3300680">
    <ele>19.1</ele>
    <time>2026-09-18T07:58:45Z</time>
   </trkpt>
   <trkpt lat="22.7384620" lon="120.3300650">
    <ele>19.1</ele>
    <time>2026-09-18T07:58:46Z</time>
   </trkpt>
   <trkpt lat="22.7384570" lon="120.3300640">
    <ele>19.1</ele>
    <time>2026-09-18T07:58:47Z</time>
   </trkpt>
   <trkpt lat="22.7384520" lon="120.3300570">
    <ele>19.1</ele>
    <time>2026-09-18T07:58:48Z</time>
   </trkpt>
   <trkpt lat="22.7384480" lon="120.3300470">
    <ele>19.1</ele>
    <time>2026-09-18T07:58:49Z</time>
   </trkpt>
   <trkpt lat="22.7384480" lon="120.3300340">
    <ele>19.1</ele>
    <time>2026-09-18T07:58:50Z</time>
   </trkpt>
   <trkpt lat="22.7384500" lon="120.3300250">
    <ele>19.1</ele>
    <time>2026-09-18T07:58:51Z</time>
   </trkpt>
   <trkpt lat="22.7384450" lon="120.3300220">
    <ele>19.1</ele>
    <time>2026-09-18T07:58:52Z</time>
   </trkpt>
   <trkpt lat="22.7384430" lon="120.3300230">
    <ele>19.1</ele>
    <time>2026-09-18T07:58:53Z</time>
   </trkpt>
   <trkpt lat="22.7384430" lon="120.3300270">
    <ele>19.1</ele>
    <time>2026-09-18T07:58:54Z</time>
   </trkpt>
   <trkpt lat="22.7384440" lon="120.3300300">
    <ele>19.1</ele>
    <time>2026-09-18T07:58:55Z</time>
   </trkpt>
   <trkpt lat="22.7384420" lon="120.3300330">
    <ele>19.1</ele>
    <time>2026-09-18T07:58:56Z</time>
   </trkpt>
   <trkpt lat="22.7384390" lon="120.3300340">
    <ele>19.1</ele>
    <time>2026-09-18T07:58:57Z</time>
   </trkpt>
   <trkpt lat="22.7384360" lon="120.3300330">
    <ele>19.1</ele>
    <time>2026-09-18T07:58:58Z</time>
   </trkpt>
   <trkpt lat="22.7384280" lon="120.3300330">
    <ele>19.1</ele>
    <time>2026-09-18T07:58:59Z</time>
   </trkpt>
   <trkpt lat="22.7384210" lon="120.3300290">
    <ele>19.2</ele>
    <time>2026-09-18T07:59:00Z</time>
   </trkpt>
   <trkpt lat="22.7384170" lon="120.3300230">
    <ele>19.2</ele>
    <time>2026-09-18T07:59:01Z</time>
   </trkpt>
   <trkpt lat="22.7384170" lon="120.3300180">
    <ele>19.2</ele>
    <time>2026-09-18T07:59:02Z</time>
   </trkpt>
   <trkpt lat="22.7384180" lon="120.3300160">
    <ele>19.2</ele>
    <time>2026-09-18T07:59:03Z</time>
   </trkpt>
   <trkpt lat="22.7384180" lon="120.3300130">
    <ele>19.2</ele>
    <time>2026-09-18T07:59:04Z</time>
   </trkpt>
   <trkpt lat="22.7384190" lon="120.3300110">
    <ele>19.2</ele>
    <time>2026-09-18T07:59:05Z</time>
   </trkpt>
   <trkpt lat="22.7384190" lon="120.3300140">
    <ele>19.2</ele>
    <time>2026-09-18T07:59:06Z</time>
   </trkpt>
   <trkpt lat="22.7384180" lon="120.3300130">
    <ele>19.2</ele>
    <time>2026-09-18T07:59:07Z</time>
   </trkpt>
   <trkpt lat="22.7384160" lon="120.3300130">
    <ele>19.2</ele>
    <time>2026-09-18T07:59:08Z</time>
   </trkpt>
   <trkpt lat="22.7384130" lon="120.3300130">
    <ele>19.2</ele>
    <time>2026-09-18T07:59:09Z</time>
   </trkpt>
   <trkpt lat="22.7384080" lon="120.3300100">
    <ele>19.2</ele>
    <time>2026-09-18T07:59:10Z</time>
   </trkpt>
   <trkpt lat="22.7383970" lon="120.3300000">
    <ele>19.2</ele>
    <time>2026-09-18T07:59:11Z</time>
   </trkpt>
   <trkpt lat="22.7383930" lon="120.3299890">
    <ele>19.2</ele>
    <time>2026-09-18T07:59:13Z</time>
   </trkpt>
   <trkpt lat="22.7383950" lon="120.3299820">
    <ele>19.2</ele>
    <time>2026-09-18T07:59:14Z</time>
   </trkpt>
   <trkpt lat="22.7383970" lon="120.3299760">
    <ele>19.2</ele>
    <time>2026-09-18T07:59:15Z</time>
   </trkpt>
   <trkpt lat="22.7383940" lon="120.3299750">
    <ele>19.2</ele>
    <time>2026-09-18T07:59:16Z</time>
   </trkpt>
   <trkpt lat="22.7383910" lon="120.3299750">
    <ele>19.2</ele>
    <time>2026-09-18T07:59:17Z</time>
   </trkpt>
   <trkpt lat="22.7383870" lon="120.3299750">
    <ele>19.2</ele>
    <time>2026-09-18T07:59:18Z</time>
   </trkpt>
   <trkpt lat="22.7383800" lon="120.3299690">
    <ele>19.2</ele>
    <time>2026-09-18T07:59:19Z</time>
   </trkpt>
   <trkpt lat="22.7383720" lon="120.3299620">
    <ele>19.2</ele>
    <time>2026-09-18T07:59:20Z</time>
   </trkpt>
   <trkpt lat="22.7383670" lon="120.3299550">
    <ele>19.2</ele>
    <time>2026-09-18T07:59:21Z</time>
   </trkpt>
   <trkpt lat="22.7383650" lon="120.3299460">
    <ele>19.2</ele>
    <time>2026-09-18T07:59:22Z</time>
   </trkpt>
   <trkpt lat="22.7383690" lon="120.3299390">
    <ele>19.2</ele>
    <time>2026-09-18T07:59:23Z</time>
   </trkpt>
   <trkpt lat="22.7383690" lon="120.3299350">
    <ele>19.2</ele>
    <time>2026-09-18T07:59:24Z</time>
   </trkpt>
   <trkpt lat="22.7383630" lon="120.3299350">
    <ele>19.2</ele>
    <time>2026-09-18T07:59:25Z</time>
   </trkpt>
   <trkpt lat="22.7383580" lon="120.3299370">
    <ele>19.2</ele>
    <time>2026-09-18T07:59:26Z</time>
   </trkpt>
   <trkpt lat="22.7383540" lon="120.3299360">
    <ele>19.2</ele>
    <time>2026-09-18T07:59:27Z</time>
   </trkpt>
   <trkpt lat="22.7383490" lon="120.3299330">
    <ele>19.2</ele>
    <time>2026-09-18T07:59:28Z</time>
   </trkpt>
   <trkpt lat="22.7383430" lon="120.3299230">
    <ele>19.2</ele>
    <time>2026-09-18T07:59:29Z</time>
   </trkpt>
   <trkpt lat="22.7383450" lon="120.3299110">
    <ele>19.2</ele>
    <time>2026-09-18T07:59:30Z</time>
   </trkpt>
   <trkpt lat="22.7383480" lon="120.3299010">
    <ele>19.2</ele>
    <time>2026-09-18T07:59:31Z</time>
   </trkpt>
   <trkpt lat="22.7383490" lon="120.3298930">
    <ele>19.2</ele>
    <time>2026-09-18T07:59:32Z</time>
   </trkpt>
   <trkpt lat="22.7383490" lon="120.3298910">
    <ele>19.2</ele>
    <time>2026-09-18T07:59:33Z</time>
   </trkpt>
   <trkpt lat="22.7383470" lon="120.3298900">
    <ele>19.2</ele>
    <time>2026-09-18T07:59:34Z</time>
   </trkpt>
   <trkpt lat="22.7383440" lon="120.3298930">
    <ele>19.2</ele>
    <time>2026-09-18T07:59:35Z</time>
   </trkpt>
   <trkpt lat="22.7383400" lon="120.3298920">
    <ele>19.2</ele>
    <time>2026-09-18T07:59:36Z</time>
   </trkpt>
   <trkpt lat="22.7383340" lon="120.3298880">
    <ele>19.3</ele>
    <time>2026-09-18T07:59:37Z</time>
   </trkpt>
   <trkpt lat="22.7383310" lon="120.3298810">
    <ele>19.3</ele>
    <time>2026-09-18T07:59:38Z</time>
   </trkpt>
   <trkpt lat="22.7383300" lon="120.3298790">
    <ele>19.3</ele>
    <time>2026-09-18T07:59:39Z</time>
   </trkpt>
   <trkpt lat="22.7383310" lon="120.3298720">
    <ele>19.3</ele>
    <time>2026-09-18T07:59:40Z</time>
   </trkpt>
   <trkpt lat="22.7383330" lon="120.3298650">
    <ele>19.3</ele>
    <time>2026-09-18T07:59:41Z</time>
   </trkpt>
   <trkpt lat="22.7383350" lon="120.3298590">
    <ele>19.3</ele>
    <time>2026-09-18T07:59:42Z</time>
   </trkpt>
   <trkpt lat="22.7383360" lon="120.3298550">
    <ele>19.3</ele>
    <time>2026-09-18T07:59:43Z</time>
   </trkpt>
   <trkpt lat="22.7383360" lon="120.3298480">
    <ele>19.3</ele>
    <time>2026-09-18T07:59:44Z</time>
   </trkpt>
   <trkpt lat="22.7383420" lon="120.3298410">
    <ele>19.3</ele>
    <time>2026-09-18T07:59:46Z</time>
   </trkpt>
   <trkpt lat="22.7383400" lon="120.3298390">
    <ele>19.3</ele>
    <time>2026-09-18T07:59:47Z</time>
   </trkpt>
   <trkpt lat="22.7383290" lon="120.3298370">
    <ele>19.3</ele>
    <time>2026-09-18T07:59:48Z</time>
   </trkpt>
   <trkpt lat="22.7383150" lon="120.3298280">
    <ele>19.3</ele>
    <time>2026-09-18T07:59:49Z</time>
   </trkpt>
   <trkpt lat="22.7383060" lon="120.3298150">
    <ele>19.3</ele>
    <time>2026-09-18T07:59:51Z</time>
   </trkpt>
   <trkpt lat="22.7383080" lon="120.3298070">
    <ele>19.3</ele>
    <time>2026-09-18T07:59:52Z</time>
   </trkpt>
   <trkpt lat="22.7383110" lon="120.3298030">
    <ele>19.3</ele>
    <time>2026-09-18T07:59:53Z</time>
   </trkpt>
   <trkpt lat="22.7383110" lon="120.3297970">
    <ele>19.3</ele>
    <time>2026-09-18T07:59:54Z</time>
   </trkpt>
   <trkpt lat="22.7383070" lon="120.3297950">
    <ele>19.3</ele>
    <time>2026-09-18T07:59:55Z</time>
   </trkpt>
   <trkpt lat="22.7383050" lon="120.3297920">
    <ele>19.3</ele>
    <time>2026-09-18T07:59:56Z</time>
   </trkpt>
   <trkpt lat="22.7383010" lon="120.3297870">
    <ele>19.3</ele>
    <time>2026-09-18T07:59:57Z</time>
   </trkpt>
   <trkpt lat="22.7382970" lon="120.3297820">
    <ele>19.3</ele>
    <time>2026-09-18T07:59:58Z</time>
   </trkpt>
   <trkpt lat="22.7382960" lon="120.3297750">
    <ele>19.3</ele>
    <time>2026-09-18T07:59:59Z</time>
   </trkpt>
   <trkpt lat="22.7382990" lon="120.3297630">
    <ele>19.3</ele>
    <time>2026-09-18T08:00:00Z</time>
   </trkpt>
   <trkpt lat="22.7383020" lon="120.3297550">
    <ele>19.3</ele>
    <time>2026-09-18T08:00:01Z</time>
   </trkpt>
   <trkpt lat="22.7383030" lon="120.3297480">
    <ele>19.3</ele>
    <time>2026-09-18T08:00:02Z</time>
   </trkpt>
   <trkpt lat="22.7383020" lon="120.3297460">
    <ele>19.3</ele>
    <time>2026-09-18T08:00:03Z</time>
   </trkpt>
   <trkpt lat="22.7382960" lon="120.3297450">
    <ele>19.3</ele>
    <time>2026-09-18T08:00:04Z</time>
   </trkpt>
   <trkpt lat="22.7382890" lon="120.3297400">
    <ele>19.3</ele>
    <time>2026-09-18T08:00:05Z</time>
   </trkpt>
   <trkpt lat="22.7382780" lon="120.3297380">
    <ele>19.3</ele>
    <time>2026-09-18T08:00:06Z</time>
   </trkpt>
   <trkpt lat="22.7382690" lon="120.3297230">
    <ele>19.3</ele>
    <time>2026-09-18T08:00:07Z</time>
   </trkpt>
   <trkpt lat="22.7382670" lon="120.3297050">
    <ele>19.4</ele>
    <time>2026-09-18T08:00:08Z</time>
   </trkpt>
   <trkpt lat="22.7382680" lon="120.3296840">
    <ele>19.4</ele>
    <time>2026-09-18T08:00:09Z</time>
   </trkpt>
   <trkpt lat="22.7382680" lon="120.3296700">
    <ele>19.4</ele>
    <time>2026-09-18T08:00:10Z</time>
   </trkpt>
   <trkpt lat="22.7382640" lon="120.3296560">
    <ele>19.4</ele>
    <time>2026-09-18T08:00:11Z</time>
   </trkpt>
   <trkpt lat="22.7382600" lon="120.3296460">
    <ele>19.4</ele>
    <time>2026-09-18T08:00:12Z</time>
   </trkpt>
   <trkpt lat="22.7382540" lon="120.3296370">
    <ele>19.4</ele>
    <time>2026-09-18T08:00:13Z</time>
   </trkpt>
   <trkpt lat="22.7382450" lon="120.3296290">
    <ele>19.4</ele>
    <time>2026-09-18T08:00:14Z</time>
   </trkpt>
   <trkpt lat="22.7382360" lon="120.3296220">
    <ele>19.4</ele>
    <time>2026-09-18T08:00:15Z</time>
   </trkpt>
   <trkpt lat="22.7382250" lon="120.3296150">
    <ele>19.4</ele>
    <time>2026-09-18T08:00:16Z</time>
   </trkpt>
   <trkpt lat="22.7382160" lon="120.3296120">
    <ele>19.4</ele>
    <time>2026-09-18T08:00:17Z</time>
   </trkpt>
   <trkpt lat="22.7382050" lon="120.3296080">
    <ele>19.4</ele>
    <time>2026-09-18T08:00:18Z</time>
   </trkpt>
   <trkpt lat="22.7381960" lon="120.3296030">
    <ele>19.4</ele>
    <time>2026-09-18T08:00:19Z</time>
   </trkpt>
   <trkpt lat="22.7381870" lon="120.3295980">
    <ele>19.4</ele>
    <time>2026-09-18T08:00:20Z</time>
   </trkpt>
   <trkpt lat="22.7381800" lon="120.3295910">
    <ele>19.4</ele>
    <time>2026-09-18T08:00:21Z</time>
   </trkpt>
   <trkpt lat="22.7381730" lon="120.3295850">
    <ele>19.4</ele>
    <time>2026-09-18T08:00:22Z</time>
   </trkpt>
   <trkpt lat="22.7381660" lon="120.3295800">
    <ele>19.4</ele>
    <time>2026-09-18T08:00:23Z</time>
   </trkpt>
   <trkpt lat="22.7381570" lon="120.3295730">
    <ele>19.4</ele>
    <time>2026-09-18T08:00:24Z</time>
   </trkpt>
   <trkpt lat="22.7381590" lon="120.3295620">
    <ele>19.4</ele>
    <time>2026-09-18T08:00:25Z</time>
   </trkpt>
   <trkpt lat="22.7381610" lon="120.3295530">
    <ele>19.4</ele>
    <time>2026-09-18T08:00:26Z</time>
   </trkpt>
   <trkpt lat="22.7381600" lon="120.3295450">
    <ele>19.5</ele>
    <time>2026-09-18T08:00:27Z</time>
   </trkpt>
   <trkpt lat="22.7381600" lon="120.3295360">
    <ele>19.5</ele>
    <time>2026-09-18T08:00:28Z</time>
   </trkpt>
   <trkpt lat="22.7381650" lon="120.3295350">
    <ele>19.5</ele>
    <time>2026-09-18T08:00:29Z</time>
   </trkpt>
   <trkpt lat="22.7381730" lon="120.3295370">
    <ele>19.5</ele>
    <time>2026-09-18T08:00:30Z</time>
   </trkpt>
   <trkpt lat="22.7381800" lon="120.3295440">
    <ele>19.5</ele>
    <time>2026-09-18T08:00:31Z</time>
   </trkpt>
   <trkpt lat="22.7381880" lon="120.3295450">
    <ele>19.5</ele>
    <time>2026-09-18T08:00:32Z</time>
   </trkpt>
   <trkpt lat="22.7381940" lon="120.3295360">
    <ele>19.4</ele>
    <time>2026-09-18T08:00:33Z</time>
   </trkpt>
   <trkpt lat="22.7382030" lon="120.3295270">
    <ele>19.4</ele>
    <time>2026-09-18T08:00:35Z</time>
   </trkpt>
   <trkpt lat="22.7382080" lon="120.3295260">
    <ele>19.4</ele>
    <time>2026-09-18T08:00:36Z</time>
   </trkpt>
   <trkpt lat="22.7382180" lon="120.3295250">
    <ele>19.4</ele>
    <time>2026-09-18T08:00:37Z</time>
   </trkpt>
   <trkpt lat="22.7382250" lon="120.3295250">
    <ele>19.4</ele>
    <time>2026-09-18T08:00:38Z</time>
   </trkpt>
   <trkpt lat="22.7382270" lon="120.3295220">
    <ele>19.4</ele>
    <time>2026-09-18T08:00:39Z</time>
   </trkpt>
   <trkpt lat="22.7382280" lon="120.3295180">
    <ele>19.4</ele>
    <time>2026-09-18T08:00:40Z</time>
   </trkpt>
   <trkpt lat="22.7382280" lon="120.3295110">
    <ele>19.4</ele>
    <time>2026-09-18T08:00:41Z</time>
   </trkpt>
   <trkpt lat="22.7382310" lon="120.3295030">
    <ele>19.4</ele>
    <time>2026-09-18T08:00:42Z</time>
   </trkpt>
   <trkpt lat="22.7382370" lon="120.3294960">
    <ele>19.4</ele>
    <time>2026-09-18T08:00:43Z</time>
   </trkpt>
   <trkpt lat="22.7382470" lon="120.3295010">
    <ele>19.4</ele>
    <time>2026-09-18T08:00:44Z</time>
   </trkpt>
   <trkpt lat="22.7382600" lon="120.3295080">
    <ele>19.4</ele>
    <time>2026-09-18T08:00:45Z</time>
   </trkpt>
   <trkpt lat="22.7382640" lon="120.3295070">
    <ele>19.4</ele>
    <time>2026-09-18T08:00:46Z</time>
   </trkpt>
   <trkpt lat="22.7382640" lon="120.3294980">
    <ele>19.4</ele>
    <time>2026-09-18T08:00:47Z</time>
   </trkpt>
   <trkpt lat="22.7382660" lon="120.3294910">
    <ele>19.4</ele>
    <time>2026-09-18T08:00:48Z</time>
   </trkpt>
   <trkpt lat="22.7382700" lon="120.3294840">
    <ele>19.4</ele>
    <time>2026-09-18T08:00:49Z</time>
   </trkpt>
   <trkpt lat="22.7382640" lon="120.3294720">
    <ele>19.4</ele>
    <time>2026-09-18T08:00:50Z</time>
   </trkpt>
   <trkpt lat="22.7382710" lon="120.3294690">
    <ele>19.4</ele>
    <time>2026-09-18T08:00:51Z</time>
   </trkpt>
   <trkpt lat="22.7382760" lon="120.3294650">
    <ele>19.4</ele>
    <time>2026-09-18T08:00:52Z</time>
   </trkpt>
   <trkpt lat="22.7382790" lon="120.3294600">
    <ele>19.4</ele>
    <time>2026-09-18T08:00:53Z</time>
   </trkpt>
   <trkpt lat="22.7382780" lon="120.3294550">
    <ele>19.4</ele>
    <time>2026-09-18T08:00:54Z</time>
   </trkpt>
   <trkpt lat="22.7382810" lon="120.3294510">
    <ele>19.4</ele>
    <time>2026-09-18T08:00:55Z</time>
   </trkpt>
   <trkpt lat="22.7382870" lon="120.3294460">
    <ele>19.4</ele>
    <time>2026-09-18T08:00:56Z</time>
   </trkpt>
   <trkpt lat="22.7382950" lon="120.3294410">
    <ele>19.4</ele>
    <time>2026-09-18T08:00:57Z</time>
   </trkpt>
   <trkpt lat="22.7383010" lon="120.3294370">
    <ele>19.4</ele>
    <time>2026-09-18T08:00:58Z</time>
   </trkpt>
   <trkpt lat="22.7383040" lon="120.3294340">
    <ele>19.4</ele>
    <time>2026-09-18T08:00:59Z</time>
   </trkpt>
   <trkpt lat="22.7383060" lon="120.3294310">
    <ele>19.4</ele>
    <time>2026-09-18T08:01:00Z</time>
   </trkpt>
   <trkpt lat="22.7383090" lon="120.3294250">
    <ele>19.4</ele>
    <time>2026-09-18T08:01:01Z</time>
   </trkpt>
   <trkpt lat="22.7383100" lon="120.3294160">
    <ele>19.4</ele>
    <time>2026-09-18T08:01:02Z</time>
   </trkpt>
   <trkpt lat="22.7383170" lon="120.3294050">
    <ele>19.4</ele>
    <time>2026-09-18T08:01:04Z</time>
   </trkpt>
   <trkpt lat="22.7383240" lon="120.3294030">
    <ele>19.4</ele>
    <time>2026-09-18T08:01:05Z</time>
   </trkpt>
   <trkpt lat="22.7383280" lon="120.3294000">
    <ele>19.4</ele>
    <time>2026-09-18T08:01:06Z</time>
   </trkpt>
   <trkpt lat="22.7383310" lon="120.3293950">
    <ele>19.4</ele>
    <time>2026-09-18T08:01:07Z</time>
   </trkpt>
   <trkpt lat="22.7383350" lon="120.3293870">
    <ele>19.4</ele>
    <time>2026-09-18T08:01:08Z</time>
   </trkpt>
   <trkpt lat="22.7383370" lon="120.3293790">
    <ele>19.4</ele>
    <time>2026-09-18T08:01:09Z</time>
   </trkpt>
   <trkpt lat="22.7383430" lon="120.3293750">
    <ele>19.4</ele>
    <time>2026-09-18T08:01:10Z</time>
   </trkpt>
   <trkpt lat="22.7383520" lon="120.3293720">
    <ele>19.4</ele>
    <time>2026-09-18T08:01:11Z</time>
   </trkpt>
   <trkpt lat="22.7383580" lon="120.3293700">
    <ele>19.4</ele>
    <time>2026-09-18T08:01:12Z</time>
   </trkpt>
   <trkpt lat="22.7383600" lon="120.3293670">
    <ele>19.4</ele>
    <time>2026-09-18T08:01:13Z</time>
   </trkpt>
   <trkpt lat="22.7383620" lon="120.3293630">
    <ele>19.4</ele>
    <time>2026-09-18T08:01:14Z</time>
   </trkpt>
   <trkpt lat="22.7383690" lon="120.3293590">
    <ele>19.4</ele>
    <time>2026-09-18T08:01:15Z</time>
   </trkpt>
   <trkpt lat="22.7383730" lon="120.3293570">
    <ele>19.4</ele>
    <time>2026-09-18T08:01:16Z</time>
   </trkpt>
   <trkpt lat="22.7383880" lon="120.3293520">
    <ele>19.4</ele>
    <time>2026-09-18T08:01:18Z</time>
   </trkpt>
   <trkpt lat="22.7383920" lon="120.3293480">
    <ele>19.3</ele>
    <time>2026-09-18T08:01:19Z</time>
   </trkpt>
   <trkpt lat="22.7383960" lon="120.3293410">
    <ele>19.3</ele>
    <time>2026-09-18T08:01:20Z</time>
   </trkpt>
   <trkpt lat="22.7384010" lon="120.3293340">
    <ele>19.3</ele>
    <time>2026-09-18T08:01:21Z</time>
   </trkpt>
   <trkpt lat="22.7384060" lon="120.3293320">
    <ele>19.3</ele>
    <time>2026-09-18T08:01:22Z</time>
   </trkpt>
   <trkpt lat="22.7384130" lon="120.3293310">
    <ele>19.3</ele>
    <time>2026-09-18T08:01:23Z</time>
   </trkpt>
   <trkpt lat="22.7384190" lon="120.3293290">
    <ele>19.3</ele>
    <time>2026-09-18T08:01:24Z</time>
   </trkpt>
   <trkpt lat="22.7384210" lon="120.3293190">
    <ele>19.3</ele>
    <time>2026-09-18T08:01:25Z</time>
   </trkpt>
   <trkpt lat="22.7384240" lon="120.3293070">
    <ele>19.3</ele>
    <time>2026-09-18T08:01:26Z</time>
   </trkpt>
   <trkpt lat="22.7384320" lon="120.3293010">
    <ele>19.3</ele>
    <time>2026-09-18T08:01:27Z</time>
   </trkpt>
   <trkpt lat="22.7384380" lon="120.3293030">
    <ele>19.3</ele>
    <time>2026-09-18T08:01:28Z</time>
   </trkpt>
   <trkpt lat="22.7384460" lon="120.3293020">
    <ele>19.3</ele>
    <time>2026-09-18T08:01:30Z</time>
   </trkpt>
   <trkpt lat="22.7384470" lon="120.3292990">
    <ele>19.3</ele>
    <time>2026-09-18T08:01:31Z</time>
   </trkpt>
   <trkpt lat="22.7384470" lon="120.3292970">
    <ele>19.3</ele>
    <time>2026-09-18T08:01:32Z</time>
   </trkpt>
   <trkpt lat="22.7384490" lon="120.3292920">
    <ele>19.3</ele>
    <time>2026-09-18T08:01:33Z</time>
   </trkpt>
   <trkpt lat="22.7384530" lon="120.3292850">
    <ele>19.3</ele>
    <time>2026-09-18T08:01:34Z</time>
   </trkpt>
   <trkpt lat="22.7384590" lon="120.3292780">
    <ele>19.3</ele>
    <time>2026-09-18T08:01:35Z</time>
   </trkpt>
   <trkpt lat="22.7384700" lon="120.3292650">
    <ele>19.3</ele>
    <time>2026-09-18T08:01:36Z</time>
   </trkpt>
   <trkpt lat="22.7384760" lon="120.3292530">
    <ele>19.3</ele>
    <time>2026-09-18T08:01:37Z</time>
   </trkpt>
   <trkpt lat="22.7384820" lon="120.3292430">
    <ele>19.3</ele>
    <time>2026-09-18T08:01:38Z</time>
   </trkpt>
   <trkpt lat="22.7384900" lon="120.3292340">
    <ele>19.3</ele>
    <time>2026-09-18T08:01:39Z</time>
   </trkpt>
   <trkpt lat="22.7384980" lon="120.3292290">
    <ele>19.3</ele>
    <time>2026-09-18T08:01:40Z</time>
   </trkpt>
   <trkpt lat="22.7385050" lon="120.3292310">
    <ele>19.3</ele>
    <time>2026-09-18T08:01:41Z</time>
   </trkpt>
   <trkpt lat="22.7385140" lon="120.3292430">
    <ele>19.3</ele>
    <time>2026-09-18T08:01:42Z</time>
   </trkpt>
   <trkpt lat="22.7385170" lon="120.3292600">
    <ele>19.3</ele>
    <time>2026-09-18T08:01:43Z</time>
   </trkpt>
   <trkpt lat="22.7385220" lon="120.3292690">
    <ele>19.2</ele>
    <time>2026-09-18T08:01:44Z</time>
   </trkpt>
   <trkpt lat="22.7385280" lon="120.3292750">
    <ele>19.2</ele>
    <time>2026-09-18T08:01:45Z</time>
   </trkpt>
   <trkpt lat="22.7385350" lon="120.3292810">
    <ele>19.2</ele>
    <time>2026-09-18T08:01:46Z</time>
   </trkpt>
   <trkpt lat="22.7385380" lon="120.3292900">
    <ele>19.2</ele>
    <time>2026-09-18T08:01:47Z</time>
   </trkpt>
   <trkpt lat="22.7385420" lon="120.3292990">
    <ele>19.2</ele>
    <time>2026-09-18T08:01:48Z</time>
   </trkpt>
   <trkpt lat="22.7385480" lon="120.3293080">
    <ele>19.2</ele>
    <time>2026-09-18T08:01:49Z</time>
   </trkpt>
   <trkpt lat="22.7385500" lon="120.3293140">
    <ele>19.2</ele>
    <time>2026-09-18T08:01:50Z</time>
   </trkpt>
   <trkpt lat="22.7385520" lon="120.3293190">
    <ele>19.2</ele>
    <time>2026-09-18T08:01:51Z</time>
   </trkpt>
   <trkpt lat="22.7385550" lon="120.3293310">
    <ele>19.2</ele>
    <time>2026-09-18T08:01:52Z</time>
   </trkpt>
   <trkpt lat="22.7385600" lon="120.3293460">
    <ele>19.2</ele>
    <time>2026-09-18T08:01:53Z</time>
   </trkpt>
   <trkpt lat="22.7385640" lon="120.3293610">
    <ele>19.2</ele>
    <time>2026-09-18T08:01:54Z</time>
   </trkpt>
   <trkpt lat="22.7385670" lon="120.3293900">
    <ele>19.2</ele>
    <time>2026-09-18T08:01:56Z</time>
   </trkpt>
   <trkpt lat="22.7385690" lon="120.3294040">
    <ele>19.2</ele>
    <time>2026-09-18T08:01:57Z</time>
   </trkpt>
   <trkpt lat="22.7385700" lon="120.3294150">
    <ele>19.2</ele>
    <time>2026-09-18T08:01:58Z</time>
   </trkpt>
   <trkpt lat="22.7385720" lon="120.3294260">
    <ele>19.2</ele>
    <time>2026-09-18T08:01:59Z</time>
   </trkpt>
   <trkpt lat="22.7385730" lon="120.3294380">
    <ele>19.2</ele>
    <time>2026-09-18T08:02:00Z</time>
   </trkpt>
   <trkpt lat="22.7385750" lon="120.3294510">
    <ele>19.2</ele>
    <time>2026-09-18T08:02:01Z</time>
   </trkpt>
   <trkpt lat="22.7385780" lon="120.3294610">
    <ele>19.2</ele>
    <time>2026-09-18T08:02:02Z</time>
   </trkpt>
   <trkpt lat="22.7385820" lon="120.3294720">
    <ele>19.2</ele>
    <time>2026-09-18T08:02:03Z</time>
   </trkpt>
   <trkpt lat="22.7385860" lon="120.3294830">
    <ele>19.2</ele>
    <time>2026-09-18T08:02:04Z</time>
   </trkpt>
   <trkpt lat="22.7385890" lon="120.3294920">
    <ele>19.2</ele>
    <time>2026-09-18T08:02:05Z</time>
   </trkpt>
   <trkpt lat="22.7385930" lon="120.3295030">
    <ele>19.2</ele>
    <time>2026-09-18T08:02:06Z</time>
   </trkpt>
   <trkpt lat="22.7385980" lon="120.3295120">
    <ele>19.2</ele>
    <time>2026-09-18T08:02:07Z</time>
   </trkpt>
   <trkpt lat="22.7386030" lon="120.3295220">
    <ele>19.2</ele>
    <time>2026-09-18T08:02:08Z</time>
   </trkpt>
   <trkpt lat="22.7386070" lon="120.3295310">
    <ele>19.2</ele>
    <time>2026-09-18T08:02:09Z</time>
   </trkpt>
   <trkpt lat="22.7386110" lon="120.3295400">
    <ele>19.2</ele>
    <time>2026-09-18T08:02:10Z</time>
   </trkpt>
   <trkpt lat="22.7386160" lon="120.3295480">
    <ele>19.1</ele>
    <time>2026-09-18T08:02:11Z</time>
   </trkpt>
   <trkpt lat="22.7386180" lon="120.3295570">
    <ele>19.1</ele>
    <time>2026-09-18T08:02:12Z</time>
   </trkpt>
   <trkpt lat="22.7386160" lon="120.3295660">
    <ele>19.1</ele>
    <time>2026-09-18T08:02:13Z</time>
   </trkpt>
   <trkpt lat="22.7386130" lon="120.3295710">
    <ele>19.1</ele>
    <time>2026-09-18T08:02:14Z</time>
   </trkpt>
   <trkpt lat="22.7386180" lon="120.3295760">
    <ele>19.1</ele>
    <time>2026-09-18T08:02:15Z</time>
   </trkpt>
   <trkpt lat="22.7386290" lon="120.3295790">
    <ele>19.1</ele>
    <time>2026-09-18T08:02:16Z</time>
   </trkpt>
   <trkpt lat="22.7386390" lon="120.3295840">
    <ele>19.1</ele>
    <time>2026-09-18T08:02:17Z</time>
   </trkpt>
   <trkpt lat="22.7386480" lon="120.3295910">
    <ele>19.1</ele>
    <time>2026-09-18T08:02:18Z</time>
   </trkpt>
   <trkpt lat="22.7386520" lon="120.3295970">
    <ele>19.1</ele>
    <time>2026-09-18T08:02:19Z</time>
   </trkpt>
   <trkpt lat="22.7386500" lon="120.3296030">
    <ele>19.1</ele>
    <time>2026-09-18T08:02:20Z</time>
   </trkpt>
   <trkpt lat="22.7386440" lon="120.3296070">
    <ele>19.1</ele>
    <time>2026-09-18T08:02:21Z</time>
   </trkpt>
   <trkpt lat="22.7386420" lon="120.3296090">
    <ele>19.1</ele>
    <time>2026-09-18T08:02:22Z</time>
   </trkpt>
   <trkpt lat="22.7386460" lon="120.3296150">
    <ele>19.1</ele>
    <time>2026-09-18T08:02:23Z</time>
   </trkpt>
   <trkpt lat="22.7386560" lon="120.3296160">
    <ele>19.1</ele>
    <time>2026-09-18T08:02:24Z</time>
   </trkpt>
   <trkpt lat="22.7386640" lon="120.3296190">
    <ele>19.1</ele>
    <time>2026-09-18T08:02:25Z</time>
   </trkpt>
   <trkpt lat="22.7386690" lon="120.3296260">
    <ele>19.1</ele>
    <time>2026-09-18T08:02:26Z</time>
   </trkpt>
   <trkpt lat="22.7386700" lon="120.3296330">
    <ele>19.1</ele>
    <time>2026-09-18T08:02:27Z</time>
   </trkpt>
   <trkpt lat="22.7386690" lon="120.3296410">
    <ele>19.1</ele>
    <time>2026-09-18T08:02:28Z</time>
   </trkpt>
   <trkpt lat="22.7386710" lon="120.3296460">
    <ele>19.1</ele>
    <time>2026-09-18T08:02:29Z</time>
   </trkpt>
   <trkpt lat="22.7386700" lon="120.3296500">
    <ele>19.1</ele>
    <time>2026-09-18T08:02:30Z</time>
   </trkpt>
   <trkpt lat="22.7386680" lon="120.3296540">
    <ele>19.1</ele>
    <time>2026-09-18T08:02:31Z</time>
   </trkpt>
   <trkpt lat="22.7386710" lon="120.3296590">
    <ele>19.1</ele>
    <time>2026-09-18T08:02:32Z</time>
   </trkpt>
   <trkpt lat="22.7386760" lon="120.3296640">
    <ele>19.1</ele>
    <time>2026-09-18T08:02:33Z</time>
   </trkpt>
   <trkpt lat="22.7386790" lon="120.3296720">
    <ele>19.1</ele>
    <time>2026-09-18T08:02:34Z</time>
   </trkpt>
   <trkpt lat="22.7386820" lon="120.3296790">
    <ele>19.1</ele>
    <time>2026-09-18T08:02:35Z</time>
   </trkpt>
   <trkpt lat="22.7386810" lon="120.3296820">
    <ele>19.1</ele>
    <time>2026-09-18T08:02:36Z</time>
   </trkpt>
   <trkpt lat="22.7386840" lon="120.3296900">
    <ele>19.1</ele>
    <time>2026-09-18T08:02:37Z</time>
   </trkpt>
   <trkpt lat="22.7386870" lon="120.3296920">
    <ele>19.1</ele>
    <time>2026-09-18T08:02:38Z</time>
   </trkpt>
   <trkpt lat="22.7386920" lon="120.3296920">
    <ele>19.1</ele>
    <time>2026-09-18T08:02:39Z</time>
   </trkpt>
   <trkpt lat="22.7386980" lon="120.3296980">
    <ele>19.1</ele>
    <time>2026-09-18T08:02:40Z</time>
   </trkpt>
   <trkpt lat="22.7387020" lon="120.3297040">
    <ele>19.1</ele>
    <time>2026-09-18T08:02:41Z</time>
   </trkpt>
   <trkpt lat="22.7387050" lon="120.3297070">
    <ele>19.1</ele>
    <time>2026-09-18T08:02:42Z</time>
   </trkpt>
   <trkpt lat="22.7387020" lon="120.3297100">
    <ele>19.1</ele>
    <time>2026-09-18T08:02:43Z</time>
   </trkpt>
   <trkpt lat="22.7386960" lon="120.3297130">
    <ele>19.1</ele>
    <time>2026-09-18T08:02:44Z</time>
   </trkpt>
   <trkpt lat="22.7386900" lon="120.3297170">
    <ele>19.1</ele>
    <time>2026-09-18T08:02:45Z</time>
   </trkpt>
   <trkpt lat="22.7386840" lon="120.3297180">
    <ele>19.1</ele>
    <time>2026-09-18T08:02:46Z</time>
   </trkpt>
   <trkpt lat="22.7386840" lon="120.3297230">
    <ele>19.1</ele>
    <time>2026-09-18T08:02:47Z</time>
   </trkpt>
   <trkpt lat="22.7386910" lon="120.3297240">
    <ele>19.1</ele>
    <time>2026-09-18T08:02:48Z</time>
   </trkpt>
   <trkpt lat="22.7386920" lon="120.3297180">
    <ele>19.1</ele>
    <time>2026-09-18T08:02:49Z</time>
   </trkpt>
   <trkpt lat="22.7386910" lon="120.3297120">
    <ele>19.1</ele>
    <time>2026-09-18T08:02:50Z</time>
   </trkpt>
   <trkpt lat="22.7386890" lon="120.3297060">
    <ele>19.1</ele>
    <time>2026-09-18T08:02:51Z</time>
   </trkpt>
   <trkpt lat="22.7386900" lon="120.3297040">
    <ele>19.1</ele>
    <time>2026-09-18T08:02:52Z</time>
   </trkpt>
   <trkpt lat="22.7386950" lon="120.3297030">
    <ele>19.1</ele>
    <time>2026-09-18T08:02:53Z</time>
   </trkpt>
   <trkpt lat="22.7387040" lon="120.3297050">
    <ele>19.0</ele>
    <time>2026-09-18T08:02:54Z</time>
   </trkpt>
   <trkpt lat="22.7387180" lon="120.3297110">
    <ele>19.0</ele>
    <time>2026-09-18T08:02:55Z</time>
   </trkpt>
   <trkpt lat="22.7387260" lon="120.3297170">
    <ele>19.0</ele>
    <time>2026-09-18T08:02:56Z</time>
   </trkpt>
   <trkpt lat="22.7387280" lon="120.3297250">
    <ele>19.0</ele>
    <time>2026-09-18T08:02:57Z</time>
   </trkpt>
   <trkpt lat="22.7387240" lon="120.3297330">
    <ele>19.0</ele>
    <time>2026-09-18T08:02:58Z</time>
   </trkpt>
   <trkpt lat="22.7387230" lon="120.3297370">
    <ele>19.0</ele>
    <time>2026-09-18T08:02:59Z</time>
   </trkpt>
   <trkpt lat="22.7387270" lon="120.3297380">
    <ele>19.0</ele>
    <time>2026-09-18T08:03:00Z</time>
   </trkpt>
   <trkpt lat="22.7387350" lon="120.3297360">
    <ele>19.0</ele>
    <time>2026-09-18T08:03:01Z</time>
   </trkpt>
   <trkpt lat="22.7387400" lon="120.3297380">
    <ele>19.0</ele>
    <time>2026-09-18T08:03:02Z</time>
   </trkpt>
   <trkpt lat="22.7387400" lon="120.3297380">
    <ele>19.0</ele>
    <time>2026-09-18T08:03:03Z</time>
   </trkpt>
   <trkpt lat="22.7387400" lon="120.3297420">
    <ele>19.0</ele>
    <time>2026-09-18T08:03:04Z</time>
   </trkpt>
   <trkpt lat="22.7387390" lon="120.3297480">
    <ele>19.0</ele>
    <time>2026-09-18T08:03:05Z</time>
   </trkpt>
   <trkpt lat="22.7387360" lon="120.3297540">
    <ele>19.0</ele>
    <time>2026-09-18T08:03:06Z</time>
   </trkpt>
   <trkpt lat="22.7387360" lon="120.3297640">
    <ele>19.0</ele>
    <time>2026-09-18T08:03:07Z</time>
   </trkpt>
   <trkpt lat="22.7387420" lon="120.3297800">
    <ele>19.0</ele>
    <time>2026-09-18T08:03:09Z</time>
   </trkpt>
   <trkpt lat="22.7387500" lon="120.3297890">
    <ele>19.0</ele>
    <time>2026-09-18T08:03:10Z</time>
   </trkpt>
   <trkpt lat="22.7387520" lon="120.3297970">
    <ele>19.0</ele>
    <time>2026-09-18T08:03:11Z</time>
   </trkpt>
   <trkpt lat="22.7387500" lon="120.3298080">
    <ele>19.0</ele>
    <time>2026-09-18T08:03:12Z</time>
   </trkpt>
   <trkpt lat="22.7387450" lon="120.3298160">
    <ele>19.0</ele>
    <time>2026-09-18T08:03:13Z</time>
   </trkpt>
   <trkpt lat="22.7387370" lon="120.3298210">
    <ele>19.0</ele>
    <time>2026-09-18T08:03:14Z</time>
   </trkpt>
   <trkpt lat="22.7387440" lon="120.3298250">
    <ele>19.0</ele>
    <time>2026-09-18T08:03:15Z</time>
   </trkpt>
   <trkpt lat="22.7387570" lon="120.3298240">
    <ele>19.0</ele>
    <time>2026-09-18T08:03:16Z</time>
   </trkpt>
   <trkpt lat="22.7387660" lon="120.3298280">
    <ele>19.0</ele>
    <time>2026-09-18T08:03:17Z</time>
   </trkpt>
   <trkpt lat="22.7387700" lon="120.3298370">
    <ele>19.0</ele>
    <time>2026-09-18T08:03:18Z</time>
   </trkpt>
   <trkpt lat="22.7387700" lon="120.3298450">
    <ele>19.0</ele>
    <time>2026-09-18T08:03:19Z</time>
   </trkpt>
   <trkpt lat="22.7387670" lon="120.3298570">
    <ele>19.0</ele>
    <time>2026-09-18T08:03:20Z</time>
   </trkpt>
   <trkpt lat="22.7387720" lon="120.3298590">
    <ele>19.0</ele>
    <time>2026-09-18T08:03:22Z</time>
   </trkpt>
   <trkpt lat="22.7387800" lon="120.3298600">
    <ele>19.0</ele>
    <time>2026-09-18T08:03:23Z</time>
   </trkpt>
   <trkpt lat="22.7387910" lon="120.3298550">
    <ele>19.0</ele>
    <time>2026-09-18T08:03:24Z</time>
   </trkpt>
   <trkpt lat="22.7387980" lon="120.3298590">
    <ele>19.0</ele>
    <time>2026-09-18T08:03:25Z</time>
   </trkpt>
   <trkpt lat="22.7388020" lon="120.3298690">
    <ele>19.0</ele>
    <time>2026-09-18T08:03:26Z</time>
   </trkpt>
   <trkpt lat="22.7388060" lon="120.3298790">
    <ele>19.0</ele>
    <time>2026-09-18T08:03:27Z</time>
   </trkpt>
   <trkpt lat="22.7388020" lon="120.3298870">
    <ele>19.0</ele>
    <time>2026-09-18T08:03:28Z</time>
   </trkpt>
   <trkpt lat="22.7387930" lon="120.3298910">
    <ele>18.9</ele>
    <time>2026-09-18T08:03:29Z</time>
   </trkpt>
   <trkpt lat="22.7387880" lon="120.3298980">
    <ele>18.9</ele>
    <time>2026-09-18T08:03:30Z</time>
   </trkpt>
   <trkpt lat="22.7387910" lon="120.3299030">
    <ele>18.9</ele>
    <time>2026-09-18T08:03:31Z</time>
   </trkpt>
   <trkpt lat="22.7387980" lon="120.3299060">
    <ele>18.9</ele>
    <time>2026-09-18T08:03:32Z</time>
   </trkpt>
   <trkpt lat="22.7388070" lon="120.3299130">
    <ele>18.9</ele>
    <time>2026-09-18T08:03:33Z</time>
   </trkpt>
   <trkpt lat="22.7388140" lon="120.3299170">
    <ele>18.9</ele>
    <time>2026-09-18T08:03:35Z</time>
   </trkpt>
   <trkpt lat="22.7388210" lon="120.3299240">
    <ele>18.9</ele>
    <time>2026-09-18T08:03:36Z</time>
   </trkpt>
   <trkpt lat="22.7388260" lon="120.3299330">
    <ele>18.9</ele>
    <time>2026-09-18T08:03:37Z</time>
   </trkpt>
   <trkpt lat="22.7388280" lon="120.3299430">
    <ele>18.9</ele>
    <time>2026-09-18T08:03:38Z</time>
   </trkpt>
   <trkpt lat="22.7388280" lon="120.3299530">
    <ele>18.9</ele>
    <time>2026-09-18T08:03:39Z</time>
   </trkpt>
   <trkpt lat="22.7388240" lon="120.3299600">
    <ele>18.9</ele>
    <time>2026-09-18T08:03:40Z</time>
   </trkpt>
   <trkpt lat="22.7388200" lon="120.3299600">
    <ele>18.9</ele>
    <time>2026-09-18T08:03:41Z</time>
   </trkpt>
   <trkpt lat="22.7388220" lon="120.3299620">
    <ele>18.9</ele>
    <time>2026-09-18T08:03:42Z</time>
   </trkpt>
   <trkpt lat="22.7388290" lon="120.3299640">
    <ele>18.9</ele>
    <time>2026-09-18T08:03:43Z</time>
   </trkpt>
   <trkpt lat="22.7388350" lon="120.3299720">
    <ele>18.9</ele>
    <time>2026-09-18T08:03:44Z</time>
   </trkpt>
   <trkpt lat="22.7388370" lon="120.3299830">
    <ele>18.9</ele>
    <time>2026-09-18T08:03:45Z</time>
   </trkpt>
   <trkpt lat="22.7388360" lon="120.3299910">
    <ele>18.9</ele>
    <time>2026-09-18T08:03:46Z</time>
   </trkpt>
   <trkpt lat="22.7388350" lon="120.3299940">
    <ele>18.9</ele>
    <time>2026-09-18T08:03:47Z</time>
   </trkpt>
   <trkpt lat="22.7388340" lon="120.3299930">
    <ele>18.9</ele>
    <time>2026-09-18T08:03:48Z</time>
   </trkpt>
   <trkpt lat="22.7388390" lon="120.3299980">
    <ele>18.9</ele>
    <time>2026-09-18T08:03:49Z</time>
   </trkpt>
   <trkpt lat="22.7388460" lon="120.3300060">
    <ele>18.9</ele>
    <time>2026-09-18T08:03:50Z</time>
   </trkpt>
   <trkpt lat="22.7388520" lon="120.3300130">
    <ele>18.9</ele>
    <time>2026-09-18T08:03:51Z</time>
   </trkpt>
   <trkpt lat="22.7388570" lon="120.3300180">
    <ele>18.9</ele>
    <time>2026-09-18T08:03:52Z</time>
   </trkpt>
   <trkpt lat="22.7388570" lon="120.3300240">
    <ele>18.9</ele>
    <time>2026-09-18T08:03:53Z</time>
   </trkpt>
   <trkpt lat="22.7388460" lon="120.3300200">
    <ele>18.9</ele>
    <time>2026-09-18T08:03:54Z</time>
   </trkpt>
   <trkpt lat="22.7388400" lon="120.3300150">
    <ele>18.9</ele>
    <time>2026-09-18T08:03:55Z</time>
   </trkpt>
   <trkpt lat="22.7388420" lon="120.3300180">
    <ele>18.9</ele>
    <time>2026-09-18T08:03:56Z</time>
   </trkpt>
   <trkpt lat="22.7388440" lon="120.3300170">
    <ele>18.9</ele>
    <time>2026-09-18T08:03:57Z</time>
   </trkpt>
   <trkpt lat="22.7388450" lon="120.3300170">
    <ele>18.9</ele>
    <time>2026-09-18T08:03:58Z</time>
   </trkpt>
   <trkpt lat="22.7388460" lon="120.3300160">
    <ele>18.9</ele>
    <time>2026-09-18T08:03:59Z</time>
   </trkpt>
   <trkpt lat="22.7388490" lon="120.3300160">
    <ele>18.9</ele>
    <time>2026-09-18T08:04:00Z</time>
   </trkpt>
   <trkpt lat="22.7388580" lon="120.3300220">
    <ele>18.9</ele>
    <time>2026-09-18T08:04:01Z</time>
   </trkpt>
   <trkpt lat="22.7388630" lon="120.3300350">
    <ele>18.9</ele>
    <time>2026-09-18T08:04:02Z</time>
   </trkpt>
   <trkpt lat="22.7388640" lon="120.3300420">
    <ele>18.9</ele>
    <time>2026-09-18T08:04:03Z</time>
   </trkpt>
   <trkpt lat="22.7388630" lon="120.3300470">
    <ele>18.9</ele>
    <time>2026-09-18T08:04:04Z</time>
   </trkpt>
   <trkpt lat="22.7388600" lon="120.3300510">
    <ele>18.9</ele>
    <time>2026-09-18T08:04:05Z</time>
   </trkpt>
   <trkpt lat="22.7388580" lon="120.3300570">
    <ele>18.9</ele>
    <time>2026-09-18T08:04:06Z</time>
   </trkpt>
   <trkpt lat="22.7388630" lon="120.3300600">
    <ele>18.9</ele>
    <time>2026-09-18T08:04:07Z</time>
   </trkpt>
   <trkpt lat="22.7388690" lon="120.3300530">
    <ele>18.9</ele>
    <time>2026-09-18T08:04:08Z</time>
   </trkpt>
   <trkpt lat="22.7388730" lon="120.3300550">
    <ele>18.9</ele>
    <time>2026-09-18T08:04:09Z</time>
   </trkpt>
   <trkpt lat="22.7388800" lon="120.3300620">
    <ele>18.9</ele>
    <time>2026-09-18T08:04:10Z</time>
   </trkpt>
   <trkpt lat="22.7388880" lon="120.3300650">
    <ele>18.8</ele>
    <time>2026-09-18T08:04:11Z</time>
   </trkpt>
   <trkpt lat="22.7388970" lon="120.3300650">
    <ele>18.8</ele>
    <time>2026-09-18T08:04:12Z</time>
   </trkpt>
   <trkpt lat="22.7389040" lon="120.3300680">
    <ele>18.8</ele>
    <time>2026-09-18T08:04:13Z</time>
   </trkpt>
   <trkpt lat="22.7389120" lon="120.3300750">
    <ele>18.8</ele>
    <time>2026-09-18T08:04:14Z</time>
   </trkpt>
   <trkpt lat="22.7389180" lon="120.3300840">
    <ele>18.8</ele>
    <time>2026-09-18T08:04:15Z</time>
   </trkpt>
   <trkpt lat="22.7389140" lon="120.3300900">
    <ele>18.8</ele>
    <time>2026-09-18T08:04:16Z</time>
   </trkpt>
   <trkpt lat="22.7389080" lon="120.3300970">
    <ele>18.8</ele>
    <time>2026-09-18T08:04:17Z</time>
   </trkpt>
   <trkpt lat="22.7389000" lon="120.3301020">
    <ele>18.8</ele>
    <time>2026-09-18T08:04:18Z</time>
   </trkpt>
   <trkpt lat="22.7388920" lon="120.3301050">
    <ele>18.8</ele>
    <time>2026-09-18T08:04:19Z</time>
   </trkpt>
   <trkpt lat="22.7388920" lon="120.3301090">
    <ele>18.8</ele>
    <time>2026-09-18T08:04:20Z</time>
   </trkpt>
   <trkpt lat="22.7388960" lon="120.3301100">
    <ele>18.8</ele>
    <time>2026-09-18T08:04:21Z</time>
   </trkpt>
   <trkpt lat="22.7389020" lon="120.3301090">
    <ele>18.8</ele>
    <time>2026-09-18T08:04:22Z</time>
   </trkpt>
   <trkpt lat="22.7389110" lon="120.3301100">
    <ele>18.8</ele>
    <time>2026-09-18T08:04:23Z</time>
   </trkpt>
   <trkpt lat="22.7389180" lon="120.3301150">
    <ele>18.8</ele>
    <time>2026-09-18T08:04:24Z</time>
   </trkpt>
   <trkpt lat="22.7389220" lon="120.3301210">
    <ele>18.8</ele>
    <time>2026-09-18T08:04:25Z</time>
   </trkpt>
   <trkpt lat="22.7389210" lon="120.3301290">
    <ele>18.8</ele>
    <time>2026-09-18T08:04:26Z</time>
   </trkpt>
   <trkpt lat="22.7389180" lon="120.3301300">
    <ele>18.8</ele>
    <time>2026-09-18T08:04:27Z</time>
   </trkpt>
   <trkpt lat="22.7389180" lon="120.3301320">
    <ele>18.8</ele>
    <time>2026-09-18T08:04:28Z</time>
   </trkpt>
   <trkpt lat="22.7389200" lon="120.3301360">
    <ele>18.8</ele>
    <time>2026-09-18T08:04:29Z</time>
   </trkpt>
   <trkpt lat="22.7389270" lon="120.3301380">
    <ele>18.8</ele>
    <time>2026-09-18T08:04:30Z</time>
   </trkpt>
   <trkpt lat="22.7389330" lon="120.3301400">
    <ele>18.8</ele>
    <time>2026-09-18T08:04:31Z</time>
   </trkpt>
   <trkpt lat="22.7389390" lon="120.3301470">
    <ele>18.8</ele>
    <time>2026-09-18T08:04:32Z</time>
   </trkpt>
   <trkpt lat="22.7389430" lon="120.3301540">
    <ele>18.8</ele>
    <time>2026-09-18T08:04:33Z</time>
   </trkpt>
   <trkpt lat="22.7389410" lon="120.3301590">
    <ele>18.8</ele>
    <time>2026-09-18T08:04:34Z</time>
   </trkpt>
   <trkpt lat="22.7389360" lon="120.3301640">
    <ele>18.8</ele>
    <time>2026-09-18T08:04:35Z</time>
   </trkpt>
   <trkpt lat="22.7389320" lon="120.3301650">
    <ele>18.8</ele>
    <time>2026-09-18T08:04:36Z</time>
   </trkpt>
   <trkpt lat="22.7389340" lon="120.3301710">
    <ele>18.8</ele>
    <time>2026-09-18T08:04:37Z</time>
   </trkpt>
   <trkpt lat="22.7389430" lon="120.3301760">
    <ele>18.8</ele>
    <time>2026-09-18T08:04:38Z</time>
   </trkpt>
   <trkpt lat="22.7389520" lon="120.3301810">
    <ele>18.8</ele>
    <time>2026-09-18T08:04:39Z</time>
   </trkpt>
   <trkpt lat="22.7389560" lon="120.3301880">
    <ele>18.8</ele>
    <time>2026-09-18T08:04:40Z</time>
   </trkpt>
   <trkpt lat="22.7389560" lon="120.3301920">
    <ele>18.8</ele>
    <time>2026-09-18T08:04:41Z</time>
   </trkpt>
   <trkpt lat="22.7389520" lon="120.3301980">
    <ele>18.8</ele>
    <time>2026-09-18T08:04:42Z</time>
   </trkpt>
   <trkpt lat="22.7389450" lon="120.3302030">
    <ele>18.8</ele>
    <time>2026-09-18T08:04:43Z</time>
   </trkpt>
   <trkpt lat="22.7389400" lon="120.3302110">
    <ele>18.8</ele>
    <time>2026-09-18T08:04:44Z</time>
   </trkpt>
   <trkpt lat="22.7389460" lon="120.3302140">
    <ele>18.8</ele>
    <time>2026-09-18T08:04:45Z</time>
   </trkpt>
   <trkpt lat="22.7389530" lon="120.3302140">
    <ele>18.8</ele>
    <time>2026-09-18T08:04:46Z</time>
   </trkpt>
   <trkpt lat="22.7389690" lon="120.3302180">
    <ele>18.8</ele>
    <time>2026-09-18T08:04:47Z</time>
   </trkpt>
   <trkpt lat="22.7389830" lon="120.3302230">
    <ele>18.7</ele>
    <time>2026-09-18T08:04:48Z</time>
   </trkpt>
   <trkpt lat="22.7389860" lon="120.3302310">
    <ele>18.7</ele>
    <time>2026-09-18T08:04:49Z</time>
   </trkpt>
   <trkpt lat="22.7389850" lon="120.3302390">
    <ele>18.7</ele>
    <time>2026-09-18T08:04:50Z</time>
   </trkpt>
   <trkpt lat="22.7389770" lon="120.3302440">
    <ele>18.7</ele>
    <time>2026-09-18T08:04:51Z</time>
   </trkpt>
   <trkpt lat="22.7389760" lon="120.3302530">
    <ele>18.7</ele>
    <time>2026-09-18T08:04:52Z</time>
   </trkpt>
   <trkpt lat="22.7389830" lon="120.3302550">
    <ele>18.7</ele>
    <time>2026-09-18T08:04:53Z</time>
   </trkpt>
   <trkpt lat="22.7390000" lon="120.3302500">
    <ele>18.7</ele>
    <time>2026-09-18T08:04:54Z</time>
   </trkpt>
   <trkpt lat="22.7390110" lon="120.3302450">
    <ele>18.7</ele>
    <time>2026-09-18T08:04:55Z</time>
   </trkpt>
   <trkpt lat="22.7390190" lon="120.3302420">
    <ele>18.7</ele>
    <time>2026-09-18T08:04:56Z</time>
   </trkpt>
   <trkpt lat="22.7390260" lon="120.3302350">
    <ele>18.8</ele>
    <time>2026-09-18T08:04:57Z</time>
   </trkpt>
   <trkpt lat="22.7390350" lon="120.3302290">
    <ele>18.8</ele>
    <time>2026-09-18T08:04:58Z</time>
   </trkpt>
   <trkpt lat="22.7390360" lon="120.3302230">
    <ele>18.8</ele>
    <time>2026-09-18T08:04:59Z</time>
   </trkpt>
   <trkpt lat="22.7390410" lon="120.3302190">
    <ele>18.8</ele>
    <time>2026-09-18T08:05:00Z</time>
   </trkpt>
   <trkpt lat="22.7390450" lon="120.3302180">
    <ele>18.8</ele>
    <time>2026-09-18T08:05:01Z</time>
   </trkpt>
   <trkpt lat="22.7390400" lon="120.3302120">
    <ele>18.8</ele>
    <time>2026-09-18T08:05:02Z</time>
   </trkpt>
   <trkpt lat="22.7390310" lon="120.3302080">
    <ele>18.8</ele>
    <time>2026-09-18T08:05:03Z</time>
   </trkpt>
   <trkpt lat="22.7390120" lon="120.3302170">
    <ele>18.8</ele>
    <time>2026-09-18T08:05:04Z</time>
   </trkpt>
   <trkpt lat="22.7389950" lon="120.3302210">
    <ele>18.8</ele>
    <time>2026-09-18T08:05:05Z</time>
   </trkpt>
   <trkpt lat="22.7389880" lon="120.3302150">
    <ele>18.8</ele>
    <time>2026-09-18T08:05:06Z</time>
   </trkpt>
   <trkpt lat="22.7389780" lon="120.3302110">
    <ele>18.8</ele>
    <time>2026-09-18T08:05:07Z</time>
   </trkpt>
   <trkpt lat="22.7389670" lon="120.3302090">
    <ele>18.8</ele>
    <time>2026-09-18T08:05:08Z</time>
   </trkpt>
   <trkpt lat="22.7389510" lon="120.3302120">
    <ele>18.8</ele>
    <time>2026-09-18T08:05:09Z</time>
   </trkpt>
   <trkpt lat="22.7389450" lon="120.3302110">
    <ele>18.8</ele>
    <time>2026-09-18T08:05:10Z</time>
   </trkpt>
   <trkpt lat="22.7389230" lon="120.3302170">
    <ele>18.8</ele>
    <time>2026-09-18T08:05:11Z</time>
   </trkpt>
   <trkpt lat="22.7388990" lon="120.3302140">
    <ele>18.8</ele>
    <time>2026-09-18T08:05:12Z</time>
   </trkpt>
   <trkpt lat="22.7388970" lon="120.3302020">
    <ele>18.8</ele>
    <time>2026-09-18T08:05:14Z</time>
   </trkpt>
   <trkpt lat="22.7388970" lon="120.3301950">
    <ele>18.8</ele>
    <time>2026-09-18T08:05:15Z</time>
   </trkpt>
   <trkpt lat="22.7388950" lon="120.3301940">
    <ele>18.8</ele>
    <time>2026-09-18T08:05:16Z</time>
   </trkpt>
   <trkpt lat="22.7388920" lon="120.3301940">
    <ele>18.8</ele>
    <time>2026-09-18T08:05:17Z</time>
   </trkpt>
   <trkpt lat="22.7388870" lon="120.3301950">
    <ele>18.8</ele>
    <time>2026-09-18T08:05:18Z</time>
   </trkpt>
   <trkpt lat="22.7388820" lon="120.3301960">
    <ele>18.8</ele>
    <time>2026-09-18T08:05:19Z</time>
   </trkpt>
   <trkpt lat="22.7388770" lon="120.3301960">
    <ele>18.8</ele>
    <time>2026-09-18T08:05:20Z</time>
   </trkpt>
   <trkpt lat="22.7388760" lon="120.3301900">
    <ele>18.8</ele>
    <time>2026-09-18T08:05:21Z</time>
   </trkpt>
   <trkpt lat="22.7388730" lon="120.3301840">
    <ele>18.8</ele>
    <time>2026-09-18T08:05:22Z</time>
   </trkpt>
   <trkpt lat="22.7388770" lon="120.3301740">
    <ele>18.8</ele>
    <time>2026-09-18T08:05:23Z</time>
   </trkpt>
   <trkpt lat="22.7388800" lon="120.3301670">
    <ele>18.8</ele>
    <time>2026-09-18T08:05:24Z</time>
   </trkpt>
   <trkpt lat="22.7388820" lon="120.3301570">
    <ele>18.8</ele>
    <time>2026-09-18T08:05:25Z</time>
   </trkpt>
   <trkpt lat="22.7388820" lon="120.3301520">
    <ele>18.8</ele>
    <time>2026-09-18T08:05:26Z</time>
   </trkpt>
   <trkpt lat="22.7388870" lon="120.3301530">
    <ele>18.8</ele>
    <time>2026-09-18T08:05:27Z</time>
   </trkpt>
   <trkpt lat="22.7388870" lon="120.3301490">
    <ele>18.9</ele>
    <time>2026-09-18T08:05:28Z</time>
   </trkpt>
   <trkpt lat="22.7388880" lon="120.3301450">
    <ele>18.9</ele>
    <time>2026-09-18T08:05:29Z</time>
   </trkpt>
   <trkpt lat="22.7388870" lon="120.3301430">
    <ele>18.9</ele>
    <time>2026-09-18T08:05:30Z</time>
   </trkpt>
   <trkpt lat="22.7388880" lon="120.3301350">
    <ele>18.9</ele>
    <time>2026-09-18T08:05:31Z</time>
   </trkpt>
   <trkpt lat="22.7388960" lon="120.3301260">
    <ele>18.9</ele>
    <time>2026-09-18T08:05:32Z</time>
   </trkpt>
   <trkpt lat="22.7389020" lon="120.3301200">
    <ele>18.9</ele>
    <time>2026-09-18T08:05:33Z</time>
   </trkpt>
   <trkpt lat="22.7389090" lon="120.3301140">
    <ele>18.9</ele>
    <time>2026-09-18T08:05:34Z</time>
   </trkpt>
   <trkpt lat="22.7389130" lon="120.3301060">
    <ele>18.9</ele>
    <time>2026-09-18T08:05:35Z</time>
   </trkpt>
   <trkpt lat="22.7389170" lon="120.3301000">
    <ele>18.9</ele>
    <time>2026-09-18T08:05:37Z</time>
   </trkpt>
   <trkpt lat="22.7389160" lon="120.3301010">
    <ele>18.9</ele>
    <time>2026-09-18T08:05:38Z</time>
   </trkpt>
   <trkpt lat="22.7389130" lon="120.3300970">
    <ele>18.9</ele>
    <time>2026-09-18T08:05:39Z</time>
   </trkpt>
   <trkpt lat="22.7389120" lon="120.3300870">
    <ele>18.9</ele>
    <time>2026-09-18T08:05:41Z</time>
   </trkpt>
   <trkpt lat="22.7389110" lon="120.3300800">
    <ele>18.9</ele>
    <time>2026-09-18T08:05:42Z</time>
   </trkpt>
   <trkpt lat="22.7389130" lon="120.3300750">
    <ele>18.9</ele>
    <time>2026-09-18T08:05:43Z</time>
   </trkpt>
   <trkpt lat="22.7389150" lon="120.3300740">
    <ele>18.9</ele>
    <time>2026-09-18T08:05:44Z</time>
   </trkpt>
   <trkpt lat="22.7389170" lon="120.3300740">
    <ele>18.9</ele>
    <time>2026-09-18T08:05:45Z</time>
   </trkpt>
   <trkpt lat="22.7389190" lon="120.3300740">
    <ele>18.9</ele>
    <time>2026-09-18T08:05:46Z</time>
   </trkpt>
   <trkpt lat="22.7389150" lon="120.3300740">
    <ele>18.9</ele>
    <time>2026-09-18T08:05:47Z</time>
   </trkpt>
   <trkpt lat="22.7389050" lon="120.3300700">
    <ele>18.9</ele>
    <time>2026-09-18T08:05:48Z</time>
   </trkpt>
   <trkpt lat="22.7388990" lon="120.3300670">
    <ele>18.9</ele>
    <time>2026-09-18T08:05:49Z</time>
   </trkpt>
   <trkpt lat="22.7388950" lon="120.3300590">
    <ele>18.9</ele>
    <time>2026-09-18T08:05:50Z</time>
   </trkpt>
   <trkpt lat="22.7388940" lon="120.3300530">
    <ele>18.9</ele>
    <time>2026-09-18T08:05:51Z</time>
   </trkpt>
   <trkpt lat="22.7388950" lon="120.3300500">
    <ele>18.9</ele>
    <time>2026-09-18T08:05:52Z</time>
   </trkpt>
   <trkpt lat="22.7388900" lon="120.3300440">
    <ele>18.9</ele>
    <time>2026-09-18T08:05:54Z</time>
   </trkpt>
   <trkpt lat="22.7388850" lon="120.3300390">
    <ele>18.9</ele>
    <time>2026-09-18T08:05:55Z</time>
   </trkpt>
   <trkpt lat="22.7388760" lon="120.3300330">
    <ele>18.9</ele>
    <time>2026-09-18T08:05:57Z</time>
   </trkpt>
   <trkpt lat="22.7388760" lon="120.3300290">
    <ele>18.9</ele>
    <time>2026-09-18T08:05:58Z</time>
   </trkpt>
   <trkpt lat="22.7388760" lon="120.3300160">
    <ele>18.9</ele>
    <time>2026-09-18T08:05:59Z</time>
   </trkpt>
   <trkpt lat="22.7388780" lon="120.3300090">
    <ele>18.9</ele>
    <time>2026-09-18T08:06:00Z</time>
   </trkpt>
   <trkpt lat="22.7388810" lon="120.3300020">
    <ele>18.9</ele>
    <time>2026-09-18T08:06:01Z</time>
   </trkpt>
   <trkpt lat="22.7388780" lon="120.3299970">
    <ele>18.9</ele>
    <time>2026-09-18T08:06:02Z</time>
   </trkpt>
   <trkpt lat="22.7388690" lon="120.3299880">
    <ele>18.9</ele>
    <time>2026-09-18T08:06:03Z</time>
   </trkpt>
   <trkpt lat="22.7388600" lon="120.3299760">
    <ele>18.9</ele>
    <time>2026-09-18T08:06:05Z</time>
   </trkpt>
   <trkpt lat="22.7388540" lon="120.3299680">
    <ele>18.9</ele>
    <time>2026-09-18T08:06:06Z</time>
   </trkpt>
   <trkpt lat="22.7388500" lon="120.3299530">
    <ele>18.9</ele>
    <time>2026-09-18T08:06:07Z</time>
   </trkpt>
   <trkpt lat="22.7388540" lon="120.3299410">
    <ele>18.9</ele>
    <time>2026-09-18T08:06:08Z</time>
   </trkpt>
   <trkpt lat="22.7388570" lon="120.3299300">
    <ele>18.9</ele>
    <time>2026-09-18T08:06:09Z</time>
   </trkpt>
   <trkpt lat="22.7388550" lon="120.3299210">
    <ele>18.9</ele>
    <time>2026-09-18T08:06:10Z</time>
   </trkpt>
   <trkpt lat="22.7388450" lon="120.3299170">
    <ele>19.0</ele>
    <time>2026-09-18T08:06:11Z</time>
   </trkpt>
   <trkpt lat="22.7388390" lon="120.3299110">
    <ele>19.0</ele>
    <time>2026-09-18T08:06:12Z</time>
   </trkpt>
   <trkpt lat="22.7388350" lon="120.3299020">
    <ele>19.0</ele>
    <time>2026-09-18T08:06:13Z</time>
   </trkpt>
   <trkpt lat="22.7388280" lon="120.3298860">
    <ele>19.0</ele>
    <time>2026-09-18T08:06:14Z</time>
   </trkpt>
   <trkpt lat="22.7388280" lon="120.3298810">
    <ele>19.0</ele>
    <time>2026-09-18T08:06:15Z</time>
   </trkpt>
   <trkpt lat="22.7388240" lon="120.3298760">
    <ele>19.0</ele>
    <time>2026-09-18T08:06:16Z</time>
   </trkpt>
   <trkpt lat="22.7388150" lon="120.3298760">
    <ele>19.0</ele>
    <time>2026-09-18T08:06:17Z</time>
   </trkpt>
   <trkpt lat="22.7388070" lon="120.3298740">
    <ele>19.0</ele>
    <time>2026-09-18T08:06:18Z</time>
   </trkpt>
   <trkpt lat="22.7388010" lon="120.3298640">
    <ele>19.0</ele>
    <time>2026-09-18T08:06:19Z</time>
   </trkpt>
   <trkpt lat="22.7387970" lon="120.3298540">
    <ele>19.0</ele>
    <time>2026-09-18T08:06:21Z</time>
   </trkpt>
   <trkpt lat="22.7387950" lon="120.3298470">
    <ele>19.0</ele>
    <time>2026-09-18T08:06:22Z</time>
   </trkpt>
   <trkpt lat="22.7387930" lon="120.3298370">
    <ele>19.0</ele>
    <time>2026-09-18T08:06:23Z</time>
   </trkpt>
   <trkpt lat="22.7387920" lon="120.3298260">
    <ele>19.0</ele>
    <time>2026-09-18T08:06:24Z</time>
   </trkpt>
   <trkpt lat="22.7387920" lon="120.3298180">
    <ele>19.0</ele>
    <time>2026-09-18T08:06:25Z</time>
   </trkpt>
   <trkpt lat="22.7387930" lon="120.3298100">
    <ele>19.0</ele>
    <time>2026-09-18T08:06:26Z</time>
   </trkpt>
   <trkpt lat="22.7387890" lon="120.3298010">
    <ele>19.0</ele>
    <time>2026-09-18T08:06:27Z</time>
   </trkpt>
   <trkpt lat="22.7387760" lon="120.3297950">
    <ele>19.0</ele>
    <time>2026-09-18T08:06:28Z</time>
   </trkpt>
   <trkpt lat="22.7387600" lon="120.3297890">
    <ele>19.0</ele>
    <time>2026-09-18T08:06:29Z</time>
   </trkpt>
   <trkpt lat="22.7387400" lon="120.3297880">
    <ele>19.0</ele>
    <time>2026-09-18T08:06:31Z</time>
   </trkpt>
   <trkpt lat="22.7387340" lon="120.3297830">
    <ele>19.0</ele>
    <time>2026-09-18T08:06:32Z</time>
   </trkpt>
   <trkpt lat="22.7387340" lon="120.3297790">
    <ele>19.0</ele>
    <time>2026-09-18T08:06:33Z</time>
   </trkpt>
   <trkpt lat="22.7387410" lon="120.3297740">
    <ele>19.0</ele>
    <time>2026-09-18T08:06:34Z</time>
   </trkpt>
   <trkpt lat="22.7387440" lon="120.3297740">
    <ele>19.0</ele>
    <time>2026-09-18T08:06:35Z</time>
   </trkpt>
   <trkpt lat="22.7387430" lon="120.3297670">
    <ele>19.0</ele>
    <time>2026-09-18T08:06:36Z</time>
   </trkpt>
   <trkpt lat="22.7387390" lon="120.3297670">
    <ele>19.0</ele>
    <time>2026-09-18T08:06:37Z</time>
   </trkpt>
   <trkpt lat="22.7387290" lon="120.3297650">
    <ele>19.0</ele>
    <time>2026-09-18T08:06:38Z</time>
   </trkpt>
   <trkpt lat="22.7387180" lon="120.3297640">
    <ele>19.0</ele>
    <time>2026-09-18T08:06:39Z</time>
   </trkpt>
   <trkpt lat="22.7387090" lon="120.3297590">
    <ele>19.0</ele>
    <time>2026-09-18T08:06:40Z</time>
   </trkpt>
   <trkpt lat="22.7387060" lon="120.3297580">
    <ele>19.0</ele>
    <time>2026-09-18T08:06:41Z</time>
   </trkpt>
   <trkpt lat="22.7387040" lon="120.3297540">
    <ele>19.0</ele>
    <time>2026-09-18T08:06:42Z</time>
   </trkpt>
   <trkpt lat="22.7386990" lon="120.3297530">
    <ele>19.0</ele>
    <time>2026-09-18T08:06:43Z</time>
   </trkpt>
   <trkpt lat="22.7386920" lon="120.3297530">
    <ele>19.0</ele>
    <time>2026-09-18T08:06:44Z</time>
   </trkpt>
   <trkpt lat="22.7386830" lon="120.3297560">
    <ele>19.1</ele>
    <time>2026-09-18T08:06:45Z</time>
   </trkpt>
   <trkpt lat="22.7386730" lon="120.3297560">
    <ele>19.1</ele>
    <time>2026-09-18T08:06:46Z</time>
   </trkpt>
   <trkpt lat="22.7386710" lon="120.3297460">
    <ele>19.1</ele>
    <time>2026-09-18T08:06:47Z</time>
   </trkpt>
   <trkpt lat="22.7386660" lon="120.3297300">
    <ele>19.1</ele>
    <time>2026-09-18T08:06:48Z</time>
   </trkpt>
   <trkpt lat="22.7386600" lon="120.3297170">
    <ele>19.1</ele>
    <time>2026-09-18T08:06:50Z</time>
   </trkpt>
   <trkpt lat="22.7386580" lon="120.3297060">
    <ele>19.1</ele>
    <time>2026-09-18T08:06:51Z</time>
   </trkpt>
   <trkpt lat="22.7386540" lon="120.3296950">
    <ele>19.1</ele>
    <time>2026-09-18T08:06:52Z</time>
   </trkpt>
   <trkpt lat="22.7386490" lon="120.3296830">
    <ele>19.1</ele>
    <time>2026-09-18T08:06:53Z</time>
   </trkpt>
   <trkpt lat="22.7386470" lon="120.3296690">
    <ele>19.1</ele>
    <time>2026-09-18T08:06:54Z</time>
   </trkpt>
   <trkpt lat="22.7386490" lon="120.3296600">
    <ele>19.1</ele>
    <time>2026-09-18T08:06:55Z</time>
   </trkpt>
   <trkpt lat="22.7386460" lon="120.3296510">
    <ele>19.1</ele>
    <time>2026-09-18T08:06:56Z</time>
   </trkpt>
   <trkpt lat="22.7386400" lon="120.3296390">
    <ele>19.1</ele>
    <time>2026-09-18T08:06:57Z</time>
   </trkpt>
   <trkpt lat="22.7386370" lon="120.3296290">
    <ele>19.1</ele>
    <time>2026-09-18T08:06:58Z</time>
   </trkpt>
   <trkpt lat="22.7386340" lon="120.3296180">
    <ele>19.1</ele>
    <time>2026-09-18T08:06:59Z</time>
   </trkpt>
   <trkpt lat="22.7386290" lon="120.3296070">
    <ele>19.1</ele>
    <time>2026-09-18T08:07:00Z</time>
   </trkpt>
   <trkpt lat="22.7386250" lon="120.3295930">
    <ele>19.1</ele>
    <time>2026-09-18T08:07:01Z</time>
   </trkpt>
   <trkpt lat="22.7386240" lon="120.3295810">
    <ele>19.1</ele>
    <time>2026-09-18T08:07:02Z</time>
   </trkpt>
   <trkpt lat="22.7386230" lon="120.3295690">
    <ele>19.1</ele>
    <time>2026-09-18T08:07:03Z</time>
   </trkpt>
   <trkpt lat="22.7386200" lon="120.3295560">
    <ele>19.1</ele>
    <time>2026-09-18T08:07:04Z</time>
   </trkpt>
   <trkpt lat="22.7386160" lon="120.3295420">
    <ele>19.1</ele>
    <time>2026-09-18T08:07:05Z</time>
   </trkpt>
   <trkpt lat="22.7386120" lon="120.3295280">
    <ele>19.1</ele>
    <time>2026-09-18T08:07:06Z</time>
   </trkpt>
   <trkpt lat="22.7386070" lon="120.3295190">
    <ele>19.1</ele>
    <time>2026-09-18T08:07:07Z</time>
   </trkpt>
   <trkpt lat="22.7386010" lon="120.3295110">
    <ele>19.1</ele>
    <time>2026-09-18T08:07:08Z</time>
   </trkpt>
   <trkpt lat="22.7385970" lon="120.3295020">
    <ele>19.1</ele>
    <time>2026-09-18T08:07:09Z</time>
   </trkpt>
   <trkpt lat="22.7385950" lon="120.3294920">
    <ele>19.1</ele>
    <time>2026-09-18T08:07:10Z</time>
   </trkpt>
   <trkpt lat="22.7385940" lon="120.3294810">
    <ele>19.2</ele>
    <time>2026-09-18T08:07:11Z</time>
   </trkpt>
   <trkpt lat="22.7385960" lon="120.3294710">
    <ele>19.2</ele>
    <time>2026-09-18T08:07:12Z</time>
   </trkpt>
   <trkpt lat="22.7385970" lon="120.3294600">
    <ele>19.2</ele>
    <time>2026-09-18T08:07:13Z</time>
   </trkpt>
   <trkpt lat="22.7386010" lon="120.3294490">
    <ele>19.2</ele>
    <time>2026-09-18T08:07:14Z</time>
   </trkpt>
   <trkpt lat="22.7386000" lon="120.3294380">
    <ele>19.2</ele>
    <time>2026-09-18T08:07:15Z</time>
   </trkpt>
   <trkpt lat="22.7385970" lon="120.3294250">
    <ele>19.2</ele>
    <time>2026-09-18T08:07:16Z</time>
   </trkpt>
   <trkpt lat="22.7385920" lon="120.3294130">
    <ele>19.2</ele>
    <time>2026-09-18T08:07:17Z</time>
   </trkpt>
   <trkpt lat="22.7385890" lon="120.3294050">
    <ele>19.2</ele>
    <time>2026-09-18T08:07:18Z</time>
   </trkpt>
   <trkpt lat="22.7385850" lon="120.3293910">
    <ele>19.2</ele>
    <time>2026-09-18T08:07:19Z</time>
   </trkpt>
   <trkpt lat="22.7385790" lon="120.3293780">
    <ele>19.2</ele>
    <time>2026-09-18T08:07:20Z</time>
   </trkpt>
   <trkpt lat="22.7385750" lon="120.3293690">
    <ele>19.2</ele>
    <time>2026-09-18T08:07:21Z</time>
   </trkpt>
   <trkpt lat="22.7385690" lon="120.3293560">
    <ele>19.2</ele>
    <time>2026-09-18T08:07:22Z</time>
   </trkpt>
   <trkpt lat="22.7385620" lon="120.3293440">
    <ele>19.2</ele>
    <time>2026-09-18T08:07:23Z</time>
   </trkpt>
   <trkpt lat="22.7385560" lon="120.3293340">
    <ele>19.2</ele>
    <time>2026-09-18T08:07:24Z</time>
   </trkpt>
   <trkpt lat="22.7385510" lon="120.3293250">
    <ele>19.2</ele>
    <time>2026-09-18T08:07:25Z</time>
   </trkpt>
   <trkpt lat="22.7385450" lon="120.3293190">
    <ele>19.2</ele>
    <time>2026-09-18T08:07:26Z</time>
   </trkpt>
   <trkpt lat="22.7385350" lon="120.3293040">
    <ele>19.2</ele>
    <time>2026-09-18T08:07:28Z</time>
   </trkpt>
   <trkpt lat="22.7385290" lon="120.3292950">
    <ele>19.2</ele>
    <time>2026-09-18T08:07:29Z</time>
   </trkpt>
   <trkpt lat="22.7385230" lon="120.3292880">
    <ele>19.2</ele>
    <time>2026-09-18T08:07:30Z</time>
   </trkpt>
   <trkpt lat="22.7385150" lon="120.3292800">
    <ele>19.2</ele>
    <time>2026-09-18T08:07:31Z</time>
   </trkpt>
   <trkpt lat="22.7385090" lon="120.3292710">
    <ele>19.2</ele>
    <time>2026-09-18T08:07:32Z</time>
   </trkpt>
   <trkpt lat="22.7385020" lon="120.3292660">
    <ele>19.2</ele>
    <time>2026-09-18T08:07:33Z</time>
   </trkpt>
   <trkpt lat="22.7384880" lon="120.3292600">
    <ele>19.2</ele>
    <time>2026-09-18T08:07:34Z</time>
   </trkpt>
   <trkpt lat="22.7384780" lon="120.3292570">
    <ele>19.2</ele>
    <time>2026-09-18T08:07:35Z</time>
   </trkpt>
   <trkpt lat="22.7384760" lon="120.3292610">
    <ele>19.2</ele>
    <time>2026-09-18T08:07:36Z</time>
   </trkpt>
   <trkpt lat="22.7384690" lon="120.3292680">
    <ele>19.3</ele>
    <time>2026-09-18T08:07:37Z</time>
   </trkpt>
   <trkpt lat="22.7384530" lon="120.3292630">
    <ele>19.3</ele>
    <time>2026-09-18T08:07:38Z</time>
   </trkpt>
   <trkpt lat="22.7384400" lon="120.3292610">
    <ele>19.3</ele>
    <time>2026-09-18T08:07:39Z</time>
   </trkpt>
   <trkpt lat="22.7384290" lon="120.3292600">
    <ele>19.3</ele>
    <time>2026-09-18T08:07:40Z</time>
   </trkpt>
   <trkpt lat="22.7384190" lon="120.3292640">
    <ele>19.3</ele>
    <time>2026-09-18T08:07:41Z</time>
   </trkpt>
   <trkpt lat="22.7384110" lon="120.3292700">
    <ele>19.3</ele>
    <time>2026-09-18T08:07:42Z</time>
   </trkpt>
   <trkpt lat="22.7383990" lon="120.3292750">
    <ele>19.3</ele>
    <time>2026-09-18T08:07:43Z</time>
   </trkpt>
   <trkpt lat="22.7383960" lon="120.3292780">
    <ele>19.3</ele>
    <time>2026-09-18T08:07:44Z</time>
   </trkpt>
   <trkpt lat="22.7383930" lon="120.3292840">
    <ele>19.3</ele>
    <time>2026-09-18T08:07:45Z</time>
   </trkpt>
   <trkpt lat="22.7383870" lon="120.3292970">
    <ele>19.3</ele>
    <time>2026-09-18T08:07:46Z</time>
   </trkpt>
   <trkpt lat="22.7383760" lon="120.3293120">
    <ele>19.3</ele>
    <time>2026-09-18T08:07:47Z</time>
   </trkpt>
   <trkpt lat="22.7383650" lon="120.3293250">
    <ele>19.3</ele>
    <time>2026-09-18T08:07:49Z</time>
   </trkpt>
   <trkpt lat="22.7383530" lon="120.3293340">
    <ele>19.3</ele>
    <time>2026-09-18T08:07:50Z</time>
   </trkpt>
   <trkpt lat="22.7383440" lon="120.3293410">
    <ele>19.3</ele>
    <time>2026-09-18T08:07:51Z</time>
   </trkpt>
   <trkpt lat="22.7383330" lon="120.3293460">
    <ele>19.3</ele>
    <time>2026-09-18T08:07:52Z</time>
   </trkpt>
   <trkpt lat="22.7383220" lon="120.3293540">
    <ele>19.4</ele>
    <time>2026-09-18T08:07:53Z</time>
   </trkpt>
   <trkpt lat="22.7383100" lon="120.3293620">
    <ele>19.4</ele>
    <time>2026-09-18T08:07:54Z</time>
   </trkpt>
   <trkpt lat="22.7383010" lon="120.3293690">
    <ele>19.4</ele>
    <time>2026-09-18T08:07:55Z</time>
   </trkpt>
   <trkpt lat="22.7382920" lon="120.3293760">
    <ele>19.4</ele>
    <time>2026-09-18T08:07:56Z</time>
   </trkpt>
   <trkpt lat="22.7382820" lon="120.3293880">
    <ele>19.4</ele>
    <time>2026-09-18T08:07:57Z</time>
   </trkpt>
   <trkpt lat="22.7382750" lon="120.3293990">
    <ele>19.4</ele>
    <time>2026-09-18T08:07:58Z</time>
   </trkpt>
   <trkpt lat="22.7382670" lon="120.3294080">
    <ele>19.4</ele>
    <time>2026-09-18T08:07:59Z</time>
   </trkpt>
   <trkpt lat="22.7382510" lon="120.3294150">
    <ele>19.4</ele>
    <time>2026-09-18T08:08:01Z</time>
   </trkpt>
   <trkpt lat="22.7382410" lon="120.3294220">
    <ele>19.4</ele>
    <time>2026-09-18T08:08:02Z</time>
   </trkpt>
   <trkpt lat="22.7382350" lon="120.3294270">
    <ele>19.4</ele>
    <time>2026-09-18T08:08:03Z</time>
   </trkpt>
   <trkpt lat="22.7382250" lon="120.3294340">
    <ele>19.4</ele>
    <time>2026-09-18T08:08:04Z</time>
   </trkpt>
   <trkpt lat="22.7382130" lon="120.3294420">
    <ele>19.4</ele>
    <time>2026-09-18T08:08:05Z</time>
   </trkpt>
   <trkpt lat="22.7382010" lon="120.3294520">
    <ele>19.4</ele>
    <time>2026-09-18T08:08:06Z</time>
   </trkpt>
   <trkpt lat="22.7381900" lon="120.3294650">
    <ele>19.4</ele>
    <time>2026-09-18T08:08:08Z</time>
   </trkpt>
   <trkpt lat="22.7381840" lon="120.3294720">
    <ele>19.4</ele>
    <time>2026-09-18T08:08:09Z</time>
   </trkpt>
   <trkpt lat="22.7381760" lon="120.3294800">
    <ele>19.4</ele>
    <time>2026-09-18T08:08:10Z</time>
   </trkpt>
   <trkpt lat="22.7381690" lon="120.3294890">
    <ele>19.4</ele>
    <time>2026-09-18T08:08:11Z</time>
   </trkpt>
   <trkpt lat="22.7381620" lon="120.3294970">
    <ele>19.4</ele>
    <time>2026-09-18T08:08:12Z</time>
   </trkpt>
   <trkpt lat="22.7381520" lon="120.3295050">
    <ele>19.4</ele>
    <time>2026-09-18T08:08:13Z</time>
   </trkpt>
   <trkpt lat="22.7381430" lon="120.3295140">
    <ele>19.4</ele>
    <time>2026-09-18T08:08:14Z</time>
   </trkpt>
   <trkpt lat="22.7381350" lon="120.3295220">
    <ele>19.5</ele>
    <time>2026-09-18T08:08:15Z</time>
   </trkpt>
   <trkpt lat="22.7381260" lon="120.3295290">
    <ele>19.5</ele>
    <time>2026-09-18T08:08:16Z</time>
   </trkpt>
   <trkpt lat="22.7381180" lon="120.3295360">
    <ele>19.5</ele>
    <time>2026-09-18T08:08:17Z</time>
   </trkpt>
   <trkpt lat="22.7381110" lon="120.3295450">
    <ele>19.5</ele>
    <time>2026-09-18T08:08:18Z</time>
   </trkpt>
   <trkpt lat="22.7381010" lon="120.3295540">
    <ele>19.5</ele>
    <time>2026-09-18T08:08:19Z</time>
   </trkpt>
   <trkpt lat="22.7380900" lon="120.3295650">
    <ele>19.5</ele>
    <time>2026-09-18T08:08:20Z</time>
   </trkpt>
   <trkpt lat="22.7380830" lon="120.3295700">
    <ele>19.5</ele>
    <time>2026-09-18T08:08:21Z</time>
   </trkpt>
   <trkpt lat="22.7380760" lon="120.3295750">
    <ele>19.5</ele>
    <time>2026-09-18T08:08:22Z</time>
   </trkpt>
   <trkpt lat="22.7380680" lon="120.3295820">
    <ele>19.5</ele>
    <time>2026-09-18T08:08:23Z</time>
   </trkpt>
   <trkpt lat="22.7380590" lon="120.3295900">
    <ele>19.5</ele>
    <time>2026-09-18T08:08:24Z</time>
   </trkpt>
   <trkpt lat="22.7380500" lon="120.3295980">
    <ele>19.5</ele>
    <time>2026-09-18T08:08:25Z</time>
   </trkpt>
   <trkpt lat="22.7380420" lon="120.3296060">
    <ele>19.5</ele>
    <time>2026-09-18T08:08:26Z</time>
   </trkpt>
   <trkpt lat="22.7380220" lon="120.3296190">
    <ele>19.5</ele>
    <time>2026-09-18T08:08:27Z</time>
   </trkpt>
   <trkpt lat="22.7380150" lon="120.3296300">
    <ele>19.5</ele>
    <time>2026-09-18T08:08:28Z</time>
   </trkpt>
   <trkpt lat="22.7380070" lon="120.3296450">
    <ele>19.5</ele>
    <time>2026-09-18T08:08:29Z</time>
   </trkpt>
   <trkpt lat="22.7380000" lon="120.3296600">
    <ele>19.5</ele>
    <time>2026-09-18T08:08:30Z</time>
   </trkpt>
   <trkpt lat="22.7379930" lon="120.3296710">
    <ele>19.5</ele>
    <time>2026-09-18T08:08:31Z</time>
   </trkpt>
   <trkpt lat="22.7379850" lon="120.3296750">
    <ele>19.6</ele>
    <time>2026-09-18T08:08:33Z</time>
   </trkpt>
   <trkpt lat="22.7379800" lon="120.3296820">
    <ele>19.6</ele>
    <time>2026-09-18T08:08:34Z</time>
   </trkpt>
   <trkpt lat="22.7379740" lon="120.3296920">
    <ele>19.6</ele>
    <time>2026-09-18T08:08:35Z</time>
   </trkpt>
   <trkpt lat="22.7379660" lon="120.3297010">
    <ele>19.6</ele>
    <time>2026-09-18T08:08:36Z</time>
   </trkpt>
   <trkpt lat="22.7379580" lon="120.3297100">
    <ele>19.6</ele>
    <time>2026-09-18T08:08:37Z</time>
   </trkpt>
   <trkpt lat="22.7379510" lon="120.3297190">
    <ele>19.6</ele>
    <time>2026-09-18T08:08:38Z</time>
   </trkpt>
   <trkpt lat="22.7379450" lon="120.3297270">
    <ele>19.6</ele>
    <time>2026-09-18T08:08:39Z</time>
   </trkpt>
   <trkpt lat="22.7379310" lon="120.3297320">
    <ele>19.6</ele>
    <time>2026-09-18T08:08:40Z</time>
   </trkpt>
   <trkpt lat="22.7379220" lon="120.3297400">
    <ele>19.6</ele>
    <time>2026-09-18T08:08:41Z</time>
   </trkpt>
   <trkpt lat="22.7379140" lon="120.3297480">
    <ele>19.6</ele>
    <time>2026-09-18T08:08:42Z</time>
   </trkpt>
   <trkpt lat="22.7379050" lon="120.3297560">
    <ele>19.6</ele>
    <time>2026-09-18T08:08:43Z</time>
   </trkpt>
   <trkpt lat="22.7378970" lon="120.3297630">
    <ele>19.6</ele>
    <time>2026-09-18T08:08:44Z</time>
   </trkpt>
   <trkpt lat="22.7378910" lon="120.3297650">
    <ele>19.6</ele>
    <time>2026-09-18T08:08:45Z</time>
   </trkpt>
   <trkpt lat="22.7378790" lon="120.3297670">
    <ele>19.6</ele>
    <time>2026-09-18T08:08:46Z</time>
   </trkpt>
   <trkpt lat="22.7378670" lon="120.3297690">
    <ele>19.6</ele>
    <time>2026-09-18T08:08:47Z</time>
   </trkpt>
   <trkpt lat="22.7378580" lon="120.3297640">
    <ele>19.6</ele>
    <time>2026-09-18T08:08:48Z</time>
   </trkpt>
   <trkpt lat="22.7378480" lon="120.3297570">
    <ele>19.6</ele>
    <time>2026-09-18T08:08:49Z</time>
   </trkpt>
   <trkpt lat="22.7378330" lon="120.3297520">
    <ele>19.7</ele>
    <time>2026-09-18T08:08:51Z</time>
   </trkpt>
   <trkpt lat="22.7378130" lon="120.3297440">
    <ele>19.7</ele>
    <time>2026-09-18T08:08:52Z</time>
   </trkpt>
   <trkpt lat="22.7377980" lon="120.3297430">
    <ele>19.7</ele>
    <time>2026-09-18T08:08:53Z</time>
   </trkpt>
   <trkpt lat="22.7377880" lon="120.3297440">
    <ele>19.7</ele>
    <time>2026-09-18T08:08:54Z</time>
   </trkpt>
   <trkpt lat="22.7377750" lon="120.3297470">
    <ele>19.7</ele>
    <time>2026-09-18T08:08:55Z</time>
   </trkpt>
   <trkpt lat="22.7377650" lon="120.3297520">
    <ele>19.7</ele>
    <time>2026-09-18T08:08:56Z</time>
   </trkpt>
   <trkpt lat="22.7377550" lon="120.3297590">
    <ele>19.7</ele>
    <time>2026-09-18T08:08:57Z</time>
   </trkpt>
   <trkpt lat="22.7377480" lon="120.3297660">
    <ele>19.7</ele>
    <time>2026-09-18T08:08:58Z</time>
   </trkpt>
   <trkpt lat="22.7377410" lon="120.3297740">
    <ele>19.7</ele>
    <time>2026-09-18T08:08:59Z</time>
   </trkpt>
   <trkpt lat="22.7377330" lon="120.3297840">
    <ele>19.7</ele>
    <time>2026-09-18T08:09:00Z</time>
   </trkpt>
   <trkpt lat="22.7377250" lon="120.3297920">
    <ele>19.7</ele>
    <time>2026-09-18T08:09:01Z</time>
   </trkpt>
   <trkpt lat="22.7377150" lon="120.3297990">
    <ele>19.7</ele>
    <time>2026-09-18T08:09:02Z</time>
   </trkpt>
   <trkpt lat="22.7377070" lon="120.3298050">
    <ele>19.7</ele>
    <time>2026-09-18T08:09:03Z</time>
   </trkpt>
   <trkpt lat="22.7376980" lon="120.3298100">
    <ele>19.7</ele>
    <time>2026-09-18T08:09:04Z</time>
   </trkpt>
   <trkpt lat="22.7376880" lon="120.3298150">
    <ele>19.7</ele>
    <time>2026-09-18T08:09:05Z</time>
   </trkpt>
   <trkpt lat="22.7376780" lon="120.3298240">
    <ele>19.7</ele>
    <time>2026-09-18T08:09:06Z</time>
   </trkpt>
   <trkpt lat="22.7376700" lon="120.3298330">
    <ele>19.7</ele>
    <time>2026-09-18T08:09:07Z</time>
   </trkpt>
   <trkpt lat="22.7376600" lon="120.3298410">
    <ele>19.7</ele>
    <time>2026-09-18T08:09:08Z</time>
   </trkpt>
   <trkpt lat="22.7376510" lon="120.3298490">
    <ele>19.7</ele>
    <time>2026-09-18T08:09:09Z</time>
   </trkpt>
   <trkpt lat="22.7376440" lon="120.3298570">
    <ele>19.7</ele>
    <time>2026-09-18T08:09:10Z</time>
   </trkpt>
   <trkpt lat="22.7376370" lon="120.3298650">
    <ele>19.7</ele>
    <time>2026-09-18T08:09:11Z</time>
   </trkpt>
   <trkpt lat="22.7376270" lon="120.3298810">
    <ele>19.7</ele>
    <time>2026-09-18T08:09:12Z</time>
   </trkpt>
   <trkpt lat="22.7376200" lon="120.3298960">
    <ele>19.7</ele>
    <time>2026-09-18T08:09:13Z</time>
   </trkpt>
   <trkpt lat="22.7376100" lon="120.3299110">
    <ele>19.7</ele>
    <time>2026-09-18T08:09:15Z</time>
   </trkpt>
   <trkpt lat="22.7375980" lon="120.3299210">
    <ele>19.7</ele>
    <time>2026-09-18T08:09:16Z</time>
   </trkpt>
   <trkpt lat="22.7375890" lon="120.3299280">
    <ele>19.7</ele>
    <time>2026-09-18T08:09:17Z</time>
   </trkpt>
   <trkpt lat="22.7375810" lon="120.3299310">
    <ele>19.7</ele>
    <time>2026-09-18T08:09:18Z</time>
   </trkpt>
   <trkpt lat="22.7375730" lon="120.3299330">
    <ele>19.7</ele>
    <time>2026-09-18T08:09:19Z</time>
   </trkpt>
   <trkpt lat="22.7375670" lon="120.3299400">
    <ele>19.7</ele>
    <time>2026-09-18T08:09:20Z</time>
   </trkpt>
   <trkpt lat="22.7375590" lon="120.3299390">
    <ele>19.7</ele>
    <time>2026-09-18T08:09:21Z</time>
   </trkpt>
   <trkpt lat="22.7375490" lon="120.3299420">
    <ele>19.7</ele>
    <time>2026-09-18T08:09:22Z</time>
   </trkpt>
   <trkpt lat="22.7375390" lon="120.3299470">
    <ele>19.7</ele>
    <time>2026-09-18T08:09:23Z</time>
   </trkpt>
   <trkpt lat="22.7375300" lon="120.3299520">
    <ele>19.7</ele>
    <time>2026-09-18T08:09:24Z</time>
   </trkpt>
   <trkpt lat="22.7375220" lon="120.3299570">
    <ele>19.7</ele>
    <time>2026-09-18T08:09:25Z</time>
   </trkpt>
   <trkpt lat="22.7375110" lon="120.3299660">
    <ele>19.7</ele>
    <time>2026-09-18T08:09:26Z</time>
   </trkpt>
   <trkpt lat="22.7375020" lon="120.3299750">
    <ele>19.7</ele>
    <time>2026-09-18T08:09:27Z</time>
   </trkpt>
   <trkpt lat="22.7374950" lon="120.3299820">
    <ele>19.7</ele>
    <time>2026-09-18T08:09:28Z</time>
   </trkpt>
   <trkpt lat="22.7374860" lon="120.3299890">
    <ele>19.7</ele>
    <time>2026-09-18T08:09:29Z</time>
   </trkpt>
   <trkpt lat="22.7374760" lon="120.3299980">
    <ele>19.7</ele>
    <time>2026-09-18T08:09:30Z</time>
   </trkpt>
   <trkpt lat="22.7374660" lon="120.3300070">
    <ele>19.7</ele>
    <time>2026-09-18T08:09:31Z</time>
   </trkpt>
   <trkpt lat="22.7374570" lon="120.3300150">
    <ele>19.7</ele>
    <time>2026-09-18T08:09:32Z</time>
   </trkpt>
   <trkpt lat="22.7374490" lon="120.3300260">
    <ele>19.7</ele>
    <time>2026-09-18T08:09:33Z</time>
   </trkpt>
   <trkpt lat="22.7374410" lon="120.3300350">
    <ele>19.7</ele>
    <time>2026-09-18T08:09:34Z</time>
   </trkpt>
   <trkpt lat="22.7374330" lon="120.3300450">
    <ele>19.7</ele>
    <time>2026-09-18T08:09:35Z</time>
   </trkpt>
   <trkpt lat="22.7374250" lon="120.3300550">
    <ele>19.7</ele>
    <time>2026-09-18T08:09:36Z</time>
   </trkpt>
   <trkpt lat="22.7374170" lon="120.3300650">
    <ele>19.7</ele>
    <time>2026-09-18T08:09:37Z</time>
   </trkpt>
   <trkpt lat="22.7374090" lon="120.3300750">
    <ele>19.7</ele>
    <time>2026-09-18T08:09:38Z</time>
   </trkpt>
   <trkpt lat="22.7374020" lon="120.3300840">
    <ele>19.7</ele>
    <time>2026-09-18T08:09:39Z</time>
   </trkpt>
   <trkpt lat="22.7373910" lon="120.3300980">
    <ele>19.7</ele>
    <time>2026-09-18T08:09:40Z</time>
   </trkpt>
   <trkpt lat="22.7373840" lon="120.3301080">
    <ele>19.7</ele>
    <time>2026-09-18T08:09:41Z</time>
   </trkpt>
   <trkpt lat="22.7373780" lon="120.3301190">
    <ele>19.7</ele>
    <time>2026-09-18T08:09:42Z</time>
   </trkpt>
   <trkpt lat="22.7373710" lon="120.3301300">
    <ele>19.8</ele>
    <time>2026-09-18T08:09:43Z</time>
   </trkpt>
   <trkpt lat="22.7373650" lon="120.3301380">
    <ele>19.8</ele>
    <time>2026-09-18T08:09:44Z</time>
   </trkpt>
   <trkpt lat="22.7373590" lon="120.3301450">
    <ele>19.8</ele>
    <time>2026-09-18T08:09:45Z</time>
   </trkpt>
   <trkpt lat="22.7373510" lon="120.3301550">
    <ele>19.8</ele>
    <time>2026-09-18T08:09:46Z</time>
   </trkpt>
   <trkpt lat="22.7373430" lon="120.3301630">
    <ele>19.8</ele>
    <time>2026-09-18T08:09:47Z</time>
   </trkpt>
   <trkpt lat="22.7373370" lon="120.3301690">
    <ele>19.8</ele>
    <time>2026-09-18T08:09:48Z</time>
   </trkpt>
   <trkpt lat="22.7373270" lon="120.3301770">
    <ele>19.8</ele>
    <time>2026-09-18T08:09:49Z</time>
   </trkpt>
   <trkpt lat="22.7373190" lon="120.3301820">
    <ele>19.8</ele>
    <time>2026-09-18T08:09:50Z</time>
   </trkpt>
   <trkpt lat="22.7373100" lon="120.3301870">
    <ele>19.8</ele>
    <time>2026-09-18T08:09:51Z</time>
   </trkpt>
   <trkpt lat="22.7373010" lon="120.3301910">
    <ele>19.8</ele>
    <time>2026-09-18T08:09:52Z</time>
   </trkpt>
   <trkpt lat="22.7372930" lon="120.3301980">
    <ele>19.8</ele>
    <time>2026-09-18T08:09:53Z</time>
   </trkpt>
   <trkpt lat="22.7372830" lon="120.3302050">
    <ele>19.8</ele>
    <time>2026-09-18T08:09:54Z</time>
   </trkpt>
   <trkpt lat="22.7372730" lon="120.3302060">
    <ele>19.8</ele>
    <time>2026-09-18T08:09:55Z</time>
   </trkpt>
   <trkpt lat="22.7372650" lon="120.3302120">
    <ele>19.8</ele>
    <time>2026-09-18T08:09:57Z</time>
   </trkpt>
   <trkpt lat="22.7372560" lon="120.3302220">
    <ele>19.8</ele>
    <time>2026-09-18T08:09:58Z</time>
   </trkpt>
   <trkpt lat="22.7372500" lon="120.3302300">
    <ele>19.8</ele>
    <time>2026-09-18T08:09:59Z</time>
   </trkpt>
   <trkpt lat="22.7372450" lon="120.3302340">
    <ele>19.8</ele>
    <time>2026-09-18T08:10:00Z</time>
   </trkpt>
   <trkpt lat="22.7372380" lon="120.3302380">
    <ele>19.8</ele>
    <time>2026-09-18T08:10:01Z</time>
   </trkpt>
   <trkpt lat="22.7372300" lon="120.3302420">
    <ele>19.8</ele>
    <time>2026-09-18T08:10:02Z</time>
   </trkpt>
   <trkpt lat="22.7372200" lon="120.3302460">
    <ele>19.9</ele>
    <time>2026-09-18T08:10:03Z</time>
   </trkpt>
   <trkpt lat="22.7372110" lon="120.3302490">
    <ele>19.9</ele>
    <time>2026-09-18T08:10:04Z</time>
   </trkpt>
   <trkpt lat="22.7372020" lon="120.3302540">
    <ele>19.9</ele>
    <time>2026-09-18T08:10:05Z</time>
   </trkpt>
   <trkpt lat="22.7371960" lon="120.3302610">
    <ele>19.9</ele>
    <time>2026-09-18T08:10:06Z</time>
   </trkpt>
   <trkpt lat="22.7371870" lon="120.3302660">
    <ele>19.9</ele>
    <time>2026-09-18T08:10:07Z</time>
   </trkpt>
   <trkpt lat="22.7371760" lon="120.3302720">
    <ele>19.9</ele>
    <time>2026-09-18T08:10:08Z</time>
   </trkpt>
   <trkpt lat="22.7371660" lon="120.3302800">
    <ele>19.9</ele>
    <time>2026-09-18T08:10:09Z</time>
   </trkpt>
   <trkpt lat="22.7371540" lon="120.3302920">
    <ele>19.9</ele>
    <time>2026-09-18T08:10:10Z</time>
   </trkpt>
   <trkpt lat="22.7371450" lon="120.3303000">
    <ele>19.9</ele>
    <time>2026-09-18T08:10:12Z</time>
   </trkpt>
   <trkpt lat="22.7371350" lon="120.3303120">
    <ele>19.9</ele>
    <time>2026-09-18T08:10:13Z</time>
   </trkpt>
   <trkpt lat="22.7371270" lon="120.3303210">
    <ele>19.9</ele>
    <time>2026-09-18T08:10:14Z</time>
   </trkpt>
   <trkpt lat="22.7371200" lon="120.3303300">
    <ele>19.9</ele>
    <time>2026-09-18T08:10:15Z</time>
   </trkpt>
   <trkpt lat="22.7371140" lon="120.3303380">
    <ele>19.9</ele>
    <time>2026-09-18T08:10:16Z</time>
   </trkpt>
   <trkpt lat="22.7371050" lon="120.3303500">
    <ele>20.0</ele>
    <time>2026-09-18T08:10:17Z</time>
   </trkpt>
   <trkpt lat="22.7370970" lon="120.3303590">
    <ele>20.0</ele>
    <time>2026-09-18T08:10:18Z</time>
   </trkpt>
   <trkpt lat="22.7370870" lon="120.3303720">
    <ele>20.0</ele>
    <time>2026-09-18T08:10:19Z</time>
   </trkpt>
   <trkpt lat="22.7370790" lon="120.3303820">
    <ele>20.0</ele>
    <time>2026-09-18T08:10:20Z</time>
   </trkpt>
   <trkpt lat="22.7370730" lon="120.3303900">
    <ele>20.0</ele>
    <time>2026-09-18T08:10:21Z</time>
   </trkpt>
   <trkpt lat="22.7370660" lon="120.3304030">
    <ele>20.0</ele>
    <time>2026-09-18T08:10:22Z</time>
   </trkpt>
   <trkpt lat="22.7370580" lon="120.3304150">
    <ele>20.0</ele>
    <time>2026-09-18T08:10:23Z</time>
   </trkpt>
   <trkpt lat="22.7370540" lon="120.3304230">
    <ele>20.0</ele>
    <time>2026-09-18T08:10:24Z</time>
   </trkpt>
   <trkpt lat="22.7370470" lon="120.3304320">
    <ele>20.0</ele>
    <time>2026-09-18T08:10:25Z</time>
   </trkpt>
   <trkpt lat="22.7370430" lon="120.3304360">
    <ele>20.0</ele>
    <time>2026-09-18T08:10:26Z</time>
   </trkpt>
   <trkpt lat="22.7370340" lon="120.3304410">
    <ele>20.0</ele>
    <time>2026-09-18T08:10:27Z</time>
   </trkpt>
   <trkpt lat="22.7370250" lon="120.3304470">
    <ele>20.0</ele>
    <time>2026-09-18T08:10:28Z</time>
   </trkpt>
   <trkpt lat="22.7370100" lon="120.3304480">
    <ele>20.0</ele>
    <time>2026-09-18T08:10:29Z</time>
   </trkpt>
   <trkpt lat="22.7369960" lon="120.3304510">
    <ele>20.0</ele>
    <time>2026-09-18T08:10:30Z</time>
   </trkpt>
   <trkpt lat="22.7369810" lon="120.3304510">
    <ele>20.1</ele>
    <time>2026-09-18T08:10:31Z</time>
   </trkpt>
   <trkpt lat="22.7369610" lon="120.3304520">
    <ele>20.1</ele>
    <time>2026-09-18T08:10:33Z</time>
   </trkpt>
   <trkpt lat="22.7369490" lon="120.3304470">
    <ele>20.1</ele>
    <time>2026-09-18T08:10:34Z</time>
   </trkpt>
   <trkpt lat="22.7369440" lon="120.3304400">
    <ele>20.1</ele>
    <time>2026-09-18T08:10:35Z</time>
   </trkpt>
   <trkpt lat="22.7369360" lon="120.3304330">
    <ele>20.1</ele>
    <time>2026-09-18T08:10:36Z</time>
   </trkpt>
   <trkpt lat="22.7369260" lon="120.3304260">
    <ele>20.1</ele>
    <time>2026-09-18T08:10:37Z</time>
   </trkpt>
   <trkpt lat="22.7369180" lon="120.3304190">
    <ele>20.1</ele>
    <time>2026-09-18T08:10:38Z</time>
   </trkpt>
   <trkpt lat="22.7369110" lon="120.3304050">
    <ele>20.1</ele>
    <time>2026-09-18T08:10:39Z</time>
   </trkpt>
   <trkpt lat="22.7369070" lon="120.3303970">
    <ele>20.1</ele>
    <time>2026-09-18T08:10:40Z</time>
   </trkpt>
   <trkpt lat="22.7369020" lon="120.3303900">
    <ele>20.1</ele>
    <time>2026-09-18T08:10:41Z</time>
   </trkpt>
   <trkpt lat="22.7368980" lon="120.3303850">
    <ele>20.1</ele>
    <time>2026-09-18T08:10:42Z</time>
   </trkpt>
   <trkpt lat="22.7368920" lon="120.3303830">
    <ele>20.1</ele>
    <time>2026-09-18T08:10:43Z</time>
   </trkpt>
   <trkpt lat="22.7368880" lon="120.3303840">
    <ele>20.1</ele>
    <time>2026-09-18T08:10:44Z</time>
   </trkpt>
   <trkpt lat="22.7368900" lon="120.3303840">
    <ele>20.1</ele>
    <time>2026-09-18T08:10:45Z</time>
   </trkpt>
   <trkpt lat="22.7368910" lon="120.3303840">
    <ele>20.1</ele>
    <time>2026-09-18T08:10:46Z</time>
   </trkpt>
   <trkpt lat="22.7368910" lon="120.3303850">
    <ele>20.1</ele>
    <time>2026-09-18T08:10:47Z</time>
   </trkpt>
   <trkpt lat="22.7368900" lon="120.3303860">
    <ele>20.1</ele>
    <time>2026-09-18T08:10:48Z</time>
   </trkpt>
   <trkpt lat="22.7368890" lon="120.3303870">
    <ele>20.1</ele>
    <time>2026-09-18T08:10:49Z</time>
   </trkpt>
   <trkpt lat="22.7368870" lon="120.3303900">
    <ele>20.1</ele>
    <time>2026-09-18T08:10:50Z</time>
   </trkpt>
   <trkpt lat="22.7368860" lon="120.3303910">
    <ele>20.1</ele>
    <time>2026-09-18T08:10:51Z</time>
   </trkpt>
   <trkpt lat="22.7368840" lon="120.3303930">
    <ele>20.1</ele>
    <time>2026-09-18T08:10:52Z</time>
   </trkpt>
   <trkpt lat="22.7368820" lon="120.3303940">
    <ele>20.1</ele>
    <time>2026-09-18T08:10:53Z</time>
   </trkpt>
   <trkpt lat="22.7368820" lon="120.3303950">
    <ele>20.1</ele>
    <time>2026-09-18T08:10:54Z</time>
   </trkpt>
   <trkpt lat="22.7368820" lon="120.3303960">
    <ele>20.1</ele>
    <time>2026-09-18T08:10:55Z</time>
   </trkpt>
   <trkpt lat="22.7368790" lon="120.3304070">
    <ele>20.1</ele>
    <time>2026-09-18T08:10:56Z</time>
   </trkpt>
   <trkpt lat="22.7368790" lon="120.3304100">
    <ele>20.1</ele>
    <time>2026-09-18T08:10:58Z</time>
   </trkpt>
  </trkseg>
 </trk>
</gpx>
