<?xml version="1.0" encoding="UTF-8"?>
<gpx creator="StravaGPX" version="1.1" xmlns="http://www.topografix.com/GPX/1/1" xmlns:xsi="http://www.w3.org/2001/XMLSchema-instance" xsi:schemaLocation="http://www.topografix.com/GPX/1/1 http://www.topografix.com/GPX/1/1/gpx.xsd">
 <metadata>
  <time>2026-09-22T08:11:02Z</time>
 </metadata>
 <trk>
  <name>Afternoon Run</name>
  <type>running</type>
  <trkseg>
   <trkpt lat="22.7403630" lon="120.3247920">
    <ele>18.8</ele>
    <time>2026-09-22T08:11:02Z</time>
   </trkpt>
   <trkpt lat="22.7402480" lon="120.3249780">
    <ele>18.8</ele>
    <time>2026-09-22T08:11:03Z</time>
   </trkpt>
   <trkpt lat="22.7402660" lon="120.3249620">
    <ele>18.8</ele>
    <time>2026-09-22T08:11:04Z</time>
   </trkpt>
   <trkpt lat="22.7402840" lon="120.3249460">
    <ele>18.8</ele>
    <time>2026-09-22T08:11:05Z</time>
   </trkpt>
   <trkpt lat="22.7403210" lon="120.3249080">
    <ele>18.7</ele>
    <time>2026-09-22T08:11:06Z</time>
   </trkpt>
   <trkpt lat="22.7403320" lon="120.3249010">
    <ele>18.7</ele>
    <time>2026-09-22T08:11:07Z</time>
   </trkpt>
   <trkpt lat="22.7403310" lon="120.3248920">
    <ele>18.7</ele>
    <time>2026-09-22T08:11:08Z</time>
   </trkpt>
   <trkpt lat="22.7403310" lon="120.3248940">
    <ele>18.7</ele>
    <time>2026-09-22T08:11:09Z</time>
   </trkpt>
   <trkpt lat="22.7403340" lon="120.3248950">
    <ele>18.7</ele>
    <time>2026-09-22T08:11:10Z</time>
   </trkpt>
   <trkpt lat="22.7403320" lon="120.3248950">
    <ele>18.7</ele>
    <time>2026-09-22T08:11:11Z</time>
   </trkpt>
   <trkpt lat="22.7403310" lon="120.3248950">
    <ele>18.7</ele>
    <time>2026-09-22T08:11:12Z</time>
   </trkpt>
   <trkpt lat="22.7403290" lon="120.3248960">
    <ele>18.7</ele>
    <time>2026-09-22T08:11:13Z</time>
   </trkpt>
   <trkpt lat="22.7403270" lon="120.3249030">
    <ele>18.7</ele>
    <time>2026-09-22T08:11:14Z</time>
   </trkpt>
   <trkpt lat="22.7403250" lon="120.3249080">
    <ele>18.7</ele>
    <time>2026-09-22T08:11:15Z</time>
   </trkpt>
   <trkpt lat="22.7403240" lon="120.3249110">
    <ele>18.7</ele>
    <time>2026-09-22T08:11:16Z</time>
   </trkpt>
   <trkpt lat="22.7403240" lon="120.3249130">
    <ele>18.7</ele>
    <time>2026-09-22T08:11:17Z</time>
   </trkpt>
   <trkpt lat="22.7403220" lon="120.3249160">
    <ele>18.7</ele>
    <time>2026-09-22T08:11:18Z</time>
   </trkpt>
   <trkpt lat="22.7403200" lon="120.3249200">
    <ele>18.7</ele>
    <time>2026-09-22T08:11:19Z</time>
   </trkpt>
   <trkpt lat="22.7403180" lon="120.3249220">
    <ele>18.7</ele>
    <time>2026-09-22T08:11:20Z</time>
   </trkpt>
   <trkpt lat="22.7403160" lon="120.3249270">
    <ele>18.7</ele>
    <time>2026-09-22T08:11:21Z</time>
   </trkpt>
   <trkpt lat="22.7403150" lon="120.3249280">
    <ele>18.7</ele>
    <time>2026-09-22T08:11:22Z</time>
   </trkpt>
   <trkpt lat="22.7403140" lon="120.3249290">
    <ele>18.7</ele>
    <time>2026-09-22T08:11:23Z</time>
   </trkpt>
   <trkpt lat="22.7403140" lon="120.3249280">
    <ele>18.7</ele>
    <time>2026-09-22T08:11:24Z</time>
   </trkpt>
   <trkpt lat="22.7403140" lon="120.3249290">
    <ele>18.7</ele>
    <time>2026-09-22T08:11:25Z</time>
   </trkpt>
   <trkpt lat="22.7403130" lon="120.3249280">
    <ele>18.7</ele>
    <time>2026-09-22T08:11:26Z</time>
   </trkpt>
   <trkpt lat="22.7403140" lon="120.3249320">
    <ele>18.7</ele>
    <time>2026-09-22T08:11:27Z</time>
   </trkpt>
   <trkpt lat="22.7403140" lon="120.3249340">
    <ele>18.7</ele>
    <time>2026-09-22T08:11:28Z</time>
   </trkpt>
   <trkpt lat="22.7403140" lon="120.3249350">
    <ele>18.7</ele>
    <time>2026-09-22T08:11:29Z</time>
   </trkpt>
   <trkpt lat="22.7403120" lon="120.3249350">
    <ele>18.7</ele>
    <time>2026-09-22T08:11:30Z</time>
   </trkpt>
   <trkpt lat="22.7403120" lon="120.3249340">
    <ele>18.7</ele>
    <time>2026-09-22T08:11:31Z</time>
   </trkpt>
   <trkpt lat="22.7403110" lon="120.3249320">
    <ele>18.7</ele>
    <time>2026-09-22T08:11:33Z</time>
   </trkpt>
   <trkpt lat="22.7403090" lon="120.3249360">
    <ele>18.7</ele>
    <time>2026-09-22T08:11:34Z</time>
   </trkpt>
   <trkpt lat="22.7403090" lon="120.3249370">
    <ele>18.7</ele>
    <time>2026-09-22T08:11:35Z</time>
   </trkpt>
   <trkpt lat="22.7403100" lon="120.3249370">
    <ele>18.7</ele>
    <time>2026-09-22T08:11:36Z</time>
   </trkpt>
   <trkpt lat="22.7403110" lon="120.3249360">
    <ele>18.7</ele>
    <time>2026-09-22T08:11:37Z</time>
   </trkpt>
   <trkpt lat="22.7403100" lon="120.3249360">
    <ele>18.7</ele>
    <time>2026-09-22T08:11:38Z</time>
   </trkpt>
   <trkpt lat="22.7403100" lon="120.3249360">
    <ele>18.7</ele>
    <time>2026-09-22T08:11:39Z</time>
   </trkpt>
   <trkpt lat="22.7403120" lon="120.3249390">
    <ele>18.7</ele>
    <time>2026-09-22T08:11:40Z</time>
   </trkpt>
   <trkpt lat="22.7403120" lon="120.3249400">
    <ele>18.7</ele>
    <time>2026-09-22T08:11:41Z</time>
   </trkpt>
   <trkpt lat="22.7403120" lon="120.3249400">
    <ele>18.7</ele>
    <time>2026-09-22T08:11:42Z</time>
   </trkpt>
   <trkpt lat="22.7403110" lon="120.3249400">
    <ele>18.7</ele>
    <time>2026-09-22T08:11:43Z</time>
   </trkpt>
   <trkpt lat="22.7403090" lon="120.3249390">
    <ele>18.7</ele>
    <time>2026-09-22T08:11:44Z</time>
   </trkpt>
   <trkpt lat="22.7403030" lon="120.3249360">
    <ele>18.7</ele>
    <time>2026-09-22T08:11:46Z</time>
   </trkpt>
   <trkpt lat="22.7403020" lon="120.3249420">
    <ele>18.7</ele>
    <time>2026-09-22T08:11:47Z</time>
   </trkpt>
   <trkpt lat="22.7403000" lon="120.3249440">
    <ele>18.7</ele>
    <time>2026-09-22T08:11:48Z</time>
   </trkpt>
   <trkpt lat="22.7402990" lon="120.3249450">
    <ele>18.7</ele>
    <time>2026-09-22T08:11:49Z</time>
   </trkpt>
   <trkpt lat="22.7402970" lon="120.3249440">
    <ele>18.7</ele>
    <time>2026-09-22T08:11:50Z</time>
   </trkpt>
   <trkpt lat="22.7402960" lon="120.3249430">
    <ele>18.7</ele>
    <time>2026-09-22T08:11:51Z</time>
   </trkpt>
   <trkpt lat="22.7402950" lon="120.3249430">
    <ele>18.7</ele>
    <time>2026-09-22T08:11:52Z</time>
   </trkpt>
   <trkpt lat="22.7402940" lon="120.3249480">
    <ele>18.6</ele>
    <time>2026-09-22T08:11:53Z</time>
   </trkpt>
   <trkpt lat="22.7402920" lon="120.3249500">
    <ele>18.6</ele>
    <time>2026-09-22T08:11:54Z</time>
   </trkpt>
   <trkpt lat="22.7402910" lon="120.3249500">
    <ele>18.6</ele>
    <time>2026-09-22T08:11:55Z</time>
   </trkpt>
   <trkpt lat="22.7402900" lon="120.3249490">
    <ele>18.6</ele>
    <time>2026-09-22T08:11:56Z</time>
   </trkpt>
   <trkpt lat="22.7402890" lon="120.3249490">
    <ele>18.6</ele>
    <time>2026-09-22T08:11:57Z</time>
   </trkpt>
   <trkpt lat="22.7402880" lon="120.3249480">
    <ele>18.6</ele>
    <time>2026-09-22T08:11:58Z</time>
   </trkpt>
   <trkpt lat="22.7402860" lon="120.3249490">
    <ele>18.6</ele>
    <time>2026-09-22T08:11:59Z</time>
   </trkpt>
   <trkpt lat="22.7402870" lon="120.3249600">
    <ele>18.6</ele>
    <time>2026-09-22T08:12:00Z</time>
   </trkpt>
   <trkpt lat="22.7402850" lon="120.3249590">
    <ele>18.6</ele>
    <time>2026-09-22T08:12:01Z</time>
   </trkpt>
   <trkpt lat="22.7402850" lon="120.3249590">
    <ele>18.6</ele>
    <time>2026-09-22T08:12:02Z</time>
   </trkpt>
   <trkpt lat="22.7402830" lon="120.3249600">
    <ele>18.6</ele>
    <time>2026-09-22T08:12:03Z</time>
   </trkpt>
   <trkpt lat="22.7402800" lon="120.3249640">
    <ele>18.6</ele>
    <time>2026-09-22T08:12:04Z</time>
   </trkpt>
   <trkpt lat="22.7402780" lon="120.3249660">
    <ele>18.6</ele>
    <time>2026-09-22T08:12:05Z</time>
   </trkpt>
   <trkpt lat="22.7402740" lon="120.3249720">
    <ele>18.6</ele>
    <time>2026-09-22T08:12:06Z</time>
   </trkpt>
   <trkpt lat="22.7402730" lon="120.3249730">
    <ele>18.6</ele>
    <time>2026-09-22T08:12:07Z</time>
   </trkpt>
   <trkpt lat="22.7402720" lon="120.3249730">
    <ele>18.6</ele>
    <time>2026-09-22T08:12:08Z</time>
   </trkpt>
   <trkpt lat="22.7402710" lon="120.3249720">
    <ele>18.6</ele>
    <time>2026-09-22T08:12:09Z</time>
   </trkpt>
   <trkpt lat="22.7402710" lon="120.3249700">
    <ele>18.6</ele>
    <time>2026-09-22T08:12:10Z</time>
   </trkpt>
   <trkpt lat="22.7402740" lon="120.3249650">
    <ele>18.6</ele>
    <time>2026-09-22T08:12:11Z</time>
   </trkpt>
   <trkpt lat="22.7402770" lon="120.3249600">
    <ele>18.6</ele>
    <time>2026-09-22T08:12:12Z</time>
   </trkpt>
   <trkpt lat="22.7402800" lon="120.3249530">
    <ele>18.6</ele>
    <time>2026-09-22T08:12:13Z</time>
   </trkpt>
   <trkpt lat="22.7402850" lon="120.3249460">
    <ele>18.6</ele>
    <time>2026-09-22T08:12:14Z</time>
   </trkpt>
   <trkpt lat="22.7402930" lon="120.3249410">
    <ele>18.6</ele>
    <time>2026-09-22T08:12:15Z</time>
   </trkpt>
   <trkpt lat="22.7403000" lon="120.3249400">
    <ele>18.6</ele>
    <time>2026-09-22T08:12:16Z</time>
   </trkpt>
   <trkpt lat="22.7403050" lon="120.3249390">
    <ele>18.6</ele>
    <time>2026-09-22T08:12:17Z</time>
   </trkpt>
   <trkpt lat="22.7403090" lon="120.3249410">
    <ele>18.6</ele>
    <time>2026-09-22T08:12:18Z</time>
   </trkpt>
   <trkpt lat="22.7403080" lon="120.3249430">
    <ele>18.6</ele>
    <time>2026-09-22T08:12:19Z</time>
   </trkpt>
   <trkpt lat="22.7403070" lon="120.3249430">
    <ele>18.6</ele>
    <time>2026-09-22T08:12:20Z</time>
   </trkpt>
   <trkpt lat="22.7403060" lon="120.3249430">
    <ele>18.6</ele>
    <time>2026-09-22T08:12:21Z</time>
   </trkpt>
   <trkpt lat="22.7403060" lon="120.3249420">
    <ele>18.6</ele>
    <time>2026-09-22T08:12:22Z</time>
   </trkpt>
   <trkpt lat="22.7403060" lon="120.3249400">
    <ele>18.6</ele>
    <time>2026-09-22T08:12:23Z</time>
   </trkpt>
   <trkpt lat="22.7403050" lon="120.3249390">
    <ele>18.6</ele>
    <time>2026-09-22T08:12:24Z</time>
   </trkpt>
   <trkpt lat="22.7403040" lon="120.3249380">
    <ele>18.6</ele>
    <time>2026-09-22T08:12:25Z</time>
   </trkpt>
   <trkpt lat="22.7403020" lon="120.3249360">
    <ele>18.6</ele>
    <time>2026-09-22T08:12:26Z</time>
   </trkpt>
   <trkpt lat="22.7403010" lon="120.3249350">
    <ele>18.6</ele>
    <time>2026-09-22T08:12:27Z</time>
   </trkpt>
   <trkpt lat="22.7402970" lon="120.3249350">
    <ele>18.6</ele>
    <time>2026-09-22T08:12:28Z</time>
   </trkpt>
   <trkpt lat="22.7402960" lon="120.3249340">
    <ele>18.6</ele>
    <time>2026-09-22T08:12:29Z</time>
   </trkpt>
   <trkpt lat="22.7402960" lon="120.3249340">
    <ele>18.6</ele>
    <time>2026-09-22T08:12:30Z</time>
   </trkpt>
   <trkpt lat="22.7402970" lon="120.3249330">
    <ele>18.6</ele>
    <time>2026-09-22T08:12:31Z</time>
   </trkpt>
   <trkpt lat="22.7402950" lon="120.3249340">
    <ele>18.6</ele>
    <time>2026-09-22T08:12:32Z</time>
   </trkpt>
   <trkpt lat="22.7402940" lon="120.3249340">
    <ele>18.6</ele>
    <time>2026-09-22T08:12:33Z</time>
   </trkpt>
   <trkpt lat="22.7402900" lon="120.3249360">
    <ele>18.6</ele>
    <time>2026-09-22T08:12:34Z</time>
   </trkpt>
   <trkpt lat="22.7402880" lon="120.3249390">
    <ele>18.6</ele>
    <time>2026-09-22T08:12:35Z</time>
   </trkpt>
   <trkpt lat="22.7402860" lon="120.3249420">
    <ele>18.6</ele>
    <time>2026-09-22T08:12:36Z</time>
   </trkpt>
   <trkpt lat="22.7402860" lon="120.3249440">
    <ele>18.6</ele>
    <time>2026-09-22T08:12:37Z</time>
   </trkpt>
   <trkpt lat="22.7402850" lon="120.3249450">
    <ele>18.6</ele>
    <time>2026-09-22T08:12:38Z</time>
   </trkpt>
   <trkpt lat="22.7402840" lon="120.3249450">
    <ele>18.6</ele>
    <time>2026-09-22T08:12:39Z</time>
   </trkpt>
   <trkpt lat="22.7402850" lon="120.3249450">
    <ele>18.6</ele>
    <time>2026-09-22T08:12:40Z</time>
   </trkpt>
   <trkpt lat="22.7402850" lon="120.3249440">
    <ele>18.6</ele>
    <time>2026-09-22T08:12:41Z</time>
   </trkpt>
   <trkpt lat="22.7402870" lon="120.3249450">
    <ele>18.6</ele>
    <time>2026-09-22T08:12:42Z</time>
   </trkpt>
   <trkpt lat="22.7402870" lon="120.3249460">
    <ele>18.6</ele>
    <time>2026-09-22T08:12:43Z</time>
   </trkpt>
   <trkpt lat="22.7402880" lon="120.3249460">
    <ele>18.6</ele>
    <time>2026-09-22T08:12:44Z</time>
   </trkpt>
   <trkpt lat="22.7402880" lon="120.3249450">
    <ele>18.6</ele>
    <time>2026-09-22T08:12:45Z</time>
   </trkpt>
   <trkpt lat="22.7402890" lon="120.3249440">
    <ele>18.6</ele>
    <time>2026-09-22T08:12:46Z</time>
   </trkpt>
   <trkpt lat="22.7402910" lon="120.3249410">
    <ele>18.6</ele>
    <time>2026-09-22T08:12:47Z</time>
   </trkpt>
   <trkpt lat="22.7402910" lon="120.3249410">
    <ele>18.6</ele>
    <time>2026-09-22T08:12:48Z</time>
   </trkpt>
   <trkpt lat="22.7402920" lon="120.3249400">
    <ele>18.6</ele>
    <time>2026-09-22T08:12:49Z</time>
   </trkpt>
   <trkpt lat="22.7402910" lon="120.3249410">
    <ele>18.5</ele>
    <time>2026-09-22T08:12:50Z</time>
   </trkpt>
   <trkpt lat="22.7402900" lon="120.3249450">
    <ele>18.5</ele>
    <time>2026-09-22T08:12:51Z</time>
   </trkpt>
   <trkpt lat="22.7402890" lon="120.3249470">
    <ele>18.5</ele>
    <time>2026-09-22T08:12:52Z</time>
   </trkpt>
   <trkpt lat="22.7402870" lon="120.3249490">
    <ele>18.5</ele>
    <time>2026-09-22T08:12:53Z</time>
   </trkpt>
   <trkpt lat="22.7402870" lon="120.3249500">
    <ele>18.5</ele>
    <time>2026-09-22T08:12:54Z</time>
   </trkpt>
   <trkpt lat="22.7402850" lon="120.3249490">
    <ele>18.5</ele>
    <time>2026-09-22T08:12:55Z</time>
   </trkpt>
   <trkpt lat="22.7402860" lon="120.3249480">
    <ele>18.5</ele>
    <time>2026-09-22T08:12:56Z</time>
   </trkpt>
   <trkpt lat="22.7402870" lon="120.3249480">
    <ele>18.5</ele>
    <time>2026-09-22T08:12:57Z</time>
   </trkpt>
   <trkpt lat="22.7402890" lon="120.3249470">
    <ele>18.5</ele>
    <time>2026-09-22T08:12:58Z</time>
   </trkpt>
   <trkpt lat="22.7402910" lon="120.3249470">
    <ele>18.5</ele>
    <time>2026-09-22T08:12:59Z</time>
   </trkpt>
   <trkpt lat="22.7402890" lon="120.3249470">
    <ele>18.5</ele>
    <time>2026-09-22T08:13:00Z</time>
   </trkpt>
   <trkpt lat="22.7402890" lon="120.3249480">
    <ele>18.5</ele>
    <time>2026-09-22T08:13:01Z</time>
   </trkpt>
   <trkpt lat="22.7402890" lon="120.3249480">
    <ele>18.5</ele>
    <time>2026-09-22T08:13:02Z</time>
   </trkpt>
   <trkpt lat="22.7402880" lon="120.3249500">
    <ele>18.5</ele>
    <time>2026-09-22T08:13:03Z</time>
   </trkpt>
   <trkpt lat="22.7402870" lon="120.3249520">
    <ele>18.5</ele>
    <time>2026-09-22T08:13:04Z</time>
   </trkpt>
   <trkpt lat="22.7402860" lon="120.3249530">
    <ele>18.5</ele>
    <time>2026-09-22T08:13:05Z</time>
   </trkpt>
   <trkpt lat="22.7402860" lon="120.3249560">
    <ele>18.5</ele>
    <time>2026-09-22T08:13:06Z</time>
   </trkpt>
   <trkpt lat="22.7402860" lon="120.3249580">
    <ele>18.5</ele>
    <time>2026-09-22T08:13:07Z</time>
   </trkpt>
   <trkpt lat="22.7402850" lon="120.3249580">
    <ele>18.5</ele>
    <time>2026-09-22T08:13:08Z</time>
   </trkpt>
   <trkpt lat="22.7402840" lon="120.3249590">
    <ele>18.5</ele>
    <time>2026-09-22T08:13:09Z</time>
   </trkpt>
   <trkpt lat="22.7402830" lon="120.3249600">
    <ele>18.5</ele>
    <time>2026-09-22T08:13:10Z</time>
   </trkpt>
   <trkpt lat="22.7402820" lon="120.3249620">
    <ele>18.5</ele>
    <time>2026-09-22T08:13:11Z</time>
   </trkpt>
   <trkpt lat="22.7402820" lon="120.3249620">
    <ele>18.5</ele>
    <time>2026-09-22T08:13:12Z</time>
   </trkpt>
   <trkpt lat="22.7402820" lon="120.3249660">
    <ele>18.5</ele>
    <time>2026-09-22T08:13:13Z</time>
   </trkpt>
   <trkpt lat="22.7402810" lon="120.3249690">
    <ele>18.5</ele>
    <time>2026-09-22T08:13:14Z</time>
   </trkpt>
   <trkpt lat="22.7402800" lon="120.3249700">
    <ele>18.5</ele>
    <time>2026-09-22T08:13:15Z</time>
   </trkpt>
   <trkpt lat="22.7402790" lon="120.3249720">
    <ele>18.5</ele>
    <time>2026-09-22T08:13:16Z</time>
   </trkpt>
   <trkpt lat="22.7402790" lon="120.3249720">
    <ele>18.5</ele>
    <time>2026-09-22T08:13:17Z</time>
   </trkpt>
   <trkpt lat="22.7402820" lon="120.3249780">
    <ele>18.5</ele>
    <time>2026-09-22T08:13:18Z</time>
   </trkpt>
   <trkpt lat="22.7402810" lon="120.3249790">
    <ele>18.5</ele>
    <time>2026-09-22T08:13:19Z</time>
   </trkpt>
   <trkpt lat="22.7402800" lon="120.3249800">
    <ele>18.5</ele>
    <time>2026-09-22T08:13:20Z</time>
   </trkpt>
   <trkpt lat="22.7402780" lon="120.3249810">
    <ele>18.5</ele>
    <time>2026-09-22T08:13:21Z</time>
   </trkpt>
   <trkpt lat="22.7402780" lon="120.3249820">
    <ele>18.5</ele>
    <time>2026-09-22T08:13:22Z</time>
   </trkpt>
   <trkpt lat="22.7402800" lon="120.3249860">
    <ele>18.5</ele>
    <time>2026-09-22T08:13:23Z</time>
   </trkpt>
   <trkpt lat="22.7402880" lon="120.3249920">
    <ele>18.5</ele>
    <time>2026-09-22T08:13:24Z</time>
   </trkpt>
   <trkpt lat="22.7402950" lon="120.3250000">
    <ele>18.5</ele>
    <time>2026-09-22T08:13:25Z</time>
   </trkpt>
   <trkpt lat="22.7402980" lon="120.3250100">
    <ele>18.5</ele>
    <time>2026-09-22T08:13:26Z</time>
   </trkpt>
   <trkpt lat="22.7402990" lon="120.3250190">
    <ele>18.5</ele>
    <time>2026-09-22T08:13:27Z</time>
   </trkpt>
   <trkpt lat="22.7403030" lon="120.3250260">
    <ele>18.5</ele>
    <time>2026-09-22T08:13:28Z</time>
   </trkpt>
   <trkpt lat="22.7403140" lon="120.3250310">
    <ele>18.5</ele>
    <time>2026-09-22T08:13:29Z</time>
   </trkpt>
   <trkpt lat="22.7403240" lon="120.3250350">
    <ele>18.5</ele>
    <time>2026-09-22T08:13:30Z</time>
   </trkpt>
   <trkpt lat="22.7403370" lon="120.3250480">
    <ele>18.5</ele>
    <time>2026-09-22T08:13:31Z</time>
   </trkpt>
   <trkpt lat="22.7403390" lon="120.3250600">
    <ele>18.4</ele>
    <time>2026-09-22T08:13:32Z</time>
   </trkpt>
   <trkpt lat="22.7403350" lon="120.3250660">
    <ele>18.4</ele>
    <time>2026-09-22T08:13:33Z</time>
   </trkpt>
   <trkpt lat="22.7403240" lon="120.3250610">
    <ele>18.4</ele>
    <time>2026-09-22T08:13:34Z</time>
   </trkpt>
   <trkpt lat="22.7403210" lon="120.3250600">
    <ele>18.4</ele>
    <time>2026-09-22T08:13:36Z</time>
   </trkpt>
   <trkpt lat="22.7403240" lon="120.3250610">
    <ele>18.4</ele>
    <time>2026-09-22T08:13:37Z</time>
   </trkpt>
   <trkpt lat="22.7403260" lon="120.3250610">
    <ele>18.4</ele>
    <time>2026-09-22T08:13:38Z</time>
   </trkpt>
   <trkpt lat="22.7403300" lon="120.3250620">
    <ele>18.4</ele>
    <time>2026-09-22T08:13:39Z</time>
   </trkpt>
   <trkpt lat="22.7403310" lon="120.3250620">
    <ele>18.4</ele>
    <time>2026-09-22T08:13:40Z</time>
   </trkpt>
   <trkpt lat="22.7403360" lon="120.3250660">
    <ele>18.4</ele>
    <time>2026-09-22T08:13:41Z</time>
   </trkpt>
   <trkpt lat="22.7403380" lon="120.3250700">
    <ele>18.4</ele>
    <time>2026-09-22T08:13:42Z</time>
   </trkpt>
   <trkpt lat="22.7403380" lon="120.3250740">
    <ele>18.4</ele>
    <time>2026-09-22T08:13:43Z</time>
   </trkpt>
   <trkpt lat="22.7403370" lon="120.3250760">
    <ele>18.4</ele>
    <time>2026-09-22T08:13:45Z</time>
   </trkpt>
   <trkpt lat="22.7403390" lon="120.3250780">
    <ele>18.4</ele>
    <time>2026-09-22T08:13:46Z</time>
   </trkpt>
   <trkpt lat="22.7403490" lon="120.3250830">
    <ele>18.4</ele>
    <time>2026-09-22T08:13:47Z</time>
   </trkpt>
   <trkpt lat="22.7403550" lon="120.3250880">
    <ele>18.4</ele>
    <time>2026-09-22T08:13:48Z</time>
   </trkpt>
   <trkpt lat="22.7403600" lon="120.3250910">
    <ele>18.4</ele>
    <time>2026-09-22T08:13:49Z</time>
   </trkpt>
   <trkpt lat="22.7403640" lon="120.3250930">
    <ele>18.4</ele>
    <time>2026-09-22T08:13:50Z</time>
   </trkpt>
   <trkpt lat="22.7403680" lon="120.3250940">
    <ele>18.4</ele>
    <time>2026-09-22T08:13:51Z</time>
   </trkpt>
   <trkpt lat="22.7403710" lon="120.3250950">
    <ele>18.4</ele>
    <time>2026-09-22T08:13:52Z</time>
   </trkpt>
   <trkpt lat="22.7403740" lon="120.3250950">
    <ele>18.4</ele>
    <time>2026-09-22T08:13:53Z</time>
   </trkpt>
   <trkpt lat="22.7403840" lon="120.3250970">
    <ele>18.4</ele>
    <time>2026-09-22T08:13:54Z</time>
   </trkpt>
   <trkpt lat="22.7403890" lon="120.3251010">
    <ele>18.4</ele>
    <time>2026-09-22T08:13:55Z</time>
   </trkpt>
   <trkpt lat="22.7403920" lon="120.3251040">
    <ele>18.4</ele>
    <time>2026-09-22T08:13:56Z</time>
   </trkpt>
   <trkpt lat="22.7403950" lon="120.3251060">
    <ele>18.4</ele>
    <time>2026-09-22T08:13:57Z</time>
   </trkpt>
   <trkpt lat="22.7403960" lon="120.3251070">
    <ele>18.4</ele>
    <time>2026-09-22T08:13:58Z</time>
   </trkpt>
   <trkpt lat="22.7403950" lon="120.3251120">
    <ele>18.4</ele>
    <time>2026-09-22T08:13:59Z</time>
   </trkpt>
   <trkpt lat="22.7404000" lon="120.3251140">
    <ele>18.4</ele>
    <time>2026-09-22T08:14:00Z</time>
   </trkpt>
   <trkpt lat="22.7404040" lon="120.3251170">
    <ele>18.4</ele>
    <time>2026-09-22T08:14:01Z</time>
   </trkpt>
   <trkpt lat="22.7404100" lon="120.3251190">
    <ele>18.4</ele>
    <time>2026-09-22T08:14:02Z</time>
   </trkpt>
   <trkpt lat="22.7404130" lon="120.3251220">
    <ele>18.4</ele>
    <time>2026-09-22T08:14:03Z</time>
   </trkpt>
   <trkpt lat="22.7404160" lon="120.3251250">
    <ele>18.4</ele>
    <time>2026-09-22T08:14:05Z</time>
   </trkpt>
   <trkpt lat="22.7404210" lon="120.3251350">
    <ele>18.4</ele>
    <time>2026-09-22T08:14:06Z</time>
   </trkpt>
   <trkpt lat="22.7404230" lon="120.3251370">
    <ele>18.4</ele>
    <time>2026-09-22T08:14:07Z</time>
   </trkpt>
   <trkpt lat="22.7404220" lon="120.3251370">
    <ele>18.4</ele>
    <time>2026-09-22T08:14:08Z</time>
   </trkpt>
   <trkpt lat="22.7404210" lon="120.3251380">
    <ele>18.4</ele>
    <time>2026-09-22T08:14:09Z</time>
   </trkpt>
   <trkpt lat="22.7404200" lon="120.3251420">
    <ele>18.4</ele>
    <time>2026-09-22T08:14:10Z</time>
   </trkpt>
   <trkpt lat="22.7404250" lon="120.3251490">
    <ele>18.4</ele>
    <time>2026-09-22T08:14:11Z</time>
   </trkpt>
   <trkpt lat="22.7404340" lon="120.3251580">
    <ele>18.4</ele>
    <time>2026-09-22T08:14:12Z</time>
   </trkpt>
   <trkpt lat="22.7404420" lon="120.3251660">
    <ele>18.4</ele>
    <time>2026-09-22T08:14:13Z</time>
   </trkpt>
   <trkpt lat="22.7404430" lon="120.3251760">
    <ele>18.3</ele>
    <time>2026-09-22T08:14:14Z</time>
   </trkpt>
   <trkpt lat="22.7404410" lon="120.3251810">
    <ele>18.3</ele>
    <time>2026-09-22T08:14:15Z</time>
   </trkpt>
   <trkpt lat="22.7404420" lon="120.3251870">
    <ele>18.3</ele>
    <time>2026-09-22T08:14:16Z</time>
   </trkpt>
   <trkpt lat="22.7404490" lon="120.3251880">
    <ele>18.3</ele>
    <time>2026-09-22T08:14:17Z</time>
   </trkpt>
   <trkpt lat="22.7404560" lon="120.3251900">
    <ele>18.3</ele>
    <time>2026-09-22T08:14:18Z</time>
   </trkpt>
   <trkpt lat="22.7404740" lon="120.3251970">
    <ele>18.3</ele>
    <time>2026-09-22T08:14:19Z</time>
   </trkpt>
   <trkpt lat="22.7404830" lon="120.3252050">
    <ele>18.3</ele>
    <time>2026-09-22T08:14:20Z</time>
   </trkpt>
   <trkpt lat="22.7404840" lon="120.3252130">
    <ele>18.3</ele>
    <time>2026-09-22T08:14:21Z</time>
   </trkpt>
   <trkpt lat="22.7404840" lon="120.3252190">
    <ele>18.3</ele>
    <time>2026-09-22T08:14:22Z</time>
   </trkpt>
   <trkpt lat="22.7404880" lon="120.3252240">
    <ele>18.3</ele>
    <time>2026-09-22T08:14:23Z</time>
   </trkpt>
   <trkpt lat="22.7404930" lon="120.3252270">
    <ele>18.3</ele>
    <time>2026-09-22T08:14:24Z</time>
   </trkpt>
   <trkpt lat="22.7405010" lon="120.3252320">
    <ele>18.3</ele>
    <time>2026-09-22T08:14:25Z</time>
   </trkpt>
   <trkpt lat="22.7405100" lon="120.3252410">
    <ele>18.3</ele>
    <time>2026-09-22T08:14:26Z</time>
   </trkpt>
   <trkpt lat="22.7405150" lon="120.3252480">
    <ele>18.3</ele>
    <time>2026-09-22T08:14:27Z</time>
   </trkpt>
   <trkpt lat="22.7405170" lon="120.3252590">
    <ele>18.3</ele>
    <time>2026-09-22T08:14:29Z</time>
   </trkpt>
   <trkpt lat="22.7405130" lon="120.3252640">
    <ele>18.3</ele>
    <time>2026-09-22T08:14:30Z</time>
   </trkpt>
   <trkpt lat="22.7405100" lon="120.3252650">
    <ele>18.3</ele>
    <time>2026-09-22T08:14:31Z</time>
   </trkpt>
   <trkpt lat="22.7405110" lon="120.3252650">
    <ele>18.3</ele>
    <time>2026-09-22T08:14:32Z</time>
   </trkpt>
   <trkpt lat="22.7405120" lon="120.3252650">
    <ele>18.3</ele>
    <time>2026-09-22T08:14:33Z</time>
   </trkpt>
   <trkpt lat="22.7405130" lon="120.3252650">
    <ele>18.3</ele>
    <time>2026-09-22T08:14:34Z</time>
   </trkpt>
   <trkpt lat="22.7405140" lon="120.3252670">
    <ele>18.3</ele>
    <time>2026-09-22T08:14:35Z</time>
   </trkpt>
   <trkpt lat="22.7405130" lon="120.3252680">
    <ele>18.3</ele>
    <time>2026-09-22T08:14:36Z</time>
   </trkpt>
   <trkpt lat="22.7405120" lon="120.3252690">
    <ele>18.3</ele>
    <time>2026-09-22T08:14:37Z</time>
   </trkpt>
   <trkpt lat="22.7405110" lon="120.3252670">
    <ele>18.3</ele>
    <time>2026-09-22T08:14:38Z</time>
   </trkpt>
   <trkpt lat="22.7405120" lon="120.3252650">
    <ele>18.3</ele>
    <time>2026-09-22T08:14:39Z</time>
   </trkpt>
   <trkpt lat="22.7405170" lon="120.3252660">
    <ele>18.3</ele>
    <time>2026-09-22T08:14:40Z</time>
   </trkpt>
   <trkpt lat="22.7405240" lon="120.3252680">
    <ele>18.3</ele>
    <time>2026-09-22T08:14:41Z</time>
   </trkpt>
   <trkpt lat="22.7405320" lon="120.3252700">
    <ele>18.3</ele>
    <time>2026-09-22T08:14:42Z</time>
   </trkpt>
   <trkpt lat="22.7405370" lon="120.3252760">
    <ele>18.3</ele>
    <time>2026-09-22T08:14:43Z</time>
   </trkpt>
   <trkpt lat="22.7405330" lon="120.3252800">
    <ele>18.3</ele>
    <time>2026-09-22T08:14:44Z</time>
   </trkpt>
   <trkpt lat="22.7405310" lon="120.3252800">
    <ele>18.3</ele>
    <time>2026-09-22T08:14:45Z</time>
   </trkpt>
   <trkpt lat="22.7405300" lon="120.3252820">
    <ele>18.3</ele>
    <time>2026-09-22T08:14:46Z</time>
   </trkpt>
   <trkpt lat="22.7405330" lon="120.3252870">
    <ele>18.3</ele>
    <time>2026-09-22T08:14:47Z</time>
   </trkpt>
   <trkpt lat="22.7405400" lon="120.3252910">
    <ele>18.3</ele>
    <time>2026-09-22T08:14:48Z</time>
   </trkpt>
   <trkpt lat="22.7405490" lon="120.3252950">
    <ele>18.3</ele>
    <time>2026-09-22T08:14:49Z</time>
   </trkpt>
   <trkpt lat="22.7405580" lon="120.3253020">
    <ele>18.3</ele>
    <time>2026-09-22T08:14:50Z</time>
   </trkpt>
   <trkpt lat="22.7405630" lon="120.3253120">
    <ele>18.3</ele>
    <time>2026-09-22T08:14:51Z</time>
   </trkpt>
   <trkpt lat="22.7405560" lon="120.3253190">
    <ele>18.3</ele>
    <time>2026-09-22T08:14:53Z</time>
   </trkpt>
   <trkpt lat="22.7405540" lon="120.3253210">
    <ele>18.3</ele>
    <time>2026-09-22T08:14:54Z</time>
   </trkpt>
   <trkpt lat="22.7405600" lon="120.3253250">
    <ele>18.2</ele>
    <time>2026-09-22T08:14:55Z</time>
   </trkpt>
   <trkpt lat="22.7405680" lon="120.3253250">
    <ele>18.2</ele>
    <time>2026-09-22T08:14:56Z</time>
   </trkpt>
   <trkpt lat="22.7405790" lon="120.3253300">
    <ele>18.2</ele>
    <time>2026-09-22T08:14:57Z</time>
   </trkpt>
   <trkpt lat="22.7405880" lon="120.3253330">
    <ele>18.2</ele>
    <time>2026-09-22T08:14:58Z</time>
   </trkpt>
   <trkpt lat="22.7405940" lon="120.3253410">
    <ele>18.2</ele>
    <time>2026-09-22T08:14:59Z</time>
   </trkpt>
   <trkpt lat="22.7405900" lon="120.3253460">
    <ele>18.2</ele>
    <time>2026-09-22T08:15:00Z</time>
   </trkpt>
   <trkpt lat="22.7405880" lon="120.3253440">
    <ele>18.2</ele>
    <time>2026-09-22T08:15:01Z</time>
   </trkpt>
   <trkpt lat="22.7405910" lon="120.3253440">
    <ele>18.2</ele>
    <time>2026-09-22T08:15:02Z</time>
   </trkpt>
   <trkpt lat="22.7405950" lon="120.3253440">
    <ele>18.2</ele>
    <time>2026-09-22T08:15:03Z</time>
   </trkpt>
   <trkpt lat="22.7406040" lon="120.3253460">
    <ele>18.2</ele>
    <time>2026-09-22T08:15:04Z</time>
   </trkpt>
   <trkpt lat="22.7406170" lon="120.3253520">
    <ele>18.2</ele>
    <time>2026-09-22T08:15:06Z</time>
   </trkpt>
   <trkpt lat="22.7406220" lon="120.3253600">
    <ele>18.2</ele>
    <time>2026-09-22T08:15:07Z</time>
   </trkpt>
   <trkpt lat="22.7406200" lon="120.3253660">
    <ele>18.2</ele>
    <time>2026-09-22T08:15:08Z</time>
   </trkpt>
   <trkpt lat="22.7406180" lon="120.3253680">
    <ele>18.2</ele>
    <time>2026-09-22T08:15:09Z</time>
   </trkpt>
   <trkpt lat="22.7406210" lon="120.3253690">
    <ele>18.2</ele>
    <time>2026-09-22T08:15:10Z</time>
   </trkpt>
   <trkpt lat="22.7406270" lon="120.3253680">
    <ele>18.2</ele>
    <time>2026-09-22T08:15:11Z</time>
   </trkpt>
   <trkpt lat="22.7406340" lon="120.3253670">
    <ele>18.2</ele>
    <time>2026-09-22T08:15:12Z</time>
   </trkpt>
   <trkpt lat="22.7406420" lon="120.3253680">
    <ele>18.2</ele>
    <time>2026-09-22T08:15:13Z</time>
   </trkpt>
   <trkpt lat="22.7406500" lon="120.3253740">
    <ele>18.2</ele>
    <time>2026-09-22T08:15:14Z</time>
   </trkpt>
   <trkpt lat="22.7406530" lon="120.3253840">
    <ele>18.2</ele>
    <time>2026-09-22T08:15:15Z</time>
   </trkpt>
   <trkpt lat="22.7406480" lon="120.3253880">
    <ele>18.2</ele>
    <time>2026-09-22T08:15:16Z</time>
   </trkpt>
   <trkpt lat="22.7406440" lon="120.3253920">
    <ele>18.2</ele>
    <time>2026-09-22T08:15:17Z</time>
   </trkpt>
   <trkpt lat="22.7406480" lon="120.3253940">
    <ele>18.2</ele>
    <time>2026-09-22T08:15:18Z</time>
   </trkpt>
   <trkpt lat="22.7406530" lon="120.3253960">
    <ele>18.2</ele>
    <time>2026-09-22T08:15:19Z</time>
   </trkpt>
   <trkpt lat="22.7406580" lon="120.3253990">
    <ele>18.2</ele>
    <time>2026-09-22T08:15:20Z</time>
   </trkpt>
   <trkpt lat="22.7406650" lon="120.3254030">
    <ele>18.2</ele>
    <time>2026-09-22T08:15:21Z</time>
   </trkpt>
   <trkpt lat="22.7406670" lon="120.3254100">
    <ele>18.2</ele>
    <time>2026-09-22T08:15:22Z</time>
   </trkpt>
   <trkpt lat="22.7406640" lon="120.3254150">
    <ele>18.2</ele>
    <time>2026-09-22T08:15:23Z</time>
   </trkpt>
   <trkpt lat="22.7406610" lon="120.3254200">
    <ele>18.2</ele>
    <time>2026-09-22T08:15:24Z</time>
   </trkpt>
   <trkpt lat="22.7406660" lon="120.3254210">
    <ele>18.2</ele>
    <time>2026-09-22T08:15:25Z</time>
   </trkpt>
   <trkpt lat="22.7406720" lon="120.3254220">
    <ele>18.2</ele>
    <time>2026-09-22T08:15:26Z</time>
   </trkpt>
   <trkpt lat="22.7406820" lon="120.3254240">
    <ele>18.1</ele>
    <time>2026-09-22T08:15:27Z</time>
   </trkpt>
   <trkpt lat="22.7406950" lon="120.3254230">
    <ele>18.1</ele>
    <time>2026-09-22T08:15:28Z</time>
   </trkpt>
   <trkpt lat="22.7407080" lon="120.3254270">
    <ele>18.1</ele>
    <time>2026-09-22T08:15:29Z</time>
   </trkpt>
   <trkpt lat="22.7407190" lon="120.3254400">
    <ele>18.1</ele>
    <time>2026-09-22T08:15:30Z</time>
   </trkpt>
   <trkpt lat="22.7407270" lon="120.3254540">
    <ele>18.1</ele>
    <time>2026-09-22T08:15:31Z</time>
   </trkpt>
   <trkpt lat="22.7407350" lon="120.3254670">
    <ele>18.1</ele>
    <time>2026-09-22T08:15:32Z</time>
   </trkpt>
   <trkpt lat="22.7407420" lon="120.3254790">
    <ele>18.1</ele>
    <time>2026-09-22T08:15:33Z</time>
   </trkpt>
   <trkpt lat="22.7407490" lon="120.3254910">
    <ele>18.1</ele>
    <time>2026-09-22T08:15:34Z</time>
   </trkpt>
   <trkpt lat="22.7407550" lon="120.3255040">
    <ele>18.2</ele>
    <time>2026-09-22T08:15:36Z</time>
   </trkpt>
   <trkpt lat="22.7407560" lon="120.3255210">
    <ele>18.2</ele>
    <time>2026-09-22T08:15:37Z</time>
   </trkpt>
   <trkpt lat="22.7407520" lon="120.3255290">
    <ele>18.2</ele>
    <time>2026-09-22T08:15:38Z</time>
   </trkpt>
   <trkpt lat="22.7407520" lon="120.3255340">
    <ele>18.2</ele>
    <time>2026-09-22T08:15:39Z</time>
   </trkpt>
   <trkpt lat="22.7407550" lon="120.3255310">
    <ele>18.2</ele>
    <time>2026-09-22T08:15:40Z</time>
   </trkpt>
   <trkpt lat="22.7407520" lon="120.3255200">
    <ele>18.2</ele>
    <time>2026-09-22T08:15:41Z</time>
   </trkpt>
   <trkpt lat="22.7407570" lon="120.3255230">
    <ele>18.2</ele>
    <time>2026-09-22T08:15:42Z</time>
   </trkpt>
   <trkpt lat="22.7407550" lon="120.3255320">
    <ele>18.2</ele>
    <time>2026-09-22T08:15:43Z</time>
   </trkpt>
   <trkpt lat="22.7407430" lon="120.3255310">
    <ele>18.2</ele>
    <time>2026-09-22T08:15:44Z</time>
   </trkpt>
   <trkpt lat="22.7407350" lon="120.3255300">
    <ele>18.2</ele>
    <time>2026-09-22T08:15:45Z</time>
   </trkpt>
   <trkpt lat="22.7407340" lon="120.3255360">
    <ele>18.2</ele>
    <time>2026-09-22T08:15:46Z</time>
   </trkpt>
   <trkpt lat="22.7407370" lon="120.3255320">
    <ele>18.2</ele>
    <time>2026-09-22T08:15:47Z</time>
   </trkpt>
   <trkpt lat="22.7407460" lon="120.3255350">
    <ele>18.2</ele>
    <time>2026-09-22T08:15:48Z</time>
   </trkpt>
   <trkpt lat="22.7407540" lon="120.3255380">
    <ele>18.2</ele>
    <time>2026-09-22T08:15:49Z</time>
   </trkpt>
   <trkpt lat="22.7407610" lon="120.3255450">
    <ele>18.2</ele>
    <time>2026-09-22T08:15:50Z</time>
   </trkpt>
   <trkpt lat="22.7407750" lon="120.3255510">
    <ele>18.2</ele>
    <time>2026-09-22T08:15:51Z</time>
   </trkpt>
   <trkpt lat="22.7407820" lon="120.3255570">
    <ele>18.2</ele>
    <time>2026-09-22T08:15:52Z</time>
   </trkpt>
   <trkpt lat="22.7407780" lon="120.3255600">
    <ele>18.2</ele>
    <time>2026-09-22T08:15:53Z</time>
   </trkpt>
   <trkpt lat="22.7407770" lon="120.3255540">
    <ele>18.2</ele>
    <time>2026-09-22T08:15:54Z</time>
   </trkpt>
   <trkpt lat="22.7407770" lon="120.3255480">
    <ele>18.2</ele>
    <time>2026-09-22T08:15:55Z</time>
   </trkpt>
   <trkpt lat="22.7407780" lon="120.3255450">
    <ele>18.2</ele>
    <time>2026-09-22T08:15:56Z</time>
   </trkpt>
   <trkpt lat="22.7407810" lon="120.3255420">
    <ele>18.2</ele>
    <time>2026-09-22T08:15:57Z</time>
   </trkpt>
   <trkpt lat="22.7407870" lon="120.3255400">
    <ele>18.2</ele>
    <time>2026-09-22T08:15:58Z</time>
   </trkpt>
   <trkpt lat="22.7407930" lon="120.3255430">
    <ele>18.2</ele>
    <time>2026-09-22T08:15:59Z</time>
   </trkpt>
   <trkpt lat="22.7407990" lon="120.3255480">
    <ele>18.2</ele>
    <time>2026-09-22T08:16:00Z</time>
   </trkpt>
   <trkpt lat="22.7408110" lon="120.3255640">
    <ele>18.2</ele>
    <time>2026-09-22T08:16:01Z</time>
   </trkpt>
   <trkpt lat="22.7408030" lon="120.3255730">
    <ele>18.2</ele>
    <time>2026-09-22T08:16:03Z</time>
   </trkpt>
   <trkpt lat="22.7407980" lon="120.3255670">
    <ele>18.2</ele>
    <time>2026-09-22T08:16:04Z</time>
   </trkpt>
   <trkpt lat="22.7408020" lon="120.3255580">
    <ele>18.2</ele>
    <time>2026-09-22T08:16:05Z</time>
   </trkpt>
   <trkpt lat="22.7408110" lon="120.3255590">
    <ele>18.2</ele>
    <time>2026-09-22T08:16:06Z</time>
   </trkpt>
   <trkpt lat="22.7408240" lon="120.3255680">
    <ele>18.2</ele>
    <time>2026-09-22T08:16:07Z</time>
   </trkpt>
   <trkpt lat="22.7408320" lon="120.3255760">
    <ele>18.2</ele>
    <time>2026-09-22T08:16:08Z</time>
   </trkpt>
   <trkpt lat="22.7408360" lon="120.3255920">
    <ele>18.2</ele>
    <time>2026-09-22T08:16:09Z</time>
   </trkpt>
   <trkpt lat="22.7408300" lon="120.3255990">
    <ele>18.2</ele>
    <time>2026-09-22T08:16:10Z</time>
   </trkpt>
   <trkpt lat="22.7408250" lon="120.3255970">
    <ele>18.2</ele>
    <time>2026-09-22T08:16:11Z</time>
   </trkpt>
   <trkpt lat="22.7408260" lon="120.3255980">
    <ele>18.2</ele>
    <time>2026-09-22T08:16:12Z</time>
   </trkpt>
   <trkpt lat="22.7408330" lon="120.3256030">
    <ele>18.2</ele>
    <time>2026-09-22T08:16:13Z</time>
   </trkpt>
   <trkpt lat="22.7408420" lon="120.3256100">
    <ele>18.2</ele>
    <time>2026-09-22T08:16:14Z</time>
   </trkpt>
   <trkpt lat="22.7408510" lon="120.3256160">
    <ele>18.2</ele>
    <time>2026-09-22T08:16:15Z</time>
   </trkpt>
   <trkpt lat="22.7408570" lon="120.3256240">
    <ele>18.2</ele>
    <time>2026-09-22T08:16:16Z</time>
   </trkpt>
   <trkpt lat="22.7408560" lon="120.3256310">
    <ele>18.2</ele>
    <time>2026-09-22T08:16:17Z</time>
   </trkpt>
   <trkpt lat="22.7408470" lon="120.3256350">
    <ele>18.2</ele>
    <time>2026-09-22T08:16:19Z</time>
   </trkpt>
   <trkpt lat="22.7408480" lon="120.3256360">
    <ele>18.2</ele>
    <time>2026-09-22T08:16:20Z</time>
   </trkpt>
   <trkpt lat="22.7408470" lon="120.3256360">
    <ele>18.2</ele>
    <time>2026-09-22T08:16:21Z</time>
   </trkpt>
   <trkpt lat="22.7408470" lon="120.3256350">
    <ele>18.2</ele>
    <time>2026-09-22T08:16:22Z</time>
   </trkpt>
   <trkpt lat="22.7408450" lon="120.3256340">
    <ele>18.2</ele>
    <time>2026-09-22T08:16:23Z</time>
   </trkpt>
   <trkpt lat="22.7408460" lon="120.3256360">
    <ele>18.2</ele>
    <time>2026-09-22T08:16:24Z</time>
   </trkpt>
   <trkpt lat="22.7408490" lon="120.3256380">
    <ele>18.2</ele>
    <time>2026-09-22T08:16:25Z</time>
   </trkpt>
   <trkpt lat="22.7408570" lon="120.3256430">
    <ele>18.2</ele>
    <time>2026-09-22T08:16:26Z</time>
   </trkpt>
   <trkpt lat="22.7408660" lon="120.3256520">
    <ele>18.3</ele>
    <time>2026-09-22T08:16:27Z</time>
   </trkpt>
   <trkpt lat="22.7408650" lon="120.3256600">
    <ele>18.3</ele>
    <time>2026-09-22T08:16:28Z</time>
   </trkpt>
   <trkpt lat="22.7408580" lon="120.3256610">
    <ele>18.3</ele>
    <time>2026-09-22T08:16:29Z</time>
   </trkpt>
   <trkpt lat="22.7408560" lon="120.3256620">
    <ele>18.3</ele>
    <time>2026-09-22T08:16:30Z</time>
   </trkpt>
   <trkpt lat="22.7408590" lon="120.3256660">
    <ele>18.3</ele>
    <time>2026-09-22T08:16:31Z</time>
   </trkpt>
   <trkpt lat="22.7408650" lon="120.3256690">
    <ele>18.3</ele>
    <time>2026-09-22T08:16:32Z</time>
   </trkpt>
   <trkpt lat="22.7408720" lon="120.3256710">
    <ele>18.3</ele>
    <time>2026-09-22T08:16:33Z</time>
   </trkpt>
   <trkpt lat="22.7408810" lon="120.3256780">
    <ele>18.3</ele>
    <time>2026-09-22T08:16:34Z</time>
   </trkpt>
   <trkpt lat="22.7408830" lon="120.3256860">
    <ele>18.3</ele>
    <time>2026-09-22T08:16:35Z</time>
   </trkpt>
   <trkpt lat="22.7408800" lon="120.3256930">
    <ele>18.3</ele>
    <time>2026-09-22T08:16:36Z</time>
   </trkpt>
   <trkpt lat="22.7408780" lon="120.3256970">
    <ele>18.3</ele>
    <time>2026-09-22T08:16:37Z</time>
   </trkpt>
   <trkpt lat="22.7408790" lon="120.3257030">
    <ele>18.3</ele>
    <time>2026-09-22T08:16:38Z</time>
   </trkpt>
   <trkpt lat="22.7408910" lon="120.3257010">
    <ele>18.3</ele>
    <time>2026-09-22T08:16:39Z</time>
   </trkpt>
   <trkpt lat="22.7409090" lon="120.3257000">
    <ele>18.3</ele>
    <time>2026-09-22T08:16:40Z</time>
   </trkpt>
   <trkpt lat="22.7409180" lon="120.3257040">
    <ele>18.3</ele>
    <time>2026-09-22T08:16:41Z</time>
   </trkpt>
   <trkpt lat="22.7409250" lon="120.3257130">
    <ele>18.3</ele>
    <time>2026-09-22T08:16:42Z</time>
   </trkpt>
   <trkpt lat="22.7409240" lon="120.3257200">
    <ele>18.3</ele>
    <time>2026-09-22T08:16:43Z</time>
   </trkpt>
   <trkpt lat="22.7409230" lon="120.3257250">
    <ele>18.3</ele>
    <time>2026-09-22T08:16:44Z</time>
   </trkpt>
   <trkpt lat="22.7409280" lon="120.3257240">
    <ele>18.3</ele>
    <time>2026-09-22T08:16:45Z</time>
   </trkpt>
   <trkpt lat="22.7409390" lon="120.3257220">
    <ele>18.3</ele>
    <time>2026-09-22T08:16:46Z</time>
   </trkpt>
   <trkpt lat="22.7409470" lon="120.3257240">
    <ele>18.3</ele>
    <time>2026-09-22T08:16:47Z</time>
   </trkpt>
   <trkpt lat="22.7409520" lon="120.3257270">
    <ele>18.3</ele>
    <time>2026-09-22T08:16:48Z</time>
   </trkpt>
   <trkpt lat="22.7409580" lon="120.3257300">
    <ele>18.3</ele>
    <time>2026-09-22T08:16:49Z</time>
   </trkpt>
   <trkpt lat="22.7409630" lon="120.3257340">
    <ele>18.3</ele>
    <time>2026-09-22T08:16:50Z</time>
   </trkpt>
   <trkpt lat="22.7409670" lon="120.3257400">
    <ele>18.3</ele>
    <time>2026-09-22T08:16:51Z</time>
   </trkpt>
   <trkpt lat="22.7409650" lon="120.3257440">
    <ele>18.3</ele>
    <time>2026-09-22T08:16:52Z</time>
   </trkpt>
   <trkpt lat="22.7409620" lon="120.3257470">
    <ele>18.3</ele>
    <time>2026-09-22T08:16:53Z</time>
   </trkpt>
   <trkpt lat="22.7409580" lon="120.3257470">
    <ele>18.3</ele>
    <time>2026-09-22T08:16:54Z</time>
   </trkpt>
   <trkpt lat="22.7409570" lon="120.3257480">
    <ele>18.3</ele>
    <time>2026-09-22T08:16:55Z</time>
   </trkpt>
   <trkpt lat="22.7409570" lon="120.3257490">
    <ele>18.3</ele>
    <time>2026-09-22T08:16:56Z</time>
   </trkpt>
   <trkpt lat="22.7409590" lon="120.3257480">
    <ele>18.3</ele>
    <time>2026-09-22T08:16:57Z</time>
   </trkpt>
   <trkpt lat="22.7409620" lon="120.3257490">
    <ele>18.3</ele>
    <time>2026-09-22T08:16:58Z</time>
   </trkpt>
   <trkpt lat="22.7409670" lon="120.3257510">
    <ele>18.3</ele>
    <time>2026-09-22T08:16:59Z</time>
   </trkpt>
   <trkpt lat="22.7409730" lon="120.3257550">
    <ele>18.3</ele>
    <time>2026-09-22T08:17:00Z</time>
   </trkpt>
   <trkpt lat="22.7409780" lon="120.3257610">
    <ele>18.3</ele>
    <time>2026-09-22T08:17:01Z</time>
   </trkpt>
   <trkpt lat="22.7409750" lon="120.3257660">
    <ele>18.3</ele>
    <time>2026-09-22T08:17:02Z</time>
   </trkpt>
   <trkpt lat="22.7409710" lon="120.3257690">
    <ele>18.3</ele>
    <time>2026-09-22T08:17:03Z</time>
   </trkpt>
   <trkpt lat="22.7409740" lon="120.3257740">
    <ele>18.3</ele>
    <time>2026-09-22T08:17:04Z</time>
   </trkpt>
   <trkpt lat="22.7409800" lon="120.3257750">
    <ele>18.3</ele>
    <time>2026-09-22T08:17:05Z</time>
   </trkpt>
   <trkpt lat="22.7409890" lon="120.3257800">
    <ele>18.3</ele>
    <time>2026-09-22T08:17:06Z</time>
   </trkpt>
   <trkpt lat="22.7409980" lon="120.3257850">
    <ele>18.3</ele>
    <time>2026-09-22T08:17:07Z</time>
   </trkpt>
   <trkpt lat="22.7410040" lon="120.3257940">
    <ele>18.3</ele>
    <time>2026-09-22T08:17:08Z</time>
   </trkpt>
   <trkpt lat="22.7410040" lon="120.3258010">
    <ele>18.3</ele>
    <time>2026-09-22T08:17:09Z</time>
   </trkpt>
   <trkpt lat="22.7410110" lon="120.3258050">
    <ele>18.4</ele>
    <time>2026-09-22T08:17:11Z</time>
   </trkpt>
   <trkpt lat="22.7410220" lon="120.3258070">
    <ele>18.4</ele>
    <time>2026-09-22T08:17:12Z</time>
   </trkpt>
   <trkpt lat="22.7410320" lon="120.3258150">
    <ele>18.4</ele>
    <time>2026-09-22T08:17:13Z</time>
   </trkpt>
   <trkpt lat="22.7410400" lon="120.3258230">
    <ele>18.4</ele>
    <time>2026-09-22T08:17:14Z</time>
   </trkpt>
   <trkpt lat="22.7410380" lon="120.3258290">
    <ele>18.4</ele>
    <time>2026-09-22T08:17:15Z</time>
   </trkpt>
   <trkpt lat="22.7410360" lon="120.3258300">
    <ele>18.4</ele>
    <time>2026-09-22T08:17:16Z</time>
   </trkpt>
   <trkpt lat="22.7410380" lon="120.3258310">
    <ele>18.4</ele>
    <time>2026-09-22T08:17:17Z</time>
   </trkpt>
   <trkpt lat="22.7410420" lon="120.3258310">
    <ele>18.4</ele>
    <time>2026-09-22T08:17:18Z</time>
   </trkpt>
   <trkpt lat="22.7410540" lon="120.3258370">
    <ele>18.4</ele>
    <time>2026-09-22T08:17:19Z</time>
   </trkpt>
   <trkpt lat="22.7410650" lon="120.3258420">
    <ele>18.4</ele>
    <time>2026-09-22T08:17:20Z</time>
   </trkpt>
   <trkpt lat="22.7410730" lon="120.3258490">
    <ele>18.4</ele>
    <time>2026-09-22T08:17:21Z</time>
   </trkpt>
   <trkpt lat="22.7410750" lon="120.3258570">
    <ele>18.4</ele>
    <time>2026-09-22T08:17:22Z</time>
   </trkpt>
   <trkpt lat="22.7410690" lon="120.3258600">
    <ele>18.4</ele>
    <time>2026-09-22T08:17:23Z</time>
   </trkpt>
   <trkpt lat="22.7410620" lon="120.3258630">
    <ele>18.4</ele>
    <time>2026-09-22T08:17:24Z</time>
   </trkpt>
   <trkpt lat="22.7410650" lon="120.3258680">
    <ele>18.4</ele>
    <time>2026-09-22T08:17:25Z</time>
   </trkpt>
   <trkpt lat="22.7410780" lon="120.3258650">
    <ele>18.4</ele>
    <time>2026-09-22T08:17:26Z</time>
   </trkpt>
   <trkpt lat="22.7410880" lon="120.3258650">
    <ele>18.4</ele>
    <time>2026-09-22T08:17:27Z</time>
   </trkpt>
   <trkpt lat="22.7410990" lon="120.3258670">
    <ele>18.4</ele>
    <time>2026-09-22T08:17:28Z</time>
   </trkpt>
   <trkpt lat="22.7411080" lon="120.3258710">
    <ele>18.4</ele>
    <time>2026-09-22T08:17:29Z</time>
   </trkpt>
   <trkpt lat="22.7411140" lon="120.3258820">
    <ele>18.4</ele>
    <time>2026-09-22T08:17:30Z</time>
   </trkpt>
   <trkpt lat="22.7411140" lon="120.3258880">
    <ele>18.4</ele>
    <time>2026-09-22T08:17:31Z</time>
   </trkpt>
   <trkpt lat="22.7411150" lon="120.3258880">
    <ele>18.4</ele>
    <time>2026-09-22T08:17:32Z</time>
   </trkpt>
   <trkpt lat="22.7411160" lon="120.3258870">
    <ele>18.4</ele>
    <time>2026-09-22T08:17:33Z</time>
   </trkpt>
   <trkpt lat="22.7411170" lon="120.3258830">
    <ele>18.4</ele>
    <time>2026-09-22T08:17:34Z</time>
   </trkpt>
   <trkpt lat="22.7411170" lon="120.3258800">
    <ele>18.4</ele>
    <time>2026-09-22T08:17:35Z</time>
   </trkpt>
   <trkpt lat="22.7411170" lon="120.3258790">
    <ele>18.4</ele>
    <time>2026-09-22T08:17:36Z</time>
   </trkpt>
   <trkpt lat="22.7411170" lon="120.3258780">
    <ele>18.4</ele>
    <time>2026-09-22T08:17:37Z</time>
   </trkpt>
   <trkpt lat="22.7411180" lon="120.3258780">
    <ele>18.4</ele>
    <time>2026-09-22T08:17:38Z</time>
   </trkpt>
   <trkpt lat="22.7411200" lon="120.3258810">
    <ele>18.4</ele>
    <time>2026-09-22T08:17:39Z</time>
   </trkpt>
   <trkpt lat="22.7411210" lon="120.3258810">
    <ele>18.4</ele>
    <time>2026-09-22T08:17:40Z</time>
   </trkpt>
   <trkpt lat="22.7411210" lon="120.3258810">
    <ele>18.4</ele>
    <time>2026-09-22T08:17:41Z</time>
   </trkpt>
   <trkpt lat="22.7411210" lon="120.3258800">
    <ele>18.4</ele>
    <time>2026-09-22T08:17:42Z</time>
   </trkpt>
   <trkpt lat="22.7411210" lon="120.3258800">
    <ele>18.4</ele>
    <time>2026-09-22T08:17:43Z</time>
   </trkpt>
   <trkpt lat="22.7411200" lon="120.3258800">
    <ele>18.4</ele>
    <time>2026-09-22T08:17:44Z</time>
   </trkpt>
   <trkpt lat="22.7411200" lon="120.3258810">
    <ele>18.4</ele>
    <time>2026-09-22T08:17:45Z</time>
   </trkpt>
   <trkpt lat="22.7411210" lon="120.3258850">
    <ele>18.4</ele>
    <time>2026-09-22T08:17:46Z</time>
   </trkpt>
   <trkpt lat="22.7411210" lon="120.3258850">
    <ele>18.4</ele>
    <time>2026-09-22T08:17:47Z</time>
   </trkpt>
   <trkpt lat="22.7411210" lon="120.3258840">
    <ele>18.4</ele>
    <time>2026-09-22T08:17:48Z</time>
   </trkpt>
   <trkpt lat="22.7411220" lon="120.3258840">
    <ele>18.4</ele>
    <time>2026-09-22T08:17:49Z</time>
   </trkpt>
   <trkpt lat="22.7411210" lon="120.3258850">
    <ele>18.4</ele>
    <time>2026-09-22T08:17:50Z</time>
   </trkpt>
   <trkpt lat="22.7411210" lon="120.3258860">
    <ele>18.4</ele>
    <time>2026-09-22T08:17:51Z</time>
   </trkpt>
   <trkpt lat="22.7411200" lon="120.3258880">
    <ele>18.4</ele>
    <time>2026-09-22T08:17:52Z</time>
   </trkpt>
   <trkpt lat="22.7411200" lon="120.3258900">
    <ele>18.4</ele>
    <time>2026-09-22T08:17:53Z</time>
   </trkpt>
   <trkpt lat="22.7411190" lon="120.3258940">
    <ele>18.4</ele>
    <time>2026-09-22T08:17:54Z</time>
   </trkpt>
   <trkpt lat="22.7411190" lon="120.3258950">
    <ele>18.4</ele>
    <time>2026-09-22T08:17:55Z</time>
   </trkpt>
   <trkpt lat="22.7411180" lon="120.3258960">
    <ele>18.4</ele>
    <time>2026-09-22T08:17:56Z</time>
   </trkpt>
   <trkpt lat="22.7411180" lon="120.3258970">
    <ele>18.4</ele>
    <time>2026-09-22T08:17:57Z</time>
   </trkpt>
   <trkpt lat="22.7411180" lon="120.3258980">
    <ele>18.4</ele>
    <time>2026-09-22T08:17:58Z</time>
   </trkpt>
   <trkpt lat="22.7411150" lon="120.3258990">
    <ele>18.4</ele>
    <time>2026-09-22T08:17:59Z</time>
   </trkpt>
   <trkpt lat="22.7411150" lon="120.3259000">
    <ele>18.4</ele>
    <time>2026-09-22T08:18:00Z</time>
   </trkpt>
   <trkpt lat="22.7411150" lon="120.3259020">
    <ele>18.4</ele>
    <time>2026-09-22T08:18:01Z</time>
   </trkpt>
   <trkpt lat="22.7411170" lon="120.3259060">
    <ele>18.4</ele>
    <time>2026-09-22T08:18:02Z</time>
   </trkpt>
   <trkpt lat="22.7411180" lon="120.3259060">
    <ele>18.4</ele>
    <time>2026-09-22T08:18:03Z</time>
   </trkpt>
   <trkpt lat="22.7411180" lon="120.3259030">
    <ele>18.4</ele>
    <time>2026-09-22T08:18:05Z</time>
   </trkpt>
   <trkpt lat="22.7411180" lon="120.3259020">
    <ele>18.4</ele>
    <time>2026-09-22T08:18:06Z</time>
   </trkpt>
   <trkpt lat="22.7411180" lon="120.3259020">
    <ele>18.4</ele>
    <time>2026-09-22T08:18:07Z</time>
   </trkpt>
   <trkpt lat="22.7411170" lon="120.3259010">
    <ele>18.4</ele>
    <time>2026-09-22T08:18:08Z</time>
   </trkpt>
   <trkpt lat="22.7411170" lon="120.3259000">
    <ele>18.4</ele>
    <time>2026-09-22T08:18:09Z</time>
   </trkpt>
   <trkpt lat="22.7411190" lon="120.3259030">
    <ele>18.4</ele>
    <time>2026-09-22T08:18:10Z</time>
   </trkpt>
   <trkpt lat="22.7411210" lon="120.3259020">
    <ele>18.4</ele>
    <time>2026-09-22T08:18:12Z</time>
   </trkpt>
   <trkpt lat="22.7411240" lon="120.3258980">
    <ele>18.4</ele>
    <time>2026-09-22T08:18:13Z</time>
   </trkpt>
   <trkpt lat="22.7411280" lon="120.3258980">
    <ele>18.4</ele>
    <time>2026-09-22T08:18:14Z</time>
   </trkpt>
   <trkpt lat="22.7411420" lon="120.3258850">
    <ele>18.4</ele>
    <time>2026-09-22T08:18:15Z</time>
   </trkpt>
   <trkpt lat="22.7411510" lon="120.3258740">
    <ele>18.4</ele>
    <time>2026-09-22T08:18:16Z</time>
   </trkpt>
   <trkpt lat="22.7411520" lon="120.3258680">
    <ele>18.4</ele>
    <time>2026-09-22T08:18:17Z</time>
   </trkpt>
   <trkpt lat="22.7411530" lon="120.3258620">
    <ele>18.4</ele>
    <time>2026-09-22T08:18:18Z</time>
   </trkpt>
   <trkpt lat="22.7411520" lon="120.3258610">
    <ele>18.4</ele>
    <time>2026-09-22T08:18:19Z</time>
   </trkpt>
   <trkpt lat="22.7411510" lon="120.3258620">
    <ele>18.4</ele>
    <time>2026-09-22T08:18:20Z</time>
   </trkpt>
   <trkpt lat="22.7411480" lon="120.3258630">
    <ele>18.4</ele>
    <time>2026-09-22T08:18:21Z</time>
   </trkpt>
   <trkpt lat="22.7411470" lon="120.3258630">
    <ele>18.4</ele>
    <time>2026-09-22T08:18:22Z</time>
   </trkpt>
   <trkpt lat="22.7411470" lon="120.3258620">
    <ele>18.4</ele>
    <time>2026-09-22T08:18:23Z</time>
   </trkpt>
   <trkpt lat="22.7411410" lon="120.3258640">
    <ele>18.4</ele>
    <time>2026-09-22T08:18:24Z</time>
   </trkpt>
   <trkpt lat="22.7411400" lon="120.3258640">
    <ele>18.4</ele>
    <time>2026-09-22T08:18:25Z</time>
   </trkpt>
   <trkpt lat="22.7411400" lon="120.3258640">
    <ele>18.4</ele>
    <time>2026-09-22T08:18:26Z</time>
   </trkpt>
   <trkpt lat="22.7411400" lon="120.3258640">
    <ele>18.4</ele>
    <time>2026-09-22T08:18:27Z</time>
   </trkpt>
   <trkpt lat="22.7411390" lon="120.3258650">
    <ele>18.4</ele>
    <time>2026-09-22T08:18:28Z</time>
   </trkpt>
   <trkpt lat="22.7411390" lon="120.3258680">
    <ele>18.4</ele>
    <time>2026-09-22T08:18:29Z</time>
   </trkpt>
   <trkpt lat="22.7411350" lon="120.3258740">
    <ele>18.4</ele>
    <time>2026-09-22T08:18:30Z</time>
   </trkpt>
   <trkpt lat="22.7411330" lon="120.3258780">
    <ele>18.4</ele>
    <time>2026-09-22T08:18:31Z</time>
   </trkpt>
   <trkpt lat="22.7411320" lon="120.3258800">
    <ele>18.4</ele>
    <time>2026-09-22T08:18:32Z</time>
   </trkpt>
   <trkpt lat="22.7411320" lon="120.3258810">
    <ele>18.4</ele>
    <time>2026-09-22T08:18:33Z</time>
   </trkpt>
   <trkpt lat="22.7411310" lon="120.3258820">
    <ele>18.4</ele>
    <time>2026-09-22T08:18:35Z</time>
   </trkpt>
   <trkpt lat="22.7411310" lon="120.3258830">
    <ele>18.4</ele>
    <time>2026-09-22T08:18:36Z</time>
   </trkpt>
   <trkpt lat="22.7411260" lon="120.3258840">
    <ele>18.4</ele>
    <time>2026-09-22T08:18:38Z</time>
   </trkpt>
   <trkpt lat="22.7411280" lon="120.3258810">
    <ele>18.4</ele>
    <time>2026-09-22T08:18:39Z</time>
   </trkpt>
   <trkpt lat="22.7411290" lon="120.3258810">
    <ele>18.4</ele>
    <time>2026-09-22T08:18:40Z</time>
   </trkpt>
   <trkpt lat="22.7411300" lon="120.3258810">
    <ele>18.4</ele>
    <time>2026-09-22T08:18:42Z</time>
   </trkpt>
   <trkpt lat="22.7411280" lon="120.3258800">
    <ele>18.4</ele>
    <time>2026-09-22T08:18:43Z</time>
   </trkpt>
   <trkpt lat="22.7411280" lon="120.3258790">
    <ele>18.4</ele>
    <time>2026-09-22T08:18:44Z</time>
   </trkpt>
   <trkpt lat="22.7411280" lon="120.3258780">
    <ele>18.4</ele>
    <time>2026-09-22T08:18:45Z</time>
   </trkpt>
   <trkpt lat="22.7411270" lon="120.3258800">
    <ele>18.4</ele>
    <time>2026-09-22T08:18:46Z</time>
   </trkpt>
   <trkpt lat="22.7411280" lon="120.3258790">
    <ele>18.4</ele>
    <time>2026-09-22T08:18:47Z</time>
   </trkpt>
   <trkpt lat="22.7411280" lon="120.3258810">
    <ele>18.4</ele>
    <time>2026-09-22T08:18:48Z</time>
   </trkpt>
   <trkpt lat="22.7411280" lon="120.3258820">
    <ele>18.4</ele>
    <time>2026-09-22T08:18:49Z</time>
   </trkpt>
   <trkpt lat="22.7411240" lon="120.3258790">
    <ele>18.4</ele>
    <time>2026-09-22T08:18:50Z</time>
   </trkpt>
   <trkpt lat="22.7411220" lon="120.3258820">
    <ele>18.4</ele>
    <time>2026-09-22T08:18:51Z</time>
   </trkpt>
   <trkpt lat="22.7411210" lon="120.3258840">
    <ele>18.4</ele>
    <time>2026-09-22T08:18:52Z</time>
   </trkpt>
   <trkpt lat="22.7411210" lon="120.3258850">
    <ele>18.4</ele>
    <time>2026-09-22T08:18:54Z</time>
   </trkpt>
   <trkpt lat="22.7411220" lon="120.3258850">
    <ele>18.4</ele>
    <time>2026-09-22T08:18:55Z</time>
   </trkpt>
   <trkpt lat="22.7411220" lon="120.3258860">
    <ele>18.4</ele>
    <time>2026-09-22T08:18:56Z</time>
   </trkpt>
   <trkpt lat="22.7411160" lon="120.3258870">
    <ele>18.4</ele>
    <time>2026-09-22T08:18:57Z</time>
   </trkpt>
   <trkpt lat="22.7411140" lon="120.3258880">
    <ele>18.4</ele>
    <time>2026-09-22T08:18:58Z</time>
   </trkpt>
   <trkpt lat="22.7411130" lon="120.3258890">
    <ele>18.4</ele>
    <time>2026-09-22T08:18:59Z</time>
   </trkpt>
   <trkpt lat="22.7411130" lon="120.3258890">
    <ele>18.4</ele>
    <time>2026-09-22T08:19:00Z</time>
   </trkpt>
   <trkpt lat="22.7411130" lon="120.3258890">
    <ele>18.4</ele>
    <time>2026-09-22T08:19:01Z</time>
   </trkpt>
   <trkpt lat="22.7411150" lon="120.3258900">
    <ele>18.4</ele>
    <time>2026-09-22T08:19:02Z</time>
   </trkpt>
   <trkpt lat="22.7411100" lon="120.3258900">
    <ele>18.4</ele>
    <time>2026-09-22T08:19:03Z</time>
   </trkpt>
   <trkpt lat="22.7411040" lon="120.3258900">
    <ele>18.4</ele>
    <time>2026-09-22T08:19:04Z</time>
   </trkpt>
   <trkpt lat="22.7411060" lon="120.3258910">
    <ele>18.4</ele>
    <time>2026-09-22T08:19:05Z</time>
   </trkpt>
   <trkpt lat="22.7411210" lon="120.3258920">
    <ele>18.4</ele>
    <time>2026-09-22T08:19:07Z</time>
   </trkpt>
   <trkpt lat="22.7411250" lon="120.3258920">
    <ele>18.4</ele>
    <time>2026-09-22T08:19:08Z</time>
   </trkpt>
   <trkpt lat="22.7411290" lon="120.3258900">
    <ele>18.4</ele>
    <time>2026-09-22T08:19:09Z</time>
   </trkpt>
   <trkpt lat="22.7411310" lon="120.3258870">
    <ele>18.4</ele>
    <time>2026-09-22T08:19:10Z</time>
   </trkpt>
   <trkpt lat="22.7411340" lon="120.3258860">
    <ele>18.4</ele>
    <time>2026-09-22T08:19:11Z</time>
   </trkpt>
   <trkpt lat="22.7411370" lon="120.3258830">
    <ele>18.4</ele>
    <time>2026-09-22T08:19:12Z</time>
   </trkpt>
   <trkpt lat="22.7411330" lon="120.3258830">
    <ele>18.4</ele>
    <time>2026-09-22T08:19:13Z</time>
   </trkpt>
   <trkpt lat="22.7411330" lon="120.3258790">
    <ele>18.4</ele>
    <time>2026-09-22T08:19:14Z</time>
   </trkpt>
   <trkpt lat="22.7411330" lon="120.3258760">
    <ele>18.4</ele>
    <time>2026-09-22T08:19:15Z</time>
   </trkpt>
   <trkpt lat="22.7411330" lon="120.3258740">
    <ele>18.4</ele>
    <time>2026-09-22T08:19:16Z</time>
   </trkpt>
   <trkpt lat="22.7411310" lon="120.3258720">
    <ele>18.4</ele>
    <time>2026-09-22T08:19:17Z</time>
   </trkpt>
   <trkpt lat="22.7411290" lon="120.3258700">
    <ele>18.4</ele>
    <time>2026-09-22T08:19:18Z</time>
   </trkpt>
   <trkpt lat="22.7411220" lon="120.3258620">
    <ele>18.4</ele>
    <time>2026-09-22T08:19:19Z</time>
   </trkpt>
   <trkpt lat="22.7411130" lon="120.3258580">
    <ele>18.4</ele>
    <time>2026-09-22T08:19:20Z</time>
   </trkpt>
   <trkpt lat="22.7411100" lon="120.3258460">
    <ele>18.4</ele>
    <time>2026-09-22T08:19:21Z</time>
   </trkpt>
   <trkpt lat="22.7411160" lon="120.3258340">
    <ele>18.4</ele>
    <time>2026-09-22T08:19:22Z</time>
   </trkpt>
   <trkpt lat="22.7411210" lon="120.3258270">
    <ele>18.4</ele>
    <time>2026-09-22T08:19:23Z</time>
   </trkpt>
   <trkpt lat="22.7411190" lon="120.3258210">
    <ele>18.4</ele>
    <time>2026-09-22T08:19:24Z</time>
   </trkpt>
   <trkpt lat="22.7411140" lon="120.3258190">
    <ele>18.4</ele>
    <time>2026-09-22T08:19:25Z</time>
   </trkpt>
   <trkpt lat="22.7411120" lon="120.3258150">
    <ele>18.4</ele>
    <time>2026-09-22T08:19:26Z</time>
   </trkpt>
   <trkpt lat="22.7410990" lon="120.3258140">
    <ele>18.3</ele>
    <time>2026-09-22T08:19:27Z</time>
   </trkpt>
   <trkpt lat="22.7410920" lon="120.3258090">
    <ele>18.3</ele>
    <time>2026-09-22T08:19:28Z</time>
   </trkpt>
   <trkpt lat="22.7410920" lon="120.3258020">
    <ele>18.3</ele>
    <time>2026-09-22T08:19:29Z</time>
   </trkpt>
   <trkpt lat="22.7410950" lon="120.3258010">
    <ele>18.3</ele>
    <time>2026-09-22T08:19:30Z</time>
   </trkpt>
   <trkpt lat="22.7410960" lon="120.3258040">
    <ele>18.3</ele>
    <time>2026-09-22T08:19:31Z</time>
   </trkpt>
   <trkpt lat="22.7410970" lon="120.3258070">
    <ele>18.3</ele>
    <time>2026-09-22T08:19:32Z</time>
   </trkpt>
   <trkpt lat="22.7410910" lon="120.3258140">
    <ele>18.3</ele>
    <time>2026-09-22T08:19:33Z</time>
   </trkpt>
   <trkpt lat="22.7410870" lon="120.3258170">
    <ele>18.3</ele>
    <time>2026-09-22T08:19:34Z</time>
   </trkpt>
   <trkpt lat="22.7410800" lon="120.3258150">
    <ele>18.3</ele>
    <time>2026-09-22T08:19:35Z</time>
   </trkpt>
   <trkpt lat="22.7410690" lon="120.3258040">
    <ele>18.3</ele>
    <time>2026-09-22T08:19:36Z</time>
   </trkpt>
   <trkpt lat="22.7410640" lon="120.3257940">
    <ele>18.3</ele>
    <time>2026-09-22T08:19:37Z</time>
   </trkpt>
   <trkpt lat="22.7410650" lon="120.3257860">
    <ele>18.3</ele>
    <time>2026-09-22T08:19:38Z</time>
   </trkpt>
   <trkpt lat="22.7410620" lon="120.3257800">
    <ele>18.3</ele>
    <time>2026-09-22T08:19:39Z</time>
   </trkpt>
   <trkpt lat="22.7410480" lon="120.3257810">
    <ele>18.3</ele>
    <time>2026-09-22T08:19:40Z</time>
   </trkpt>
   <trkpt lat="22.7410390" lon="120.3257790">
    <ele>18.3</ele>
    <time>2026-09-22T08:19:41Z</time>
   </trkpt>
   <trkpt lat="22.7410290" lon="120.3257740">
    <ele>18.3</ele>
    <time>2026-09-22T08:19:42Z</time>
   </trkpt>
   <trkpt lat="22.7410210" lon="120.3257690">
    <ele>18.3</ele>
    <time>2026-09-22T08:19:43Z</time>
   </trkpt>
   <trkpt lat="22.7410200" lon="120.3257610">
    <ele>18.3</ele>
    <time>2026-09-22T08:19:44Z</time>
   </trkpt>
   <trkpt lat="22.7410210" lon="120.3257580">
    <ele>18.3</ele>
    <time>2026-09-22T08:19:45Z</time>
   </trkpt>
   <trkpt lat="22.7410210" lon="120.3257600">
    <ele>18.3</ele>
    <time>2026-09-22T08:19:46Z</time>
   </trkpt>
   <trkpt lat="22.7410220" lon="120.3257590">
    <ele>18.3</ele>
    <time>2026-09-22T08:19:47Z</time>
   </trkpt>
   <trkpt lat="22.7410140" lon="120.3257570">
    <ele>18.3</ele>
    <time>2026-09-22T08:19:48Z</time>
   </trkpt>
   <trkpt lat="22.7410000" lon="120.3257610">
    <ele>18.3</ele>
    <time>2026-09-22T08:19:49Z</time>
   </trkpt>
   <trkpt lat="22.7409860" lon="120.3257650">
    <ele>18.3</ele>
    <time>2026-09-22T08:19:50Z</time>
   </trkpt>
   <trkpt lat="22.7409760" lon="120.3257630">
    <ele>18.3</ele>
    <time>2026-09-22T08:19:51Z</time>
   </trkpt>
   <trkpt lat="22.7409740" lon="120.3257510">
    <ele>18.3</ele>
    <time>2026-09-22T08:19:52Z</time>
   </trkpt>
   <trkpt lat="22.7409740" lon="120.3257430">
    <ele>18.3</ele>
    <time>2026-09-22T08:19:53Z</time>
   </trkpt>
   <trkpt lat="22.7409810" lon="120.3257410">
    <ele>18.3</ele>
    <time>2026-09-22T08:19:55Z</time>
   </trkpt>
   <trkpt lat="22.7409840" lon="120.3257430">
    <ele>18.3</ele>
    <time>2026-09-22T08:19:56Z</time>
   </trkpt>
   <trkpt lat="22.7409840" lon="120.3257440">
    <ele>18.3</ele>
    <time>2026-09-22T08:19:57Z</time>
   </trkpt>
   <trkpt lat="22.7409800" lon="120.3257420">
    <ele>18.3</ele>
    <time>2026-09-22T08:19:58Z</time>
   </trkpt>
   <trkpt lat="22.7409790" lon="120.3257320">
    <ele>18.3</ele>
    <time>2026-09-22T08:20:00Z</time>
   </trkpt>
   <trkpt lat="22.7409780" lon="120.3257180">
    <ele>18.3</ele>
    <time>2026-09-22T08:20:01Z</time>
   </trkpt>
   <trkpt lat="22.7409790" lon="120.3257030">
    <ele>18.3</ele>
    <time>2026-09-22T08:20:03Z</time>
   </trkpt>
   <trkpt lat="22.7409720" lon="120.3256810">
    <ele>18.3</ele>
    <time>2026-09-22T08:20:04Z</time>
   </trkpt>
   <trkpt lat="22.7409610" lon="120.3256620">
    <ele>18.3</ele>
    <time>2026-09-22T08:20:05Z</time>
   </trkpt>
   <trkpt lat="22.7409650" lon="120.3256580">
    <ele>18.3</ele>
    <time>2026-09-22T08:20:06Z</time>
   </trkpt>
   <trkpt lat="22.7409710" lon="120.3256600">
    <ele>18.3</ele>
    <time>2026-09-22T08:20:07Z</time>
   </trkpt>
   <trkpt lat="22.7409730" lon="120.3256620">
    <ele>18.3</ele>
    <time>2026-09-22T08:20:08Z</time>
   </trkpt>
   <trkpt lat="22.7409740" lon="120.3256640">
    <ele>18.3</ele>
    <time>2026-09-22T08:20:09Z</time>
   </trkpt>
   <trkpt lat="22.7409730" lon="120.3256650">
    <ele>18.2</ele>
    <time>2026-09-22T08:20:10Z</time>
   </trkpt>
   <trkpt lat="22.7409680" lon="120.3256640">
    <ele>18.2</ele>
    <time>2026-09-22T08:20:11Z</time>
   </trkpt>
   <trkpt lat="22.7409620" lon="120.3256620">
    <ele>18.2</ele>
    <time>2026-09-22T08:20:12Z</time>
   </trkpt>
   <trkpt lat="22.7409560" lon="120.3256560">
    <ele>18.2</ele>
    <time>2026-09-22T08:20:13Z</time>
   </trkpt>
   <trkpt lat="22.7409500" lon="120.3256460">
    <ele>18.2</ele>
    <time>2026-09-22T08:20:14Z</time>
   </trkpt>
   <trkpt lat="22.7409440" lon="120.3256360">
    <ele>18.2</ele>
    <time>2026-09-22T08:20:15Z</time>
   </trkpt>
   <trkpt lat="22.7409410" lon="120.3256340">
    <ele>18.2</ele>
    <time>2026-09-22T08:20:16Z</time>
   </trkpt>
   <trkpt lat="22.7409440" lon="120.3256330">
    <ele>18.2</ele>
    <time>2026-09-22T08:20:17Z</time>
   </trkpt>
   <trkpt lat="22.7409360" lon="120.3256290">
    <ele>18.2</ele>
    <time>2026-09-22T08:20:18Z</time>
   </trkpt>
   <trkpt lat="22.7409250" lon="120.3256260">
    <ele>18.2</ele>
    <time>2026-09-22T08:20:19Z</time>
   </trkpt>
   <trkpt lat="22.7409150" lon="120.3256230">
    <ele>18.2</ele>
    <time>2026-09-22T08:20:20Z</time>
   </trkpt>
   <trkpt lat="22.7409040" lon="120.3256170">
    <ele>18.2</ele>
    <time>2026-09-22T08:20:21Z</time>
   </trkpt>
   <trkpt lat="22.7408940" lon="120.3256100">
    <ele>18.2</ele>
    <time>2026-09-22T08:20:22Z</time>
   </trkpt>
   <trkpt lat="22.7408940" lon="120.3256020">
    <ele>18.2</ele>
    <time>2026-09-22T08:20:23Z</time>
   </trkpt>
   <trkpt lat="22.7408950" lon="120.3256010">
    <ele>18.2</ele>
    <time>2026-09-22T08:20:24Z</time>
   </trkpt>
   <trkpt lat="22.7408950" lon="120.3255970">
    <ele>18.2</ele>
    <time>2026-09-22T08:20:25Z</time>
   </trkpt>
   <trkpt lat="22.7408850" lon="120.3255940">
    <ele>18.2</ele>
    <time>2026-09-22T08:20:26Z</time>
   </trkpt>
   <trkpt lat="22.7408720" lon="120.3255950">
    <ele>18.2</ele>
    <time>2026-09-22T08:20:27Z</time>
   </trkpt>
   <trkpt lat="22.7408610" lon="120.3255930">
    <ele>18.2</ele>
    <time>2026-09-22T08:20:28Z</time>
   </trkpt>
   <trkpt lat="22.7408530" lon="120.3255850">
    <ele>18.2</ele>
    <time>2026-09-22T08:20:29Z</time>
   </trkpt>
   <trkpt lat="22.7408500" lon="120.3255740">
    <ele>18.2</ele>
    <time>2026-09-22T08:20:30Z</time>
   </trkpt>
   <trkpt lat="22.7408550" lon="120.3255690">
    <ele>18.2</ele>
    <time>2026-09-22T08:20:31Z</time>
   </trkpt>
   <trkpt lat="22.7408590" lon="120.3255640">
    <ele>18.2</ele>
    <time>2026-09-22T08:20:32Z</time>
   </trkpt>
   <trkpt lat="22.7408500" lon="120.3255640">
    <ele>18.2</ele>
    <time>2026-09-22T08:20:33Z</time>
   </trkpt>
   <trkpt lat="22.7408380" lon="120.3255670">
    <ele>18.2</ele>
    <time>2026-09-22T08:20:34Z</time>
   </trkpt>
   <trkpt lat="22.7408290" lon="120.3255640">
    <ele>18.2</ele>
    <time>2026-09-22T08:20:35Z</time>
   </trkpt>
   <trkpt lat="22.7408230" lon="120.3255570">
    <ele>18.2</ele>
    <time>2026-09-22T08:20:36Z</time>
   </trkpt>
   <trkpt lat="22.7408160" lon="120.3255450">
    <ele>18.2</ele>
    <time>2026-09-22T08:20:37Z</time>
   </trkpt>
   <trkpt lat="22.7408180" lon="120.3255370">
    <ele>18.2</ele>
    <time>2026-09-22T08:20:38Z</time>
   </trkpt>
   <trkpt lat="22.7408160" lon="120.3255320">
    <ele>18.2</ele>
    <time>2026-09-22T08:20:39Z</time>
   </trkpt>
   <trkpt lat="22.7408080" lon="120.3255340">
    <ele>18.2</ele>
    <time>2026-09-22T08:20:40Z</time>
   </trkpt>
   <trkpt lat="22.7407980" lon="120.3255350">
    <ele>18.2</ele>
    <time>2026-09-22T08:20:41Z</time>
   </trkpt>
   <trkpt lat="22.7407890" lon="120.3255310">
    <ele>18.2</ele>
    <time>2026-09-22T08:20:42Z</time>
   </trkpt>
   <trkpt lat="22.7407850" lon="120.3255240">
    <ele>18.2</ele>
    <time>2026-09-22T08:20:43Z</time>
   </trkpt>
   <trkpt lat="22.7407810" lon="120.3255130">
    <ele>18.2</ele>
    <time>2026-09-22T08:20:44Z</time>
   </trkpt>
   <trkpt lat="22.7407880" lon="120.3255070">
    <ele>18.2</ele>
    <time>2026-09-22T08:20:45Z</time>
   </trkpt>
   <trkpt lat="22.7407930" lon="120.3255010">
    <ele>18.2</ele>
    <time>2026-09-22T08:20:46Z</time>
   </trkpt>
   <trkpt lat="22.7407860" lon="120.3254950">
    <ele>18.2</ele>
    <time>2026-09-22T08:20:47Z</time>
   </trkpt>
   <trkpt lat="22.7407760" lon="120.3254930">
    <ele>18.2</ele>
    <time>2026-09-22T08:20:48Z</time>
   </trkpt>
   <trkpt lat="22.7407680" lon="120.3254890">
    <ele>18.2</ele>
    <time>2026-09-22T08:20:49Z</time>
   </trkpt>
   <trkpt lat="22.7407570" lon="120.3254830">
    <ele>18.2</ele>
    <time>2026-09-22T08:20:50Z</time>
   </trkpt>
   <trkpt lat="22.7407480" lon="120.3254780">
    <ele>18.2</ele>
    <time>2026-09-22T08:20:51Z</time>
   </trkpt>
   <trkpt lat="22.7407410" lon="120.3254670">
    <ele>18.2</ele>
    <time>2026-09-22T08:20:52Z</time>
   </trkpt>
   <trkpt lat="22.7407380" lon="120.3254560">
    <ele>18.2</ele>
    <time>2026-09-22T08:20:53Z</time>
   </trkpt>
   <trkpt lat="22.7407390" lon="120.3254440">
    <ele>18.2</ele>
    <time>2026-09-22T08:20:54Z</time>
   </trkpt>
   <trkpt lat="22.7407430" lon="120.3254360">
    <ele>18.2</ele>
    <time>2026-09-22T08:20:55Z</time>
   </trkpt>
   <trkpt lat="22.7407520" lon="120.3254330">
    <ele>18.2</ele>
    <time>2026-09-22T08:20:56Z</time>
   </trkpt>
   <trkpt lat="22.7407610" lon="120.3254370">
    <ele>18.1</ele>
    <time>2026-09-22T08:20:57Z</time>
   </trkpt>
   <trkpt lat="22.7407640" lon="120.3254400">
    <ele>18.1</ele>
    <time>2026-09-22T08:20:58Z</time>
   </trkpt>
   <trkpt lat="22.7407650" lon="120.3254390">
    <ele>18.1</ele>
    <time>2026-09-22T08:20:59Z</time>
   </trkpt>
   <trkpt lat="22.7407660" lon="120.3254370">
    <ele>18.1</ele>
    <time>2026-09-22T08:21:00Z</time>
   </trkpt>
   <trkpt lat="22.7407670" lon="120.3254360">
    <ele>18.1</ele>
    <time>2026-09-22T08:21:01Z</time>
   </trkpt>
   <trkpt lat="22.7407660" lon="120.3254360">
    <ele>18.1</ele>
    <time>2026-09-22T08:21:03Z</time>
   </trkpt>
   <trkpt lat="22.7407660" lon="120.3254370">
    <ele>18.1</ele>
    <time>2026-09-22T08:21:04Z</time>
   </trkpt>
   <trkpt lat="22.7407680" lon="120.3254340">
    <ele>18.1</ele>
    <time>2026-09-22T08:21:05Z</time>
   </trkpt>
   <trkpt lat="22.7407660" lon="120.3254330">
    <ele>18.1</ele>
    <time>2026-09-22T08:21:06Z</time>
   </trkpt>
   <trkpt lat="22.7407600" lon="120.3254290">
    <ele>18.1</ele>
    <time>2026-09-22T08:21:07Z</time>
   </trkpt>
   <trkpt lat="22.7407610" lon="120.3254210">
    <ele>18.1</ele>
    <time>2026-09-22T08:21:08Z</time>
   </trkpt>
   <trkpt lat="22.7407640" lon="120.3254140">
    <ele>18.1</ele>
    <time>2026-09-22T08:21:09Z</time>
   </trkpt>
   <trkpt lat="22.7407670" lon="120.3254040">
    <ele>18.1</ele>
    <time>2026-09-22T08:21:10Z</time>
   </trkpt>
   <trkpt lat="22.7407690" lon="120.3254000">
    <ele>18.1</ele>
    <time>2026-09-22T08:21:11Z</time>
   </trkpt>
   <trkpt lat="22.7407680" lon="120.3253960">
    <ele>18.1</ele>
    <time>2026-09-22T08:21:12Z</time>
   </trkpt>
   <trkpt lat="22.7407650" lon="120.3253920">
    <ele>18.1</ele>
    <time>2026-09-22T08:21:13Z</time>
   </trkpt>
   <trkpt lat="22.7407600" lon="120.3253860">
    <ele>18.1</ele>
    <time>2026-09-22T08:21:15Z</time>
   </trkpt>
   <trkpt lat="22.7407570" lon="120.3253890">
    <ele>18.1</ele>
    <time>2026-09-22T08:21:16Z</time>
   </trkpt>
   <trkpt lat="22.7407520" lon="120.3253860">
    <ele>18.1</ele>
    <time>2026-09-22T08:21:17Z</time>
   </trkpt>
   <trkpt lat="22.7407460" lon="120.3253830">
    <ele>18.1</ele>
    <time>2026-09-22T08:21:18Z</time>
   </trkpt>
   <trkpt lat="22.7407400" lon="120.3253790">
    <ele>18.2</ele>
    <time>2026-09-22T08:21:19Z</time>
   </trkpt>
   <trkpt lat="22.7407290" lon="120.3253700">
    <ele>18.2</ele>
    <time>2026-09-22T08:21:20Z</time>
   </trkpt>
   <trkpt lat="22.7407160" lon="120.3253670">
    <ele>18.2</ele>
    <time>2026-09-22T08:21:21Z</time>
   </trkpt>
   <trkpt lat="22.7407130" lon="120.3253630">
    <ele>18.2</ele>
    <time>2026-09-22T08:21:22Z</time>
   </trkpt>
   <trkpt lat="22.7407160" lon="120.3253630">
    <ele>18.2</ele>
    <time>2026-09-22T08:21:23Z</time>
   </trkpt>
   <trkpt lat="22.7407210" lon="120.3253640">
    <ele>18.2</ele>
    <time>2026-09-22T08:21:24Z</time>
   </trkpt>
   <trkpt lat="22.7407260" lon="120.3253660">
    <ele>18.2</ele>
    <time>2026-09-22T08:21:25Z</time>
   </trkpt>
   <trkpt lat="22.7407300" lon="120.3253620">
    <ele>18.2</ele>
    <time>2026-09-22T08:21:26Z</time>
   </trkpt>
   <trkpt lat="22.7407130" lon="120.3253570">
    <ele>18.2</ele>
    <time>2026-09-22T08:21:27Z</time>
   </trkpt>
   <trkpt lat="22.7406990" lon="120.3253600">
    <ele>18.2</ele>
    <time>2026-09-22T08:21:28Z</time>
   </trkpt>
   <trkpt lat="22.7406870" lon="120.3253600">
    <ele>18.2</ele>
    <time>2026-09-22T08:21:29Z</time>
   </trkpt>
   <trkpt lat="22.7406770" lon="120.3253580">
    <ele>18.2</ele>
    <time>2026-09-22T08:21:30Z</time>
   </trkpt>
   <trkpt lat="22.7406710" lon="120.3253510">
    <ele>18.2</ele>
    <time>2026-09-22T08:21:31Z</time>
   </trkpt>
   <trkpt lat="22.7406740" lon="120.3253450">
    <ele>18.2</ele>
    <time>2026-09-22T08:21:32Z</time>
   </trkpt>
   <trkpt lat="22.7406780" lon="120.3253380">
    <ele>18.2</ele>
    <time>2026-09-22T08:21:33Z</time>
   </trkpt>
   <trkpt lat="22.7406710" lon="120.3253350">
    <ele>18.3</ele>
    <time>2026-09-22T08:21:34Z</time>
   </trkpt>
   <trkpt lat="22.7406600" lon="120.3253330">
    <ele>18.3</ele>
    <time>2026-09-22T08:21:35Z</time>
   </trkpt>
   <trkpt lat="22.7406500" lon="120.3253270">
    <ele>18.3</ele>
    <time>2026-09-22T08:21:36Z</time>
   </trkpt>
   <trkpt lat="22.7406430" lon="120.3253200">
    <ele>18.3</ele>
    <time>2026-09-22T08:21:37Z</time>
   </trkpt>
   <trkpt lat="22.7406370" lon="120.3253180">
    <ele>18.3</ele>
    <time>2026-09-22T08:21:38Z</time>
   </trkpt>
   <trkpt lat="22.7406420" lon="120.3253210">
    <ele>18.3</ele>
    <time>2026-09-22T08:21:40Z</time>
   </trkpt>
   <trkpt lat="22.7406450" lon="120.3253220">
    <ele>18.3</ele>
    <time>2026-09-22T08:21:41Z</time>
   </trkpt>
   <trkpt lat="22.7406430" lon="120.3253260">
    <ele>18.3</ele>
    <time>2026-09-22T08:21:42Z</time>
   </trkpt>
   <trkpt lat="22.7406350" lon="120.3253310">
    <ele>18.3</ele>
    <time>2026-09-22T08:21:43Z</time>
   </trkpt>
   <trkpt lat="22.7406330" lon="120.3253350">
    <ele>18.3</ele>
    <time>2026-09-22T08:21:44Z</time>
   </trkpt>
   <trkpt lat="22.7406310" lon="120.3253380">
    <ele>18.3</ele>
    <time>2026-09-22T08:21:45Z</time>
   </trkpt>
   <trkpt lat="22.7406300" lon="120.3253390">
    <ele>18.3</ele>
    <time>2026-09-22T08:21:46Z</time>
   </trkpt>
   <trkpt lat="22.7406290" lon="120.3253430">
    <ele>18.3</ele>
    <time>2026-09-22T08:21:47Z</time>
   </trkpt>
   <trkpt lat="22.7406290" lon="120.3253440">
    <ele>18.3</ele>
    <time>2026-09-22T08:21:48Z</time>
   </trkpt>
   <trkpt lat="22.7406310" lon="120.3253450">
    <ele>18.3</ele>
    <time>2026-09-22T08:21:49Z</time>
   </trkpt>
   <trkpt lat="22.7406320" lon="120.3253450">
    <ele>18.3</ele>
    <time>2026-09-22T08:21:50Z</time>
   </trkpt>
   <trkpt lat="22.7406330" lon="120.3253460">
    <ele>18.3</ele>
    <time>2026-09-22T08:21:51Z</time>
   </trkpt>
   <trkpt lat="22.7406330" lon="120.3253460">
    <ele>18.3</ele>
    <time>2026-09-22T08:21:52Z</time>
   </trkpt>
   <trkpt lat="22.7406330" lon="120.3253460">
    <ele>18.3</ele>
    <time>2026-09-22T08:21:53Z</time>
   </trkpt>
   <trkpt lat="22.7406290" lon="120.3253480">
    <ele>18.3</ele>
    <time>2026-09-22T08:21:54Z</time>
   </trkpt>
   <trkpt lat="22.7406220" lon="120.3253510">
    <ele>18.3</ele>
    <time>2026-09-22T08:21:55Z</time>
   </trkpt>
   <trkpt lat="22.7406130" lon="120.3253460">
    <ele>18.3</ele>
    <time>2026-09-22T08:21:56Z</time>
   </trkpt>
   <trkpt lat="22.7406060" lon="120.3253350">
    <ele>18.3</ele>
    <time>2026-09-22T08:21:57Z</time>
   </trkpt>
   <trkpt lat="22.7405970" lon="120.3253270">
    <ele>18.3</ele>
    <time>2026-09-22T08:21:58Z</time>
   </trkpt>
   <trkpt lat="22.7405940" lon="120.3253080">
    <ele>18.3</ele>
    <time>2026-09-22T08:21:59Z</time>
   </trkpt>
   <trkpt lat="22.7405950" lon="120.3252920">
    <ele>18.4</ele>
    <time>2026-09-22T08:22:00Z</time>
   </trkpt>
   <trkpt lat="22.7405970" lon="120.3252810">
    <ele>18.4</ele>
    <time>2026-09-22T08:22:01Z</time>
   </trkpt>
   <trkpt lat="22.7406030" lon="120.3252790">
    <ele>18.4</ele>
    <time>2026-09-22T08:22:02Z</time>
   </trkpt>
   <trkpt lat="22.7406060" lon="120.3252780">
    <ele>18.4</ele>
    <time>2026-09-22T08:22:03Z</time>
   </trkpt>
   <trkpt lat="22.7406080" lon="120.3252790">
    <ele>18.4</ele>
    <time>2026-09-22T08:22:04Z</time>
   </trkpt>
   <trkpt lat="22.7406080" lon="120.3252790">
    <ele>18.4</ele>
    <time>2026-09-22T08:22:05Z</time>
   </trkpt>
   <trkpt lat="22.7406090" lon="120.3252790">
    <ele>18.4</ele>
    <time>2026-09-22T08:22:06Z</time>
   </trkpt>
   <trkpt lat="22.7406090" lon="120.3252780">
    <ele>18.4</ele>
    <time>2026-09-22T08:22:07Z</time>
   </trkpt>
   <trkpt lat="22.7406070" lon="120.3252770">
    <ele>18.4</ele>
    <time>2026-09-22T08:22:08Z</time>
   </trkpt>
   <trkpt lat="22.7406090" lon="120.3252770">
    <ele>18.4</ele>
    <time>2026-09-22T08:22:09Z</time>
   </trkpt>
   <trkpt lat="22.7406100" lon="120.3252760">
    <ele>18.4</ele>
    <time>2026-09-22T08:22:10Z</time>
   </trkpt>
   <trkpt lat="22.7406100" lon="120.3252740">
    <ele>18.4</ele>
    <time>2026-09-22T08:22:11Z</time>
   </trkpt>
   <trkpt lat="22.7406030" lon="120.3252700">
    <ele>18.4</ele>
    <time>2026-09-22T08:22:12Z</time>
   </trkpt>
   <trkpt lat="22.7405940" lon="120.3252640">
    <ele>18.4</ele>
    <time>2026-09-22T08:22:13Z</time>
   </trkpt>
   <trkpt lat="22.7405890" lon="120.3252580">
    <ele>18.4</ele>
    <time>2026-09-22T08:22:14Z</time>
   </trkpt>
   <trkpt lat="22.7405790" lon="120.3252480">
    <ele>18.4</ele>
    <time>2026-09-22T08:22:15Z</time>
   </trkpt>
   <trkpt lat="22.7405800" lon="120.3252410">
    <ele>18.4</ele>
    <time>2026-09-22T08:22:16Z</time>
   </trkpt>
   <trkpt lat="22.7405840" lon="120.3252350">
    <ele>18.4</ele>
    <time>2026-09-22T08:22:17Z</time>
   </trkpt>
   <trkpt lat="22.7405820" lon="120.3252310">
    <ele>18.4</ele>
    <time>2026-09-22T08:22:18Z</time>
   </trkpt>
   <trkpt lat="22.7405710" lon="120.3252330">
    <ele>18.4</ele>
    <time>2026-09-22T08:22:19Z</time>
   </trkpt>
   <trkpt lat="22.7405600" lon="120.3252330">
    <ele>18.4</ele>
    <time>2026-09-22T08:22:20Z</time>
   </trkpt>
   <trkpt lat="22.7405420" lon="120.3252270">
    <ele>18.5</ele>
    <time>2026-09-22T08:22:22Z</time>
   </trkpt>
   <trkpt lat="22.7405420" lon="120.3252170">
    <ele>18.5</ele>
    <time>2026-09-22T08:22:23Z</time>
   </trkpt>
   <trkpt lat="22.7405440" lon="120.3252110">
    <ele>18.5</ele>
    <time>2026-09-22T08:22:24Z</time>
   </trkpt>
   <trkpt lat="22.7405380" lon="120.3252090">
    <ele>18.5</ele>
    <time>2026-09-22T08:22:25Z</time>
   </trkpt>
   <trkpt lat="22.7405310" lon="120.3252090">
    <ele>18.5</ele>
    <time>2026-09-22T08:22:26Z</time>
   </trkpt>
   <trkpt lat="22.7405220" lon="120.3252100">
    <ele>18.5</ele>
    <time>2026-09-22T08:22:27Z</time>
   </trkpt>
   <trkpt lat="22.7405100" lon="120.3252070">
    <ele>18.5</ele>
    <time>2026-09-22T08:22:28Z</time>
   </trkpt>
   <trkpt lat="22.7405070" lon="120.3251970">
    <ele>18.5</ele>
    <time>2026-09-22T08:22:29Z</time>
   </trkpt>
   <trkpt lat="22.7405120" lon="120.3251890">
    <ele>18.5</ele>
    <time>2026-09-22T08:22:30Z</time>
   </trkpt>
   <trkpt lat="22.7405110" lon="120.3251830">
    <ele>18.5</ele>
    <time>2026-09-22T08:22:31Z</time>
   </trkpt>
   <trkpt lat="22.7405000" lon="120.3251830">
    <ele>18.6</ele>
    <time>2026-09-22T08:22:32Z</time>
   </trkpt>
   <trkpt lat="22.7404930" lon="120.3251830">
    <ele>18.6</ele>
    <time>2026-09-22T08:22:33Z</time>
   </trkpt>
   <trkpt lat="22.7404840" lon="120.3251830">
    <ele>18.6</ele>
    <time>2026-09-22T08:22:34Z</time>
   </trkpt>
   <trkpt lat="22.7404790" lon="120.3251810">
    <ele>18.6</ele>
    <time>2026-09-22T08:22:35Z</time>
   </trkpt>
   <trkpt lat="22.7404790" lon="120.3251760">
    <ele>18.6</ele>
    <time>2026-09-22T08:22:36Z</time>
   </trkpt>
   <trkpt lat="22.7404810" lon="120.3251740">
    <ele>18.6</ele>
    <time>2026-09-22T08:22:37Z</time>
   </trkpt>
   <trkpt lat="22.7404820" lon="120.3251680">
    <ele>18.6</ele>
    <time>2026-09-22T08:22:38Z</time>
   </trkpt>
   <trkpt lat="22.7404760" lon="120.3251660">
    <ele>18.6</ele>
    <time>2026-09-22T08:22:39Z</time>
   </trkpt>
   <trkpt lat="22.7404670" lon="120.3251660">
    <ele>18.6</ele>
    <time>2026-09-22T08:22:40Z</time>
   </trkpt>
   <trkpt lat="22.7404560" lon="120.3251640">
    <ele>18.6</ele>
    <time>2026-09-22T08:22:41Z</time>
   </trkpt>
   <trkpt lat="22.7404480" lon="120.3251580">
    <ele>18.6</ele>
    <time>2026-09-22T08:22:42Z</time>
   </trkpt>
   <trkpt lat="22.7404460" lon="120.3251510">
    <ele>18.6</ele>
    <time>2026-09-22T08:22:43Z</time>
   </trkpt>
   <trkpt lat="22.7404500" lon="120.3251440">
    <ele>18.6</ele>
    <time>2026-09-22T08:22:44Z</time>
   </trkpt>
   <trkpt lat="22.7404500" lon="120.3251380">
    <ele>18.6</ele>
    <time>2026-09-22T08:22:45Z</time>
   </trkpt>
   <trkpt lat="22.7404430" lon="120.3251370">
    <ele>18.7</ele>
    <time>2026-09-22T08:22:46Z</time>
   </trkpt>
   <trkpt lat="22.7404350" lon="120.3251390">
    <ele>18.7</ele>
    <time>2026-09-22T08:22:47Z</time>
   </trkpt>
   <trkpt lat="22.7404250" lon="120.3251400">
    <ele>18.7</ele>
    <time>2026-09-22T08:22:48Z</time>
   </trkpt>
   <trkpt lat="22.7404170" lon="120.3251370">
    <ele>18.7</ele>
    <time>2026-09-22T08:22:49Z</time>
   </trkpt>
   <trkpt lat="22.7404170" lon="120.3251280">
    <ele>18.7</ele>
    <time>2026-09-22T08:22:50Z</time>
   </trkpt>
   <trkpt lat="22.7404190" lon="120.3251240">
    <ele>18.7</ele>
    <time>2026-09-22T08:22:51Z</time>
   </trkpt>
   <trkpt lat="22.7404100" lon="120.3251230">
    <ele>18.7</ele>
    <time>2026-09-22T08:22:52Z</time>
   </trkpt>
   <trkpt lat="22.7404030" lon="120.3251270">
    <ele>18.7</ele>
    <time>2026-09-22T08:22:53Z</time>
   </trkpt>
   <trkpt lat="22.7403960" lon="120.3251260">
    <ele>18.7</ele>
    <time>2026-09-22T08:22:54Z</time>
   </trkpt>
   <trkpt lat="22.7403920" lon="120.3251230">
    <ele>18.7</ele>
    <time>2026-09-22T08:22:55Z</time>
   </trkpt>
   <trkpt lat="22.7403860" lon="120.3251170">
    <ele>18.7</ele>
    <time>2026-09-22T08:22:56Z</time>
   </trkpt>
   <trkpt lat="22.7403860" lon="120.3251080">
    <ele>18.7</ele>
    <time>2026-09-22T08:22:57Z</time>
   </trkpt>
   <trkpt lat="22.7403930" lon="120.3250990">
    <ele>18.7</ele>
    <time>2026-09-22T08:22:58Z</time>
   </trkpt>
   <trkpt lat="22.7403950" lon="120.3250930">
    <ele>18.8</ele>
    <time>2026-09-22T08:22:59Z</time>
   </trkpt>
   <trkpt lat="22.7404020" lon="120.3250880">
    <ele>18.8</ele>
    <time>2026-09-22T08:23:00Z</time>
   </trkpt>
   <trkpt lat="22.7404060" lon="120.3250890">
    <ele>18.8</ele>
    <time>2026-09-22T08:23:01Z</time>
   </trkpt>
   <trkpt lat="22.7404080" lon="120.3250860">
    <ele>18.8</ele>
    <time>2026-09-22T08:23:02Z</time>
   </trkpt>
   <trkpt lat="22.7404040" lon="120.3250820">
    <ele>18.8</ele>
    <time>2026-09-22T08:23:03Z</time>
   </trkpt>
   <trkpt lat="22.7403970" lon="120.3250800">
    <ele>18.8</ele>
    <time>2026-09-22T08:23:04Z</time>
   </trkpt>
   <trkpt lat="22.7403880" lon="120.3250770">
    <ele>18.8</ele>
    <time>2026-09-22T08:23:05Z</time>
   </trkpt>
   <trkpt lat="22.7403830" lon="120.3250730">
    <ele>18.8</ele>
    <time>2026-09-22T08:23:06Z</time>
   </trkpt>
   <trkpt lat="22.7403780" lon="120.3250640">
    <ele>18.8</ele>
    <time>2026-09-22T08:23:07Z</time>
   </trkpt>
   <trkpt lat="22.7403800" lon="120.3250590">
    <ele>18.8</ele>
    <time>2026-09-22T08:23:08Z</time>
   </trkpt>
   <trkpt lat="22.7403830" lon="120.3250570">
    <ele>18.8</ele>
    <time>2026-09-22T08:23:09Z</time>
   </trkpt>
   <trkpt lat="22.7403840" lon="120.3250540">
    <ele>18.8</ele>
    <time>2026-09-22T08:23:10Z</time>
   </trkpt>
   <trkpt lat="22.7403800" lon="120.3250520">
    <ele>18.8</ele>
    <time>2026-09-22T08:23:11Z</time>
   </trkpt>
   <trkpt lat="22.7403720" lon="120.3250540">
    <ele>18.8</ele>
    <time>2026-09-22T08:23:12Z</time>
   </trkpt>
   <trkpt lat="22.7403640" lon="120.3250530">
    <ele>18.8</ele>
    <time>2026-09-22T08:23:13Z</time>
   </trkpt>
   <trkpt lat="22.7403550" lon="120.3250480">
    <ele>18.8</ele>
    <time>2026-09-22T08:23:14Z</time>
   </trkpt>
   <trkpt lat="22.7403510" lon="120.3250410">
    <ele>18.8</ele>
    <time>2026-09-22T08:23:15Z</time>
   </trkpt>
   <trkpt lat="22.7403540" lon="120.3250330">
    <ele>18.8</ele>
    <time>2026-09-22T08:23:16Z</time>
   </trkpt>
   <trkpt lat="22.7403600" lon="120.3250240">
    <ele>18.8</ele>
    <time>2026-09-22T08:23:17Z</time>
   </trkpt>
   <trkpt lat="22.7403560" lon="120.3250190">
    <ele>18.8</ele>
    <time>2026-09-22T08:23:18Z</time>
   </trkpt>
   <trkpt lat="22.7403480" lon="120.3250190">
    <ele>18.8</ele>
    <time>2026-09-22T08:23:19Z</time>
   </trkpt>
   <trkpt lat="22.7403390" lon="120.3250170">
    <ele>18.8</ele>
    <time>2026-09-22T08:23:20Z</time>
   </trkpt>
   <trkpt lat="22.7403310" lon="120.3250120">
    <ele>18.8</ele>
    <time>2026-09-22T08:23:21Z</time>
   </trkpt>
   <trkpt lat="22.7403310" lon="120.3250020">
    <ele>18.8</ele>
    <time>2026-09-22T08:23:22Z</time>
   </trkpt>
   <trkpt lat="22.7403380" lon="120.3249930">
    <ele>18.8</ele>
    <time>2026-09-22T08:23:23Z</time>
   </trkpt>
   <trkpt lat="22.7403320" lon="120.3249890">
    <ele>18.8</ele>
    <time>2026-09-22T08:23:24Z</time>
   </trkpt>
   <trkpt lat="22.7403200" lon="120.3249890">
    <ele>18.8</ele>
    <time>2026-09-22T08:23:25Z</time>
   </trkpt>
   <trkpt lat="22.7403070" lon="120.3249860">
    <ele>18.8</ele>
    <time>2026-09-22T08:23:27Z</time>
   </trkpt>
   <trkpt lat="22.7402930" lon="120.3249860">
    <ele>18.8</ele>
    <time>2026-09-22T08:23:28Z</time>
   </trkpt>
   <trkpt lat="22.7402840" lon="120.3249880">
    <ele>18.8</ele>
    <time>2026-09-22T08:23:29Z</time>
   </trkpt>
   <trkpt lat="22.7402750" lon="120.3249850">
    <ele>18.8</ele>
    <time>2026-09-22T08:23:30Z</time>
   </trkpt>
   <trkpt lat="22.7402650" lon="120.3249790">
    <ele>18.8</ele>
    <time>2026-09-22T08:23:31Z</time>
   </trkpt>
   <trkpt lat="22.7402530" lon="120.3249730">
    <ele>18.8</ele>
    <time>2026-09-22T08:23:32Z</time>
   </trkpt>
   <trkpt lat="22.7402420" lon="120.3249690">
    <ele>18.8</ele>
    <time>2026-09-22T08:23:33Z</time>
   </trkpt>
   <trkpt lat="22.7402320" lon="120.3249570">
    <ele>18.8</ele>
    <time>2026-09-22T08:23:34Z</time>
   </trkpt>
   <trkpt lat="22.7402250" lon="120.3249450">
    <ele>18.8</ele>
    <time>2026-09-22T08:23:35Z</time>
   </trkpt>
   <trkpt lat="22.7402170" lon="120.3249330">
    <ele>18.8</ele>
    <time>2026-09-22T08:23:36Z</time>
   </trkpt>
   <trkpt lat="22.7402090" lon="120.3249190">
    <ele>18.9</ele>
    <time>2026-09-22T08:23:37Z</time>
   </trkpt>
   <trkpt lat="22.7402030" lon="120.3249000">
    <ele>18.9</ele>
    <time>2026-09-22T08:23:39Z</time>
   </trkpt>
   <trkpt lat="22.7401970" lon="120.3248810">
    <ele>18.9</ele>
    <time>2026-09-22T08:23:40Z</time>
   </trkpt>
   <trkpt lat="22.7401930" lon="120.3248390">
    <ele>18.9</ele>
    <time>2026-09-22T08:23:41Z</time>
   </trkpt>
   <trkpt lat="22.7401850" lon="120.3248240">
    <ele>18.9</ele>
    <time>2026-09-22T08:23:42Z</time>
   </trkpt>
   <trkpt lat="22.7401780" lon="120.3248160">
    <ele>18.9</ele>
    <time>2026-09-22T08:23:43Z</time>
   </trkpt>
   <trkpt lat="22.7401680" lon="120.3248070">
    <ele>18.9</ele>
    <time>2026-09-22T08:23:44Z</time>
   </trkpt>
   <trkpt lat="22.7401600" lon="120.3248040">
    <ele>18.9</ele>
    <time>2026-09-22T08:23:45Z</time>
   </trkpt>
   <trkpt lat="22.7401490" lon="120.3248030">
    <ele>18.9</ele>
    <time>2026-09-22T08:23:46Z</time>
   </trkpt>
   <trkpt lat="22.7401320" lon="120.3248170">
    <ele>18.9</ele>
    <time>2026-09-22T08:23:47Z</time>
   </trkpt>
   <trkpt lat="22.7401180" lon="120.3248270">
    <ele>18.9</ele>
    <time>2026-09-22T08:23:48Z</time>
   </trkpt>
   <trkpt lat="22.7401080" lon="120.3248410">
    <ele>18.9</ele>
    <time>2026-09-22T08:23:49Z</time>
   </trkpt>
   <trkpt lat="22.7400990" lon="120.3248530">
    <ele>18.9</ele>
    <time>2026-09-22T08:23:50Z</time>
   </trkpt>
   <trkpt lat="22.7400930" lon="120.3248670">
    <ele>18.9</ele>
    <time>2026-09-22T08:23:51Z</time>
   </trkpt>
   <trkpt lat="22.7400850" lon="120.3248810">
    <ele>18.9</ele>
    <time>2026-09-22T08:23:52Z</time>
   </trkpt>
   <trkpt lat="22.7400780" lon="120.3248920">
    <ele>18.9</ele>
    <time>2026-09-22T08:23:53Z</time>
   </trkpt>
   <trkpt lat="22.7400690" lon="120.3249020">
    <ele>18.9</ele>
    <time>2026-09-22T08:23:54Z</time>
   </trkpt>
   <trkpt lat="22.7400610" lon="120.3249100">
    <ele>18.9</ele>
    <time>2026-09-22T08:23:55Z</time>
   </trkpt>
   <trkpt lat="22.7400520" lon="120.3249200">
    <ele>18.9</ele>
    <time>2026-09-22T08:23:56Z</time>
   </trkpt>
   <trkpt lat="22.7400420" lon="120.3249280">
    <ele>18.9</ele>
    <time>2026-09-22T08:23:57Z</time>
   </trkpt>
   <trkpt lat="22.7400280" lon="120.3249400">
    <ele>18.9</ele>
    <time>2026-09-22T08:23:58Z</time>
   </trkpt>
   <trkpt lat="22.7400170" lon="120.3249520">
    <ele>18.9</ele>
    <time>2026-09-22T08:24:00Z</time>
   </trkpt>
   <trkpt lat="22.7400090" lon="120.3249630">
    <ele>18.9</ele>
    <time>2026-09-22T08:24:01Z</time>
   </trkpt>
   <trkpt lat="22.7400080" lon="120.3249750">
    <ele>18.9</ele>
    <time>2026-09-22T08:24:02Z</time>
   </trkpt>
   <trkpt lat="22.7400090" lon="120.3249860">
    <ele>18.9</ele>
    <time>2026-09-22T08:24:03Z</time>
   </trkpt>
   <trkpt lat="22.7400170" lon="120.3249920">
    <ele>18.9</ele>
    <time>2026-09-22T08:24:04Z</time>
   </trkpt>
   <trkpt lat="22.7400260" lon="120.3249960">
    <ele>19.0</ele>
    <time>2026-09-22T08:24:05Z</time>
   </trkpt>
   <trkpt lat="22.7400290" lon="120.3249990">
    <ele>19.0</ele>
    <time>2026-09-22T08:24:06Z</time>
   </trkpt>
   <trkpt lat="22.7400290" lon="120.3250020">
    <ele>19.0</ele>
    <time>2026-09-22T08:24:07Z</time>
   </trkpt>
   <trkpt lat="22.7400290" lon="120.3250010">
    <ele>19.0</ele>
    <time>2026-09-22T08:24:08Z</time>
   </trkpt>
   <trkpt lat="22.7400290" lon="120.3250000">
    <ele>19.0</ele>
    <time>2026-09-22T08:24:09Z</time>
   </trkpt>
   <trkpt lat="22.7400270" lon="120.3250000">
    <ele>19.0</ele>
    <time>2026-09-22T08:24:10Z</time>
   </trkpt>
   <trkpt lat="22.7400250" lon="120.3249990">
    <ele>19.0</ele>
    <time>2026-09-22T08:24:11Z</time>
   </trkpt>
   <trkpt lat="22.7400220" lon="120.3249980">
    <ele>19.0</ele>
    <time>2026-09-22T08:24:12Z</time>
   </trkpt>
   <trkpt lat="22.7400190" lon="120.3249980">
    <ele>19.0</ele>
    <time>2026-09-22T08:24:13Z</time>
   </trkpt>
   <trkpt lat="22.7400170" lon="120.3249970">
    <ele>19.0</ele>
    <time>2026-09-22T08:24:14Z</time>
   </trkpt>
   <trkpt lat="22.7400140" lon="120.3249960">
    <ele>19.0</ele>
    <time>2026-09-22T08:24:15Z</time>
   </trkpt>
   <trkpt lat="22.7400120" lon="120.3249970">
    <ele>19.0</ele>
    <time>2026-09-22T08:24:16Z</time>
   </trkpt>
   <trkpt lat="22.7400100" lon="120.3249980">
    <ele>19.0</ele>
    <time>2026-09-22T08:24:17Z</time>
   </trkpt>
   <trkpt lat="22.7400060" lon="120.3250040">
    <ele>19.0</ele>
    <time>2026-09-22T08:24:18Z</time>
   </trkpt>
   <trkpt lat="22.7399950" lon="120.3250130">
    <ele>19.0</ele>
    <time>2026-09-22T08:24:19Z</time>
   </trkpt>
   <trkpt lat="22.7399880" lon="120.3250150">
    <ele>19.0</ele>
    <time>2026-09-22T08:24:20Z</time>
   </trkpt>
   <trkpt lat="22.7399810" lon="120.3250120">
    <ele>19.0</ele>
    <time>2026-09-22T08:24:21Z</time>
   </trkpt>
   <trkpt lat="22.7399730" lon="120.3250110">
    <ele>19.0</ele>
    <time>2026-09-22T08:24:22Z</time>
   </trkpt>
   <trkpt lat="22.7399660" lon="120.3250140">
    <ele>19.0</ele>
    <time>2026-09-22T08:24:23Z</time>
   </trkpt>
   <trkpt lat="22.7399600" lon="120.3250180">
    <ele>19.0</ele>
    <time>2026-09-22T08:24:24Z</time>
   </trkpt>
   <trkpt lat="22.7399530" lon="120.3250240">
    <ele>19.0</ele>
    <time>2026-09-22T08:24:25Z</time>
   </trkpt>
   <trkpt lat="22.7399330" lon="120.3250420">
    <ele>19.0</ele>
    <time>2026-09-22T08:24:26Z</time>
   </trkpt>
   <trkpt lat="22.7399250" lon="120.3250550">
    <ele>19.0</ele>
    <time>2026-09-22T08:24:27Z</time>
   </trkpt>
   <trkpt lat="22.7399210" lon="120.3250670">
    <ele>19.0</ele>
    <time>2026-09-22T08:24:28Z</time>
   </trkpt>
   <trkpt lat="22.7399180" lon="120.3250780">
    <ele>19.0</ele>
    <time>2026-09-22T08:24:29Z</time>
   </trkpt>
   <trkpt lat="22.7399150" lon="120.3250910">
    <ele>19.0</ele>
    <time>2026-09-22T08:24:30Z</time>
   </trkpt>
   <trkpt lat="22.7399120" lon="120.3251100">
    <ele>19.1</ele>
    <time>2026-09-22T08:24:31Z</time>
   </trkpt>
   <trkpt lat="22.7399110" lon="120.3251240">
    <ele>19.1</ele>
    <time>2026-09-22T08:24:32Z</time>
   </trkpt>
   <trkpt lat="22.7399120" lon="120.3251340">
    <ele>19.1</ele>
    <time>2026-09-22T08:24:33Z</time>
   </trkpt>
   <trkpt lat="22.7399130" lon="120.3251440">
    <ele>19.1</ele>
    <time>2026-09-22T08:24:34Z</time>
   </trkpt>
   <trkpt lat="22.7399130" lon="120.3251540">
    <ele>19.1</ele>
    <time>2026-09-22T08:24:35Z</time>
   </trkpt>
   <trkpt lat="22.7399160" lon="120.3251670">
    <ele>19.1</ele>
    <time>2026-09-22T08:24:36Z</time>
   </trkpt>
   <trkpt lat="22.7399210" lon="120.3251710">
    <ele>19.1</ele>
    <time>2026-09-22T08:24:37Z</time>
   </trkpt>
   <trkpt lat="22.7399290" lon="120.3251760">
    <ele>19.2</ele>
    <time>2026-09-22T08:24:38Z</time>
   </trkpt>
   <trkpt lat="22.7399380" lon="120.3251810">
    <ele>19.2</ele>
    <time>2026-09-22T08:24:39Z</time>
   </trkpt>
   <trkpt lat="22.7399470" lon="120.3251850">
    <ele>19.2</ele>
    <time>2026-09-22T08:24:40Z</time>
   </trkpt>
   <trkpt lat="22.7399530" lon="120.3251920">
    <ele>19.2</ele>
    <time>2026-09-22T08:24:41Z</time>
   </trkpt>
   <trkpt lat="22.7399640" lon="120.3252000">
    <ele>19.2</ele>
    <time>2026-09-22T08:24:42Z</time>
   </trkpt>
   <trkpt lat="22.7399750" lon="120.3252100">
    <ele>19.2</ele>
    <time>2026-09-22T08:24:43Z</time>
   </trkpt>
   <trkpt lat="22.7399850" lon="120.3252220">
    <ele>19.2</ele>
    <time>2026-09-22T08:24:45Z</time>
   </trkpt>
   <trkpt lat="22.7399940" lon="120.3252390">
    <ele>19.3</ele>
    <time>2026-09-22T08:24:46Z</time>
   </trkpt>
   <trkpt lat="22.7399970" lon="120.3252520">
    <ele>19.3</ele>
    <time>2026-09-22T08:24:47Z</time>
   </trkpt>
   <trkpt lat="22.7399940" lon="120.3252640">
    <ele>19.3</ele>
    <time>2026-09-22T08:24:48Z</time>
   </trkpt>
   <trkpt lat="22.7399860" lon="120.3252680">
    <ele>19.3</ele>
    <time>2026-09-22T08:24:49Z</time>
   </trkpt>
   <trkpt lat="22.7399790" lon="120.3252670">
    <ele>19.3</ele>
    <time>2026-09-22T08:24:50Z</time>
   </trkpt>
   <trkpt lat="22.7399750" lon="120.3252640">
    <ele>19.3</ele>
    <time>2026-09-22T08:24:51Z</time>
   </trkpt>
   <trkpt lat="22.7399730" lon="120.3252620">
    <ele>19.3</ele>
    <time>2026-09-22T08:24:52Z</time>
   </trkpt>
   <trkpt lat="22.7399700" lon="120.3252620">
    <ele>19.3</ele>
    <time>2026-09-22T08:24:53Z</time>
   </trkpt>
   <trkpt lat="22.7399690" lon="120.3252620">
    <ele>19.3</ele>
    <time>2026-09-22T08:24:54Z</time>
   </trkpt>
   <trkpt lat="22.7399680" lon="120.3252620">
    <ele>19.3</ele>
    <time>2026-09-22T08:24:55Z</time>
   </trkpt>
   <trkpt lat="22.7399670" lon="120.3252620">
    <ele>19.3</ele>
    <time>2026-09-22T08:24:56Z</time>
   </trkpt>
   <trkpt lat="22.7399660" lon="120.3252610">
    <ele>19.3</ele>
    <time>2026-09-22T08:24:57Z</time>
   </trkpt>
   <trkpt lat="22.7399670" lon="120.3252600">
    <ele>19.3</ele>
    <time>2026-09-22T08:24:58Z</time>
   </trkpt>
   <trkpt lat="22.7399670" lon="120.3252590">
    <ele>19.3</ele>
    <time>2026-09-22T08:24:59Z</time>
   </trkpt>
   <trkpt lat="22.7399670" lon="120.3252580">
    <ele>19.3</ele>
    <time>2026-09-22T08:25:00Z</time>
   </trkpt>
   <trkpt lat="22.7399660" lon="120.3252550">
    <ele>19.3</ele>
    <time>2026-09-22T08:25:01Z</time>
   </trkpt>
   <trkpt lat="22.7399660" lon="120.3252540">
    <ele>19.3</ele>
    <time>2026-09-22T08:25:02Z</time>
   </trkpt>
   <trkpt lat="22.7399660" lon="120.3252520">
    <ele>19.4</ele>
    <time>2026-09-22T08:25:03Z</time>
   </trkpt>
   <trkpt lat="22.7399660" lon="120.3252520">
    <ele>19.4</ele>
    <time>2026-09-22T08:25:04Z</time>
   </trkpt>
   <trkpt lat="22.7399660" lon="120.3252520">
    <ele>19.4</ele>
    <time>2026-09-22T08:25:05Z</time>
   </trkpt>
   <trkpt lat="22.7399660" lon="120.3252520">
    <ele>19.4</ele>
    <time>2026-09-22T08:25:06Z</time>
   </trkpt>
   <trkpt lat="22.7399650" lon="120.3252520">
    <ele>19.4</ele>
    <time>2026-09-22T08:25:07Z</time>
   </trkpt>
   <trkpt lat="22.7399650" lon="120.3252510">
    <ele>19.4</ele>
    <time>2026-09-22T08:25:08Z</time>
   </trkpt>
   <trkpt lat="22.7399650" lon="120.3252500">
    <ele>19.4</ele>
    <time>2026-09-22T08:25:09Z</time>
   </trkpt>
   <trkpt lat="22.7399670" lon="120.3252490">
    <ele>19.4</ele>
    <time>2026-09-22T08:25:10Z</time>
   </trkpt>
   <trkpt lat="22.7399680" lon="120.3252480">
    <ele>19.4</ele>
    <time>2026-09-22T08:25:11Z</time>
   </trkpt>
   <trkpt lat="22.7399680" lon="120.3252480">
    <ele>19.4</ele>
    <time>2026-09-22T08:25:12Z</time>
   </trkpt>
   <trkpt lat="22.7399670" lon="120.3252480">
    <ele>19.4</ele>
    <time>2026-09-22T08:25:13Z</time>
   </trkpt>
   <trkpt lat="22.7399630" lon="120.3252490">
    <ele>19.4</ele>
    <time>2026-09-22T08:25:14Z</time>
   </trkpt>
   <trkpt lat="22.7399600" lon="120.3252510">
    <ele>19.4</ele>
    <time>2026-09-22T08:25:16Z</time>
   </trkpt>
   <trkpt lat="22.7399570" lon="120.3252520">
    <ele>19.4</ele>
    <time>2026-09-22T08:25:17Z</time>
   </trkpt>
   <trkpt lat="22.7399580" lon="120.3252520">
    <ele>19.4</ele>
    <time>2026-09-22T08:25:18Z</time>
   </trkpt>
   <trkpt lat="22.7399580" lon="120.3252520">
    <ele>19.4</ele>
    <time>2026-09-22T08:25:19Z</time>
   </trkpt>
   <trkpt lat="22.7399580" lon="120.3252520">
    <ele>19.4</ele>
    <time>2026-09-22T08:25:20Z</time>
   </trkpt>
   <trkpt lat="22.7399560" lon="120.3252530">
    <ele>19.4</ele>
    <time>2026-09-22T08:25:21Z</time>
   </trkpt>
   <trkpt lat="22.7399550" lon="120.3252530">
    <ele>19.4</ele>
    <time>2026-09-22T08:25:22Z</time>
   </trkpt>
   <trkpt lat="22.7399560" lon="120.3252530">
    <ele>19.4</ele>
    <time>2026-09-22T08:25:23Z</time>
   </trkpt>
   <trkpt lat="22.7399550" lon="120.3252540">
    <ele>19.4</ele>
    <time>2026-09-22T08:25:24Z</time>
   </trkpt>
   <trkpt lat="22.7399590" lon="120.3252570">
    <ele>19.4</ele>
    <time>2026-09-22T08:25:25Z</time>
   </trkpt>
   <trkpt lat="22.7399570" lon="120.3252570">
    <ele>19.4</ele>
    <time>2026-09-22T08:25:27Z</time>
   </trkpt>
   <trkpt lat="22.7399570" lon="120.3252570">
    <ele>19.4</ele>
    <time>2026-09-22T08:25:28Z</time>
   </trkpt>
   <trkpt lat="22.7399570" lon="120.3252560">
    <ele>19.4</ele>
    <time>2026-09-22T08:25:29Z</time>
   </trkpt>
   <trkpt lat="22.7399570" lon="120.3252570">
    <ele>19.4</ele>
    <time>2026-09-22T08:25:30Z</time>
   </trkpt>
   <trkpt lat="22.7399610" lon="120.3252630">
    <ele>19.4</ele>
    <time>2026-09-22T08:25:31Z</time>
   </trkpt>
   <trkpt lat="22.7399610" lon="120.3252610">
    <ele>19.4</ele>
    <time>2026-09-22T08:25:32Z</time>
   </trkpt>
   <trkpt lat="22.7399620" lon="120.3252570">
    <ele>19.4</ele>
    <time>2026-09-22T08:25:34Z</time>
   </trkpt>
   <trkpt lat="22.7399650" lon="120.3252570">
    <ele>19.4</ele>
    <time>2026-09-22T08:25:35Z</time>
   </trkpt>
   <trkpt lat="22.7399710" lon="120.3252560">
    <ele>19.4</ele>
    <time>2026-09-22T08:25:36Z</time>
   </trkpt>
   <trkpt lat="22.7399730" lon="120.3252560">
    <ele>19.4</ele>
    <time>2026-09-22T08:25:37Z</time>
   </trkpt>
   <trkpt lat="22.7399750" lon="120.3252570">
    <ele>19.4</ele>
    <time>2026-09-22T08:25:39Z</time>
   </trkpt>
   <trkpt lat="22.7399760" lon="120.3252610">
    <ele>19.5</ele>
    <time>2026-09-22T08:25:40Z</time>
   </trkpt>
   <trkpt lat="22.7399800" lon="120.3252680">
    <ele>19.5</ele>
    <time>2026-09-22T08:25:41Z</time>
   </trkpt>
   <trkpt lat="22.7399810" lon="120.3252750">
    <ele>19.5</ele>
    <time>2026-09-22T08:25:42Z</time>
   </trkpt>
   <trkpt lat="22.7399860" lon="120.3252840">
    <ele>19.5</ele>
    <time>2026-09-22T08:25:43Z</time>
   </trkpt>
   <trkpt lat="22.7399830" lon="120.3252850">
    <ele>19.5</ele>
    <time>2026-09-22T08:25:44Z</time>
   </trkpt>
   <trkpt lat="22.7399860" lon="120.3252830">
    <ele>19.5</ele>
    <time>2026-09-22T08:25:45Z</time>
   </trkpt>
   <trkpt lat="22.7399850" lon="120.3252830">
    <ele>19.5</ele>
    <time>2026-09-22T08:25:46Z</time>
   </trkpt>
   <trkpt lat="22.7399930" lon="120.3252890">
    <ele>19.5</ele>
    <time>2026-09-22T08:25:47Z</time>
   </trkpt>
   <trkpt lat="22.7400030" lon="120.3252930">
    <ele>19.5</ele>
    <time>2026-09-22T08:25:48Z</time>
   </trkpt>
   <trkpt lat="22.7400130" lon="120.3252970">
    <ele>19.6</ele>
    <time>2026-09-22T08:25:49Z</time>
   </trkpt>
   <trkpt lat="22.7400210" lon="120.3253000">
    <ele>19.6</ele>
    <time>2026-09-22T08:25:50Z</time>
   </trkpt>
   <trkpt lat="22.7400270" lon="120.3253080">
    <ele>19.6</ele>
    <time>2026-09-22T08:25:51Z</time>
   </trkpt>
   <trkpt lat="22.7400260" lon="120.3253130">
    <ele>19.6</ele>
    <time>2026-09-22T08:25:52Z</time>
   </trkpt>
   <trkpt lat="22.7400290" lon="120.3253170">
    <ele>19.6</ele>
    <time>2026-09-22T08:25:53Z</time>
   </trkpt>
   <trkpt lat="22.7400360" lon="120.3253180">
    <ele>19.6</ele>
    <time>2026-09-22T08:25:54Z</time>
   </trkpt>
   <trkpt lat="22.7400490" lon="120.3253210">
    <ele>19.6</ele>
    <time>2026-09-22T08:25:55Z</time>
   </trkpt>
   <trkpt lat="22.7400560" lon="120.3253260">
    <ele>19.6</ele>
    <time>2026-09-22T08:25:56Z</time>
   </trkpt>
   <trkpt lat="22.7400620" lon="120.3253310">
    <ele>19.7</ele>
    <time>2026-09-22T08:25:57Z</time>
   </trkpt>
   <trkpt lat="22.7400650" lon="120.3253330">
    <ele>19.7</ele>
    <time>2026-09-22T08:25:59Z</time>
   </trkpt>
   <trkpt lat="22.7400680" lon="120.3253330">
    <ele>19.7</ele>
    <time>2026-09-22T08:26:00Z</time>
   </trkpt>
   <trkpt lat="22.7400730" lon="120.3253380">
    <ele>19.7</ele>
    <time>2026-09-22T08:26:01Z</time>
   </trkpt>
   <trkpt lat="22.7400760" lon="120.3253390">
    <ele>19.7</ele>
    <time>2026-09-22T08:26:02Z</time>
   </trkpt>
   <trkpt lat="22.7400770" lon="120.3253380">
    <ele>19.7</ele>
    <time>2026-09-22T08:26:03Z</time>
   </trkpt>
   <trkpt lat="22.7400800" lon="120.3253390">
    <ele>19.7</ele>
    <time>2026-09-22T08:26:04Z</time>
   </trkpt>
   <trkpt lat="22.7400850" lon="120.3253400">
    <ele>19.7</ele>
    <time>2026-09-22T08:26:06Z</time>
   </trkpt>
   <trkpt lat="22.7400860" lon="120.3253400">
    <ele>19.7</ele>
    <time>2026-09-22T08:26:07Z</time>
   </trkpt>
   <trkpt lat="22.7400910" lon="120.3253480">
    <ele>19.7</ele>
    <time>2026-09-22T08:26:08Z</time>
   </trkpt>
   <trkpt lat="22.7400940" lon="120.3253500">
    <ele>19.7</ele>
    <time>2026-09-22T08:26:09Z</time>
   </trkpt>
   <trkpt lat="22.7400950" lon="120.3253510">
    <ele>19.7</ele>
    <time>2026-09-22T08:26:10Z</time>
   </trkpt>
   <trkpt lat="22.7400970" lon="120.3253520">
    <ele>19.7</ele>
    <time>2026-09-22T08:26:11Z</time>
   </trkpt>
   <trkpt lat="22.7400980" lon="120.3253510">
    <ele>19.7</ele>
    <time>2026-09-22T08:26:12Z</time>
   </trkpt>
   <trkpt lat="22.7400990" lon="120.3253510">
    <ele>19.7</ele>
    <time>2026-09-22T08:26:13Z</time>
   </trkpt>
   <trkpt lat="22.7400970" lon="120.3253540">
    <ele>19.7</ele>
    <time>2026-09-22T08:26:14Z</time>
   </trkpt>
   <trkpt lat="22.7400960" lon="120.3253570">
    <ele>19.7</ele>
    <time>2026-09-22T08:26:15Z</time>
   </trkpt>
   <trkpt lat="22.7400980" lon="120.3253580">
    <ele>19.7</ele>
    <time>2026-09-22T08:26:16Z</time>
   </trkpt>
   <trkpt lat="22.7401000" lon="120.3253590">
    <ele>19.7</ele>
    <time>2026-09-22T08:26:17Z</time>
   </trkpt>
   <trkpt lat="22.7401030" lon="120.3253600">
    <ele>19.8</ele>
    <time>2026-09-22T08:26:18Z</time>
   </trkpt>
   <trkpt lat="22.7401080" lon="120.3253670">
    <ele>19.8</ele>
    <time>2026-09-22T08:26:19Z</time>
   </trkpt>
   <trkpt lat="22.7401100" lon="120.3253700">
    <ele>19.8</ele>
    <time>2026-09-22T08:26:20Z</time>
   </trkpt>
   <trkpt lat="22.7401060" lon="120.3253760">
    <ele>19.8</ele>
    <time>2026-09-22T08:26:21Z</time>
   </trkpt>
   <trkpt lat="22.7401110" lon="120.3253760">
    <ele>19.8</ele>
    <time>2026-09-22T08:26:22Z</time>
   </trkpt>
   <trkpt lat="22.7401190" lon="120.3253740">
    <ele>19.8</ele>
    <time>2026-09-22T08:26:23Z</time>
   </trkpt>
   <trkpt lat="22.7401280" lon="120.3253720">
    <ele>19.8</ele>
    <time>2026-09-22T08:26:24Z</time>
   </trkpt>
   <trkpt lat="22.7401370" lon="120.3253710">
    <ele>19.8</ele>
    <time>2026-09-22T08:26:25Z</time>
   </trkpt>
   <trkpt lat="22.7401470" lon="120.3253770">
    <ele>19.8</ele>
    <time>2026-09-22T08:26:26Z</time>
   </trkpt>
   <trkpt lat="22.7401500" lon="120.3253930">
    <ele>19.9</ele>
    <time>2026-09-22T08:26:27Z</time>
   </trkpt>
   <trkpt lat="22.7401480" lon="120.3254040">
    <ele>19.9</ele>
    <time>2026-09-22T08:26:28Z</time>
   </trkpt>
   <trkpt lat="22.7401510" lon="120.3254080">
    <ele>19.9</ele>
    <time>2026-09-22T08:26:29Z</time>
   </trkpt>
   <trkpt lat="22.7401610" lon="120.3254080">
    <ele>19.9</ele>
    <time>2026-09-22T08:26:30Z</time>
   </trkpt>
   <trkpt lat="22.7401680" lon="120.3254120">
    <ele>19.9</ele>
    <time>2026-09-22T08:26:31Z</time>
   </trkpt>
   <trkpt lat="22.7401720" lon="120.3254180">
    <ele>20.0</ele>
    <time>2026-09-22T08:26:32Z</time>
   </trkpt>
   <trkpt lat="22.7401760" lon="120.3254210">
    <ele>20.0</ele>
    <time>2026-09-22T08:26:33Z</time>
   </trkpt>
   <trkpt lat="22.7401760" lon="120.3254330">
    <ele>20.0</ele>
    <time>2026-09-22T08:26:34Z</time>
   </trkpt>
   <trkpt lat="22.7401770" lon="120.3254350">
    <ele>20.0</ele>
    <time>2026-09-22T08:26:35Z</time>
   </trkpt>
   <trkpt lat="22.7401790" lon="120.3254360">
    <ele>20.0</ele>
    <time>2026-09-22T08:26:36Z</time>
   </trkpt>
   <trkpt lat="22.7401850" lon="120.3254380">
    <ele>20.0</ele>
    <time>2026-09-22T08:26:37Z</time>
   </trkpt>
   <trkpt lat="22.7401940" lon="120.3254390">
    <ele>20.1</ele>
    <time>2026-09-22T08:26:38Z</time>
   </trkpt>
   <trkpt lat="22.7402020" lon="120.3254420">
    <ele>20.1</ele>
    <time>2026-09-22T08:26:39Z</time>
   </trkpt>
   <trkpt lat="22.7402110" lon="120.3254500">
    <ele>20.1</ele>
    <time>2026-09-22T08:26:40Z</time>
   </trkpt>
   <trkpt lat="22.7402190" lon="120.3254590">
    <ele>20.1</ele>
    <time>2026-09-22T08:26:41Z</time>
   </trkpt>
   <trkpt lat="22.7402300" lon="120.3254660">
    <ele>20.2</ele>
    <time>2026-09-22T08:26:42Z</time>
   </trkpt>
   <trkpt lat="22.7402420" lon="120.3254780">
    <ele>20.2</ele>
    <time>2026-09-22T08:26:43Z</time>
   </trkpt>
   <trkpt lat="22.7402520" lon="120.3254890">
    <ele>20.2</ele>
    <time>2026-09-22T08:26:44Z</time>
   </trkpt>
   <trkpt lat="22.7402610" lon="120.3254990">
    <ele>20.3</ele>
    <time>2026-09-22T08:26:45Z</time>
   </trkpt>
   <trkpt lat="22.7402700" lon="120.3255100">
    <ele>20.3</ele>
    <time>2026-09-22T08:26:46Z</time>
   </trkpt>
   <trkpt lat="22.7402760" lon="120.3255330">
    <ele>20.4</ele>
    <time>2026-09-22T08:26:47Z</time>
   </trkpt>
   <trkpt lat="22.7402830" lon="120.3255470">
    <ele>20.4</ele>
    <time>2026-09-22T08:26:48Z</time>
   </trkpt>
   <trkpt lat="22.7402940" lon="120.3255600">
    <ele>20.4</ele>
    <time>2026-09-22T08:26:49Z</time>
   </trkpt>
   <trkpt lat="22.7403020" lon="120.3255760">
    <ele>20.5</ele>
    <time>2026-09-22T08:26:51Z</time>
   </trkpt>
   <trkpt lat="22.7402990" lon="120.3255870">
    <ele>20.5</ele>
    <time>2026-09-22T08:26:52Z</time>
   </trkpt>
   <trkpt lat="22.7402930" lon="120.3255900">
    <ele>20.5</ele>
    <time>2026-09-22T08:26:53Z</time>
   </trkpt>
   <trkpt lat="22.7402810" lon="120.3255930">
    <ele>20.5</ele>
    <time>2026-09-22T08:26:54Z</time>
   </trkpt>
   <trkpt lat="22.7402760" lon="120.3255940">
    <ele>20.5</ele>
    <time>2026-09-22T08:26:55Z</time>
   </trkpt>
   <trkpt lat="22.7402790" lon="120.3255940">
    <ele>20.5</ele>
    <time>2026-09-22T08:26:56Z</time>
   </trkpt>
   <trkpt lat="22.7402870" lon="120.3255970">
    <ele>20.5</ele>
    <time>2026-09-22T08:26:57Z</time>
   </trkpt>
   <trkpt lat="22.7402980" lon="120.3256010">
    <ele>20.6</ele>
    <time>2026-09-22T08:26:58Z</time>
   </trkpt>
   <trkpt lat="22.7403070" lon="120.3256080">
    <ele>20.6</ele>
    <time>2026-09-22T08:26:59Z</time>
   </trkpt>
   <trkpt lat="22.7403060" lon="120.3256190">
    <ele>20.6</ele>
    <time>2026-09-22T08:27:00Z</time>
   </trkpt>
   <trkpt lat="22.7402980" lon="120.3256200">
    <ele>20.6</ele>
    <time>2026-09-22T08:27:01Z</time>
   </trkpt>
   <trkpt lat="22.7402980" lon="120.3256210">
    <ele>20.6</ele>
    <time>2026-09-22T08:27:02Z</time>
   </trkpt>
   <trkpt lat="22.7403030" lon="120.3256230">
    <ele>20.6</ele>
    <time>2026-09-22T08:27:03Z</time>
   </trkpt>
   <trkpt lat="22.7403110" lon="120.3256270">
    <ele>20.6</ele>
    <time>2026-09-22T08:27:04Z</time>
   </trkpt>
   <trkpt lat="22.7403250" lon="120.3256300">
    <ele>20.6</ele>
    <time>2026-09-22T08:27:05Z</time>
   </trkpt>
   <trkpt lat="22.7403320" lon="120.3256430">
    <ele>20.7</ele>
    <time>2026-09-22T08:27:07Z</time>
   </trkpt>
   <trkpt lat="22.7403280" lon="120.3256480">
    <ele>20.7</ele>
    <time>2026-09-22T08:27:08Z</time>
   </trkpt>
   <trkpt lat="22.7403230" lon="120.3256470">
    <ele>20.7</ele>
    <time>2026-09-22T08:27:09Z</time>
   </trkpt>
   <trkpt lat="22.7403230" lon="120.3256490">
    <ele>20.7</ele>
    <time>2026-09-22T08:27:10Z</time>
   </trkpt>
   <trkpt lat="22.7403340" lon="120.3256520">
    <ele>20.7</ele>
    <time>2026-09-22T08:27:11Z</time>
   </trkpt>
   <trkpt lat="22.7403440" lon="120.3256560">
    <ele>20.7</ele>
    <time>2026-09-22T08:27:12Z</time>
   </trkpt>
   <trkpt lat="22.7403540" lon="120.3256630">
    <ele>20.7</ele>
    <time>2026-09-22T08:27:13Z</time>
   </trkpt>
   <trkpt lat="22.7403580" lon="120.3256690">
    <ele>20.7</ele>
    <time>2026-09-22T08:27:14Z</time>
   </trkpt>
   <trkpt lat="22.7403550" lon="120.3256720">
    <ele>20.7</ele>
    <time>2026-09-22T08:27:15Z</time>
   </trkpt>
   <trkpt lat="22.7403590" lon="120.3256710">
    <ele>20.7</ele>
    <time>2026-09-22T08:27:16Z</time>
   </trkpt>
   <trkpt lat="22.7403670" lon="120.3256720">
    <ele>20.8</ele>
    <time>2026-09-22T08:27:17Z</time>
   </trkpt>
   <trkpt lat="22.7403760" lon="120.3256770">
    <ele>20.8</ele>
    <time>2026-09-22T08:27:18Z</time>
   </trkpt>
   <trkpt lat="22.7403850" lon="120.3256830">
    <ele>20.8</ele>
    <time>2026-09-22T08:27:20Z</time>
   </trkpt>
   <trkpt lat="22.7403830" lon="120.3256820">
    <ele>20.8</ele>
    <time>2026-09-22T08:27:21Z</time>
   </trkpt>
   <trkpt lat="22.7403820" lon="120.3256810">
    <ele>20.8</ele>
    <time>2026-09-22T08:27:22Z</time>
   </trkpt>
   <trkpt lat="22.7403810" lon="120.3256810">
    <ele>20.8</ele>
    <time>2026-09-22T08:27:23Z</time>
   </trkpt>
   <trkpt lat="22.7403820" lon="120.3256790">
    <ele>20.8</ele>
    <time>2026-09-22T08:27:24Z</time>
   </trkpt>
   <trkpt lat="22.7403780" lon="120.3256810">
    <ele>20.8</ele>
    <time>2026-09-22T08:27:25Z</time>
   </trkpt>
   <trkpt lat="22.7403810" lon="120.3256810">
    <ele>20.8</ele>
    <time>2026-09-22T08:27:26Z</time>
   </trkpt>
   <trkpt lat="22.7403830" lon="120.3256810">
    <ele>20.8</ele>
    <time>2026-09-22T08:27:27Z</time>
   </trkpt>
   <trkpt lat="22.7403840" lon="120.3256840">
    <ele>20.8</ele>
    <time>2026-09-22T08:27:28Z</time>
   </trkpt>
   <trkpt lat="22.7403900" lon="120.3256930">
    <ele>20.9</ele>
    <time>2026-09-22T08:27:29Z</time>
   </trkpt>
   <trkpt lat="22.7403950" lon="120.3257010">
    <ele>20.9</ele>
    <time>2026-09-22T08:27:30Z</time>
   </trkpt>
   <trkpt lat="22.7403950" lon="120.3257070">
    <ele>20.9</ele>
    <time>2026-09-22T08:27:31Z</time>
   </trkpt>
   <trkpt lat="22.7403960" lon="120.3257090">
    <ele>20.9</ele>
    <time>2026-09-22T08:27:32Z</time>
   </trkpt>
   <trkpt lat="22.7403960" lon="120.3257080">
    <ele>20.9</ele>
    <time>2026-09-22T08:27:33Z</time>
   </trkpt>
   <trkpt lat="22.7403970" lon="120.3257060">
    <ele>20.9</ele>
    <time>2026-09-22T08:27:34Z</time>
   </trkpt>
   <trkpt lat="22.7403970" lon="120.3257060">
    <ele>20.9</ele>
    <time>2026-09-22T08:27:35Z</time>
   </trkpt>
   <trkpt lat="22.7403980" lon="120.3257090">
    <ele>20.9</ele>
    <time>2026-09-22T08:27:36Z</time>
   </trkpt>
   <trkpt lat="22.7404050" lon="120.3257150">
    <ele>20.9</ele>
    <time>2026-09-22T08:27:37Z</time>
   </trkpt>
   <trkpt lat="22.7404200" lon="120.3257270">
    <ele>21.0</ele>
    <time>2026-09-22T08:27:38Z</time>
   </trkpt>
   <trkpt lat="22.7404310" lon="120.3257340">
    <ele>21.0</ele>
    <time>2026-09-22T08:27:39Z</time>
   </trkpt>
   <trkpt lat="22.7404440" lon="120.3257420">
    <ele>20.9</ele>
    <time>2026-09-22T08:27:40Z</time>
   </trkpt>
   <trkpt lat="22.7404550" lon="120.3257500">
    <ele>20.9</ele>
    <time>2026-09-22T08:27:41Z</time>
   </trkpt>
   <trkpt lat="22.7404640" lon="120.3257610">
    <ele>20.8</ele>
    <time>2026-09-22T08:27:42Z</time>
   </trkpt>
   <trkpt lat="22.7404700" lon="120.3257720">
    <ele>20.8</ele>
    <time>2026-09-22T08:27:43Z</time>
   </trkpt>
   <trkpt lat="22.7404750" lon="120.3257870">
    <ele>20.8</ele>
    <time>2026-09-22T08:27:44Z</time>
   </trkpt>
   <trkpt lat="22.7404830" lon="120.3258010">
    <ele>20.7</ele>
    <time>2026-09-22T08:27:45Z</time>
   </trkpt>
   <trkpt lat="22.7404890" lon="120.3258100">
    <ele>20.7</ele>
    <time>2026-09-22T08:27:46Z</time>
   </trkpt>
   <trkpt lat="22.7404900" lon="120.3258180">
    <ele>20.7</ele>
    <time>2026-09-22T08:27:47Z</time>
   </trkpt>
   <trkpt lat="22.7404880" lon="120.3258250">
    <ele>20.7</ele>
    <time>2026-09-22T08:27:48Z</time>
   </trkpt>
   <trkpt lat="22.7404860" lon="120.3258290">
    <ele>20.7</ele>
    <time>2026-09-22T08:27:49Z</time>
   </trkpt>
   <trkpt lat="22.7404850" lon="120.3258250">
    <ele>20.7</ele>
    <time>2026-09-22T08:27:50Z</time>
   </trkpt>
   <trkpt lat="22.7404850" lon="120.3258200">
    <ele>20.6</ele>
    <time>2026-09-22T08:27:51Z</time>
   </trkpt>
   <trkpt lat="22.7404880" lon="120.3258190">
    <ele>20.6</ele>
    <time>2026-09-22T08:27:52Z</time>
   </trkpt>
   <trkpt lat="22.7404910" lon="120.3258190">
    <ele>20.6</ele>
    <time>2026-09-22T08:27:53Z</time>
   </trkpt>
   <trkpt lat="22.7404860" lon="120.3258130">
    <ele>20.6</ele>
    <time>2026-09-22T08:27:54Z</time>
   </trkpt>
   <trkpt lat="22.7404850" lon="120.3258110">
    <ele>20.6</ele>
    <time>2026-09-22T08:27:55Z</time>
   </trkpt>
   <trkpt lat="22.7404850" lon="120.3258090">
    <ele>20.6</ele>
    <time>2026-09-22T08:27:56Z</time>
   </trkpt>
   <trkpt lat="22.7404830" lon="120.3258070">
    <ele>20.6</ele>
    <time>2026-09-22T08:27:57Z</time>
   </trkpt>
   <trkpt lat="22.7404840" lon="120.3258050">
    <ele>20.6</ele>
    <time>2026-09-22T08:27:58Z</time>
   </trkpt>
   <trkpt lat="22.7404870" lon="120.3258050">
    <ele>20.6</ele>
    <time>2026-09-22T08:27:59Z</time>
   </trkpt>
   <trkpt lat="22.7404910" lon="120.3258080">
    <ele>20.6</ele>
    <time>2026-09-22T08:28:00Z</time>
   </trkpt>
   <trkpt lat="22.7404960" lon="120.3258160">
    <ele>20.5</ele>
    <time>2026-09-22T08:28:01Z</time>
   </trkpt>
   <trkpt lat="22.7404970" lon="120.3258230">
    <ele>20.5</ele>
    <time>2026-09-22T08:28:02Z</time>
   </trkpt>
   <trkpt lat="22.7404980" lon="120.3258240">
    <ele>20.5</ele>
    <time>2026-09-22T08:28:04Z</time>
   </trkpt>
   <trkpt lat="22.7404980" lon="120.3258230">
    <ele>20.5</ele>
    <time>2026-09-22T08:28:05Z</time>
   </trkpt>
   <trkpt lat="22.7404990" lon="120.3258220">
    <ele>20.5</ele>
    <time>2026-09-22T08:28:06Z</time>
   </trkpt>
   <trkpt lat="22.7405000" lon="120.3258240">
    <ele>20.5</ele>
    <time>2026-09-22T08:28:07Z</time>
   </trkpt>
   <trkpt lat="22.7405020" lon="120.3258260">
    <ele>20.5</ele>
    <time>2026-09-22T08:28:08Z</time>
   </trkpt>
   <trkpt lat="22.7405060" lon="120.3258270">
    <ele>20.5</ele>
    <time>2026-09-22T08:28:09Z</time>
   </trkpt>
   <trkpt lat="22.7405080" lon="120.3258280">
    <ele>20.5</ele>
    <time>2026-09-22T08:28:10Z</time>
   </trkpt>
   <trkpt lat="22.7405170" lon="120.3258340">
    <ele>20.5</ele>
    <time>2026-09-22T08:28:11Z</time>
   </trkpt>
   <trkpt lat="22.7405250" lon="120.3258420">
    <ele>20.4</ele>
    <time>2026-09-22T08:28:12Z</time>
   </trkpt>
   <trkpt lat="22.7405230" lon="120.3258490">
    <ele>20.4</ele>
    <time>2026-09-22T08:28:13Z</time>
   </trkpt>
   <trkpt lat="22.7405210" lon="120.3258500">
    <ele>20.4</ele>
    <time>2026-09-22T08:28:15Z</time>
   </trkpt>
   <trkpt lat="22.7405260" lon="120.3258540">
    <ele>20.4</ele>
    <time>2026-09-22T08:28:16Z</time>
   </trkpt>
   <trkpt lat="22.7405350" lon="120.3258580">
    <ele>20.4</ele>
    <time>2026-09-22T08:28:17Z</time>
   </trkpt>
   <trkpt lat="22.7405460" lon="120.3258620">
    <ele>20.4</ele>
    <time>2026-09-22T08:28:18Z</time>
   </trkpt>
   <trkpt lat="22.7405590" lon="120.3258740">
    <ele>20.3</ele>
    <time>2026-09-22T08:28:19Z</time>
   </trkpt>
   <trkpt lat="22.7405630" lon="120.3258830">
    <ele>20.3</ele>
    <time>2026-09-22T08:28:20Z</time>
   </trkpt>
   <trkpt lat="22.7405630" lon="120.3258890">
    <ele>20.3</ele>
    <time>2026-09-22T08:28:21Z</time>
   </trkpt>
   <trkpt lat="22.7405730" lon="120.3258920">
    <ele>20.3</ele>
    <time>2026-09-22T08:28:23Z</time>
   </trkpt>
   <trkpt lat="22.7405910" lon="120.3258930">
    <ele>20.2</ele>
    <time>2026-09-22T08:28:24Z</time>
   </trkpt>
   <trkpt lat="22.7406040" lon="120.3259010">
    <ele>20.2</ele>
    <time>2026-09-22T08:28:25Z</time>
   </trkpt>
   <trkpt lat="22.7406150" lon="120.3259160">
    <ele>20.2</ele>
    <time>2026-09-22T08:28:26Z</time>
   </trkpt>
   <trkpt lat="22.7406130" lon="120.3259230">
    <ele>20.2</ele>
    <time>2026-09-22T08:28:27Z</time>
   </trkpt>
   <trkpt lat="22.7406080" lon="120.3259260">
    <ele>20.1</ele>
    <time>2026-09-22T08:28:28Z</time>
   </trkpt>
   <trkpt lat="22.7406130" lon="120.3259330">
    <ele>20.1</ele>
    <time>2026-09-22T08:28:29Z</time>
   </trkpt>
   <trkpt lat="22.7406310" lon="120.3259320">
    <ele>20.1</ele>
    <time>2026-09-22T08:28:30Z</time>
   </trkpt>
   <trkpt lat="22.7406470" lon="120.3259320">
    <ele>20.1</ele>
    <time>2026-09-22T08:28:31Z</time>
   </trkpt>
   <trkpt lat="22.7406590" lon="120.3259380">
    <ele>20.0</ele>
    <time>2026-09-22T08:28:32Z</time>
   </trkpt>
   <trkpt lat="22.7406620" lon="120.3259480">
    <ele>20.0</ele>
    <time>2026-09-22T08:28:33Z</time>
   </trkpt>
   <trkpt lat="22.7406580" lon="120.3259510">
    <ele>20.0</ele>
    <time>2026-09-22T08:28:34Z</time>
   </trkpt>
   <trkpt lat="22.7406520" lon="120.3259500">
    <ele>20.0</ele>
    <time>2026-09-22T08:28:35Z</time>
   </trkpt>
   <trkpt lat="22.7406460" lon="120.3259480">
    <ele>20.0</ele>
    <time>2026-09-22T08:28:36Z</time>
   </trkpt>
   <trkpt lat="22.7406420" lon="120.3259440">
    <ele>20.0</ele>
    <time>2026-09-22T08:28:37Z</time>
   </trkpt>
   <trkpt lat="22.7406340" lon="120.3259420">
    <ele>20.0</ele>
    <time>2026-09-22T08:28:38Z</time>
   </trkpt>
   <trkpt lat="22.7406330" lon="120.3259430">
    <ele>20.0</ele>
    <time>2026-09-22T08:28:40Z</time>
   </trkpt>
   <trkpt lat="22.7406360" lon="120.3259470">
    <ele>20.0</ele>
    <time>2026-09-22T08:28:41Z</time>
   </trkpt>
   <trkpt lat="22.7406400" lon="120.3259500">
    <ele>19.9</ele>
    <time>2026-09-22T08:28:42Z</time>
   </trkpt>
   <trkpt lat="22.7406540" lon="120.3259600">
    <ele>19.9</ele>
    <time>2026-09-22T08:28:43Z</time>
   </trkpt>
   <trkpt lat="22.7406640" lon="120.3259640">
    <ele>19.9</ele>
    <time>2026-09-22T08:28:45Z</time>
   </trkpt>
   <trkpt lat="22.7406660" lon="120.3259690">
    <ele>19.9</ele>
    <time>2026-09-22T08:28:46Z</time>
   </trkpt>
   <trkpt lat="22.7406660" lon="120.3259680">
    <ele>19.9</ele>
    <time>2026-09-22T08:28:47Z</time>
   </trkpt>
   <trkpt lat="22.7406680" lon="120.3259670">
    <ele>19.9</ele>
    <time>2026-09-22T08:28:48Z</time>
   </trkpt>
   <trkpt lat="22.7406710" lon="120.3259660">
    <ele>19.9</ele>
    <time>2026-09-22T08:28:49Z</time>
   </trkpt>
   <trkpt lat="22.7406720" lon="120.3259670">
    <ele>19.9</ele>
    <time>2026-09-22T08:28:50Z</time>
   </trkpt>
   <trkpt lat="22.7406770" lon="120.3259700">
    <ele>19.9</ele>
    <time>2026-09-22T08:28:51Z</time>
   </trkpt>
   <trkpt lat="22.7406830" lon="120.3259720">
    <ele>19.8</ele>
    <time>2026-09-22T08:28:53Z</time>
   </trkpt>
   <trkpt lat="22.7406900" lon="120.3259760">
    <ele>19.8</ele>
    <time>2026-09-22T08:28:54Z</time>
   </trkpt>
   <trkpt lat="22.7406900" lon="120.3259780">
    <ele>19.8</ele>
    <time>2026-09-22T08:28:55Z</time>
   </trkpt>
   <trkpt lat="22.7406890" lon="120.3259780">
    <ele>19.8</ele>
    <time>2026-09-22T08:28:56Z</time>
   </trkpt>
   <trkpt lat="22.7406890" lon="120.3259820">
    <ele>19.8</ele>
    <time>2026-09-22T08:28:57Z</time>
   </trkpt>
   <trkpt lat="22.7406890" lon="120.3259830">
    <ele>19.8</ele>
    <time>2026-09-22T08:28:58Z</time>
   </trkpt>
   <trkpt lat="22.7406900" lon="120.3259840">
    <ele>19.8</ele>
    <time>2026-09-22T08:28:59Z</time>
   </trkpt>
   <trkpt lat="22.7406910" lon="120.3259830">
    <ele>19.8</ele>
    <time>2026-09-22T08:29:00Z</time>
   </trkpt>
   <trkpt lat="22.7406920" lon="120.3259820">
    <ele>19.8</ele>
    <time>2026-09-22T08:29:01Z</time>
   </trkpt>
   <trkpt lat="22.7406880" lon="120.3259870">
    <ele>19.8</ele>
    <time>2026-09-22T08:29:02Z</time>
   </trkpt>
   <trkpt lat="22.7406870" lon="120.3259870">
    <ele>19.8</ele>
    <time>2026-09-22T08:29:04Z</time>
   </trkpt>
   <trkpt lat="22.7406920" lon="120.3259890">
    <ele>19.8</ele>
    <time>2026-09-22T08:29:05Z</time>
   </trkpt>
   <trkpt lat="22.7406940" lon="120.3259910">
    <ele>19.8</ele>
    <time>2026-09-22T08:29:06Z</time>
   </trkpt>
   <trkpt lat="22.7406960" lon="120.3259920">
    <ele>19.8</ele>
    <time>2026-09-22T08:29:07Z</time>
   </trkpt>
   <trkpt lat="22.7407050" lon="120.3260060">
    <ele>19.8</ele>
    <time>2026-09-22T08:29:09Z</time>
   </trkpt>
   <trkpt lat="22.7407070" lon="120.3260100">
    <ele>19.8</ele>
    <time>2026-09-22T08:29:10Z</time>
   </trkpt>
   <trkpt lat="22.7407060" lon="120.3260120">
    <ele>19.7</ele>
    <time>2026-09-22T08:29:11Z</time>
   </trkpt>
   <trkpt lat="22.7407060" lon="120.3260120">
    <ele>19.7</ele>
    <time>2026-09-22T08:29:12Z</time>
   </trkpt>
   <trkpt lat="22.7407060" lon="120.3260130">
    <ele>19.7</ele>
    <time>2026-09-22T08:29:13Z</time>
   </trkpt>
   <trkpt lat="22.7407060" lon="120.3260140">
    <ele>19.7</ele>
    <time>2026-09-22T08:29:14Z</time>
   </trkpt>
   <trkpt lat="22.7407050" lon="120.3260180">
    <ele>19.7</ele>
    <time>2026-09-22T08:29:15Z</time>
   </trkpt>
   <trkpt lat="22.7407060" lon="120.3260200">
    <ele>19.7</ele>
    <time>2026-09-22T08:29:16Z</time>
   </trkpt>
   <trkpt lat="22.7407100" lon="120.3260230">
    <ele>19.7</ele>
    <time>2026-09-22T08:29:17Z</time>
   </trkpt>
   <trkpt lat="22.7407140" lon="120.3260230">
    <ele>19.7</ele>
    <time>2026-09-22T08:29:18Z</time>
   </trkpt>
   <trkpt lat="22.7407220" lon="120.3260280">
    <ele>19.7</ele>
    <time>2026-09-22T08:29:19Z</time>
   </trkpt>
   <trkpt lat="22.7407330" lon="120.3260380">
    <ele>19.7</ele>
    <time>2026-09-22T08:29:20Z</time>
   </trkpt>
   <trkpt lat="22.7407320" lon="120.3260450">
    <ele>19.7</ele>
    <time>2026-09-22T08:29:21Z</time>
   </trkpt>
   <trkpt lat="22.7407320" lon="120.3260490">
    <ele>19.7</ele>
    <time>2026-09-22T08:29:22Z</time>
   </trkpt>
   <trkpt lat="22.7407340" lon="120.3260520">
    <ele>19.7</ele>
    <time>2026-09-22T08:29:23Z</time>
   </trkpt>
   <trkpt lat="22.7407330" lon="120.3260530">
    <ele>19.7</ele>
    <time>2026-09-22T08:29:24Z</time>
   </trkpt>
   <trkpt lat="22.7407410" lon="120.3260540">
    <ele>19.6</ele>
    <time>2026-09-22T08:29:25Z</time>
   </trkpt>
   <trkpt lat="22.7407450" lon="120.3260600">
    <ele>19.6</ele>
    <time>2026-09-22T08:29:26Z</time>
   </trkpt>
   <trkpt lat="22.7407490" lon="120.3260620">
    <ele>19.6</ele>
    <time>2026-09-22T08:29:27Z</time>
   </trkpt>
   <trkpt lat="22.7407540" lon="120.3260620">
    <ele>19.6</ele>
    <time>2026-09-22T08:29:29Z</time>
   </trkpt>
   <trkpt lat="22.7407550" lon="120.3260620">
    <ele>19.6</ele>
    <time>2026-09-22T08:29:30Z</time>
   </trkpt>
   <trkpt lat="22.7407570" lon="120.3260670">
    <ele>19.6</ele>
    <time>2026-09-22T08:29:31Z</time>
   </trkpt>
   <trkpt lat="22.7407600" lon="120.3260690">
    <ele>19.6</ele>
    <time>2026-09-22T08:29:32Z</time>
   </trkpt>
   <trkpt lat="22.7407600" lon="120.3260700">
    <ele>19.6</ele>
    <time>2026-09-22T08:29:33Z</time>
   </trkpt>
   <trkpt lat="22.7407610" lon="120.3260710">
    <ele>19.6</ele>
    <time>2026-09-22T08:29:34Z</time>
   </trkpt>
   <trkpt lat="22.7407620" lon="120.3260720">
    <ele>19.6</ele>
    <time>2026-09-22T08:29:35Z</time>
   </trkpt>
   <trkpt lat="22.7407620" lon="120.3260730">
    <ele>19.6</ele>
    <time>2026-09-22T08:29:36Z</time>
   </trkpt>
   <trkpt lat="22.7407630" lon="120.3260740">
    <ele>19.6</ele>
    <time>2026-09-22T08:29:37Z</time>
   </trkpt>
   <trkpt lat="22.7407660" lon="120.3260750">
    <ele>19.6</ele>
    <time>2026-09-22T08:29:38Z</time>
   </trkpt>
   <trkpt lat="22.7407730" lon="120.3260750">
    <ele>19.6</ele>
    <time>2026-09-22T08:29:40Z</time>
   </trkpt>
   <trkpt lat="22.7407820" lon="120.3260770">
    <ele>19.6</ele>
    <time>2026-09-22T08:29:41Z</time>
   </trkpt>
   <trkpt lat="22.7407980" lon="120.3260900">
    <ele>19.5</ele>
    <time>2026-09-22T08:29:42Z</time>
   </trkpt>
   <trkpt lat="22.7408010" lon="120.3261000">
    <ele>19.5</ele>
    <time>2026-09-22T08:29:43Z</time>
   </trkpt>
   <trkpt lat="22.7407940" lon="120.3261050">
    <ele>19.5</ele>
    <time>2026-09-22T08:29:44Z</time>
   </trkpt>
   <trkpt lat="22.7407950" lon="120.3261100">
    <ele>19.5</ele>
    <time>2026-09-22T08:29:45Z</time>
   </trkpt>
   <trkpt lat="22.7408010" lon="120.3261110">
    <ele>19.5</ele>
    <time>2026-09-22T08:29:46Z</time>
   </trkpt>
   <trkpt lat="22.7408140" lon="120.3261140">
    <ele>19.4</ele>
    <time>2026-09-22T08:29:47Z</time>
   </trkpt>
   <trkpt lat="22.7408250" lon="120.3261160">
    <ele>19.4</ele>
    <time>2026-09-22T08:29:48Z</time>
   </trkpt>
   <trkpt lat="22.7408330" lon="120.3261200">
    <ele>19.4</ele>
    <time>2026-09-22T08:29:49Z</time>
   </trkpt>
   <trkpt lat="22.7408360" lon="120.3261290">
    <ele>19.4</ele>
    <time>2026-09-22T08:29:50Z</time>
   </trkpt>
   <trkpt lat="22.7408280" lon="120.3261380">
    <ele>19.4</ele>
    <time>2026-09-22T08:29:51Z</time>
   </trkpt>
   <trkpt lat="22.7408270" lon="120.3261430">
    <ele>19.4</ele>
    <time>2026-09-22T08:29:52Z</time>
   </trkpt>
   <trkpt lat="22.7408300" lon="120.3261410">
    <ele>19.4</ele>
    <time>2026-09-22T08:29:53Z</time>
   </trkpt>
   <trkpt lat="22.7408390" lon="120.3261360">
    <ele>19.4</ele>
    <time>2026-09-22T08:29:54Z</time>
   </trkpt>
   <trkpt lat="22.7408450" lon="120.3261280">
    <ele>19.3</ele>
    <time>2026-09-22T08:29:55Z</time>
   </trkpt>
   <trkpt lat="22.7408480" lon="120.3261210">
    <ele>19.3</ele>
    <time>2026-09-22T08:29:56Z</time>
   </trkpt>
   <trkpt lat="22.7408530" lon="120.3261160">
    <ele>19.3</ele>
    <time>2026-09-22T08:29:57Z</time>
   </trkpt>
   <trkpt lat="22.7408590" lon="120.3261140">
    <ele>19.3</ele>
    <time>2026-09-22T08:29:58Z</time>
   </trkpt>
   <trkpt lat="22.7408690" lon="120.3261120">
    <ele>19.3</ele>
    <time>2026-09-22T08:29:59Z</time>
   </trkpt>
   <trkpt lat="22.7408770" lon="120.3261160">
    <ele>19.3</ele>
    <time>2026-09-22T08:30:00Z</time>
   </trkpt>
   <trkpt lat="22.7408820" lon="120.3261150">
    <ele>19.3</ele>
    <time>2026-09-22T08:30:01Z</time>
   </trkpt>
   <trkpt lat="22.7408810" lon="120.3261160">
    <ele>19.3</ele>
    <time>2026-09-22T08:30:02Z</time>
   </trkpt>
   <trkpt lat="22.7408810" lon="120.3261230">
    <ele>19.3</ele>
    <time>2026-09-22T08:30:03Z</time>
   </trkpt>
   <trkpt lat="22.7408770" lon="120.3261340">
    <ele>19.2</ele>
    <time>2026-09-22T08:30:04Z</time>
   </trkpt>
   <trkpt lat="22.7408740" lon="120.3261390">
    <ele>19.2</ele>
    <time>2026-09-22T08:30:05Z</time>
   </trkpt>
   <trkpt lat="22.7408730" lon="120.3261440">
    <ele>19.2</ele>
    <time>2026-09-22T08:30:06Z</time>
   </trkpt>
   <trkpt lat="22.7408730" lon="120.3261450">
    <ele>19.2</ele>
    <time>2026-09-22T08:30:07Z</time>
   </trkpt>
   <trkpt lat="22.7408730" lon="120.3261470">
    <ele>19.2</ele>
    <time>2026-09-22T08:30:08Z</time>
   </trkpt>
   <trkpt lat="22.7408730" lon="120.3261490">
    <ele>19.2</ele>
    <time>2026-09-22T08:30:09Z</time>
   </trkpt>
   <trkpt lat="22.7408720" lon="120.3261490">
    <ele>19.2</ele>
    <time>2026-09-22T08:30:10Z</time>
   </trkpt>
   <trkpt lat="22.7408680" lon="120.3261530">
    <ele>19.2</ele>
    <time>2026-09-22T08:30:11Z</time>
   </trkpt>
   <trkpt lat="22.7408670" lon="120.3261550">
    <ele>19.2</ele>
    <time>2026-09-22T08:30:12Z</time>
   </trkpt>
   <trkpt lat="22.7408660" lon="120.3261580">
    <ele>19.2</ele>
    <time>2026-09-22T08:30:13Z</time>
   </trkpt>
   <trkpt lat="22.7408650" lon="120.3261610">
    <ele>19.2</ele>
    <time>2026-09-22T08:30:14Z</time>
   </trkpt>
   <trkpt lat="22.7408650" lon="120.3261630">
    <ele>19.2</ele>
    <time>2026-09-22T08:30:15Z</time>
   </trkpt>
   <trkpt lat="22.7408660" lon="120.3261650">
    <ele>19.2</ele>
    <time>2026-09-22T08:30:16Z</time>
   </trkpt>
   <trkpt lat="22.7408640" lon="120.3261670">
    <ele>19.2</ele>
    <time>2026-09-22T08:30:17Z</time>
   </trkpt>
   <trkpt lat="22.7408620" lon="120.3261670">
    <ele>19.2</ele>
    <time>2026-09-22T08:30:18Z</time>
   </trkpt>
   <trkpt lat="22.7408610" lon="120.3261700">
    <ele>19.2</ele>
    <time>2026-09-22T08:30:19Z</time>
   </trkpt>
   <trkpt lat="22.7408610" lon="120.3261720">
    <ele>19.2</ele>
    <time>2026-09-22T08:30:20Z</time>
   </trkpt>
   <trkpt lat="22.7408610" lon="120.3261720">
    <ele>19.2</ele>
    <time>2026-09-22T08:30:21Z</time>
   </trkpt>
   <trkpt lat="22.7408630" lon="120.3261720">
    <ele>19.2</ele>
    <time>2026-09-22T08:30:22Z</time>
   </trkpt>
   <trkpt lat="22.7408630" lon="120.3261720">
    <ele>19.2</ele>
    <time>2026-09-22T08:30:23Z</time>
   </trkpt>
   <trkpt lat="22.7408590" lon="120.3261720">
    <ele>19.2</ele>
    <time>2026-09-22T08:30:24Z</time>
   </trkpt>
   <trkpt lat="22.7408580" lon="120.3261710">
    <ele>19.2</ele>
    <time>2026-09-22T08:30:25Z</time>
   </trkpt>
   <trkpt lat="22.7408580" lon="120.3261720">
    <ele>19.2</ele>
    <time>2026-09-22T08:30:26Z</time>
   </trkpt>
   <trkpt lat="22.7408580" lon="120.3261730">
    <ele>19.2</ele>
    <time>2026-09-22T08:30:27Z</time>
   </trkpt>
   <trkpt lat="22.7408580" lon="120.3261740">
    <ele>19.2</ele>
    <time>2026-09-22T08:30:28Z</time>
   </trkpt>
   <trkpt lat="22.7408580" lon="120.3261750">
    <ele>19.2</ele>
    <time>2026-09-22T08:30:29Z</time>
   </trkpt>
   <trkpt lat="22.7408570" lon="120.3261760">
    <ele>19.2</ele>
    <time>2026-09-22T08:30:30Z</time>
   </trkpt>
   <trkpt lat="22.7408570" lon="120.3261770">
    <ele>19.2</ele>
    <time>2026-09-22T08:30:31Z</time>
   </trkpt>
   <trkpt lat="22.7408580" lon="120.3261780">
    <ele>19.2</ele>
    <time>2026-09-22T08:30:32Z</time>
   </trkpt>
   <trkpt lat="22.7408580" lon="120.3261800">
    <ele>19.1</ele>
    <time>2026-09-22T08:30:33Z</time>
   </trkpt>
   <trkpt lat="22.7408590" lon="120.3261810">
    <ele>19.1</ele>
    <time>2026-09-22T08:30:34Z</time>
   </trkpt>
   <trkpt lat="22.7408580" lon="120.3261820">
    <ele>19.1</ele>
    <time>2026-09-22T08:30:35Z</time>
   </trkpt>
   <trkpt lat="22.7408590" lon="120.3261820">
    <ele>19.1</ele>
    <time>2026-09-22T08:30:36Z</time>
   </trkpt>
   <trkpt lat="22.7408490" lon="120.3261760">
    <ele>19.1</ele>
    <time>2026-09-22T08:30:37Z</time>
   </trkpt>
   <trkpt lat="22.7408500" lon="120.3261790">
    <ele>19.1</ele>
    <time>2026-09-22T08:30:38Z</time>
   </trkpt>
   <trkpt lat="22.7408500" lon="120.3261800">
    <ele>19.1</ele>
    <time>2026-09-22T08:30:40Z</time>
   </trkpt>
   <trkpt lat="22.7408510" lon="120.3261810">
    <ele>19.1</ele>
    <time>2026-09-22T08:30:41Z</time>
   </trkpt>
   <trkpt lat="22.7408460" lon="120.3261800">
    <ele>19.1</ele>
    <time>2026-09-22T08:30:42Z</time>
   </trkpt>
   <trkpt lat="22.7408480" lon="120.3261810">
    <ele>19.1</ele>
    <time>2026-09-22T08:30:43Z</time>
   </trkpt>
   <trkpt lat="22.7408500" lon="120.3261860">
    <ele>19.1</ele>
    <time>2026-09-22T08:30:44Z</time>
   </trkpt>
   <trkpt lat="22.7408500" lon="120.3261930">
    <ele>19.1</ele>
    <time>2026-09-22T08:30:46Z</time>
   </trkpt>
   <trkpt lat="22.7408490" lon="120.3261920">
    <ele>19.1</ele>
    <time>2026-09-22T08:30:47Z</time>
   </trkpt>
   <trkpt lat="22.7408430" lon="120.3261850">
    <ele>19.1</ele>
    <time>2026-09-22T08:30:48Z</time>
   </trkpt>
   <trkpt lat="22.7408350" lon="120.3261760">
    <ele>19.1</ele>
    <time>2026-09-22T08:30:49Z</time>
   </trkpt>
   <trkpt lat="22.7408290" lon="120.3261720">
    <ele>19.1</ele>
    <time>2026-09-22T08:30:50Z</time>
   </trkpt>
   <trkpt lat="22.7408290" lon="120.3261720">
    <ele>19.1</ele>
    <time>2026-09-22T08:30:51Z</time>
   </trkpt>
   <trkpt lat="22.7408260" lon="120.3261750">
    <ele>19.2</ele>
    <time>2026-09-22T08:30:54Z</time>
   </trkpt>
   <trkpt lat="22.7408090" lon="120.3261730">
    <ele>19.2</ele>
    <time>2026-09-22T08:30:56Z</time>
   </trkpt>
   <trkpt lat="22.7408010" lon="120.3261670">
    <ele>19.2</ele>
    <time>2026-09-22T08:30:57Z</time>
   </trkpt>
   <trkpt lat="22.7407950" lon="120.3261550">
    <ele>19.2</ele>
    <time>2026-09-22T08:30:59Z</time>
   </trkpt>
   <trkpt lat="22.7407940" lon="120.3261530">
    <ele>19.2</ele>
    <time>2026-09-22T08:31:00Z</time>
   </trkpt>
   <trkpt lat="22.7407970" lon="120.3261510">
    <ele>19.2</ele>
    <time>2026-09-22T08:31:01Z</time>
   </trkpt>
   <trkpt lat="22.7407910" lon="120.3261500">
    <ele>19.2</ele>
    <time>2026-09-22T08:31:02Z</time>
   </trkpt>
   <trkpt lat="22.7407890" lon="120.3261530">
    <ele>19.3</ele>
    <time>2026-09-22T08:31:03Z</time>
   </trkpt>
   <trkpt lat="22.7407880" lon="120.3261530">
    <ele>19.3</ele>
    <time>2026-09-22T08:31:04Z</time>
   </trkpt>
   <trkpt lat="22.7407810" lon="120.3261500">
    <ele>19.3</ele>
    <time>2026-09-22T08:31:05Z</time>
   </trkpt>
   <trkpt lat="22.7407710" lon="120.3261450">
    <ele>19.3</ele>
    <time>2026-09-22T08:31:06Z</time>
   </trkpt>
   <trkpt lat="22.7407540" lon="120.3261410">
    <ele>19.3</ele>
    <time>2026-09-22T08:31:07Z</time>
   </trkpt>
   <trkpt lat="22.7407420" lon="120.3261320">
    <ele>19.3</ele>
    <time>2026-09-22T08:31:08Z</time>
   </trkpt>
   <trkpt lat="22.7407400" lon="120.3261250">
    <ele>19.4</ele>
    <time>2026-09-22T08:31:09Z</time>
   </trkpt>
   <trkpt lat="22.7407440" lon="120.3261210">
    <ele>19.4</ele>
    <time>2026-09-22T08:31:10Z</time>
   </trkpt>
   <trkpt lat="22.7407420" lon="120.3261150">
    <ele>19.4</ele>
    <time>2026-09-22T08:31:11Z</time>
   </trkpt>
   <trkpt lat="22.7407330" lon="120.3261120">
    <ele>19.4</ele>
    <time>2026-09-22T08:31:12Z</time>
   </trkpt>
   <trkpt lat="22.7407240" lon="120.3261090">
    <ele>19.4</ele>
    <time>2026-09-22T08:31:13Z</time>
   </trkpt>
   <trkpt lat="22.7407150" lon="120.3261050">
    <ele>19.4</ele>
    <time>2026-09-22T08:31:14Z</time>
   </trkpt>
   <trkpt lat="22.7407140" lon="120.3260950">
    <ele>19.4</ele>
    <time>2026-09-22T08:31:15Z</time>
   </trkpt>
   <trkpt lat="22.7407190" lon="120.3260910">
    <ele>19.5</ele>
    <time>2026-09-22T08:31:16Z</time>
   </trkpt>
   <trkpt lat="22.7407160" lon="120.3260850">
    <ele>19.5</ele>
    <time>2026-09-22T08:31:18Z</time>
   </trkpt>
   <trkpt lat="22.7407050" lon="120.3260810">
    <ele>19.5</ele>
    <time>2026-09-22T08:31:19Z</time>
   </trkpt>
   <trkpt lat="22.7406950" lon="120.3260800">
    <ele>19.5</ele>
    <time>2026-09-22T08:31:20Z</time>
   </trkpt>
   <trkpt lat="22.7406860" lon="120.3260740">
    <ele>19.5</ele>
    <time>2026-09-22T08:31:21Z</time>
   </trkpt>
   <trkpt lat="22.7406870" lon="120.3260680">
    <ele>19.5</ele>
    <time>2026-09-22T08:31:22Z</time>
   </trkpt>
   <trkpt lat="22.7406900" lon="120.3260610">
    <ele>19.6</ele>
    <time>2026-09-22T08:31:23Z</time>
   </trkpt>
   <trkpt lat="22.7406830" lon="120.3260580">
    <ele>19.6</ele>
    <time>2026-09-22T08:31:24Z</time>
   </trkpt>
   <trkpt lat="22.7406720" lon="120.3260590">
    <ele>19.6</ele>
    <time>2026-09-22T08:31:25Z</time>
   </trkpt>
   <trkpt lat="22.7406630" lon="120.3260600">
    <ele>19.6</ele>
    <time>2026-09-22T08:31:26Z</time>
   </trkpt>
   <trkpt lat="22.7406520" lon="120.3260570">
    <ele>19.6</ele>
    <time>2026-09-22T08:31:27Z</time>
   </trkpt>
   <trkpt lat="22.7406500" lon="120.3260460">
    <ele>19.7</ele>
    <time>2026-09-22T08:31:28Z</time>
   </trkpt>
   <trkpt lat="22.7406560" lon="120.3260360">
    <ele>19.7</ele>
    <time>2026-09-22T08:31:30Z</time>
   </trkpt>
   <trkpt lat="22.7406520" lon="120.3260310">
    <ele>19.7</ele>
    <time>2026-09-22T08:31:31Z</time>
   </trkpt>
   <trkpt lat="22.7406410" lon="120.3260350">
    <ele>19.7</ele>
    <time>2026-09-22T08:31:32Z</time>
   </trkpt>
   <trkpt lat="22.7406300" lon="120.3260350">
    <ele>19.7</ele>
    <time>2026-09-22T08:31:33Z</time>
   </trkpt>
   <trkpt lat="22.7406220" lon="120.3260320">
    <ele>19.8</ele>
    <time>2026-09-22T08:31:34Z</time>
   </trkpt>
   <trkpt lat="22.7406190" lon="120.3260160">
    <ele>19.8</ele>
    <time>2026-09-22T08:31:35Z</time>
   </trkpt>
   <trkpt lat="22.7406220" lon="120.3260080">
    <ele>19.8</ele>
    <time>2026-09-22T08:31:36Z</time>
   </trkpt>
   <trkpt lat="22.7406210" lon="120.3260020">
    <ele>19.8</ele>
    <time>2026-09-22T08:31:37Z</time>
   </trkpt>
   <trkpt lat="22.7406150" lon="120.3260050">
    <ele>19.8</ele>
    <time>2026-09-22T08:31:38Z</time>
   </trkpt>
   <trkpt lat="22.7406070" lon="120.3260080">
    <ele>19.8</ele>
    <time>2026-09-22T08:31:39Z</time>
   </trkpt>
   <trkpt lat="22.7406000" lon="120.3260030">
    <ele>19.9</ele>
    <time>2026-09-22T08:31:40Z</time>
   </trkpt>
   <trkpt lat="22.7405990" lon="120.3259890">
    <ele>19.9</ele>
    <time>2026-09-22T08:31:41Z</time>
   </trkpt>
   <trkpt lat="22.7406000" lon="120.3259770">
    <ele>19.9</ele>
    <time>2026-09-22T08:31:42Z</time>
   </trkpt>
   <trkpt lat="22.7406190" lon="120.3259680">
    <ele>20.0</ele>
    <time>2026-09-22T08:31:44Z</time>
   </trkpt>
   <trkpt lat="22.7406230" lon="120.3259630">
    <ele>20.0</ele>
    <time>2026-09-22T08:31:45Z</time>
   </trkpt>
   <trkpt lat="22.7406180" lon="120.3259580">
    <ele>20.0</ele>
    <time>2026-09-22T08:31:46Z</time>
   </trkpt>
   <trkpt lat="22.7406100" lon="120.3259530">
    <ele>20.0</ele>
    <time>2026-09-22T08:31:47Z</time>
   </trkpt>
   <trkpt lat="22.7406030" lon="120.3259460">
    <ele>20.0</ele>
    <time>2026-09-22T08:31:48Z</time>
   </trkpt>
   <trkpt lat="22.7406020" lon="120.3259380">
    <ele>20.0</ele>
    <time>2026-09-22T08:31:49Z</time>
   </trkpt>
   <trkpt lat="22.7406060" lon="120.3259340">
    <ele>20.0</ele>
    <time>2026-09-22T08:31:50Z</time>
   </trkpt>
   <trkpt lat="22.7406070" lon="120.3259300">
    <ele>20.1</ele>
    <time>2026-09-22T08:31:51Z</time>
   </trkpt>
   <trkpt lat="22.7405970" lon="120.3259260">
    <ele>20.1</ele>
    <time>2026-09-22T08:31:52Z</time>
   </trkpt>
   <trkpt lat="22.7405860" lon="120.3259250">
    <ele>20.1</ele>
    <time>2026-09-22T08:31:53Z</time>
   </trkpt>
   <trkpt lat="22.7405730" lon="120.3259240">
    <ele>20.1</ele>
    <time>2026-09-22T08:31:54Z</time>
   </trkpt>
   <trkpt lat="22.7405660" lon="120.3259170">
    <ele>20.2</ele>
    <time>2026-09-22T08:31:55Z</time>
   </trkpt>
   <trkpt lat="22.7405680" lon="120.3259110">
    <ele>20.2</ele>
    <time>2026-09-22T08:31:57Z</time>
   </trkpt>
   <trkpt lat="22.7405690" lon="120.3259110">
    <ele>20.2</ele>
    <time>2026-09-22T08:31:58Z</time>
   </trkpt>
   <trkpt lat="22.7405680" lon="120.3259090">
    <ele>20.2</ele>
    <time>2026-09-22T08:31:59Z</time>
   </trkpt>
   <trkpt lat="22.7405630" lon="120.3259070">
    <ele>20.2</ele>
    <time>2026-09-22T08:32:00Z</time>
   </trkpt>
   <trkpt lat="22.7405500" lon="120.3259050">
    <ele>20.2</ele>
    <time>2026-09-22T08:32:01Z</time>
   </trkpt>
   <trkpt lat="22.7405410" lon="120.3259010">
    <ele>20.2</ele>
    <time>2026-09-22T08:32:02Z</time>
   </trkpt>
   <trkpt lat="22.7405360" lon="120.3258930">
    <ele>20.3</ele>
    <time>2026-09-22T08:32:03Z</time>
   </trkpt>
   <trkpt lat="22.7405380" lon="120.3258850">
    <ele>20.3</ele>
    <time>2026-09-22T08:32:04Z</time>
   </trkpt>
   <trkpt lat="22.7405410" lon="120.3258800">
    <ele>20.3</ele>
    <time>2026-09-22T08:32:05Z</time>
   </trkpt>
   <trkpt lat="22.7405400" lon="120.3258740">
    <ele>20.3</ele>
    <time>2026-09-22T08:32:06Z</time>
   </trkpt>
   <trkpt lat="22.7405230" lon="120.3258740">
    <ele>20.4</ele>
    <time>2026-09-22T08:32:07Z</time>
   </trkpt>
   <trkpt lat="22.7405110" lon="120.3258730">
    <ele>20.4</ele>
    <time>2026-09-22T08:32:08Z</time>
   </trkpt>
   <trkpt lat="22.7405020" lon="120.3258700">
    <ele>20.4</ele>
    <time>2026-09-22T08:32:09Z</time>
   </trkpt>
   <trkpt lat="22.7405030" lon="120.3258650">
    <ele>20.4</ele>
    <time>2026-09-22T08:32:10Z</time>
   </trkpt>
   <trkpt lat="22.7405080" lon="120.3258590">
    <ele>20.4</ele>
    <time>2026-09-22T08:32:11Z</time>
   </trkpt>
   <trkpt lat="22.7405070" lon="120.3258520">
    <ele>20.4</ele>
    <time>2026-09-22T08:32:12Z</time>
   </trkpt>
   <trkpt lat="22.7404960" lon="120.3258470">
    <ele>20.5</ele>
    <time>2026-09-22T08:32:13Z</time>
   </trkpt>
   <trkpt lat="22.7404840" lon="120.3258430">
    <ele>20.5</ele>
    <time>2026-09-22T08:32:14Z</time>
   </trkpt>
   <trkpt lat="22.7404770" lon="120.3258360">
    <ele>20.5</ele>
    <time>2026-09-22T08:32:15Z</time>
   </trkpt>
   <trkpt lat="22.7404720" lon="120.3258240">
    <ele>20.6</ele>
    <time>2026-09-22T08:32:16Z</time>
   </trkpt>
   <trkpt lat="22.7404720" lon="120.3258140">
    <ele>20.6</ele>
    <time>2026-09-22T08:32:17Z</time>
   </trkpt>
   <trkpt lat="22.7404720" lon="120.3258090">
    <ele>20.6</ele>
    <time>2026-09-22T08:32:18Z</time>
   </trkpt>
   <trkpt lat="22.7404710" lon="120.3258090">
    <ele>20.6</ele>
    <time>2026-09-22T08:32:19Z</time>
   </trkpt>
   <trkpt lat="22.7404720" lon="120.3258060">
    <ele>20.6</ele>
    <time>2026-09-22T08:32:20Z</time>
   </trkpt>
   <trkpt lat="22.7404650" lon="120.3258020">
    <ele>20.6</ele>
    <time>2026-09-22T08:32:21Z</time>
   </trkpt>
   <trkpt lat="22.7404570" lon="120.3258020">
    <ele>20.7</ele>
    <time>2026-09-22T08:32:22Z</time>
   </trkpt>
   <trkpt lat="22.7404480" lon="120.3258030">
    <ele>20.7</ele>
    <time>2026-09-22T08:32:23Z</time>
   </trkpt>
   <trkpt lat="22.7404380" lon="120.3258100">
    <ele>20.7</ele>
    <time>2026-09-22T08:32:24Z</time>
   </trkpt>
   <trkpt lat="22.7404310" lon="120.3258200">
    <ele>20.8</ele>
    <time>2026-09-22T08:32:25Z</time>
   </trkpt>
   <trkpt lat="22.7404230" lon="120.3258240">
    <ele>20.8</ele>
    <time>2026-09-22T08:32:26Z</time>
   </trkpt>
   <trkpt lat="22.7404120" lon="120.3258210">
    <ele>20.8</ele>
    <time>2026-09-22T08:32:27Z</time>
   </trkpt>
   <trkpt lat="22.7404020" lon="120.3258170">
    <ele>20.9</ele>
    <time>2026-09-22T08:32:28Z</time>
   </trkpt>
   <trkpt lat="22.7403950" lon="120.3258020">
    <ele>20.9</ele>
    <time>2026-09-22T08:32:29Z</time>
   </trkpt>
   <trkpt lat="22.7403890" lon="120.3257860">
    <ele>21.0</ele>
    <time>2026-09-22T08:32:30Z</time>
   </trkpt>
   <trkpt lat="22.7403920" lon="120.3257690">
    <ele>20.9</ele>
    <time>2026-09-22T08:32:31Z</time>
   </trkpt>
   <trkpt lat="22.7403920" lon="120.3257480">
    <ele>20.9</ele>
    <time>2026-09-22T08:32:32Z</time>
   </trkpt>
   <trkpt lat="22.7403900" lon="120.3257370">
    <ele>20.9</ele>
    <time>2026-09-22T08:32:33Z</time>
   </trkpt>
   <trkpt lat="22.7403880" lon="120.3257230">
    <ele>20.9</ele>
    <time>2026-09-22T08:32:34Z</time>
   </trkpt>
   <trkpt lat="22.7403840" lon="120.3257130">
    <ele>20.9</ele>
    <time>2026-09-22T08:32:35Z</time>
   </trkpt>
   <trkpt lat="22.7403810" lon="120.3257000">
    <ele>20.8</ele>
    <time>2026-09-22T08:32:36Z</time>
   </trkpt>
   <trkpt lat="22.7403820" lon="120.3256880">
    <ele>20.8</ele>
    <time>2026-09-22T08:32:37Z</time>
   </trkpt>
   <trkpt lat="22.7403900" lon="120.3256860">
    <ele>20.8</ele>
    <time>2026-09-22T08:32:38Z</time>
   </trkpt>
   <trkpt lat="22.7403980" lon="120.3256880">
    <ele>20.8</ele>
    <time>2026-09-22T08:32:39Z</time>
   </trkpt>
   <trkpt lat="22.7404020" lon="120.3256890">
    <ele>20.8</ele>
    <time>2026-09-22T08:32:40Z</time>
   </trkpt>
   <trkpt lat="22.7404040" lon="120.3256900">
    <ele>20.8</ele>
    <time>2026-09-22T08:32:41Z</time>
   </trkpt>
   <trkpt lat="22.7404040" lon="120.3256900">
    <ele>20.8</ele>
    <time>2026-09-22T08:32:43Z</time>
   </trkpt>
   <trkpt lat="22.7403960" lon="120.3256880">
    <ele>20.8</ele>
    <time>2026-09-22T08:32:44Z</time>
   </trkpt>
   <trkpt lat="22.7404000" lon="120.3256880">
    <ele>20.8</ele>
    <time>2026-09-22T08:32:45Z</time>
   </trkpt>
   <trkpt lat="22.7404090" lon="120.3256870">
    <ele>20.7</ele>
    <time>2026-09-22T08:32:46Z</time>
   </trkpt>
   <trkpt lat="22.7404110" lon="120.3256720">
    <ele>20.7</ele>
    <time>2026-09-22T08:32:47Z</time>
   </trkpt>
   <trkpt lat="22.7404130" lon="120.3256600">
    <ele>20.7</ele>
    <time>2026-09-22T08:32:48Z</time>
   </trkpt>
   <trkpt lat="22.7404140" lon="120.3256490">
    <ele>20.7</ele>
    <time>2026-09-22T08:32:49Z</time>
   </trkpt>
   <trkpt lat="22.7404120" lon="120.3256370">
    <ele>20.7</ele>
    <time>2026-09-22T08:32:50Z</time>
   </trkpt>
   <trkpt lat="22.7404100" lon="120.3256260">
    <ele>20.7</ele>
    <time>2026-09-22T08:32:51Z</time>
   </trkpt>
   <trkpt lat="22.7404120" lon="120.3256130">
    <ele>20.7</ele>
    <time>2026-09-22T08:32:52Z</time>
   </trkpt>
   <trkpt lat="22.7404050" lon="120.3255980">
    <ele>20.7</ele>
    <time>2026-09-22T08:32:53Z</time>
   </trkpt>
   <trkpt lat="22.7404040" lon="120.3255840">
    <ele>20.6</ele>
    <time>2026-09-22T08:32:54Z</time>
   </trkpt>
   <trkpt lat="22.7403960" lon="120.3255650">
    <ele>20.6</ele>
    <time>2026-09-22T08:32:55Z</time>
   </trkpt>
   <trkpt lat="22.7403940" lon="120.3255510">
    <ele>20.6</ele>
    <time>2026-09-22T08:32:56Z</time>
   </trkpt>
   <trkpt lat="22.7403940" lon="120.3255370">
    <ele>20.6</ele>
    <time>2026-09-22T08:32:57Z</time>
   </trkpt>
   <trkpt lat="22.7403970" lon="120.3255220">
    <ele>20.6</ele>
    <time>2026-09-22T08:32:58Z</time>
   </trkpt>
   <trkpt lat="22.7404070" lon="120.3255060">
    <ele>20.6</ele>
    <time>2026-09-22T08:32:59Z</time>
   </trkpt>
   <trkpt lat="22.7404180" lon="120.3254840">
    <ele>20.5</ele>
    <time>2026-09-22T08:33:01Z</time>
   </trkpt>
   <trkpt lat="22.7404170" lon="120.3254690">
    <ele>20.5</ele>
    <time>2026-09-22T08:33:02Z</time>
   </trkpt>
   <trkpt lat="22.7404130" lon="120.3254520">
    <ele>20.5</ele>
    <time>2026-09-22T08:33:03Z</time>
   </trkpt>
   <trkpt lat="22.7404100" lon="120.3254330">
    <ele>20.5</ele>
    <time>2026-09-22T08:33:04Z</time>
   </trkpt>
   <trkpt lat="22.7404050" lon="120.3254150">
    <ele>20.4</ele>
    <time>2026-09-22T08:33:06Z</time>
   </trkpt>
   <trkpt lat="22.7403980" lon="120.3253960">
    <ele>20.4</ele>
    <time>2026-09-22T08:33:07Z</time>
   </trkpt>
   <trkpt lat="22.7403980" lon="120.3253960">
    <ele>20.4</ele>
    <time>2026-09-22T08:33:08Z</time>
   </trkpt>
   <trkpt lat="22.7402960" lon="120.3253870">
    <ele>20.2</ele>
    <time>2026-09-22T08:33:09Z</time>
   </trkpt>
   <trkpt lat="22.7402960" lon="120.3253870">
    <ele>20.2</ele>
    <time>2026-09-22T08:33:10Z</time>
   </trkpt>
   <trkpt lat="22.7402960" lon="120.3253870">
    <ele>20.2</ele>
    <time>2026-09-22T08:33:11Z</time>
   </trkpt>
   <trkpt lat="22.7401890" lon="120.3253770">
    <ele>20.0</ele>
    <time>2026-09-22T08:33:12Z</time>
   </trkpt>
   <trkpt lat="22.7401890" lon="120.3253770">
    <ele>20.0</ele>
    <time>2026-09-22T08:33:13Z</time>
   </trkpt>
   <trkpt lat="22.7401290" lon="120.3253920">
    <ele>19.9</ele>
    <time>2026-09-22T08:33:14Z</time>
   </trkpt>
   <trkpt lat="22.7401060" lon="120.3253980">
    <ele>19.8</ele>
    <time>2026-09-22T08:33:15Z</time>
   </trkpt>
   <trkpt lat="22.7400970" lon="120.3253900">
    <ele>19.8</ele>
    <time>2026-09-22T08:33:16Z</time>
   </trkpt>
   <trkpt lat="22.7400890" lon="120.3253780">
    <ele>19.8</ele>
    <time>2026-09-22T08:33:17Z</time>
   </trkpt>
   <trkpt lat="22.7400870" lon="120.3253590">
    <ele>19.8</ele>
    <time>2026-09-22T08:33:18Z</time>
   </trkpt>
   <trkpt lat="22.7400780" lon="120.3253480">
    <ele>19.8</ele>
    <time>2026-09-22T08:33:19Z</time>
   </trkpt>
   <trkpt lat="22.7400690" lon="120.3253380">
    <ele>19.7</ele>
    <time>2026-09-22T08:33:20Z</time>
   </trkpt>
   <trkpt lat="22.7400590" lon="120.3253270">
    <ele>19.7</ele>
    <time>2026-09-22T08:33:21Z</time>
   </trkpt>
   <trkpt lat="22.7400490" lon="120.3253140">
    <ele>19.7</ele>
    <time>2026-09-22T08:33:22Z</time>
   </trkpt>
   <trkpt lat="22.7400430" lon="120.3253060">
    <ele>19.7</ele>
    <time>2026-09-22T08:33:23Z</time>
   </trkpt>
   <trkpt lat="22.7400300" lon="120.3252930">
    <ele>19.7</ele>
    <time>2026-09-22T08:33:24Z</time>
   </trkpt>
   <trkpt lat="22.7400230" lon="120.3252770">
    <ele>19.6</ele>
    <time>2026-09-22T08:33:25Z</time>
   </trkpt>
   <trkpt lat="22.7400270" lon="120.3252700">
    <ele>19.6</ele>
    <time>2026-09-22T08:33:26Z</time>
   </trkpt>
   <trkpt lat="22.7400240" lon="120.3252620">
    <ele>19.6</ele>
    <time>2026-09-22T08:33:27Z</time>
   </trkpt>
   <trkpt lat="22.7400120" lon="120.3252570">
    <ele>19.6</ele>
    <time>2026-09-22T08:33:28Z</time>
   </trkpt>
   <trkpt lat="22.7400020" lon="120.3252520">
    <ele>19.6</ele>
    <time>2026-09-22T08:33:29Z</time>
   </trkpt>
   <trkpt lat="22.7399860" lon="120.3252400">
    <ele>19.6</ele>
    <time>2026-09-22T08:33:30Z</time>
   </trkpt>
   <trkpt lat="22.7399730" lon="120.3252370">
    <ele>19.5</ele>
    <time>2026-09-22T08:33:31Z</time>
   </trkpt>
   <trkpt lat="22.7399630" lon="120.3252340">
    <ele>19.5</ele>
    <time>2026-09-22T08:33:32Z</time>
   </trkpt>
   <trkpt lat="22.7399530" lon="120.3252260">
    <ele>19.5</ele>
    <time>2026-09-22T08:33:33Z</time>
   </trkpt>
   <trkpt lat="22.7399460" lon="120.3252130">
    <ele>19.5</ele>
    <time>2026-09-22T08:33:34Z</time>
   </trkpt>
   <trkpt lat="22.7399400" lon="120.3252090">
    <ele>19.5</ele>
    <time>2026-09-22T08:33:35Z</time>
   </trkpt>
   <trkpt lat="22.7399280" lon="120.3252040">
    <ele>19.5</ele>
    <time>2026-09-22T08:33:36Z</time>
   </trkpt>
   <trkpt lat="22.7399170" lon="120.3251970">
    <ele>19.4</ele>
    <time>2026-09-22T08:33:37Z</time>
   </trkpt>
   <trkpt lat="22.7399160" lon="120.3251780">
    <ele>19.4</ele>
    <time>2026-09-22T08:33:38Z</time>
   </trkpt>
   <trkpt lat="22.7399130" lon="120.3251530">
    <ele>19.4</ele>
    <time>2026-09-22T08:33:39Z</time>
   </trkpt>
   <trkpt lat="22.7399120" lon="120.3251390">
    <ele>19.4</ele>
    <time>2026-09-22T08:33:40Z</time>
   </trkpt>
   <trkpt lat="22.7399130" lon="120.3251210">
    <ele>19.4</ele>
    <time>2026-09-22T08:33:41Z</time>
   </trkpt>
   <trkpt lat="22.7399180" lon="120.3251000">
    <ele>19.3</ele>
    <time>2026-09-22T08:33:42Z</time>
   </trkpt>
   <trkpt lat="22.7399190" lon="120.3250830">
    <ele>19.3</ele>
    <time>2026-09-22T08:33:43Z</time>
   </trkpt>
   <trkpt lat="22.7399210" lon="120.3250730">
    <ele>19.3</ele>
    <time>2026-09-22T08:33:44Z</time>
   </trkpt>
   <trkpt lat="22.7399230" lon="120.3250670">
    <ele>19.3</ele>
    <time>2026-09-22T08:33:45Z</time>
   </trkpt>
   <trkpt lat="22.7399200" lon="120.3250540">
    <ele>19.3</ele>
    <time>2026-09-22T08:33:46Z</time>
   </trkpt>
   <trkpt lat="22.7399190" lon="120.3250350">
    <ele>19.3</ele>
    <time>2026-09-22T08:33:47Z</time>
   </trkpt>
   <trkpt lat="22.7399190" lon="120.3250220">
    <ele>19.2</ele>
    <time>2026-09-22T08:33:48Z</time>
   </trkpt>
   <trkpt lat="22.7399210" lon="120.3250100">
    <ele>19.2</ele>
    <time>2026-09-22T08:33:49Z</time>
   </trkpt>
   <trkpt lat="22.7399250" lon="120.3249990">
    <ele>19.2</ele>
    <time>2026-09-22T08:33:50Z</time>
   </trkpt>
   <trkpt lat="22.7399300" lon="120.3249890">
    <ele>19.2</ele>
    <time>2026-09-22T08:33:51Z</time>
   </trkpt>
   <trkpt lat="22.7399380" lon="120.3249810">
    <ele>19.2</ele>
    <time>2026-09-22T08:33:52Z</time>
   </trkpt>
   <trkpt lat="22.7399460" lon="120.3249740">
    <ele>19.2</ele>
    <time>2026-09-22T08:33:53Z</time>
   </trkpt>
   <trkpt lat="22.7399560" lon="120.3249770">
    <ele>19.2</ele>
    <time>2026-09-22T08:33:54Z</time>
   </trkpt>
   <trkpt lat="22.7399580" lon="120.3249840">
    <ele>19.2</ele>
    <time>2026-09-22T08:33:55Z</time>
   </trkpt>
   <trkpt lat="22.7399600" lon="120.3249880">
    <ele>19.2</ele>
    <time>2026-09-22T08:33:56Z</time>
   </trkpt>
   <trkpt lat="22.7399600" lon="120.3249930">
    <ele>19.2</ele>
    <time>2026-09-22T08:33:57Z</time>
   </trkpt>
   <trkpt lat="22.7399620" lon="120.3249960">
    <ele>19.2</ele>
    <time>2026-09-22T08:33:58Z</time>
   </trkpt>
   <trkpt lat="22.7399620" lon="120.3249980">
    <ele>19.2</ele>
    <time>2026-09-22T08:33:59Z</time>
   </trkpt>
   <trkpt lat="22.7399600" lon="120.3249970">
    <ele>19.2</ele>
    <time>2026-09-22T08:34:00Z</time>
   </trkpt>
   <trkpt lat="22.7399570" lon="120.3249970">
    <ele>19.2</ele>
    <time>2026-09-22T08:34:01Z</time>
   </trkpt>
   <trkpt lat="22.7399540" lon="120.3249960">
    <ele>19.2</ele>
    <time>2026-09-22T08:34:02Z</time>
   </trkpt>
   <trkpt lat="22.7399520" lon="120.3249960">
    <ele>19.2</ele>
    <time>2026-09-22T08:34:03Z</time>
   </trkpt>
   <trkpt lat="22.7399510" lon="120.3249960">
    <ele>19.2</ele>
    <time>2026-09-22T08:34:04Z</time>
   </trkpt>
   <trkpt lat="22.7399500" lon="120.3249960">
    <ele>19.2</ele>
    <time>2026-09-22T08:34:05Z</time>
   </trkpt>
   <trkpt lat="22.7399500" lon="120.3249960">
    <ele>19.2</ele>
    <time>2026-09-22T08:34:06Z</time>
   </trkpt>
   <trkpt lat="22.7399500" lon="120.3249960">
    <ele>19.2</ele>
    <time>2026-09-22T08:34:07Z</time>
   </trkpt>
   <trkpt lat="22.7399490" lon="120.3249960">
    <ele>19.1</ele>
    <time>2026-09-22T08:34:08Z</time>
   </trkpt>
   <trkpt lat="22.7399490" lon="120.3249960">
    <ele>19.1</ele>
    <time>2026-09-22T08:34:09Z</time>
   </trkpt>
   <trkpt lat="22.7399470" lon="120.3249950">
    <ele>19.1</ele>
    <time>2026-09-22T08:34:10Z</time>
   </trkpt>
   <trkpt lat="22.7399450" lon="120.3249940">
    <ele>19.1</ele>
    <time>2026-09-22T08:34:11Z</time>
   </trkpt>
   <trkpt lat="22.7399430" lon="120.3249930">
    <ele>19.1</ele>
    <time>2026-09-22T08:34:12Z</time>
   </trkpt>
   <trkpt lat="22.7399410" lon="120.3249920">
    <ele>19.1</ele>
    <time>2026-09-22T08:34:13Z</time>
   </trkpt>
   <trkpt lat="22.7399410" lon="120.3249920">
    <ele>19.1</ele>
    <time>2026-09-22T08:34:14Z</time>
   </trkpt>
   <trkpt lat="22.7399400" lon="120.3249920">
    <ele>19.1</ele>
    <time>2026-09-22T08:34:15Z</time>
   </trkpt>
   <trkpt lat="22.7399390" lon="120.3249910">
    <ele>19.1</ele>
    <time>2026-09-22T08:34:17Z</time>
   </trkpt>
  </trkseg>
 </trk>
</gpx>
