<?xml version="1.0" encoding="UTF-8"?>
<gpx creator="StravaGPX" version="1.1" xmlns="http://www.topografix.com/GPX/1/1" xmlns:xsi="http://www.w3.org/2001/XMLSchema-instance" xsi:schemaLocation="http://www.topografix.com/GPX/1/1 http://www.topografix.com/GPX/1/1/gpx.xsd">
 <metadata>
  <time>2026-09-23T09:39:05Z</time>
 </metadata>
 <trk>
  <name>0923 Wan</name>
  <type>cycling</type>
  <trkseg>
   <trkpt lat="22.7401340" lon="120.3317550">
    <ele>19.2</ele>
    <time>2026-09-23T09:39:05Z</time>
   </trkpt>
   <trkpt lat="22.7401290" lon="120.3317590">
    <ele>19.2</ele>
    <time>2026-09-23T09:39:06Z</time>
   </trkpt>
   <trkpt lat="22.7401240" lon="120.3317630">
    <ele>19.2</ele>
    <time>2026-09-23T09:39:07Z</time>
   </trkpt>
   <trkpt lat="22.7401250" lon="120.3317600">
    <ele>19.2</ele>
    <time>2026-09-23T09:39:08Z</time>
   </trkpt>
   <trkpt lat="22.7401250" lon="120.3317600">
    <ele>19.2</ele>
    <time>2026-09-23T09:39:09Z</time>
   </trkpt>
   <trkpt lat="22.7401230" lon="120.3317590">
    <ele>19.2</ele>
    <time>2026-09-23T09:39:10Z</time>
   </trkpt>
   <trkpt lat="22.7401220" lon="120.3317570">
    <ele>19.2</ele>
    <time>2026-09-23T09:39:11Z</time>
   </trkpt>
   <trkpt lat="22.7401170" lon="120.3317500">
    <ele>19.2</ele>
    <time>2026-09-23T09:39:12Z</time>
   </trkpt>
   <trkpt lat="22.7401150" lon="120.3317440">
    <ele>19.2</ele>
    <time>2026-09-23T09:39:13Z</time>
   </trkpt>
   <trkpt lat="22.7401120" lon="120.3317390">
    <ele>19.2</ele>
    <time>2026-09-23T09:39:14Z</time>
   </trkpt>
   <trkpt lat="22.7401160" lon="120.3317340">
    <ele>19.2</ele>
    <time>2026-09-23T09:39:15Z</time>
   </trkpt>
   <trkpt lat="22.7401510" lon="120.3317410">
    <ele>19.2</ele>
    <time>2026-09-23T09:39:39Z</time>
   </trkpt>
   <trkpt lat="22.7401590" lon="120.3317450">
    <ele>19.2</ele>
    <time>2026-09-23T09:39:40Z</time>
   </trkpt>
   <trkpt lat="22.7401670" lon="120.3317450">
    <ele>19.2</ele>
    <time>2026-09-23T09:39:41Z</time>
   </trkpt>
   <trkpt lat="22.7401660" lon="120.3317450">
    <ele>19.2</ele>
    <time>2026-09-23T09:39:42Z</time>
   </trkpt>
   <trkpt lat="22.7401710" lon="120.3317500">
    <ele>19.2</ele>
    <time>2026-09-23T09:39:43Z</time>
   </trkpt>
   <trkpt lat="22.7401760" lon="120.3317380">
    <ele>19.2</ele>
    <time>2026-09-23T09:39:44Z</time>
   </trkpt>
   <trkpt lat="22.7401720" lon="120.3317280">
    <ele>19.2</ele>
    <time>2026-09-23T09:39:45Z</time>
   </trkpt>
   <trkpt lat="22.7401740" lon="120.3317230">
    <ele>19.2</ele>
    <time>2026-09-23T09:39:46Z</time>
   </trkpt>
   <trkpt lat="22.7401870" lon="120.3317150">
    <ele>19.2</ele>
    <time>2026-09-23T09:39:47Z</time>
   </trkpt>
   <trkpt lat="22.7402050" lon="120.3316970">
    <ele>19.2</ele>
    <time>2026-09-23T09:39:48Z</time>
   </trkpt>
   <trkpt lat="22.7402170" lon="120.3316820">
    <ele>19.2</ele>
    <time>2026-09-23T09:39:49Z</time>
   </trkpt>
   <trkpt lat="22.7402250" lon="120.3316730">
    <ele>19.2</ele>
    <time>2026-09-23T09:39:50Z</time>
   </trkpt>
   <trkpt lat="22.7402300" lon="120.3316550">
    <ele>19.2</ele>
    <time>2026-09-23T09:39:51Z</time>
   </trkpt>
   <trkpt lat="22.7402410" lon="120.3316430">
    <ele>19.2</ele>
    <time>2026-09-23T09:39:52Z</time>
   </trkpt>
   <trkpt lat="22.7402410" lon="120.3316290">
    <ele>19.2</ele>
    <time>2026-09-23T09:39:53Z</time>
   </trkpt>
   <trkpt lat="22.7402470" lon="120.3316200">
    <ele>19.2</ele>
    <time>2026-09-23T09:39:54Z</time>
   </trkpt>
   <trkpt lat="22.7402530" lon="120.3316120">
    <ele>19.2</ele>
    <time>2026-09-23T09:39:55Z</time>
   </trkpt>
   <trkpt lat="22.7402620" lon="120.3316170">
    <ele>19.2</ele>
    <time>2026-09-23T09:39:56Z</time>
   </trkpt>
   <trkpt lat="22.7402740" lon="120.3316310">
    <ele>19.2</ele>
    <time>2026-09-23T09:39:57Z</time>
   </trkpt>
   <trkpt lat="22.7403590" lon="120.3316890">
    <ele>19.2</ele>
    <time>2026-09-23T09:40:09Z</time>
   </trkpt>
   <trkpt lat="22.7403640" lon="120.3316950">
    <ele>19.2</ele>
    <time>2026-09-23T09:40:10Z</time>
   </trkpt>
   <trkpt lat="22.7403640" lon="120.3317000">
    <ele>19.2</ele>
    <time>2026-09-23T09:40:11Z</time>
   </trkpt>
   <trkpt lat="22.7403640" lon="120.3317010">
    <ele>19.2</ele>
    <time>2026-09-23T09:40:12Z</time>
   </trkpt>
   <trkpt lat="22.7403720" lon="120.3316930">
    <ele>19.2</ele>
    <time>2026-09-23T09:40:13Z</time>
   </trkpt>
   <trkpt lat="22.7403720" lon="120.3316880">
    <ele>19.2</ele>
    <time>2026-09-23T09:40:14Z</time>
   </trkpt>
   <trkpt lat="22.7403720" lon="120.3316870">
    <ele>19.2</ele>
    <time>2026-09-23T09:40:15Z</time>
   </trkpt>
   <trkpt lat="22.7403740" lon="120.3316780">
    <ele>19.2</ele>
    <time>2026-09-23T09:40:16Z</time>
   </trkpt>
   <trkpt lat="22.7403740" lon="120.3316780">
    <ele>19.2</ele>
    <time>2026-09-23T09:40:17Z</time>
   </trkpt>
   <trkpt lat="22.7403730" lon="120.3316780">
    <ele>19.2</ele>
    <time>2026-09-23T09:40:18Z</time>
   </trkpt>
   <trkpt lat="22.7404310" lon="120.3316560">
    <ele>19.2</ele>
    <time>2026-09-23T09:40:22Z</time>
   </trkpt>
   <trkpt lat="22.7404310" lon="120.3316670">
    <ele>19.2</ele>
    <time>2026-09-23T09:40:23Z</time>
   </trkpt>
   <trkpt lat="22.7404250" lon="120.3316710">
    <ele>19.2</ele>
    <time>2026-09-23T09:40:24Z</time>
   </trkpt>
   <trkpt lat="22.7404300" lon="120.3316680">
    <ele>19.2</ele>
    <time>2026-09-23T09:40:25Z</time>
   </trkpt>
   <trkpt lat="22.7404300" lon="120.3316770">
    <ele>19.2</ele>
    <time>2026-09-23T09:40:26Z</time>
   </trkpt>
   <trkpt lat="22.7404360" lon="120.3316740">
    <ele>19.2</ele>
    <time>2026-09-23T09:40:27Z</time>
   </trkpt>
   <trkpt lat="22.7404470" lon="120.3316780">
    <ele>19.2</ele>
    <time>2026-09-23T09:40:28Z</time>
   </trkpt>
   <trkpt lat="22.7404600" lon="120.3316840">
    <ele>19.2</ele>
    <time>2026-09-23T09:40:29Z</time>
   </trkpt>
   <trkpt lat="22.7404720" lon="120.3316940">
    <ele>19.2</ele>
    <time>2026-09-23T09:40:30Z</time>
   </trkpt>
   <trkpt lat="22.7404670" lon="120.3317000">
    <ele>19.2</ele>
    <time>2026-09-23T09:40:31Z</time>
   </trkpt>
   <trkpt lat="22.7404700" lon="120.3317010">
    <ele>19.2</ele>
    <time>2026-09-23T09:40:32Z</time>
   </trkpt>
   <trkpt lat="22.7404700" lon="120.3317060">
    <ele>19.2</ele>
    <time>2026-09-23T09:40:33Z</time>
   </trkpt>
   <trkpt lat="22.7404690" lon="120.3317050">
    <ele>19.2</ele>
    <time>2026-09-23T09:40:34Z</time>
   </trkpt>
   <trkpt lat="22.7404630" lon="120.3317110">
    <ele>19.2</ele>
    <time>2026-09-23T09:40:35Z</time>
   </trkpt>
   <trkpt lat="22.7404620" lon="120.3317170">
    <ele>19.2</ele>
    <time>2026-09-23T09:40:36Z</time>
   </trkpt>
   <trkpt lat="22.7404590" lon="120.3317200">
    <ele>19.2</ele>
    <time>2026-09-23T09:40:37Z</time>
   </trkpt>
   <trkpt lat="22.7404610" lon="120.3317200">
    <ele>19.2</ele>
    <time>2026-09-23T09:40:38Z</time>
   </trkpt>
   <trkpt lat="22.7404630" lon="120.3317190">
    <ele>19.2</ele>
    <time>2026-09-23T09:40:39Z</time>
   </trkpt>
   <trkpt lat="22.7404680" lon="120.3317190">
    <ele>19.2</ele>
    <time>2026-09-23T09:40:40Z</time>
   </trkpt>
   <trkpt lat="22.7404330" lon="120.3317010">
    <ele>19.2</ele>
    <time>2026-09-23T09:40:59Z</time>
   </trkpt>
   <trkpt lat="22.7404340" lon="120.3317000">
    <ele>19.2</ele>
    <time>2026-09-23T09:41:00Z</time>
   </trkpt>
   <trkpt lat="22.7404420" lon="120.3316910">
    <ele>19.2</ele>
    <time>2026-09-23T09:41:01Z</time>
   </trkpt>
   <trkpt lat="22.7404300" lon="120.3316960">
    <ele>19.2</ele>
    <time>2026-09-23T09:41:02Z</time>
   </trkpt>
   <trkpt lat="22.7404310" lon="120.3317080">
    <ele>19.2</ele>
    <time>2026-09-23T09:41:03Z</time>
   </trkpt>
   <trkpt lat="22.7404280" lon="120.3317240">
    <ele>19.2</ele>
    <time>2026-09-23T09:41:04Z</time>
   </trkpt>
   <trkpt lat="22.7404330" lon="120.3317370">
    <ele>19.2</ele>
    <time>2026-09-23T09:41:05Z</time>
   </trkpt>
   <trkpt lat="22.7404440" lon="120.3317440">
    <ele>19.2</ele>
    <time>2026-09-23T09:41:06Z</time>
   </trkpt>
   <trkpt lat="22.7404520" lon="120.3317490">
    <ele>19.2</ele>
    <time>2026-09-23T09:41:07Z</time>
   </trkpt>
   <trkpt lat="22.7404630" lon="120.3317540">
    <ele>19.2</ele>
    <time>2026-09-23T09:41:08Z</time>
   </trkpt>
   <trkpt lat="22.7404650" lon="120.3317600">
    <ele>19.2</ele>
    <time>2026-09-23T09:41:09Z</time>
   </trkpt>
   <trkpt lat="22.7404700" lon="120.3317680">
    <ele>19.2</ele>
    <time>2026-09-23T09:41:10Z</time>
   </trkpt>
   <trkpt lat="22.7404720" lon="120.3317830">
    <ele>19.2</ele>
    <time>2026-09-23T09:41:11Z</time>
   </trkpt>
   <trkpt lat="22.7404710" lon="120.3317850">
    <ele>19.2</ele>
    <time>2026-09-23T09:41:12Z</time>
   </trkpt>
   <trkpt lat="22.7404720" lon="120.3317820">
    <ele>19.2</ele>
    <time>2026-09-23T09:41:13Z</time>
   </trkpt>
   <trkpt lat="22.7404720" lon="120.3317820">
    <ele>19.2</ele>
    <time>2026-09-23T09:41:14Z</time>
   </trkpt>
   <trkpt lat="22.7404700" lon="120.3317910">
    <ele>19.2</ele>
    <time>2026-09-23T09:41:15Z</time>
   </trkpt>
   <trkpt lat="22.7404660" lon="120.3317880">
    <ele>19.2</ele>
    <time>2026-09-23T09:41:16Z</time>
   </trkpt>
   <trkpt lat="22.7404670" lon="120.3317960">
    <ele>19.2</ele>
    <time>2026-09-23T09:41:17Z</time>
   </trkpt>
   <trkpt lat="22.7404700" lon="120.3317980">
    <ele>19.2</ele>
    <time>2026-09-23T09:41:18Z</time>
   </trkpt>
   <trkpt lat="22.7404760" lon="120.3318060">
    <ele>19.2</ele>
    <time>2026-09-23T09:41:19Z</time>
   </trkpt>
   <trkpt lat="22.7405470" lon="120.3318580">
    <ele>19.0</ele>
    <time>2026-09-23T09:41:38Z</time>
   </trkpt>
   <trkpt lat="22.7405470" lon="120.3318550">
    <ele>19.0</ele>
    <time>2026-09-23T09:41:39Z</time>
   </trkpt>
   <trkpt lat="22.7405570" lon="120.3318530">
    <ele>19.0</ele>
    <time>2026-09-23T09:41:40Z</time>
   </trkpt>
   <trkpt lat="22.7405630" lon="120.3318540">
    <ele>19.0</ele>
    <time>2026-09-23T09:41:41Z</time>
   </trkpt>
   <trkpt lat="22.7405740" lon="120.3318620">
    <ele>18.9</ele>
    <time>2026-09-23T09:41:42Z</time>
   </trkpt>
   <trkpt lat="22.7405840" lon="120.3318620">
    <ele>18.9</ele>
    <time>2026-09-23T09:41:43Z</time>
   </trkpt>
   <trkpt lat="22.7405950" lon="120.3318680">
    <ele>18.9</ele>
    <time>2026-09-23T09:41:44Z</time>
   </trkpt>
   <trkpt lat="22.7405980" lon="120.3318770">
    <ele>18.9</ele>
    <time>2026-09-23T09:41:45Z</time>
   </trkpt>
   <trkpt lat="22.7406020" lon="120.3318790">
    <ele>18.8</ele>
    <time>2026-09-23T09:41:46Z</time>
   </trkpt>
   <trkpt lat="22.7406130" lon="120.3318810">
    <ele>18.8</ele>
    <time>2026-09-23T09:41:47Z</time>
   </trkpt>
   <trkpt lat="22.7406250" lon="120.3318850">
    <ele>18.8</ele>
    <time>2026-09-23T09:41:48Z</time>
   </trkpt>
   <trkpt lat="22.7406350" lon="120.3318910">
    <ele>18.8</ele>
    <time>2026-09-23T09:41:49Z</time>
   </trkpt>
   <trkpt lat="22.7406490" lon="120.3318940">
    <ele>18.8</ele>
    <time>2026-09-23T09:41:50Z</time>
   </trkpt>
   <trkpt lat="22.7406570" lon="120.3319020">
    <ele>18.8</ele>
    <time>2026-09-23T09:41:51Z</time>
   </trkpt>
   <trkpt lat="22.7406610" lon="120.3319110">
    <ele>18.8</ele>
    <time>2026-09-23T09:41:52Z</time>
   </trkpt>
   <trkpt lat="22.7406620" lon="120.3319090">
    <ele>18.8</ele>
    <time>2026-09-23T09:41:53Z</time>
   </trkpt>
   <trkpt lat="22.7406610" lon="120.3319030">
    <ele>18.8</ele>
    <time>2026-09-23T09:41:54Z</time>
   </trkpt>
   <trkpt lat="22.7406630" lon="120.3319040">
    <ele>18.8</ele>
    <time>2026-09-23T09:41:55Z</time>
   </trkpt>
   <trkpt lat="22.7406670" lon="120.3319170">
    <ele>18.8</ele>
    <time>2026-09-23T09:41:56Z</time>
   </trkpt>
   <trkpt lat="22.7406590" lon="120.3319180">
    <ele>18.8</ele>
    <time>2026-09-23T09:41:57Z</time>
   </trkpt>
   <trkpt lat="22.7406630" lon="120.3319160">
    <ele>18.8</ele>
    <time>2026-09-23T09:41:58Z</time>
   </trkpt>
   <trkpt lat="22.7406700" lon="120.3319070">
    <ele>18.8</ele>
    <time>2026-09-23T09:41:59Z</time>
   </trkpt>
   <trkpt lat="22.7406790" lon="120.3319050">
    <ele>18.8</ele>
    <time>2026-09-23T09:42:00Z</time>
   </trkpt>
   <trkpt lat="22.7406860" lon="120.3319030">
    <ele>18.8</ele>
    <time>2026-09-23T09:42:01Z</time>
   </trkpt>
   <trkpt lat="22.7406940" lon="120.3319010">
    <ele>18.8</ele>
    <time>2026-09-23T09:42:02Z</time>
   </trkpt>
   <trkpt lat="22.7407040" lon="120.3319130">
    <ele>18.8</ele>
    <time>2026-09-23T09:42:03Z</time>
   </trkpt>
   <trkpt lat="22.7407210" lon="120.3319200">
    <ele>18.8</ele>
    <time>2026-09-23T09:42:04Z</time>
   </trkpt>
   <trkpt lat="22.7407370" lon="120.3319300">
    <ele>18.8</ele>
    <time>2026-09-23T09:42:05Z</time>
   </trkpt>
   <trkpt lat="22.7407380" lon="120.3319340">
    <ele>18.8</ele>
    <time>2026-09-23T09:42:06Z</time>
   </trkpt>
   <trkpt lat="22.7407430" lon="120.3319400">
    <ele>18.8</ele>
    <time>2026-09-23T09:42:07Z</time>
   </trkpt>
   <trkpt lat="22.7407510" lon="120.3319470">
    <ele>18.8</ele>
    <time>2026-09-23T09:42:08Z</time>
   </trkpt>
   <trkpt lat="22.7407530" lon="120.3319560">
    <ele>18.8</ele>
    <time>2026-09-23T09:42:09Z</time>
   </trkpt>
   <trkpt lat="22.7407540" lon="120.3319700">
    <ele>18.8</ele>
    <time>2026-09-23T09:42:10Z</time>
   </trkpt>
   <trkpt lat="22.7407610" lon="120.3319830">
    <ele>18.8</ele>
    <time>2026-09-23T09:42:11Z</time>
   </trkpt>
   <trkpt lat="22.7407610" lon="120.3319970">
    <ele>18.7</ele>
    <time>2026-09-23T09:42:12Z</time>
   </trkpt>
   <trkpt lat="22.7407620" lon="120.3320090">
    <ele>18.7</ele>
    <time>2026-09-23T09:42:13Z</time>
   </trkpt>
   <trkpt lat="22.7407640" lon="120.3320170">
    <ele>18.7</ele>
    <time>2026-09-23T09:42:14Z</time>
   </trkpt>
   <trkpt lat="22.7407650" lon="120.3320180">
    <ele>18.7</ele>
    <time>2026-09-23T09:42:15Z</time>
   </trkpt>
   <trkpt lat="22.7407580" lon="120.3319980">
    <ele>18.7</ele>
    <time>2026-09-23T09:42:16Z</time>
   </trkpt>
   <trkpt lat="22.7407660" lon="120.3319890">
    <ele>18.7</ele>
    <time>2026-09-23T09:42:17Z</time>
   </trkpt>
   <trkpt lat="22.7407790" lon="120.3319840">
    <ele>18.7</ele>
    <time>2026-09-23T09:42:18Z</time>
   </trkpt>
   <trkpt lat="22.7407910" lon="120.3319910">
    <ele>18.7</ele>
    <time>2026-09-23T09:42:19Z</time>
   </trkpt>
   <trkpt lat="22.7408020" lon="120.3319890">
    <ele>18.7</ele>
    <time>2026-09-23T09:42:20Z</time>
   </trkpt>
   <trkpt lat="22.7408070" lon="120.3319980">
    <ele>18.7</ele>
    <time>2026-09-23T09:42:21Z</time>
   </trkpt>
   <trkpt lat="22.7408090" lon="120.3320010">
    <ele>18.7</ele>
    <time>2026-09-23T09:42:22Z</time>
   </trkpt>
   <trkpt lat="22.7408160" lon="120.3320080">
    <ele>18.7</ele>
    <time>2026-09-23T09:42:23Z</time>
   </trkpt>
   <trkpt lat="22.7408230" lon="120.3320080">
    <ele>18.7</ele>
    <time>2026-09-23T09:42:24Z</time>
   </trkpt>
   <trkpt lat="22.7408240" lon="120.3320080">
    <ele>18.7</ele>
    <time>2026-09-23T09:42:25Z</time>
   </trkpt>
   <trkpt lat="22.7408270" lon="120.3320120">
    <ele>18.7</ele>
    <time>2026-09-23T09:42:26Z</time>
   </trkpt>
   <trkpt lat="22.7408250" lon="120.3320170">
    <ele>18.7</ele>
    <time>2026-09-23T09:42:27Z</time>
   </trkpt>
   <trkpt lat="22.7408190" lon="120.3320110">
    <ele>18.7</ele>
    <time>2026-09-23T09:42:28Z</time>
   </trkpt>
   <trkpt lat="22.7408070" lon="120.3320050">
    <ele>18.7</ele>
    <time>2026-09-23T09:42:29Z</time>
   </trkpt>
   <trkpt lat="22.7407980" lon="120.3320080">
    <ele>18.7</ele>
    <time>2026-09-23T09:42:30Z</time>
   </trkpt>
   <trkpt lat="22.7407910" lon="120.3320100">
    <ele>18.7</ele>
    <time>2026-09-23T09:42:31Z</time>
   </trkpt>
   <trkpt lat="22.7407800" lon="120.3320150">
    <ele>18.7</ele>
    <time>2026-09-23T09:42:32Z</time>
   </trkpt>
   <trkpt lat="22.7407740" lon="120.3320260">
    <ele>18.7</ele>
    <time>2026-09-23T09:42:33Z</time>
   </trkpt>
   <trkpt lat="22.7407660" lon="120.3320300">
    <ele>18.7</ele>
    <time>2026-09-23T09:42:34Z</time>
   </trkpt>
   <trkpt lat="22.7407580" lon="120.3320350">
    <ele>18.7</ele>
    <time>2026-09-23T09:42:35Z</time>
   </trkpt>
   <trkpt lat="22.7407530" lon="120.3320370">
    <ele>18.7</ele>
    <time>2026-09-23T09:42:36Z</time>
   </trkpt>
   <trkpt lat="22.7407450" lon="120.3320410">
    <ele>18.7</ele>
    <time>2026-09-23T09:42:37Z</time>
   </trkpt>
   <trkpt lat="22.7407350" lon="120.3320480">
    <ele>18.7</ele>
    <time>2026-09-23T09:42:38Z</time>
   </trkpt>
   <trkpt lat="22.7407300" lon="120.3320610">
    <ele>18.7</ele>
    <time>2026-09-23T09:42:39Z</time>
   </trkpt>
   <trkpt lat="22.7407230" lon="120.3320680">
    <ele>18.7</ele>
    <time>2026-09-23T09:42:40Z</time>
   </trkpt>
   <trkpt lat="22.7407170" lon="120.3320730">
    <ele>18.7</ele>
    <time>2026-09-23T09:42:41Z</time>
   </trkpt>
   <trkpt lat="22.7407150" lon="120.3320880">
    <ele>18.7</ele>
    <time>2026-09-23T09:42:42Z</time>
   </trkpt>
   <trkpt lat="22.7407040" lon="120.3320910">
    <ele>18.7</ele>
    <time>2026-09-23T09:42:43Z</time>
   </trkpt>
   <trkpt lat="22.7407030" lon="120.3320950">
    <ele>18.7</ele>
    <time>2026-09-23T09:42:44Z</time>
   </trkpt>
   <trkpt lat="22.7407000" lon="120.3321040">
    <ele>18.7</ele>
    <time>2026-09-23T09:42:45Z</time>
   </trkpt>
   <trkpt lat="22.7406990" lon="120.3321140">
    <ele>18.7</ele>
    <time>2026-09-23T09:42:46Z</time>
   </trkpt>
   <trkpt lat="22.7407040" lon="120.3321080">
    <ele>18.7</ele>
    <time>2026-09-23T09:42:47Z</time>
   </trkpt>
   <trkpt lat="22.7407080" lon="120.3321130">
    <ele>18.7</ele>
    <time>2026-09-23T09:42:48Z</time>
   </trkpt>
   <trkpt lat="22.7407110" lon="120.3321180">
    <ele>18.7</ele>
    <time>2026-09-23T09:42:49Z</time>
   </trkpt>
   <trkpt lat="22.7407000" lon="120.3321320">
    <ele>18.7</ele>
    <time>2026-09-23T09:42:50Z</time>
   </trkpt>
   <trkpt lat="22.7407050" lon="120.3321480">
    <ele>18.7</ele>
    <time>2026-09-23T09:42:51Z</time>
   </trkpt>
   <trkpt lat="22.7407050" lon="120.3321560">
    <ele>18.7</ele>
    <time>2026-09-23T09:42:52Z</time>
   </trkpt>
   <trkpt lat="22.7407010" lon="120.3321620">
    <ele>18.7</ele>
    <time>2026-09-23T09:42:53Z</time>
   </trkpt>
   <trkpt lat="22.7406970" lon="120.3321750">
    <ele>18.7</ele>
    <time>2026-09-23T09:42:54Z</time>
   </trkpt>
   <trkpt lat="22.7406900" lon="120.3321830">
    <ele>18.7</ele>
    <time>2026-09-23T09:42:55Z</time>
   </trkpt>
   <trkpt lat="22.7406880" lon="120.3321820">
    <ele>18.7</ele>
    <time>2026-09-23T09:42:56Z</time>
   </trkpt>
   <trkpt lat="22.7406800" lon="120.3321850">
    <ele>18.7</ele>
    <time>2026-09-23T09:42:57Z</time>
   </trkpt>
   <trkpt lat="22.7406770" lon="120.3321860">
    <ele>18.7</ele>
    <time>2026-09-23T09:42:58Z</time>
   </trkpt>
   <trkpt lat="22.7406780" lon="120.3321850">
    <ele>18.7</ele>
    <time>2026-09-23T09:42:59Z</time>
   </trkpt>
   <trkpt lat="22.7406770" lon="120.3321910">
    <ele>18.7</ele>
    <time>2026-09-23T09:43:00Z</time>
   </trkpt>
   <trkpt lat="22.7406810" lon="120.3321920">
    <ele>18.7</ele>
    <time>2026-09-23T09:43:01Z</time>
   </trkpt>
   <trkpt lat="22.7406860" lon="120.3321910">
    <ele>18.7</ele>
    <time>2026-09-23T09:43:02Z</time>
   </trkpt>
   <trkpt lat="22.7406710" lon="120.3322200">
    <ele>18.6</ele>
    <time>2026-09-23T09:43:07Z</time>
   </trkpt>
   <trkpt lat="22.7406690" lon="120.3322170">
    <ele>18.6</ele>
    <time>2026-09-23T09:43:08Z</time>
   </trkpt>
   <trkpt lat="22.7406630" lon="120.3322150">
    <ele>18.6</ele>
    <time>2026-09-23T09:43:09Z</time>
   </trkpt>
   <trkpt lat="22.7406640" lon="120.3322100">
    <ele>18.6</ele>
    <time>2026-09-23T09:43:10Z</time>
   </trkpt>
   <trkpt lat="22.7406620" lon="120.3322160">
    <ele>18.6</ele>
    <time>2026-09-23T09:43:11Z</time>
   </trkpt>
   <trkpt lat="22.7406590" lon="120.3322120">
    <ele>18.6</ele>
    <time>2026-09-23T09:43:12Z</time>
   </trkpt>
   <trkpt lat="22.7406590" lon="120.3322120">
    <ele>18.6</ele>
    <time>2026-09-23T09:43:13Z</time>
   </trkpt>
   <trkpt lat="22.7406560" lon="120.3322100">
    <ele>18.6</ele>
    <time>2026-09-23T09:43:14Z</time>
   </trkpt>
   <trkpt lat="22.7406560" lon="120.3322100">
    <ele>18.6</ele>
    <time>2026-09-23T09:43:15Z</time>
   </trkpt>
   <trkpt lat="22.7406560" lon="120.3322100">
    <ele>18.6</ele>
    <time>2026-09-23T09:43:16Z</time>
   </trkpt>
   <trkpt lat="22.7406530" lon="120.3322050">
    <ele>18.6</ele>
    <time>2026-09-23T09:43:17Z</time>
   </trkpt>
   <trkpt lat="22.7406530" lon="120.3322420">
    <ele>18.6</ele>
    <time>2026-09-23T09:43:24Z</time>
   </trkpt>
   <trkpt lat="22.7406630" lon="120.3322360">
    <ele>18.6</ele>
    <time>2026-09-23T09:43:25Z</time>
   </trkpt>
   <trkpt lat="22.7406670" lon="120.3322410">
    <ele>18.6</ele>
    <time>2026-09-23T09:43:26Z</time>
   </trkpt>
   <trkpt lat="22.7406670" lon="120.3322410">
    <ele>18.6</ele>
    <time>2026-09-23T09:43:27Z</time>
   </trkpt>
   <trkpt lat="22.7406580" lon="120.3322440">
    <ele>18.6</ele>
    <time>2026-09-23T09:43:28Z</time>
   </trkpt>
   <trkpt lat="22.7406540" lon="120.3322440">
    <ele>18.6</ele>
    <time>2026-09-23T09:43:29Z</time>
   </trkpt>
   <trkpt lat="22.7406490" lon="120.3322470">
    <ele>18.6</ele>
    <time>2026-09-23T09:43:30Z</time>
   </trkpt>
   <trkpt lat="22.7406460" lon="120.3322470">
    <ele>18.6</ele>
    <time>2026-09-23T09:43:31Z</time>
   </trkpt>
   <trkpt lat="22.7406510" lon="120.3322540">
    <ele>18.6</ele>
    <time>2026-09-23T09:43:32Z</time>
   </trkpt>
   <trkpt lat="22.7406470" lon="120.3322520">
    <ele>18.6</ele>
    <time>2026-09-23T09:43:33Z</time>
   </trkpt>
   <trkpt lat="22.7406450" lon="120.3322570">
    <ele>18.6</ele>
    <time>2026-09-23T09:43:34Z</time>
   </trkpt>
   <trkpt lat="22.7406400" lon="120.3322830">
    <ele>18.6</ele>
    <time>2026-09-23T09:43:36Z</time>
   </trkpt>
   <trkpt lat="22.7406460" lon="120.3322840">
    <ele>18.6</ele>
    <time>2026-09-23T09:43:37Z</time>
   </trkpt>
   <trkpt lat="22.7406470" lon="120.3322770">
    <ele>18.6</ele>
    <time>2026-09-23T09:43:38Z</time>
   </trkpt>
   <trkpt lat="22.7406500" lon="120.3322750">
    <ele>18.6</ele>
    <time>2026-09-23T09:43:39Z</time>
   </trkpt>
   <trkpt lat="22.7406510" lon="120.3322760">
    <ele>18.6</ele>
    <time>2026-09-23T09:43:40Z</time>
   </trkpt>
   <trkpt lat="22.7406470" lon="120.3322780">
    <ele>18.6</ele>
    <time>2026-09-23T09:43:41Z</time>
   </trkpt>
   <trkpt lat="22.7406380" lon="120.3322660">
    <ele>18.6</ele>
    <time>2026-09-23T09:43:42Z</time>
   </trkpt>
   <trkpt lat="22.7406330" lon="120.3322580">
    <ele>18.6</ele>
    <time>2026-09-23T09:43:43Z</time>
   </trkpt>
   <trkpt lat="22.7406330" lon="120.3322560">
    <ele>18.6</ele>
    <time>2026-09-23T09:43:44Z</time>
   </trkpt>
   <trkpt lat="22.7406170" lon="120.3322530">
    <ele>18.6</ele>
    <time>2026-09-23T09:43:45Z</time>
   </trkpt>
   <trkpt lat="22.7406100" lon="120.3322490">
    <ele>18.6</ele>
    <time>2026-09-23T09:43:46Z</time>
   </trkpt>
   <trkpt lat="22.7405160" lon="120.3324420">
    <ele>18.6</ele>
    <time>2026-09-23T09:44:26Z</time>
   </trkpt>
   <trkpt lat="22.7405100" lon="120.3324480">
    <ele>18.6</ele>
    <time>2026-09-23T09:44:27Z</time>
   </trkpt>
   <trkpt lat="22.7405000" lon="120.3324490">
    <ele>18.5</ele>
    <time>2026-09-23T09:44:28Z</time>
   </trkpt>
   <trkpt lat="22.7404920" lon="120.3324520">
    <ele>18.5</ele>
    <time>2026-09-23T09:44:29Z</time>
   </trkpt>
   <trkpt lat="22.7404780" lon="120.3324600">
    <ele>18.5</ele>
    <time>2026-09-23T09:44:30Z</time>
   </trkpt>
   <trkpt lat="22.7404630" lon="120.3324610">
    <ele>18.5</ele>
    <time>2026-09-23T09:44:31Z</time>
   </trkpt>
   <trkpt lat="22.7404560" lon="120.3324670">
    <ele>18.5</ele>
    <time>2026-09-23T09:44:32Z</time>
   </trkpt>
   <trkpt lat="22.7404530" lon="120.3324530">
    <ele>18.5</ele>
    <time>2026-09-23T09:44:33Z</time>
   </trkpt>
   <trkpt lat="22.7404390" lon="120.3324600">
    <ele>18.5</ele>
    <time>2026-09-23T09:44:34Z</time>
   </trkpt>
   <trkpt lat="22.7404400" lon="120.3324600">
    <ele>18.5</ele>
    <time>2026-09-23T09:44:35Z</time>
   </trkpt>
   <trkpt lat="22.7404360" lon="120.3324530">
    <ele>18.5</ele>
    <time>2026-09-23T09:44:36Z</time>
   </trkpt>
   <trkpt lat="22.7404300" lon="120.3324490">
    <ele>18.5</ele>
    <time>2026-09-23T09:44:37Z</time>
   </trkpt>
   <trkpt lat="22.7404320" lon="120.3324450">
    <ele>18.5</ele>
    <time>2026-09-23T09:44:38Z</time>
   </trkpt>
   <trkpt lat="22.7404220" lon="120.3324480">
    <ele>18.5</ele>
    <time>2026-09-23T09:44:39Z</time>
   </trkpt>
   <trkpt lat="22.7404170" lon="120.3324530">
    <ele>18.5</ele>
    <time>2026-09-23T09:44:40Z</time>
   </trkpt>
   <trkpt lat="22.7404090" lon="120.3324560">
    <ele>18.5</ele>
    <time>2026-09-23T09:44:41Z</time>
   </trkpt>
   <trkpt lat="22.7404000" lon="120.3324540">
    <ele>18.5</ele>
    <time>2026-09-23T09:44:42Z</time>
   </trkpt>
   <trkpt lat="22.7403970" lon="120.3324570">
    <ele>18.5</ele>
    <time>2026-09-23T09:44:43Z</time>
   </trkpt>
   <trkpt lat="22.7403890" lon="120.3324540">
    <ele>18.5</ele>
    <time>2026-09-23T09:44:44Z</time>
   </trkpt>
   <trkpt lat="22.7403940" lon="120.3324550">
    <ele>18.5</ele>
    <time>2026-09-23T09:44:45Z</time>
   </trkpt>
   <trkpt lat="22.7403900" lon="120.3324580">
    <ele>18.5</ele>
    <time>2026-09-23T09:44:46Z</time>
   </trkpt>
   <trkpt lat="22.7403860" lon="120.3324530">
    <ele>18.5</ele>
    <time>2026-09-23T09:44:47Z</time>
   </trkpt>
   <trkpt lat="22.7403890" lon="120.3324580">
    <ele>18.5</ele>
    <time>2026-09-23T09:44:48Z</time>
   </trkpt>
   <trkpt lat="22.7404010" lon="120.3324610">
    <ele>18.5</ele>
    <time>2026-09-23T09:44:49Z</time>
   </trkpt>
   <trkpt lat="22.7404110" lon="120.3324570">
    <ele>18.5</ele>
    <time>2026-09-23T09:44:50Z</time>
   </trkpt>
   <trkpt lat="22.7404130" lon="120.3324480">
    <ele>18.5</ele>
    <time>2026-09-23T09:44:51Z</time>
   </trkpt>
   <trkpt lat="22.7404070" lon="120.3324540">
    <ele>18.5</ele>
    <time>2026-09-23T09:44:52Z</time>
   </trkpt>
   <trkpt lat="22.7404010" lon="120.3324560">
    <ele>18.5</ele>
    <time>2026-09-23T09:44:53Z</time>
   </trkpt>
   <trkpt lat="22.7404010" lon="120.3324640">
    <ele>18.5</ele>
    <time>2026-09-23T09:44:54Z</time>
   </trkpt>
   <trkpt lat="22.7404050" lon="120.3324670">
    <ele>18.5</ele>
    <time>2026-09-23T09:44:55Z</time>
   </trkpt>
   <trkpt lat="22.7404090" lon="120.3324660">
    <ele>18.5</ele>
    <time>2026-09-23T09:44:56Z</time>
   </trkpt>
   <trkpt lat="22.7404100" lon="120.3324660">
    <ele>18.5</ele>
    <time>2026-09-23T09:44:57Z</time>
   </trkpt>
   <trkpt lat="22.7404090" lon="120.3324670">
    <ele>18.5</ele>
    <time>2026-09-23T09:44:58Z</time>
   </trkpt>
   <trkpt lat="22.7404070" lon="120.3324640">
    <ele>18.5</ele>
    <time>2026-09-23T09:44:59Z</time>
   </trkpt>
   <trkpt lat="22.7404110" lon="120.3324550">
    <ele>18.5</ele>
    <time>2026-09-23T09:45:00Z</time>
   </trkpt>
   <trkpt lat="22.7404120" lon="120.3325110">
    <ele>18.6</ele>
    <time>2026-09-23T09:45:05Z</time>
   </trkpt>
   <trkpt lat="22.7404190" lon="120.3325070">
    <ele>18.6</ele>
    <time>2026-09-23T09:45:06Z</time>
   </trkpt>
   <trkpt lat="22.7404170" lon="120.3325080">
    <ele>18.6</ele>
    <time>2026-09-23T09:45:07Z</time>
   </trkpt>
   <trkpt lat="22.7404010" lon="120.3325090">
    <ele>18.6</ele>
    <time>2026-09-23T09:45:08Z</time>
   </trkpt>
   <trkpt lat="22.7403930" lon="120.3325150">
    <ele>18.6</ele>
    <time>2026-09-23T09:45:09Z</time>
   </trkpt>
   <trkpt lat="22.7403920" lon="120.3325240">
    <ele>18.6</ele>
    <time>2026-09-23T09:45:10Z</time>
   </trkpt>
   <trkpt lat="22.7403990" lon="120.3325280">
    <ele>18.6</ele>
    <time>2026-09-23T09:45:11Z</time>
   </trkpt>
   <trkpt lat="22.7404070" lon="120.3325210">
    <ele>18.6</ele>
    <time>2026-09-23T09:45:12Z</time>
   </trkpt>
   <trkpt lat="22.7403990" lon="120.3325260">
    <ele>18.6</ele>
    <time>2026-09-23T09:45:13Z</time>
   </trkpt>
   <trkpt lat="22.7404050" lon="120.3325300">
    <ele>18.6</ele>
    <time>2026-09-23T09:45:14Z</time>
   </trkpt>
   <trkpt lat="22.7404140" lon="120.3325260">
    <ele>18.6</ele>
    <time>2026-09-23T09:45:15Z</time>
   </trkpt>
   <trkpt lat="22.7403960" lon="120.3325010">
    <ele>18.6</ele>
    <time>2026-09-23T09:45:23Z</time>
   </trkpt>
   <trkpt lat="22.7403910" lon="120.3324940">
    <ele>18.6</ele>
    <time>2026-09-23T09:45:24Z</time>
   </trkpt>
   <trkpt lat="22.7403890" lon="120.3324930">
    <ele>18.6</ele>
    <time>2026-09-23T09:45:25Z</time>
   </trkpt>
   <trkpt lat="22.7403940" lon="120.3324940">
    <ele>18.6</ele>
    <time>2026-09-23T09:45:26Z</time>
   </trkpt>
   <trkpt lat="22.7403870" lon="120.3324870">
    <ele>18.6</ele>
    <time>2026-09-23T09:45:27Z</time>
   </trkpt>
   <trkpt lat="22.7403860" lon="120.3324770">
    <ele>18.6</ele>
    <time>2026-09-23T09:45:28Z</time>
   </trkpt>
   <trkpt lat="22.7403800" lon="120.3324840">
    <ele>18.6</ele>
    <time>2026-09-23T09:45:29Z</time>
   </trkpt>
   <trkpt lat="22.7403670" lon="120.3324970">
    <ele>18.6</ele>
    <time>2026-09-23T09:45:30Z</time>
   </trkpt>
   <trkpt lat="22.7403580" lon="120.3324990">
    <ele>18.6</ele>
    <time>2026-09-23T09:45:31Z</time>
   </trkpt>
   <trkpt lat="22.7403520" lon="120.3324970">
    <ele>18.6</ele>
    <time>2026-09-23T09:45:32Z</time>
   </trkpt>
   <trkpt lat="22.7403470" lon="120.3325030">
    <ele>18.6</ele>
    <time>2026-09-23T09:45:33Z</time>
   </trkpt>
   <trkpt lat="22.7403460" lon="120.3325060">
    <ele>18.6</ele>
    <time>2026-09-23T09:45:34Z</time>
   </trkpt>
   <trkpt lat="22.7403400" lon="120.3325110">
    <ele>18.6</ele>
    <time>2026-09-23T09:45:35Z</time>
   </trkpt>
   <trkpt lat="22.7403260" lon="120.3325160">
    <ele>18.7</ele>
    <time>2026-09-23T09:45:36Z</time>
   </trkpt>
   <trkpt lat="22.7403240" lon="120.3325160">
    <ele>18.7</ele>
    <time>2026-09-23T09:45:37Z</time>
   </trkpt>
   <trkpt lat="22.7403300" lon="120.3325160">
    <ele>18.7</ele>
    <time>2026-09-23T09:45:38Z</time>
   </trkpt>
   <trkpt lat="22.7403290" lon="120.3325230">
    <ele>18.7</ele>
    <time>2026-09-23T09:45:39Z</time>
   </trkpt>
   <trkpt lat="22.7403340" lon="120.3325130">
    <ele>18.7</ele>
    <time>2026-09-23T09:45:40Z</time>
   </trkpt>
   <trkpt lat="22.7403410" lon="120.3325130">
    <ele>18.7</ele>
    <time>2026-09-23T09:45:41Z</time>
   </trkpt>
   <trkpt lat="22.7403340" lon="120.3325190">
    <ele>18.7</ele>
    <time>2026-09-23T09:45:42Z</time>
   </trkpt>
   <trkpt lat="22.7403340" lon="120.3325140">
    <ele>18.7</ele>
    <time>2026-09-23T09:45:43Z</time>
   </trkpt>
   <trkpt lat="22.7403280" lon="120.3325190">
    <ele>18.7</ele>
    <time>2026-09-23T09:45:44Z</time>
   </trkpt>
   <trkpt lat="22.7403250" lon="120.3325260">
    <ele>18.7</ele>
    <time>2026-09-23T09:45:45Z</time>
   </trkpt>
   <trkpt lat="22.7403260" lon="120.3325330">
    <ele>18.7</ele>
    <time>2026-09-23T09:45:46Z</time>
   </trkpt>
   <trkpt lat="22.7403180" lon="120.3325430">
    <ele>18.7</ele>
    <time>2026-09-23T09:45:47Z</time>
   </trkpt>
   <trkpt lat="22.7403150" lon="120.3325560">
    <ele>18.7</ele>
    <time>2026-09-23T09:45:48Z</time>
   </trkpt>
   <trkpt lat="22.7403090" lon="120.3325680">
    <ele>18.7</ele>
    <time>2026-09-23T09:45:49Z</time>
   </trkpt>
   <trkpt lat="22.7402900" lon="120.3325910">
    <ele>18.7</ele>
    <time>2026-09-23T09:45:51Z</time>
   </trkpt>
   <trkpt lat="22.7402870" lon="120.3325990">
    <ele>18.7</ele>
    <time>2026-09-23T09:45:52Z</time>
   </trkpt>
   <trkpt lat="22.7402880" lon="120.3326120">
    <ele>18.7</ele>
    <time>2026-09-23T09:45:53Z</time>
   </trkpt>
   <trkpt lat="22.7402890" lon="120.3326070">
    <ele>18.7</ele>
    <time>2026-09-23T09:45:54Z</time>
   </trkpt>
   <trkpt lat="22.7402830" lon="120.3326080">
    <ele>18.7</ele>
    <time>2026-09-23T09:45:55Z</time>
   </trkpt>
   <trkpt lat="22.7402790" lon="120.3326080">
    <ele>18.7</ele>
    <time>2026-09-23T09:45:56Z</time>
   </trkpt>
   <trkpt lat="22.7402930" lon="120.3326230">
    <ele>18.7</ele>
    <time>2026-09-23T09:45:57Z</time>
   </trkpt>
   <trkpt lat="22.7402880" lon="120.3326160">
    <ele>18.7</ele>
    <time>2026-09-23T09:45:58Z</time>
   </trkpt>
   <trkpt lat="22.7402850" lon="120.3326050">
    <ele>18.7</ele>
    <time>2026-09-23T09:45:59Z</time>
   </trkpt>
   <trkpt lat="22.7402880" lon="120.3326000">
    <ele>18.7</ele>
    <time>2026-09-23T09:46:00Z</time>
   </trkpt>
   <trkpt lat="22.7402980" lon="120.3326080">
    <ele>18.7</ele>
    <time>2026-09-23T09:46:01Z</time>
   </trkpt>
   <trkpt lat="22.7403020" lon="120.3326040">
    <ele>18.7</ele>
    <time>2026-09-23T09:46:02Z</time>
   </trkpt>
   <trkpt lat="22.7403060" lon="120.3326010">
    <ele>18.7</ele>
    <time>2026-09-23T09:46:03Z</time>
   </trkpt>
   <trkpt lat="22.7403010" lon="120.3325920">
    <ele>18.7</ele>
    <time>2026-09-23T09:46:04Z</time>
   </trkpt>
   <trkpt lat="22.7403020" lon="120.3325920">
    <ele>18.7</ele>
    <time>2026-09-23T09:46:05Z</time>
   </trkpt>
   <trkpt lat="22.7403070" lon="120.3325900">
    <ele>18.7</ele>
    <time>2026-09-23T09:46:06Z</time>
   </trkpt>
   <trkpt lat="22.7403110" lon="120.3325890">
    <ele>18.7</ele>
    <time>2026-09-23T09:46:07Z</time>
   </trkpt>
   <trkpt lat="22.7403140" lon="120.3325950">
    <ele>18.7</ele>
    <time>2026-09-23T09:46:08Z</time>
   </trkpt>
   <trkpt lat="22.7403130" lon="120.3325980">
    <ele>18.7</ele>
    <time>2026-09-23T09:46:09Z</time>
   </trkpt>
   <trkpt lat="22.7403090" lon="120.3325930">
    <ele>18.7</ele>
    <time>2026-09-23T09:46:10Z</time>
   </trkpt>
   <trkpt lat="22.7403030" lon="120.3326060">
    <ele>18.7</ele>
    <time>2026-09-23T09:46:11Z</time>
   </trkpt>
   <trkpt lat="22.7402750" lon="120.3326790">
    <ele>18.8</ele>
    <time>2026-09-23T09:46:22Z</time>
   </trkpt>
   <trkpt lat="22.7402670" lon="120.3326840">
    <ele>18.8</ele>
    <time>2026-09-23T09:46:23Z</time>
   </trkpt>
   <trkpt lat="22.7402620" lon="120.3326800">
    <ele>18.8</ele>
    <time>2026-09-23T09:46:24Z</time>
   </trkpt>
   <trkpt lat="22.7402560" lon="120.3326870">
    <ele>18.8</ele>
    <time>2026-09-23T09:46:25Z</time>
   </trkpt>
   <trkpt lat="22.7402510" lon="120.3326990">
    <ele>18.8</ele>
    <time>2026-09-23T09:46:26Z</time>
   </trkpt>
   <trkpt lat="22.7402430" lon="120.3327110">
    <ele>18.8</ele>
    <time>2026-09-23T09:46:27Z</time>
   </trkpt>
   <trkpt lat="22.7402370" lon="120.3327210">
    <ele>18.8</ele>
    <time>2026-09-23T09:46:28Z</time>
   </trkpt>
   <trkpt lat="22.7402240" lon="120.3327360">
    <ele>18.8</ele>
    <time>2026-09-23T09:46:29Z</time>
   </trkpt>
   <trkpt lat="22.7402180" lon="120.3327490">
    <ele>18.8</ele>
    <time>2026-09-23T09:46:30Z</time>
   </trkpt>
   <trkpt lat="22.7402140" lon="120.3327590">
    <ele>18.8</ele>
    <time>2026-09-23T09:46:31Z</time>
   </trkpt>
   <trkpt lat="22.7402110" lon="120.3327660">
    <ele>18.8</ele>
    <time>2026-09-23T09:46:32Z</time>
   </trkpt>
   <trkpt lat="22.7402080" lon="120.3327780">
    <ele>18.8</ele>
    <time>2026-09-23T09:46:33Z</time>
   </trkpt>
   <trkpt lat="22.7402030" lon="120.3327850">
    <ele>18.8</ele>
    <time>2026-09-23T09:46:34Z</time>
   </trkpt>
   <trkpt lat="22.7401990" lon="120.3327900">
    <ele>18.8</ele>
    <time>2026-09-23T09:46:35Z</time>
   </trkpt>
   <trkpt lat="22.7401870" lon="120.3328020">
    <ele>18.8</ele>
    <time>2026-09-23T09:46:36Z</time>
   </trkpt>
   <trkpt lat="22.7401800" lon="120.3328080">
    <ele>18.8</ele>
    <time>2026-09-23T09:46:37Z</time>
   </trkpt>
   <trkpt lat="22.7401690" lon="120.3328150">
    <ele>18.8</ele>
    <time>2026-09-23T09:46:38Z</time>
   </trkpt>
   <trkpt lat="22.7401600" lon="120.3328230">
    <ele>18.8</ele>
    <time>2026-09-23T09:46:39Z</time>
   </trkpt>
   <trkpt lat="22.7401440" lon="120.3328360">
    <ele>18.9</ele>
    <time>2026-09-23T09:46:40Z</time>
   </trkpt>
   <trkpt lat="22.7401330" lon="120.3328450">
    <ele>18.9</ele>
    <time>2026-09-23T09:46:41Z</time>
   </trkpt>
   <trkpt lat="22.7401250" lon="120.3328490">
    <ele>18.9</ele>
    <time>2026-09-23T09:46:42Z</time>
   </trkpt>
   <trkpt lat="22.7401120" lon="120.3328540">
    <ele>18.9</ele>
    <time>2026-09-23T09:46:43Z</time>
   </trkpt>
   <trkpt lat="22.7401100" lon="120.3328610">
    <ele>18.9</ele>
    <time>2026-09-23T09:46:44Z</time>
   </trkpt>
   <trkpt lat="22.7401080" lon="120.3328600">
    <ele>18.9</ele>
    <time>2026-09-23T09:46:45Z</time>
   </trkpt>
   <trkpt lat="22.7400980" lon="120.3328610">
    <ele>18.9</ele>
    <time>2026-09-23T09:46:46Z</time>
   </trkpt>
   <trkpt lat="22.7400840" lon="120.3328650">
    <ele>18.9</ele>
    <time>2026-09-23T09:46:47Z</time>
   </trkpt>
   <trkpt lat="22.7400820" lon="120.3328620">
    <ele>18.9</ele>
    <time>2026-09-23T09:46:48Z</time>
   </trkpt>
   <trkpt lat="22.7400730" lon="120.3328590">
    <ele>18.9</ele>
    <time>2026-09-23T09:46:49Z</time>
   </trkpt>
   <trkpt lat="22.7400600" lon="120.3328630">
    <ele>18.9</ele>
    <time>2026-09-23T09:46:50Z</time>
   </trkpt>
   <trkpt lat="22.7400510" lon="120.3328650">
    <ele>18.9</ele>
    <time>2026-09-23T09:46:51Z</time>
   </trkpt>
   <trkpt lat="22.7400410" lon="120.3328670">
    <ele>18.9</ele>
    <time>2026-09-23T09:46:52Z</time>
   </trkpt>
   <trkpt lat="22.7400270" lon="120.3328730">
    <ele>18.9</ele>
    <time>2026-09-23T09:46:53Z</time>
   </trkpt>
   <trkpt lat="22.7400170" lon="120.3328730">
    <ele>18.9</ele>
    <time>2026-09-23T09:46:54Z</time>
   </trkpt>
   <trkpt lat="22.7400110" lon="120.3328700">
    <ele>18.9</ele>
    <time>2026-09-23T09:46:55Z</time>
   </trkpt>
   <trkpt lat="22.7400090" lon="120.3328680">
    <ele>18.9</ele>
    <time>2026-09-23T09:46:56Z</time>
   </trkpt>
   <trkpt lat="22.7399910" lon="120.3328730">
    <ele>18.9</ele>
    <time>2026-09-23T09:46:57Z</time>
   </trkpt>
   <trkpt lat="22.7398140" lon="120.3327580">
    <ele>19.1</ele>
    <time>2026-09-23T09:47:18Z</time>
   </trkpt>
   <trkpt lat="22.7398070" lon="120.3327470">
    <ele>19.1</ele>
    <time>2026-09-23T09:47:19Z</time>
   </trkpt>
   <trkpt lat="22.7398030" lon="120.3327350">
    <ele>19.1</ele>
    <time>2026-09-23T09:47:20Z</time>
   </trkpt>
   <trkpt lat="22.7397930" lon="120.3327220">
    <ele>19.1</ele>
    <time>2026-09-23T09:47:21Z</time>
   </trkpt>
   <trkpt lat="22.7397860" lon="120.3327100">
    <ele>19.1</ele>
    <time>2026-09-23T09:47:22Z</time>
   </trkpt>
   <trkpt lat="22.7397800" lon="120.3326980">
    <ele>19.2</ele>
    <time>2026-09-23T09:47:23Z</time>
   </trkpt>
   <trkpt lat="22.7397710" lon="120.3326890">
    <ele>19.2</ele>
    <time>2026-09-23T09:47:24Z</time>
   </trkpt>
   <trkpt lat="22.7397580" lon="120.3326850">
    <ele>19.2</ele>
    <time>2026-09-23T09:47:25Z</time>
   </trkpt>
   <trkpt lat="22.7397500" lon="120.3326690">
    <ele>19.2</ele>
    <time>2026-09-23T09:47:26Z</time>
   </trkpt>
   <trkpt lat="22.7397440" lon="120.3326570">
    <ele>19.2</ele>
    <time>2026-09-23T09:47:27Z</time>
   </trkpt>
   <trkpt lat="22.7397410" lon="120.3326520">
    <ele>19.2</ele>
    <time>2026-09-23T09:47:28Z</time>
   </trkpt>
   <trkpt lat="22.7397520" lon="120.3326480">
    <ele>19.2</ele>
    <time>2026-09-23T09:47:29Z</time>
   </trkpt>
   <trkpt lat="22.7397520" lon="120.3326410">
    <ele>19.2</ele>
    <time>2026-09-23T09:47:30Z</time>
   </trkpt>
   <trkpt lat="22.7397480" lon="120.3326290">
    <ele>19.2</ele>
    <time>2026-09-23T09:47:31Z</time>
   </trkpt>
   <trkpt lat="22.7397480" lon="120.3326080">
    <ele>19.3</ele>
    <time>2026-09-23T09:47:32Z</time>
   </trkpt>
   <trkpt lat="22.7397420" lon="120.3326090">
    <ele>19.3</ele>
    <time>2026-09-23T09:47:33Z</time>
   </trkpt>
   <trkpt lat="22.7397340" lon="120.3326090">
    <ele>19.3</ele>
    <time>2026-09-23T09:47:34Z</time>
   </trkpt>
   <trkpt lat="22.7397250" lon="120.3326130">
    <ele>19.3</ele>
    <time>2026-09-23T09:47:35Z</time>
   </trkpt>
   <trkpt lat="22.7397280" lon="120.3325950">
    <ele>19.3</ele>
    <time>2026-09-23T09:47:36Z</time>
   </trkpt>
   <trkpt lat="22.7397250" lon="120.3325900">
    <ele>19.3</ele>
    <time>2026-09-23T09:47:37Z</time>
   </trkpt>
   <trkpt lat="22.7397140" lon="120.3325930">
    <ele>19.3</ele>
    <time>2026-09-23T09:47:38Z</time>
   </trkpt>
   <trkpt lat="22.7397070" lon="120.3325910">
    <ele>19.3</ele>
    <time>2026-09-23T09:47:39Z</time>
   </trkpt>
   <trkpt lat="22.7397000" lon="120.3325840">
    <ele>19.3</ele>
    <time>2026-09-23T09:47:40Z</time>
   </trkpt>
   <trkpt lat="22.7396930" lon="120.3325750">
    <ele>19.3</ele>
    <time>2026-09-23T09:47:41Z</time>
   </trkpt>
   <trkpt lat="22.7396810" lon="120.3325620">
    <ele>19.3</ele>
    <time>2026-09-23T09:47:42Z</time>
   </trkpt>
   <trkpt lat="22.7396780" lon="120.3325530">
    <ele>19.3</ele>
    <time>2026-09-23T09:47:43Z</time>
   </trkpt>
   <trkpt lat="22.7396690" lon="120.3325560">
    <ele>19.3</ele>
    <time>2026-09-23T09:47:44Z</time>
   </trkpt>
   <trkpt lat="22.7396630" lon="120.3325510">
    <ele>19.3</ele>
    <time>2026-09-23T09:47:45Z</time>
   </trkpt>
   <trkpt lat="22.7396520" lon="120.3325420">
    <ele>19.4</ele>
    <time>2026-09-23T09:47:46Z</time>
   </trkpt>
   <trkpt lat="22.7396440" lon="120.3325270">
    <ele>19.4</ele>
    <time>2026-09-23T09:47:47Z</time>
   </trkpt>
   <trkpt lat="22.7396340" lon="120.3325140">
    <ele>19.4</ele>
    <time>2026-09-23T09:47:48Z</time>
   </trkpt>
   <trkpt lat="22.7396220" lon="120.3325050">
    <ele>19.4</ele>
    <time>2026-09-23T09:47:49Z</time>
   </trkpt>
   <trkpt lat="22.7396140" lon="120.3325000">
    <ele>19.4</ele>
    <time>2026-09-23T09:47:50Z</time>
   </trkpt>
   <trkpt lat="22.7396180" lon="120.3324910">
    <ele>19.4</ele>
    <time>2026-09-23T09:47:51Z</time>
   </trkpt>
   <trkpt lat="22.7396230" lon="120.3324830">
    <ele>19.4</ele>
    <time>2026-09-23T09:47:52Z</time>
   </trkpt>
   <trkpt lat="22.7396300" lon="120.3324800">
    <ele>19.4</ele>
    <time>2026-09-23T09:47:53Z</time>
   </trkpt>
   <trkpt lat="22.7396440" lon="120.3324750">
    <ele>19.4</ele>
    <time>2026-09-23T09:47:54Z</time>
   </trkpt>
   <trkpt lat="22.7396610" lon="120.3324670">
    <ele>19.3</ele>
    <time>2026-09-23T09:47:55Z</time>
   </trkpt>
   <trkpt lat="22.7396740" lon="120.3324550">
    <ele>19.3</ele>
    <time>2026-09-23T09:47:56Z</time>
   </trkpt>
   <trkpt lat="22.7396920" lon="120.3324480">
    <ele>19.3</ele>
    <time>2026-09-23T09:47:57Z</time>
   </trkpt>
   <trkpt lat="22.7397040" lon="120.3324440">
    <ele>19.3</ele>
    <time>2026-09-23T09:47:58Z</time>
   </trkpt>
   <trkpt lat="22.7397120" lon="120.3324400">
    <ele>19.3</ele>
    <time>2026-09-23T09:47:59Z</time>
   </trkpt>
   <trkpt lat="22.7397210" lon="120.3324290">
    <ele>19.3</ele>
    <time>2026-09-23T09:48:00Z</time>
   </trkpt>
   <trkpt lat="22.7397310" lon="120.3324200">
    <ele>19.3</ele>
    <time>2026-09-23T09:48:01Z</time>
   </trkpt>
   <trkpt lat="22.7397400" lon="120.3324110">
    <ele>19.3</ele>
    <time>2026-09-23T09:48:02Z</time>
   </trkpt>
   <trkpt lat="22.7397450" lon="120.3324050">
    <ele>19.3</ele>
    <time>2026-09-23T09:48:03Z</time>
   </trkpt>
   <trkpt lat="22.7397520" lon="120.3324030">
    <ele>19.2</ele>
    <time>2026-09-23T09:48:04Z</time>
   </trkpt>
   <trkpt lat="22.7397570" lon="120.3323960">
    <ele>19.2</ele>
    <time>2026-09-23T09:48:05Z</time>
   </trkpt>
   <trkpt lat="22.7397590" lon="120.3323800">
    <ele>19.2</ele>
    <time>2026-09-23T09:48:06Z</time>
   </trkpt>
   <trkpt lat="22.7397600" lon="120.3323600">
    <ele>19.2</ele>
    <time>2026-09-23T09:48:07Z</time>
   </trkpt>
   <trkpt lat="22.7397600" lon="120.3323400">
    <ele>19.2</ele>
    <time>2026-09-23T09:48:08Z</time>
   </trkpt>
   <trkpt lat="22.7397600" lon="120.3323180">
    <ele>19.2</ele>
    <time>2026-09-23T09:48:09Z</time>
   </trkpt>
   <trkpt lat="22.7397620" lon="120.3323080">
    <ele>19.2</ele>
    <time>2026-09-23T09:48:10Z</time>
   </trkpt>
   <trkpt lat="22.7397650" lon="120.3322900">
    <ele>19.2</ele>
    <time>2026-09-23T09:48:11Z</time>
   </trkpt>
   <trkpt lat="22.7397720" lon="120.3322740">
    <ele>19.2</ele>
    <time>2026-09-23T09:48:12Z</time>
   </trkpt>
   <trkpt lat="22.7397760" lon="120.3322540">
    <ele>19.2</ele>
    <time>2026-09-23T09:48:13Z</time>
   </trkpt>
   <trkpt lat="22.7397770" lon="120.3322390">
    <ele>19.2</ele>
    <time>2026-09-23T09:48:14Z</time>
   </trkpt>
   <trkpt lat="22.7397790" lon="120.3322280">
    <ele>19.2</ele>
    <time>2026-09-23T09:48:15Z</time>
   </trkpt>
   <trkpt lat="22.7397840" lon="120.3322160">
    <ele>19.2</ele>
    <time>2026-09-23T09:48:16Z</time>
   </trkpt>
   <trkpt lat="22.7397880" lon="120.3322020">
    <ele>19.2</ele>
    <time>2026-09-23T09:48:17Z</time>
   </trkpt>
   <trkpt lat="22.7397890" lon="120.3321890">
    <ele>19.2</ele>
    <time>2026-09-23T09:48:18Z</time>
   </trkpt>
   <trkpt lat="22.7397890" lon="120.3321770">
    <ele>19.2</ele>
    <time>2026-09-23T09:48:19Z</time>
   </trkpt>
   <trkpt lat="22.7397890" lon="120.3321660">
    <ele>19.2</ele>
    <time>2026-09-23T09:48:20Z</time>
   </trkpt>
   <trkpt lat="22.7397930" lon="120.3321560">
    <ele>19.2</ele>
    <time>2026-09-23T09:48:21Z</time>
   </trkpt>
   <trkpt lat="22.7397980" lon="120.3321460">
    <ele>19.2</ele>
    <time>2026-09-23T09:48:22Z</time>
   </trkpt>
   <trkpt lat="22.7398000" lon="120.3321390">
    <ele>19.2</ele>
    <time>2026-09-23T09:48:23Z</time>
   </trkpt>
   <trkpt lat="22.7398020" lon="120.3321340">
    <ele>19.2</ele>
    <time>2026-09-23T09:48:24Z</time>
   </trkpt>
   <trkpt lat="22.7398070" lon="120.3321250">
    <ele>19.2</ele>
    <time>2026-09-23T09:48:25Z</time>
   </trkpt>
   <trkpt lat="22.7398150" lon="120.3321140">
    <ele>19.2</ele>
    <time>2026-09-23T09:48:26Z</time>
   </trkpt>
   <trkpt lat="22.7398200" lon="120.3321060">
    <ele>19.2</ele>
    <time>2026-09-23T09:48:27Z</time>
   </trkpt>
   <trkpt lat="22.7398270" lon="120.3321000">
    <ele>19.2</ele>
    <time>2026-09-23T09:48:28Z</time>
   </trkpt>
   <trkpt lat="22.7398240" lon="120.3320920">
    <ele>19.2</ele>
    <time>2026-09-23T09:48:29Z</time>
   </trkpt>
   <trkpt lat="22.7398260" lon="120.3320860">
    <ele>19.2</ele>
    <time>2026-09-23T09:48:30Z</time>
   </trkpt>
   <trkpt lat="22.7398420" lon="120.3320800">
    <ele>19.2</ele>
    <time>2026-09-23T09:48:31Z</time>
   </trkpt>
   <trkpt lat="22.7398580" lon="120.3320760">
    <ele>19.2</ele>
    <time>2026-09-23T09:48:32Z</time>
   </trkpt>
   <trkpt lat="22.7398700" lon="120.3320760">
    <ele>19.2</ele>
    <time>2026-09-23T09:48:33Z</time>
   </trkpt>
   <trkpt lat="22.7398750" lon="120.3320720">
    <ele>19.2</ele>
    <time>2026-09-23T09:48:34Z</time>
   </trkpt>
   <trkpt lat="22.7398850" lon="120.3320670">
    <ele>19.2</ele>
    <time>2026-09-23T09:48:35Z</time>
   </trkpt>
   <trkpt lat="22.7398940" lon="120.3320560">
    <ele>19.2</ele>
    <time>2026-09-23T09:48:36Z</time>
   </trkpt>
   <trkpt lat="22.7399050" lon="120.3320470">
    <ele>19.2</ele>
    <time>2026-09-23T09:48:37Z</time>
   </trkpt>
   <trkpt lat="22.7399100" lon="120.3320350">
    <ele>19.2</ele>
    <time>2026-09-23T09:48:38Z</time>
   </trkpt>
   <trkpt lat="22.7399150" lon="120.3320260">
    <ele>19.2</ele>
    <time>2026-09-23T09:48:39Z</time>
   </trkpt>
   <trkpt lat="22.7399250" lon="120.3320170">
    <ele>19.2</ele>
    <time>2026-09-23T09:48:40Z</time>
   </trkpt>
   <trkpt lat="22.7399400" lon="120.3320040">
    <ele>19.2</ele>
    <time>2026-09-23T09:48:41Z</time>
   </trkpt>
   <trkpt lat="22.7399480" lon="120.3320000">
    <ele>19.2</ele>
    <time>2026-09-23T09:48:42Z</time>
   </trkpt>
   <trkpt lat="22.7399570" lon="120.3319920">
    <ele>19.2</ele>
    <time>2026-09-23T09:48:43Z</time>
   </trkpt>
   <trkpt lat="22.7399690" lon="120.3319850">
    <ele>19.2</ele>
    <time>2026-09-23T09:48:44Z</time>
   </trkpt>
   <trkpt lat="22.7399770" lon="120.3319780">
    <ele>19.2</ele>
    <time>2026-09-23T09:48:45Z</time>
   </trkpt>
   <trkpt lat="22.7399780" lon="120.3319700">
    <ele>19.2</ele>
    <time>2026-09-23T09:48:46Z</time>
   </trkpt>
   <trkpt lat="22.7399830" lon="120.3319590">
    <ele>19.2</ele>
    <time>2026-09-23T09:48:47Z</time>
   </trkpt>
   <trkpt lat="22.7399850" lon="120.3319470">
    <ele>19.2</ele>
    <time>2026-09-23T09:48:48Z</time>
   </trkpt>
   <trkpt lat="22.7399920" lon="120.3319340">
    <ele>19.2</ele>
    <time>2026-09-23T09:48:49Z</time>
   </trkpt>
   <trkpt lat="22.7400000" lon="120.3319220">
    <ele>19.2</ele>
    <time>2026-09-23T09:48:50Z</time>
   </trkpt>
   <trkpt lat="22.7400040" lon="120.3319060">
    <ele>19.2</ele>
    <time>2026-09-23T09:48:51Z</time>
   </trkpt>
   <trkpt lat="22.7400150" lon="120.3318930">
    <ele>19.2</ele>
    <time>2026-09-23T09:48:52Z</time>
   </trkpt>
   <trkpt lat="22.7400180" lon="120.3318930">
    <ele>19.2</ele>
    <time>2026-09-23T09:48:53Z</time>
   </trkpt>
   <trkpt lat="22.7400200" lon="120.3318880">
    <ele>19.2</ele>
    <time>2026-09-23T09:48:54Z</time>
   </trkpt>
   <trkpt lat="22.7400260" lon="120.3318860">
    <ele>19.2</ele>
    <time>2026-09-23T09:48:55Z</time>
   </trkpt>
   <trkpt lat="22.7400260" lon="120.3318860">
    <ele>19.2</ele>
    <time>2026-09-23T09:48:56Z</time>
   </trkpt>
   <trkpt lat="22.7400290" lon="120.3318850">
    <ele>19.2</ele>
    <time>2026-09-23T09:48:57Z</time>
   </trkpt>
   <trkpt lat="22.7400320" lon="120.3318810">
    <ele>19.2</ele>
    <time>2026-09-23T09:48:58Z</time>
   </trkpt>
   <trkpt lat="22.7400310" lon="120.3318820">
    <ele>19.2</ele>
    <time>2026-09-23T09:48:59Z</time>
   </trkpt>
   <trkpt lat="22.7400310" lon="120.3318820">
    <ele>19.2</ele>
    <time>2026-09-23T09:49:00Z</time>
   </trkpt>
   <trkpt lat="22.7400310" lon="120.3318820">
    <ele>19.2</ele>
    <time>2026-09-23T09:49:01Z</time>
   </trkpt>
   <trkpt lat="22.7400310" lon="120.3318820">
    <ele>19.2</ele>
    <time>2026-09-23T09:49:02Z</time>
   </trkpt>
   <trkpt lat="22.7400540" lon="120.3318420">
    <ele>19.2</ele>
    <time>2026-09-23T09:49:09Z</time>
   </trkpt>
   <trkpt lat="22.7400560" lon="120.3318340">
    <ele>19.2</ele>
    <time>2026-09-23T09:49:10Z</time>
   </trkpt>
   <trkpt lat="22.7400600" lon="120.3318250">
    <ele>19.2</ele>
    <time>2026-09-23T09:49:11Z</time>
   </trkpt>
   <trkpt lat="22.7400610" lon="120.3318150">
    <ele>19.2</ele>
    <time>2026-09-23T09:49:12Z</time>
   </trkpt>
   <trkpt lat="22.7400660" lon="120.3318140">
    <ele>19.2</ele>
    <time>2026-09-23T09:49:13Z</time>
   </trkpt>
   <trkpt lat="22.7400710" lon="120.3318060">
    <ele>19.2</ele>
    <time>2026-09-23T09:49:14Z</time>
   </trkpt>
   <trkpt lat="22.7400830" lon="120.3318030">
    <ele>19.2</ele>
    <time>2026-09-23T09:49:15Z</time>
   </trkpt>
   <trkpt lat="22.7401030" lon="120.3318020">
    <ele>19.2</ele>
    <time>2026-09-23T09:49:16Z</time>
   </trkpt>
   <trkpt lat="22.7401150" lon="120.3317960">
    <ele>19.2</ele>
    <time>2026-09-23T09:49:17Z</time>
   </trkpt>
   <trkpt lat="22.7401300" lon="120.3317840">
    <ele>19.2</ele>
    <time>2026-09-23T09:49:18Z</time>
   </trkpt>
   <trkpt lat="22.7401310" lon="120.3317820">
    <ele>19.2</ele>
    <time>2026-09-23T09:49:19Z</time>
   </trkpt>
   <trkpt lat="22.7401300" lon="120.3317840">
    <ele>19.2</ele>
    <time>2026-09-23T09:49:20Z</time>
   </trkpt>
   <trkpt lat="22.7401390" lon="120.3317800">
    <ele>19.2</ele>
    <time>2026-09-23T09:49:21Z</time>
   </trkpt>
   <trkpt lat="22.7401520" lon="120.3317750">
    <ele>19.2</ele>
    <time>2026-09-23T09:49:22Z</time>
   </trkpt>
   <trkpt lat="22.7401640" lon="120.3317610">
    <ele>19.2</ele>
    <time>2026-09-23T09:49:24Z</time>
   </trkpt>
   <trkpt lat="22.7401750" lon="120.3317470">
    <ele>19.2</ele>
    <time>2026-09-23T09:49:25Z</time>
   </trkpt>
   <trkpt lat="22.7401760" lon="120.3317400">
    <ele>19.2</ele>
    <time>2026-09-23T09:49:26Z</time>
   </trkpt>
   <trkpt lat="22.7401810" lon="120.3317350">
    <ele>19.2</ele>
    <time>2026-09-23T09:49:27Z</time>
   </trkpt>
   <trkpt lat="22.7401860" lon="120.3317260">
    <ele>19.2</ele>
    <time>2026-09-23T09:49:28Z</time>
   </trkpt>
   <trkpt lat="22.7401890" lon="120.3317160">
    <ele>19.2</ele>
    <time>2026-09-23T09:49:29Z</time>
   </trkpt>
   <trkpt lat="22.7401930" lon="120.3317090">
    <ele>19.2</ele>
    <time>2026-09-23T09:49:30Z</time>
   </trkpt>
   <trkpt lat="22.7401990" lon="120.3317090">
    <ele>19.2</ele>
    <time>2026-09-23T09:49:31Z</time>
   </trkpt>
   <trkpt lat="22.7402130" lon="120.3317070">
    <ele>19.2</ele>
    <time>2026-09-23T09:49:32Z</time>
   </trkpt>
   <trkpt lat="22.7402220" lon="120.3317040">
    <ele>19.2</ele>
    <time>2026-09-23T09:49:33Z</time>
   </trkpt>
   <trkpt lat="22.7402260" lon="120.3316950">
    <ele>19.2</ele>
    <time>2026-09-23T09:49:34Z</time>
   </trkpt>
   <trkpt lat="22.7402370" lon="120.3316900">
    <ele>19.2</ele>
    <time>2026-09-23T09:49:35Z</time>
   </trkpt>
   <trkpt lat="22.7402500" lon="120.3316830">
    <ele>19.2</ele>
    <time>2026-09-23T09:49:36Z</time>
   </trkpt>
   <trkpt lat="22.7402570" lon="120.3316810">
    <ele>19.2</ele>
    <time>2026-09-23T09:49:37Z</time>
   </trkpt>
   <trkpt lat="22.7402640" lon="120.3316700">
    <ele>19.2</ele>
    <time>2026-09-23T09:49:38Z</time>
   </trkpt>
   <trkpt lat="22.7402640" lon="120.3316650">
    <ele>19.2</ele>
    <time>2026-09-23T09:49:39Z</time>
   </trkpt>
   <trkpt lat="22.7402690" lon="120.3316540">
    <ele>19.2</ele>
    <time>2026-09-23T09:49:40Z</time>
   </trkpt>
   <trkpt lat="22.7402700" lon="120.3316470">
    <ele>19.2</ele>
    <time>2026-09-23T09:49:41Z</time>
   </trkpt>
   <trkpt lat="22.7402740" lon="120.3316380">
    <ele>19.2</ele>
    <time>2026-09-23T09:49:42Z</time>
   </trkpt>
   <trkpt lat="22.7402780" lon="120.3316310">
    <ele>19.2</ele>
    <time>2026-09-23T09:49:43Z</time>
   </trkpt>
   <trkpt lat="22.7402800" lon="120.3316230">
    <ele>19.2</ele>
    <time>2026-09-23T09:49:44Z</time>
   </trkpt>
   <trkpt lat="22.7402880" lon="120.3316090">
    <ele>19.2</ele>
    <time>2026-09-23T09:49:45Z</time>
   </trkpt>
   <trkpt lat="22.7402920" lon="120.3316050">
    <ele>19.2</ele>
    <time>2026-09-23T09:49:46Z</time>
   </trkpt>
   <trkpt lat="22.7402850" lon="120.3315740">
    <ele>19.2</ele>
    <time>2026-09-23T09:49:49Z</time>
   </trkpt>
   <trkpt lat="22.7402840" lon="120.3315660">
    <ele>19.2</ele>
    <time>2026-09-23T09:49:50Z</time>
   </trkpt>
   <trkpt lat="22.7402790" lon="120.3315580">
    <ele>19.2</ele>
    <time>2026-09-23T09:49:51Z</time>
   </trkpt>
   <trkpt lat="22.7402780" lon="120.3315500">
    <ele>19.2</ele>
    <time>2026-09-23T09:49:52Z</time>
   </trkpt>
   <trkpt lat="22.7402820" lon="120.3315460">
    <ele>19.2</ele>
    <time>2026-09-23T09:49:53Z</time>
   </trkpt>
   <trkpt lat="22.7402810" lon="120.3315350">
    <ele>19.2</ele>
    <time>2026-09-23T09:49:54Z</time>
   </trkpt>
   <trkpt lat="22.7402730" lon="120.3315250">
    <ele>19.2</ele>
    <time>2026-09-23T09:49:55Z</time>
   </trkpt>
   <trkpt lat="22.7402740" lon="120.3315220">
    <ele>19.2</ele>
    <time>2026-09-23T09:49:56Z</time>
   </trkpt>
   <trkpt lat="22.7402760" lon="120.3315120">
    <ele>19.2</ele>
    <time>2026-09-23T09:49:57Z</time>
   </trkpt>
   <trkpt lat="22.7402740" lon="120.3315070">
    <ele>19.2</ele>
    <time>2026-09-23T09:49:58Z</time>
   </trkpt>
   <trkpt lat="22.7402700" lon="120.3314170">
    <ele>19.2</ele>
    <time>2026-09-23T09:50:11Z</time>
   </trkpt>
   <trkpt lat="22.7402660" lon="120.3314130">
    <ele>19.2</ele>
    <time>2026-09-23T09:50:12Z</time>
   </trkpt>
   <trkpt lat="22.7402650" lon="120.3314170">
    <ele>19.2</ele>
    <time>2026-09-23T09:50:13Z</time>
   </trkpt>
   <trkpt lat="22.7402510" lon="120.3314190">
    <ele>19.2</ele>
    <time>2026-09-23T09:50:14Z</time>
   </trkpt>
   <trkpt lat="22.7402460" lon="120.3314150">
    <ele>19.2</ele>
    <time>2026-09-23T09:50:15Z</time>
   </trkpt>
   <trkpt lat="22.7402420" lon="120.3314060">
    <ele>19.2</ele>
    <time>2026-09-23T09:50:16Z</time>
   </trkpt>
   <trkpt lat="22.7402450" lon="120.3313990">
    <ele>19.2</ele>
    <time>2026-09-23T09:50:17Z</time>
   </trkpt>
   <trkpt lat="22.7402350" lon="120.3313970">
    <ele>19.2</ele>
    <time>2026-09-23T09:50:18Z</time>
   </trkpt>
   <trkpt lat="22.7402360" lon="120.3313970">
    <ele>19.2</ele>
    <time>2026-09-23T09:50:19Z</time>
   </trkpt>
   <trkpt lat="22.7402400" lon="120.3313960">
    <ele>19.2</ele>
    <time>2026-09-23T09:50:20Z</time>
   </trkpt>
   <trkpt lat="22.7402400" lon="120.3314040">
    <ele>19.2</ele>
    <time>2026-09-23T09:50:21Z</time>
   </trkpt>
   <trkpt lat="22.7403030" lon="120.3313780">
    <ele>19.1</ele>
    <time>2026-09-23T09:51:09Z</time>
   </trkpt>
   <trkpt lat="22.7403030" lon="120.3313780">
    <ele>19.1</ele>
    <time>2026-09-23T09:51:10Z</time>
   </trkpt>
   <trkpt lat="22.7403030" lon="120.3313940">
    <ele>19.1</ele>
    <time>2026-09-23T09:51:11Z</time>
   </trkpt>
   <trkpt lat="22.7403030" lon="120.3313960">
    <ele>19.1</ele>
    <time>2026-09-23T09:51:12Z</time>
   </trkpt>
   <trkpt lat="22.7403020" lon="120.3314000">
    <ele>19.1</ele>
    <time>2026-09-23T09:51:13Z</time>
   </trkpt>
   <trkpt lat="22.7403020" lon="120.3314000">
    <ele>19.1</ele>
    <time>2026-09-23T09:51:14Z</time>
   </trkpt>
   <trkpt lat="22.7403020" lon="120.3314000">
    <ele>19.1</ele>
    <time>2026-09-23T09:51:15Z</time>
   </trkpt>
   <trkpt lat="22.7403020" lon="120.3314000">
    <ele>19.1</ele>
    <time>2026-09-23T09:51:16Z</time>
   </trkpt>
   <trkpt lat="22.7403020" lon="120.3314000">
    <ele>19.1</ele>
    <time>2026-09-23T09:51:17Z</time>
   </trkpt>
   <trkpt lat="22.7403020" lon="120.3314000">
    <ele>19.1</ele>
    <time>2026-09-23T09:51:18Z</time>
   </trkpt>
   <trkpt lat="22.7402800" lon="120.3312870">
    <ele>19.1</ele>
    <time>2026-09-23T09:51:43Z</time>
   </trkpt>
   <trkpt lat="22.7402780" lon="120.3312510">
    <ele>19.1</ele>
    <time>2026-09-23T09:51:44Z</time>
   </trkpt>
   <trkpt lat="22.7402790" lon="120.3312280">
    <ele>19.1</ele>
    <time>2026-09-23T09:51:45Z</time>
   </trkpt>
   <trkpt lat="22.7402960" lon="120.3312010">
    <ele>19.1</ele>
    <time>2026-09-23T09:51:46Z</time>
   </trkpt>
   <trkpt lat="22.7402880" lon="120.3312250">
    <ele>19.1</ele>
    <time>2026-09-23T09:51:47Z</time>
   </trkpt>
   <trkpt lat="22.7402930" lon="120.3312100">
    <ele>19.1</ele>
    <time>2026-09-23T09:51:48Z</time>
   </trkpt>
   <trkpt lat="22.7402960" lon="120.3312030">
    <ele>19.1</ele>
    <time>2026-09-23T09:51:49Z</time>
   </trkpt>
   <trkpt lat="22.7402980" lon="120.3311960">
    <ele>19.1</ele>
    <time>2026-09-23T09:51:50Z</time>
   </trkpt>
   <trkpt lat="22.7403010" lon="120.3311890">
    <ele>19.1</ele>
    <time>2026-09-23T09:51:51Z</time>
   </trkpt>
   <trkpt lat="22.7403150" lon="120.3312040">
    <ele>19.0</ele>
    <time>2026-09-23T09:51:52Z</time>
   </trkpt>
   <trkpt lat="22.7403050" lon="120.3312100">
    <ele>19.0</ele>
    <time>2026-09-23T09:51:53Z</time>
   </trkpt>
   <trkpt lat="22.7402830" lon="120.3311750">
    <ele>19.0</ele>
    <time>2026-09-23T09:51:54Z</time>
   </trkpt>
   <trkpt lat="22.7402690" lon="120.3311960">
    <ele>19.0</ele>
    <time>2026-09-23T09:51:55Z</time>
   </trkpt>
   <trkpt lat="22.7402530" lon="120.3312340">
    <ele>19.0</ele>
    <time>2026-09-23T09:51:56Z</time>
   </trkpt>
   <trkpt lat="22.7402620" lon="120.3312030">
    <ele>19.1</ele>
    <time>2026-09-23T09:51:57Z</time>
   </trkpt>
   <trkpt lat="22.7402600" lon="120.3312790">
    <ele>19.1</ele>
    <time>2026-09-23T09:51:58Z</time>
   </trkpt>
   <trkpt lat="22.7402740" lon="120.3313080">
    <ele>19.1</ele>
    <time>2026-09-23T09:51:59Z</time>
   </trkpt>
   <trkpt lat="22.7402630" lon="120.3313270">
    <ele>19.1</ele>
    <time>2026-09-23T09:52:00Z</time>
   </trkpt>
   <trkpt lat="22.7402580" lon="120.3313480">
    <ele>19.1</ele>
    <time>2026-09-23T09:52:01Z</time>
   </trkpt>
   <trkpt lat="22.7402640" lon="120.3313670">
    <ele>19.1</ele>
    <time>2026-09-23T09:52:02Z</time>
   </trkpt>
   <trkpt lat="22.7402460" lon="120.3314010">
    <ele>19.1</ele>
    <time>2026-09-23T09:52:03Z</time>
   </trkpt>
   <trkpt lat="22.7402410" lon="120.3314410">
    <ele>19.2</ele>
    <time>2026-09-23T09:52:04Z</time>
   </trkpt>
   <trkpt lat="22.7402460" lon="120.3314360">
    <ele>19.2</ele>
    <time>2026-09-23T09:52:05Z</time>
   </trkpt>
   <trkpt lat="22.7402370" lon="120.3314390">
    <ele>19.2</ele>
    <time>2026-09-23T09:52:06Z</time>
   </trkpt>
   <trkpt lat="22.7402390" lon="120.3314440">
    <ele>19.2</ele>
    <time>2026-09-23T09:52:07Z</time>
   </trkpt>
   <trkpt lat="22.7402410" lon="120.3314690">
    <ele>19.2</ele>
    <time>2026-09-23T09:52:08Z</time>
   </trkpt>
   <trkpt lat="22.7402440" lon="120.3314980">
    <ele>19.2</ele>
    <time>2026-09-23T09:52:09Z</time>
   </trkpt>
   <trkpt lat="22.7402650" lon="120.3315580">
    <ele>19.2</ele>
    <time>2026-09-23T09:52:12Z</time>
   </trkpt>
   <trkpt lat="22.7402730" lon="120.3315710">
    <ele>19.2</ele>
    <time>2026-09-23T09:52:13Z</time>
   </trkpt>
   <trkpt lat="22.7402780" lon="120.3315770">
    <ele>19.2</ele>
    <time>2026-09-23T09:52:14Z</time>
   </trkpt>
   <trkpt lat="22.7402850" lon="120.3315880">
    <ele>19.2</ele>
    <time>2026-09-23T09:52:15Z</time>
   </trkpt>
   <trkpt lat="22.7402920" lon="120.3315950">
    <ele>19.2</ele>
    <time>2026-09-23T09:52:16Z</time>
   </trkpt>
   <trkpt lat="22.7402950" lon="120.3315970">
    <ele>19.2</ele>
    <time>2026-09-23T09:52:17Z</time>
   </trkpt>
   <trkpt lat="22.7402980" lon="120.3315990">
    <ele>19.2</ele>
    <time>2026-09-23T09:52:18Z</time>
   </trkpt>
   <trkpt lat="22.7403080" lon="120.3316080">
    <ele>19.2</ele>
    <time>2026-09-23T09:52:19Z</time>
   </trkpt>
   <trkpt lat="22.7403200" lon="120.3316090">
    <ele>19.2</ele>
    <time>2026-09-23T09:52:20Z</time>
   </trkpt>
   <trkpt lat="22.7403270" lon="120.3316130">
    <ele>19.2</ele>
    <time>2026-09-23T09:52:21Z</time>
   </trkpt>
   <trkpt lat="22.7403390" lon="120.3316160">
    <ele>19.2</ele>
    <time>2026-09-23T09:52:22Z</time>
   </trkpt>
   <trkpt lat="22.7403470" lon="120.3316200">
    <ele>19.2</ele>
    <time>2026-09-23T09:52:23Z</time>
   </trkpt>
   <trkpt lat="22.7403530" lon="120.3316210">
    <ele>19.2</ele>
    <time>2026-09-23T09:52:24Z</time>
   </trkpt>
   <trkpt lat="22.7403590" lon="120.3316280">
    <ele>19.2</ele>
    <time>2026-09-23T09:52:25Z</time>
   </trkpt>
   <trkpt lat="22.7403680" lon="120.3316340">
    <ele>19.2</ele>
    <time>2026-09-23T09:52:26Z</time>
   </trkpt>
   <trkpt lat="22.7403780" lon="120.3316400">
    <ele>19.2</ele>
    <time>2026-09-23T09:52:27Z</time>
   </trkpt>
   <trkpt lat="22.7403860" lon="120.3316460">
    <ele>19.2</ele>
    <time>2026-09-23T09:52:28Z</time>
   </trkpt>
   <trkpt lat="22.7403850" lon="120.3316550">
    <ele>19.2</ele>
    <time>2026-09-23T09:52:29Z</time>
   </trkpt>
   <trkpt lat="22.7403880" lon="120.3316580">
    <ele>19.2</ele>
    <time>2026-09-23T09:52:30Z</time>
   </trkpt>
   <trkpt lat="22.7403970" lon="120.3316660">
    <ele>19.2</ele>
    <time>2026-09-23T09:52:31Z</time>
   </trkpt>
   <trkpt lat="22.7404010" lon="120.3316730">
    <ele>19.2</ele>
    <time>2026-09-23T09:52:32Z</time>
   </trkpt>
   <trkpt lat="22.7404020" lon="120.3316810">
    <ele>19.2</ele>
    <time>2026-09-23T09:52:33Z</time>
   </trkpt>
   <trkpt lat="22.7403970" lon="120.3316900">
    <ele>19.2</ele>
    <time>2026-09-23T09:52:34Z</time>
   </trkpt>
   <trkpt lat="22.7404020" lon="120.3317010">
    <ele>19.2</ele>
    <time>2026-09-23T09:52:35Z</time>
   </trkpt>
   <trkpt lat="22.7403990" lon="120.3317110">
    <ele>19.2</ele>
    <time>2026-09-23T09:52:36Z</time>
   </trkpt>
   <trkpt lat="22.7404000" lon="120.3317180">
    <ele>19.2</ele>
    <time>2026-09-23T09:52:37Z</time>
   </trkpt>
   <trkpt lat="22.7404090" lon="120.3317190">
    <ele>19.2</ele>
    <time>2026-09-23T09:52:38Z</time>
   </trkpt>
   <trkpt lat="22.7405060" lon="120.3318160">
    <ele>19.2</ele>
    <time>2026-09-23T09:52:58Z</time>
   </trkpt>
   <trkpt lat="22.7405100" lon="120.3318200">
    <ele>19.2</ele>
    <time>2026-09-23T09:52:59Z</time>
   </trkpt>
   <trkpt lat="22.7405130" lon="120.3318330">
    <ele>19.2</ele>
    <time>2026-09-23T09:53:00Z</time>
   </trkpt>
   <trkpt lat="22.7405160" lon="120.3318390">
    <ele>19.2</ele>
    <time>2026-09-23T09:53:01Z</time>
   </trkpt>
   <trkpt lat="22.7405200" lon="120.3318460">
    <ele>19.2</ele>
    <time>2026-09-23T09:53:02Z</time>
   </trkpt>
   <trkpt lat="22.7405170" lon="120.3318420">
    <ele>19.2</ele>
    <time>2026-09-23T09:53:03Z</time>
   </trkpt>
   <trkpt lat="22.7405270" lon="120.3318560">
    <ele>19.2</ele>
    <time>2026-09-23T09:53:04Z</time>
   </trkpt>
   <trkpt lat="22.7405350" lon="120.3318570">
    <ele>19.2</ele>
    <time>2026-09-23T09:53:05Z</time>
   </trkpt>
   <trkpt lat="22.7405410" lon="120.3318670">
    <ele>19.2</ele>
    <time>2026-09-23T09:53:06Z</time>
   </trkpt>
   <trkpt lat="22.7405320" lon="120.3318500">
    <ele>19.2</ele>
    <time>2026-09-23T09:53:07Z</time>
   </trkpt>
   <trkpt lat="22.7405290" lon="120.3318460">
    <ele>19.2</ele>
    <time>2026-09-23T09:53:08Z</time>
   </trkpt>
   <trkpt lat="22.7405340" lon="120.3318600">
    <ele>19.2</ele>
    <time>2026-09-23T09:53:09Z</time>
   </trkpt>
   <trkpt lat="22.7405500" lon="120.3318700">
    <ele>19.2</ele>
    <time>2026-09-23T09:53:10Z</time>
   </trkpt>
   <trkpt lat="22.7405620" lon="120.3318790">
    <ele>19.2</ele>
    <time>2026-09-23T09:53:11Z</time>
   </trkpt>
   <trkpt lat="22.7405710" lon="120.3318820">
    <ele>19.2</ele>
    <time>2026-09-23T09:53:12Z</time>
   </trkpt>
   <trkpt lat="22.7405740" lon="120.3318860">
    <ele>19.2</ele>
    <time>2026-09-23T09:53:13Z</time>
   </trkpt>
   <trkpt lat="22.7405590" lon="120.3318710">
    <ele>19.2</ele>
    <time>2026-09-23T09:53:14Z</time>
   </trkpt>
   <trkpt lat="22.7405490" lon="120.3318710">
    <ele>19.2</ele>
    <time>2026-09-23T09:53:15Z</time>
   </trkpt>
   <trkpt lat="22.7405450" lon="120.3318600">
    <ele>19.2</ele>
    <time>2026-09-23T09:53:16Z</time>
   </trkpt>
   <trkpt lat="22.7405380" lon="120.3318560">
    <ele>19.2</ele>
    <time>2026-09-23T09:53:17Z</time>
   </trkpt>
   <trkpt lat="22.7405260" lon="120.3318470">
    <ele>19.2</ele>
    <time>2026-09-23T09:53:18Z</time>
   </trkpt>
   <trkpt lat="22.7405220" lon="120.3318390">
    <ele>19.2</ele>
    <time>2026-09-23T09:53:19Z</time>
   </trkpt>
   <trkpt lat="22.7405150" lon="120.3318290">
    <ele>19.2</ele>
    <time>2026-09-23T09:53:20Z</time>
   </trkpt>
   <trkpt lat="22.7405050" lon="120.3318180">
    <ele>19.2</ele>
    <time>2026-09-23T09:53:21Z</time>
   </trkpt>
   <trkpt lat="22.7404990" lon="120.3318130">
    <ele>19.2</ele>
    <time>2026-09-23T09:53:22Z</time>
   </trkpt>
   <trkpt lat="22.7404910" lon="120.3318090">
    <ele>19.2</ele>
    <time>2026-09-23T09:53:23Z</time>
   </trkpt>
   <trkpt lat="22.7404900" lon="120.3318180">
    <ele>19.2</ele>
    <time>2026-09-23T09:53:24Z</time>
   </trkpt>
   <trkpt lat="22.7404880" lon="120.3318240">
    <ele>19.2</ele>
    <time>2026-09-23T09:53:25Z</time>
   </trkpt>
   <trkpt lat="22.7404810" lon="120.3318190">
    <ele>19.2</ele>
    <time>2026-09-23T09:53:26Z</time>
   </trkpt>
   <trkpt lat="22.7404790" lon="120.3318180">
    <ele>19.2</ele>
    <time>2026-09-23T09:53:27Z</time>
   </trkpt>
   <trkpt lat="22.7404740" lon="120.3318100">
    <ele>19.2</ele>
    <time>2026-09-23T09:53:28Z</time>
   </trkpt>
   <trkpt lat="22.7404680" lon="120.3317930">
    <ele>19.2</ele>
    <time>2026-09-23T09:53:30Z</time>
   </trkpt>
   <trkpt lat="22.7404670" lon="120.3317880">
    <ele>19.2</ele>
    <time>2026-09-23T09:53:31Z</time>
   </trkpt>
   <trkpt lat="22.7404750" lon="120.3318080">
    <ele>19.2</ele>
    <time>2026-09-23T09:53:32Z</time>
   </trkpt>
   <trkpt lat="22.7404790" lon="120.3318220">
    <ele>19.2</ele>
    <time>2026-09-23T09:53:33Z</time>
   </trkpt>
   <trkpt lat="22.7404790" lon="120.3318250">
    <ele>19.2</ele>
    <time>2026-09-23T09:53:34Z</time>
   </trkpt>
   <trkpt lat="22.7404820" lon="120.3318110">
    <ele>19.2</ele>
    <time>2026-09-23T09:53:35Z</time>
   </trkpt>
   <trkpt lat="22.7404880" lon="120.3318000">
    <ele>19.2</ele>
    <time>2026-09-23T09:53:36Z</time>
   </trkpt>
   <trkpt lat="22.7404960" lon="120.3317990">
    <ele>19.2</ele>
    <time>2026-09-23T09:53:37Z</time>
   </trkpt>
   <trkpt lat="22.7404990" lon="120.3318010">
    <ele>19.2</ele>
    <time>2026-09-23T09:53:38Z</time>
   </trkpt>
   <trkpt lat="22.7405010" lon="120.3318040">
    <ele>19.2</ele>
    <time>2026-09-23T09:53:39Z</time>
   </trkpt>
   <trkpt lat="22.7405020" lon="120.3317970">
    <ele>19.2</ele>
    <time>2026-09-23T09:53:40Z</time>
   </trkpt>
   <trkpt lat="22.7405360" lon="120.3318040">
    <ele>19.2</ele>
    <time>2026-09-23T09:53:43Z</time>
   </trkpt>
   <trkpt lat="22.7405360" lon="120.3318150">
    <ele>19.2</ele>
    <time>2026-09-23T09:53:44Z</time>
   </trkpt>
   <trkpt lat="22.7405490" lon="120.3318390">
    <ele>19.2</ele>
    <time>2026-09-23T09:53:45Z</time>
   </trkpt>
   <trkpt lat="22.7405550" lon="120.3318570">
    <ele>19.2</ele>
    <time>2026-09-23T09:53:46Z</time>
   </trkpt>
   <trkpt lat="22.7405590" lon="120.3318600">
    <ele>19.2</ele>
    <time>2026-09-23T09:53:47Z</time>
   </trkpt>
   <trkpt lat="22.7405340" lon="120.3318680">
    <ele>19.2</ele>
    <time>2026-09-23T09:53:48Z</time>
   </trkpt>
   <trkpt lat="22.7405000" lon="120.3318950">
    <ele>19.2</ele>
    <time>2026-09-23T09:53:49Z</time>
   </trkpt>
   <trkpt lat="22.7405030" lon="120.3318860">
    <ele>19.2</ele>
    <time>2026-09-23T09:53:50Z</time>
   </trkpt>
   <trkpt lat="22.7405060" lon="120.3318770">
    <ele>19.2</ele>
    <time>2026-09-23T09:53:51Z</time>
   </trkpt>
   <trkpt lat="22.7405100" lon="120.3318680">
    <ele>19.2</ele>
    <time>2026-09-23T09:53:52Z</time>
   </trkpt>
   <trkpt lat="22.7405130" lon="120.3318580">
    <ele>19.2</ele>
    <time>2026-09-23T09:53:53Z</time>
   </trkpt>
   <trkpt lat="22.7405240" lon="120.3318270">
    <ele>19.2</ele>
    <time>2026-09-23T09:53:54Z</time>
   </trkpt>
   <trkpt lat="22.7405350" lon="120.3317960">
    <ele>19.1</ele>
    <time>2026-09-23T09:53:55Z</time>
   </trkpt>
   <trkpt lat="22.7405050" lon="120.3317910">
    <ele>19.1</ele>
    <time>2026-09-23T09:53:56Z</time>
   </trkpt>
   <trkpt lat="22.7404840" lon="120.3317940">
    <ele>19.2</ele>
    <time>2026-09-23T09:53:57Z</time>
   </trkpt>
   <trkpt lat="22.7404750" lon="120.3317710">
    <ele>19.2</ele>
    <time>2026-09-23T09:53:58Z</time>
   </trkpt>
   <trkpt lat="22.7404610" lon="120.3317570">
    <ele>19.2</ele>
    <time>2026-09-23T09:53:59Z</time>
   </trkpt>
   <trkpt lat="22.7404510" lon="120.3317430">
    <ele>19.2</ele>
    <time>2026-09-23T09:54:00Z</time>
   </trkpt>
   <trkpt lat="22.7404420" lon="120.3317300">
    <ele>19.2</ele>
    <time>2026-09-23T09:54:01Z</time>
   </trkpt>
   <trkpt lat="22.7404320" lon="120.3317260">
    <ele>19.2</ele>
    <time>2026-09-23T09:54:02Z</time>
   </trkpt>
   <trkpt lat="22.7404230" lon="120.3317170">
    <ele>19.2</ele>
    <time>2026-09-23T09:54:03Z</time>
   </trkpt>
   <trkpt lat="22.7404110" lon="120.3317050">
    <ele>19.2</ele>
    <time>2026-09-23T09:54:04Z</time>
   </trkpt>
   <trkpt lat="22.7404070" lon="120.3317000">
    <ele>19.2</ele>
    <time>2026-09-23T09:54:05Z</time>
   </trkpt>
   <trkpt lat="22.7404080" lon="120.3317020">
    <ele>19.2</ele>
    <time>2026-09-23T09:54:06Z</time>
   </trkpt>
   <trkpt lat="22.7403890" lon="120.3316910">
    <ele>19.2</ele>
    <time>2026-09-23T09:54:07Z</time>
   </trkpt>
   <trkpt lat="22.7403840" lon="120.3316880">
    <ele>19.2</ele>
    <time>2026-09-23T09:54:08Z</time>
   </trkpt>
   <trkpt lat="22.7403710" lon="120.3316750">
    <ele>19.2</ele>
    <time>2026-09-23T09:54:09Z</time>
   </trkpt>
   <trkpt lat="22.7403750" lon="120.3316660">
    <ele>19.2</ele>
    <time>2026-09-23T09:54:10Z</time>
   </trkpt>
   <trkpt lat="22.7403620" lon="120.3316540">
    <ele>19.2</ele>
    <time>2026-09-23T09:54:11Z</time>
   </trkpt>
   <trkpt lat="22.7403430" lon="120.3316510">
    <ele>19.2</ele>
    <time>2026-09-23T09:54:12Z</time>
   </trkpt>
   <trkpt lat="22.7403240" lon="120.3316580">
    <ele>19.2</ele>
    <time>2026-09-23T09:54:13Z</time>
   </trkpt>
   <trkpt lat="22.7403000" lon="120.3316500">
    <ele>19.2</ele>
    <time>2026-09-23T09:54:14Z</time>
   </trkpt>
   <trkpt lat="22.7402890" lon="120.3316390">
    <ele>19.2</ele>
    <time>2026-09-23T09:54:15Z</time>
   </trkpt>
   <trkpt lat="22.7402970" lon="120.3316420">
    <ele>19.2</ele>
    <time>2026-09-23T09:54:16Z</time>
   </trkpt>
   <trkpt lat="22.7402910" lon="120.3316540">
    <ele>19.2</ele>
    <time>2026-09-23T09:54:17Z</time>
   </trkpt>
   <trkpt lat="22.7402730" lon="120.3316640">
    <ele>19.2</ele>
    <time>2026-09-23T09:54:18Z</time>
   </trkpt>
   <trkpt lat="22.7402630" lon="120.3316740">
    <ele>19.2</ele>
    <time>2026-09-23T09:54:19Z</time>
   </trkpt>
   <trkpt lat="22.7402600" lon="120.3316660">
    <ele>19.2</ele>
    <time>2026-09-23T09:54:20Z</time>
   </trkpt>
   <trkpt lat="22.7402540" lon="120.3316450">
    <ele>19.2</ele>
    <time>2026-09-23T09:54:21Z</time>
   </trkpt>
   <trkpt lat="22.7402490" lon="120.3316320">
    <ele>19.2</ele>
    <time>2026-09-23T09:54:22Z</time>
   </trkpt>
   <trkpt lat="22.7402430" lon="120.3316280">
    <ele>19.2</ele>
    <time>2026-09-23T09:54:23Z</time>
   </trkpt>
   <trkpt lat="22.7402020" lon="120.3316250">
    <ele>19.2</ele>
    <time>2026-09-23T09:54:24Z</time>
   </trkpt>
   <trkpt lat="22.7401960" lon="120.3316420">
    <ele>19.2</ele>
    <time>2026-09-23T09:54:25Z</time>
   </trkpt>
   <trkpt lat="22.7401900" lon="120.3316450">
    <ele>19.2</ele>
    <time>2026-09-23T09:54:26Z</time>
   </trkpt>
   <trkpt lat="22.7402030" lon="120.3316470">
    <ele>19.2</ele>
    <time>2026-09-23T09:54:27Z</time>
   </trkpt>
   <trkpt lat="22.7401850" lon="120.3316770">
    <ele>19.2</ele>
    <time>2026-09-23T09:54:28Z</time>
   </trkpt>
   <trkpt lat="22.7401850" lon="120.3316760">
    <ele>19.2</ele>
    <time>2026-09-23T09:54:29Z</time>
   </trkpt>
   <trkpt lat="22.7401780" lon="120.3316860">
    <ele>19.2</ele>
    <time>2026-09-23T09:54:30Z</time>
   </trkpt>
   <trkpt lat="22.7401690" lon="120.3316930">
    <ele>19.2</ele>
    <time>2026-09-23T09:54:31Z</time>
   </trkpt>
   <trkpt lat="22.7401560" lon="120.3317000">
    <ele>19.2</ele>
    <time>2026-09-23T09:54:32Z</time>
   </trkpt>
   <trkpt lat="22.7401460" lon="120.3317120">
    <ele>19.2</ele>
    <time>2026-09-23T09:54:33Z</time>
   </trkpt>
   <trkpt lat="22.7401300" lon="120.3317330">
    <ele>19.2</ele>
    <time>2026-09-23T09:54:34Z</time>
   </trkpt>
   <trkpt lat="22.7401290" lon="120.3317380">
    <ele>19.2</ele>
    <time>2026-09-23T09:54:35Z</time>
   </trkpt>
   <trkpt lat="22.7401270" lon="120.3317460">
    <ele>19.2</ele>
    <time>2026-09-23T09:54:36Z</time>
   </trkpt>
   <trkpt lat="22.7401280" lon="120.3317530">
    <ele>19.2</ele>
    <time>2026-09-23T09:54:37Z</time>
   </trkpt>
   <trkpt lat="22.7401280" lon="120.3317580">
    <ele>19.2</ele>
    <time>2026-09-23T09:54:38Z</time>
   </trkpt>
   <trkpt lat="22.7401200" lon="120.3317620">
    <ele>19.2</ele>
    <time>2026-09-23T09:54:39Z</time>
   </trkpt>
   <trkpt lat="22.7401200" lon="120.3317560">
    <ele>19.2</ele>
    <time>2026-09-23T09:54:40Z</time>
   </trkpt>
   <trkpt lat="22.7401250" lon="120.3317490">
    <ele>19.2</ele>
    <time>2026-09-23T09:54:41Z</time>
   </trkpt>
   <trkpt lat="22.7401020" lon="120.3317620">
    <ele>19.2</ele>
    <time>2026-09-23T09:54:42Z</time>
   </trkpt>
   <trkpt lat="22.7400840" lon="120.3317670">
    <ele>19.2</ele>
    <time>2026-09-23T09:54:43Z</time>
   </trkpt>
   <trkpt lat="22.7400940" lon="120.3317620">
    <ele>19.2</ele>
    <time>2026-09-23T09:54:44Z</time>
   </trkpt>
   <trkpt lat="22.7400940" lon="120.3317620">
    <ele>19.2</ele>
    <time>2026-09-23T09:54:45Z</time>
   </trkpt>
   <trkpt lat="22.7400940" lon="120.3317620">
    <ele>19.2</ele>
    <time>2026-09-23T09:54:46Z</time>
   </trkpt>
   <trkpt lat="22.7400940" lon="120.3317620">
    <ele>19.2</ele>
    <time>2026-09-23T09:54:47Z</time>
   </trkpt>
   <trkpt lat="22.7400940" lon="120.3317620">
    <ele>19.2</ele>
    <time>2026-09-23T09:54:48Z</time>
   </trkpt>
   <trkpt lat="22.7400940" lon="120.3317620">
    <ele>19.2</ele>
    <time>2026-09-23T09:54:49Z</time>
   </trkpt>
   <trkpt lat="22.7401000" lon="120.3317490">
    <ele>19.2</ele>
    <time>2026-09-23T09:54:50Z</time>
   </trkpt>
   <trkpt lat="22.7400960" lon="120.3317550">
    <ele>19.2</ele>
    <time>2026-09-23T09:54:51Z</time>
   </trkpt>
   <trkpt lat="22.7401060" lon="120.3317570">
    <ele>19.2</ele>
    <time>2026-09-23T09:54:52Z</time>
   </trkpt>
   <trkpt lat="22.7401010" lon="120.3317500">
    <ele>19.2</ele>
    <time>2026-09-23T09:54:53Z</time>
   </trkpt>
   <trkpt lat="22.7400960" lon="120.3317670">
    <ele>19.2</ele>
    <time>2026-09-23T09:54:57Z</time>
   </trkpt>
   <trkpt lat="22.7400960" lon="120.3317690">
    <ele>19.2</ele>
    <time>2026-09-23T09:54:58Z</time>
   </trkpt>
   <trkpt lat="22.7400960" lon="120.3317690">
    <ele>19.2</ele>
    <time>2026-09-23T09:54:59Z</time>
   </trkpt>
   <trkpt lat="22.7400990" lon="120.3317630">
    <ele>19.2</ele>
    <time>2026-09-23T09:55:00Z</time>
   </trkpt>
   <trkpt lat="22.7401000" lon="120.3317620">
    <ele>19.2</ele>
    <time>2026-09-23T09:55:01Z</time>
   </trkpt>
   <trkpt lat="22.7401000" lon="120.3317620">
    <ele>19.2</ele>
    <time>2026-09-23T09:55:02Z</time>
   </trkpt>
   <trkpt lat="22.7401000" lon="120.3317620">
    <ele>19.2</ele>
    <time>2026-09-23T09:55:03Z</time>
   </trkpt>
   <trkpt lat="22.7401000" lon="120.3317620">
    <ele>19.2</ele>
    <time>2026-09-23T09:55:04Z</time>
   </trkpt>
   <trkpt lat="22.7400810" lon="120.3317580">
    <ele>19.2</ele>
    <time>2026-09-23T09:55:05Z</time>
   </trkpt>
   <trkpt lat="22.7400800" lon="120.3317600">
    <ele>19.2</ele>
    <time>2026-09-23T09:55:06Z</time>
   </trkpt>
   <trkpt lat="22.7400790" lon="120.3317630">
    <ele>19.2</ele>
    <time>2026-09-23T09:55:07Z</time>
   </trkpt>
   <trkpt lat="22.7400750" lon="120.3317690">
    <ele>19.2</ele>
    <time>2026-09-23T09:55:10Z</time>
   </trkpt>
   <trkpt lat="22.7400740" lon="120.3317720">
    <ele>19.2</ele>
    <time>2026-09-23T09:55:11Z</time>
   </trkpt>
   <trkpt lat="22.7400730" lon="120.3317740">
    <ele>19.2</ele>
    <time>2026-09-23T09:55:12Z</time>
   </trkpt>
   <trkpt lat="22.7400720" lon="120.3317760">
    <ele>19.2</ele>
    <time>2026-09-23T09:55:13Z</time>
   </trkpt>
   <trkpt lat="22.7400710" lon="120.3317790">
    <ele>19.2</ele>
    <time>2026-09-23T09:55:14Z</time>
   </trkpt>
   <trkpt lat="22.7400690" lon="120.3317810">
    <ele>19.2</ele>
    <time>2026-09-23T09:55:15Z</time>
   </trkpt>
   <trkpt lat="22.7400680" lon="120.3317830">
    <ele>19.2</ele>
    <time>2026-09-23T09:55:16Z</time>
   </trkpt>
   <trkpt lat="22.7400670" lon="120.3317860">
    <ele>19.2</ele>
    <time>2026-09-23T09:55:17Z</time>
   </trkpt>
   <trkpt lat="22.7400660" lon="120.3317880">
    <ele>19.2</ele>
    <time>2026-09-23T09:55:18Z</time>
   </trkpt>
   <trkpt lat="22.7400650" lon="120.3317900">
    <ele>19.2</ele>
    <time>2026-09-23T09:55:19Z</time>
   </trkpt>
   <trkpt lat="22.7400390" lon="120.3318410">
    <ele>19.2</ele>
    <time>2026-09-23T09:55:41Z</time>
   </trkpt>
   <trkpt lat="22.7400380" lon="120.3318430">
    <ele>19.2</ele>
    <time>2026-09-23T09:55:42Z</time>
   </trkpt>
   <trkpt lat="22.7399860" lon="120.3319000">
    <ele>19.2</ele>
    <time>2026-09-23T09:55:43Z</time>
   </trkpt>
   <trkpt lat="22.7399280" lon="120.3319680">
    <ele>19.2</ele>
    <time>2026-09-23T09:55:44Z</time>
   </trkpt>
   <trkpt lat="22.7398770" lon="120.3320250">
    <ele>19.2</ele>
    <time>2026-09-23T09:55:45Z</time>
   </trkpt>
   <trkpt lat="22.7398360" lon="120.3320700">
    <ele>19.2</ele>
    <time>2026-09-23T09:55:46Z</time>
   </trkpt>
   <trkpt lat="22.7398030" lon="120.3321090">
    <ele>19.2</ele>
    <time>2026-09-23T09:55:47Z</time>
   </trkpt>
   <trkpt lat="22.7397520" lon="120.3321420">
    <ele>19.2</ele>
    <time>2026-09-23T09:55:48Z</time>
   </trkpt>
   <trkpt lat="22.7397030" lon="120.3321870">
    <ele>19.2</ele>
    <time>2026-09-23T09:55:49Z</time>
   </trkpt>
   <trkpt lat="22.7396910" lon="120.3322510">
    <ele>19.2</ele>
    <time>2026-09-23T09:55:50Z</time>
   </trkpt>
   <trkpt lat="22.7396780" lon="120.3322960">
    <ele>19.3</ele>
    <time>2026-09-23T09:55:51Z</time>
   </trkpt>
   <trkpt lat="22.7396660" lon="120.3323280">
    <ele>19.3</ele>
    <time>2026-09-23T09:55:52Z</time>
   </trkpt>
   <trkpt lat="22.7396430" lon="120.3323340">
    <ele>19.3</ele>
    <time>2026-09-23T09:55:53Z</time>
   </trkpt>
   <trkpt lat="22.7396210" lon="120.3323760">
    <ele>19.4</ele>
    <time>2026-09-23T09:55:54Z</time>
   </trkpt>
   <trkpt lat="22.7396130" lon="120.3323860">
    <ele>19.4</ele>
    <time>2026-09-23T09:55:55Z</time>
   </trkpt>
   <trkpt lat="22.7396130" lon="120.3323910">
    <ele>19.4</ele>
    <time>2026-09-23T09:55:56Z</time>
   </trkpt>
   <trkpt lat="22.7396150" lon="120.3323920">
    <ele>19.4</ele>
    <time>2026-09-23T09:55:57Z</time>
   </trkpt>
   <trkpt lat="22.7396160" lon="120.3323940">
    <ele>19.4</ele>
    <time>2026-09-23T09:55:58Z</time>
   </trkpt>
   <trkpt lat="22.7396130" lon="120.3324020">
    <ele>19.4</ele>
    <time>2026-09-23T09:55:59Z</time>
   </trkpt>
   <trkpt lat="22.7396080" lon="120.3324280">
    <ele>19.4</ele>
    <time>2026-09-23T09:56:00Z</time>
   </trkpt>
   <trkpt lat="22.7396080" lon="120.3324580">
    <ele>19.4</ele>
    <time>2026-09-23T09:56:01Z</time>
   </trkpt>
   <trkpt lat="22.7396190" lon="120.3324840">
    <ele>19.3</ele>
    <time>2026-09-23T09:56:02Z</time>
   </trkpt>
   <trkpt lat="22.7396400" lon="120.3325020">
    <ele>19.3</ele>
    <time>2026-09-23T09:56:03Z</time>
   </trkpt>
   <trkpt lat="22.7396690" lon="120.3325310">
    <ele>19.3</ele>
    <time>2026-09-23T09:56:04Z</time>
   </trkpt>
   <trkpt lat="22.7396920" lon="120.3325670">
    <ele>19.3</ele>
    <time>2026-09-23T09:56:05Z</time>
   </trkpt>
   <trkpt lat="22.7397230" lon="120.3326090">
    <ele>19.2</ele>
    <time>2026-09-23T09:56:06Z</time>
   </trkpt>
   <trkpt lat="22.7397500" lon="120.3326460">
    <ele>19.2</ele>
    <time>2026-09-23T09:56:07Z</time>
   </trkpt>
   <trkpt lat="22.7397690" lon="120.3326770">
    <ele>19.2</ele>
    <time>2026-09-23T09:56:08Z</time>
   </trkpt>
   <trkpt lat="22.7397650" lon="120.3327050">
    <ele>19.1</ele>
    <time>2026-09-23T09:56:09Z</time>
   </trkpt>
   <trkpt lat="22.7397600" lon="120.3327230">
    <ele>19.1</ele>
    <time>2026-09-23T09:56:10Z</time>
   </trkpt>
   <trkpt lat="22.7397550" lon="120.3327400">
    <ele>19.1</ele>
    <time>2026-09-23T09:56:11Z</time>
   </trkpt>
   <trkpt lat="22.7397500" lon="120.3327440">
    <ele>19.1</ele>
    <time>2026-09-23T09:56:12Z</time>
   </trkpt>
   <trkpt lat="22.7397510" lon="120.3327430">
    <ele>19.1</ele>
    <time>2026-09-23T09:56:13Z</time>
   </trkpt>
   <trkpt lat="22.7397530" lon="120.3327430">
    <ele>19.1</ele>
    <time>2026-09-23T09:56:14Z</time>
   </trkpt>
   <trkpt lat="22.7397550" lon="120.3327510">
    <ele>19.1</ele>
    <time>2026-09-23T09:56:15Z</time>
   </trkpt>
   <trkpt lat="22.7397560" lon="120.3327550">
    <ele>19.1</ele>
    <time>2026-09-23T09:56:16Z</time>
   </trkpt>
   <trkpt lat="22.7397530" lon="120.3327560">
    <ele>19.1</ele>
    <time>2026-09-23T09:56:17Z</time>
   </trkpt>
   <trkpt lat="22.7397530" lon="120.3327570">
    <ele>19.1</ele>
    <time>2026-09-23T09:56:18Z</time>
   </trkpt>
   <trkpt lat="22.7397530" lon="120.3327570">
    <ele>19.1</ele>
    <time>2026-09-23T09:56:19Z</time>
   </trkpt>
   <trkpt lat="22.7397530" lon="120.3327570">
    <ele>19.1</ele>
    <time>2026-09-23T09:56:20Z</time>
   </trkpt>
   <trkpt lat="22.7397530" lon="120.3327570">
    <ele>19.1</ele>
    <time>2026-09-23T09:56:21Z</time>
   </trkpt>
   <trkpt lat="22.7397530" lon="120.3327610">
    <ele>19.1</ele>
    <time>2026-09-23T09:56:22Z</time>
   </trkpt>
   <trkpt lat="22.7397530" lon="120.3327620">
    <ele>19.1</ele>
    <time>2026-09-23T09:56:23Z</time>
   </trkpt>
   <trkpt lat="22.7397530" lon="120.3327640">
    <ele>19.1</ele>
    <time>2026-09-23T09:56:24Z</time>
   </trkpt>
   <trkpt lat="22.7397550" lon="120.3327610">
    <ele>19.1</ele>
    <time>2026-09-23T09:56:25Z</time>
   </trkpt>
   <trkpt lat="22.7397570" lon="120.3327600">
    <ele>19.1</ele>
    <time>2026-09-23T09:56:26Z</time>
   </trkpt>
   <trkpt lat="22.7397580" lon="120.3327650">
    <ele>19.1</ele>
    <time>2026-09-23T09:56:27Z</time>
   </trkpt>
   <trkpt lat="22.7397590" lon="120.3327670">
    <ele>19.1</ele>
    <time>2026-09-23T09:56:28Z</time>
   </trkpt>
   <trkpt lat="22.7397590" lon="120.3327670">
    <ele>19.1</ele>
    <time>2026-09-23T09:56:29Z</time>
   </trkpt>
   <trkpt lat="22.7397600" lon="120.3327660">
    <ele>19.1</ele>
    <time>2026-09-23T09:56:30Z</time>
   </trkpt>
   <trkpt lat="22.7397600" lon="120.3327660">
    <ele>19.1</ele>
    <time>2026-09-23T09:56:31Z</time>
   </trkpt>
   <trkpt lat="22.7397160" lon="120.3328140">
    <ele>19.0</ele>
    <time>2026-09-23T09:56:34Z</time>
   </trkpt>
   <trkpt lat="22.7396710" lon="120.3328230">
    <ele>19.0</ele>
    <time>2026-09-23T09:56:35Z</time>
   </trkpt>
   <trkpt lat="22.7396050" lon="120.3328080">
    <ele>19.0</ele>
    <time>2026-09-23T09:56:36Z</time>
   </trkpt>
   <trkpt lat="22.7395380" lon="120.3327830">
    <ele>19.0</ele>
    <time>2026-09-23T09:56:37Z</time>
   </trkpt>
   <trkpt lat="22.7394590" lon="120.3327730">
    <ele>19.0</ele>
    <time>2026-09-23T09:56:38Z</time>
   </trkpt>
   <trkpt lat="22.7393610" lon="120.3327590">
    <ele>19.0</ele>
    <time>2026-09-23T09:56:39Z</time>
   </trkpt>
   <trkpt lat="22.7392610" lon="120.3327450">
    <ele>19.0</ele>
    <time>2026-09-23T09:56:40Z</time>
   </trkpt>
   <trkpt lat="22.7391720" lon="120.3327340">
    <ele>19.0</ele>
    <time>2026-09-23T09:56:41Z</time>
   </trkpt>
   <trkpt lat="22.7390900" lon="120.3327180">
    <ele>19.0</ele>
    <time>2026-09-23T09:56:42Z</time>
   </trkpt>
   <trkpt lat="22.7390000" lon="120.3327050">
    <ele>19.0</ele>
    <time>2026-09-23T09:56:43Z</time>
   </trkpt>
   <trkpt lat="22.7389050" lon="120.3326930">
    <ele>19.1</ele>
    <time>2026-09-23T09:56:44Z</time>
   </trkpt>
   <trkpt lat="22.7388040" lon="120.3326810">
    <ele>19.2</ele>
    <time>2026-09-23T09:56:45Z</time>
   </trkpt>
   <trkpt lat="22.7387090" lon="120.3326690">
    <ele>19.2</ele>
    <time>2026-09-23T09:56:46Z</time>
   </trkpt>
   <trkpt lat="22.7386250" lon="120.3326600">
    <ele>19.3</ele>
    <time>2026-09-23T09:56:47Z</time>
   </trkpt>
   <trkpt lat="22.7385510" lon="120.3326500">
    <ele>19.3</ele>
    <time>2026-09-23T09:56:48Z</time>
   </trkpt>
   <trkpt lat="22.7384820" lon="120.3326390">
    <ele>19.3</ele>
    <time>2026-09-23T09:56:49Z</time>
   </trkpt>
   <trkpt lat="22.7384060" lon="120.3326330">
    <ele>19.3</ele>
    <time>2026-09-23T09:56:50Z</time>
   </trkpt>
   <trkpt lat="22.7383280" lon="120.3326300">
    <ele>19.3</ele>
    <time>2026-09-23T09:56:51Z</time>
   </trkpt>
   <trkpt lat="22.7382600" lon="120.3326160">
    <ele>19.3</ele>
    <time>2026-09-23T09:56:52Z</time>
   </trkpt>
   <trkpt lat="22.7382060" lon="120.3325980">
    <ele>19.3</ele>
    <time>2026-09-23T09:56:53Z</time>
   </trkpt>
   <trkpt lat="22.7381650" lon="120.3325700">
    <ele>19.3</ele>
    <time>2026-09-23T09:56:54Z</time>
   </trkpt>
   <trkpt lat="22.7381320" lon="120.3325440">
    <ele>19.3</ele>
    <time>2026-09-23T09:56:55Z</time>
   </trkpt>
   <trkpt lat="22.7381110" lon="120.3325090">
    <ele>19.3</ele>
    <time>2026-09-23T09:56:56Z</time>
   </trkpt>
   <trkpt lat="22.7380980" lon="120.3324790">
    <ele>19.4</ele>
    <time>2026-09-23T09:56:57Z</time>
   </trkpt>
   <trkpt lat="22.7380910" lon="120.3324560">
    <ele>19.4</ele>
    <time>2026-09-23T09:56:58Z</time>
   </trkpt>
   <trkpt lat="22.7380840" lon="120.3324240">
    <ele>19.4</ele>
    <time>2026-09-23T09:56:59Z</time>
   </trkpt>
   <trkpt lat="22.7380840" lon="120.3324240">
    <ele>19.4</ele>
    <time>2026-09-23T09:57:00Z</time>
   </trkpt>
   <trkpt lat="22.7380660" lon="120.3324010">
    <ele>19.4</ele>
    <time>2026-09-23T09:57:01Z</time>
   </trkpt>
   <trkpt lat="22.7380660" lon="120.3324010">
    <ele>19.4</ele>
    <time>2026-09-23T09:57:02Z</time>
   </trkpt>
   <trkpt lat="22.7380660" lon="120.3324010">
    <ele>19.4</ele>
    <time>2026-09-23T09:57:03Z</time>
   </trkpt>
   <trkpt lat="22.7380660" lon="120.3324010">
    <ele>19.4</ele>
    <time>2026-09-23T09:57:04Z</time>
   </trkpt>
   <trkpt lat="22.7380660" lon="120.3324010">
    <ele>19.4</ele>
    <time>2026-09-23T09:57:05Z</time>
   </trkpt>
   <trkpt lat="22.7380660" lon="120.3324010">
    <ele>19.4</ele>
    <time>2026-09-23T09:57:06Z</time>
   </trkpt>
   <trkpt lat="22.7380660" lon="120.3324010">
    <ele>19.4</ele>
    <time>2026-09-23T09:57:08Z</time>
   </trkpt>
   <trkpt lat="22.7380660" lon="120.3324010">
    <ele>19.4</ele>
    <time>2026-09-23T09:57:09Z</time>
   </trkpt>
   <trkpt lat="22.7380660" lon="120.3324010">
    <ele>19.4</ele>
    <time>2026-09-23T09:57:10Z</time>
   </trkpt>
   <trkpt lat="22.7380660" lon="120.3324010">
    <ele>19.4</ele>
    <time>2026-09-23T09:57:11Z</time>
   </trkpt>
   <trkpt lat="22.7380510" lon="120.3323800">
    <ele>19.4</ele>
    <time>2026-09-23T09:57:12Z</time>
   </trkpt>
   <trkpt lat="22.7380420" lon="120.3323690">
    <ele>19.4</ele>
    <time>2026-09-23T09:57:28Z</time>
   </trkpt>
   <trkpt lat="22.7380420" lon="120.3323680">
    <ele>19.4</ele>
    <time>2026-09-23T09:57:29Z</time>
   </trkpt>
   <trkpt lat="22.7380410" lon="120.3323680">
    <ele>19.4</ele>
    <time>2026-09-23T09:57:30Z</time>
   </trkpt>
   <trkpt lat="22.7380410" lon="120.3323670">
    <ele>19.4</ele>
    <time>2026-09-23T09:57:31Z</time>
   </trkpt>
   <trkpt lat="22.7380400" lon="120.3323660">
    <ele>19.4</ele>
    <time>2026-09-23T09:57:32Z</time>
   </trkpt>
   <trkpt lat="22.7380400" lon="120.3323660">
    <ele>19.4</ele>
    <time>2026-09-23T09:57:33Z</time>
   </trkpt>
   <trkpt lat="22.7380390" lon="120.3323650">
    <ele>19.4</ele>
    <time>2026-09-23T09:57:34Z</time>
   </trkpt>
   <trkpt lat="22.7380390" lon="120.3323640">
    <ele>19.4</ele>
    <time>2026-09-23T09:57:35Z</time>
   </trkpt>
   <trkpt lat="22.7380380" lon="120.3323640">
    <ele>19.4</ele>
    <time>2026-09-23T09:57:36Z</time>
   </trkpt>
   <trkpt lat="22.7380370" lon="120.3323630">
    <ele>19.4</ele>
    <time>2026-09-23T09:57:37Z</time>
   </trkpt>
   <trkpt lat="22.7380370" lon="120.3323620">
    <ele>19.4</ele>
    <time>2026-09-23T09:57:38Z</time>
   </trkpt>
   <trkpt lat="22.7380050" lon="120.3323200">
    <ele>19.4</ele>
    <time>2026-09-23T09:58:39Z</time>
   </trkpt>
   <trkpt lat="22.7380040" lon="120.3323190">
    <ele>19.4</ele>
    <time>2026-09-23T09:58:40Z</time>
   </trkpt>
   <trkpt lat="22.7379790" lon="120.3322570">
    <ele>19.4</ele>
    <time>2026-09-23T09:58:41Z</time>
   </trkpt>
   <trkpt lat="22.7379550" lon="120.3321830">
    <ele>19.4</ele>
    <time>2026-09-23T09:58:42Z</time>
   </trkpt>
   <trkpt lat="22.7379350" lon="120.3321010">
    <ele>19.5</ele>
    <time>2026-09-23T09:58:43Z</time>
   </trkpt>
   <trkpt lat="22.7379130" lon="120.3320190">
    <ele>19.5</ele>
    <time>2026-09-23T09:58:44Z</time>
   </trkpt>
   <trkpt lat="22.7378990" lon="120.3319460">
    <ele>19.5</ele>
    <time>2026-09-23T09:58:45Z</time>
   </trkpt>
   <trkpt lat="22.7378820" lon="120.3318750">
    <ele>19.5</ele>
    <time>2026-09-23T09:58:46Z</time>
   </trkpt>
   <trkpt lat="22.7378680" lon="120.3318150">
    <ele>19.5</ele>
    <time>2026-09-23T09:58:47Z</time>
   </trkpt>
   <trkpt lat="22.7378630" lon="120.3317680">
    <ele>19.6</ele>
    <time>2026-09-23T09:58:48Z</time>
   </trkpt>
   <trkpt lat="22.7378550" lon="120.3317340">
    <ele>19.6</ele>
    <time>2026-09-23T09:58:49Z</time>
   </trkpt>
   <trkpt lat="22.7378500" lon="120.3316920">
    <ele>19.6</ele>
    <time>2026-09-23T09:58:50Z</time>
   </trkpt>
   <trkpt lat="22.7378410" lon="120.3316520">
    <ele>19.6</ele>
    <time>2026-09-23T09:58:51Z</time>
   </trkpt>
   <trkpt lat="22.7378330" lon="120.3316040">
    <ele>19.7</ele>
    <time>2026-09-23T09:58:52Z</time>
   </trkpt>
   <trkpt lat="22.7378270" lon="120.3315590">
    <ele>19.7</ele>
    <time>2026-09-23T09:58:53Z</time>
   </trkpt>
   <trkpt lat="22.7378300" lon="120.3315170">
    <ele>19.7</ele>
    <time>2026-09-23T09:58:54Z</time>
   </trkpt>
   <trkpt lat="22.7378370" lon="120.3314690">
    <ele>19.6</ele>
    <time>2026-09-23T09:58:55Z</time>
   </trkpt>
   <trkpt lat="22.7378520" lon="120.3314200">
    <ele>19.4</ele>
    <time>2026-09-23T09:58:56Z</time>
   </trkpt>
   <trkpt lat="22.7378740" lon="120.3313770">
    <ele>19.2</ele>
    <time>2026-09-23T09:58:57Z</time>
   </trkpt>
   <trkpt lat="22.7379140" lon="120.3313420">
    <ele>19.2</ele>
    <time>2026-09-23T09:58:58Z</time>
   </trkpt>
   <trkpt lat="22.7379620" lon="120.3313150">
    <ele>19.1</ele>
    <time>2026-09-23T09:58:59Z</time>
   </trkpt>
   <trkpt lat="22.7380130" lon="120.3312860">
    <ele>19.0</ele>
    <time>2026-09-23T09:59:00Z</time>
   </trkpt>
   <trkpt lat="22.7380600" lon="120.3312600">
    <ele>18.9</ele>
    <time>2026-09-23T09:59:01Z</time>
   </trkpt>
   <trkpt lat="22.7381070" lon="120.3312320">
    <ele>18.9</ele>
    <time>2026-09-23T09:59:02Z</time>
   </trkpt>
   <trkpt lat="22.7381580" lon="120.3312010">
    <ele>18.9</ele>
    <time>2026-09-23T09:59:03Z</time>
   </trkpt>
   <trkpt lat="22.7382110" lon="120.3311710">
    <ele>18.8</ele>
    <time>2026-09-23T09:59:04Z</time>
   </trkpt>
   <trkpt lat="22.7382630" lon="120.3311380">
    <ele>18.8</ele>
    <time>2026-09-23T09:59:05Z</time>
   </trkpt>
   <trkpt lat="22.7383150" lon="120.3311090">
    <ele>18.8</ele>
    <time>2026-09-23T09:59:06Z</time>
   </trkpt>
   <trkpt lat="22.7383630" lon="120.3310830">
    <ele>18.8</ele>
    <time>2026-09-23T09:59:07Z</time>
   </trkpt>
   <trkpt lat="22.7384090" lon="120.3310580">
    <ele>18.8</ele>
    <time>2026-09-23T09:59:08Z</time>
   </trkpt>
   <trkpt lat="22.7384530" lon="120.3310350">
    <ele>18.8</ele>
    <time>2026-09-23T09:59:09Z</time>
   </trkpt>
   <trkpt lat="22.7384970" lon="120.3310100">
    <ele>18.8</ele>
    <time>2026-09-23T09:59:10Z</time>
   </trkpt>
   <trkpt lat="22.7385340" lon="120.3309870">
    <ele>18.8</ele>
    <time>2026-09-23T09:59:11Z</time>
   </trkpt>
   <trkpt lat="22.7385750" lon="120.3309630">
    <ele>18.7</ele>
    <time>2026-09-23T09:59:12Z</time>
   </trkpt>
   <trkpt lat="22.7386100" lon="120.3309380">
    <ele>18.7</ele>
    <time>2026-09-23T09:59:13Z</time>
   </trkpt>
   <trkpt lat="22.7386470" lon="120.3309110">
    <ele>18.7</ele>
    <time>2026-09-23T09:59:14Z</time>
   </trkpt>
   <trkpt lat="22.7386820" lon="120.3308900">
    <ele>18.7</ele>
    <time>2026-09-23T09:59:15Z</time>
   </trkpt>
   <trkpt lat="22.7387230" lon="120.3308690">
    <ele>18.7</ele>
    <time>2026-09-23T09:59:16Z</time>
   </trkpt>
   <trkpt lat="22.7387620" lon="120.3308400">
    <ele>18.7</ele>
    <time>2026-09-23T09:59:17Z</time>
   </trkpt>
   <trkpt lat="22.7388060" lon="120.3308120">
    <ele>18.7</ele>
    <time>2026-09-23T09:59:18Z</time>
   </trkpt>
   <trkpt lat="22.7388560" lon="120.3307810">
    <ele>18.7</ele>
    <time>2026-09-23T09:59:19Z</time>
   </trkpt>
   <trkpt lat="22.7389040" lon="120.3307510">
    <ele>18.7</ele>
    <time>2026-09-23T09:59:20Z</time>
   </trkpt>
   <trkpt lat="22.7389570" lon="120.3307210">
    <ele>18.6</ele>
    <time>2026-09-23T09:59:21Z</time>
   </trkpt>
   <trkpt lat="22.7390070" lon="120.3306890">
    <ele>18.6</ele>
    <time>2026-09-23T09:59:22Z</time>
   </trkpt>
   <trkpt lat="22.7390570" lon="120.3306580">
    <ele>18.6</ele>
    <time>2026-09-23T09:59:23Z</time>
   </trkpt>
   <trkpt lat="22.7391100" lon="120.3306270">
    <ele>18.6</ele>
    <time>2026-09-23T09:59:24Z</time>
   </trkpt>
   <trkpt lat="22.7391650" lon="120.3305950">
    <ele>18.6</ele>
    <time>2026-09-23T09:59:25Z</time>
   </trkpt>
   <trkpt lat="22.7392160" lon="120.3305650">
    <ele>18.6</ele>
    <time>2026-09-23T09:59:26Z</time>
   </trkpt>
   <trkpt lat="22.7392600" lon="120.3305420">
    <ele>18.6</ele>
    <time>2026-09-23T09:59:27Z</time>
   </trkpt>
   <trkpt lat="22.7392940" lon="120.3305250">
    <ele>18.6</ele>
    <time>2026-09-23T09:59:28Z</time>
   </trkpt>
   <trkpt lat="22.7393200" lon="120.3305140">
    <ele>18.5</ele>
    <time>2026-09-23T09:59:29Z</time>
   </trkpt>
   <trkpt lat="22.7393430" lon="120.3305050">
    <ele>18.5</ele>
    <time>2026-09-23T09:59:30Z</time>
   </trkpt>
   <trkpt lat="22.7393610" lon="120.3304960">
    <ele>18.5</ele>
    <time>2026-09-23T09:59:31Z</time>
   </trkpt>
   <trkpt lat="22.7393810" lon="120.3304860">
    <ele>18.5</ele>
    <time>2026-09-23T09:59:32Z</time>
   </trkpt>
   <trkpt lat="22.7394110" lon="120.3304700">
    <ele>18.5</ele>
    <time>2026-09-23T09:59:33Z</time>
   </trkpt>
   <trkpt lat="22.7394500" lon="120.3304470">
    <ele>18.5</ele>
    <time>2026-09-23T09:59:34Z</time>
   </trkpt>
   <trkpt lat="22.7394910" lon="120.3304220">
    <ele>18.5</ele>
    <time>2026-09-23T09:59:35Z</time>
   </trkpt>
   <trkpt lat="22.7395370" lon="120.3303970">
    <ele>18.4</ele>
    <time>2026-09-23T09:59:36Z</time>
   </trkpt>
   <trkpt lat="22.7395830" lon="120.3303700">
    <ele>18.4</ele>
    <time>2026-09-23T09:59:37Z</time>
   </trkpt>
   <trkpt lat="22.7396330" lon="120.3303420">
    <ele>18.3</ele>
    <time>2026-09-23T09:59:38Z</time>
   </trkpt>
   <trkpt lat="22.7396860" lon="120.3303130">
    <ele>18.2</ele>
    <time>2026-09-23T09:59:39Z</time>
   </trkpt>
   <trkpt lat="22.7397310" lon="120.3302860">
    <ele>18.1</ele>
    <time>2026-09-23T09:59:40Z</time>
   </trkpt>
   <trkpt lat="22.7397790" lon="120.3302610">
    <ele>18.1</ele>
    <time>2026-09-23T09:59:41Z</time>
   </trkpt>
   <trkpt lat="22.7398300" lon="120.3302310">
    <ele>18.0</ele>
    <time>2026-09-23T09:59:42Z</time>
   </trkpt>
   <trkpt lat="22.7398760" lon="120.3301940">
    <ele>18.0</ele>
    <time>2026-09-23T09:59:43Z</time>
   </trkpt>
   <trkpt lat="22.7399240" lon="120.3301550">
    <ele>18.0</ele>
    <time>2026-09-23T09:59:44Z</time>
   </trkpt>
   <trkpt lat="22.7399740" lon="120.3301160">
    <ele>17.9</ele>
    <time>2026-09-23T09:59:45Z</time>
   </trkpt>
   <trkpt lat="22.7400280" lon="120.3300790">
    <ele>17.9</ele>
    <time>2026-09-23T09:59:46Z</time>
   </trkpt>
   <trkpt lat="22.7400830" lon="120.3300440">
    <ele>17.8</ele>
    <time>2026-09-23T09:59:47Z</time>
   </trkpt>
   <trkpt lat="22.7401340" lon="120.3300170">
    <ele>17.8</ele>
    <time>2026-09-23T09:59:48Z</time>
   </trkpt>
   <trkpt lat="22.7401880" lon="120.3299900">
    <ele>17.7</ele>
    <time>2026-09-23T09:59:49Z</time>
   </trkpt>
   <trkpt lat="22.7402390" lon="120.3299660">
    <ele>17.7</ele>
    <time>2026-09-23T09:59:50Z</time>
   </trkpt>
   <trkpt lat="22.7402850" lon="120.3299430">
    <ele>17.6</ele>
    <time>2026-09-23T09:59:51Z</time>
   </trkpt>
   <trkpt lat="22.7403340" lon="120.3299200">
    <ele>17.6</ele>
    <time>2026-09-23T09:59:52Z</time>
   </trkpt>
   <trkpt lat="22.7403900" lon="120.3298920">
    <ele>17.5</ele>
    <time>2026-09-23T09:59:53Z</time>
   </trkpt>
   <trkpt lat="22.7404450" lon="120.3298660">
    <ele>17.5</ele>
    <time>2026-09-23T09:59:54Z</time>
   </trkpt>
   <trkpt lat="22.7404910" lon="120.3298450">
    <ele>17.4</ele>
    <time>2026-09-23T09:59:55Z</time>
   </trkpt>
   <trkpt lat="22.7405290" lon="120.3298290">
    <ele>17.4</ele>
    <time>2026-09-23T09:59:56Z</time>
   </trkpt>
   <trkpt lat="22.7405660" lon="120.3298300">
    <ele>17.4</ele>
    <time>2026-09-23T09:59:57Z</time>
   </trkpt>
   <trkpt lat="22.7405980" lon="120.3298410">
    <ele>17.4</ele>
    <time>2026-09-23T09:59:58Z</time>
   </trkpt>
   <trkpt lat="22.7406230" lon="120.3298700">
    <ele>17.4</ele>
    <time>2026-09-23T09:59:59Z</time>
   </trkpt>
   <trkpt lat="22.7406410" lon="120.3299100">
    <ele>17.4</ele>
    <time>2026-09-23T10:00:00Z</time>
   </trkpt>
   <trkpt lat="22.7406630" lon="120.3299520">
    <ele>17.4</ele>
    <time>2026-09-23T10:00:01Z</time>
   </trkpt>
   <trkpt lat="22.7406880" lon="120.3299940">
    <ele>17.5</ele>
    <time>2026-09-23T10:00:02Z</time>
   </trkpt>
   <trkpt lat="22.7407190" lon="120.3300440">
    <ele>17.5</ele>
    <time>2026-09-23T10:00:03Z</time>
   </trkpt>
   <trkpt lat="22.7407460" lon="120.3301030">
    <ele>17.5</ele>
    <time>2026-09-23T10:00:04Z</time>
   </trkpt>
   <trkpt lat="22.7407750" lon="120.3301440">
    <ele>17.5</ele>
    <time>2026-09-23T10:00:05Z</time>
   </trkpt>
   <trkpt lat="22.7407960" lon="120.3301720">
    <ele>17.5</ele>
    <time>2026-09-23T10:00:06Z</time>
   </trkpt>
   <trkpt lat="22.7408060" lon="120.3301990">
    <ele>17.5</ele>
    <time>2026-09-23T10:00:07Z</time>
   </trkpt>
   <trkpt lat="22.7408230" lon="120.3302170">
    <ele>17.5</ele>
    <time>2026-09-23T10:00:08Z</time>
   </trkpt>
   <trkpt lat="22.7408380" lon="120.3302280">
    <ele>17.5</ele>
    <time>2026-09-23T10:00:09Z</time>
   </trkpt>
   <trkpt lat="22.7408490" lon="120.3302300">
    <ele>17.5</ele>
    <time>2026-09-23T10:00:10Z</time>
   </trkpt>
   <trkpt lat="22.7408570" lon="120.3302210">
    <ele>17.5</ele>
    <time>2026-09-23T10:00:11Z</time>
   </trkpt>
   <trkpt lat="22.7408580" lon="120.3302200">
    <ele>17.5</ele>
    <time>2026-09-23T10:00:12Z</time>
   </trkpt>
   <trkpt lat="22.7408600" lon="120.3302200">
    <ele>17.5</ele>
    <time>2026-09-23T10:00:13Z</time>
   </trkpt>
   <trkpt lat="22.7408610" lon="120.3302200">
    <ele>17.5</ele>
    <time>2026-09-23T10:00:14Z</time>
   </trkpt>
   <trkpt lat="22.7408610" lon="120.3302190">
    <ele>17.5</ele>
    <time>2026-09-23T10:00:15Z</time>
   </trkpt>
   <trkpt lat="22.7408620" lon="120.3302200">
    <ele>17.5</ele>
    <time>2026-09-23T10:00:16Z</time>
   </trkpt>
   <trkpt lat="22.7408640" lon="120.3302210">
    <ele>17.5</ele>
    <time>2026-09-23T10:00:17Z</time>
   </trkpt>
   <trkpt lat="22.7408640" lon="120.3302200">
    <ele>17.5</ele>
    <time>2026-09-23T10:00:18Z</time>
   </trkpt>
   <trkpt lat="22.7408640" lon="120.3302200">
    <ele>17.5</ele>
    <time>2026-09-23T10:00:19Z</time>
   </trkpt>
   <trkpt lat="22.7408650" lon="120.3302140">
    <ele>17.5</ele>
    <time>2026-09-23T10:00:32Z</time>
   </trkpt>
   <trkpt lat="22.7408650" lon="120.3302130">
    <ele>17.5</ele>
    <time>2026-09-23T10:00:33Z</time>
   </trkpt>
   <trkpt lat="22.7408650" lon="120.3302130">
    <ele>17.5</ele>
    <time>2026-09-23T10:00:34Z</time>
   </trkpt>
   <trkpt lat="22.7408660" lon="120.3302140">
    <ele>17.5</ele>
    <time>2026-09-23T10:00:35Z</time>
   </trkpt>
   <trkpt lat="22.7408620" lon="120.3302130">
    <ele>17.5</ele>
    <time>2026-09-23T10:00:36Z</time>
   </trkpt>
   <trkpt lat="22.7408650" lon="120.3302170">
    <ele>17.5</ele>
    <time>2026-09-23T10:00:37Z</time>
   </trkpt>
   <trkpt lat="22.7408680" lon="120.3302170">
    <ele>17.5</ele>
    <time>2026-09-23T10:00:38Z</time>
   </trkpt>
   <trkpt lat="22.7408590" lon="120.3302110">
    <ele>17.5</ele>
    <time>2026-09-23T10:00:39Z</time>
   </trkpt>
   <trkpt lat="22.7408620" lon="120.3302120">
    <ele>17.5</ele>
    <time>2026-09-23T10:00:40Z</time>
   </trkpt>
   <trkpt lat="22.7408650" lon="120.3302180">
    <ele>17.5</ele>
    <time>2026-09-23T10:00:41Z</time>
   </trkpt>
   <trkpt lat="22.7408570" lon="120.3302320">
    <ele>17.5</ele>
    <time>2026-09-23T10:00:42Z</time>
   </trkpt>
   <trkpt lat="22.7408560" lon="120.3302300">
    <ele>17.5</ele>
    <time>2026-09-23T10:00:43Z</time>
   </trkpt>
   <trkpt lat="22.7408460" lon="120.3302300">
    <ele>17.5</ele>
    <time>2026-09-23T10:00:44Z</time>
   </trkpt>
   <trkpt lat="22.7408400" lon="120.3302390">
    <ele>17.5</ele>
    <time>2026-09-23T10:00:45Z</time>
   </trkpt>
   <trkpt lat="22.7408380" lon="120.3302370">
    <ele>17.5</ele>
    <time>2026-09-23T10:00:46Z</time>
   </trkpt>
   <trkpt lat="22.7408410" lon="120.3302430">
    <ele>17.5</ele>
    <time>2026-09-23T10:00:47Z</time>
   </trkpt>
   <trkpt lat="22.7408370" lon="120.3302360">
    <ele>17.5</ele>
    <time>2026-09-23T10:00:48Z</time>
   </trkpt>
   <trkpt lat="22.7408460" lon="120.3302390">
    <ele>17.5</ele>
    <time>2026-09-23T10:00:49Z</time>
   </trkpt>
   <trkpt lat="22.7408530" lon="120.3302440">
    <ele>17.5</ele>
    <time>2026-09-23T10:00:50Z</time>
   </trkpt>
   <trkpt lat="22.7408650" lon="120.3302620">
    <ele>17.5</ele>
    <time>2026-09-23T10:00:51Z</time>
   </trkpt>
   <trkpt lat="22.7408740" lon="120.3302700">
    <ele>17.5</ele>
    <time>2026-09-23T10:00:52Z</time>
   </trkpt>
   <trkpt lat="22.7408790" lon="120.3302740">
    <ele>17.5</ele>
    <time>2026-09-23T10:00:53Z</time>
   </trkpt>
   <trkpt lat="22.7408690" lon="120.3302850">
    <ele>17.5</ele>
    <time>2026-09-23T10:00:54Z</time>
   </trkpt>
   <trkpt lat="22.7408660" lon="120.3302980">
    <ele>17.5</ele>
    <time>2026-09-23T10:00:55Z</time>
   </trkpt>
   <trkpt lat="22.7408650" lon="120.3303140">
    <ele>17.5</ele>
    <time>2026-09-23T10:00:56Z</time>
   </trkpt>
   <trkpt lat="22.7408630" lon="120.3303220">
    <ele>17.5</ele>
    <time>2026-09-23T10:00:57Z</time>
   </trkpt>
   <trkpt lat="22.7408700" lon="120.3303340">
    <ele>17.5</ele>
    <time>2026-09-23T10:00:58Z</time>
   </trkpt>
   <trkpt lat="22.7408760" lon="120.3303430">
    <ele>17.5</ele>
    <time>2026-09-23T10:00:59Z</time>
   </trkpt>
   <trkpt lat="22.7408710" lon="120.3303470">
    <ele>17.5</ele>
    <time>2026-09-23T10:01:00Z</time>
   </trkpt>
   <trkpt lat="22.7408640" lon="120.3303460">
    <ele>17.5</ele>
    <time>2026-09-23T10:01:01Z</time>
   </trkpt>
   <trkpt lat="22.7408550" lon="120.3303430">
    <ele>17.5</ele>
    <time>2026-09-23T10:01:02Z</time>
   </trkpt>
   <trkpt lat="22.7408550" lon="120.3303520">
    <ele>17.5</ele>
    <time>2026-09-23T10:01:03Z</time>
   </trkpt>
   <trkpt lat="22.7408460" lon="120.3303500">
    <ele>17.5</ele>
    <time>2026-09-23T10:01:04Z</time>
   </trkpt>
   <trkpt lat="22.7408340" lon="120.3303500">
    <ele>17.4</ele>
    <time>2026-09-23T10:01:05Z</time>
   </trkpt>
   <trkpt lat="22.7408210" lon="120.3303500">
    <ele>17.4</ele>
    <time>2026-09-23T10:01:06Z</time>
   </trkpt>
   <trkpt lat="22.7408010" lon="120.3303460">
    <ele>17.4</ele>
    <time>2026-09-23T10:01:07Z</time>
   </trkpt>
   <trkpt lat="22.7407790" lon="120.3303400">
    <ele>17.4</ele>
    <time>2026-09-23T10:01:08Z</time>
   </trkpt>
   <trkpt lat="22.7407640" lon="120.3303460">
    <ele>17.3</ele>
    <time>2026-09-23T10:01:09Z</time>
   </trkpt>
   <trkpt lat="22.7407650" lon="120.3303390">
    <ele>17.3</ele>
    <time>2026-09-23T10:01:10Z</time>
   </trkpt>
   <trkpt lat="22.7407690" lon="120.3303590">
    <ele>17.3</ele>
    <time>2026-09-23T10:01:11Z</time>
   </trkpt>
   <trkpt lat="22.7407630" lon="120.3303610">
    <ele>17.3</ele>
    <time>2026-09-23T10:01:12Z</time>
   </trkpt>
   <trkpt lat="22.7407600" lon="120.3303610">
    <ele>17.3</ele>
    <time>2026-09-23T10:01:13Z</time>
   </trkpt>
   <trkpt lat="22.7407540" lon="120.3303620">
    <ele>17.3</ele>
    <time>2026-09-23T10:01:14Z</time>
   </trkpt>
   <trkpt lat="22.7407410" lon="120.3303580">
    <ele>17.2</ele>
    <time>2026-09-23T10:01:15Z</time>
   </trkpt>
   <trkpt lat="22.7407470" lon="120.3303530">
    <ele>17.2</ele>
    <time>2026-09-23T10:01:16Z</time>
   </trkpt>
   <trkpt lat="22.7407320" lon="120.3303520">
    <ele>17.2</ele>
    <time>2026-09-23T10:01:17Z</time>
   </trkpt>
   <trkpt lat="22.7407150" lon="120.3303480">
    <ele>17.2</ele>
    <time>2026-09-23T10:01:18Z</time>
   </trkpt>
   <trkpt lat="22.7407040" lon="120.3303480">
    <ele>17.2</ele>
    <time>2026-09-23T10:01:19Z</time>
   </trkpt>
   <trkpt lat="22.7406970" lon="120.3303510">
    <ele>17.1</ele>
    <time>2026-09-23T10:01:20Z</time>
   </trkpt>
   <trkpt lat="22.7406890" lon="120.3303540">
    <ele>17.1</ele>
    <time>2026-09-23T10:01:21Z</time>
   </trkpt>
   <trkpt lat="22.7406730" lon="120.3303620">
    <ele>17.1</ele>
    <time>2026-09-23T10:01:22Z</time>
   </trkpt>
   <trkpt lat="22.7406610" lon="120.3303620">
    <ele>17.1</ele>
    <time>2026-09-23T10:01:23Z</time>
   </trkpt>
   <trkpt lat="22.7406570" lon="120.3303590">
    <ele>17.1</ele>
    <time>2026-09-23T10:01:24Z</time>
   </trkpt>
   <trkpt lat="22.7406650" lon="120.3303640">
    <ele>17.1</ele>
    <time>2026-09-23T10:01:25Z</time>
   </trkpt>
   <trkpt lat="22.7406620" lon="120.3303720">
    <ele>17.1</ele>
    <time>2026-09-23T10:01:26Z</time>
   </trkpt>
   <trkpt lat="22.7406520" lon="120.3303640">
    <ele>17.0</ele>
    <time>2026-09-23T10:01:27Z</time>
   </trkpt>
   <trkpt lat="22.7406680" lon="120.3303610">
    <ele>17.0</ele>
    <time>2026-09-23T10:01:28Z</time>
   </trkpt>
   <trkpt lat="22.7406680" lon="120.3303630">
    <ele>17.0</ele>
    <time>2026-09-23T10:01:29Z</time>
   </trkpt>
   <trkpt lat="22.7406720" lon="120.3303640">
    <ele>17.0</ele>
    <time>2026-09-23T10:01:30Z</time>
   </trkpt>
   <trkpt lat="22.7406670" lon="120.3303710">
    <ele>17.0</ele>
    <time>2026-09-23T10:01:31Z</time>
   </trkpt>
   <trkpt lat="22.7406650" lon="120.3303780">
    <ele>17.0</ele>
    <time>2026-09-23T10:01:32Z</time>
   </trkpt>
   <trkpt lat="22.7406680" lon="120.3303850">
    <ele>17.0</ele>
    <time>2026-09-23T10:01:33Z</time>
   </trkpt>
   <trkpt lat="22.7406720" lon="120.3303910">
    <ele>17.0</ele>
    <time>2026-09-23T10:01:34Z</time>
   </trkpt>
   <trkpt lat="22.7406700" lon="120.3303950">
    <ele>17.0</ele>
    <time>2026-09-23T10:01:35Z</time>
   </trkpt>
   <trkpt lat="22.7406660" lon="120.3303990">
    <ele>16.9</ele>
    <time>2026-09-23T10:01:36Z</time>
   </trkpt>
   <trkpt lat="22.7407040" lon="120.3303920">
    <ele>16.9</ele>
    <time>2026-09-23T10:01:45Z</time>
   </trkpt>
   <trkpt lat="22.7406970" lon="120.3304130">
    <ele>16.9</ele>
    <time>2026-09-23T10:01:46Z</time>
   </trkpt>
   <trkpt lat="22.7406950" lon="120.3304220">
    <ele>16.8</ele>
    <time>2026-09-23T10:01:47Z</time>
   </trkpt>
   <trkpt lat="22.7406910" lon="120.3304180">
    <ele>16.8</ele>
    <time>2026-09-23T10:01:48Z</time>
   </trkpt>
   <trkpt lat="22.7406920" lon="120.3304190">
    <ele>16.8</ele>
    <time>2026-09-23T10:01:49Z</time>
   </trkpt>
   <trkpt lat="22.7406900" lon="120.3304210">
    <ele>16.8</ele>
    <time>2026-09-23T10:01:50Z</time>
   </trkpt>
   <trkpt lat="22.7406940" lon="120.3304260">
    <ele>16.8</ele>
    <time>2026-09-23T10:01:51Z</time>
   </trkpt>
   <trkpt lat="22.7407020" lon="120.3304230">
    <ele>16.8</ele>
    <time>2026-09-23T10:01:52Z</time>
   </trkpt>
   <trkpt lat="22.7407140" lon="120.3304310">
    <ele>16.8</ele>
    <time>2026-09-23T10:01:53Z</time>
   </trkpt>
   <trkpt lat="22.7407150" lon="120.3304320">
    <ele>16.8</ele>
    <time>2026-09-23T10:01:54Z</time>
   </trkpt>
   <trkpt lat="22.7407150" lon="120.3304320">
    <ele>16.8</ele>
    <time>2026-09-23T10:01:55Z</time>
   </trkpt>
   <trkpt lat="22.7407150" lon="120.3304320">
    <ele>16.8</ele>
    <time>2026-09-23T10:01:56Z</time>
   </trkpt>
   <trkpt lat="22.7407140" lon="120.3304430">
    <ele>16.8</ele>
    <time>2026-09-23T10:02:12Z</time>
   </trkpt>
   <trkpt lat="22.7407150" lon="120.3304600">
    <ele>16.8</ele>
    <time>2026-09-23T10:02:13Z</time>
   </trkpt>
   <trkpt lat="22.7407120" lon="120.3304620">
    <ele>16.8</ele>
    <time>2026-09-23T10:02:14Z</time>
   </trkpt>
   <trkpt lat="22.7407160" lon="120.3304650">
    <ele>16.7</ele>
    <time>2026-09-23T10:02:15Z</time>
   </trkpt>
   <trkpt lat="22.7407160" lon="120.3304650">
    <ele>16.7</ele>
    <time>2026-09-23T10:02:16Z</time>
   </trkpt>
   <trkpt lat="22.7407140" lon="120.3304660">
    <ele>16.7</ele>
    <time>2026-09-23T10:02:17Z</time>
   </trkpt>
   <trkpt lat="22.7407080" lon="120.3304720">
    <ele>16.7</ele>
    <time>2026-09-23T10:02:18Z</time>
   </trkpt>
   <trkpt lat="22.7407040" lon="120.3304830">
    <ele>16.7</ele>
    <time>2026-09-23T10:02:19Z</time>
   </trkpt>
   <trkpt lat="22.7406910" lon="120.3304890">
    <ele>16.7</ele>
    <time>2026-09-23T10:02:20Z</time>
   </trkpt>
   <trkpt lat="22.7406820" lon="120.3304800">
    <ele>16.7</ele>
    <time>2026-09-23T10:02:21Z</time>
   </trkpt>
   <trkpt lat="22.7406770" lon="120.3304780">
    <ele>16.7</ele>
    <time>2026-09-23T10:02:22Z</time>
   </trkpt>
   <trkpt lat="22.7406780" lon="120.3304780">
    <ele>16.7</ele>
    <time>2026-09-23T10:02:23Z</time>
   </trkpt>
   <trkpt lat="22.7406780" lon="120.3304840">
    <ele>16.7</ele>
    <time>2026-09-23T10:02:24Z</time>
   </trkpt>
   <trkpt lat="22.7406780" lon="120.3304920">
    <ele>16.7</ele>
    <time>2026-09-23T10:02:25Z</time>
   </trkpt>
   <trkpt lat="22.7406700" lon="120.3304940">
    <ele>16.6</ele>
    <time>2026-09-23T10:02:26Z</time>
   </trkpt>
   <trkpt lat="22.7406680" lon="120.3304920">
    <ele>16.6</ele>
    <time>2026-09-23T10:02:27Z</time>
   </trkpt>
   <trkpt lat="22.7406690" lon="120.3304860">
    <ele>16.6</ele>
    <time>2026-09-23T10:02:28Z</time>
   </trkpt>
   <trkpt lat="22.7406720" lon="120.3304910">
    <ele>16.6</ele>
    <time>2026-09-23T10:02:29Z</time>
   </trkpt>
   <trkpt lat="22.7406750" lon="120.3304980">
    <ele>16.6</ele>
    <time>2026-09-23T10:02:30Z</time>
   </trkpt>
   <trkpt lat="22.7406670" lon="120.3305140">
    <ele>16.6</ele>
    <time>2026-09-23T10:02:31Z</time>
   </trkpt>
   <trkpt lat="22.7406640" lon="120.3305220">
    <ele>16.6</ele>
    <time>2026-09-23T10:02:32Z</time>
   </trkpt>
   <trkpt lat="22.7406640" lon="120.3305240">
    <ele>16.6</ele>
    <time>2026-09-23T10:02:33Z</time>
   </trkpt>
   <trkpt lat="22.7406650" lon="120.3305220">
    <ele>16.6</ele>
    <time>2026-09-23T10:02:34Z</time>
   </trkpt>
   <trkpt lat="22.7406650" lon="120.3305280">
    <ele>16.6</ele>
    <time>2026-09-23T10:02:35Z</time>
   </trkpt>
   <trkpt lat="22.7406590" lon="120.3305320">
    <ele>16.6</ele>
    <time>2026-09-23T10:02:36Z</time>
   </trkpt>
   <trkpt lat="22.7406590" lon="120.3305320">
    <ele>16.6</ele>
    <time>2026-09-23T10:02:37Z</time>
   </trkpt>
   <trkpt lat="22.7406530" lon="120.3305190">
    <ele>16.6</ele>
    <time>2026-09-23T10:02:38Z</time>
   </trkpt>
   <trkpt lat="22.7406510" lon="120.3305080">
    <ele>16.6</ele>
    <time>2026-09-23T10:02:39Z</time>
   </trkpt>
   <trkpt lat="22.7406500" lon="120.3305070">
    <ele>16.6</ele>
    <time>2026-09-23T10:02:40Z</time>
   </trkpt>
   <trkpt lat="22.7406360" lon="120.3305060">
    <ele>16.5</ele>
    <time>2026-09-23T10:02:41Z</time>
   </trkpt>
   <trkpt lat="22.7406250" lon="120.3305340">
    <ele>16.5</ele>
    <time>2026-09-23T10:02:43Z</time>
   </trkpt>
   <trkpt lat="22.7406230" lon="120.3305540">
    <ele>16.5</ele>
    <time>2026-09-23T10:02:44Z</time>
   </trkpt>
   <trkpt lat="22.7406160" lon="120.3305710">
    <ele>16.5</ele>
    <time>2026-09-23T10:02:45Z</time>
   </trkpt>
   <trkpt lat="22.7406130" lon="120.3305650">
    <ele>16.5</ele>
    <time>2026-09-23T10:02:46Z</time>
   </trkpt>
   <trkpt lat="22.7406150" lon="120.3305690">
    <ele>16.5</ele>
    <time>2026-09-23T10:02:47Z</time>
   </trkpt>
   <trkpt lat="22.7406150" lon="120.3305850">
    <ele>16.5</ele>
    <time>2026-09-23T10:02:48Z</time>
   </trkpt>
   <trkpt lat="22.7406140" lon="120.3305830">
    <ele>16.5</ele>
    <time>2026-09-23T10:02:49Z</time>
   </trkpt>
   <trkpt lat="22.7406150" lon="120.3305750">
    <ele>16.4</ele>
    <time>2026-09-23T10:02:50Z</time>
   </trkpt>
   <trkpt lat="22.7406400" lon="120.3305820">
    <ele>16.4</ele>
    <time>2026-09-23T10:02:51Z</time>
   </trkpt>
   <trkpt lat="22.7406400" lon="120.3305910">
    <ele>16.4</ele>
    <time>2026-09-23T10:02:52Z</time>
   </trkpt>
   <trkpt lat="22.7406320" lon="120.3306000">
    <ele>16.4</ele>
    <time>2026-09-23T10:02:53Z</time>
   </trkpt>
   <trkpt lat="22.7406290" lon="120.3306150">
    <ele>16.4</ele>
    <time>2026-09-23T10:02:54Z</time>
   </trkpt>
   <trkpt lat="22.7406210" lon="120.3306320">
    <ele>16.4</ele>
    <time>2026-09-23T10:02:55Z</time>
   </trkpt>
   <trkpt lat="22.7406200" lon="120.3306380">
    <ele>16.4</ele>
    <time>2026-09-23T10:02:56Z</time>
   </trkpt>
   <trkpt lat="22.7406160" lon="120.3306420">
    <ele>16.4</ele>
    <time>2026-09-23T10:02:57Z</time>
   </trkpt>
   <trkpt lat="22.7406060" lon="120.3306400">
    <ele>16.4</ele>
    <time>2026-09-23T10:02:58Z</time>
   </trkpt>
   <trkpt lat="22.7406000" lon="120.3306330">
    <ele>16.4</ele>
    <time>2026-09-23T10:02:59Z</time>
   </trkpt>
   <trkpt lat="22.7405970" lon="120.3306260">
    <ele>16.3</ele>
    <time>2026-09-23T10:03:00Z</time>
   </trkpt>
   <trkpt lat="22.7405940" lon="120.3306240">
    <ele>16.3</ele>
    <time>2026-09-23T10:03:01Z</time>
   </trkpt>
   <trkpt lat="22.7405900" lon="120.3306290">
    <ele>16.3</ele>
    <time>2026-09-23T10:03:02Z</time>
   </trkpt>
   <trkpt lat="22.7405780" lon="120.3306420">
    <ele>16.3</ele>
    <time>2026-09-23T10:03:03Z</time>
   </trkpt>
   <trkpt lat="22.7405750" lon="120.3306530">
    <ele>16.3</ele>
    <time>2026-09-23T10:03:04Z</time>
   </trkpt>
   <trkpt lat="22.7405730" lon="120.3306370">
    <ele>16.3</ele>
    <time>2026-09-23T10:03:05Z</time>
   </trkpt>
   <trkpt lat="22.7405720" lon="120.3306360">
    <ele>16.3</ele>
    <time>2026-09-23T10:03:06Z</time>
   </trkpt>
   <trkpt lat="22.7405690" lon="120.3306280">
    <ele>16.3</ele>
    <time>2026-09-23T10:03:07Z</time>
   </trkpt>
   <trkpt lat="22.7405620" lon="120.3306330">
    <ele>16.3</ele>
    <time>2026-09-23T10:03:08Z</time>
   </trkpt>
   <trkpt lat="22.7405540" lon="120.3306320">
    <ele>16.3</ele>
    <time>2026-09-23T10:03:09Z</time>
   </trkpt>
   <trkpt lat="22.7405470" lon="120.3306230">
    <ele>16.3</ele>
    <time>2026-09-23T10:03:10Z</time>
   </trkpt>
   <trkpt lat="22.7405520" lon="120.3306240">
    <ele>16.3</ele>
    <time>2026-09-23T10:03:11Z</time>
   </trkpt>
   <trkpt lat="22.7405530" lon="120.3306310">
    <ele>16.3</ele>
    <time>2026-09-23T10:03:12Z</time>
   </trkpt>
   <trkpt lat="22.7404990" lon="120.3306970">
    <ele>16.2</ele>
    <time>2026-09-23T10:03:34Z</time>
   </trkpt>
   <trkpt lat="22.7404930" lon="120.3307090">
    <ele>16.2</ele>
    <time>2026-09-23T10:03:35Z</time>
   </trkpt>
   <trkpt lat="22.7404830" lon="120.3307060">
    <ele>16.2</ele>
    <time>2026-09-23T10:03:36Z</time>
   </trkpt>
   <trkpt lat="22.7404760" lon="120.3307020">
    <ele>16.2</ele>
    <time>2026-09-23T10:03:37Z</time>
   </trkpt>
   <trkpt lat="22.7404700" lon="120.3307020">
    <ele>16.2</ele>
    <time>2026-09-23T10:03:38Z</time>
   </trkpt>
   <trkpt lat="22.7404670" lon="120.3307080">
    <ele>16.2</ele>
    <time>2026-09-23T10:03:39Z</time>
   </trkpt>
   <trkpt lat="22.7404620" lon="120.3307100">
    <ele>16.2</ele>
    <time>2026-09-23T10:03:40Z</time>
   </trkpt>
   <trkpt lat="22.7404580" lon="120.3307090">
    <ele>16.2</ele>
    <time>2026-09-23T10:03:41Z</time>
   </trkpt>
   <trkpt lat="22.7404540" lon="120.3307110">
    <ele>16.2</ele>
    <time>2026-09-23T10:03:42Z</time>
   </trkpt>
   <trkpt lat="22.7404570" lon="120.3307150">
    <ele>16.2</ele>
    <time>2026-09-23T10:03:43Z</time>
   </trkpt>
   <trkpt lat="22.7404600" lon="120.3307190">
    <ele>16.2</ele>
    <time>2026-09-23T10:03:44Z</time>
   </trkpt>
   <trkpt lat="22.7404740" lon="120.3307350">
    <ele>16.2</ele>
    <time>2026-09-23T10:03:49Z</time>
   </trkpt>
   <trkpt lat="22.7404770" lon="120.3307390">
    <ele>16.2</ele>
    <time>2026-09-23T10:03:50Z</time>
   </trkpt>
   <trkpt lat="22.7404810" lon="120.3307450">
    <ele>16.2</ele>
    <time>2026-09-23T10:03:51Z</time>
   </trkpt>
   <trkpt lat="22.7404820" lon="120.3307530">
    <ele>16.2</ele>
    <time>2026-09-23T10:03:52Z</time>
   </trkpt>
   <trkpt lat="22.7404860" lon="120.3307610">
    <ele>16.2</ele>
    <time>2026-09-23T10:03:53Z</time>
   </trkpt>
   <trkpt lat="22.7404900" lon="120.3307680">
    <ele>16.2</ele>
    <time>2026-09-23T10:03:54Z</time>
   </trkpt>
   <trkpt lat="22.7404920" lon="120.3307680">
    <ele>16.2</ele>
    <time>2026-09-23T10:03:55Z</time>
   </trkpt>
   <trkpt lat="22.7404990" lon="120.3307680">
    <ele>16.2</ele>
    <time>2026-09-23T10:03:56Z</time>
   </trkpt>
   <trkpt lat="22.7404900" lon="120.3307710">
    <ele>16.2</ele>
    <time>2026-09-23T10:03:57Z</time>
   </trkpt>
   <trkpt lat="22.7404900" lon="120.3307690">
    <ele>16.2</ele>
    <time>2026-09-23T10:03:58Z</time>
   </trkpt>
   <trkpt lat="22.7404810" lon="120.3307730">
    <ele>16.2</ele>
    <time>2026-09-23T10:03:59Z</time>
   </trkpt>
   <trkpt lat="22.7404830" lon="120.3307700">
    <ele>16.2</ele>
    <time>2026-09-23T10:04:00Z</time>
   </trkpt>
   <trkpt lat="22.7404860" lon="120.3307690">
    <ele>16.2</ele>
    <time>2026-09-23T10:04:01Z</time>
   </trkpt>
   <trkpt lat="22.7405020" lon="120.3307660">
    <ele>16.2</ele>
    <time>2026-09-23T10:04:02Z</time>
   </trkpt>
   <trkpt lat="22.7405030" lon="120.3307740">
    <ele>16.2</ele>
    <time>2026-09-23T10:04:03Z</time>
   </trkpt>
   <trkpt lat="22.7405060" lon="120.3307720">
    <ele>16.2</ele>
    <time>2026-09-23T10:04:04Z</time>
   </trkpt>
   <trkpt lat="22.7405030" lon="120.3307770">
    <ele>16.2</ele>
    <time>2026-09-23T10:04:05Z</time>
   </trkpt>
   <trkpt lat="22.7404970" lon="120.3307810">
    <ele>16.3</ele>
    <time>2026-09-23T10:04:06Z</time>
   </trkpt>
   <trkpt lat="22.7404990" lon="120.3307880">
    <ele>16.3</ele>
    <time>2026-09-23T10:04:07Z</time>
   </trkpt>
   <trkpt lat="22.7404980" lon="120.3307940">
    <ele>16.3</ele>
    <time>2026-09-23T10:04:08Z</time>
   </trkpt>
   <trkpt lat="22.7405060" lon="120.3307980">
    <ele>16.3</ele>
    <time>2026-09-23T10:04:09Z</time>
   </trkpt>
   <trkpt lat="22.7404970" lon="120.3308070">
    <ele>16.3</ele>
    <time>2026-09-23T10:04:10Z</time>
   </trkpt>
   <trkpt lat="22.7404910" lon="120.3308150">
    <ele>16.3</ele>
    <time>2026-09-23T10:04:11Z</time>
   </trkpt>
   <trkpt lat="22.7404980" lon="120.3308250">
    <ele>16.3</ele>
    <time>2026-09-23T10:04:12Z</time>
   </trkpt>
   <trkpt lat="22.7405090" lon="120.3308340">
    <ele>16.3</ele>
    <time>2026-09-23T10:04:13Z</time>
   </trkpt>
   <trkpt lat="22.7405200" lon="120.3308430">
    <ele>16.3</ele>
    <time>2026-09-23T10:04:14Z</time>
   </trkpt>
   <trkpt lat="22.7405230" lon="120.3308470">
    <ele>16.3</ele>
    <time>2026-09-23T10:04:15Z</time>
   </trkpt>
   <trkpt lat="22.7405350" lon="120.3308510">
    <ele>16.3</ele>
    <time>2026-09-23T10:04:16Z</time>
   </trkpt>
   <trkpt lat="22.7405580" lon="120.3308580">
    <ele>16.3</ele>
    <time>2026-09-23T10:04:17Z</time>
   </trkpt>
   <trkpt lat="22.7405550" lon="120.3308520">
    <ele>16.3</ele>
    <time>2026-09-23T10:04:18Z</time>
   </trkpt>
   <trkpt lat="22.7405500" lon="120.3308500">
    <ele>16.3</ele>
    <time>2026-09-23T10:04:19Z</time>
   </trkpt>
   <trkpt lat="22.7405520" lon="120.3308380">
    <ele>16.3</ele>
    <time>2026-09-23T10:04:20Z</time>
   </trkpt>
   <trkpt lat="22.7405450" lon="120.3308390">
    <ele>16.3</ele>
    <time>2026-09-23T10:04:21Z</time>
   </trkpt>
   <trkpt lat="22.7405470" lon="120.3308430">
    <ele>16.3</ele>
    <time>2026-09-23T10:04:22Z</time>
   </trkpt>
   <trkpt lat="22.7405530" lon="120.3308550">
    <ele>16.4</ele>
    <time>2026-09-23T10:04:23Z</time>
   </trkpt>
   <trkpt lat="22.7406280" lon="120.3309030">
    <ele>16.4</ele>
    <time>2026-09-23T10:04:30Z</time>
   </trkpt>
   <trkpt lat="22.7406220" lon="120.3309020">
    <ele>16.4</ele>
    <time>2026-09-23T10:04:31Z</time>
   </trkpt>
   <trkpt lat="22.7406240" lon="120.3309040">
    <ele>16.4</ele>
    <time>2026-09-23T10:04:32Z</time>
   </trkpt>
   <trkpt lat="22.7406250" lon="120.3309000">
    <ele>16.4</ele>
    <time>2026-09-23T10:04:33Z</time>
   </trkpt>
   <trkpt lat="22.7406160" lon="120.3309010">
    <ele>16.4</ele>
    <time>2026-09-23T10:04:34Z</time>
   </trkpt>
   <trkpt lat="22.7406230" lon="120.3309060">
    <ele>16.4</ele>
    <time>2026-09-23T10:04:35Z</time>
   </trkpt>
   <trkpt lat="22.7406260" lon="120.3308970">
    <ele>16.4</ele>
    <time>2026-09-23T10:04:36Z</time>
   </trkpt>
   <trkpt lat="22.7406250" lon="120.3308960">
    <ele>16.4</ele>
    <time>2026-09-23T10:04:37Z</time>
   </trkpt>
   <trkpt lat="22.7406270" lon="120.3309110">
    <ele>16.4</ele>
    <time>2026-09-23T10:04:38Z</time>
   </trkpt>
   <trkpt lat="22.7406320" lon="120.3309250">
    <ele>16.4</ele>
    <time>2026-09-23T10:04:39Z</time>
   </trkpt>
   <trkpt lat="22.7406360" lon="120.3309350">
    <ele>16.5</ele>
    <time>2026-09-23T10:04:40Z</time>
   </trkpt>
   <trkpt lat="22.7406370" lon="120.3309420">
    <ele>16.5</ele>
    <time>2026-09-23T10:04:41Z</time>
   </trkpt>
   <trkpt lat="22.7406330" lon="120.3309430">
    <ele>16.5</ele>
    <time>2026-09-23T10:04:42Z</time>
   </trkpt>
   <trkpt lat="22.7406330" lon="120.3309400">
    <ele>16.5</ele>
    <time>2026-09-23T10:04:43Z</time>
   </trkpt>
   <trkpt lat="22.7406400" lon="120.3309480">
    <ele>16.5</ele>
    <time>2026-09-23T10:04:44Z</time>
   </trkpt>
   <trkpt lat="22.7406400" lon="120.3309450">
    <ele>16.5</ele>
    <time>2026-09-23T10:04:45Z</time>
   </trkpt>
   <trkpt lat="22.7406440" lon="120.3309590">
    <ele>16.5</ele>
    <time>2026-09-23T10:04:46Z</time>
   </trkpt>
   <trkpt lat="22.7406410" lon="120.3309580">
    <ele>16.5</ele>
    <time>2026-09-23T10:04:47Z</time>
   </trkpt>
   <trkpt lat="22.7406240" lon="120.3309590">
    <ele>16.5</ele>
    <time>2026-09-23T10:04:48Z</time>
   </trkpt>
   <trkpt lat="22.7406280" lon="120.3309650">
    <ele>16.5</ele>
    <time>2026-09-23T10:04:49Z</time>
   </trkpt>
   <trkpt lat="22.7406290" lon="120.3309730">
    <ele>16.5</ele>
    <time>2026-09-23T10:04:50Z</time>
   </trkpt>
   <trkpt lat="22.7406270" lon="120.3309720">
    <ele>16.5</ele>
    <time>2026-09-23T10:04:51Z</time>
   </trkpt>
   <trkpt lat="22.7406290" lon="120.3309690">
    <ele>16.5</ele>
    <time>2026-09-23T10:04:52Z</time>
   </trkpt>
   <trkpt lat="22.7406220" lon="120.3309630">
    <ele>16.5</ele>
    <time>2026-09-23T10:04:53Z</time>
   </trkpt>
   <trkpt lat="22.7406270" lon="120.3309810">
    <ele>16.5</ele>
    <time>2026-09-23T10:04:54Z</time>
   </trkpt>
   <trkpt lat="22.7406470" lon="120.3309930">
    <ele>16.5</ele>
    <time>2026-09-23T10:04:55Z</time>
   </trkpt>
   <trkpt lat="22.7406450" lon="120.3310030">
    <ele>16.5</ele>
    <time>2026-09-23T10:04:56Z</time>
   </trkpt>
   <trkpt lat="22.7406500" lon="120.3310070">
    <ele>16.5</ele>
    <time>2026-09-23T10:04:57Z</time>
   </trkpt>
   <trkpt lat="22.7406630" lon="120.3310090">
    <ele>16.6</ele>
    <time>2026-09-23T10:04:58Z</time>
   </trkpt>
   <trkpt lat="22.7406580" lon="120.3310080">
    <ele>16.6</ele>
    <time>2026-09-23T10:04:59Z</time>
   </trkpt>
   <trkpt lat="22.7406620" lon="120.3310060">
    <ele>16.6</ele>
    <time>2026-09-23T10:05:00Z</time>
   </trkpt>
   <trkpt lat="22.7406790" lon="120.3310050">
    <ele>16.6</ele>
    <time>2026-09-23T10:05:01Z</time>
   </trkpt>
   <trkpt lat="22.7406900" lon="120.3310010">
    <ele>16.6</ele>
    <time>2026-09-23T10:05:02Z</time>
   </trkpt>
   <trkpt lat="22.7406880" lon="120.3310030">
    <ele>16.6</ele>
    <time>2026-09-23T10:05:03Z</time>
   </trkpt>
   <trkpt lat="22.7406890" lon="120.3309960">
    <ele>16.6</ele>
    <time>2026-09-23T10:05:04Z</time>
   </trkpt>
   <trkpt lat="22.7406970" lon="120.3309970">
    <ele>16.6</ele>
    <time>2026-09-23T10:05:05Z</time>
   </trkpt>
   <trkpt lat="22.7406990" lon="120.3310030">
    <ele>16.6</ele>
    <time>2026-09-23T10:05:06Z</time>
   </trkpt>
   <trkpt lat="22.7407050" lon="120.3310020">
    <ele>16.6</ele>
    <time>2026-09-23T10:05:07Z</time>
   </trkpt>
   <trkpt lat="22.7407100" lon="120.3310030">
    <ele>16.6</ele>
    <time>2026-09-23T10:05:08Z</time>
   </trkpt>
   <trkpt lat="22.7407130" lon="120.3309980">
    <ele>16.6</ele>
    <time>2026-09-23T10:05:09Z</time>
   </trkpt>
   <trkpt lat="22.7407200" lon="120.3309980">
    <ele>16.6</ele>
    <time>2026-09-23T10:05:10Z</time>
   </trkpt>
   <trkpt lat="22.7407170" lon="120.3309990">
    <ele>16.6</ele>
    <time>2026-09-23T10:05:11Z</time>
   </trkpt>
   <trkpt lat="22.7407260" lon="120.3310040">
    <ele>16.6</ele>
    <time>2026-09-23T10:05:12Z</time>
   </trkpt>
   <trkpt lat="22.7407370" lon="120.3310060">
    <ele>16.6</ele>
    <time>2026-09-23T10:05:13Z</time>
   </trkpt>
   <trkpt lat="22.7407480" lon="120.3310090">
    <ele>16.6</ele>
    <time>2026-09-23T10:05:14Z</time>
   </trkpt>
   <trkpt lat="22.7407540" lon="120.3310160">
    <ele>16.6</ele>
    <time>2026-09-23T10:05:15Z</time>
   </trkpt>
   <trkpt lat="22.7407540" lon="120.3310230">
    <ele>16.6</ele>
    <time>2026-09-23T10:05:16Z</time>
   </trkpt>
   <trkpt lat="22.7407640" lon="120.3310260">
    <ele>16.6</ele>
    <time>2026-09-23T10:05:17Z</time>
   </trkpt>
   <trkpt lat="22.7407660" lon="120.3310280">
    <ele>16.6</ele>
    <time>2026-09-23T10:05:19Z</time>
   </trkpt>
   <trkpt lat="22.7407580" lon="120.3310280">
    <ele>16.6</ele>
    <time>2026-09-23T10:05:20Z</time>
   </trkpt>
   <trkpt lat="22.7407620" lon="120.3310210">
    <ele>16.7</ele>
    <time>2026-09-23T10:05:21Z</time>
   </trkpt>
   <trkpt lat="22.7407620" lon="120.3310210">
    <ele>16.7</ele>
    <time>2026-09-23T10:05:22Z</time>
   </trkpt>
   <trkpt lat="22.7407630" lon="120.3310240">
    <ele>16.7</ele>
    <time>2026-09-23T10:05:23Z</time>
   </trkpt>
   <trkpt lat="22.7407610" lon="120.3310230">
    <ele>16.7</ele>
    <time>2026-09-23T10:05:24Z</time>
   </trkpt>
   <trkpt lat="22.7407500" lon="120.3310270">
    <ele>16.7</ele>
    <time>2026-09-23T10:05:25Z</time>
   </trkpt>
   <trkpt lat="22.7408100" lon="120.3310510">
    <ele>16.7</ele>
    <time>2026-09-23T10:05:44Z</time>
   </trkpt>
   <trkpt lat="22.7408080" lon="120.3310520">
    <ele>16.7</ele>
    <time>2026-09-23T10:05:45Z</time>
   </trkpt>
   <trkpt lat="22.7408070" lon="120.3310600">
    <ele>16.7</ele>
    <time>2026-09-23T10:05:46Z</time>
   </trkpt>
   <trkpt lat="22.7408180" lon="120.3310580">
    <ele>16.7</ele>
    <time>2026-09-23T10:05:47Z</time>
   </trkpt>
   <trkpt lat="22.7408160" lon="120.3310570">
    <ele>16.7</ele>
    <time>2026-09-23T10:05:48Z</time>
   </trkpt>
   <trkpt lat="22.7408200" lon="120.3310610">
    <ele>16.7</ele>
    <time>2026-09-23T10:05:49Z</time>
   </trkpt>
   <trkpt lat="22.7408130" lon="120.3310590">
    <ele>16.7</ele>
    <time>2026-09-23T10:05:50Z</time>
   </trkpt>
   <trkpt lat="22.7408200" lon="120.3310660">
    <ele>16.7</ele>
    <time>2026-09-23T10:05:51Z</time>
   </trkpt>
   <trkpt lat="22.7408220" lon="120.3310760">
    <ele>16.7</ele>
    <time>2026-09-23T10:05:52Z</time>
   </trkpt>
   <trkpt lat="22.7408230" lon="120.3310890">
    <ele>16.7</ele>
    <time>2026-09-23T10:05:53Z</time>
   </trkpt>
   <trkpt lat="22.7408300" lon="120.3310940">
    <ele>16.7</ele>
    <time>2026-09-23T10:05:54Z</time>
   </trkpt>
   <trkpt lat="22.7408450" lon="120.3310880">
    <ele>16.8</ele>
    <time>2026-09-23T10:05:55Z</time>
   </trkpt>
   <trkpt lat="22.7408370" lon="120.3310870">
    <ele>16.8</ele>
    <time>2026-09-23T10:05:56Z</time>
   </trkpt>
   <trkpt lat="22.7408350" lon="120.3310840">
    <ele>16.8</ele>
    <time>2026-09-23T10:05:57Z</time>
   </trkpt>
   <trkpt lat="22.7408340" lon="120.3310870">
    <ele>16.8</ele>
    <time>2026-09-23T10:05:58Z</time>
   </trkpt>
   <trkpt lat="22.7408360" lon="120.3310870">
    <ele>16.8</ele>
    <time>2026-09-23T10:05:59Z</time>
   </trkpt>
   <trkpt lat="22.7408400" lon="120.3310880">
    <ele>16.8</ele>
    <time>2026-09-23T10:06:00Z</time>
   </trkpt>
   <trkpt lat="22.7408230" lon="120.3310990">
    <ele>16.8</ele>
    <time>2026-09-23T10:06:01Z</time>
   </trkpt>
   <trkpt lat="22.7408220" lon="120.3310970">
    <ele>16.8</ele>
    <time>2026-09-23T10:06:02Z</time>
   </trkpt>
   <trkpt lat="22.7408270" lon="120.3310950">
    <ele>16.8</ele>
    <time>2026-09-23T10:06:03Z</time>
   </trkpt>
   <trkpt lat="22.7408240" lon="120.3310960">
    <ele>16.8</ele>
    <time>2026-09-23T10:06:04Z</time>
   </trkpt>
   <trkpt lat="22.7408180" lon="120.3311010">
    <ele>16.8</ele>
    <time>2026-09-23T10:06:05Z</time>
   </trkpt>
   <trkpt lat="22.7408190" lon="120.3311000">
    <ele>16.8</ele>
    <time>2026-09-23T10:06:06Z</time>
   </trkpt>
   <trkpt lat="22.7408140" lon="120.3310970">
    <ele>16.8</ele>
    <time>2026-09-23T10:06:07Z</time>
   </trkpt>
   <trkpt lat="22.7408090" lon="120.3311000">
    <ele>16.8</ele>
    <time>2026-09-23T10:06:08Z</time>
   </trkpt>
   <trkpt lat="22.7408000" lon="120.3311070">
    <ele>16.8</ele>
    <time>2026-09-23T10:06:09Z</time>
   </trkpt>
   <trkpt lat="22.7408060" lon="120.3311030">
    <ele>16.8</ele>
    <time>2026-09-23T10:06:10Z</time>
   </trkpt>
   <trkpt lat="22.7408590" lon="120.3311310">
    <ele>16.8</ele>
    <time>2026-09-23T10:06:17Z</time>
   </trkpt>
   <trkpt lat="22.7408670" lon="120.3311280">
    <ele>16.9</ele>
    <time>2026-09-23T10:06:18Z</time>
   </trkpt>
   <trkpt lat="22.7408750" lon="120.3311250">
    <ele>16.9</ele>
    <time>2026-09-23T10:06:19Z</time>
   </trkpt>
   <trkpt lat="22.7408900" lon="120.3311300">
    <ele>16.9</ele>
    <time>2026-09-23T10:06:20Z</time>
   </trkpt>
   <trkpt lat="22.7408950" lon="120.3311340">
    <ele>16.9</ele>
    <time>2026-09-23T10:06:21Z</time>
   </trkpt>
   <trkpt lat="22.7408900" lon="120.3311320">
    <ele>16.9</ele>
    <time>2026-09-23T10:06:22Z</time>
   </trkpt>
   <trkpt lat="22.7408980" lon="120.3311410">
    <ele>16.9</ele>
    <time>2026-09-23T10:06:23Z</time>
   </trkpt>
   <trkpt lat="22.7408960" lon="120.3311360">
    <ele>16.9</ele>
    <time>2026-09-23T10:06:24Z</time>
   </trkpt>
   <trkpt lat="22.7409030" lon="120.3311250">
    <ele>16.9</ele>
    <time>2026-09-23T10:06:25Z</time>
   </trkpt>
   <trkpt lat="22.7409030" lon="120.3311300">
    <ele>16.9</ele>
    <time>2026-09-23T10:06:26Z</time>
   </trkpt>
   <trkpt lat="22.7409030" lon="120.3311330">
    <ele>16.9</ele>
    <time>2026-09-23T10:06:27Z</time>
   </trkpt>
   <trkpt lat="22.7409110" lon="120.3311130">
    <ele>16.9</ele>
    <time>2026-09-23T10:06:28Z</time>
   </trkpt>
   <trkpt lat="22.7409120" lon="120.3311040">
    <ele>16.9</ele>
    <time>2026-09-23T10:06:29Z</time>
   </trkpt>
   <trkpt lat="22.7408950" lon="120.3310990">
    <ele>16.9</ele>
    <time>2026-09-23T10:06:30Z</time>
   </trkpt>
   <trkpt lat="22.7408720" lon="120.3311030">
    <ele>16.9</ele>
    <time>2026-09-23T10:06:31Z</time>
   </trkpt>
   <trkpt lat="22.7408610" lon="120.3310990">
    <ele>16.9</ele>
    <time>2026-09-23T10:06:32Z</time>
   </trkpt>
   <trkpt lat="22.7408580" lon="120.3310970">
    <ele>16.9</ele>
    <time>2026-09-23T10:06:33Z</time>
   </trkpt>
   <trkpt lat="22.7408560" lon="120.3310960">
    <ele>16.9</ele>
    <time>2026-09-23T10:06:34Z</time>
   </trkpt>
   <trkpt lat="22.7408610" lon="120.3310940">
    <ele>16.9</ele>
    <time>2026-09-23T10:06:35Z</time>
   </trkpt>
   <trkpt lat="22.7408710" lon="120.3310950">
    <ele>16.9</ele>
    <time>2026-09-23T10:06:36Z</time>
   </trkpt>
   <trkpt lat="22.7408810" lon="120.3310930">
    <ele>16.9</ele>
    <time>2026-09-23T10:06:37Z</time>
   </trkpt>
   <trkpt lat="22.7408750" lon="120.3310830">
    <ele>16.9</ele>
    <time>2026-09-23T10:06:38Z</time>
   </trkpt>
   <trkpt lat="22.7408690" lon="120.3310790">
    <ele>16.9</ele>
    <time>2026-09-23T10:06:39Z</time>
   </trkpt>
   <trkpt lat="22.7408610" lon="120.3310610">
    <ele>16.9</ele>
    <time>2026-09-23T10:06:40Z</time>
   </trkpt>
   <trkpt lat="22.7408470" lon="120.3310480">
    <ele>16.9</ele>
    <time>2026-09-23T10:06:41Z</time>
   </trkpt>
   <trkpt lat="22.7408340" lon="120.3310440">
    <ele>16.8</ele>
    <time>2026-09-23T10:06:42Z</time>
   </trkpt>
   <trkpt lat="22.7408270" lon="120.3310340">
    <ele>16.8</ele>
    <time>2026-09-23T10:06:43Z</time>
   </trkpt>
   <trkpt lat="22.7408240" lon="120.3310230">
    <ele>16.8</ele>
    <time>2026-09-23T10:06:44Z</time>
   </trkpt>
   <trkpt lat="22.7408290" lon="120.3310290">
    <ele>16.8</ele>
    <time>2026-09-23T10:06:45Z</time>
   </trkpt>
   <trkpt lat="22.7408310" lon="120.3310320">
    <ele>16.8</ele>
    <time>2026-09-23T10:06:46Z</time>
   </trkpt>
   <trkpt lat="22.7408300" lon="120.3310300">
    <ele>16.8</ele>
    <time>2026-09-23T10:06:47Z</time>
   </trkpt>
   <trkpt lat="22.7408240" lon="120.3310290">
    <ele>16.8</ele>
    <time>2026-09-23T10:06:48Z</time>
   </trkpt>
   <trkpt lat="22.7408120" lon="120.3310310">
    <ele>16.8</ele>
    <time>2026-09-23T10:06:49Z</time>
   </trkpt>
   <trkpt lat="22.7408110" lon="120.3310190">
    <ele>16.8</ele>
    <time>2026-09-23T10:06:50Z</time>
   </trkpt>
   <trkpt lat="22.7408070" lon="120.3310240">
    <ele>16.8</ele>
    <time>2026-09-23T10:06:51Z</time>
   </trkpt>
   <trkpt lat="22.7408040" lon="120.3310290">
    <ele>16.8</ele>
    <time>2026-09-23T10:06:52Z</time>
   </trkpt>
   <trkpt lat="22.7408050" lon="120.3310260">
    <ele>16.8</ele>
    <time>2026-09-23T10:06:53Z</time>
   </trkpt>
   <trkpt lat="22.7408030" lon="120.3310200">
    <ele>16.8</ele>
    <time>2026-09-23T10:06:54Z</time>
   </trkpt>
   <trkpt lat="22.7408030" lon="120.3310210">
    <ele>16.8</ele>
    <time>2026-09-23T10:06:55Z</time>
   </trkpt>
   <trkpt lat="22.7408060" lon="120.3310160">
    <ele>16.8</ele>
    <time>2026-09-23T10:06:56Z</time>
   </trkpt>
   <trkpt lat="22.7408070" lon="120.3310120">
    <ele>16.8</ele>
    <time>2026-09-23T10:06:57Z</time>
   </trkpt>
   <trkpt lat="22.7408090" lon="120.3310120">
    <ele>16.8</ele>
    <time>2026-09-23T10:06:58Z</time>
   </trkpt>
   <trkpt lat="22.7408150" lon="120.3310130">
    <ele>16.8</ele>
    <time>2026-09-23T10:06:59Z</time>
   </trkpt>
   <trkpt lat="22.7408130" lon="120.3310180">
    <ele>16.8</ele>
    <time>2026-09-23T10:07:00Z</time>
   </trkpt>
   <trkpt lat="22.7407560" lon="120.3309660">
    <ele>16.8</ele>
    <time>2026-09-23T10:07:07Z</time>
   </trkpt>
   <trkpt lat="22.7407500" lon="120.3309620">
    <ele>16.8</ele>
    <time>2026-09-23T10:07:08Z</time>
   </trkpt>
   <trkpt lat="22.7407460" lon="120.3309570">
    <ele>16.8</ele>
    <time>2026-09-23T10:07:09Z</time>
   </trkpt>
   <trkpt lat="22.7407450" lon="120.3309610">
    <ele>16.8</ele>
    <time>2026-09-23T10:07:10Z</time>
   </trkpt>
   <trkpt lat="22.7407460" lon="120.3309600">
    <ele>16.8</ele>
    <time>2026-09-23T10:07:11Z</time>
   </trkpt>
   <trkpt lat="22.7407400" lon="120.3309550">
    <ele>16.8</ele>
    <time>2026-09-23T10:07:12Z</time>
   </trkpt>
   <trkpt lat="22.7407310" lon="120.3309530">
    <ele>16.8</ele>
    <time>2026-09-23T10:07:13Z</time>
   </trkpt>
   <trkpt lat="22.7407340" lon="120.3309470">
    <ele>16.8</ele>
    <time>2026-09-23T10:07:14Z</time>
   </trkpt>
   <trkpt lat="22.7407360" lon="120.3309480">
    <ele>16.8</ele>
    <time>2026-09-23T10:07:15Z</time>
   </trkpt>
   <trkpt lat="22.7407340" lon="120.3309480">
    <ele>16.8</ele>
    <time>2026-09-23T10:07:16Z</time>
   </trkpt>
   <trkpt lat="22.7407220" lon="120.3309490">
    <ele>16.8</ele>
    <time>2026-09-23T10:07:17Z</time>
   </trkpt>
   <trkpt lat="22.7407100" lon="120.3309450">
    <ele>16.8</ele>
    <time>2026-09-23T10:07:18Z</time>
   </trkpt>
   <trkpt lat="22.7407130" lon="120.3309480">
    <ele>16.8</ele>
    <time>2026-09-23T10:07:19Z</time>
   </trkpt>
   <trkpt lat="22.7407050" lon="120.3309570">
    <ele>16.8</ele>
    <time>2026-09-23T10:07:20Z</time>
   </trkpt>
   <trkpt lat="22.7406930" lon="120.3309610">
    <ele>16.7</ele>
    <time>2026-09-23T10:07:21Z</time>
   </trkpt>
   <trkpt lat="22.7406860" lon="120.3309710">
    <ele>16.7</ele>
    <time>2026-09-23T10:07:22Z</time>
   </trkpt>
   <trkpt lat="22.7406800" lon="120.3309780">
    <ele>16.7</ele>
    <time>2026-09-23T10:07:23Z</time>
   </trkpt>
   <trkpt lat="22.7406740" lon="120.3309850">
    <ele>16.7</ele>
    <time>2026-09-23T10:07:24Z</time>
   </trkpt>
   <trkpt lat="22.7406710" lon="120.3309890">
    <ele>16.7</ele>
    <time>2026-09-23T10:07:25Z</time>
   </trkpt>
   <trkpt lat="22.7406660" lon="120.3309880">
    <ele>16.7</ele>
    <time>2026-09-23T10:07:26Z</time>
   </trkpt>
   <trkpt lat="22.7406650" lon="120.3309890">
    <ele>16.7</ele>
    <time>2026-09-23T10:07:27Z</time>
   </trkpt>
   <trkpt lat="22.7406650" lon="120.3309890">
    <ele>16.7</ele>
    <time>2026-09-23T10:07:28Z</time>
   </trkpt>
   <trkpt lat="22.7405200" lon="120.3310290">
    <ele>16.7</ele>
    <time>2026-09-23T10:07:43Z</time>
   </trkpt>
   <trkpt lat="22.7405160" lon="120.3310760">
    <ele>16.7</ele>
    <time>2026-09-23T10:07:44Z</time>
   </trkpt>
   <trkpt lat="22.7404950" lon="120.3311430">
    <ele>16.6</ele>
    <time>2026-09-23T10:07:45Z</time>
   </trkpt>
   <trkpt lat="22.7404790" lon="120.3311630">
    <ele>16.6</ele>
    <time>2026-09-23T10:07:46Z</time>
   </trkpt>
   <trkpt lat="22.7404690" lon="120.3311640">
    <ele>16.6</ele>
    <time>2026-09-23T10:07:47Z</time>
   </trkpt>
   <trkpt lat="22.7404730" lon="120.3311550">
    <ele>16.6</ele>
    <time>2026-09-23T10:07:48Z</time>
   </trkpt>
   <trkpt lat="22.7404630" lon="120.3311690">
    <ele>16.6</ele>
    <time>2026-09-23T10:07:49Z</time>
   </trkpt>
   <trkpt lat="22.7404380" lon="120.3311980">
    <ele>16.6</ele>
    <time>2026-09-23T10:07:50Z</time>
   </trkpt>
   <trkpt lat="22.7404610" lon="120.3311850">
    <ele>16.6</ele>
    <time>2026-09-23T10:07:51Z</time>
   </trkpt>
   <trkpt lat="22.7404710" lon="120.3311660">
    <ele>16.6</ele>
    <time>2026-09-23T10:07:52Z</time>
   </trkpt>
   <trkpt lat="22.7404730" lon="120.3311640">
    <ele>16.6</ele>
    <time>2026-09-23T10:07:53Z</time>
   </trkpt>
   <trkpt lat="22.7404890" lon="120.3311460">
    <ele>16.6</ele>
    <time>2026-09-23T10:07:54Z</time>
   </trkpt>
   <trkpt lat="22.7403910" lon="120.3311890">
    <ele>16.5</ele>
    <time>2026-09-23T10:07:55Z</time>
   </trkpt>
   <trkpt lat="22.7403910" lon="120.3311890">
    <ele>16.5</ele>
    <time>2026-09-23T10:07:56Z</time>
   </trkpt>
   <trkpt lat="22.7404360" lon="120.3311390">
    <ele>16.5</ele>
    <time>2026-09-23T10:07:57Z</time>
   </trkpt>
   <trkpt lat="22.7405330" lon="120.3310380">
    <ele>16.5</ele>
    <time>2026-09-23T10:07:58Z</time>
   </trkpt>
   <trkpt lat="22.7405450" lon="120.3310100">
    <ele>16.5</ele>
    <time>2026-09-23T10:07:59Z</time>
   </trkpt>
   <trkpt lat="22.7405620" lon="120.3309810">
    <ele>16.4</ele>
    <time>2026-09-23T10:08:00Z</time>
   </trkpt>
   <trkpt lat="22.7405670" lon="120.3309730">
    <ele>16.4</ele>
    <time>2026-09-23T10:08:01Z</time>
   </trkpt>
   <trkpt lat="22.7405760" lon="120.3309600">
    <ele>16.4</ele>
    <time>2026-09-23T10:08:02Z</time>
   </trkpt>
   <trkpt lat="22.7405780" lon="120.3309600">
    <ele>16.4</ele>
    <time>2026-09-23T10:08:03Z</time>
   </trkpt>
   <trkpt lat="22.7405900" lon="120.3309630">
    <ele>16.4</ele>
    <time>2026-09-23T10:08:04Z</time>
   </trkpt>
   <trkpt lat="22.7405890" lon="120.3309670">
    <ele>16.4</ele>
    <time>2026-09-23T10:08:05Z</time>
   </trkpt>
   <trkpt lat="22.7405940" lon="120.3309680">
    <ele>16.4</ele>
    <time>2026-09-23T10:08:06Z</time>
   </trkpt>
   <trkpt lat="22.7405980" lon="120.3309500">
    <ele>16.4</ele>
    <time>2026-09-23T10:08:07Z</time>
   </trkpt>
   <trkpt lat="22.7405760" lon="120.3309920">
    <ele>16.4</ele>
    <time>2026-09-23T10:08:11Z</time>
   </trkpt>
   <trkpt lat="22.7405970" lon="120.3309920">
    <ele>16.4</ele>
    <time>2026-09-23T10:08:12Z</time>
   </trkpt>
   <trkpt lat="22.7406160" lon="120.3309930">
    <ele>16.4</ele>
    <time>2026-09-23T10:08:13Z</time>
   </trkpt>
   <trkpt lat="22.7406450" lon="120.3309700">
    <ele>16.4</ele>
    <time>2026-09-23T10:08:14Z</time>
   </trkpt>
   <trkpt lat="22.7406680" lon="120.3309620">
    <ele>16.4</ele>
    <time>2026-09-23T10:08:15Z</time>
   </trkpt>
   <trkpt lat="22.7406960" lon="120.3309680">
    <ele>16.4</ele>
    <time>2026-09-23T10:08:16Z</time>
   </trkpt>
   <trkpt lat="22.7407060" lon="120.3309660">
    <ele>16.4</ele>
    <time>2026-09-23T10:08:17Z</time>
   </trkpt>
   <trkpt lat="22.7407090" lon="120.3309640">
    <ele>16.4</ele>
    <time>2026-09-23T10:08:18Z</time>
   </trkpt>
   <trkpt lat="22.7407110" lon="120.3309660">
    <ele>16.4</ele>
    <time>2026-09-23T10:08:19Z</time>
   </trkpt>
   <trkpt lat="22.7407090" lon="120.3309650">
    <ele>16.4</ele>
    <time>2026-09-23T10:08:20Z</time>
   </trkpt>
   <trkpt lat="22.7407090" lon="120.3309590">
    <ele>16.4</ele>
    <time>2026-09-23T10:08:21Z</time>
   </trkpt>
   <trkpt lat="22.7407060" lon="120.3309610">
    <ele>16.4</ele>
    <time>2026-09-23T10:08:22Z</time>
   </trkpt>
   <trkpt lat="22.7407030" lon="120.3309540">
    <ele>16.3</ele>
    <time>2026-09-23T10:08:23Z</time>
   </trkpt>
   <trkpt lat="22.7407020" lon="120.3309550">
    <ele>16.3</ele>
    <time>2026-09-23T10:08:24Z</time>
   </trkpt>
   <trkpt lat="22.7407180" lon="120.3309330">
    <ele>16.3</ele>
    <time>2026-09-23T10:08:40Z</time>
   </trkpt>
   <trkpt lat="22.7407170" lon="120.3309270">
    <ele>16.3</ele>
    <time>2026-09-23T10:08:41Z</time>
   </trkpt>
   <trkpt lat="22.7407060" lon="120.3309330">
    <ele>16.3</ele>
    <time>2026-09-23T10:08:42Z</time>
   </trkpt>
   <trkpt lat="22.7407010" lon="120.3309310">
    <ele>16.3</ele>
    <time>2026-09-23T10:08:43Z</time>
   </trkpt>
   <trkpt lat="22.7406810" lon="120.3309290">
    <ele>16.3</ele>
    <time>2026-09-23T10:08:44Z</time>
   </trkpt>
   <trkpt lat="22.7406730" lon="120.3309300">
    <ele>16.3</ele>
    <time>2026-09-23T10:08:45Z</time>
   </trkpt>
   <trkpt lat="22.7406710" lon="120.3309360">
    <ele>16.3</ele>
    <time>2026-09-23T10:08:46Z</time>
   </trkpt>
   <trkpt lat="22.7406640" lon="120.3309370">
    <ele>16.3</ele>
    <time>2026-09-23T10:08:47Z</time>
   </trkpt>
   <trkpt lat="22.7406630" lon="120.3309200">
    <ele>16.3</ele>
    <time>2026-09-23T10:08:48Z</time>
   </trkpt>
   <trkpt lat="22.7406520" lon="120.3309130">
    <ele>16.3</ele>
    <time>2026-09-23T10:08:49Z</time>
   </trkpt>
   <trkpt lat="22.7406360" lon="120.3309030">
    <ele>16.3</ele>
    <time>2026-09-23T10:08:50Z</time>
   </trkpt>
   <trkpt lat="22.7406280" lon="120.3308980">
    <ele>16.3</ele>
    <time>2026-09-23T10:08:51Z</time>
   </trkpt>
   <trkpt lat="22.7406260" lon="120.3308930">
    <ele>16.3</ele>
    <time>2026-09-23T10:08:52Z</time>
   </trkpt>
   <trkpt lat="22.7406270" lon="120.3308920">
    <ele>16.3</ele>
    <time>2026-09-23T10:08:53Z</time>
   </trkpt>
   <trkpt lat="22.7406260" lon="120.3308860">
    <ele>16.3</ele>
    <time>2026-09-23T10:08:54Z</time>
   </trkpt>
   <trkpt lat="22.7406250" lon="120.3308790">
    <ele>16.3</ele>
    <time>2026-09-23T10:08:55Z</time>
   </trkpt>
   <trkpt lat="22.7406230" lon="120.3308740">
    <ele>16.3</ele>
    <time>2026-09-23T10:08:56Z</time>
   </trkpt>
   <trkpt lat="22.7406250" lon="120.3308770">
    <ele>16.3</ele>
    <time>2026-09-23T10:08:57Z</time>
   </trkpt>
   <trkpt lat="22.7406290" lon="120.3308760">
    <ele>16.3</ele>
    <time>2026-09-23T10:08:58Z</time>
   </trkpt>
   <trkpt lat="22.7406170" lon="120.3308650">
    <ele>16.3</ele>
    <time>2026-09-23T10:08:59Z</time>
   </trkpt>
   <trkpt lat="22.7406070" lon="120.3308520">
    <ele>16.3</ele>
    <time>2026-09-23T10:09:00Z</time>
   </trkpt>
   <trkpt lat="22.7406020" lon="120.3308500">
    <ele>16.3</ele>
    <time>2026-09-23T10:09:01Z</time>
   </trkpt>
   <trkpt lat="22.7405980" lon="120.3308460">
    <ele>16.3</ele>
    <time>2026-09-23T10:09:02Z</time>
   </trkpt>
   <trkpt lat="22.7405950" lon="120.3308380">
    <ele>16.3</ele>
    <time>2026-09-23T10:09:03Z</time>
   </trkpt>
   <trkpt lat="22.7405850" lon="120.3308360">
    <ele>16.3</ele>
    <time>2026-09-23T10:09:04Z</time>
   </trkpt>
   <trkpt lat="22.7405750" lon="120.3308350">
    <ele>16.3</ele>
    <time>2026-09-23T10:09:05Z</time>
   </trkpt>
   <trkpt lat="22.7405770" lon="120.3308510">
    <ele>16.3</ele>
    <time>2026-09-23T10:09:06Z</time>
   </trkpt>
   <trkpt lat="22.7405700" lon="120.3308620">
    <ele>16.2</ele>
    <time>2026-09-23T10:09:07Z</time>
   </trkpt>
   <trkpt lat="22.7405760" lon="120.3308560">
    <ele>16.2</ele>
    <time>2026-09-23T10:09:08Z</time>
   </trkpt>
   <trkpt lat="22.7405750" lon="120.3308510">
    <ele>16.2</ele>
    <time>2026-09-23T10:09:09Z</time>
   </trkpt>
   <trkpt lat="22.7405720" lon="120.3308420">
    <ele>16.2</ele>
    <time>2026-09-23T10:09:10Z</time>
   </trkpt>
   <trkpt lat="22.7405690" lon="120.3308360">
    <ele>16.2</ele>
    <time>2026-09-23T10:09:11Z</time>
   </trkpt>
   <trkpt lat="22.7405630" lon="120.3308280">
    <ele>16.2</ele>
    <time>2026-09-23T10:09:12Z</time>
   </trkpt>
   <trkpt lat="22.7405600" lon="120.3308240">
    <ele>16.2</ele>
    <time>2026-09-23T10:09:13Z</time>
   </trkpt>
   <trkpt lat="22.7405520" lon="120.3308160">
    <ele>16.2</ele>
    <time>2026-09-23T10:09:14Z</time>
   </trkpt>
   <trkpt lat="22.7405460" lon="120.3308050">
    <ele>16.2</ele>
    <time>2026-09-23T10:09:15Z</time>
   </trkpt>
   <trkpt lat="22.7405310" lon="120.3307980">
    <ele>16.2</ele>
    <time>2026-09-23T10:09:16Z</time>
   </trkpt>
   <trkpt lat="22.7405170" lon="120.3307950">
    <ele>16.2</ele>
    <time>2026-09-23T10:09:17Z</time>
   </trkpt>
   <trkpt lat="22.7405130" lon="120.3307920">
    <ele>16.2</ele>
    <time>2026-09-23T10:09:18Z</time>
   </trkpt>
   <trkpt lat="22.7404060" lon="120.3307300">
    <ele>16.2</ele>
    <time>2026-09-23T10:09:33Z</time>
   </trkpt>
   <trkpt lat="22.7404010" lon="120.3307360">
    <ele>16.2</ele>
    <time>2026-09-23T10:09:34Z</time>
   </trkpt>
   <trkpt lat="22.7404040" lon="120.3307410">
    <ele>16.2</ele>
    <time>2026-09-23T10:09:35Z</time>
   </trkpt>
   <trkpt lat="22.7404020" lon="120.3307470">
    <ele>16.2</ele>
    <time>2026-09-23T10:09:36Z</time>
   </trkpt>
   <trkpt lat="22.7403920" lon="120.3307610">
    <ele>16.3</ele>
    <time>2026-09-23T10:09:37Z</time>
   </trkpt>
   <trkpt lat="22.7403700" lon="120.3307740">
    <ele>16.4</ele>
    <time>2026-09-23T10:09:38Z</time>
   </trkpt>
   <trkpt lat="22.7403690" lon="120.3307820">
    <ele>16.4</ele>
    <time>2026-09-23T10:09:40Z</time>
   </trkpt>
   <trkpt lat="22.7403620" lon="120.3307930">
    <ele>16.5</ele>
    <time>2026-09-23T10:09:41Z</time>
   </trkpt>
   <trkpt lat="22.7403590" lon="120.3308030">
    <ele>16.5</ele>
    <time>2026-09-23T10:09:42Z</time>
   </trkpt>
   <trkpt lat="22.7403540" lon="120.3308140">
    <ele>16.6</ele>
    <time>2026-09-23T10:09:43Z</time>
   </trkpt>
   <trkpt lat="22.7403480" lon="120.3308270">
    <ele>16.6</ele>
    <time>2026-09-23T10:09:44Z</time>
   </trkpt>
   <trkpt lat="22.7403420" lon="120.3308310">
    <ele>16.6</ele>
    <time>2026-09-23T10:09:45Z</time>
   </trkpt>
   <trkpt lat="22.7403370" lon="120.3308380">
    <ele>16.7</ele>
    <time>2026-09-23T10:09:46Z</time>
   </trkpt>
   <trkpt lat="22.7403300" lon="120.3308490">
    <ele>16.7</ele>
    <time>2026-09-23T10:09:47Z</time>
   </trkpt>
   <trkpt lat="22.7403250" lon="120.3308590">
    <ele>16.8</ele>
    <time>2026-09-23T10:09:48Z</time>
   </trkpt>
   <trkpt lat="22.7403100" lon="120.3308640">
    <ele>16.8</ele>
    <time>2026-09-23T10:09:49Z</time>
   </trkpt>
   <trkpt lat="22.7403000" lon="120.3308660">
    <ele>16.9</ele>
    <time>2026-09-23T10:09:50Z</time>
   </trkpt>
   <trkpt lat="22.7401920" lon="120.3309540">
    <ele>17.6</ele>
    <time>2026-09-23T10:09:59Z</time>
   </trkpt>
   <trkpt lat="22.7401910" lon="120.3309650">
    <ele>17.7</ele>
    <time>2026-09-23T10:10:00Z</time>
   </trkpt>
   <trkpt lat="22.7401820" lon="120.3309740">
    <ele>17.8</ele>
    <time>2026-09-23T10:10:01Z</time>
   </trkpt>
   <trkpt lat="22.7401860" lon="120.3309940">
    <ele>17.9</ele>
    <time>2026-09-23T10:10:02Z</time>
   </trkpt>
   <trkpt lat="22.7401840" lon="120.3310100">
    <ele>18.0</ele>
    <time>2026-09-23T10:10:03Z</time>
   </trkpt>
   <trkpt lat="22.7401740" lon="120.3310200">
    <ele>18.1</ele>
    <time>2026-09-23T10:10:04Z</time>
   </trkpt>
   <trkpt lat="22.7401620" lon="120.3310270">
    <ele>18.2</ele>
    <time>2026-09-23T10:10:05Z</time>
   </trkpt>
   <trkpt lat="22.7401510" lon="120.3310300">
    <ele>18.3</ele>
    <time>2026-09-23T10:10:06Z</time>
   </trkpt>
   <trkpt lat="22.7401410" lon="120.3310380">
    <ele>18.4</ele>
    <time>2026-09-23T10:10:07Z</time>
   </trkpt>
   <trkpt lat="22.7401360" lon="120.3310440">
    <ele>18.4</ele>
    <time>2026-09-23T10:10:08Z</time>
   </trkpt>
   <trkpt lat="22.7401310" lon="120.3310500">
    <ele>18.4</ele>
    <time>2026-09-23T10:10:09Z</time>
   </trkpt>
   <trkpt lat="22.7401270" lon="120.3310500">
    <ele>18.5</ele>
    <time>2026-09-23T10:10:10Z</time>
   </trkpt>
   <trkpt lat="22.7401120" lon="120.3310500">
    <ele>18.6</ele>
    <time>2026-09-23T10:10:11Z</time>
   </trkpt>
   <trkpt lat="22.7401020" lon="120.3310480">
    <ele>18.6</ele>
    <time>2026-09-23T10:10:12Z</time>
   </trkpt>
   <trkpt lat="22.7400920" lon="120.3310470">
    <ele>18.7</ele>
    <time>2026-09-23T10:10:13Z</time>
   </trkpt>
   <trkpt lat="22.7400750" lon="120.3310480">
    <ele>18.7</ele>
    <time>2026-09-23T10:10:14Z</time>
   </trkpt>
   <trkpt lat="22.7400590" lon="120.3310460">
    <ele>18.8</ele>
    <time>2026-09-23T10:10:15Z</time>
   </trkpt>
   <trkpt lat="22.7400500" lon="120.3310450">
    <ele>18.9</ele>
    <time>2026-09-23T10:10:16Z</time>
   </trkpt>
   <trkpt lat="22.7400390" lon="120.3310520">
    <ele>18.9</ele>
    <time>2026-09-23T10:10:17Z</time>
   </trkpt>
   <trkpt lat="22.7400270" lon="120.3310560">
    <ele>19.0</ele>
    <time>2026-09-23T10:10:18Z</time>
   </trkpt>
   <trkpt lat="22.7401430" lon="120.3313270">
    <ele>19.0</ele>
    <time>2026-09-23T10:10:47Z</time>
   </trkpt>
   <trkpt lat="22.7401490" lon="120.3313410">
    <ele>19.0</ele>
    <time>2026-09-23T10:10:48Z</time>
   </trkpt>
   <trkpt lat="22.7401520" lon="120.3313520">
    <ele>19.0</ele>
    <time>2026-09-23T10:10:49Z</time>
   </trkpt>
   <trkpt lat="22.7401590" lon="120.3313630">
    <ele>19.0</ele>
    <time>2026-09-23T10:10:50Z</time>
   </trkpt>
   <trkpt lat="22.7401650" lon="120.3313750">
    <ele>19.0</ele>
    <time>2026-09-23T10:10:51Z</time>
   </trkpt>
   <trkpt lat="22.7401700" lon="120.3313890">
    <ele>19.0</ele>
    <time>2026-09-23T10:10:52Z</time>
   </trkpt>
   <trkpt lat="22.7401790" lon="120.3314020">
    <ele>19.0</ele>
    <time>2026-09-23T10:10:53Z</time>
   </trkpt>
   <trkpt lat="22.7401830" lon="120.3314110">
    <ele>19.0</ele>
    <time>2026-09-23T10:10:54Z</time>
   </trkpt>
   <trkpt lat="22.7401870" lon="120.3314180">
    <ele>19.1</ele>
    <time>2026-09-23T10:10:55Z</time>
   </trkpt>
   <trkpt lat="22.7401980" lon="120.3314230">
    <ele>19.1</ele>
    <time>2026-09-23T10:10:56Z</time>
   </trkpt>
   <trkpt lat="22.7402020" lon="120.3314280">
    <ele>19.1</ele>
    <time>2026-09-23T10:10:57Z</time>
   </trkpt>
   <trkpt lat="22.7402110" lon="120.3314330">
    <ele>19.1</ele>
    <time>2026-09-23T10:10:58Z</time>
   </trkpt>
   <trkpt lat="22.7402220" lon="120.3314310">
    <ele>19.1</ele>
    <time>2026-09-23T10:10:59Z</time>
   </trkpt>
   <trkpt lat="22.7402410" lon="120.3314320">
    <ele>19.1</ele>
    <time>2026-09-23T10:11:00Z</time>
   </trkpt>
   <trkpt lat="22.7402540" lon="120.3314270">
    <ele>19.1</ele>
    <time>2026-09-23T10:11:01Z</time>
   </trkpt>
   <trkpt lat="22.7402590" lon="120.3314270">
    <ele>19.1</ele>
    <time>2026-09-23T10:11:02Z</time>
   </trkpt>
   <trkpt lat="22.7402710" lon="120.3314170">
    <ele>19.1</ele>
    <time>2026-09-23T10:11:03Z</time>
   </trkpt>
   <trkpt lat="22.7402820" lon="120.3314100">
    <ele>19.1</ele>
    <time>2026-09-23T10:11:04Z</time>
   </trkpt>
   <trkpt lat="22.7403040" lon="120.3313920">
    <ele>19.1</ele>
    <time>2026-09-23T10:11:07Z</time>
   </trkpt>
   <trkpt lat="22.7403010" lon="120.3313920">
    <ele>19.1</ele>
    <time>2026-09-23T10:11:08Z</time>
   </trkpt>
   <trkpt lat="22.7403050" lon="120.3313960">
    <ele>19.1</ele>
    <time>2026-09-23T10:11:09Z</time>
   </trkpt>
   <trkpt lat="22.7402950" lon="120.3313940">
    <ele>19.1</ele>
    <time>2026-09-23T10:11:10Z</time>
   </trkpt>
   <trkpt lat="22.7402970" lon="120.3313980">
    <ele>19.1</ele>
    <time>2026-09-23T10:11:11Z</time>
   </trkpt>
   <trkpt lat="22.7402910" lon="120.3314000">
    <ele>19.1</ele>
    <time>2026-09-23T10:11:12Z</time>
   </trkpt>
   <trkpt lat="22.7402840" lon="120.3314110">
    <ele>19.1</ele>
    <time>2026-09-23T10:11:13Z</time>
   </trkpt>
   <trkpt lat="22.7402830" lon="120.3314240">
    <ele>19.1</ele>
    <time>2026-09-23T10:11:14Z</time>
   </trkpt>
   <trkpt lat="22.7402760" lon="120.3314370">
    <ele>19.1</ele>
    <time>2026-09-23T10:11:15Z</time>
   </trkpt>
   <trkpt lat="22.7402730" lon="120.3314510">
    <ele>19.2</ele>
    <time>2026-09-23T10:11:16Z</time>
   </trkpt>
   <trkpt lat="22.7402870" lon="120.3315610">
    <ele>19.2</ele>
    <time>2026-09-23T10:11:32Z</time>
   </trkpt>
   <trkpt lat="22.7402900" lon="120.3315730">
    <ele>19.2</ele>
    <time>2026-09-23T10:11:33Z</time>
   </trkpt>
   <trkpt lat="22.7402960" lon="120.3315820">
    <ele>19.2</ele>
    <time>2026-09-23T10:11:34Z</time>
   </trkpt>
   <trkpt lat="22.7402930" lon="120.3315910">
    <ele>19.2</ele>
    <time>2026-09-23T10:11:35Z</time>
   </trkpt>
   <trkpt lat="22.7403010" lon="120.3316250">
    <ele>19.2</ele>
    <time>2026-09-23T10:11:36Z</time>
   </trkpt>
   <trkpt lat="22.7403110" lon="120.3316380">
    <ele>19.2</ele>
    <time>2026-09-23T10:11:37Z</time>
   </trkpt>
   <trkpt lat="22.7403150" lon="120.3316340">
    <ele>19.2</ele>
    <time>2026-09-23T10:11:38Z</time>
   </trkpt>
   <trkpt lat="22.7403080" lon="120.3316270">
    <ele>19.2</ele>
    <time>2026-09-23T10:11:39Z</time>
   </trkpt>
   <trkpt lat="22.7403020" lon="120.3316230">
    <ele>19.2</ele>
    <time>2026-09-23T10:11:40Z</time>
   </trkpt>
   <trkpt lat="22.7402960" lon="120.3316280">
    <ele>19.2</ele>
    <time>2026-09-23T10:11:41Z</time>
   </trkpt>
   <trkpt lat="22.7402950" lon="120.3316360">
    <ele>19.2</ele>
    <time>2026-09-23T10:11:42Z</time>
   </trkpt>
   <trkpt lat="22.7402920" lon="120.3316390">
    <ele>19.2</ele>
    <time>2026-09-23T10:11:43Z</time>
   </trkpt>
   <trkpt lat="22.7402870" lon="120.3316410">
    <ele>19.2</ele>
    <time>2026-09-23T10:11:44Z</time>
   </trkpt>
   <trkpt lat="22.7402840" lon="120.3316420">
    <ele>19.2</ele>
    <time>2026-09-23T10:11:45Z</time>
   </trkpt>
   <trkpt lat="22.7402780" lon="120.3316440">
    <ele>19.2</ele>
    <time>2026-09-23T10:11:46Z</time>
   </trkpt>
   <trkpt lat="22.7402790" lon="120.3316450">
    <ele>19.2</ele>
    <time>2026-09-23T10:11:47Z</time>
   </trkpt>
   <trkpt lat="22.7402800" lon="120.3316470">
    <ele>19.2</ele>
    <time>2026-09-23T10:11:48Z</time>
   </trkpt>
   <trkpt lat="22.7402700" lon="120.3316510">
    <ele>19.2</ele>
    <time>2026-09-23T10:11:49Z</time>
   </trkpt>
   <trkpt lat="22.7402580" lon="120.3316600">
    <ele>19.2</ele>
    <time>2026-09-23T10:11:50Z</time>
   </trkpt>
   <trkpt lat="22.7402480" lon="120.3316720">
    <ele>19.2</ele>
    <time>2026-09-23T10:11:51Z</time>
   </trkpt>
   <trkpt lat="22.7402360" lon="120.3316770">
    <ele>19.2</ele>
    <time>2026-09-23T10:11:52Z</time>
   </trkpt>
   <trkpt lat="22.7402260" lon="120.3316820">
    <ele>19.2</ele>
    <time>2026-09-23T10:11:53Z</time>
   </trkpt>
   <trkpt lat="22.7402160" lon="120.3316820">
    <ele>19.2</ele>
    <time>2026-09-23T10:11:54Z</time>
   </trkpt>
   <trkpt lat="22.7402010" lon="120.3316860">
    <ele>19.2</ele>
    <time>2026-09-23T10:11:55Z</time>
   </trkpt>
   <trkpt lat="22.7401900" lon="120.3316870">
    <ele>19.2</ele>
    <time>2026-09-23T10:11:56Z</time>
   </trkpt>
   <trkpt lat="22.7401840" lon="120.3316890">
    <ele>19.2</ele>
    <time>2026-09-23T10:11:57Z</time>
   </trkpt>
   <trkpt lat="22.7401790" lon="120.3316970">
    <ele>19.2</ele>
    <time>2026-09-23T10:11:58Z</time>
   </trkpt>
   <trkpt lat="22.7401640" lon="120.3317110">
    <ele>19.2</ele>
    <time>2026-09-23T10:11:59Z</time>
   </trkpt>
   <trkpt lat="22.7401500" lon="120.3317190">
    <ele>19.2</ele>
    <time>2026-09-23T10:12:00Z</time>
   </trkpt>
   <trkpt lat="22.7401440" lon="120.3317230">
    <ele>19.2</ele>
    <time>2026-09-23T10:12:01Z</time>
   </trkpt>
   <trkpt lat="22.7401380" lon="120.3317260">
    <ele>19.2</ele>
    <time>2026-09-23T10:12:02Z</time>
   </trkpt>
   <trkpt lat="22.7401250" lon="120.3317340">
    <ele>19.2</ele>
    <time>2026-09-23T10:12:03Z</time>
   </trkpt>
   <trkpt lat="22.7401170" lon="120.3317410">
    <ele>19.2</ele>
    <time>2026-09-23T10:12:04Z</time>
   </trkpt>
   <trkpt lat="22.7401140" lon="120.3317470">
    <ele>19.2</ele>
    <time>2026-09-23T10:12:05Z</time>
   </trkpt>
   <trkpt lat="22.7400990" lon="120.3317580">
    <ele>19.2</ele>
    <time>2026-09-23T10:12:06Z</time>
   </trkpt>
   <trkpt lat="22.7400910" lon="120.3317700">
    <ele>19.2</ele>
    <time>2026-09-23T10:12:07Z</time>
   </trkpt>
   <trkpt lat="22.7400850" lon="120.3317760">
    <ele>19.2</ele>
    <time>2026-09-23T10:12:08Z</time>
   </trkpt>
   <trkpt lat="22.7400780" lon="120.3317860">
    <ele>19.2</ele>
    <time>2026-09-23T10:12:09Z</time>
   </trkpt>
   <trkpt lat="22.7400740" lon="120.3317920">
    <ele>19.2</ele>
    <time>2026-09-23T10:12:10Z</time>
   </trkpt>
   <trkpt lat="22.7400680" lon="120.3317960">
    <ele>19.2</ele>
    <time>2026-09-23T10:12:11Z</time>
   </trkpt>
   <trkpt lat="22.7400670" lon="120.3317970">
    <ele>19.2</ele>
    <time>2026-09-23T10:12:12Z</time>
   </trkpt>
   <trkpt lat="22.7400740" lon="120.3318040">
    <ele>19.2</ele>
    <time>2026-09-23T10:12:13Z</time>
   </trkpt>
   <trkpt lat="22.7400770" lon="120.3318100">
    <ele>19.2</ele>
    <time>2026-09-23T10:12:14Z</time>
   </trkpt>
   <trkpt lat="22.7400760" lon="120.3318190">
    <ele>19.2</ele>
    <time>2026-09-23T10:12:15Z</time>
   </trkpt>
   <trkpt lat="22.7400610" lon="120.3318290">
    <ele>19.2</ele>
    <time>2026-09-23T10:12:16Z</time>
   </trkpt>
   <trkpt lat="22.7400580" lon="120.3318400">
    <ele>19.2</ele>
    <time>2026-09-23T10:12:17Z</time>
   </trkpt>
   <trkpt lat="22.7400510" lon="120.3318540">
    <ele>19.2</ele>
    <time>2026-09-23T10:12:18Z</time>
   </trkpt>
   <trkpt lat="22.7400350" lon="120.3318650">
    <ele>19.2</ele>
    <time>2026-09-23T10:12:19Z</time>
   </trkpt>
   <trkpt lat="22.7400210" lon="120.3318690">
    <ele>19.2</ele>
    <time>2026-09-23T10:12:20Z</time>
   </trkpt>
   <trkpt lat="22.7400110" lon="120.3318720">
    <ele>19.2</ele>
    <time>2026-09-23T10:12:21Z</time>
   </trkpt>
   <trkpt lat="22.7400050" lon="120.3318780">
    <ele>19.2</ele>
    <time>2026-09-23T10:12:22Z</time>
   </trkpt>
   <trkpt lat="22.7399950" lon="120.3318820">
    <ele>19.2</ele>
    <time>2026-09-23T10:12:23Z</time>
   </trkpt>
   <trkpt lat="22.7399800" lon="120.3318880">
    <ele>19.2</ele>
    <time>2026-09-23T10:12:24Z</time>
   </trkpt>
   <trkpt lat="22.7399700" lon="120.3318970">
    <ele>19.2</ele>
    <time>2026-09-23T10:12:25Z</time>
   </trkpt>
   <trkpt lat="22.7399650" lon="120.3319000">
    <ele>19.2</ele>
    <time>2026-09-23T10:12:26Z</time>
   </trkpt>
   <trkpt lat="22.7399630" lon="120.3318990">
    <ele>19.2</ele>
    <time>2026-09-23T10:12:27Z</time>
   </trkpt>
   <trkpt lat="22.7399380" lon="120.3318910">
    <ele>19.2</ele>
    <time>2026-09-23T10:12:28Z</time>
   </trkpt>
   <trkpt lat="22.7399320" lon="120.3319050">
    <ele>19.2</ele>
    <time>2026-09-23T10:12:29Z</time>
   </trkpt>
   <trkpt lat="22.7399240" lon="120.3319170">
    <ele>19.2</ele>
    <time>2026-09-23T10:12:30Z</time>
   </trkpt>
   <trkpt lat="22.7399200" lon="120.3319250">
    <ele>19.2</ele>
    <time>2026-09-23T10:12:31Z</time>
   </trkpt>
   <trkpt lat="22.7399140" lon="120.3319340">
    <ele>19.2</ele>
    <time>2026-09-23T10:12:32Z</time>
   </trkpt>
   <trkpt lat="22.7399080" lon="120.3319370">
    <ele>19.2</ele>
    <time>2026-09-23T10:12:33Z</time>
   </trkpt>
   <trkpt lat="22.7399040" lon="120.3319430">
    <ele>19.2</ele>
    <time>2026-09-23T10:12:34Z</time>
   </trkpt>
   <trkpt lat="22.7398990" lon="120.3319390">
    <ele>19.2</ele>
    <time>2026-09-23T10:12:35Z</time>
   </trkpt>
   <trkpt lat="22.7398910" lon="120.3319450">
    <ele>19.2</ele>
    <time>2026-09-23T10:12:36Z</time>
   </trkpt>
   <trkpt lat="22.7398790" lon="120.3319320">
    <ele>19.2</ele>
    <time>2026-09-23T10:12:37Z</time>
   </trkpt>
   <trkpt lat="22.7398680" lon="120.3319220">
    <ele>19.2</ele>
    <time>2026-09-23T10:12:38Z</time>
   </trkpt>
   <trkpt lat="22.7398630" lon="120.3319150">
    <ele>19.2</ele>
    <time>2026-09-23T10:12:39Z</time>
   </trkpt>
   <trkpt lat="22.7398620" lon="120.3319140">
    <ele>19.2</ele>
    <time>2026-09-23T10:12:40Z</time>
   </trkpt>
   <trkpt lat="22.7398500" lon="120.3318880">
    <ele>19.2</ele>
    <time>2026-09-23T10:12:41Z</time>
   </trkpt>
   <trkpt lat="22.7398440" lon="120.3318820">
    <ele>19.2</ele>
    <time>2026-09-23T10:12:42Z</time>
   </trkpt>
   <trkpt lat="22.7398330" lon="120.3318790">
    <ele>19.2</ele>
    <time>2026-09-23T10:12:43Z</time>
   </trkpt>
   <trkpt lat="22.7398300" lon="120.3318710">
    <ele>19.2</ele>
    <time>2026-09-23T10:12:44Z</time>
   </trkpt>
   <trkpt lat="22.7398260" lon="120.3318640">
    <ele>19.2</ele>
    <time>2026-09-23T10:12:45Z</time>
   </trkpt>
   <trkpt lat="22.7398290" lon="120.3318430">
    <ele>19.2</ele>
    <time>2026-09-23T10:12:46Z</time>
   </trkpt>
   <trkpt lat="22.7398380" lon="120.3318290">
    <ele>19.2</ele>
    <time>2026-09-23T10:12:47Z</time>
   </trkpt>
   <trkpt lat="22.7398480" lon="120.3318120">
    <ele>19.2</ele>
    <time>2026-09-23T10:12:48Z</time>
   </trkpt>
   <trkpt lat="22.7398600" lon="120.3317970">
    <ele>19.2</ele>
    <time>2026-09-23T10:12:49Z</time>
   </trkpt>
   <trkpt lat="22.7398730" lon="120.3317840">
    <ele>19.2</ele>
    <time>2026-09-23T10:12:50Z</time>
   </trkpt>
   <trkpt lat="22.7398830" lon="120.3317730">
    <ele>19.2</ele>
    <time>2026-09-23T10:12:51Z</time>
   </trkpt>
   <trkpt lat="22.7398910" lon="120.3317650">
    <ele>19.2</ele>
    <time>2026-09-23T10:12:52Z</time>
   </trkpt>
   <trkpt lat="22.7398990" lon="120.3317570">
    <ele>19.2</ele>
    <time>2026-09-23T10:12:53Z</time>
   </trkpt>
   <trkpt lat="22.7399040" lon="120.3317460">
    <ele>19.2</ele>
    <time>2026-09-23T10:12:54Z</time>
   </trkpt>
   <trkpt lat="22.7399130" lon="120.3317360">
    <ele>19.2</ele>
    <time>2026-09-23T10:12:55Z</time>
   </trkpt>
   <trkpt lat="22.7399250" lon="120.3317230">
    <ele>19.2</ele>
    <time>2026-09-23T10:12:56Z</time>
   </trkpt>
   <trkpt lat="22.7399350" lon="120.3317130">
    <ele>19.2</ele>
    <time>2026-09-23T10:12:57Z</time>
   </trkpt>
   <trkpt lat="22.7399380" lon="120.3317020">
    <ele>19.2</ele>
    <time>2026-09-23T10:12:58Z</time>
   </trkpt>
   <trkpt lat="22.7399470" lon="120.3316990">
    <ele>19.2</ele>
    <time>2026-09-23T10:12:59Z</time>
   </trkpt>
   <trkpt lat="22.7399540" lon="120.3316950">
    <ele>19.2</ele>
    <time>2026-09-23T10:13:00Z</time>
   </trkpt>
   <trkpt lat="22.7399570" lon="120.3316860">
    <ele>19.2</ele>
    <time>2026-09-23T10:13:01Z</time>
   </trkpt>
   <trkpt lat="22.7399650" lon="120.3316750">
    <ele>19.2</ele>
    <time>2026-09-23T10:13:02Z</time>
   </trkpt>
   <trkpt lat="22.7399660" lon="120.3316620">
    <ele>19.2</ele>
    <time>2026-09-23T10:13:03Z</time>
   </trkpt>
   <trkpt lat="22.7399790" lon="120.3316500">
    <ele>19.2</ele>
    <time>2026-09-23T10:13:04Z</time>
   </trkpt>
   <trkpt lat="22.7399770" lon="120.3316290">
    <ele>19.2</ele>
    <time>2026-09-23T10:13:05Z</time>
   </trkpt>
   <trkpt lat="22.7399820" lon="120.3316100">
    <ele>19.2</ele>
    <time>2026-09-23T10:13:06Z</time>
   </trkpt>
   <trkpt lat="22.7399900" lon="120.3315960">
    <ele>19.2</ele>
    <time>2026-09-23T10:13:07Z</time>
   </trkpt>
   <trkpt lat="22.7399930" lon="120.3315850">
    <ele>19.2</ele>
    <time>2026-09-23T10:13:08Z</time>
   </trkpt>
   <trkpt lat="22.7399990" lon="120.3315770">
    <ele>19.2</ele>
    <time>2026-09-23T10:13:09Z</time>
   </trkpt>
   <trkpt lat="22.7400070" lon="120.3315740">
    <ele>19.2</ele>
    <time>2026-09-23T10:13:10Z</time>
   </trkpt>
   <trkpt lat="22.7400120" lon="120.3315770">
    <ele>19.2</ele>
    <time>2026-09-23T10:13:11Z</time>
   </trkpt>
   <trkpt lat="22.7400320" lon="120.3315830">
    <ele>19.2</ele>
    <time>2026-09-23T10:13:12Z</time>
   </trkpt>
   <trkpt lat="22.7400340" lon="120.3315860">
    <ele>19.2</ele>
    <time>2026-09-23T10:13:13Z</time>
   </trkpt>
   <trkpt lat="22.7400230" lon="120.3315880">
    <ele>19.2</ele>
    <time>2026-09-23T10:13:14Z</time>
   </trkpt>
   <trkpt lat="22.7400190" lon="120.3315960">
    <ele>19.2</ele>
    <time>2026-09-23T10:13:16Z</time>
   </trkpt>
   <trkpt lat="22.7400130" lon="120.3316000">
    <ele>19.2</ele>
    <time>2026-09-23T10:13:17Z</time>
   </trkpt>
   <trkpt lat="22.7400160" lon="120.3315810">
    <ele>19.2</ele>
    <time>2026-09-23T10:13:18Z</time>
   </trkpt>
   <trkpt lat="22.7400180" lon="120.3315780">
    <ele>19.2</ele>
    <time>2026-09-23T10:13:19Z</time>
   </trkpt>
   <trkpt lat="22.7400060" lon="120.3315840">
    <ele>19.2</ele>
    <time>2026-09-23T10:13:20Z</time>
   </trkpt>
   <trkpt lat="22.7400050" lon="120.3315980">
    <ele>19.2</ele>
    <time>2026-09-23T10:13:21Z</time>
   </trkpt>
   <trkpt lat="22.7400050" lon="120.3316040">
    <ele>19.2</ele>
    <time>2026-09-23T10:13:22Z</time>
   </trkpt>
   <trkpt lat="22.7399770" lon="120.3316340">
    <ele>19.2</ele>
    <time>2026-09-23T10:13:28Z</time>
   </trkpt>
   <trkpt lat="22.7399820" lon="120.3316170">
    <ele>19.2</ele>
    <time>2026-09-23T10:13:29Z</time>
   </trkpt>
   <trkpt lat="22.7399750" lon="120.3316210">
    <ele>19.2</ele>
    <time>2026-09-23T10:13:30Z</time>
   </trkpt>
   <trkpt lat="22.7399720" lon="120.3316320">
    <ele>19.2</ele>
    <time>2026-09-23T10:13:31Z</time>
   </trkpt>
   <trkpt lat="22.7399760" lon="120.3316370">
    <ele>19.2</ele>
    <time>2026-09-23T10:13:32Z</time>
   </trkpt>
   <trkpt lat="22.7399730" lon="120.3316430">
    <ele>19.2</ele>
    <time>2026-09-23T10:13:33Z</time>
   </trkpt>
   <trkpt lat="22.7399590" lon="120.3316370">
    <ele>19.2</ele>
    <time>2026-09-23T10:13:34Z</time>
   </trkpt>
   <trkpt lat="22.7399490" lon="120.3316410">
    <ele>19.2</ele>
    <time>2026-09-23T10:13:35Z</time>
   </trkpt>
   <trkpt lat="22.7399450" lon="120.3316400">
    <ele>19.2</ele>
    <time>2026-09-23T10:13:36Z</time>
   </trkpt>
   <trkpt lat="22.7399330" lon="120.3316470">
    <ele>19.2</ele>
    <time>2026-09-23T10:13:37Z</time>
   </trkpt>
   <trkpt lat="22.7399200" lon="120.3316550">
    <ele>19.2</ele>
    <time>2026-09-23T10:13:38Z</time>
   </trkpt>
   <trkpt lat="22.7399180" lon="120.3316820">
    <ele>19.2</ele>
    <time>2026-09-23T10:13:39Z</time>
   </trkpt>
   <trkpt lat="22.7399180" lon="120.3317070">
    <ele>19.2</ele>
    <time>2026-09-23T10:13:40Z</time>
   </trkpt>
   <trkpt lat="22.7399100" lon="120.3317170">
    <ele>19.2</ele>
    <time>2026-09-23T10:13:41Z</time>
   </trkpt>
   <trkpt lat="22.7399160" lon="120.3317120">
    <ele>19.2</ele>
    <time>2026-09-23T10:13:42Z</time>
   </trkpt>
   <trkpt lat="22.7399200" lon="120.3317190">
    <ele>19.2</ele>
    <time>2026-09-23T10:13:43Z</time>
   </trkpt>
   <trkpt lat="22.7399180" lon="120.3317130">
    <ele>19.2</ele>
    <time>2026-09-23T10:13:44Z</time>
   </trkpt>
   <trkpt lat="22.7399150" lon="120.3317210">
    <ele>19.2</ele>
    <time>2026-09-23T10:13:45Z</time>
   </trkpt>
   <trkpt lat="22.7399180" lon="120.3317200">
    <ele>19.2</ele>
    <time>2026-09-23T10:13:46Z</time>
   </trkpt>
   <trkpt lat="22.7399240" lon="120.3317260">
    <ele>19.2</ele>
    <time>2026-09-23T10:13:47Z</time>
   </trkpt>
   <trkpt lat="22.7399120" lon="120.3317420">
    <ele>19.2</ele>
    <time>2026-09-23T10:13:48Z</time>
   </trkpt>
   <trkpt lat="22.7399010" lon="120.3317510">
    <ele>19.2</ele>
    <time>2026-09-23T10:13:49Z</time>
   </trkpt>
   <trkpt lat="22.7398960" lon="120.3317610">
    <ele>19.2</ele>
    <time>2026-09-23T10:13:50Z</time>
   </trkpt>
   <trkpt lat="22.7398950" lon="120.3317660">
    <ele>19.2</ele>
    <time>2026-09-23T10:13:51Z</time>
   </trkpt>
   <trkpt lat="22.7398930" lon="120.3317690">
    <ele>19.2</ele>
    <time>2026-09-23T10:13:52Z</time>
   </trkpt>
   <trkpt lat="22.7398890" lon="120.3317710">
    <ele>19.2</ele>
    <time>2026-09-23T10:13:53Z</time>
   </trkpt>
   <trkpt lat="22.7398820" lon="120.3317760">
    <ele>19.2</ele>
    <time>2026-09-23T10:13:54Z</time>
   </trkpt>
   <trkpt lat="22.7398770" lon="120.3317870">
    <ele>19.2</ele>
    <time>2026-09-23T10:13:55Z</time>
   </trkpt>
   <trkpt lat="22.7398790" lon="120.3317880">
    <ele>19.2</ele>
    <time>2026-09-23T10:13:56Z</time>
   </trkpt>
   <trkpt lat="22.7398730" lon="120.3317920">
    <ele>19.2</ele>
    <time>2026-09-23T10:13:57Z</time>
   </trkpt>
   <trkpt lat="22.7398640" lon="120.3317910">
    <ele>19.2</ele>
    <time>2026-09-23T10:13:58Z</time>
   </trkpt>
   <trkpt lat="22.7398600" lon="120.3317930">
    <ele>19.2</ele>
    <time>2026-09-23T10:13:59Z</time>
   </trkpt>
   <trkpt lat="22.7398560" lon="120.3318230">
    <ele>19.2</ele>
    <time>2026-09-23T10:14:01Z</time>
   </trkpt>
   <trkpt lat="22.7398530" lon="120.3318290">
    <ele>19.2</ele>
    <time>2026-09-23T10:14:02Z</time>
   </trkpt>
   <trkpt lat="22.7398510" lon="120.3318390">
    <ele>19.2</ele>
    <time>2026-09-23T10:14:03Z</time>
   </trkpt>
   <trkpt lat="22.7398520" lon="120.3318500">
    <ele>19.2</ele>
    <time>2026-09-23T10:14:04Z</time>
   </trkpt>
   <trkpt lat="22.7398550" lon="120.3318560">
    <ele>19.2</ele>
    <time>2026-09-23T10:14:05Z</time>
   </trkpt>
   <trkpt lat="22.7398540" lon="120.3318620">
    <ele>19.2</ele>
    <time>2026-09-23T10:14:06Z</time>
   </trkpt>
   <trkpt lat="22.7398540" lon="120.3318650">
    <ele>19.2</ele>
    <time>2026-09-23T10:14:07Z</time>
   </trkpt>
   <trkpt lat="22.7398610" lon="120.3318770">
    <ele>19.2</ele>
    <time>2026-09-23T10:14:08Z</time>
   </trkpt>
   <trkpt lat="22.7398620" lon="120.3318880">
    <ele>19.2</ele>
    <time>2026-09-23T10:14:09Z</time>
   </trkpt>
   <trkpt lat="22.7398710" lon="120.3318990">
    <ele>19.2</ele>
    <time>2026-09-23T10:14:10Z</time>
   </trkpt>
   <trkpt lat="22.7398770" lon="120.3319120">
    <ele>19.2</ele>
    <time>2026-09-23T10:14:11Z</time>
   </trkpt>
   <trkpt lat="22.7398850" lon="120.3319260">
    <ele>19.2</ele>
    <time>2026-09-23T10:14:12Z</time>
   </trkpt>
   <trkpt lat="22.7398910" lon="120.3319350">
    <ele>19.2</ele>
    <time>2026-09-23T10:14:13Z</time>
   </trkpt>
   <trkpt lat="22.7398940" lon="120.3319460">
    <ele>19.2</ele>
    <time>2026-09-23T10:14:14Z</time>
   </trkpt>
   <trkpt lat="22.7398970" lon="120.3319560">
    <ele>19.2</ele>
    <time>2026-09-23T10:14:15Z</time>
   </trkpt>
   <trkpt lat="22.7399020" lon="120.3319660">
    <ele>19.2</ele>
    <time>2026-09-23T10:14:16Z</time>
   </trkpt>
   <trkpt lat="22.7399040" lon="120.3319750">
    <ele>19.2</ele>
    <time>2026-09-23T10:14:17Z</time>
   </trkpt>
   <trkpt lat="22.7399000" lon="120.3319850">
    <ele>19.2</ele>
    <time>2026-09-23T10:14:18Z</time>
   </trkpt>
   <trkpt lat="22.7399030" lon="120.3319980">
    <ele>19.2</ele>
    <time>2026-09-23T10:14:19Z</time>
   </trkpt>
   <trkpt lat="22.7398970" lon="120.3320140">
    <ele>19.2</ele>
    <time>2026-09-23T10:14:20Z</time>
   </trkpt>
   <trkpt lat="22.7398970" lon="120.3320310">
    <ele>19.2</ele>
    <time>2026-09-23T10:14:21Z</time>
   </trkpt>
   <trkpt lat="22.7398930" lon="120.3320480">
    <ele>19.2</ele>
    <time>2026-09-23T10:14:22Z</time>
   </trkpt>
   <trkpt lat="22.7398820" lon="120.3320610">
    <ele>19.2</ele>
    <time>2026-09-23T10:14:23Z</time>
   </trkpt>
   <trkpt lat="22.7398690" lon="120.3320670">
    <ele>19.2</ele>
    <time>2026-09-23T10:14:24Z</time>
   </trkpt>
   <trkpt lat="22.7398620" lon="120.3320630">
    <ele>19.2</ele>
    <time>2026-09-23T10:14:25Z</time>
   </trkpt>
   <trkpt lat="22.7398620" lon="120.3320680">
    <ele>19.2</ele>
    <time>2026-09-23T10:14:26Z</time>
   </trkpt>
   <trkpt lat="22.7398560" lon="120.3320710">
    <ele>19.2</ele>
    <time>2026-09-23T10:14:27Z</time>
   </trkpt>
   <trkpt lat="22.7398540" lon="120.3320790">
    <ele>19.2</ele>
    <time>2026-09-23T10:14:28Z</time>
   </trkpt>
   <trkpt lat="22.7398430" lon="120.3320930">
    <ele>19.2</ele>
    <time>2026-09-23T10:14:29Z</time>
   </trkpt>
   <trkpt lat="22.7398340" lon="120.3321060">
    <ele>19.2</ele>
    <time>2026-09-23T10:14:30Z</time>
   </trkpt>
   <trkpt lat="22.7398280" lon="120.3321090">
    <ele>19.2</ele>
    <time>2026-09-23T10:14:31Z</time>
   </trkpt>
   <trkpt lat="22.7398250" lon="120.3321140">
    <ele>19.2</ele>
    <time>2026-09-23T10:14:32Z</time>
   </trkpt>
   <trkpt lat="22.7398220" lon="120.3321220">
    <ele>19.2</ele>
    <time>2026-09-23T10:14:33Z</time>
   </trkpt>
   <trkpt lat="22.7398170" lon="120.3321330">
    <ele>19.2</ele>
    <time>2026-09-23T10:14:34Z</time>
   </trkpt>
   <trkpt lat="22.7398100" lon="120.3321550">
    <ele>19.2</ele>
    <time>2026-09-23T10:14:35Z</time>
   </trkpt>
   <trkpt lat="22.7397990" lon="120.3321710">
    <ele>19.2</ele>
    <time>2026-09-23T10:14:36Z</time>
   </trkpt>
   <trkpt lat="22.7397940" lon="120.3321780">
    <ele>19.2</ele>
    <time>2026-09-23T10:14:37Z</time>
   </trkpt>
   <trkpt lat="22.7397880" lon="120.3321920">
    <ele>19.2</ele>
    <time>2026-09-23T10:14:38Z</time>
   </trkpt>
   <trkpt lat="22.7397800" lon="120.3322010">
    <ele>19.3</ele>
    <time>2026-09-23T10:14:39Z</time>
   </trkpt>
   <trkpt lat="22.7397750" lon="120.3322170">
    <ele>19.3</ele>
    <time>2026-09-23T10:14:40Z</time>
   </trkpt>
   <trkpt lat="22.7397670" lon="120.3322350">
    <ele>19.3</ele>
    <time>2026-09-23T10:14:41Z</time>
   </trkpt>
   <trkpt lat="22.7397620" lon="120.3322430">
    <ele>19.3</ele>
    <time>2026-09-23T10:14:42Z</time>
   </trkpt>
   <trkpt lat="22.7397560" lon="120.3322440">
    <ele>19.3</ele>
    <time>2026-09-23T10:14:43Z</time>
   </trkpt>
   <trkpt lat="22.7397540" lon="120.3322470">
    <ele>19.3</ele>
    <time>2026-09-23T10:14:44Z</time>
   </trkpt>
   <trkpt lat="22.7397460" lon="120.3322550">
    <ele>19.3</ele>
    <time>2026-09-23T10:14:45Z</time>
   </trkpt>
   <trkpt lat="22.7397400" lon="120.3322670">
    <ele>19.3</ele>
    <time>2026-09-23T10:14:46Z</time>
   </trkpt>
   <trkpt lat="22.7397260" lon="120.3322750">
    <ele>19.3</ele>
    <time>2026-09-23T10:14:47Z</time>
   </trkpt>
   <trkpt lat="22.7397160" lon="120.3322770">
    <ele>19.3</ele>
    <time>2026-09-23T10:14:48Z</time>
   </trkpt>
   <trkpt lat="22.7397100" lon="120.3322840">
    <ele>19.3</ele>
    <time>2026-09-23T10:14:49Z</time>
   </trkpt>
   <trkpt lat="22.7397040" lon="120.3322890">
    <ele>19.3</ele>
    <time>2026-09-23T10:14:50Z</time>
   </trkpt>
   <trkpt lat="22.7396930" lon="120.3323020">
    <ele>19.3</ele>
    <time>2026-09-23T10:14:51Z</time>
   </trkpt>
   <trkpt lat="22.7396930" lon="120.3323080">
    <ele>19.3</ele>
    <time>2026-09-23T10:14:52Z</time>
   </trkpt>
   <trkpt lat="22.7396950" lon="120.3323110">
    <ele>19.3</ele>
    <time>2026-09-23T10:14:53Z</time>
   </trkpt>
   <trkpt lat="22.7396970" lon="120.3323140">
    <ele>19.3</ele>
    <time>2026-09-23T10:14:54Z</time>
   </trkpt>
   <trkpt lat="22.7397040" lon="120.3323170">
    <ele>19.3</ele>
    <time>2026-09-23T10:14:55Z</time>
   </trkpt>
   <trkpt lat="22.7397040" lon="120.3323210">
    <ele>19.3</ele>
    <time>2026-09-23T10:14:56Z</time>
   </trkpt>
   <trkpt lat="22.7396990" lon="120.3323270">
    <ele>19.3</ele>
    <time>2026-09-23T10:14:57Z</time>
   </trkpt>
   <trkpt lat="22.7396850" lon="120.3323360">
    <ele>19.3</ele>
    <time>2026-09-23T10:14:58Z</time>
   </trkpt>
   <trkpt lat="22.7396760" lon="120.3323390">
    <ele>19.3</ele>
    <time>2026-09-23T10:14:59Z</time>
   </trkpt>
   <trkpt lat="22.7396770" lon="120.3323520">
    <ele>19.3</ele>
    <time>2026-09-23T10:15:00Z</time>
   </trkpt>
   <trkpt lat="22.7396780" lon="120.3323590">
    <ele>19.3</ele>
    <time>2026-09-23T10:15:01Z</time>
   </trkpt>
   <trkpt lat="22.7396740" lon="120.3323660">
    <ele>19.4</ele>
    <time>2026-09-23T10:15:02Z</time>
   </trkpt>
   <trkpt lat="22.7396630" lon="120.3323760">
    <ele>19.4</ele>
    <time>2026-09-23T10:15:03Z</time>
   </trkpt>
   <trkpt lat="22.7396570" lon="120.3323840">
    <ele>19.4</ele>
    <time>2026-09-23T10:15:04Z</time>
   </trkpt>
   <trkpt lat="22.7396510" lon="120.3323890">
    <ele>19.4</ele>
    <time>2026-09-23T10:15:05Z</time>
   </trkpt>
   <trkpt lat="22.7396450" lon="120.3323910">
    <ele>19.4</ele>
    <time>2026-09-23T10:15:06Z</time>
   </trkpt>
   <trkpt lat="22.7396380" lon="120.3323940">
    <ele>19.4</ele>
    <time>2026-09-23T10:15:08Z</time>
   </trkpt>
   <trkpt lat="22.7396270" lon="120.3323960">
    <ele>19.4</ele>
    <time>2026-09-23T10:15:09Z</time>
   </trkpt>
   <trkpt lat="22.7396180" lon="120.3323900">
    <ele>19.4</ele>
    <time>2026-09-23T10:15:10Z</time>
   </trkpt>
   <trkpt lat="22.7396060" lon="120.3323810">
    <ele>19.4</ele>
    <time>2026-09-23T10:15:11Z</time>
   </trkpt>
   <trkpt lat="22.7396020" lon="120.3323770">
    <ele>19.4</ele>
    <time>2026-09-23T10:15:12Z</time>
   </trkpt>
   <trkpt lat="22.7396040" lon="120.3323740">
    <ele>19.4</ele>
    <time>2026-09-23T10:15:13Z</time>
   </trkpt>
   <trkpt lat="22.7396060" lon="120.3323630">
    <ele>19.4</ele>
    <time>2026-09-23T10:15:14Z</time>
   </trkpt>
   <trkpt lat="22.7396000" lon="120.3323480">
    <ele>19.4</ele>
    <time>2026-09-23T10:15:15Z</time>
   </trkpt>
   <trkpt lat="22.7395940" lon="120.3323420">
    <ele>19.4</ele>
    <time>2026-09-23T10:15:16Z</time>
   </trkpt>
   <trkpt lat="22.7395900" lon="120.3323350">
    <ele>19.4</ele>
    <time>2026-09-23T10:15:17Z</time>
   </trkpt>
   <trkpt lat="22.7395850" lon="120.3323300">
    <ele>19.5</ele>
    <time>2026-09-23T10:15:18Z</time>
   </trkpt>
   <trkpt lat="22.7395750" lon="120.3323190">
    <ele>19.5</ele>
    <time>2026-09-23T10:15:19Z</time>
   </trkpt>
   <trkpt lat="22.7395710" lon="120.3323100">
    <ele>19.5</ele>
    <time>2026-09-23T10:15:20Z</time>
   </trkpt>
   <trkpt lat="22.7395660" lon="120.3323040">
    <ele>19.5</ele>
    <time>2026-09-23T10:15:21Z</time>
   </trkpt>
   <trkpt lat="22.7395560" lon="120.3322920">
    <ele>19.5</ele>
    <time>2026-09-23T10:15:22Z</time>
   </trkpt>
   <trkpt lat="22.7395540" lon="120.3322840">
    <ele>19.5</ele>
    <time>2026-09-23T10:15:23Z</time>
   </trkpt>
   <trkpt lat="22.7395500" lon="120.3322800">
    <ele>19.5</ele>
    <time>2026-09-23T10:15:24Z</time>
   </trkpt>
   <trkpt lat="22.7395470" lon="120.3322740">
    <ele>19.5</ele>
    <time>2026-09-23T10:15:25Z</time>
   </trkpt>
   <trkpt lat="22.7395420" lon="120.3322610">
    <ele>19.5</ele>
    <time>2026-09-23T10:15:26Z</time>
   </trkpt>
   <trkpt lat="22.7395360" lon="120.3322510">
    <ele>19.5</ele>
    <time>2026-09-23T10:15:27Z</time>
   </trkpt>
   <trkpt lat="22.7395340" lon="120.3322380">
    <ele>19.5</ele>
    <time>2026-09-23T10:15:28Z</time>
   </trkpt>
   <trkpt lat="22.7395330" lon="120.3322300">
    <ele>19.5</ele>
    <time>2026-09-23T10:15:29Z</time>
   </trkpt>
   <trkpt lat="22.7395210" lon="120.3322210">
    <ele>19.5</ele>
    <time>2026-09-23T10:15:30Z</time>
   </trkpt>
   <trkpt lat="22.7395080" lon="120.3322070">
    <ele>19.6</ele>
    <time>2026-09-23T10:15:31Z</time>
   </trkpt>
   <trkpt lat="22.7394990" lon="120.3322000">
    <ele>19.6</ele>
    <time>2026-09-23T10:15:32Z</time>
   </trkpt>
   <trkpt lat="22.7394920" lon="120.3321920">
    <ele>19.6</ele>
    <time>2026-09-23T10:15:33Z</time>
   </trkpt>
   <trkpt lat="22.7394880" lon="120.3321800">
    <ele>19.6</ele>
    <time>2026-09-23T10:15:34Z</time>
   </trkpt>
   <trkpt lat="22.7394850" lon="120.3321700">
    <ele>19.6</ele>
    <time>2026-09-23T10:15:35Z</time>
   </trkpt>
   <trkpt lat="22.7394830" lon="120.3321580">
    <ele>19.6</ele>
    <time>2026-09-23T10:15:36Z</time>
   </trkpt>
   <trkpt lat="22.7394780" lon="120.3321490">
    <ele>19.6</ele>
    <time>2026-09-23T10:15:37Z</time>
   </trkpt>
   <trkpt lat="22.7394760" lon="120.3321370">
    <ele>19.6</ele>
    <time>2026-09-23T10:15:38Z</time>
   </trkpt>
   <trkpt lat="22.7394710" lon="120.3321250">
    <ele>19.6</ele>
    <time>2026-09-23T10:15:39Z</time>
   </trkpt>
   <trkpt lat="22.7394640" lon="120.3321150">
    <ele>19.7</ele>
    <time>2026-09-23T10:15:40Z</time>
   </trkpt>
   <trkpt lat="22.7394560" lon="120.3321090">
    <ele>19.7</ele>
    <time>2026-09-23T10:15:41Z</time>
   </trkpt>
   <trkpt lat="22.7394450" lon="120.3320940">
    <ele>19.7</ele>
    <time>2026-09-23T10:15:42Z</time>
   </trkpt>
   <trkpt lat="22.7394300" lon="120.3320830">
    <ele>19.7</ele>
    <time>2026-09-23T10:15:43Z</time>
   </trkpt>
   <trkpt lat="22.7394230" lon="120.3320720">
    <ele>19.7</ele>
    <time>2026-09-23T10:15:44Z</time>
   </trkpt>
   <trkpt lat="22.7394180" lon="120.3320600">
    <ele>19.7</ele>
    <time>2026-09-23T10:15:45Z</time>
   </trkpt>
   <trkpt lat="22.7394150" lon="120.3320490">
    <ele>19.7</ele>
    <time>2026-09-23T10:15:46Z</time>
   </trkpt>
   <trkpt lat="22.7394120" lon="120.3320410">
    <ele>19.8</ele>
    <time>2026-09-23T10:15:47Z</time>
   </trkpt>
   <trkpt lat="22.7394090" lon="120.3320320">
    <ele>19.8</ele>
    <time>2026-09-23T10:15:48Z</time>
   </trkpt>
   <trkpt lat="22.7394030" lon="120.3320170">
    <ele>19.8</ele>
    <time>2026-09-23T10:15:49Z</time>
   </trkpt>
   <trkpt lat="22.7393970" lon="120.3320100">
    <ele>19.8</ele>
    <time>2026-09-23T10:15:50Z</time>
   </trkpt>
   <trkpt lat="22.7393970" lon="120.3320060">
    <ele>19.8</ele>
    <time>2026-09-23T10:15:51Z</time>
   </trkpt>
   <trkpt lat="22.7393980" lon="120.3320070">
    <ele>19.8</ele>
    <time>2026-09-23T10:15:52Z</time>
   </trkpt>
   <trkpt lat="22.7393910" lon="120.3319910">
    <ele>19.8</ele>
    <time>2026-09-23T10:15:53Z</time>
   </trkpt>
   <trkpt lat="22.7393850" lon="120.3319880">
    <ele>19.8</ele>
    <time>2026-09-23T10:15:54Z</time>
   </trkpt>
   <trkpt lat="22.7393850" lon="120.3319880">
    <ele>19.8</ele>
    <time>2026-09-23T10:15:55Z</time>
   </trkpt>
   <trkpt lat="22.7393860" lon="120.3319850">
    <ele>19.8</ele>
    <time>2026-09-23T10:15:56Z</time>
   </trkpt>
   <trkpt lat="22.7393880" lon="120.3319880">
    <ele>19.8</ele>
    <time>2026-09-23T10:15:57Z</time>
   </trkpt>
   <trkpt lat="22.7393910" lon="120.3319850">
    <ele>19.8</ele>
    <time>2026-09-23T10:15:58Z</time>
   </trkpt>
   <trkpt lat="22.7393360" lon="120.3319880">
    <ele>19.9</ele>
    <time>2026-09-23T10:16:07Z</time>
   </trkpt>
   <trkpt lat="22.7393330" lon="120.3319800">
    <ele>19.9</ele>
    <time>2026-09-23T10:16:08Z</time>
   </trkpt>
   <trkpt lat="22.7393280" lon="120.3319820">
    <ele>19.9</ele>
    <time>2026-09-23T10:16:09Z</time>
   </trkpt>
   <trkpt lat="22.7393290" lon="120.3319810">
    <ele>19.9</ele>
    <time>2026-09-23T10:16:10Z</time>
   </trkpt>
   <trkpt lat="22.7393270" lon="120.3319790">
    <ele>19.9</ele>
    <time>2026-09-23T10:16:11Z</time>
   </trkpt>
   <trkpt lat="22.7393290" lon="120.3319800">
    <ele>19.9</ele>
    <time>2026-09-23T10:16:12Z</time>
   </trkpt>
   <trkpt lat="22.7393280" lon="120.3319760">
    <ele>19.9</ele>
    <time>2026-09-23T10:16:13Z</time>
   </trkpt>
   <trkpt lat="22.7393270" lon="120.3319770">
    <ele>19.9</ele>
    <time>2026-09-23T10:16:14Z</time>
   </trkpt>
   <trkpt lat="22.7393150" lon="120.3319770">
    <ele>19.9</ele>
    <time>2026-09-23T10:16:15Z</time>
   </trkpt>
   <trkpt lat="22.7393020" lon="120.3319640">
    <ele>19.9</ele>
    <time>2026-09-23T10:16:16Z</time>
   </trkpt>
   <trkpt lat="22.7392950" lon="120.3319600">
    <ele>19.9</ele>
    <time>2026-09-23T10:16:17Z</time>
   </trkpt>
   <trkpt lat="22.7392910" lon="120.3319640">
    <ele>19.9</ele>
    <time>2026-09-23T10:16:18Z</time>
   </trkpt>
   <trkpt lat="22.7392800" lon="120.3319700">
    <ele>19.9</ele>
    <time>2026-09-23T10:16:19Z</time>
   </trkpt>
   <trkpt lat="22.7392660" lon="120.3319660">
    <ele>19.9</ele>
    <time>2026-09-23T10:16:20Z</time>
   </trkpt>
   <trkpt lat="22.7392570" lon="120.3319640">
    <ele>19.9</ele>
    <time>2026-09-23T10:16:21Z</time>
   </trkpt>
   <trkpt lat="22.7392470" lon="120.3319570">
    <ele>20.0</ele>
    <time>2026-09-23T10:16:22Z</time>
   </trkpt>
   <trkpt lat="22.7392390" lon="120.3319500">
    <ele>20.0</ele>
    <time>2026-09-23T10:16:23Z</time>
   </trkpt>
   <trkpt lat="22.7392350" lon="120.3319370">
    <ele>20.0</ele>
    <time>2026-09-23T10:16:24Z</time>
   </trkpt>
   <trkpt lat="22.7392390" lon="120.3319240">
    <ele>20.0</ele>
    <time>2026-09-23T10:16:25Z</time>
   </trkpt>
   <trkpt lat="22.7392380" lon="120.3319230">
    <ele>20.0</ele>
    <time>2026-09-23T10:16:26Z</time>
   </trkpt>
   <trkpt lat="22.7392320" lon="120.3319220">
    <ele>20.0</ele>
    <time>2026-09-23T10:16:27Z</time>
   </trkpt>
   <trkpt lat="22.7392200" lon="120.3319180">
    <ele>20.0</ele>
    <time>2026-09-23T10:16:28Z</time>
   </trkpt>
   <trkpt lat="22.7392140" lon="120.3319150">
    <ele>20.0</ele>
    <time>2026-09-23T10:16:29Z</time>
   </trkpt>
   <trkpt lat="22.7392070" lon="120.3319160">
    <ele>20.0</ele>
    <time>2026-09-23T10:16:30Z</time>
   </trkpt>
   <trkpt lat="22.7391950" lon="120.3319190">
    <ele>20.0</ele>
    <time>2026-09-23T10:16:31Z</time>
   </trkpt>
   <trkpt lat="22.7391840" lon="120.3319190">
    <ele>20.0</ele>
    <time>2026-09-23T10:16:32Z</time>
   </trkpt>
   <trkpt lat="22.7391690" lon="120.3319140">
    <ele>20.0</ele>
    <time>2026-09-23T10:16:33Z</time>
   </trkpt>
   <trkpt lat="22.7391580" lon="120.3319130">
    <ele>20.0</ele>
    <time>2026-09-23T10:16:34Z</time>
   </trkpt>
   <trkpt lat="22.7391210" lon="120.3317920">
    <ele>20.0</ele>
    <time>2026-09-23T10:16:48Z</time>
   </trkpt>
   <trkpt lat="22.7391330" lon="120.3317710">
    <ele>19.9</ele>
    <time>2026-09-23T10:16:49Z</time>
   </trkpt>
   <trkpt lat="22.7391400" lon="120.3317690">
    <ele>19.9</ele>
    <time>2026-09-23T10:16:50Z</time>
   </trkpt>
   <trkpt lat="22.7391490" lon="120.3317580">
    <ele>19.9</ele>
    <time>2026-09-23T10:16:51Z</time>
   </trkpt>
   <trkpt lat="22.7391540" lon="120.3317520">
    <ele>19.9</ele>
    <time>2026-09-23T10:16:52Z</time>
   </trkpt>
   <trkpt lat="22.7391650" lon="120.3317360">
    <ele>19.9</ele>
    <time>2026-09-23T10:16:53Z</time>
   </trkpt>
   <trkpt lat="22.7391720" lon="120.3317290">
    <ele>19.8</ele>
    <time>2026-09-23T10:16:54Z</time>
   </trkpt>
   <trkpt lat="22.7391750" lon="120.3317180">
    <ele>19.8</ele>
    <time>2026-09-23T10:16:55Z</time>
   </trkpt>
   <trkpt lat="22.7391800" lon="120.3317110">
    <ele>19.8</ele>
    <time>2026-09-23T10:16:56Z</time>
   </trkpt>
   <trkpt lat="22.7391840" lon="120.3317050">
    <ele>19.8</ele>
    <time>2026-09-23T10:16:57Z</time>
   </trkpt>
   <trkpt lat="22.7391930" lon="120.3316940">
    <ele>19.8</ele>
    <time>2026-09-23T10:16:58Z</time>
   </trkpt>
   <trkpt lat="22.7391970" lon="120.3316810">
    <ele>19.8</ele>
    <time>2026-09-23T10:16:59Z</time>
   </trkpt>
   <trkpt lat="22.7392030" lon="120.3316720">
    <ele>19.7</ele>
    <time>2026-09-23T10:17:00Z</time>
   </trkpt>
   <trkpt lat="22.7392060" lon="120.3316630">
    <ele>19.7</ele>
    <time>2026-09-23T10:17:01Z</time>
   </trkpt>
   <trkpt lat="22.7392090" lon="120.3316500">
    <ele>19.7</ele>
    <time>2026-09-23T10:17:02Z</time>
   </trkpt>
   <trkpt lat="22.7392140" lon="120.3316430">
    <ele>19.7</ele>
    <time>2026-09-23T10:17:03Z</time>
   </trkpt>
   <trkpt lat="22.7392220" lon="120.3316350">
    <ele>19.7</ele>
    <time>2026-09-23T10:17:04Z</time>
   </trkpt>
   <trkpt lat="22.7392280" lon="120.3316190">
    <ele>19.7</ele>
    <time>2026-09-23T10:17:05Z</time>
   </trkpt>
   <trkpt lat="22.7392340" lon="120.3316100">
    <ele>19.7</ele>
    <time>2026-09-23T10:17:06Z</time>
   </trkpt>
   <trkpt lat="22.7392390" lon="120.3316020">
    <ele>19.7</ele>
    <time>2026-09-23T10:17:07Z</time>
   </trkpt>
   <trkpt lat="22.7392410" lon="120.3315900">
    <ele>19.6</ele>
    <time>2026-09-23T10:17:08Z</time>
   </trkpt>
   <trkpt lat="22.7392440" lon="120.3315770">
    <ele>19.6</ele>
    <time>2026-09-23T10:17:10Z</time>
   </trkpt>
   <trkpt lat="22.7392480" lon="120.3315600">
    <ele>19.6</ele>
    <time>2026-09-23T10:17:11Z</time>
   </trkpt>
   <trkpt lat="22.7392520" lon="120.3315450">
    <ele>19.6</ele>
    <time>2026-09-23T10:17:12Z</time>
   </trkpt>
   <trkpt lat="22.7392550" lon="120.3315320">
    <ele>19.6</ele>
    <time>2026-09-23T10:17:13Z</time>
   </trkpt>
   <trkpt lat="22.7392550" lon="120.3315270">
    <ele>19.6</ele>
    <time>2026-09-23T10:17:14Z</time>
   </trkpt>
   <trkpt lat="22.7392570" lon="120.3315220">
    <ele>19.6</ele>
    <time>2026-09-23T10:17:15Z</time>
   </trkpt>
   <trkpt lat="22.7392580" lon="120.3315150">
    <ele>19.6</ele>
    <time>2026-09-23T10:17:16Z</time>
   </trkpt>
   <trkpt lat="22.7392660" lon="120.3315110">
    <ele>19.6</ele>
    <time>2026-09-23T10:17:17Z</time>
   </trkpt>
   <trkpt lat="22.7392850" lon="120.3314700">
    <ele>19.5</ele>
    <time>2026-09-23T10:17:33Z</time>
   </trkpt>
   <trkpt lat="22.7392920" lon="120.3314620">
    <ele>19.5</ele>
    <time>2026-09-23T10:17:34Z</time>
   </trkpt>
   <trkpt lat="22.7392950" lon="120.3314490">
    <ele>19.5</ele>
    <time>2026-09-23T10:17:35Z</time>
   </trkpt>
   <trkpt lat="22.7392970" lon="120.3314410">
    <ele>19.5</ele>
    <time>2026-09-23T10:17:36Z</time>
   </trkpt>
   <trkpt lat="22.7393050" lon="120.3314300">
    <ele>19.5</ele>
    <time>2026-09-23T10:17:37Z</time>
   </trkpt>
   <trkpt lat="22.7393040" lon="120.3314320">
    <ele>19.5</ele>
    <time>2026-09-23T10:17:38Z</time>
   </trkpt>
   <trkpt lat="22.7393030" lon="120.3314270">
    <ele>19.5</ele>
    <time>2026-09-23T10:17:39Z</time>
   </trkpt>
   <trkpt lat="22.7393050" lon="120.3314200">
    <ele>19.5</ele>
    <time>2026-09-23T10:17:40Z</time>
   </trkpt>
   <trkpt lat="22.7393010" lon="120.3314120">
    <ele>19.5</ele>
    <time>2026-09-23T10:17:41Z</time>
   </trkpt>
   <trkpt lat="22.7392980" lon="120.3314140">
    <ele>19.5</ele>
    <time>2026-09-23T10:17:42Z</time>
   </trkpt>
   <trkpt lat="22.7393000" lon="120.3314110">
    <ele>19.5</ele>
    <time>2026-09-23T10:17:43Z</time>
   </trkpt>
   <trkpt lat="22.7393050" lon="120.3313940">
    <ele>19.5</ele>
    <time>2026-09-23T10:17:44Z</time>
   </trkpt>
   <trkpt lat="22.7393170" lon="120.3314000">
    <ele>19.5</ele>
    <time>2026-09-23T10:17:45Z</time>
   </trkpt>
   <trkpt lat="22.7393260" lon="120.3313930">
    <ele>19.5</ele>
    <time>2026-09-23T10:17:46Z</time>
   </trkpt>
   <trkpt lat="22.7393340" lon="120.3313810">
    <ele>19.5</ele>
    <time>2026-09-23T10:17:47Z</time>
   </trkpt>
   <trkpt lat="22.7393350" lon="120.3313770">
    <ele>19.5</ele>
    <time>2026-09-23T10:17:48Z</time>
   </trkpt>
   <trkpt lat="22.7393410" lon="120.3313600">
    <ele>19.5</ele>
    <time>2026-09-23T10:17:49Z</time>
   </trkpt>
   <trkpt lat="22.7393460" lon="120.3313500">
    <ele>19.5</ele>
    <time>2026-09-23T10:17:50Z</time>
   </trkpt>
   <trkpt lat="22.7393520" lon="120.3313470">
    <ele>19.4</ele>
    <time>2026-09-23T10:17:51Z</time>
   </trkpt>
   <trkpt lat="22.7393530" lon="120.3313430">
    <ele>19.4</ele>
    <time>2026-09-23T10:17:52Z</time>
   </trkpt>
   <trkpt lat="22.7393540" lon="120.3313350">
    <ele>19.4</ele>
    <time>2026-09-23T10:17:53Z</time>
   </trkpt>
   <trkpt lat="22.7393640" lon="120.3313290">
    <ele>19.4</ele>
    <time>2026-09-23T10:17:54Z</time>
   </trkpt>
   <trkpt lat="22.7393790" lon="120.3313410">
    <ele>19.4</ele>
    <time>2026-09-23T10:17:55Z</time>
   </trkpt>
   <trkpt lat="22.7393720" lon="120.3313420">
    <ele>19.4</ele>
    <time>2026-09-23T10:17:56Z</time>
   </trkpt>
   <trkpt lat="22.7393710" lon="120.3313260">
    <ele>19.4</ele>
    <time>2026-09-23T10:17:57Z</time>
   </trkpt>
   <trkpt lat="22.7393720" lon="120.3313160">
    <ele>19.4</ele>
    <time>2026-09-23T10:17:58Z</time>
   </trkpt>
   <trkpt lat="22.7393710" lon="120.3313140">
    <ele>19.4</ele>
    <time>2026-09-23T10:17:59Z</time>
   </trkpt>
   <trkpt lat="22.7393700" lon="120.3313030">
    <ele>19.4</ele>
    <time>2026-09-23T10:18:00Z</time>
   </trkpt>
   <trkpt lat="22.7393720" lon="120.3312950">
    <ele>19.4</ele>
    <time>2026-09-23T10:18:01Z</time>
   </trkpt>
   <trkpt lat="22.7393740" lon="120.3312860">
    <ele>19.4</ele>
    <time>2026-09-23T10:18:02Z</time>
   </trkpt>
   <trkpt lat="22.7393770" lon="120.3312770">
    <ele>19.4</ele>
    <time>2026-09-23T10:18:03Z</time>
   </trkpt>
   <trkpt lat="22.7393780" lon="120.3312670">
    <ele>19.4</ele>
    <time>2026-09-23T10:18:04Z</time>
   </trkpt>
   <trkpt lat="22.7393810" lon="120.3312570">
    <ele>19.4</ele>
    <time>2026-09-23T10:18:05Z</time>
   </trkpt>
   <trkpt lat="22.7393850" lon="120.3312470">
    <ele>19.4</ele>
    <time>2026-09-23T10:18:06Z</time>
   </trkpt>
   <trkpt lat="22.7393940" lon="120.3312390">
    <ele>19.3</ele>
    <time>2026-09-23T10:18:07Z</time>
   </trkpt>
   <trkpt lat="22.7393750" lon="120.3312210">
    <ele>19.3</ele>
    <time>2026-09-23T10:18:12Z</time>
   </trkpt>
   <trkpt lat="22.7393760" lon="120.3312050">
    <ele>19.3</ele>
    <time>2026-09-23T10:18:13Z</time>
   </trkpt>
   <trkpt lat="22.7393780" lon="120.3311900">
    <ele>19.3</ele>
    <time>2026-09-23T10:18:14Z</time>
   </trkpt>
   <trkpt lat="22.7393800" lon="120.3311930">
    <ele>19.3</ele>
    <time>2026-09-23T10:18:15Z</time>
   </trkpt>
   <trkpt lat="22.7393840" lon="120.3311850">
    <ele>19.3</ele>
    <time>2026-09-23T10:18:16Z</time>
   </trkpt>
   <trkpt lat="22.7393900" lon="120.3311700">
    <ele>19.3</ele>
    <time>2026-09-23T10:18:17Z</time>
   </trkpt>
   <trkpt lat="22.7394000" lon="120.3311600">
    <ele>19.3</ele>
    <time>2026-09-23T10:18:18Z</time>
   </trkpt>
   <trkpt lat="22.7394050" lon="120.3311470">
    <ele>19.3</ele>
    <time>2026-09-23T10:18:19Z</time>
   </trkpt>
   <trkpt lat="22.7394090" lon="120.3311440">
    <ele>19.3</ele>
    <time>2026-09-23T10:18:20Z</time>
   </trkpt>
   <trkpt lat="22.7394120" lon="120.3311370">
    <ele>19.3</ele>
    <time>2026-09-23T10:18:21Z</time>
   </trkpt>
   <trkpt lat="22.7394190" lon="120.3311300">
    <ele>19.3</ele>
    <time>2026-09-23T10:18:22Z</time>
   </trkpt>
   <trkpt lat="22.7394260" lon="120.3311270">
    <ele>19.2</ele>
    <time>2026-09-23T10:18:23Z</time>
   </trkpt>
   <trkpt lat="22.7394270" lon="120.3311120">
    <ele>19.2</ele>
    <time>2026-09-23T10:18:24Z</time>
   </trkpt>
   <trkpt lat="22.7394320" lon="120.3311040">
    <ele>19.2</ele>
    <time>2026-09-23T10:18:25Z</time>
   </trkpt>
   <trkpt lat="22.7394330" lon="120.3310980">
    <ele>19.2</ele>
    <time>2026-09-23T10:18:26Z</time>
   </trkpt>
   <trkpt lat="22.7394280" lon="120.3310930">
    <ele>19.2</ele>
    <time>2026-09-23T10:18:27Z</time>
   </trkpt>
   <trkpt lat="22.7394230" lon="120.3310890">
    <ele>19.2</ele>
    <time>2026-09-23T10:18:28Z</time>
   </trkpt>
   <trkpt lat="22.7394250" lon="120.3310840">
    <ele>19.2</ele>
    <time>2026-09-23T10:18:29Z</time>
   </trkpt>
   <trkpt lat="22.7394270" lon="120.3310790">
    <ele>19.2</ele>
    <time>2026-09-23T10:18:30Z</time>
   </trkpt>
   <trkpt lat="22.7394330" lon="120.3310700">
    <ele>19.2</ele>
    <time>2026-09-23T10:18:31Z</time>
   </trkpt>
   <trkpt lat="22.7394390" lon="120.3310650">
    <ele>19.2</ele>
    <time>2026-09-23T10:18:32Z</time>
   </trkpt>
   <trkpt lat="22.7394450" lon="120.3310610">
    <ele>19.2</ele>
    <time>2026-09-23T10:18:33Z</time>
   </trkpt>
   <trkpt lat="22.7394400" lon="120.3310580">
    <ele>19.2</ele>
    <time>2026-09-23T10:18:34Z</time>
   </trkpt>
   <trkpt lat="22.7394540" lon="120.3309470">
    <ele>19.1</ele>
    <time>2026-09-23T10:18:42Z</time>
   </trkpt>
   <trkpt lat="22.7394560" lon="120.3309380">
    <ele>19.1</ele>
    <time>2026-09-23T10:18:43Z</time>
   </trkpt>
   <trkpt lat="22.7394600" lon="120.3309210">
    <ele>19.1</ele>
    <time>2026-09-23T10:18:44Z</time>
   </trkpt>
   <trkpt lat="22.7394590" lon="120.3309220">
    <ele>19.1</ele>
    <time>2026-09-23T10:18:45Z</time>
   </trkpt>
   <trkpt lat="22.7394650" lon="120.3309090">
    <ele>19.1</ele>
    <time>2026-09-23T10:18:46Z</time>
   </trkpt>
   <trkpt lat="22.7394670" lon="120.3308960">
    <ele>19.1</ele>
    <time>2026-09-23T10:18:47Z</time>
   </trkpt>
   <trkpt lat="22.7394670" lon="120.3308840">
    <ele>19.0</ele>
    <time>2026-09-23T10:18:48Z</time>
   </trkpt>
   <trkpt lat="22.7394680" lon="120.3308710">
    <ele>19.0</ele>
    <time>2026-09-23T10:18:49Z</time>
   </trkpt>
   <trkpt lat="22.7394690" lon="120.3308590">
    <ele>19.0</ele>
    <time>2026-09-23T10:18:50Z</time>
   </trkpt>
   <trkpt lat="22.7394710" lon="120.3308440">
    <ele>19.0</ele>
    <time>2026-09-23T10:18:51Z</time>
   </trkpt>
   <trkpt lat="22.7394780" lon="120.3308400">
    <ele>19.0</ele>
    <time>2026-09-23T10:18:52Z</time>
   </trkpt>
   <trkpt lat="22.7394820" lon="120.3308370">
    <ele>19.0</ele>
    <time>2026-09-23T10:18:53Z</time>
   </trkpt>
   <trkpt lat="22.7394830" lon="120.3308280">
    <ele>19.0</ele>
    <time>2026-09-23T10:18:54Z</time>
   </trkpt>
   <trkpt lat="22.7394880" lon="120.3308150">
    <ele>19.0</ele>
    <time>2026-09-23T10:18:55Z</time>
   </trkpt>
   <trkpt lat="22.7395600" lon="120.3307960">
    <ele>18.9</ele>
    <time>2026-09-23T10:19:06Z</time>
   </trkpt>
   <trkpt lat="22.7395680" lon="120.3307890">
    <ele>18.9</ele>
    <time>2026-09-23T10:19:07Z</time>
   </trkpt>
   <trkpt lat="22.7395720" lon="120.3307840">
    <ele>18.9</ele>
    <time>2026-09-23T10:19:08Z</time>
   </trkpt>
   <trkpt lat="22.7395840" lon="120.3307750">
    <ele>18.9</ele>
    <time>2026-09-23T10:19:09Z</time>
   </trkpt>
   <trkpt lat="22.7395910" lon="120.3307680">
    <ele>18.9</ele>
    <time>2026-09-23T10:19:10Z</time>
   </trkpt>
   <trkpt lat="22.7395890" lon="120.3307590">
    <ele>18.8</ele>
    <time>2026-09-23T10:19:11Z</time>
   </trkpt>
   <trkpt lat="22.7395870" lon="120.3307500">
    <ele>18.8</ele>
    <time>2026-09-23T10:19:12Z</time>
   </trkpt>
   <trkpt lat="22.7395950" lon="120.3307430">
    <ele>18.8</ele>
    <time>2026-09-23T10:19:13Z</time>
   </trkpt>
   <trkpt lat="22.7396110" lon="120.3307400">
    <ele>18.8</ele>
    <time>2026-09-23T10:19:14Z</time>
   </trkpt>
   <trkpt lat="22.7396150" lon="120.3307380">
    <ele>18.8</ele>
    <time>2026-09-23T10:19:15Z</time>
   </trkpt>
   <trkpt lat="22.7396240" lon="120.3307330">
    <ele>18.8</ele>
    <time>2026-09-23T10:19:16Z</time>
   </trkpt>
   <trkpt lat="22.7396320" lon="120.3307310">
    <ele>18.8</ele>
    <time>2026-09-23T10:19:17Z</time>
   </trkpt>
   <trkpt lat="22.7396420" lon="120.3307170">
    <ele>18.8</ele>
    <time>2026-09-23T10:19:18Z</time>
   </trkpt>
   <trkpt lat="22.7396490" lon="120.3307050">
    <ele>18.8</ele>
    <time>2026-09-23T10:19:19Z</time>
   </trkpt>
   <trkpt lat="22.7396570" lon="120.3307000">
    <ele>18.8</ele>
    <time>2026-09-23T10:19:20Z</time>
   </trkpt>
   <trkpt lat="22.7396580" lon="120.3307020">
    <ele>18.8</ele>
    <time>2026-09-23T10:19:21Z</time>
   </trkpt>
   <trkpt lat="22.7396600" lon="120.3306850">
    <ele>18.8</ele>
    <time>2026-09-23T10:19:22Z</time>
   </trkpt>
   <trkpt lat="22.7396600" lon="120.3306830">
    <ele>18.8</ele>
    <time>2026-09-23T10:19:24Z</time>
   </trkpt>
   <trkpt lat="22.7396570" lon="120.3306710">
    <ele>18.7</ele>
    <time>2026-09-23T10:19:25Z</time>
   </trkpt>
   <trkpt lat="22.7396620" lon="120.3306620">
    <ele>18.7</ele>
    <time>2026-09-23T10:19:26Z</time>
   </trkpt>
   <trkpt lat="22.7396720" lon="120.3306570">
    <ele>18.7</ele>
    <time>2026-09-23T10:19:27Z</time>
   </trkpt>
   <trkpt lat="22.7396760" lon="120.3306580">
    <ele>18.7</ele>
    <time>2026-09-23T10:19:28Z</time>
   </trkpt>
   <trkpt lat="22.7396840" lon="120.3306470">
    <ele>18.7</ele>
    <time>2026-09-23T10:19:29Z</time>
   </trkpt>
   <trkpt lat="22.7396940" lon="120.3306440">
    <ele>18.7</ele>
    <time>2026-09-23T10:19:30Z</time>
   </trkpt>
   <trkpt lat="22.7396930" lon="120.3306460">
    <ele>18.7</ele>
    <time>2026-09-23T10:19:31Z</time>
   </trkpt>
   <trkpt lat="22.7397050" lon="120.3306380">
    <ele>18.7</ele>
    <time>2026-09-23T10:19:32Z</time>
   </trkpt>
   <trkpt lat="22.7397150" lon="120.3306360">
    <ele>18.7</ele>
    <time>2026-09-23T10:19:33Z</time>
   </trkpt>
   <trkpt lat="22.7397190" lon="120.3306300">
    <ele>18.7</ele>
    <time>2026-09-23T10:19:34Z</time>
   </trkpt>
   <trkpt lat="22.7397340" lon="120.3306260">
    <ele>18.7</ele>
    <time>2026-09-23T10:19:35Z</time>
   </trkpt>
   <trkpt lat="22.7397440" lon="120.3305360">
    <ele>18.6</ele>
    <time>2026-09-23T10:19:41Z</time>
   </trkpt>
   <trkpt lat="22.7397480" lon="120.3305310">
    <ele>18.6</ele>
    <time>2026-09-23T10:19:42Z</time>
   </trkpt>
   <trkpt lat="22.7397360" lon="120.3305230">
    <ele>18.6</ele>
    <time>2026-09-23T10:19:43Z</time>
   </trkpt>
   <trkpt lat="22.7397410" lon="120.3305210">
    <ele>18.5</ele>
    <time>2026-09-23T10:19:44Z</time>
   </trkpt>
   <trkpt lat="22.7397400" lon="120.3305280">
    <ele>18.5</ele>
    <time>2026-09-23T10:19:45Z</time>
   </trkpt>
   <trkpt lat="22.7397400" lon="120.3305120">
    <ele>18.5</ele>
    <time>2026-09-23T10:19:46Z</time>
   </trkpt>
   <trkpt lat="22.7397370" lon="120.3304990">
    <ele>18.5</ele>
    <time>2026-09-23T10:19:47Z</time>
   </trkpt>
   <trkpt lat="22.7397320" lon="120.3304860">
    <ele>18.5</ele>
    <time>2026-09-23T10:19:48Z</time>
   </trkpt>
   <trkpt lat="22.7397230" lon="120.3304710">
    <ele>18.5</ele>
    <time>2026-09-23T10:19:49Z</time>
   </trkpt>
   <trkpt lat="22.7397170" lon="120.3304600">
    <ele>18.5</ele>
    <time>2026-09-23T10:19:50Z</time>
   </trkpt>
   <trkpt lat="22.7395330" lon="120.3304290">
    <ele>18.5</ele>
    <time>2026-09-23T10:20:02Z</time>
   </trkpt>
   <trkpt lat="22.7395360" lon="120.3304480">
    <ele>18.5</ele>
    <time>2026-09-23T10:20:03Z</time>
   </trkpt>
   <trkpt lat="22.7395210" lon="120.3304570">
    <ele>18.5</ele>
    <time>2026-09-23T10:20:04Z</time>
   </trkpt>
   <trkpt lat="22.7395130" lon="120.3304680">
    <ele>18.5</ele>
    <time>2026-09-23T10:20:05Z</time>
   </trkpt>
   <trkpt lat="22.7395090" lon="120.3304820">
    <ele>18.5</ele>
    <time>2026-09-23T10:20:06Z</time>
   </trkpt>
   <trkpt lat="22.7394990" lon="120.3304820">
    <ele>18.5</ele>
    <time>2026-09-23T10:20:07Z</time>
   </trkpt>
   <trkpt lat="22.7394870" lon="120.3304680">
    <ele>18.5</ele>
    <time>2026-09-23T10:20:08Z</time>
   </trkpt>
   <trkpt lat="22.7394760" lon="120.3304550">
    <ele>18.5</ele>
    <time>2026-09-23T10:20:09Z</time>
   </trkpt>
   <trkpt lat="22.7394660" lon="120.3304440">
    <ele>18.5</ele>
    <time>2026-09-23T10:20:10Z</time>
   </trkpt>
   <trkpt lat="22.7394440" lon="120.3304370">
    <ele>18.5</ele>
    <time>2026-09-23T10:20:11Z</time>
   </trkpt>
   <trkpt lat="22.7394340" lon="120.3304370">
    <ele>18.5</ele>
    <time>2026-09-23T10:20:12Z</time>
   </trkpt>
   <trkpt lat="22.7394180" lon="120.3304370">
    <ele>18.5</ele>
    <time>2026-09-23T10:20:13Z</time>
   </trkpt>
   <trkpt lat="22.7394140" lon="120.3304430">
    <ele>18.5</ele>
    <time>2026-09-23T10:20:14Z</time>
   </trkpt>
   <trkpt lat="22.7394090" lon="120.3304530">
    <ele>18.5</ele>
    <time>2026-09-23T10:20:15Z</time>
   </trkpt>
   <trkpt lat="22.7394090" lon="120.3304530">
    <ele>18.5</ele>
    <time>2026-09-23T10:20:16Z</time>
   </trkpt>
   <trkpt lat="22.7394010" lon="120.3304660">
    <ele>18.5</ele>
    <time>2026-09-23T10:20:17Z</time>
   </trkpt>
   <trkpt lat="22.7394030" lon="120.3304650">
    <ele>18.5</ele>
    <time>2026-09-23T10:20:18Z</time>
   </trkpt>
   <trkpt lat="22.7393840" lon="120.3304570">
    <ele>18.5</ele>
    <time>2026-09-23T10:20:19Z</time>
   </trkpt>
   <trkpt lat="22.7393830" lon="120.3304660">
    <ele>18.5</ele>
    <time>2026-09-23T10:20:20Z</time>
   </trkpt>
   <trkpt lat="22.7393790" lon="120.3304510">
    <ele>18.5</ele>
    <time>2026-09-23T10:20:21Z</time>
   </trkpt>
   <trkpt lat="22.7393670" lon="120.3304530">
    <ele>18.5</ele>
    <time>2026-09-23T10:20:22Z</time>
   </trkpt>
   <trkpt lat="22.7393470" lon="120.3304480">
    <ele>18.5</ele>
    <time>2026-09-23T10:20:23Z</time>
   </trkpt>
   <trkpt lat="22.7393260" lon="120.3304340">
    <ele>18.5</ele>
    <time>2026-09-23T10:20:24Z</time>
   </trkpt>
   <trkpt lat="22.7393120" lon="120.3304330">
    <ele>18.5</ele>
    <time>2026-09-23T10:20:25Z</time>
   </trkpt>
   <trkpt lat="22.7393010" lon="120.3304410">
    <ele>18.5</ele>
    <time>2026-09-23T10:20:26Z</time>
   </trkpt>
   <trkpt lat="22.7392990" lon="120.3304350">
    <ele>18.5</ele>
    <time>2026-09-23T10:20:27Z</time>
   </trkpt>
   <trkpt lat="22.7392950" lon="120.3304360">
    <ele>18.5</ele>
    <time>2026-09-23T10:20:28Z</time>
   </trkpt>
   <trkpt lat="22.7393090" lon="120.3304450">
    <ele>18.5</ele>
    <time>2026-09-23T10:20:29Z</time>
   </trkpt>
   <trkpt lat="22.7393110" lon="120.3304480">
    <ele>18.5</ele>
    <time>2026-09-23T10:20:30Z</time>
   </trkpt>
   <trkpt lat="22.7393120" lon="120.3304510">
    <ele>18.5</ele>
    <time>2026-09-23T10:20:31Z</time>
   </trkpt>
   <trkpt lat="22.7393140" lon="120.3304530">
    <ele>18.5</ele>
    <time>2026-09-23T10:20:32Z</time>
   </trkpt>
   <trkpt lat="22.7393160" lon="120.3304530">
    <ele>18.5</ele>
    <time>2026-09-23T10:20:33Z</time>
   </trkpt>
   <trkpt lat="22.7392990" lon="120.3304560">
    <ele>18.5</ele>
    <time>2026-09-23T10:20:34Z</time>
   </trkpt>
   <trkpt lat="22.7392830" lon="120.3304490">
    <ele>18.5</ele>
    <time>2026-09-23T10:20:35Z</time>
   </trkpt>
   <trkpt lat="22.7392730" lon="120.3304440">
    <ele>18.5</ele>
    <time>2026-09-23T10:20:36Z</time>
   </trkpt>
   <trkpt lat="22.7392860" lon="120.3304360">
    <ele>18.5</ele>
    <time>2026-09-23T10:20:37Z</time>
   </trkpt>
   <trkpt lat="22.7392790" lon="120.3304490">
    <ele>18.5</ele>
    <time>2026-09-23T10:20:38Z</time>
   </trkpt>
   <trkpt lat="22.7392860" lon="120.3304600">
    <ele>18.5</ele>
    <time>2026-09-23T10:20:39Z</time>
   </trkpt>
   <trkpt lat="22.7393000" lon="120.3304720">
    <ele>18.5</ele>
    <time>2026-09-23T10:20:40Z</time>
   </trkpt>
   <trkpt lat="22.7393050" lon="120.3304840">
    <ele>18.5</ele>
    <time>2026-09-23T10:20:41Z</time>
   </trkpt>
   <trkpt lat="22.7393090" lon="120.3304790">
    <ele>18.5</ele>
    <time>2026-09-23T10:20:42Z</time>
   </trkpt>
   <trkpt lat="22.7393090" lon="120.3304780">
    <ele>18.5</ele>
    <time>2026-09-23T10:20:43Z</time>
   </trkpt>
   <trkpt lat="22.7393150" lon="120.3304830">
    <ele>18.5</ele>
    <time>2026-09-23T10:20:44Z</time>
   </trkpt>
   <trkpt lat="22.7393150" lon="120.3304990">
    <ele>18.6</ele>
    <time>2026-09-23T10:20:45Z</time>
   </trkpt>
   <trkpt lat="22.7393070" lon="120.3305010">
    <ele>18.6</ele>
    <time>2026-09-23T10:20:46Z</time>
   </trkpt>
   <trkpt lat="22.7392960" lon="120.3305090">
    <ele>18.6</ele>
    <time>2026-09-23T10:20:47Z</time>
   </trkpt>
   <trkpt lat="22.7392870" lon="120.3305160">
    <ele>18.6</ele>
    <time>2026-09-23T10:20:48Z</time>
   </trkpt>
   <trkpt lat="22.7392780" lon="120.3305240">
    <ele>18.6</ele>
    <time>2026-09-23T10:20:49Z</time>
   </trkpt>
   <trkpt lat="22.7392720" lon="120.3305240">
    <ele>18.6</ele>
    <time>2026-09-23T10:20:50Z</time>
   </trkpt>
   <trkpt lat="22.7392660" lon="120.3305230">
    <ele>18.6</ele>
    <time>2026-09-23T10:20:51Z</time>
   </trkpt>
   <trkpt lat="22.7392600" lon="120.3305270">
    <ele>18.6</ele>
    <time>2026-09-23T10:20:52Z</time>
   </trkpt>
   <trkpt lat="22.7392570" lon="120.3305430">
    <ele>18.6</ele>
    <time>2026-09-23T10:20:53Z</time>
   </trkpt>
   <trkpt lat="22.7392500" lon="120.3305570">
    <ele>18.6</ele>
    <time>2026-09-23T10:20:54Z</time>
   </trkpt>
   <trkpt lat="22.7392510" lon="120.3305680">
    <ele>18.6</ele>
    <time>2026-09-23T10:20:55Z</time>
   </trkpt>
   <trkpt lat="22.7392510" lon="120.3305630">
    <ele>18.6</ele>
    <time>2026-09-23T10:20:56Z</time>
   </trkpt>
   <trkpt lat="22.7392500" lon="120.3305630">
    <ele>18.6</ele>
    <time>2026-09-23T10:20:57Z</time>
   </trkpt>
   <trkpt lat="22.7392500" lon="120.3305610">
    <ele>18.6</ele>
    <time>2026-09-23T10:20:58Z</time>
   </trkpt>
   <trkpt lat="22.7392420" lon="120.3305610">
    <ele>18.6</ele>
    <time>2026-09-23T10:20:59Z</time>
   </trkpt>
   <trkpt lat="22.7392380" lon="120.3305530">
    <ele>18.6</ele>
    <time>2026-09-23T10:21:00Z</time>
   </trkpt>
   <trkpt lat="22.7392430" lon="120.3305500">
    <ele>18.6</ele>
    <time>2026-09-23T10:21:01Z</time>
   </trkpt>
   <trkpt lat="22.7392460" lon="120.3305460">
    <ele>18.6</ele>
    <time>2026-09-23T10:21:02Z</time>
   </trkpt>
   <trkpt lat="22.7392520" lon="120.3305450">
    <ele>18.6</ele>
    <time>2026-09-23T10:21:03Z</time>
   </trkpt>
   <trkpt lat="22.7392650" lon="120.3305380">
    <ele>18.6</ele>
    <time>2026-09-23T10:21:04Z</time>
   </trkpt>
   <trkpt lat="22.7393210" lon="120.3305190">
    <ele>18.5</ele>
    <time>2026-09-23T10:21:09Z</time>
   </trkpt>
   <trkpt lat="22.7393270" lon="120.3305110">
    <ele>18.5</ele>
    <time>2026-09-23T10:21:10Z</time>
   </trkpt>
   <trkpt lat="22.7393400" lon="120.3305100">
    <ele>18.5</ele>
    <time>2026-09-23T10:21:11Z</time>
   </trkpt>
   <trkpt lat="22.7393480" lon="120.3305080">
    <ele>18.5</ele>
    <time>2026-09-23T10:21:12Z</time>
   </trkpt>
   <trkpt lat="22.7393560" lon="120.3305060">
    <ele>18.5</ele>
    <time>2026-09-23T10:21:13Z</time>
   </trkpt>
   <trkpt lat="22.7393660" lon="120.3305040">
    <ele>18.5</ele>
    <time>2026-09-23T10:21:14Z</time>
   </trkpt>
   <trkpt lat="22.7393740" lon="120.3304970">
    <ele>18.5</ele>
    <time>2026-09-23T10:21:15Z</time>
   </trkpt>
   <trkpt lat="22.7393820" lon="120.3304900">
    <ele>18.5</ele>
    <time>2026-09-23T10:21:16Z</time>
   </trkpt>
   <trkpt lat="22.7393890" lon="120.3304830">
    <ele>18.5</ele>
    <time>2026-09-23T10:21:17Z</time>
   </trkpt>
   <trkpt lat="22.7393960" lon="120.3304770">
    <ele>18.5</ele>
    <time>2026-09-23T10:21:18Z</time>
   </trkpt>
   <trkpt lat="22.7394040" lon="120.3304720">
    <ele>18.5</ele>
    <time>2026-09-23T10:21:19Z</time>
   </trkpt>
   <trkpt lat="22.7394120" lon="120.3304680">
    <ele>18.5</ele>
    <time>2026-09-23T10:21:20Z</time>
   </trkpt>
   <trkpt lat="22.7394220" lon="120.3304660">
    <ele>18.5</ele>
    <time>2026-09-23T10:21:21Z</time>
   </trkpt>
   <trkpt lat="22.7394310" lon="120.3304570">
    <ele>18.5</ele>
    <time>2026-09-23T10:21:22Z</time>
   </trkpt>
   <trkpt lat="22.7394380" lon="120.3304510">
    <ele>18.5</ele>
    <time>2026-09-23T10:21:23Z</time>
   </trkpt>
   <trkpt lat="22.7394490" lon="120.3304470">
    <ele>18.5</ele>
    <time>2026-09-23T10:21:24Z</time>
   </trkpt>
   <trkpt lat="22.7394550" lon="120.3304470">
    <ele>18.5</ele>
    <time>2026-09-23T10:21:25Z</time>
   </trkpt>
   <trkpt lat="22.7394690" lon="120.3304490">
    <ele>18.5</ele>
    <time>2026-09-23T10:21:26Z</time>
   </trkpt>
   <trkpt lat="22.7394800" lon="120.3304550">
    <ele>18.5</ele>
    <time>2026-09-23T10:21:27Z</time>
   </trkpt>
   <trkpt lat="22.7394890" lon="120.3304650">
    <ele>18.5</ele>
    <time>2026-09-23T10:21:28Z</time>
   </trkpt>
   <trkpt lat="22.7395000" lon="120.3304680">
    <ele>18.5</ele>
    <time>2026-09-23T10:21:29Z</time>
   </trkpt>
   <trkpt lat="22.7394980" lon="120.3304650">
    <ele>18.5</ele>
    <time>2026-09-23T10:21:30Z</time>
   </trkpt>
   <trkpt lat="22.7394980" lon="120.3304640">
    <ele>18.5</ele>
    <time>2026-09-23T10:21:31Z</time>
   </trkpt>
   <trkpt lat="22.7395150" lon="120.3304640">
    <ele>18.5</ele>
    <time>2026-09-23T10:21:32Z</time>
   </trkpt>
   <trkpt lat="22.7395280" lon="120.3304580">
    <ele>18.5</ele>
    <time>2026-09-23T10:21:34Z</time>
   </trkpt>
   <trkpt lat="22.7395360" lon="120.3304610">
    <ele>18.5</ele>
    <time>2026-09-23T10:21:35Z</time>
   </trkpt>
   <trkpt lat="22.7395370" lon="120.3304660">
    <ele>18.5</ele>
    <time>2026-09-23T10:21:36Z</time>
   </trkpt>
   <trkpt lat="22.7395520" lon="120.3304680">
    <ele>18.5</ele>
    <time>2026-09-23T10:21:37Z</time>
   </trkpt>
   <trkpt lat="22.7395630" lon="120.3304660">
    <ele>18.5</ele>
    <time>2026-09-23T10:21:38Z</time>
   </trkpt>
   <trkpt lat="22.7395720" lon="120.3304630">
    <ele>18.5</ele>
    <time>2026-09-23T10:21:39Z</time>
   </trkpt>
   <trkpt lat="22.7395810" lon="120.3304630">
    <ele>18.4</ele>
    <time>2026-09-23T10:21:40Z</time>
   </trkpt>
   <trkpt lat="22.7395880" lon="120.3304620">
    <ele>18.4</ele>
    <time>2026-09-23T10:21:41Z</time>
   </trkpt>
   <trkpt lat="22.7395880" lon="120.3304650">
    <ele>18.4</ele>
    <time>2026-09-23T10:21:42Z</time>
   </trkpt>
   <trkpt lat="22.7395870" lon="120.3304640">
    <ele>18.4</ele>
    <time>2026-09-23T10:21:43Z</time>
   </trkpt>
   <trkpt lat="22.7395910" lon="120.3304700">
    <ele>18.4</ele>
    <time>2026-09-23T10:21:44Z</time>
   </trkpt>
   <trkpt lat="22.7396030" lon="120.3304880">
    <ele>18.4</ele>
    <time>2026-09-23T10:21:45Z</time>
   </trkpt>
   <trkpt lat="22.7396020" lon="120.3304770">
    <ele>18.4</ele>
    <time>2026-09-23T10:21:46Z</time>
   </trkpt>
   <trkpt lat="22.7396040" lon="120.3304760">
    <ele>18.4</ele>
    <time>2026-09-23T10:21:47Z</time>
   </trkpt>
   <trkpt lat="22.7396020" lon="120.3304750">
    <ele>18.4</ele>
    <time>2026-09-23T10:21:48Z</time>
   </trkpt>
   <trkpt lat="22.7396070" lon="120.3304750">
    <ele>18.4</ele>
    <time>2026-09-23T10:21:49Z</time>
   </trkpt>
   <trkpt lat="22.7396100" lon="120.3304720">
    <ele>18.4</ele>
    <time>2026-09-23T10:21:50Z</time>
   </trkpt>
   <trkpt lat="22.7396130" lon="120.3304700">
    <ele>18.4</ele>
    <time>2026-09-23T10:21:51Z</time>
   </trkpt>
   <trkpt lat="22.7396140" lon="120.3304760">
    <ele>18.4</ele>
    <time>2026-09-23T10:21:52Z</time>
   </trkpt>
   <trkpt lat="22.7396180" lon="120.3304810">
    <ele>18.4</ele>
    <time>2026-09-23T10:21:53Z</time>
   </trkpt>
   <trkpt lat="22.7396170" lon="120.3304820">
    <ele>18.4</ele>
    <time>2026-09-23T10:21:54Z</time>
   </trkpt>
   <trkpt lat="22.7396180" lon="120.3304810">
    <ele>18.4</ele>
    <time>2026-09-23T10:21:55Z</time>
   </trkpt>
   <trkpt lat="22.7396490" lon="120.3304690">
    <ele>18.3</ele>
    <time>2026-09-23T10:21:57Z</time>
   </trkpt>
   <trkpt lat="22.7396530" lon="120.3304670">
    <ele>18.3</ele>
    <time>2026-09-23T10:21:58Z</time>
   </trkpt>
   <trkpt lat="22.7396560" lon="120.3304630">
    <ele>18.3</ele>
    <time>2026-09-23T10:21:59Z</time>
   </trkpt>
   <trkpt lat="22.7396650" lon="120.3304530">
    <ele>18.3</ele>
    <time>2026-09-23T10:22:00Z</time>
   </trkpt>
   <trkpt lat="22.7396790" lon="120.3304460">
    <ele>18.3</ele>
    <time>2026-09-23T10:22:01Z</time>
   </trkpt>
   <trkpt lat="22.7396870" lon="120.3304360">
    <ele>18.3</ele>
    <time>2026-09-23T10:22:02Z</time>
   </trkpt>
   <trkpt lat="22.7396970" lon="120.3304260">
    <ele>18.3</ele>
    <time>2026-09-23T10:22:03Z</time>
   </trkpt>
   <trkpt lat="22.7396980" lon="120.3304160">
    <ele>18.3</ele>
    <time>2026-09-23T10:22:04Z</time>
   </trkpt>
   <trkpt lat="22.7397010" lon="120.3304040">
    <ele>18.2</ele>
    <time>2026-09-23T10:22:05Z</time>
   </trkpt>
   <trkpt lat="22.7397040" lon="120.3303920">
    <ele>18.2</ele>
    <time>2026-09-23T10:22:06Z</time>
   </trkpt>
   <trkpt lat="22.7397100" lon="120.3303850">
    <ele>18.2</ele>
    <time>2026-09-23T10:22:07Z</time>
   </trkpt>
   <trkpt lat="22.7397160" lon="120.3303780">
    <ele>18.2</ele>
    <time>2026-09-23T10:22:08Z</time>
   </trkpt>
   <trkpt lat="22.7397240" lon="120.3303730">
    <ele>18.2</ele>
    <time>2026-09-23T10:22:09Z</time>
   </trkpt>
   <trkpt lat="22.7397290" lon="120.3303570">
    <ele>18.2</ele>
    <time>2026-09-23T10:22:10Z</time>
   </trkpt>
   <trkpt lat="22.7397310" lon="120.3303500">
    <ele>18.1</ele>
    <time>2026-09-23T10:22:11Z</time>
   </trkpt>
   <trkpt lat="22.7397340" lon="120.3303440">
    <ele>18.1</ele>
    <time>2026-09-23T10:22:12Z</time>
   </trkpt>
   <trkpt lat="22.7397370" lon="120.3303320">
    <ele>18.1</ele>
    <time>2026-09-23T10:22:13Z</time>
   </trkpt>
   <trkpt lat="22.7397460" lon="120.3303180">
    <ele>18.1</ele>
    <time>2026-09-23T10:22:14Z</time>
   </trkpt>
   <trkpt lat="22.7397530" lon="120.3303050">
    <ele>18.1</ele>
    <time>2026-09-23T10:22:15Z</time>
   </trkpt>
   <trkpt lat="22.7397610" lon="120.3302990">
    <ele>18.1</ele>
    <time>2026-09-23T10:22:16Z</time>
   </trkpt>
   <trkpt lat="22.7397680" lon="120.3302990">
    <ele>18.1</ele>
    <time>2026-09-23T10:22:17Z</time>
   </trkpt>
   <trkpt lat="22.7397730" lon="120.3302920">
    <ele>18.1</ele>
    <time>2026-09-23T10:22:18Z</time>
   </trkpt>
   <trkpt lat="22.7397830" lon="120.3302860">
    <ele>18.1</ele>
    <time>2026-09-23T10:22:19Z</time>
   </trkpt>
   <trkpt lat="22.7397920" lon="120.3302790">
    <ele>18.0</ele>
    <time>2026-09-23T10:22:20Z</time>
   </trkpt>
   <trkpt lat="22.7398000" lon="120.3302730">
    <ele>18.0</ele>
    <time>2026-09-23T10:22:21Z</time>
   </trkpt>
   <trkpt lat="22.7398080" lon="120.3302690">
    <ele>18.0</ele>
    <time>2026-09-23T10:22:22Z</time>
   </trkpt>
   <trkpt lat="22.7398160" lon="120.3302630">
    <ele>18.0</ele>
    <time>2026-09-23T10:22:23Z</time>
   </trkpt>
   <trkpt lat="22.7398230" lon="120.3302500">
    <ele>18.0</ele>
    <time>2026-09-23T10:22:24Z</time>
   </trkpt>
   <trkpt lat="22.7398330" lon="120.3302450">
    <ele>18.0</ele>
    <time>2026-09-23T10:22:25Z</time>
   </trkpt>
   <trkpt lat="22.7398370" lon="120.3302400">
    <ele>18.0</ele>
    <time>2026-09-23T10:22:26Z</time>
   </trkpt>
   <trkpt lat="22.7398530" lon="120.3302280">
    <ele>18.0</ele>
    <time>2026-09-23T10:22:27Z</time>
   </trkpt>
   <trkpt lat="22.7398650" lon="120.3302290">
    <ele>18.0</ele>
    <time>2026-09-23T10:22:28Z</time>
   </trkpt>
   <trkpt lat="22.7398770" lon="120.3302300">
    <ele>18.0</ele>
    <time>2026-09-23T10:22:29Z</time>
   </trkpt>
   <trkpt lat="22.7398830" lon="120.3302260">
    <ele>18.0</ele>
    <time>2026-09-23T10:22:30Z</time>
   </trkpt>
   <trkpt lat="22.7398970" lon="120.3302180">
    <ele>18.0</ele>
    <time>2026-09-23T10:22:31Z</time>
   </trkpt>
   <trkpt lat="22.7399020" lon="120.3302170">
    <ele>18.0</ele>
    <time>2026-09-23T10:22:32Z</time>
   </trkpt>
   <trkpt lat="22.7399090" lon="120.3302210">
    <ele>18.0</ele>
    <time>2026-09-23T10:22:33Z</time>
   </trkpt>
   <trkpt lat="22.7399230" lon="120.3302180">
    <ele>18.0</ele>
    <time>2026-09-23T10:22:34Z</time>
   </trkpt>
   <trkpt lat="22.7399290" lon="120.3302150">
    <ele>18.0</ele>
    <time>2026-09-23T10:22:35Z</time>
   </trkpt>
   <trkpt lat="22.7399350" lon="120.3302120">
    <ele>18.0</ele>
    <time>2026-09-23T10:22:36Z</time>
   </trkpt>
   <trkpt lat="22.7399470" lon="120.3302050">
    <ele>18.0</ele>
    <time>2026-09-23T10:22:37Z</time>
   </trkpt>
   <trkpt lat="22.7399570" lon="120.3301950">
    <ele>17.9</ele>
    <time>2026-09-23T10:22:38Z</time>
   </trkpt>
   <trkpt lat="22.7399670" lon="120.3301930">
    <ele>17.9</ele>
    <time>2026-09-23T10:22:39Z</time>
   </trkpt>
   <trkpt lat="22.7399780" lon="120.3301850">
    <ele>17.9</ele>
    <time>2026-09-23T10:22:40Z</time>
   </trkpt>
   <trkpt lat="22.7399900" lon="120.3301730">
    <ele>17.9</ele>
    <time>2026-09-23T10:22:41Z</time>
   </trkpt>
   <trkpt lat="22.7399950" lon="120.3301600">
    <ele>17.9</ele>
    <time>2026-09-23T10:22:42Z</time>
   </trkpt>
   <trkpt lat="22.7400040" lon="120.3301540">
    <ele>17.9</ele>
    <time>2026-09-23T10:22:43Z</time>
   </trkpt>
   <trkpt lat="22.7400120" lon="120.3301430">
    <ele>17.9</ele>
    <time>2026-09-23T10:22:44Z</time>
   </trkpt>
   <trkpt lat="22.7400220" lon="120.3301380">
    <ele>17.9</ele>
    <time>2026-09-23T10:22:45Z</time>
   </trkpt>
   <trkpt lat="22.7400390" lon="120.3301300">
    <ele>17.9</ele>
    <time>2026-09-23T10:22:46Z</time>
   </trkpt>
   <trkpt lat="22.7400490" lon="120.3301290">
    <ele>17.9</ele>
    <time>2026-09-23T10:22:47Z</time>
   </trkpt>
   <trkpt lat="22.7400580" lon="120.3301130">
    <ele>17.8</ele>
    <time>2026-09-23T10:22:48Z</time>
   </trkpt>
   <trkpt lat="22.7400590" lon="120.3301090">
    <ele>17.8</ele>
    <time>2026-09-23T10:22:49Z</time>
   </trkpt>
   <trkpt lat="22.7400720" lon="120.3301000">
    <ele>17.8</ele>
    <time>2026-09-23T10:22:50Z</time>
   </trkpt>
   <trkpt lat="22.7400830" lon="120.3300950">
    <ele>17.8</ele>
    <time>2026-09-23T10:22:51Z</time>
   </trkpt>
   <trkpt lat="22.7400980" lon="120.3300870">
    <ele>17.8</ele>
    <time>2026-09-23T10:22:52Z</time>
   </trkpt>
   <trkpt lat="22.7401110" lon="120.3300870">
    <ele>17.8</ele>
    <time>2026-09-23T10:22:53Z</time>
   </trkpt>
   <trkpt lat="22.7401130" lon="120.3300780">
    <ele>17.8</ele>
    <time>2026-09-23T10:22:54Z</time>
   </trkpt>
   <trkpt lat="22.7401170" lon="120.3300810">
    <ele>17.8</ele>
    <time>2026-09-23T10:22:55Z</time>
   </trkpt>
   <trkpt lat="22.7401410" lon="120.3300930">
    <ele>17.8</ele>
    <time>2026-09-23T10:22:56Z</time>
   </trkpt>
   <trkpt lat="22.7401470" lon="120.3300890">
    <ele>17.8</ele>
    <time>2026-09-23T10:22:57Z</time>
   </trkpt>
   <trkpt lat="22.7401510" lon="120.3300850">
    <ele>17.8</ele>
    <time>2026-09-23T10:22:58Z</time>
   </trkpt>
   <trkpt lat="22.7401490" lon="120.3300780">
    <ele>17.8</ele>
    <time>2026-09-23T10:22:59Z</time>
   </trkpt>
   <trkpt lat="22.7401560" lon="120.3300700">
    <ele>17.8</ele>
    <time>2026-09-23T10:23:00Z</time>
   </trkpt>
   <trkpt lat="22.7401700" lon="120.3300580">
    <ele>17.7</ele>
    <time>2026-09-23T10:23:01Z</time>
   </trkpt>
   <trkpt lat="22.7401790" lon="120.3300520">
    <ele>17.7</ele>
    <time>2026-09-23T10:23:02Z</time>
   </trkpt>
   <trkpt lat="22.7401850" lon="120.3300460">
    <ele>17.7</ele>
    <time>2026-09-23T10:23:03Z</time>
   </trkpt>
   <trkpt lat="22.7401970" lon="120.3300370">
    <ele>17.7</ele>
    <time>2026-09-23T10:23:04Z</time>
   </trkpt>
   <trkpt lat="22.7402050" lon="120.3300380">
    <ele>17.7</ele>
    <time>2026-09-23T10:23:05Z</time>
   </trkpt>
   <trkpt lat="22.7402240" lon="120.3300370">
    <ele>17.7</ele>
    <time>2026-09-23T10:23:06Z</time>
   </trkpt>
   <trkpt lat="22.7402350" lon="120.3300340">
    <ele>17.7</ele>
    <time>2026-09-23T10:23:07Z</time>
   </trkpt>
   <trkpt lat="22.7402450" lon="120.3300290">
    <ele>17.7</ele>
    <time>2026-09-23T10:23:08Z</time>
   </trkpt>
   <trkpt lat="22.7402590" lon="120.3300260">
    <ele>17.7</ele>
    <time>2026-09-23T10:23:09Z</time>
   </trkpt>
   <trkpt lat="22.7402700" lon="120.3300150">
    <ele>17.7</ele>
    <time>2026-09-23T10:23:10Z</time>
   </trkpt>
   <trkpt lat="22.7402810" lon="120.3300120">
    <ele>17.6</ele>
    <time>2026-09-23T10:23:11Z</time>
   </trkpt>
   <trkpt lat="22.7402800" lon="120.3300050">
    <ele>17.6</ele>
    <time>2026-09-23T10:23:12Z</time>
   </trkpt>
   <trkpt lat="22.7402930" lon="120.3300040">
    <ele>17.6</ele>
    <time>2026-09-23T10:23:13Z</time>
   </trkpt>
   <trkpt lat="22.7403030" lon="120.3300020">
    <ele>17.6</ele>
    <time>2026-09-23T10:23:14Z</time>
   </trkpt>
   <trkpt lat="22.7403190" lon="120.3299920">
    <ele>17.6</ele>
    <time>2026-09-23T10:23:15Z</time>
   </trkpt>
   <trkpt lat="22.7403320" lon="120.3299890">
    <ele>17.6</ele>
    <time>2026-09-23T10:23:16Z</time>
   </trkpt>
   <trkpt lat="22.7403380" lon="120.3299870">
    <ele>17.6</ele>
    <time>2026-09-23T10:23:17Z</time>
   </trkpt>
   <trkpt lat="22.7403500" lon="120.3299890">
    <ele>17.6</ele>
    <time>2026-09-23T10:23:18Z</time>
   </trkpt>
   <trkpt lat="22.7403640" lon="120.3299790">
    <ele>17.6</ele>
    <time>2026-09-23T10:23:19Z</time>
   </trkpt>
   <trkpt lat="22.7403690" lon="120.3299710">
    <ele>17.6</ele>
    <time>2026-09-23T10:23:20Z</time>
   </trkpt>
   <trkpt lat="22.7403770" lon="120.3299680">
    <ele>17.6</ele>
    <time>2026-09-23T10:23:21Z</time>
   </trkpt>
   <trkpt lat="22.7403850" lon="120.3299650">
    <ele>17.6</ele>
    <time>2026-09-23T10:23:22Z</time>
   </trkpt>
   <trkpt lat="22.7403950" lon="120.3299630">
    <ele>17.5</ele>
    <time>2026-09-23T10:23:23Z</time>
   </trkpt>
   <trkpt lat="22.7404040" lon="120.3299640">
    <ele>17.5</ele>
    <time>2026-09-23T10:23:24Z</time>
   </trkpt>
   <trkpt lat="22.7404150" lon="120.3299610">
    <ele>17.5</ele>
    <time>2026-09-23T10:23:25Z</time>
   </trkpt>
   <trkpt lat="22.7404330" lon="120.3299580">
    <ele>17.5</ele>
    <time>2026-09-23T10:23:26Z</time>
   </trkpt>
   <trkpt lat="22.7404460" lon="120.3299560">
    <ele>17.5</ele>
    <time>2026-09-23T10:23:27Z</time>
   </trkpt>
   <trkpt lat="22.7404580" lon="120.3299540">
    <ele>17.5</ele>
    <time>2026-09-23T10:23:28Z</time>
   </trkpt>
   <trkpt lat="22.7404750" lon="120.3299410">
    <ele>17.5</ele>
    <time>2026-09-23T10:23:29Z</time>
   </trkpt>
   <trkpt lat="22.7404850" lon="120.3299310">
    <ele>17.5</ele>
    <time>2026-09-23T10:23:30Z</time>
   </trkpt>
   <trkpt lat="22.7404940" lon="120.3299260">
    <ele>17.5</ele>
    <time>2026-09-23T10:23:31Z</time>
   </trkpt>
   <trkpt lat="22.7404980" lon="120.3299190">
    <ele>17.5</ele>
    <time>2026-09-23T10:23:32Z</time>
   </trkpt>
   <trkpt lat="22.7405040" lon="120.3299130">
    <ele>17.4</ele>
    <time>2026-09-23T10:23:33Z</time>
   </trkpt>
   <trkpt lat="22.7405170" lon="120.3299010">
    <ele>17.4</ele>
    <time>2026-09-23T10:23:34Z</time>
   </trkpt>
   <trkpt lat="22.7405330" lon="120.3298910">
    <ele>17.4</ele>
    <time>2026-09-23T10:23:35Z</time>
   </trkpt>
   <trkpt lat="22.7405440" lon="120.3298820">
    <ele>17.4</ele>
    <time>2026-09-23T10:23:36Z</time>
   </trkpt>
   <trkpt lat="22.7405510" lon="120.3298780">
    <ele>17.4</ele>
    <time>2026-09-23T10:23:37Z</time>
   </trkpt>
   <trkpt lat="22.7405570" lon="120.3298730">
    <ele>17.4</ele>
    <time>2026-09-23T10:23:38Z</time>
   </trkpt>
   <trkpt lat="22.7405640" lon="120.3298660">
    <ele>17.4</ele>
    <time>2026-09-23T10:23:39Z</time>
   </trkpt>
   <trkpt lat="22.7405790" lon="120.3298600">
    <ele>17.4</ele>
    <time>2026-09-23T10:23:40Z</time>
   </trkpt>
   <trkpt lat="22.7405870" lon="120.3298660">
    <ele>17.4</ele>
    <time>2026-09-23T10:23:41Z</time>
   </trkpt>
   <trkpt lat="22.7405970" lon="120.3298740">
    <ele>17.4</ele>
    <time>2026-09-23T10:23:42Z</time>
   </trkpt>
   <trkpt lat="22.7406060" lon="120.3298810">
    <ele>17.4</ele>
    <time>2026-09-23T10:23:43Z</time>
   </trkpt>
   <trkpt lat="22.7406140" lon="120.3298930">
    <ele>17.4</ele>
    <time>2026-09-23T10:23:44Z</time>
   </trkpt>
   <trkpt lat="22.7406240" lon="120.3299010">
    <ele>17.4</ele>
    <time>2026-09-23T10:23:45Z</time>
   </trkpt>
   <trkpt lat="22.7406330" lon="120.3299040">
    <ele>17.4</ele>
    <time>2026-09-23T10:23:46Z</time>
   </trkpt>
   <trkpt lat="22.7406410" lon="120.3299080">
    <ele>17.4</ele>
    <time>2026-09-23T10:23:47Z</time>
   </trkpt>
   <trkpt lat="22.7406500" lon="120.3299140">
    <ele>17.4</ele>
    <time>2026-09-23T10:23:48Z</time>
   </trkpt>
   <trkpt lat="22.7406610" lon="120.3299260">
    <ele>17.4</ele>
    <time>2026-09-23T10:23:49Z</time>
   </trkpt>
   <trkpt lat="22.7406680" lon="120.3299360">
    <ele>17.4</ele>
    <time>2026-09-23T10:23:50Z</time>
   </trkpt>
   <trkpt lat="22.7406710" lon="120.3299470">
    <ele>17.4</ele>
    <time>2026-09-23T10:23:51Z</time>
   </trkpt>
   <trkpt lat="22.7406810" lon="120.3299620">
    <ele>17.4</ele>
    <time>2026-09-23T10:23:52Z</time>
   </trkpt>
   <trkpt lat="22.7406840" lon="120.3299760">
    <ele>17.4</ele>
    <time>2026-09-23T10:23:53Z</time>
   </trkpt>
   <trkpt lat="22.7406910" lon="120.3299890">
    <ele>17.4</ele>
    <time>2026-09-23T10:23:54Z</time>
   </trkpt>
   <trkpt lat="22.7406980" lon="120.3300020">
    <ele>17.5</ele>
    <time>2026-09-23T10:23:55Z</time>
   </trkpt>
   <trkpt lat="22.7407040" lon="120.3300090">
    <ele>17.5</ele>
    <time>2026-09-23T10:23:56Z</time>
   </trkpt>
   <trkpt lat="22.7407090" lon="120.3300210">
    <ele>17.5</ele>
    <time>2026-09-23T10:23:57Z</time>
   </trkpt>
   <trkpt lat="22.7407050" lon="120.3300310">
    <ele>17.5</ele>
    <time>2026-09-23T10:23:58Z</time>
   </trkpt>
   <trkpt lat="22.7407100" lon="120.3300420">
    <ele>17.5</ele>
    <time>2026-09-23T10:23:59Z</time>
   </trkpt>
   <trkpt lat="22.7407090" lon="120.3300580">
    <ele>17.5</ele>
    <time>2026-09-23T10:24:00Z</time>
   </trkpt>
   <trkpt lat="22.7407130" lon="120.3300720">
    <ele>17.5</ele>
    <time>2026-09-23T10:24:01Z</time>
   </trkpt>
   <trkpt lat="22.7407190" lon="120.3300860">
    <ele>17.5</ele>
    <time>2026-09-23T10:24:02Z</time>
   </trkpt>
   <trkpt lat="22.7407290" lon="120.3300980">
    <ele>17.5</ele>
    <time>2026-09-23T10:24:03Z</time>
   </trkpt>
   <trkpt lat="22.7407360" lon="120.3301100">
    <ele>17.5</ele>
    <time>2026-09-23T10:24:04Z</time>
   </trkpt>
   <trkpt lat="22.7407400" lon="120.3301220">
    <ele>17.5</ele>
    <time>2026-09-23T10:24:05Z</time>
   </trkpt>
   <trkpt lat="22.7407410" lon="120.3301330">
    <ele>17.5</ele>
    <time>2026-09-23T10:24:06Z</time>
   </trkpt>
   <trkpt lat="22.7407450" lon="120.3301430">
    <ele>17.5</ele>
    <time>2026-09-23T10:24:07Z</time>
   </trkpt>
   <trkpt lat="22.7407520" lon="120.3301580">
    <ele>17.5</ele>
    <time>2026-09-23T10:24:08Z</time>
   </trkpt>
   <trkpt lat="22.7407640" lon="120.3301740">
    <ele>17.5</ele>
    <time>2026-09-23T10:24:09Z</time>
   </trkpt>
   <trkpt lat="22.7407710" lon="120.3301790">
    <ele>17.5</ele>
    <time>2026-09-23T10:24:10Z</time>
   </trkpt>
   <trkpt lat="22.7407750" lon="120.3301860">
    <ele>17.5</ele>
    <time>2026-09-23T10:24:11Z</time>
   </trkpt>
   <trkpt lat="22.7407820" lon="120.3301950">
    <ele>17.5</ele>
    <time>2026-09-23T10:24:12Z</time>
   </trkpt>
   <trkpt lat="22.7407950" lon="120.3302040">
    <ele>17.5</ele>
    <time>2026-09-23T10:24:13Z</time>
   </trkpt>
   <trkpt lat="22.7408020" lon="120.3302080">
    <ele>17.5</ele>
    <time>2026-09-23T10:24:14Z</time>
   </trkpt>
   <trkpt lat="22.7408160" lon="120.3302130">
    <ele>17.5</ele>
    <time>2026-09-23T10:24:15Z</time>
   </trkpt>
   <trkpt lat="22.7408260" lon="120.3302190">
    <ele>17.5</ele>
    <time>2026-09-23T10:24:16Z</time>
   </trkpt>
   <trkpt lat="22.7408360" lon="120.3302230">
    <ele>17.5</ele>
    <time>2026-09-23T10:24:17Z</time>
   </trkpt>
   <trkpt lat="22.7408440" lon="120.3302240">
    <ele>17.5</ele>
    <time>2026-09-23T10:24:18Z</time>
   </trkpt>
   <trkpt lat="22.7408560" lon="120.3302300">
    <ele>17.5</ele>
    <time>2026-09-23T10:24:19Z</time>
   </trkpt>
   <trkpt lat="22.7408630" lon="120.3302250">
    <ele>17.5</ele>
    <time>2026-09-23T10:24:20Z</time>
   </trkpt>
   <trkpt lat="22.7408640" lon="120.3302210">
    <ele>17.5</ele>
    <time>2026-09-23T10:24:21Z</time>
   </trkpt>
   <trkpt lat="22.7408660" lon="120.3302200">
    <ele>17.5</ele>
    <time>2026-09-23T10:24:22Z</time>
   </trkpt>
   <trkpt lat="22.7408680" lon="120.3302200">
    <ele>17.5</ele>
    <time>2026-09-23T10:24:23Z</time>
   </trkpt>
   <trkpt lat="22.7408720" lon="120.3302210">
    <ele>17.5</ele>
    <time>2026-09-23T10:24:24Z</time>
   </trkpt>
   <trkpt lat="22.7408730" lon="120.3302220">
    <ele>17.5</ele>
    <time>2026-09-23T10:24:25Z</time>
   </trkpt>
   <trkpt lat="22.7408720" lon="120.3302250">
    <ele>17.5</ele>
    <time>2026-09-23T10:24:26Z</time>
   </trkpt>
   <trkpt lat="22.7408420" lon="120.3301900">
    <ele>17.5</ele>
    <time>2026-09-23T10:25:09Z</time>
   </trkpt>
   <trkpt lat="22.7408210" lon="120.3301720">
    <ele>17.5</ele>
    <time>2026-09-23T10:25:10Z</time>
   </trkpt>
   <trkpt lat="22.7407960" lon="120.3301520">
    <ele>17.5</ele>
    <time>2026-09-23T10:25:11Z</time>
   </trkpt>
   <trkpt lat="22.7407710" lon="120.3301130">
    <ele>17.5</ele>
    <time>2026-09-23T10:25:12Z</time>
   </trkpt>
   <trkpt lat="22.7407410" lon="120.3300640">
    <ele>17.5</ele>
    <time>2026-09-23T10:25:13Z</time>
   </trkpt>
   <trkpt lat="22.7407060" lon="120.3300080">
    <ele>17.5</ele>
    <time>2026-09-23T10:25:14Z</time>
   </trkpt>
   <trkpt lat="22.7406820" lon="120.3299610">
    <ele>17.4</ele>
    <time>2026-09-23T10:25:15Z</time>
   </trkpt>
   <trkpt lat="22.7406680" lon="120.3299320">
    <ele>17.4</ele>
    <time>2026-09-23T10:25:16Z</time>
   </trkpt>
   <trkpt lat="22.7406560" lon="120.3299070">
    <ele>17.4</ele>
    <time>2026-09-23T10:25:17Z</time>
   </trkpt>
   <trkpt lat="22.7406490" lon="120.3298820">
    <ele>17.4</ele>
    <time>2026-09-23T10:25:18Z</time>
   </trkpt>
   <trkpt lat="22.7406400" lon="120.3298540">
    <ele>17.4</ele>
    <time>2026-09-23T10:25:19Z</time>
   </trkpt>
   <trkpt lat="22.7406380" lon="120.3298290">
    <ele>17.4</ele>
    <time>2026-09-23T10:25:20Z</time>
   </trkpt>
   <trkpt lat="22.7406390" lon="120.3298090">
    <ele>17.3</ele>
    <time>2026-09-23T10:25:21Z</time>
   </trkpt>
   <trkpt lat="22.7406490" lon="120.3297840">
    <ele>17.3</ele>
    <time>2026-09-23T10:25:22Z</time>
   </trkpt>
   <trkpt lat="22.7406750" lon="120.3297410">
    <ele>17.3</ele>
    <time>2026-09-23T10:25:23Z</time>
   </trkpt>
   <trkpt lat="22.7407280" lon="120.3297060">
    <ele>17.2</ele>
    <time>2026-09-23T10:25:24Z</time>
   </trkpt>
   <trkpt lat="22.7407890" lon="120.3296730">
    <ele>17.1</ele>
    <time>2026-09-23T10:25:25Z</time>
   </trkpt>
   <trkpt lat="22.7408550" lon="120.3296350">
    <ele>17.0</ele>
    <time>2026-09-23T10:25:26Z</time>
   </trkpt>
   <trkpt lat="22.7409270" lon="120.3295930">
    <ele>16.9</ele>
    <time>2026-09-23T10:25:27Z</time>
   </trkpt>
   <trkpt lat="22.7410020" lon="120.3295530">
    <ele>16.8</ele>
    <time>2026-09-23T10:25:28Z</time>
   </trkpt>
   <trkpt lat="22.7410750" lon="120.3295160">
    <ele>16.7</ele>
    <time>2026-09-23T10:25:29Z</time>
   </trkpt>
   <trkpt lat="22.7411440" lon="120.3294810">
    <ele>16.7</ele>
    <time>2026-09-23T10:25:30Z</time>
   </trkpt>
   <trkpt lat="22.7412160" lon="120.3294610">
    <ele>16.6</ele>
    <time>2026-09-23T10:25:31Z</time>
   </trkpt>
   <trkpt lat="22.7412890" lon="120.3294610">
    <ele>16.5</ele>
    <time>2026-09-23T10:25:32Z</time>
   </trkpt>
   <trkpt lat="22.7413640" lon="120.3294890">
    <ele>16.4</ele>
    <time>2026-09-23T10:25:33Z</time>
   </trkpt>
   <trkpt lat="22.7414420" lon="120.3295280">
    <ele>16.3</ele>
    <time>2026-09-23T10:25:34Z</time>
   </trkpt>
   <trkpt lat="22.7415150" lon="120.3295730">
    <ele>16.3</ele>
    <time>2026-09-23T10:25:35Z</time>
   </trkpt>
   <trkpt lat="22.7415780" lon="120.3296130">
    <ele>16.2</ele>
    <time>2026-09-23T10:25:36Z</time>
   </trkpt>
   <trkpt lat="22.7416350" lon="120.3296500">
    <ele>16.2</ele>
    <time>2026-09-23T10:25:37Z</time>
   </trkpt>
   <trkpt lat="22.7416810" lon="120.3296830">
    <ele>16.2</ele>
    <time>2026-09-23T10:25:38Z</time>
   </trkpt>
   <trkpt lat="22.7417110" lon="120.3297170">
    <ele>16.1</ele>
    <time>2026-09-23T10:25:39Z</time>
   </trkpt>
   <trkpt lat="22.7417270" lon="120.3297640">
    <ele>16.2</ele>
    <time>2026-09-23T10:25:40Z</time>
   </trkpt>
   <trkpt lat="22.7417260" lon="120.3298170">
    <ele>16.2</ele>
    <time>2026-09-23T10:25:41Z</time>
   </trkpt>
   <trkpt lat="22.7417020" lon="120.3298710">
    <ele>16.3</ele>
    <time>2026-09-23T10:25:42Z</time>
   </trkpt>
   <trkpt lat="22.7416750" lon="120.3299300">
    <ele>16.3</ele>
    <time>2026-09-23T10:25:43Z</time>
   </trkpt>
   <trkpt lat="22.7416410" lon="120.3299910">
    <ele>16.4</ele>
    <time>2026-09-23T10:25:44Z</time>
   </trkpt>
   <trkpt lat="22.7416030" lon="120.3300630">
    <ele>16.4</ele>
    <time>2026-09-23T10:25:45Z</time>
   </trkpt>
   <trkpt lat="22.7415590" lon="120.3301410">
    <ele>16.5</ele>
    <time>2026-09-23T10:25:46Z</time>
   </trkpt>
   <trkpt lat="22.7415120" lon="120.3302270">
    <ele>16.5</ele>
    <time>2026-09-23T10:25:47Z</time>
   </trkpt>
   <trkpt lat="22.7414640" lon="120.3303130">
    <ele>16.6</ele>
    <time>2026-09-23T10:25:48Z</time>
   </trkpt>
   <trkpt lat="22.7414150" lon="120.3304080">
    <ele>16.7</ele>
    <time>2026-09-23T10:25:49Z</time>
   </trkpt>
   <trkpt lat="22.7413670" lon="120.3304990">
    <ele>16.7</ele>
    <time>2026-09-23T10:25:50Z</time>
   </trkpt>
   <trkpt lat="22.7413210" lon="120.3305810">
    <ele>16.8</ele>
    <time>2026-09-23T10:25:51Z</time>
   </trkpt>
   <trkpt lat="22.7412740" lon="120.3306650">
    <ele>16.8</ele>
    <time>2026-09-23T10:25:52Z</time>
   </trkpt>
   <trkpt lat="22.7412220" lon="120.3307500">
    <ele>16.8</ele>
    <time>2026-09-23T10:25:53Z</time>
   </trkpt>
   <trkpt lat="22.7411680" lon="120.3308300">
    <ele>16.8</ele>
    <time>2026-09-23T10:25:54Z</time>
   </trkpt>
   <trkpt lat="22.7411210" lon="120.3309090">
    <ele>16.9</ele>
    <time>2026-09-23T10:25:55Z</time>
   </trkpt>
   <trkpt lat="22.7410800" lon="120.3309880">
    <ele>16.9</ele>
    <time>2026-09-23T10:25:56Z</time>
   </trkpt>
   <trkpt lat="22.7410480" lon="120.3310530">
    <ele>17.0</ele>
    <time>2026-09-23T10:25:57Z</time>
   </trkpt>
   <trkpt lat="22.7410250" lon="120.3311010">
    <ele>17.0</ele>
    <time>2026-09-23T10:25:58Z</time>
   </trkpt>
   <trkpt lat="22.7410060" lon="120.3311260">
    <ele>17.0</ele>
    <time>2026-09-23T10:25:59Z</time>
   </trkpt>
   <trkpt lat="22.7409840" lon="120.3311290">
    <ele>17.0</ele>
    <time>2026-09-23T10:26:00Z</time>
   </trkpt>
   <trkpt lat="22.7409580" lon="120.3311260">
    <ele>17.0</ele>
    <time>2026-09-23T10:26:01Z</time>
   </trkpt>
   <trkpt lat="22.7409290" lon="120.3311110">
    <ele>16.9</ele>
    <time>2026-09-23T10:26:02Z</time>
   </trkpt>
   <trkpt lat="22.7408910" lon="120.3310840">
    <ele>16.9</ele>
    <time>2026-09-23T10:26:03Z</time>
   </trkpt>
   <trkpt lat="22.7408540" lon="120.3310440">
    <ele>16.8</ele>
    <time>2026-09-23T10:26:04Z</time>
   </trkpt>
   <trkpt lat="22.7408150" lon="120.3310050">
    <ele>16.7</ele>
    <time>2026-09-23T10:26:05Z</time>
   </trkpt>
   <trkpt lat="22.7407690" lon="120.3309680">
    <ele>16.6</ele>
    <time>2026-09-23T10:26:06Z</time>
   </trkpt>
   <trkpt lat="22.7407200" lon="120.3309240">
    <ele>16.6</ele>
    <time>2026-09-23T10:26:07Z</time>
   </trkpt>
   <trkpt lat="22.7406640" lon="120.3308830">
    <ele>16.5</ele>
    <time>2026-09-23T10:26:08Z</time>
   </trkpt>
   <trkpt lat="22.7406110" lon="120.3308410">
    <ele>16.4</ele>
    <time>2026-09-23T10:26:09Z</time>
   </trkpt>
   <trkpt lat="22.7405690" lon="120.3308080">
    <ele>16.3</ele>
    <time>2026-09-23T10:26:10Z</time>
   </trkpt>
   <trkpt lat="22.7405380" lon="120.3307790">
    <ele>16.3</ele>
    <time>2026-09-23T10:26:11Z</time>
   </trkpt>
   <trkpt lat="22.7405140" lon="120.3307630">
    <ele>16.2</ele>
    <time>2026-09-23T10:26:12Z</time>
   </trkpt>
   <trkpt lat="22.7405000" lon="120.3307500">
    <ele>16.2</ele>
    <time>2026-09-23T10:26:13Z</time>
   </trkpt>
   <trkpt lat="22.7404860" lon="120.3307430">
    <ele>16.2</ele>
    <time>2026-09-23T10:26:14Z</time>
   </trkpt>
   <trkpt lat="22.7404720" lon="120.3307410">
    <ele>16.2</ele>
    <time>2026-09-23T10:26:15Z</time>
   </trkpt>
   <trkpt lat="22.7404390" lon="120.3307540">
    <ele>16.3</ele>
    <time>2026-09-23T10:26:16Z</time>
   </trkpt>
   <trkpt lat="22.7404000" lon="120.3307740">
    <ele>16.5</ele>
    <time>2026-09-23T10:26:17Z</time>
   </trkpt>
   <trkpt lat="22.7403630" lon="120.3308080">
    <ele>16.7</ele>
    <time>2026-09-23T10:26:18Z</time>
   </trkpt>
   <trkpt lat="22.7403400" lon="120.3308390">
    <ele>16.8</ele>
    <time>2026-09-23T10:26:19Z</time>
   </trkpt>
   <trkpt lat="22.7403060" lon="120.3308740">
    <ele>17.1</ele>
    <time>2026-09-23T10:26:20Z</time>
   </trkpt>
   <trkpt lat="22.7402650" lon="120.3309160">
    <ele>17.4</ele>
    <time>2026-09-23T10:26:21Z</time>
   </trkpt>
   <trkpt lat="22.7402210" lon="120.3309640">
    <ele>17.8</ele>
    <time>2026-09-23T10:26:22Z</time>
   </trkpt>
   <trkpt lat="22.7401770" lon="120.3310100">
    <ele>18.2</ele>
    <time>2026-09-23T10:26:23Z</time>
   </trkpt>
   <trkpt lat="22.7401380" lon="120.3310440">
    <ele>18.5</ele>
    <time>2026-09-23T10:26:24Z</time>
   </trkpt>
   <trkpt lat="22.7401120" lon="120.3310690">
    <ele>18.7</ele>
    <time>2026-09-23T10:26:25Z</time>
   </trkpt>
   <trkpt lat="22.7400930" lon="120.3310860">
    <ele>18.8</ele>
    <time>2026-09-23T10:26:26Z</time>
   </trkpt>
   <trkpt lat="22.7400710" lon="120.3310890">
    <ele>19.0</ele>
    <time>2026-09-23T10:26:27Z</time>
   </trkpt>
   <trkpt lat="22.7400640" lon="120.3310780">
    <ele>19.0</ele>
    <time>2026-09-23T10:26:28Z</time>
   </trkpt>
   <trkpt lat="22.7400650" lon="120.3310760">
    <ele>19.0</ele>
    <time>2026-09-23T10:26:29Z</time>
   </trkpt>
   <trkpt lat="22.7400580" lon="120.3310770">
    <ele>18.9</ele>
    <time>2026-09-23T10:26:30Z</time>
   </trkpt>
   <trkpt lat="22.7400320" lon="120.3310630">
    <ele>18.9</ele>
    <time>2026-09-23T10:26:31Z</time>
   </trkpt>
   <trkpt lat="22.7400000" lon="120.3310320">
    <ele>18.9</ele>
    <time>2026-09-23T10:26:32Z</time>
   </trkpt>
   <trkpt lat="22.7399660" lon="120.3309880">
    <ele>18.9</ele>
    <time>2026-09-23T10:26:33Z</time>
   </trkpt>
   <trkpt lat="22.7399340" lon="120.3309370">
    <ele>18.9</ele>
    <time>2026-09-23T10:26:34Z</time>
   </trkpt>
   <trkpt lat="22.7398990" lon="120.3308760">
    <ele>18.8</ele>
    <time>2026-09-23T10:26:35Z</time>
   </trkpt>
   <trkpt lat="22.7398510" lon="120.3308030">
    <ele>18.8</ele>
    <time>2026-09-23T10:26:36Z</time>
   </trkpt>
   <trkpt lat="22.7398050" lon="120.3307300">
    <ele>18.7</ele>
    <time>2026-09-23T10:26:37Z</time>
   </trkpt>
   <trkpt lat="22.7397670" lon="120.3306660">
    <ele>18.7</ele>
    <time>2026-09-23T10:26:38Z</time>
   </trkpt>
   <trkpt lat="22.7397380" lon="120.3306100">
    <ele>18.6</ele>
    <time>2026-09-23T10:26:39Z</time>
   </trkpt>
   <trkpt lat="22.7397200" lon="120.3305700">
    <ele>18.6</ele>
    <time>2026-09-23T10:26:40Z</time>
   </trkpt>
   <trkpt lat="22.7397040" lon="120.3305420">
    <ele>18.6</ele>
    <time>2026-09-23T10:26:41Z</time>
   </trkpt>
   <trkpt lat="22.7396910" lon="120.3305180">
    <ele>18.5</ele>
    <time>2026-09-23T10:26:42Z</time>
   </trkpt>
   <trkpt lat="22.7396800" lon="120.3305000">
    <ele>18.5</ele>
    <time>2026-09-23T10:26:43Z</time>
   </trkpt>
   <trkpt lat="22.7396800" lon="120.3304970">
    <ele>18.5</ele>
    <time>2026-09-23T10:26:44Z</time>
   </trkpt>
   <trkpt lat="22.7396820" lon="120.3304990">
    <ele>18.5</ele>
    <time>2026-09-23T10:26:45Z</time>
   </trkpt>
   <trkpt lat="22.7396830" lon="120.3305000">
    <ele>18.5</ele>
    <time>2026-09-23T10:26:46Z</time>
   </trkpt>
   <trkpt lat="22.7396820" lon="120.3305000">
    <ele>18.5</ele>
    <time>2026-09-23T10:26:47Z</time>
   </trkpt>
   <trkpt lat="22.7396820" lon="120.3304990">
    <ele>18.5</ele>
    <time>2026-09-23T10:26:48Z</time>
   </trkpt>
   <trkpt lat="22.7396820" lon="120.3304990">
    <ele>18.5</ele>
    <time>2026-09-23T10:26:49Z</time>
   </trkpt>
   <trkpt lat="22.7396800" lon="120.3305000">
    <ele>18.5</ele>
    <time>2026-09-23T10:26:50Z</time>
   </trkpt>
   <trkpt lat="22.7396810" lon="120.3305010">
    <ele>18.5</ele>
    <time>2026-09-23T10:26:51Z</time>
   </trkpt>
   <trkpt lat="22.7396790" lon="120.3305020">
    <ele>18.5</ele>
    <time>2026-09-23T10:26:52Z</time>
   </trkpt>
   <trkpt lat="22.7396630" lon="120.3305090">
    <ele>18.5</ele>
    <time>2026-09-23T10:27:13Z</time>
   </trkpt>
   <trkpt lat="22.7396640" lon="120.3305100">
    <ele>18.5</ele>
    <time>2026-09-23T10:27:14Z</time>
   </trkpt>
   <trkpt lat="22.7396630" lon="120.3305120">
    <ele>18.5</ele>
    <time>2026-09-23T10:27:15Z</time>
   </trkpt>
   <trkpt lat="22.7396650" lon="120.3305120">
    <ele>18.5</ele>
    <time>2026-09-23T10:27:16Z</time>
   </trkpt>
   <trkpt lat="22.7396650" lon="120.3305140">
    <ele>18.5</ele>
    <time>2026-09-23T10:27:17Z</time>
   </trkpt>
   <trkpt lat="22.7396630" lon="120.3305110">
    <ele>18.5</ele>
    <time>2026-09-23T10:27:18Z</time>
   </trkpt>
   <trkpt lat="22.7396570" lon="120.3305030">
    <ele>18.5</ele>
    <time>2026-09-23T10:27:19Z</time>
   </trkpt>
   <trkpt lat="22.7396450" lon="120.3304720">
    <ele>18.5</ele>
    <time>2026-09-23T10:27:20Z</time>
   </trkpt>
   <trkpt lat="22.7396210" lon="120.3304260">
    <ele>18.4</ele>
    <time>2026-09-23T10:27:21Z</time>
   </trkpt>
   <trkpt lat="22.7395960" lon="120.3303650">
    <ele>18.4</ele>
    <time>2026-09-23T10:27:22Z</time>
   </trkpt>
   <trkpt lat="22.7395630" lon="120.3302980">
    <ele>18.4</ele>
    <time>2026-09-23T10:27:23Z</time>
   </trkpt>
   <trkpt lat="22.7395260" lon="120.3302240">
    <ele>18.3</ele>
    <time>2026-09-23T10:27:24Z</time>
   </trkpt>
   <trkpt lat="22.7394900" lon="120.3301410">
    <ele>18.4</ele>
    <time>2026-09-23T10:27:25Z</time>
   </trkpt>
   <trkpt lat="22.7394530" lon="120.3300510">
    <ele>18.4</ele>
    <time>2026-09-23T10:27:26Z</time>
   </trkpt>
   <trkpt lat="22.7394150" lon="120.3299560">
    <ele>18.4</ele>
    <time>2026-09-23T10:27:27Z</time>
   </trkpt>
   <trkpt lat="22.7393750" lon="120.3298560">
    <ele>18.5</ele>
    <time>2026-09-23T10:27:28Z</time>
   </trkpt>
   <trkpt lat="22.7393350" lon="120.3297520">
    <ele>18.5</ele>
    <time>2026-09-23T10:27:29Z</time>
   </trkpt>
   <trkpt lat="22.7392900" lon="120.3296460">
    <ele>18.6</ele>
    <time>2026-09-23T10:27:30Z</time>
   </trkpt>
   <trkpt lat="22.7392430" lon="120.3295370">
    <ele>18.6</ele>
    <time>2026-09-23T10:27:31Z</time>
   </trkpt>
   <trkpt lat="22.7392000" lon="120.3294240">
    <ele>18.6</ele>
    <time>2026-09-23T10:27:32Z</time>
   </trkpt>
   <trkpt lat="22.7391540" lon="120.3293080">
    <ele>18.7</ele>
    <time>2026-09-23T10:27:33Z</time>
   </trkpt>
   <trkpt lat="22.7391120" lon="120.3292060">
    <ele>18.7</ele>
    <time>2026-09-23T10:27:34Z</time>
   </trkpt>
   <trkpt lat="22.7390730" lon="120.3290960">
    <ele>18.8</ele>
    <time>2026-09-23T10:27:35Z</time>
   </trkpt>
   <trkpt lat="22.7390300" lon="120.3289880">
    <ele>18.8</ele>
    <time>2026-09-23T10:27:36Z</time>
   </trkpt>
   <trkpt lat="22.7389910" lon="120.3288950">
    <ele>18.8</ele>
    <time>2026-09-23T10:27:37Z</time>
   </trkpt>
   <trkpt lat="22.7389430" lon="120.3288050">
    <ele>18.8</ele>
    <time>2026-09-23T10:27:38Z</time>
   </trkpt>
   <trkpt lat="22.7388900" lon="120.3287250">
    <ele>18.8</ele>
    <time>2026-09-23T10:27:39Z</time>
   </trkpt>
   <trkpt lat="22.7388250" lon="120.3286470">
    <ele>18.7</ele>
    <time>2026-09-23T10:27:40Z</time>
   </trkpt>
   <trkpt lat="22.7387580" lon="120.3285770">
    <ele>18.3</ele>
    <time>2026-09-23T10:27:41Z</time>
   </trkpt>
   <trkpt lat="22.7386980" lon="120.3285140">
    <ele>18.2</ele>
    <time>2026-09-23T10:27:42Z</time>
   </trkpt>
   <trkpt lat="22.7386420" lon="120.3284570">
    <ele>18.1</ele>
    <time>2026-09-23T10:27:43Z</time>
   </trkpt>
   <trkpt lat="22.7385870" lon="120.3283970">
    <ele>17.9</ele>
    <time>2026-09-23T10:27:44Z</time>
   </trkpt>
   <trkpt lat="22.7385450" lon="120.3283440">
    <ele>17.9</ele>
    <time>2026-09-23T10:27:45Z</time>
   </trkpt>
   <trkpt lat="22.7385140" lon="120.3283080">
    <ele>17.8</ele>
    <time>2026-09-23T10:27:46Z</time>
   </trkpt>
   <trkpt lat="22.7384800" lon="120.3282710">
    <ele>17.8</ele>
    <time>2026-09-23T10:27:47Z</time>
   </trkpt>
   <trkpt lat="22.7384500" lon="120.3282330">
    <ele>17.7</ele>
    <time>2026-09-23T10:27:48Z</time>
   </trkpt>
   <trkpt lat="22.7384210" lon="120.3281990">
    <ele>17.7</ele>
    <time>2026-09-23T10:27:49Z</time>
   </trkpt>
   <trkpt lat="22.7384040" lon="120.3281730">
    <ele>17.7</ele>
    <time>2026-09-23T10:27:50Z</time>
   </trkpt>
   <trkpt lat="22.7383910" lon="120.3281420">
    <ele>17.7</ele>
    <time>2026-09-23T10:27:51Z</time>
   </trkpt>
   <trkpt lat="22.7383560" lon="120.3281090">
    <ele>17.6</ele>
    <time>2026-09-23T10:27:52Z</time>
   </trkpt>
   <trkpt lat="22.7383110" lon="120.3280650">
    <ele>17.6</ele>
    <time>2026-09-23T10:27:53Z</time>
   </trkpt>
   <trkpt lat="22.7382620" lon="120.3280210">
    <ele>17.5</ele>
    <time>2026-09-23T10:27:54Z</time>
   </trkpt>
   <trkpt lat="22.7382120" lon="120.3279630">
    <ele>17.5</ele>
    <time>2026-09-23T10:27:55Z</time>
   </trkpt>
   <trkpt lat="22.7381490" lon="120.3278960">
    <ele>17.4</ele>
    <time>2026-09-23T10:27:56Z</time>
   </trkpt>
   <trkpt lat="22.7380990" lon="120.3278460">
    <ele>17.3</ele>
    <time>2026-09-23T10:27:57Z</time>
   </trkpt>
   <trkpt lat="22.7380480" lon="120.3277960">
    <ele>17.2</ele>
    <time>2026-09-23T10:27:58Z</time>
   </trkpt>
   <trkpt lat="22.7379890" lon="120.3277420">
    <ele>17.2</ele>
    <time>2026-09-23T10:27:59Z</time>
   </trkpt>
   <trkpt lat="22.7379280" lon="120.3276950">
    <ele>17.2</ele>
    <time>2026-09-23T10:28:00Z</time>
   </trkpt>
   <trkpt lat="22.7378790" lon="120.3276460">
    <ele>17.2</ele>
    <time>2026-09-23T10:28:01Z</time>
   </trkpt>
   <trkpt lat="22.7378310" lon="120.3275970">
    <ele>17.2</ele>
    <time>2026-09-23T10:28:02Z</time>
   </trkpt>
   <trkpt lat="22.7377900" lon="120.3275520">
    <ele>17.2</ele>
    <time>2026-09-23T10:28:03Z</time>
   </trkpt>
   <trkpt lat="22.7377560" lon="120.3275170">
    <ele>17.3</ele>
    <time>2026-09-23T10:28:04Z</time>
   </trkpt>
   <trkpt lat="22.7377290" lon="120.3274840">
    <ele>17.3</ele>
    <time>2026-09-23T10:28:05Z</time>
   </trkpt>
   <trkpt lat="22.7377040" lon="120.3274600">
    <ele>17.3</ele>
    <time>2026-09-23T10:28:06Z</time>
   </trkpt>
   <trkpt lat="22.7376860" lon="120.3274450">
    <ele>17.3</ele>
    <time>2026-09-23T10:28:07Z</time>
   </trkpt>
   <trkpt lat="22.7376800" lon="120.3274390">
    <ele>17.3</ele>
    <time>2026-09-23T10:28:08Z</time>
   </trkpt>
   <trkpt lat="22.7376820" lon="120.3274450">
    <ele>17.3</ele>
    <time>2026-09-23T10:28:09Z</time>
   </trkpt>
   <trkpt lat="22.7376830" lon="120.3274450">
    <ele>17.3</ele>
    <time>2026-09-23T10:28:10Z</time>
   </trkpt>
   <trkpt lat="22.7376820" lon="120.3274450">
    <ele>17.3</ele>
    <time>2026-09-23T10:28:11Z</time>
   </trkpt>
   <trkpt lat="22.7376820" lon="120.3274440">
    <ele>17.3</ele>
    <time>2026-09-23T10:28:12Z</time>
   </trkpt>
   <trkpt lat="22.7376820" lon="120.3274440">
    <ele>17.3</ele>
    <time>2026-09-23T10:28:13Z</time>
   </trkpt>
   <trkpt lat="22.7376820" lon="120.3274390">
    <ele>17.3</ele>
    <time>2026-09-23T10:28:14Z</time>
   </trkpt>
   <trkpt lat="22.7376850" lon="120.3274450">
    <ele>17.3</ele>
    <time>2026-09-23T10:28:15Z</time>
   </trkpt>
   <trkpt lat="22.7376860" lon="120.3274470">
    <ele>17.3</ele>
    <time>2026-09-23T10:28:16Z</time>
   </trkpt>
   <trkpt lat="22.7376850" lon="120.3274440">
    <ele>17.3</ele>
    <time>2026-09-23T10:28:17Z</time>
   </trkpt>
  </trkseg>
 </trk>
</gpx>
