<?xml version="1.0" encoding="UTF-8"?>
<gpx creator="StravaGPX" version="1.1" xmlns="http://www.topografix.com/GPX/1/1" xmlns:xsi="http://www.w3.org/2001/XMLSchema-instance" xsi:schemaLocation="http://www.topografix.com/GPX/1/1 http://www.topografix.com/GPX/1/1/gpx.xsd">
 <metadata>
  <time>2026-10-06T06:00:22Z</time>
 </metadata>
 <trk>
  <name>Afternoon Run</name>
  <type>running</type>
  <trkseg>
   <trkpt lat="22.7371600" lon="120.3304190">
    <ele>19.9</ele>
    <time>2026-10-06T06:00:22Z</time>
   </trkpt>
   <trkpt lat="22.7371160" lon="120.3304560">
    <ele>19.9</ele>
    <time>2026-10-06T06:00:23Z</time>
   </trkpt>
   <trkpt lat="22.7370860" lon="120.3304750">
    <ele>19.9</ele>
    <time>2026-10-06T06:00:25Z</time>
   </trkpt>
   <trkpt lat="22.7370650" lon="120.3304850">
    <ele>19.9</ele>
    <time>2026-10-06T06:00:26Z</time>
   </trkpt>
   <trkpt lat="22.7370610" lon="120.3304880">
    <ele>19.9</ele>
    <time>2026-10-06T06:00:27Z</time>
   </trkpt>
   <trkpt lat="22.7370690" lon="120.3304800">
    <ele>19.9</ele>
    <time>2026-10-06T06:00:28Z</time>
   </trkpt>
   <trkpt lat="22.7370910" lon="120.3304770">
    <ele>19.9</ele>
    <time>2026-10-06T06:00:29Z</time>
   </trkpt>
   <trkpt lat="22.7370970" lon="120.3304740">
    <ele>19.9</ele>
    <time>2026-10-06T06:00:30Z</time>
   </trkpt>
   <trkpt lat="22.7370990" lon="120.3304730">
    <ele>19.9</ele>
    <time>2026-10-06T06:00:31Z</time>
   </trkpt>
   <trkpt lat="22.7370940" lon="120.3304750">
    <ele>19.9</ele>
    <time>2026-10-06T06:00:32Z</time>
   </trkpt>
   <trkpt lat="22.7370970" lon="120.3304850">
    <ele>19.9</ele>
    <time>2026-10-06T06:00:33Z</time>
   </trkpt>
   <trkpt lat="22.7371040" lon="120.3304790">
    <ele>19.9</ele>
    <time>2026-10-06T06:00:34Z</time>
   </trkpt>
   <trkpt lat="22.7371170" lon="120.3304800">
    <ele>19.9</ele>
    <time>2026-10-06T06:00:35Z</time>
   </trkpt>
   <trkpt lat="22.7371340" lon="120.3304850">
    <ele>19.9</ele>
    <time>2026-10-06T06:00:36Z</time>
   </trkpt>
   <trkpt lat="22.7371470" lon="120.3304860">
    <ele>19.9</ele>
    <time>2026-10-06T06:00:37Z</time>
   </trkpt>
   <trkpt lat="22.7371630" lon="120.3304880">
    <ele>19.9</ele>
    <time>2026-10-06T06:00:38Z</time>
   </trkpt>
   <trkpt lat="22.7371740" lon="120.3304830">
    <ele>19.8</ele>
    <time>2026-10-06T06:00:39Z</time>
   </trkpt>
   <trkpt lat="22.7371800" lon="120.3304740">
    <ele>19.8</ele>
    <time>2026-10-06T06:00:40Z</time>
   </trkpt>
   <trkpt lat="22.7371840" lon="120.3304680">
    <ele>19.8</ele>
    <time>2026-10-06T06:00:41Z</time>
   </trkpt>
   <trkpt lat="22.7371870" lon="120.3304670">
    <ele>19.8</ele>
    <time>2026-10-06T06:00:42Z</time>
   </trkpt>
   <trkpt lat="22.7371930" lon="120.3304630">
    <ele>19.8</ele>
    <time>2026-10-06T06:00:43Z</time>
   </trkpt>
   <trkpt lat="22.7371980" lon="120.3304550">
    <ele>19.8</ele>
    <time>2026-10-06T06:00:44Z</time>
   </trkpt>
   <trkpt lat="22.7372020" lon="120.3304540">
    <ele>19.8</ele>
    <time>2026-10-06T06:00:45Z</time>
   </trkpt>
   <trkpt lat="22.7372100" lon="120.3304450">
    <ele>19.8</ele>
    <time>2026-10-06T06:00:46Z</time>
   </trkpt>
   <trkpt lat="22.7372160" lon="120.3304360">
    <ele>19.8</ele>
    <time>2026-10-06T06:00:47Z</time>
   </trkpt>
   <trkpt lat="22.7372210" lon="120.3304260">
    <ele>19.8</ele>
    <time>2026-10-06T06:00:48Z</time>
   </trkpt>
   <trkpt lat="22.7372280" lon="120.3304200">
    <ele>19.8</ele>
    <time>2026-10-06T06:00:49Z</time>
   </trkpt>
   <trkpt lat="22.7372390" lon="120.3304100">
    <ele>19.8</ele>
    <time>2026-10-06T06:00:50Z</time>
   </trkpt>
   <trkpt lat="22.7372500" lon="120.3304040">
    <ele>19.8</ele>
    <time>2026-10-06T06:00:51Z</time>
   </trkpt>
   <trkpt lat="22.7372570" lon="120.3303980">
    <ele>19.8</ele>
    <time>2026-10-06T06:00:52Z</time>
   </trkpt>
   <trkpt lat="22.7372640" lon="120.3303940">
    <ele>19.8</ele>
    <time>2026-10-06T06:00:53Z</time>
   </trkpt>
   <trkpt lat="22.7372750" lon="120.3303940">
    <ele>19.8</ele>
    <time>2026-10-06T06:00:54Z</time>
   </trkpt>
   <trkpt lat="22.7372880" lon="120.3303950">
    <ele>19.8</ele>
    <time>2026-10-06T06:00:55Z</time>
   </trkpt>
   <trkpt lat="22.7373020" lon="120.3303930">
    <ele>19.8</ele>
    <time>2026-10-06T06:00:56Z</time>
   </trkpt>
   <trkpt lat="22.7373160" lon="120.3303940">
    <ele>19.8</ele>
    <time>2026-10-06T06:00:57Z</time>
   </trkpt>
   <trkpt lat="22.7373330" lon="120.3303990">
    <ele>19.8</ele>
    <time>2026-10-06T06:00:58Z</time>
   </trkpt>
   <trkpt lat="22.7373500" lon="120.3303990">
    <ele>19.8</ele>
    <time>2026-10-06T06:01:00Z</time>
   </trkpt>
   <trkpt lat="22.7373640" lon="120.3303900">
    <ele>19.8</ele>
    <time>2026-10-06T06:01:01Z</time>
   </trkpt>
   <trkpt lat="22.7373760" lon="120.3303800">
    <ele>19.8</ele>
    <time>2026-10-06T06:01:02Z</time>
   </trkpt>
   <trkpt lat="22.7373840" lon="120.3303750">
    <ele>19.8</ele>
    <time>2026-10-06T06:01:03Z</time>
   </trkpt>
   <trkpt lat="22.7373950" lon="120.3303660">
    <ele>19.8</ele>
    <time>2026-10-06T06:01:04Z</time>
   </trkpt>
   <trkpt lat="22.7374020" lon="120.3303580">
    <ele>19.8</ele>
    <time>2026-10-06T06:01:05Z</time>
   </trkpt>
   <trkpt lat="22.7373970" lon="120.3303410">
    <ele>19.8</ele>
    <time>2026-10-06T06:01:06Z</time>
   </trkpt>
   <trkpt lat="22.7374050" lon="120.3303310">
    <ele>19.8</ele>
    <time>2026-10-06T06:01:08Z</time>
   </trkpt>
   <trkpt lat="22.7374160" lon="120.3303270">
    <ele>19.8</ele>
    <time>2026-10-06T06:01:09Z</time>
   </trkpt>
   <trkpt lat="22.7374280" lon="120.3303220">
    <ele>19.8</ele>
    <time>2026-10-06T06:01:10Z</time>
   </trkpt>
   <trkpt lat="22.7374400" lon="120.3303180">
    <ele>19.8</ele>
    <time>2026-10-06T06:01:11Z</time>
   </trkpt>
   <trkpt lat="22.7374490" lon="120.3303070">
    <ele>19.8</ele>
    <time>2026-10-06T06:01:12Z</time>
   </trkpt>
   <trkpt lat="22.7374550" lon="120.3303010">
    <ele>19.8</ele>
    <time>2026-10-06T06:01:13Z</time>
   </trkpt>
   <trkpt lat="22.7374710" lon="120.3302990">
    <ele>19.8</ele>
    <time>2026-10-06T06:01:14Z</time>
   </trkpt>
   <trkpt lat="22.7374820" lon="120.3302960">
    <ele>19.8</ele>
    <time>2026-10-06T06:01:15Z</time>
   </trkpt>
   <trkpt lat="22.7374940" lon="120.3302910">
    <ele>19.8</ele>
    <time>2026-10-06T06:01:16Z</time>
   </trkpt>
   <trkpt lat="22.7375030" lon="120.3302850">
    <ele>19.7</ele>
    <time>2026-10-06T06:01:17Z</time>
   </trkpt>
   <trkpt lat="22.7375100" lon="120.3302740">
    <ele>19.7</ele>
    <time>2026-10-06T06:01:18Z</time>
   </trkpt>
   <trkpt lat="22.7375110" lon="120.3302650">
    <ele>19.7</ele>
    <time>2026-10-06T06:01:19Z</time>
   </trkpt>
   <trkpt lat="22.7375140" lon="120.3302610">
    <ele>19.7</ele>
    <time>2026-10-06T06:01:20Z</time>
   </trkpt>
   <trkpt lat="22.7375230" lon="120.3302640">
    <ele>19.7</ele>
    <time>2026-10-06T06:01:21Z</time>
   </trkpt>
   <trkpt lat="22.7375340" lon="120.3302680">
    <ele>19.7</ele>
    <time>2026-10-06T06:01:22Z</time>
   </trkpt>
   <trkpt lat="22.7375450" lon="120.3302700">
    <ele>19.7</ele>
    <time>2026-10-06T06:01:23Z</time>
   </trkpt>
   <trkpt lat="22.7375530" lon="120.3302720">
    <ele>19.7</ele>
    <time>2026-10-06T06:01:24Z</time>
   </trkpt>
   <trkpt lat="22.7375560" lon="120.3302730">
    <ele>19.7</ele>
    <time>2026-10-06T06:01:25Z</time>
   </trkpt>
   <trkpt lat="22.7375610" lon="120.3302750">
    <ele>19.7</ele>
    <time>2026-10-06T06:01:26Z</time>
   </trkpt>
   <trkpt lat="22.7375680" lon="120.3302800">
    <ele>19.7</ele>
    <time>2026-10-06T06:01:27Z</time>
   </trkpt>
   <trkpt lat="22.7375750" lon="120.3302880">
    <ele>19.7</ele>
    <time>2026-10-06T06:01:28Z</time>
   </trkpt>
   <trkpt lat="22.7375810" lon="120.3302950">
    <ele>19.8</ele>
    <time>2026-10-06T06:01:29Z</time>
   </trkpt>
   <trkpt lat="22.7375850" lon="120.3303050">
    <ele>19.8</ele>
    <time>2026-10-06T06:01:30Z</time>
   </trkpt>
   <trkpt lat="22.7375890" lon="120.3303160">
    <ele>19.8</ele>
    <time>2026-10-06T06:01:31Z</time>
   </trkpt>
   <trkpt lat="22.7375930" lon="120.3303290">
    <ele>19.8</ele>
    <time>2026-10-06T06:01:32Z</time>
   </trkpt>
   <trkpt lat="22.7375960" lon="120.3303420">
    <ele>19.8</ele>
    <time>2026-10-06T06:01:33Z</time>
   </trkpt>
   <trkpt lat="22.7375990" lon="120.3303540">
    <ele>19.8</ele>
    <time>2026-10-06T06:01:34Z</time>
   </trkpt>
   <trkpt lat="22.7376020" lon="120.3303670">
    <ele>19.8</ele>
    <time>2026-10-06T06:01:35Z</time>
   </trkpt>
   <trkpt lat="22.7376060" lon="120.3303770">
    <ele>19.8</ele>
    <time>2026-10-06T06:01:36Z</time>
   </trkpt>
   <trkpt lat="22.7376050" lon="120.3303890">
    <ele>19.8</ele>
    <time>2026-10-06T06:01:37Z</time>
   </trkpt>
   <trkpt lat="22.7376070" lon="120.3303980">
    <ele>19.8</ele>
    <time>2026-10-06T06:01:38Z</time>
   </trkpt>
   <trkpt lat="22.7376070" lon="120.3304100">
    <ele>19.8</ele>
    <time>2026-10-06T06:01:39Z</time>
   </trkpt>
   <trkpt lat="22.7376090" lon="120.3304190">
    <ele>19.8</ele>
    <time>2026-10-06T06:01:40Z</time>
   </trkpt>
   <trkpt lat="22.7376050" lon="120.3304310">
    <ele>19.8</ele>
    <time>2026-10-06T06:01:41Z</time>
   </trkpt>
   <trkpt lat="22.7376040" lon="120.3304440">
    <ele>19.8</ele>
    <time>2026-10-06T06:01:42Z</time>
   </trkpt>
   <trkpt lat="22.7376040" lon="120.3304510">
    <ele>19.8</ele>
    <time>2026-10-06T06:01:43Z</time>
   </trkpt>
   <trkpt lat="22.7376030" lon="120.3304550">
    <ele>19.8</ele>
    <time>2026-10-06T06:01:44Z</time>
   </trkpt>
   <trkpt lat="22.7376000" lon="120.3304600">
    <ele>19.8</ele>
    <time>2026-10-06T06:01:45Z</time>
   </trkpt>
   <trkpt lat="22.7375960" lon="120.3304640">
    <ele>19.8</ele>
    <time>2026-10-06T06:01:46Z</time>
   </trkpt>
   <trkpt lat="22.7375950" lon="120.3304670">
    <ele>19.8</ele>
    <time>2026-10-06T06:01:47Z</time>
   </trkpt>
   <trkpt lat="22.7375950" lon="120.3304670">
    <ele>19.8</ele>
    <time>2026-10-06T06:01:48Z</time>
   </trkpt>
   <trkpt lat="22.7375950" lon="120.3304650">
    <ele>19.8</ele>
    <time>2026-10-06T06:01:49Z</time>
   </trkpt>
   <trkpt lat="22.7375970" lon="120.3304640">
    <ele>19.8</ele>
    <time>2026-10-06T06:01:50Z</time>
   </trkpt>
   <trkpt lat="22.7375990" lon="120.3304640">
    <ele>19.8</ele>
    <time>2026-10-06T06:01:51Z</time>
   </trkpt>
   <trkpt lat="22.7376040" lon="120.3304740">
    <ele>19.8</ele>
    <time>2026-10-06T06:01:52Z</time>
   </trkpt>
   <trkpt lat="22.7376080" lon="120.3304850">
    <ele>19.8</ele>
    <time>2026-10-06T06:01:53Z</time>
   </trkpt>
   <trkpt lat="22.7376110" lon="120.3304970">
    <ele>19.8</ele>
    <time>2026-10-06T06:01:54Z</time>
   </trkpt>
   <trkpt lat="22.7376150" lon="120.3305000">
    <ele>19.8</ele>
    <time>2026-10-06T06:01:55Z</time>
   </trkpt>
   <trkpt lat="22.7376150" lon="120.3305010">
    <ele>19.8</ele>
    <time>2026-10-06T06:01:56Z</time>
   </trkpt>
   <trkpt lat="22.7376180" lon="120.3305040">
    <ele>19.8</ele>
    <time>2026-10-06T06:01:57Z</time>
   </trkpt>
   <trkpt lat="22.7376250" lon="120.3305060">
    <ele>19.8</ele>
    <time>2026-10-06T06:01:58Z</time>
   </trkpt>
   <trkpt lat="22.7376350" lon="120.3305080">
    <ele>19.8</ele>
    <time>2026-10-06T06:01:59Z</time>
   </trkpt>
   <trkpt lat="22.7376440" lon="120.3305130">
    <ele>19.8</ele>
    <time>2026-10-06T06:02:00Z</time>
   </trkpt>
   <trkpt lat="22.7376500" lon="120.3305200">
    <ele>19.9</ele>
    <time>2026-10-06T06:02:01Z</time>
   </trkpt>
   <trkpt lat="22.7376560" lon="120.3305270">
    <ele>19.9</ele>
    <time>2026-10-06T06:02:02Z</time>
   </trkpt>
   <trkpt lat="22.7376520" lon="120.3305310">
    <ele>19.9</ele>
    <time>2026-10-06T06:02:03Z</time>
   </trkpt>
   <trkpt lat="22.7376470" lon="120.3305370">
    <ele>19.9</ele>
    <time>2026-10-06T06:02:04Z</time>
   </trkpt>
   <trkpt lat="22.7376490" lon="120.3305400">
    <ele>19.9</ele>
    <time>2026-10-06T06:02:05Z</time>
   </trkpt>
   <trkpt lat="22.7376540" lon="120.3305410">
    <ele>19.9</ele>
    <time>2026-10-06T06:02:06Z</time>
   </trkpt>
   <trkpt lat="22.7376610" lon="120.3305390">
    <ele>19.9</ele>
    <time>2026-10-06T06:02:07Z</time>
   </trkpt>
   <trkpt lat="22.7376690" lon="120.3305370">
    <ele>19.9</ele>
    <time>2026-10-06T06:02:08Z</time>
   </trkpt>
   <trkpt lat="22.7376750" lon="120.3305380">
    <ele>19.9</ele>
    <time>2026-10-06T06:02:09Z</time>
   </trkpt>
   <trkpt lat="22.7376810" lon="120.3305430">
    <ele>19.9</ele>
    <time>2026-10-06T06:02:10Z</time>
   </trkpt>
   <trkpt lat="22.7376880" lon="120.3305510">
    <ele>19.9</ele>
    <time>2026-10-06T06:02:11Z</time>
   </trkpt>
   <trkpt lat="22.7376930" lon="120.3305560">
    <ele>19.9</ele>
    <time>2026-10-06T06:02:12Z</time>
   </trkpt>
   <trkpt lat="22.7376880" lon="120.3305630">
    <ele>19.9</ele>
    <time>2026-10-06T06:02:13Z</time>
   </trkpt>
   <trkpt lat="22.7376860" lon="120.3305670">
    <ele>19.9</ele>
    <time>2026-10-06T06:02:14Z</time>
   </trkpt>
   <trkpt lat="22.7376880" lon="120.3305670">
    <ele>19.9</ele>
    <time>2026-10-06T06:02:15Z</time>
   </trkpt>
   <trkpt lat="22.7376910" lon="120.3305590">
    <ele>19.9</ele>
    <time>2026-10-06T06:02:16Z</time>
   </trkpt>
   <trkpt lat="22.7376940" lon="120.3305550">
    <ele>19.9</ele>
    <time>2026-10-06T06:02:17Z</time>
   </trkpt>
   <trkpt lat="22.7376980" lon="120.3305520">
    <ele>19.9</ele>
    <time>2026-10-06T06:02:18Z</time>
   </trkpt>
   <trkpt lat="22.7377010" lon="120.3305500">
    <ele>19.9</ele>
    <time>2026-10-06T06:02:19Z</time>
   </trkpt>
   <trkpt lat="22.7377030" lon="120.3305530">
    <ele>19.9</ele>
    <time>2026-10-06T06:02:20Z</time>
   </trkpt>
   <trkpt lat="22.7377070" lon="120.3305570">
    <ele>19.9</ele>
    <time>2026-10-06T06:02:21Z</time>
   </trkpt>
   <trkpt lat="22.7377100" lon="120.3305650">
    <ele>19.9</ele>
    <time>2026-10-06T06:02:22Z</time>
   </trkpt>
   <trkpt lat="22.7377090" lon="120.3305680">
    <ele>19.9</ele>
    <time>2026-10-06T06:02:23Z</time>
   </trkpt>
   <trkpt lat="22.7377060" lon="120.3305710">
    <ele>19.9</ele>
    <time>2026-10-06T06:02:25Z</time>
   </trkpt>
   <trkpt lat="22.7377050" lon="120.3305710">
    <ele>19.9</ele>
    <time>2026-10-06T06:02:26Z</time>
   </trkpt>
   <trkpt lat="22.7377040" lon="120.3305710">
    <ele>19.9</ele>
    <time>2026-10-06T06:02:27Z</time>
   </trkpt>
   <trkpt lat="22.7377040" lon="120.3305700">
    <ele>19.9</ele>
    <time>2026-10-06T06:02:29Z</time>
   </trkpt>
   <trkpt lat="22.7377010" lon="120.3305740">
    <ele>19.9</ele>
    <time>2026-10-06T06:02:30Z</time>
   </trkpt>
   <trkpt lat="22.7377010" lon="120.3305730">
    <ele>19.9</ele>
    <time>2026-10-06T06:02:31Z</time>
   </trkpt>
   <trkpt lat="22.7377020" lon="120.3305720">
    <ele>19.9</ele>
    <time>2026-10-06T06:02:32Z</time>
   </trkpt>
   <trkpt lat="22.7377030" lon="120.3305720">
    <ele>19.9</ele>
    <time>2026-10-06T06:02:33Z</time>
   </trkpt>
   <trkpt lat="22.7377050" lon="120.3305730">
    <ele>19.9</ele>
    <time>2026-10-06T06:02:34Z</time>
   </trkpt>
   <trkpt lat="22.7377150" lon="120.3305810">
    <ele>19.9</ele>
    <time>2026-10-06T06:02:35Z</time>
   </trkpt>
   <trkpt lat="22.7377230" lon="120.3305910">
    <ele>19.9</ele>
    <time>2026-10-06T06:02:36Z</time>
   </trkpt>
   <trkpt lat="22.7377240" lon="120.3306010">
    <ele>19.9</ele>
    <time>2026-10-06T06:02:37Z</time>
   </trkpt>
   <trkpt lat="22.7377220" lon="120.3306100">
    <ele>19.8</ele>
    <time>2026-10-06T06:02:38Z</time>
   </trkpt>
   <trkpt lat="22.7377220" lon="120.3306140">
    <ele>19.8</ele>
    <time>2026-10-06T06:02:39Z</time>
   </trkpt>
   <trkpt lat="22.7377230" lon="120.3306140">
    <ele>19.8</ele>
    <time>2026-10-06T06:02:40Z</time>
   </trkpt>
   <trkpt lat="22.7377220" lon="120.3306120">
    <ele>19.8</ele>
    <time>2026-10-06T06:02:41Z</time>
   </trkpt>
   <trkpt lat="22.7377210" lon="120.3306100">
    <ele>19.8</ele>
    <time>2026-10-06T06:02:42Z</time>
   </trkpt>
   <trkpt lat="22.7377220" lon="120.3306100">
    <ele>19.8</ele>
    <time>2026-10-06T06:02:43Z</time>
   </trkpt>
   <trkpt lat="22.7377260" lon="120.3306150">
    <ele>19.8</ele>
    <time>2026-10-06T06:02:44Z</time>
   </trkpt>
   <trkpt lat="22.7377290" lon="120.3306190">
    <ele>19.8</ele>
    <time>2026-10-06T06:02:45Z</time>
   </trkpt>
   <trkpt lat="22.7377340" lon="120.3306270">
    <ele>19.8</ele>
    <time>2026-10-06T06:02:46Z</time>
   </trkpt>
   <trkpt lat="22.7377400" lon="120.3306380">
    <ele>19.8</ele>
    <time>2026-10-06T06:02:47Z</time>
   </trkpt>
   <trkpt lat="22.7377410" lon="120.3306450">
    <ele>19.8</ele>
    <time>2026-10-06T06:02:48Z</time>
   </trkpt>
   <trkpt lat="22.7377380" lon="120.3306520">
    <ele>19.8</ele>
    <time>2026-10-06T06:02:49Z</time>
   </trkpt>
   <trkpt lat="22.7377370" lon="120.3306540">
    <ele>19.8</ele>
    <time>2026-10-06T06:02:50Z</time>
   </trkpt>
   <trkpt lat="22.7377380" lon="120.3306570">
    <ele>19.8</ele>
    <time>2026-10-06T06:02:51Z</time>
   </trkpt>
   <trkpt lat="22.7377400" lon="120.3306560">
    <ele>19.8</ele>
    <time>2026-10-06T06:02:52Z</time>
   </trkpt>
   <trkpt lat="22.7377420" lon="120.3306560">
    <ele>19.8</ele>
    <time>2026-10-06T06:02:54Z</time>
   </trkpt>
   <trkpt lat="22.7377480" lon="120.3306620">
    <ele>19.8</ele>
    <time>2026-10-06T06:02:55Z</time>
   </trkpt>
   <trkpt lat="22.7377530" lon="120.3306690">
    <ele>19.8</ele>
    <time>2026-10-06T06:02:56Z</time>
   </trkpt>
   <trkpt lat="22.7377590" lon="120.3306800">
    <ele>19.7</ele>
    <time>2026-10-06T06:02:57Z</time>
   </trkpt>
   <trkpt lat="22.7377610" lon="120.3306890">
    <ele>19.7</ele>
    <time>2026-10-06T06:02:58Z</time>
   </trkpt>
   <trkpt lat="22.7377560" lon="120.3306910">
    <ele>19.7</ele>
    <time>2026-10-06T06:02:59Z</time>
   </trkpt>
   <trkpt lat="22.7377530" lon="120.3306930">
    <ele>19.7</ele>
    <time>2026-10-06T06:03:00Z</time>
   </trkpt>
   <trkpt lat="22.7377550" lon="120.3306950">
    <ele>19.7</ele>
    <time>2026-10-06T06:03:01Z</time>
   </trkpt>
   <trkpt lat="22.7377580" lon="120.3306950">
    <ele>19.7</ele>
    <time>2026-10-06T06:03:02Z</time>
   </trkpt>
   <trkpt lat="22.7377620" lon="120.3306970">
    <ele>19.7</ele>
    <time>2026-10-06T06:03:03Z</time>
   </trkpt>
   <trkpt lat="22.7377700" lon="120.3307050">
    <ele>19.7</ele>
    <time>2026-10-06T06:03:04Z</time>
   </trkpt>
   <trkpt lat="22.7377750" lon="120.3307120">
    <ele>19.6</ele>
    <time>2026-10-06T06:03:05Z</time>
   </trkpt>
   <trkpt lat="22.7377770" lon="120.3307200">
    <ele>19.6</ele>
    <time>2026-10-06T06:03:06Z</time>
   </trkpt>
   <trkpt lat="22.7377740" lon="120.3307270">
    <ele>19.6</ele>
    <time>2026-10-06T06:03:07Z</time>
   </trkpt>
   <trkpt lat="22.7377710" lon="120.3307310">
    <ele>19.6</ele>
    <time>2026-10-06T06:03:08Z</time>
   </trkpt>
   <trkpt lat="22.7377710" lon="120.3307330">
    <ele>19.6</ele>
    <time>2026-10-06T06:03:09Z</time>
   </trkpt>
   <trkpt lat="22.7377750" lon="120.3307330">
    <ele>19.6</ele>
    <time>2026-10-06T06:03:10Z</time>
   </trkpt>
   <trkpt lat="22.7377780" lon="120.3307310">
    <ele>19.6</ele>
    <time>2026-10-06T06:03:11Z</time>
   </trkpt>
   <trkpt lat="22.7377830" lon="120.3307320">
    <ele>19.6</ele>
    <time>2026-10-06T06:03:12Z</time>
   </trkpt>
   <trkpt lat="22.7377910" lon="120.3307370">
    <ele>19.6</ele>
    <time>2026-10-06T06:03:13Z</time>
   </trkpt>
   <trkpt lat="22.7377950" lon="120.3307460">
    <ele>19.6</ele>
    <time>2026-10-06T06:03:14Z</time>
   </trkpt>
   <trkpt lat="22.7377960" lon="120.3307560">
    <ele>19.5</ele>
    <time>2026-10-06T06:03:15Z</time>
   </trkpt>
   <trkpt lat="22.7377930" lon="120.3307620">
    <ele>19.5</ele>
    <time>2026-10-06T06:03:16Z</time>
   </trkpt>
   <trkpt lat="22.7377880" lon="120.3307670">
    <ele>19.5</ele>
    <time>2026-10-06T06:03:17Z</time>
   </trkpt>
   <trkpt lat="22.7377850" lon="120.3307710">
    <ele>19.5</ele>
    <time>2026-10-06T06:03:18Z</time>
   </trkpt>
   <trkpt lat="22.7377860" lon="120.3307790">
    <ele>19.5</ele>
    <time>2026-10-06T06:03:19Z</time>
   </trkpt>
   <trkpt lat="22.7377950" lon="120.3307810">
    <ele>19.5</ele>
    <time>2026-10-06T06:03:20Z</time>
   </trkpt>
   <trkpt lat="22.7378030" lon="120.3307810">
    <ele>19.5</ele>
    <time>2026-10-06T06:03:21Z</time>
   </trkpt>
   <trkpt lat="22.7378090" lon="120.3307870">
    <ele>19.5</ele>
    <time>2026-10-06T06:03:22Z</time>
   </trkpt>
   <trkpt lat="22.7378140" lon="120.3307950">
    <ele>19.5</ele>
    <time>2026-10-06T06:03:23Z</time>
   </trkpt>
   <trkpt lat="22.7378150" lon="120.3308020">
    <ele>19.5</ele>
    <time>2026-10-06T06:03:24Z</time>
   </trkpt>
   <trkpt lat="22.7378120" lon="120.3308070">
    <ele>19.5</ele>
    <time>2026-10-06T06:03:25Z</time>
   </trkpt>
   <trkpt lat="22.7378090" lon="120.3308110">
    <ele>19.5</ele>
    <time>2026-10-06T06:03:26Z</time>
   </trkpt>
   <trkpt lat="22.7378130" lon="120.3308120">
    <ele>19.5</ele>
    <time>2026-10-06T06:03:27Z</time>
   </trkpt>
   <trkpt lat="22.7378190" lon="120.3308110">
    <ele>19.5</ele>
    <time>2026-10-06T06:03:28Z</time>
   </trkpt>
   <trkpt lat="22.7378230" lon="120.3308080">
    <ele>19.4</ele>
    <time>2026-10-06T06:03:29Z</time>
   </trkpt>
   <trkpt lat="22.7378290" lon="120.3308100">
    <ele>19.4</ele>
    <time>2026-10-06T06:03:30Z</time>
   </trkpt>
   <trkpt lat="22.7378370" lon="120.3308150">
    <ele>19.4</ele>
    <time>2026-10-06T06:03:31Z</time>
   </trkpt>
   <trkpt lat="22.7378430" lon="120.3308210">
    <ele>19.4</ele>
    <time>2026-10-06T06:03:32Z</time>
   </trkpt>
   <trkpt lat="22.7378440" lon="120.3308250">
    <ele>19.4</ele>
    <time>2026-10-06T06:03:33Z</time>
   </trkpt>
   <trkpt lat="22.7378420" lon="120.3308280">
    <ele>19.4</ele>
    <time>2026-10-06T06:03:34Z</time>
   </trkpt>
   <trkpt lat="22.7378380" lon="120.3308250">
    <ele>19.4</ele>
    <time>2026-10-06T06:03:35Z</time>
   </trkpt>
   <trkpt lat="22.7378360" lon="120.3308200">
    <ele>19.4</ele>
    <time>2026-10-06T06:03:36Z</time>
   </trkpt>
   <trkpt lat="22.7378340" lon="120.3308190">
    <ele>19.4</ele>
    <time>2026-10-06T06:03:37Z</time>
   </trkpt>
   <trkpt lat="22.7378300" lon="120.3308200">
    <ele>19.4</ele>
    <time>2026-10-06T06:03:38Z</time>
   </trkpt>
   <trkpt lat="22.7378280" lon="120.3308210">
    <ele>19.4</ele>
    <time>2026-10-06T06:03:39Z</time>
   </trkpt>
   <trkpt lat="22.7378260" lon="120.3308240">
    <ele>19.4</ele>
    <time>2026-10-06T06:03:40Z</time>
   </trkpt>
   <trkpt lat="22.7378260" lon="120.3308250">
    <ele>19.4</ele>
    <time>2026-10-06T06:03:41Z</time>
   </trkpt>
   <trkpt lat="22.7378250" lon="120.3308240">
    <ele>19.4</ele>
    <time>2026-10-06T06:03:42Z</time>
   </trkpt>
   <trkpt lat="22.7378260" lon="120.3308200">
    <ele>19.4</ele>
    <time>2026-10-06T06:03:43Z</time>
   </trkpt>
   <trkpt lat="22.7378270" lon="120.3308180">
    <ele>19.4</ele>
    <time>2026-10-06T06:03:44Z</time>
   </trkpt>
   <trkpt lat="22.7378270" lon="120.3308170">
    <ele>19.4</ele>
    <time>2026-10-06T06:03:45Z</time>
   </trkpt>
   <trkpt lat="22.7378270" lon="120.3308180">
    <ele>19.4</ele>
    <time>2026-10-06T06:03:46Z</time>
   </trkpt>
   <trkpt lat="22.7378280" lon="120.3308180">
    <ele>19.4</ele>
    <time>2026-10-06T06:03:47Z</time>
   </trkpt>
   <trkpt lat="22.7378280" lon="120.3308180">
    <ele>19.4</ele>
    <time>2026-10-06T06:03:48Z</time>
   </trkpt>
   <trkpt lat="22.7378320" lon="120.3308220">
    <ele>19.4</ele>
    <time>2026-10-06T06:03:49Z</time>
   </trkpt>
   <trkpt lat="22.7378440" lon="120.3308350">
    <ele>19.4</ele>
    <time>2026-10-06T06:03:50Z</time>
   </trkpt>
   <trkpt lat="22.7378460" lon="120.3308460">
    <ele>19.4</ele>
    <time>2026-10-06T06:03:51Z</time>
   </trkpt>
   <trkpt lat="22.7378440" lon="120.3308540">
    <ele>19.4</ele>
    <time>2026-10-06T06:03:52Z</time>
   </trkpt>
   <trkpt lat="22.7378400" lon="120.3308600">
    <ele>19.4</ele>
    <time>2026-10-06T06:03:53Z</time>
   </trkpt>
   <trkpt lat="22.7378400" lon="120.3308630">
    <ele>19.4</ele>
    <time>2026-10-06T06:03:54Z</time>
   </trkpt>
   <trkpt lat="22.7378420" lon="120.3308660">
    <ele>19.4</ele>
    <time>2026-10-06T06:03:55Z</time>
   </trkpt>
   <trkpt lat="22.7378530" lon="120.3308690">
    <ele>19.4</ele>
    <time>2026-10-06T06:03:56Z</time>
   </trkpt>
   <trkpt lat="22.7378640" lon="120.3308760">
    <ele>19.3</ele>
    <time>2026-10-06T06:03:57Z</time>
   </trkpt>
   <trkpt lat="22.7378710" lon="120.3308830">
    <ele>19.3</ele>
    <time>2026-10-06T06:03:58Z</time>
   </trkpt>
   <trkpt lat="22.7378700" lon="120.3308930">
    <ele>19.3</ele>
    <time>2026-10-06T06:03:59Z</time>
   </trkpt>
   <trkpt lat="22.7378680" lon="120.3309000">
    <ele>19.3</ele>
    <time>2026-10-06T06:04:00Z</time>
   </trkpt>
   <trkpt lat="22.7378630" lon="120.3309060">
    <ele>19.3</ele>
    <time>2026-10-06T06:04:01Z</time>
   </trkpt>
   <trkpt lat="22.7378640" lon="120.3309090">
    <ele>19.3</ele>
    <time>2026-10-06T06:04:02Z</time>
   </trkpt>
   <trkpt lat="22.7378700" lon="120.3309100">
    <ele>19.3</ele>
    <time>2026-10-06T06:04:03Z</time>
   </trkpt>
   <trkpt lat="22.7378760" lon="120.3309110">
    <ele>19.3</ele>
    <time>2026-10-06T06:04:04Z</time>
   </trkpt>
   <trkpt lat="22.7378830" lon="120.3309150">
    <ele>19.3</ele>
    <time>2026-10-06T06:04:05Z</time>
   </trkpt>
   <trkpt lat="22.7378920" lon="120.3309180">
    <ele>19.3</ele>
    <time>2026-10-06T06:04:06Z</time>
   </trkpt>
   <trkpt lat="22.7379010" lon="120.3309180">
    <ele>19.3</ele>
    <time>2026-10-06T06:04:07Z</time>
   </trkpt>
   <trkpt lat="22.7379110" lon="120.3309170">
    <ele>19.2</ele>
    <time>2026-10-06T06:04:08Z</time>
   </trkpt>
   <trkpt lat="22.7379240" lon="120.3309120">
    <ele>19.2</ele>
    <time>2026-10-06T06:04:09Z</time>
   </trkpt>
   <trkpt lat="22.7379310" lon="120.3309100">
    <ele>19.2</ele>
    <time>2026-10-06T06:04:10Z</time>
   </trkpt>
   <trkpt lat="22.7379370" lon="120.3309040">
    <ele>19.2</ele>
    <time>2026-10-06T06:04:11Z</time>
   </trkpt>
   <trkpt lat="22.7379370" lon="120.3308980">
    <ele>19.2</ele>
    <time>2026-10-06T06:04:12Z</time>
   </trkpt>
   <trkpt lat="22.7379330" lon="120.3308950">
    <ele>19.2</ele>
    <time>2026-10-06T06:04:13Z</time>
   </trkpt>
   <trkpt lat="22.7379260" lon="120.3308970">
    <ele>19.2</ele>
    <time>2026-10-06T06:04:14Z</time>
   </trkpt>
   <trkpt lat="22.7379210" lon="120.3308950">
    <ele>19.2</ele>
    <time>2026-10-06T06:04:15Z</time>
   </trkpt>
   <trkpt lat="22.7379160" lon="120.3308910">
    <ele>19.2</ele>
    <time>2026-10-06T06:04:16Z</time>
   </trkpt>
   <trkpt lat="22.7379090" lon="120.3308820">
    <ele>19.2</ele>
    <time>2026-10-06T06:04:17Z</time>
   </trkpt>
   <trkpt lat="22.7379090" lon="120.3308710">
    <ele>19.2</ele>
    <time>2026-10-06T06:04:18Z</time>
   </trkpt>
   <trkpt lat="22.7379170" lon="120.3308600">
    <ele>19.3</ele>
    <time>2026-10-06T06:04:20Z</time>
   </trkpt>
   <trkpt lat="22.7379230" lon="120.3308510">
    <ele>19.3</ele>
    <time>2026-10-06T06:04:21Z</time>
   </trkpt>
   <trkpt lat="22.7379170" lon="120.3308470">
    <ele>19.3</ele>
    <time>2026-10-06T06:04:22Z</time>
   </trkpt>
   <trkpt lat="22.7379060" lon="120.3308430">
    <ele>19.3</ele>
    <time>2026-10-06T06:04:23Z</time>
   </trkpt>
   <trkpt lat="22.7379030" lon="120.3308360">
    <ele>19.3</ele>
    <time>2026-10-06T06:04:24Z</time>
   </trkpt>
   <trkpt lat="22.7378980" lon="120.3308260">
    <ele>19.3</ele>
    <time>2026-10-06T06:04:25Z</time>
   </trkpt>
   <trkpt lat="22.7378950" lon="120.3308150">
    <ele>19.3</ele>
    <time>2026-10-06T06:04:26Z</time>
   </trkpt>
   <trkpt lat="22.7378990" lon="120.3308060">
    <ele>19.3</ele>
    <time>2026-10-06T06:04:27Z</time>
   </trkpt>
   <trkpt lat="22.7379040" lon="120.3307960">
    <ele>19.3</ele>
    <time>2026-10-06T06:04:29Z</time>
   </trkpt>
   <trkpt lat="22.7379020" lon="120.3307940">
    <ele>19.3</ele>
    <time>2026-10-06T06:04:30Z</time>
   </trkpt>
   <trkpt lat="22.7378980" lon="120.3307930">
    <ele>19.3</ele>
    <time>2026-10-06T06:04:31Z</time>
   </trkpt>
   <trkpt lat="22.7378940" lon="120.3307910">
    <ele>19.3</ele>
    <time>2026-10-06T06:04:32Z</time>
   </trkpt>
   <trkpt lat="22.7378910" lon="120.3307870">
    <ele>19.3</ele>
    <time>2026-10-06T06:04:33Z</time>
   </trkpt>
   <trkpt lat="22.7378880" lon="120.3307810">
    <ele>19.3</ele>
    <time>2026-10-06T06:04:34Z</time>
   </trkpt>
   <trkpt lat="22.7378850" lon="120.3307750">
    <ele>19.3</ele>
    <time>2026-10-06T06:04:35Z</time>
   </trkpt>
   <trkpt lat="22.7378850" lon="120.3307740">
    <ele>19.3</ele>
    <time>2026-10-06T06:04:36Z</time>
   </trkpt>
   <trkpt lat="22.7378870" lon="120.3307750">
    <ele>19.3</ele>
    <time>2026-10-06T06:04:37Z</time>
   </trkpt>
   <trkpt lat="22.7378870" lon="120.3307770">
    <ele>19.3</ele>
    <time>2026-10-06T06:04:38Z</time>
   </trkpt>
   <trkpt lat="22.7378860" lon="120.3307780">
    <ele>19.3</ele>
    <time>2026-10-06T06:04:39Z</time>
   </trkpt>
   <trkpt lat="22.7378860" lon="120.3307770">
    <ele>19.3</ele>
    <time>2026-10-06T06:04:40Z</time>
   </trkpt>
   <trkpt lat="22.7378830" lon="120.3307780">
    <ele>19.3</ele>
    <time>2026-10-06T06:04:42Z</time>
   </trkpt>
   <trkpt lat="22.7378810" lon="120.3307860">
    <ele>19.3</ele>
    <time>2026-10-06T06:04:43Z</time>
   </trkpt>
   <trkpt lat="22.7378790" lon="120.3307870">
    <ele>19.3</ele>
    <time>2026-10-06T06:04:44Z</time>
   </trkpt>
   <trkpt lat="22.7378790" lon="120.3307880">
    <ele>19.3</ele>
    <time>2026-10-06T06:04:45Z</time>
   </trkpt>
   <trkpt lat="22.7378760" lon="120.3307880">
    <ele>19.3</ele>
    <time>2026-10-06T06:04:46Z</time>
   </trkpt>
   <trkpt lat="22.7378750" lon="120.3307870">
    <ele>19.3</ele>
    <time>2026-10-06T06:04:47Z</time>
   </trkpt>
   <trkpt lat="22.7378730" lon="120.3307870">
    <ele>19.3</ele>
    <time>2026-10-06T06:04:48Z</time>
   </trkpt>
   <trkpt lat="22.7378680" lon="120.3307870">
    <ele>19.3</ele>
    <time>2026-10-06T06:04:49Z</time>
   </trkpt>
   <trkpt lat="22.7378660" lon="120.3307860">
    <ele>19.3</ele>
    <time>2026-10-06T06:04:50Z</time>
   </trkpt>
   <trkpt lat="22.7378630" lon="120.3307830">
    <ele>19.4</ele>
    <time>2026-10-06T06:04:51Z</time>
   </trkpt>
   <trkpt lat="22.7378560" lon="120.3307780">
    <ele>19.4</ele>
    <time>2026-10-06T06:04:52Z</time>
   </trkpt>
   <trkpt lat="22.7378490" lon="120.3307720">
    <ele>19.4</ele>
    <time>2026-10-06T06:04:53Z</time>
   </trkpt>
   <trkpt lat="22.7378470" lon="120.3307620">
    <ele>19.4</ele>
    <time>2026-10-06T06:04:54Z</time>
   </trkpt>
   <trkpt lat="22.7378480" lon="120.3307540">
    <ele>19.4</ele>
    <time>2026-10-06T06:04:56Z</time>
   </trkpt>
   <trkpt lat="22.7378410" lon="120.3307500">
    <ele>19.4</ele>
    <time>2026-10-06T06:04:57Z</time>
   </trkpt>
   <trkpt lat="22.7378370" lon="120.3307520">
    <ele>19.4</ele>
    <time>2026-10-06T06:04:58Z</time>
   </trkpt>
   <trkpt lat="22.7378350" lon="120.3307550">
    <ele>19.4</ele>
    <time>2026-10-06T06:04:59Z</time>
   </trkpt>
   <trkpt lat="22.7378300" lon="120.3307580">
    <ele>19.4</ele>
    <time>2026-10-06T06:05:00Z</time>
   </trkpt>
   <trkpt lat="22.7378250" lon="120.3307600">
    <ele>19.4</ele>
    <time>2026-10-06T06:05:01Z</time>
   </trkpt>
   <trkpt lat="22.7378180" lon="120.3307580">
    <ele>19.4</ele>
    <time>2026-10-06T06:05:02Z</time>
   </trkpt>
   <trkpt lat="22.7378090" lon="120.3307560">
    <ele>19.4</ele>
    <time>2026-10-06T06:05:03Z</time>
   </trkpt>
   <trkpt lat="22.7378000" lon="120.3307530">
    <ele>19.4</ele>
    <time>2026-10-06T06:05:04Z</time>
   </trkpt>
   <trkpt lat="22.7377970" lon="120.3307490">
    <ele>19.4</ele>
    <time>2026-10-06T06:05:05Z</time>
   </trkpt>
   <trkpt lat="22.7377940" lon="120.3307480">
    <ele>19.4</ele>
    <time>2026-10-06T06:05:06Z</time>
   </trkpt>
   <trkpt lat="22.7377940" lon="120.3307490">
    <ele>19.4</ele>
    <time>2026-10-06T06:05:07Z</time>
   </trkpt>
   <trkpt lat="22.7377960" lon="120.3307500">
    <ele>19.4</ele>
    <time>2026-10-06T06:05:08Z</time>
   </trkpt>
   <trkpt lat="22.7377980" lon="120.3307520">
    <ele>19.4</ele>
    <time>2026-10-06T06:05:09Z</time>
   </trkpt>
   <trkpt lat="22.7377980" lon="120.3307520">
    <ele>19.4</ele>
    <time>2026-10-06T06:05:10Z</time>
   </trkpt>
   <trkpt lat="22.7377970" lon="120.3307530">
    <ele>19.4</ele>
    <time>2026-10-06T06:05:11Z</time>
   </trkpt>
   <trkpt lat="22.7377970" lon="120.3307530">
    <ele>19.4</ele>
    <time>2026-10-06T06:05:12Z</time>
   </trkpt>
   <trkpt lat="22.7377950" lon="120.3307530">
    <ele>19.4</ele>
    <time>2026-10-06T06:05:13Z</time>
   </trkpt>
   <trkpt lat="22.7377940" lon="120.3307540">
    <ele>19.4</ele>
    <time>2026-10-06T06:05:14Z</time>
   </trkpt>
   <trkpt lat="22.7377940" lon="120.3307530">
    <ele>19.4</ele>
    <time>2026-10-06T06:05:15Z</time>
   </trkpt>
   <trkpt lat="22.7377950" lon="120.3307510">
    <ele>19.4</ele>
    <time>2026-10-06T06:05:16Z</time>
   </trkpt>
   <trkpt lat="22.7377940" lon="120.3307500">
    <ele>19.4</ele>
    <time>2026-10-06T06:05:17Z</time>
   </trkpt>
   <trkpt lat="22.7377940" lon="120.3307500">
    <ele>19.4</ele>
    <time>2026-10-06T06:05:18Z</time>
   </trkpt>
   <trkpt lat="22.7377940" lon="120.3307490">
    <ele>19.4</ele>
    <time>2026-10-06T06:05:19Z</time>
   </trkpt>
   <trkpt lat="22.7377940" lon="120.3307480">
    <ele>19.4</ele>
    <time>2026-10-06T06:05:20Z</time>
   </trkpt>
   <trkpt lat="22.7377950" lon="120.3307470">
    <ele>19.4</ele>
    <time>2026-10-06T06:05:21Z</time>
   </trkpt>
   <trkpt lat="22.7377980" lon="120.3307480">
    <ele>19.4</ele>
    <time>2026-10-06T06:05:22Z</time>
   </trkpt>
   <trkpt lat="22.7377980" lon="120.3307470">
    <ele>19.4</ele>
    <time>2026-10-06T06:05:23Z</time>
   </trkpt>
   <trkpt lat="22.7377970" lon="120.3307470">
    <ele>19.4</ele>
    <time>2026-10-06T06:05:24Z</time>
   </trkpt>
   <trkpt lat="22.7377970" lon="120.3307470">
    <ele>19.4</ele>
    <time>2026-10-06T06:05:25Z</time>
   </trkpt>
   <trkpt lat="22.7377960" lon="120.3307480">
    <ele>19.4</ele>
    <time>2026-10-06T06:05:26Z</time>
   </trkpt>
   <trkpt lat="22.7377940" lon="120.3307490">
    <ele>19.4</ele>
    <time>2026-10-06T06:05:27Z</time>
   </trkpt>
   <trkpt lat="22.7377930" lon="120.3307470">
    <ele>19.4</ele>
    <time>2026-10-06T06:05:28Z</time>
   </trkpt>
   <trkpt lat="22.7377880" lon="120.3307450">
    <ele>19.4</ele>
    <time>2026-10-06T06:05:29Z</time>
   </trkpt>
   <trkpt lat="22.7377810" lon="120.3307400">
    <ele>19.4</ele>
    <time>2026-10-06T06:05:30Z</time>
   </trkpt>
   <trkpt lat="22.7377750" lon="120.3307330">
    <ele>19.4</ele>
    <time>2026-10-06T06:05:31Z</time>
   </trkpt>
   <trkpt lat="22.7377730" lon="120.3307240">
    <ele>19.4</ele>
    <time>2026-10-06T06:05:32Z</time>
   </trkpt>
   <trkpt lat="22.7377770" lon="120.3307150">
    <ele>19.4</ele>
    <time>2026-10-06T06:05:33Z</time>
   </trkpt>
   <trkpt lat="22.7377820" lon="120.3307040">
    <ele>19.4</ele>
    <time>2026-10-06T06:05:34Z</time>
   </trkpt>
   <trkpt lat="22.7377800" lon="120.3306980">
    <ele>19.4</ele>
    <time>2026-10-06T06:05:35Z</time>
   </trkpt>
   <trkpt lat="22.7377750" lon="120.3307000">
    <ele>19.4</ele>
    <time>2026-10-06T06:05:36Z</time>
   </trkpt>
   <trkpt lat="22.7377750" lon="120.3306990">
    <ele>19.4</ele>
    <time>2026-10-06T06:05:37Z</time>
   </trkpt>
   <trkpt lat="22.7377730" lon="120.3306920">
    <ele>19.4</ele>
    <time>2026-10-06T06:05:38Z</time>
   </trkpt>
   <trkpt lat="22.7377690" lon="120.3306840">
    <ele>19.4</ele>
    <time>2026-10-06T06:05:39Z</time>
   </trkpt>
   <trkpt lat="22.7377720" lon="120.3306660">
    <ele>19.4</ele>
    <time>2026-10-06T06:05:40Z</time>
   </trkpt>
   <trkpt lat="22.7377810" lon="120.3306610">
    <ele>19.5</ele>
    <time>2026-10-06T06:05:41Z</time>
   </trkpt>
   <trkpt lat="22.7377870" lon="120.3306570">
    <ele>19.5</ele>
    <time>2026-10-06T06:05:42Z</time>
   </trkpt>
   <trkpt lat="22.7377880" lon="120.3306530">
    <ele>19.5</ele>
    <time>2026-10-06T06:05:43Z</time>
   </trkpt>
   <trkpt lat="22.7377870" lon="120.3306520">
    <ele>19.5</ele>
    <time>2026-10-06T06:05:44Z</time>
   </trkpt>
   <trkpt lat="22.7377860" lon="120.3306470">
    <ele>19.5</ele>
    <time>2026-10-06T06:05:45Z</time>
   </trkpt>
   <trkpt lat="22.7377840" lon="120.3306440">
    <ele>19.5</ele>
    <time>2026-10-06T06:05:46Z</time>
   </trkpt>
   <trkpt lat="22.7377820" lon="120.3306380">
    <ele>19.5</ele>
    <time>2026-10-06T06:05:47Z</time>
   </trkpt>
   <trkpt lat="22.7377800" lon="120.3306210">
    <ele>19.5</ele>
    <time>2026-10-06T06:05:48Z</time>
   </trkpt>
   <trkpt lat="22.7377780" lon="120.3306070">
    <ele>19.5</ele>
    <time>2026-10-06T06:05:49Z</time>
   </trkpt>
   <trkpt lat="22.7377810" lon="120.3305960">
    <ele>19.5</ele>
    <time>2026-10-06T06:05:50Z</time>
   </trkpt>
   <trkpt lat="22.7377900" lon="120.3305860">
    <ele>19.5</ele>
    <time>2026-10-06T06:05:51Z</time>
   </trkpt>
   <trkpt lat="22.7377960" lon="120.3305800">
    <ele>19.5</ele>
    <time>2026-10-06T06:05:52Z</time>
   </trkpt>
   <trkpt lat="22.7377950" lon="120.3305740">
    <ele>19.5</ele>
    <time>2026-10-06T06:05:53Z</time>
   </trkpt>
   <trkpt lat="22.7377850" lon="120.3305740">
    <ele>19.5</ele>
    <time>2026-10-06T06:05:54Z</time>
   </trkpt>
   <trkpt lat="22.7377780" lon="120.3305700">
    <ele>19.5</ele>
    <time>2026-10-06T06:05:55Z</time>
   </trkpt>
   <trkpt lat="22.7377740" lon="120.3305640">
    <ele>19.5</ele>
    <time>2026-10-06T06:05:56Z</time>
   </trkpt>
   <trkpt lat="22.7377710" lon="120.3305550">
    <ele>19.5</ele>
    <time>2026-10-06T06:05:57Z</time>
   </trkpt>
   <trkpt lat="22.7377720" lon="120.3305460">
    <ele>19.5</ele>
    <time>2026-10-06T06:05:58Z</time>
   </trkpt>
   <trkpt lat="22.7377770" lon="120.3305410">
    <ele>19.5</ele>
    <time>2026-10-06T06:05:59Z</time>
   </trkpt>
   <trkpt lat="22.7377830" lon="120.3305390">
    <ele>19.5</ele>
    <time>2026-10-06T06:06:00Z</time>
   </trkpt>
   <trkpt lat="22.7377840" lon="120.3305350">
    <ele>19.5</ele>
    <time>2026-10-06T06:06:01Z</time>
   </trkpt>
   <trkpt lat="22.7377820" lon="120.3305300">
    <ele>19.5</ele>
    <time>2026-10-06T06:06:02Z</time>
   </trkpt>
   <trkpt lat="22.7377780" lon="120.3305290">
    <ele>19.5</ele>
    <time>2026-10-06T06:06:03Z</time>
   </trkpt>
   <trkpt lat="22.7377730" lon="120.3305300">
    <ele>19.6</ele>
    <time>2026-10-06T06:06:04Z</time>
   </trkpt>
   <trkpt lat="22.7377690" lon="120.3305290">
    <ele>19.6</ele>
    <time>2026-10-06T06:06:05Z</time>
   </trkpt>
   <trkpt lat="22.7377650" lon="120.3305270">
    <ele>19.6</ele>
    <time>2026-10-06T06:06:06Z</time>
   </trkpt>
   <trkpt lat="22.7377550" lon="120.3305220">
    <ele>19.6</ele>
    <time>2026-10-06T06:06:07Z</time>
   </trkpt>
   <trkpt lat="22.7377520" lon="120.3305160">
    <ele>19.6</ele>
    <time>2026-10-06T06:06:08Z</time>
   </trkpt>
   <trkpt lat="22.7377530" lon="120.3305090">
    <ele>19.6</ele>
    <time>2026-10-06T06:06:09Z</time>
   </trkpt>
   <trkpt lat="22.7377570" lon="120.3305030">
    <ele>19.6</ele>
    <time>2026-10-06T06:06:10Z</time>
   </trkpt>
   <trkpt lat="22.7377570" lon="120.3304990">
    <ele>19.6</ele>
    <time>2026-10-06T06:06:11Z</time>
   </trkpt>
   <trkpt lat="22.7377510" lon="120.3305010">
    <ele>19.6</ele>
    <time>2026-10-06T06:06:12Z</time>
   </trkpt>
   <trkpt lat="22.7377440" lon="120.3305020">
    <ele>19.6</ele>
    <time>2026-10-06T06:06:13Z</time>
   </trkpt>
   <trkpt lat="22.7377380" lon="120.3304970">
    <ele>19.6</ele>
    <time>2026-10-06T06:06:14Z</time>
   </trkpt>
   <trkpt lat="22.7377290" lon="120.3304870">
    <ele>19.6</ele>
    <time>2026-10-06T06:06:15Z</time>
   </trkpt>
   <trkpt lat="22.7377300" lon="120.3304770">
    <ele>19.6</ele>
    <time>2026-10-06T06:06:17Z</time>
   </trkpt>
   <trkpt lat="22.7377370" lon="120.3304690">
    <ele>19.7</ele>
    <time>2026-10-06T06:06:18Z</time>
   </trkpt>
   <trkpt lat="22.7377340" lon="120.3304640">
    <ele>19.7</ele>
    <time>2026-10-06T06:06:19Z</time>
   </trkpt>
   <trkpt lat="22.7377280" lon="120.3304650">
    <ele>19.7</ele>
    <time>2026-10-06T06:06:20Z</time>
   </trkpt>
   <trkpt lat="22.7377220" lon="120.3304650">
    <ele>19.7</ele>
    <time>2026-10-06T06:06:21Z</time>
   </trkpt>
   <trkpt lat="22.7377160" lon="120.3304680">
    <ele>19.7</ele>
    <time>2026-10-06T06:06:22Z</time>
   </trkpt>
   <trkpt lat="22.7377060" lon="120.3304660">
    <ele>19.7</ele>
    <time>2026-10-06T06:06:23Z</time>
   </trkpt>
   <trkpt lat="22.7376980" lon="120.3304600">
    <ele>19.7</ele>
    <time>2026-10-06T06:06:24Z</time>
   </trkpt>
   <trkpt lat="22.7376940" lon="120.3304550">
    <ele>19.7</ele>
    <time>2026-10-06T06:06:25Z</time>
   </trkpt>
   <trkpt lat="22.7376900" lon="120.3304460">
    <ele>19.7</ele>
    <time>2026-10-06T06:06:26Z</time>
   </trkpt>
   <trkpt lat="22.7376920" lon="120.3304370">
    <ele>19.7</ele>
    <time>2026-10-06T06:06:27Z</time>
   </trkpt>
   <trkpt lat="22.7377010" lon="120.3304340">
    <ele>19.7</ele>
    <time>2026-10-06T06:06:28Z</time>
   </trkpt>
   <trkpt lat="22.7377020" lon="120.3304340">
    <ele>19.7</ele>
    <time>2026-10-06T06:06:29Z</time>
   </trkpt>
   <trkpt lat="22.7377010" lon="120.3304360">
    <ele>19.7</ele>
    <time>2026-10-06T06:06:30Z</time>
   </trkpt>
   <trkpt lat="22.7376990" lon="120.3304330">
    <ele>19.7</ele>
    <time>2026-10-06T06:06:31Z</time>
   </trkpt>
   <trkpt lat="22.7376950" lon="120.3304290">
    <ele>19.8</ele>
    <time>2026-10-06T06:06:32Z</time>
   </trkpt>
   <trkpt lat="22.7376930" lon="120.3304220">
    <ele>19.8</ele>
    <time>2026-10-06T06:06:33Z</time>
   </trkpt>
   <trkpt lat="22.7376950" lon="120.3304130">
    <ele>19.8</ele>
    <time>2026-10-06T06:06:34Z</time>
   </trkpt>
   <trkpt lat="22.7377050" lon="120.3304120">
    <ele>19.8</ele>
    <time>2026-10-06T06:06:35Z</time>
   </trkpt>
   <trkpt lat="22.7377060" lon="120.3304040">
    <ele>19.8</ele>
    <time>2026-10-06T06:06:36Z</time>
   </trkpt>
   <trkpt lat="22.7376980" lon="120.3304040">
    <ele>19.8</ele>
    <time>2026-10-06T06:06:37Z</time>
   </trkpt>
   <trkpt lat="22.7376940" lon="120.3304110">
    <ele>19.8</ele>
    <time>2026-10-06T06:06:38Z</time>
   </trkpt>
   <trkpt lat="22.7376910" lon="120.3304150">
    <ele>19.8</ele>
    <time>2026-10-06T06:06:39Z</time>
   </trkpt>
   <trkpt lat="22.7376830" lon="120.3304120">
    <ele>19.8</ele>
    <time>2026-10-06T06:06:41Z</time>
   </trkpt>
   <trkpt lat="22.7376760" lon="120.3304060">
    <ele>19.8</ele>
    <time>2026-10-06T06:06:42Z</time>
   </trkpt>
   <trkpt lat="22.7376730" lon="120.3304010">
    <ele>19.8</ele>
    <time>2026-10-06T06:06:43Z</time>
   </trkpt>
   <trkpt lat="22.7376740" lon="120.3303950">
    <ele>19.8</ele>
    <time>2026-10-06T06:06:44Z</time>
   </trkpt>
   <trkpt lat="22.7376750" lon="120.3303950">
    <ele>19.8</ele>
    <time>2026-10-06T06:06:45Z</time>
   </trkpt>
   <trkpt lat="22.7376730" lon="120.3303970">
    <ele>19.8</ele>
    <time>2026-10-06T06:06:46Z</time>
   </trkpt>
   <trkpt lat="22.7376710" lon="120.3303990">
    <ele>19.8</ele>
    <time>2026-10-06T06:06:47Z</time>
   </trkpt>
   <trkpt lat="22.7376710" lon="120.3304040">
    <ele>19.8</ele>
    <time>2026-10-06T06:06:48Z</time>
   </trkpt>
   <trkpt lat="22.7376720" lon="120.3304060">
    <ele>19.8</ele>
    <time>2026-10-06T06:06:49Z</time>
   </trkpt>
   <trkpt lat="22.7376710" lon="120.3304060">
    <ele>19.8</ele>
    <time>2026-10-06T06:06:50Z</time>
   </trkpt>
   <trkpt lat="22.7376700" lon="120.3304050">
    <ele>19.8</ele>
    <time>2026-10-06T06:06:51Z</time>
   </trkpt>
   <trkpt lat="22.7376710" lon="120.3304040">
    <ele>19.8</ele>
    <time>2026-10-06T06:06:52Z</time>
   </trkpt>
   <trkpt lat="22.7376700" lon="120.3304020">
    <ele>19.8</ele>
    <time>2026-10-06T06:06:53Z</time>
   </trkpt>
   <trkpt lat="22.7376670" lon="120.3303990">
    <ele>19.8</ele>
    <time>2026-10-06T06:06:54Z</time>
   </trkpt>
   <trkpt lat="22.7376620" lon="120.3303970">
    <ele>19.8</ele>
    <time>2026-10-06T06:06:55Z</time>
   </trkpt>
   <trkpt lat="22.7376590" lon="120.3303940">
    <ele>19.8</ele>
    <time>2026-10-06T06:06:56Z</time>
   </trkpt>
   <trkpt lat="22.7376570" lon="120.3303810">
    <ele>19.8</ele>
    <time>2026-10-06T06:06:57Z</time>
   </trkpt>
   <trkpt lat="22.7376560" lon="120.3303520">
    <ele>19.9</ele>
    <time>2026-10-06T06:06:59Z</time>
   </trkpt>
   <trkpt lat="22.7376550" lon="120.3303360">
    <ele>19.9</ele>
    <time>2026-10-06T06:07:00Z</time>
   </trkpt>
   <trkpt lat="22.7376450" lon="120.3303170">
    <ele>19.9</ele>
    <time>2026-10-06T06:07:01Z</time>
   </trkpt>
   <trkpt lat="22.7376380" lon="120.3303050">
    <ele>19.9</ele>
    <time>2026-10-06T06:07:02Z</time>
   </trkpt>
   <trkpt lat="22.7376310" lon="120.3302950">
    <ele>19.9</ele>
    <time>2026-10-06T06:07:03Z</time>
   </trkpt>
   <trkpt lat="22.7376230" lon="120.3302850">
    <ele>19.9</ele>
    <time>2026-10-06T06:07:04Z</time>
   </trkpt>
   <trkpt lat="22.7376150" lon="120.3302750">
    <ele>19.9</ele>
    <time>2026-10-06T06:07:05Z</time>
   </trkpt>
   <trkpt lat="22.7376070" lon="120.3302650">
    <ele>19.9</ele>
    <time>2026-10-06T06:07:06Z</time>
   </trkpt>
   <trkpt lat="22.7376010" lon="120.3302580">
    <ele>19.9</ele>
    <time>2026-10-06T06:07:07Z</time>
   </trkpt>
   <trkpt lat="22.7375920" lon="120.3302490">
    <ele>19.9</ele>
    <time>2026-10-06T06:07:08Z</time>
   </trkpt>
   <trkpt lat="22.7375830" lon="120.3302390">
    <ele>19.9</ele>
    <time>2026-10-06T06:07:09Z</time>
   </trkpt>
   <trkpt lat="22.7375760" lon="120.3302290">
    <ele>19.9</ele>
    <time>2026-10-06T06:07:10Z</time>
   </trkpt>
   <trkpt lat="22.7375690" lon="120.3302200">
    <ele>19.9</ele>
    <time>2026-10-06T06:07:11Z</time>
   </trkpt>
   <trkpt lat="22.7375640" lon="120.3302100">
    <ele>19.9</ele>
    <time>2026-10-06T06:07:12Z</time>
   </trkpt>
   <trkpt lat="22.7375600" lon="120.3302010">
    <ele>19.9</ele>
    <time>2026-10-06T06:07:13Z</time>
   </trkpt>
   <trkpt lat="22.7375540" lon="120.3301890">
    <ele>19.9</ele>
    <time>2026-10-06T06:07:14Z</time>
   </trkpt>
   <trkpt lat="22.7375570" lon="120.3301840">
    <ele>19.9</ele>
    <time>2026-10-06T06:07:15Z</time>
   </trkpt>
   <trkpt lat="22.7375630" lon="120.3301820">
    <ele>19.9</ele>
    <time>2026-10-06T06:07:16Z</time>
   </trkpt>
   <trkpt lat="22.7375690" lon="120.3301800">
    <ele>19.9</ele>
    <time>2026-10-06T06:07:17Z</time>
   </trkpt>
   <trkpt lat="22.7375740" lon="120.3301770">
    <ele>19.9</ele>
    <time>2026-10-06T06:07:18Z</time>
   </trkpt>
   <trkpt lat="22.7375750" lon="120.3301700">
    <ele>19.9</ele>
    <time>2026-10-06T06:07:19Z</time>
   </trkpt>
   <trkpt lat="22.7375720" lon="120.3301660">
    <ele>19.9</ele>
    <time>2026-10-06T06:07:20Z</time>
   </trkpt>
   <trkpt lat="22.7375610" lon="120.3301560">
    <ele>19.9</ele>
    <time>2026-10-06T06:07:21Z</time>
   </trkpt>
   <trkpt lat="22.7375620" lon="120.3301560">
    <ele>19.9</ele>
    <time>2026-10-06T06:07:22Z</time>
   </trkpt>
   <trkpt lat="22.7375680" lon="120.3301560">
    <ele>19.9</ele>
    <time>2026-10-06T06:07:23Z</time>
   </trkpt>
   <trkpt lat="22.7375780" lon="120.3301580">
    <ele>19.9</ele>
    <time>2026-10-06T06:07:24Z</time>
   </trkpt>
   <trkpt lat="22.7375890" lon="120.3301570">
    <ele>19.9</ele>
    <time>2026-10-06T06:07:25Z</time>
   </trkpt>
   <trkpt lat="22.7375930" lon="120.3301590">
    <ele>19.9</ele>
    <time>2026-10-06T06:07:26Z</time>
   </trkpt>
   <trkpt lat="22.7375860" lon="120.3301620">
    <ele>19.9</ele>
    <time>2026-10-06T06:07:27Z</time>
   </trkpt>
   <trkpt lat="22.7375830" lon="120.3301720">
    <ele>19.9</ele>
    <time>2026-10-06T06:07:28Z</time>
   </trkpt>
   <trkpt lat="22.7375830" lon="120.3301790">
    <ele>19.9</ele>
    <time>2026-10-06T06:07:29Z</time>
   </trkpt>
   <trkpt lat="22.7375850" lon="120.3301830">
    <ele>19.9</ele>
    <time>2026-10-06T06:07:30Z</time>
   </trkpt>
   <trkpt lat="22.7375870" lon="120.3301850">
    <ele>19.9</ele>
    <time>2026-10-06T06:07:31Z</time>
   </trkpt>
   <trkpt lat="22.7375870" lon="120.3301860">
    <ele>19.9</ele>
    <time>2026-10-06T06:07:32Z</time>
   </trkpt>
   <trkpt lat="22.7375870" lon="120.3301840">
    <ele>19.9</ele>
    <time>2026-10-06T06:07:33Z</time>
   </trkpt>
   <trkpt lat="22.7375810" lon="120.3301780">
    <ele>19.9</ele>
    <time>2026-10-06T06:07:34Z</time>
   </trkpt>
   <trkpt lat="22.7375790" lon="120.3301760">
    <ele>19.9</ele>
    <time>2026-10-06T06:07:35Z</time>
   </trkpt>
   <trkpt lat="22.7375770" lon="120.3301740">
    <ele>19.9</ele>
    <time>2026-10-06T06:07:36Z</time>
   </trkpt>
   <trkpt lat="22.7375750" lon="120.3301690">
    <ele>19.9</ele>
    <time>2026-10-06T06:07:37Z</time>
   </trkpt>
   <trkpt lat="22.7375690" lon="120.3301590">
    <ele>19.8</ele>
    <time>2026-10-06T06:07:38Z</time>
   </trkpt>
   <trkpt lat="22.7375550" lon="120.3301470">
    <ele>19.8</ele>
    <time>2026-10-06T06:07:39Z</time>
   </trkpt>
   <trkpt lat="22.7375450" lon="120.3301260">
    <ele>19.8</ele>
    <time>2026-10-06T06:07:40Z</time>
   </trkpt>
   <trkpt lat="22.7375350" lon="120.3301120">
    <ele>19.8</ele>
    <time>2026-10-06T06:07:41Z</time>
   </trkpt>
   <trkpt lat="22.7375230" lon="120.3301030">
    <ele>19.8</ele>
    <time>2026-10-06T06:07:42Z</time>
   </trkpt>
   <trkpt lat="22.7375100" lon="120.3300920">
    <ele>19.8</ele>
    <time>2026-10-06T06:07:43Z</time>
   </trkpt>
   <trkpt lat="22.7374980" lon="120.3300810">
    <ele>19.8</ele>
    <time>2026-10-06T06:07:44Z</time>
   </trkpt>
   <trkpt lat="22.7374860" lon="120.3300710">
    <ele>19.8</ele>
    <time>2026-10-06T06:07:45Z</time>
   </trkpt>
   <trkpt lat="22.7374750" lon="120.3300650">
    <ele>19.8</ele>
    <time>2026-10-06T06:07:46Z</time>
   </trkpt>
   <trkpt lat="22.7374630" lon="120.3300580">
    <ele>19.8</ele>
    <time>2026-10-06T06:07:47Z</time>
   </trkpt>
   <trkpt lat="22.7374520" lon="120.3300510">
    <ele>19.8</ele>
    <time>2026-10-06T06:07:48Z</time>
   </trkpt>
   <trkpt lat="22.7374420" lon="120.3300450">
    <ele>19.8</ele>
    <time>2026-10-06T06:07:49Z</time>
   </trkpt>
   <trkpt lat="22.7374340" lon="120.3300390">
    <ele>19.8</ele>
    <time>2026-10-06T06:07:50Z</time>
   </trkpt>
   <trkpt lat="22.7374250" lon="120.3300330">
    <ele>19.8</ele>
    <time>2026-10-06T06:07:51Z</time>
   </trkpt>
   <trkpt lat="22.7374170" lon="120.3300250">
    <ele>19.8</ele>
    <time>2026-10-06T06:07:52Z</time>
   </trkpt>
   <trkpt lat="22.7374070" lon="120.3300190">
    <ele>19.8</ele>
    <time>2026-10-06T06:07:53Z</time>
   </trkpt>
   <trkpt lat="22.7373980" lon="120.3300100">
    <ele>19.8</ele>
    <time>2026-10-06T06:07:55Z</time>
   </trkpt>
   <trkpt lat="22.7373910" lon="120.3299980">
    <ele>19.8</ele>
    <time>2026-10-06T06:07:56Z</time>
   </trkpt>
   <trkpt lat="22.7373870" lon="120.3299850">
    <ele>19.8</ele>
    <time>2026-10-06T06:07:57Z</time>
   </trkpt>
   <trkpt lat="22.7373840" lon="120.3299750">
    <ele>19.8</ele>
    <time>2026-10-06T06:07:58Z</time>
   </trkpt>
   <trkpt lat="22.7373840" lon="120.3299640">
    <ele>19.8</ele>
    <time>2026-10-06T06:07:59Z</time>
   </trkpt>
   <trkpt lat="22.7373840" lon="120.3299650">
    <ele>19.8</ele>
    <time>2026-10-06T06:08:00Z</time>
   </trkpt>
   <trkpt lat="22.7373850" lon="120.3299690">
    <ele>19.8</ele>
    <time>2026-10-06T06:08:01Z</time>
   </trkpt>
   <trkpt lat="22.7373850" lon="120.3299780">
    <ele>19.8</ele>
    <time>2026-10-06T06:08:02Z</time>
   </trkpt>
   <trkpt lat="22.7373830" lon="120.3299870">
    <ele>19.8</ele>
    <time>2026-10-06T06:08:03Z</time>
   </trkpt>
   <trkpt lat="22.7373820" lon="120.3299930">
    <ele>19.8</ele>
    <time>2026-10-06T06:08:04Z</time>
   </trkpt>
   <trkpt lat="22.7373820" lon="120.3299980">
    <ele>19.8</ele>
    <time>2026-10-06T06:08:05Z</time>
   </trkpt>
   <trkpt lat="22.7373820" lon="120.3300040">
    <ele>19.8</ele>
    <time>2026-10-06T06:08:06Z</time>
   </trkpt>
   <trkpt lat="22.7373830" lon="120.3300080">
    <ele>19.8</ele>
    <time>2026-10-06T06:08:07Z</time>
   </trkpt>
   <trkpt lat="22.7373830" lon="120.3300120">
    <ele>19.8</ele>
    <time>2026-10-06T06:08:08Z</time>
   </trkpt>
   <trkpt lat="22.7373810" lon="120.3300140">
    <ele>19.8</ele>
    <time>2026-10-06T06:08:10Z</time>
   </trkpt>
   <trkpt lat="22.7373790" lon="120.3300150">
    <ele>19.8</ele>
    <time>2026-10-06T06:08:11Z</time>
   </trkpt>
   <trkpt lat="22.7373770" lon="120.3300170">
    <ele>19.8</ele>
    <time>2026-10-06T06:08:12Z</time>
   </trkpt>
   <trkpt lat="22.7373750" lon="120.3300200">
    <ele>19.8</ele>
    <time>2026-10-06T06:08:13Z</time>
   </trkpt>
   <trkpt lat="22.7373730" lon="120.3300220">
    <ele>19.8</ele>
    <time>2026-10-06T06:08:14Z</time>
   </trkpt>
   <trkpt lat="22.7373710" lon="120.3300220">
    <ele>19.8</ele>
    <time>2026-10-06T06:08:15Z</time>
   </trkpt>
   <trkpt lat="22.7373690" lon="120.3300230">
    <ele>19.8</ele>
    <time>2026-10-06T06:08:16Z</time>
   </trkpt>
   <trkpt lat="22.7373680" lon="120.3300230">
    <ele>19.8</ele>
    <time>2026-10-06T06:08:17Z</time>
   </trkpt>
   <trkpt lat="22.7373680" lon="120.3300230">
    <ele>19.8</ele>
    <time>2026-10-06T06:08:18Z</time>
   </trkpt>
   <trkpt lat="22.7373690" lon="120.3300210">
    <ele>19.8</ele>
    <time>2026-10-06T06:08:19Z</time>
   </trkpt>
   <trkpt lat="22.7373670" lon="120.3300270">
    <ele>19.8</ele>
    <time>2026-10-06T06:08:21Z</time>
   </trkpt>
   <trkpt lat="22.7373670" lon="120.3300260">
    <ele>19.8</ele>
    <time>2026-10-06T06:08:22Z</time>
   </trkpt>
   <trkpt lat="22.7373690" lon="120.3300250">
    <ele>19.8</ele>
    <time>2026-10-06T06:08:23Z</time>
   </trkpt>
   <trkpt lat="22.7373700" lon="120.3300240">
    <ele>19.8</ele>
    <time>2026-10-06T06:08:24Z</time>
   </trkpt>
   <trkpt lat="22.7373700" lon="120.3300240">
    <ele>19.8</ele>
    <time>2026-10-06T06:08:25Z</time>
   </trkpt>
   <trkpt lat="22.7373720" lon="120.3300260">
    <ele>19.8</ele>
    <time>2026-10-06T06:08:26Z</time>
   </trkpt>
   <trkpt lat="22.7373760" lon="120.3300260">
    <ele>19.8</ele>
    <time>2026-10-06T06:08:27Z</time>
   </trkpt>
   <trkpt lat="22.7373770" lon="120.3300260">
    <ele>19.8</ele>
    <time>2026-10-06T06:08:28Z</time>
   </trkpt>
   <trkpt lat="22.7373770" lon="120.3300270">
    <ele>19.8</ele>
    <time>2026-10-06T06:08:29Z</time>
   </trkpt>
   <trkpt lat="22.7373770" lon="120.3300270">
    <ele>19.8</ele>
    <time>2026-10-06T06:08:30Z</time>
   </trkpt>
   <trkpt lat="22.7373770" lon="120.3300270">
    <ele>19.8</ele>
    <time>2026-10-06T06:08:31Z</time>
   </trkpt>
   <trkpt lat="22.7373770" lon="120.3300270">
    <ele>19.8</ele>
    <time>2026-10-06T06:08:32Z</time>
   </trkpt>
   <trkpt lat="22.7373780" lon="120.3300330">
    <ele>19.8</ele>
    <time>2026-10-06T06:08:33Z</time>
   </trkpt>
   <trkpt lat="22.7373800" lon="120.3300350">
    <ele>19.8</ele>
    <time>2026-10-06T06:08:35Z</time>
   </trkpt>
   <trkpt lat="22.7373810" lon="120.3300360">
    <ele>19.8</ele>
    <time>2026-10-06T06:08:36Z</time>
   </trkpt>
   <trkpt lat="22.7373820" lon="120.3300360">
    <ele>19.8</ele>
    <time>2026-10-06T06:08:37Z</time>
   </trkpt>
   <trkpt lat="22.7373830" lon="120.3300350">
    <ele>19.8</ele>
    <time>2026-10-06T06:08:38Z</time>
   </trkpt>
   <trkpt lat="22.7373840" lon="120.3300340">
    <ele>19.8</ele>
    <time>2026-10-06T06:08:39Z</time>
   </trkpt>
   <trkpt lat="22.7373830" lon="120.3300490">
    <ele>19.8</ele>
    <time>2026-10-06T06:08:40Z</time>
   </trkpt>
   <trkpt lat="22.7373830" lon="120.3300520">
    <ele>19.8</ele>
    <time>2026-10-06T06:08:41Z</time>
   </trkpt>
   <trkpt lat="22.7373830" lon="120.3300530">
    <ele>19.8</ele>
    <time>2026-10-06T06:08:42Z</time>
   </trkpt>
   <trkpt lat="22.7373860" lon="120.3300570">
    <ele>19.8</ele>
    <time>2026-10-06T06:08:44Z</time>
   </trkpt>
   <trkpt lat="22.7373860" lon="120.3300590">
    <ele>19.8</ele>
    <time>2026-10-06T06:08:45Z</time>
   </trkpt>
   <trkpt lat="22.7373860" lon="120.3300630">
    <ele>19.8</ele>
    <time>2026-10-06T06:08:46Z</time>
   </trkpt>
   <trkpt lat="22.7373860" lon="120.3300660">
    <ele>19.8</ele>
    <time>2026-10-06T06:08:47Z</time>
   </trkpt>
   <trkpt lat="22.7373870" lon="120.3300700">
    <ele>19.8</ele>
    <time>2026-10-06T06:08:48Z</time>
   </trkpt>
   <trkpt lat="22.7373850" lon="120.3300750">
    <ele>19.8</ele>
    <time>2026-10-06T06:08:50Z</time>
   </trkpt>
   <trkpt lat="22.7373830" lon="120.3300750">
    <ele>19.8</ele>
    <time>2026-10-06T06:08:51Z</time>
   </trkpt>
   <trkpt lat="22.7373820" lon="120.3300760">
    <ele>19.8</ele>
    <time>2026-10-06T06:08:52Z</time>
   </trkpt>
   <trkpt lat="22.7373780" lon="120.3300840">
    <ele>19.8</ele>
    <time>2026-10-06T06:08:53Z</time>
   </trkpt>
   <trkpt lat="22.7373760" lon="120.3300880">
    <ele>19.8</ele>
    <time>2026-10-06T06:08:54Z</time>
   </trkpt>
   <trkpt lat="22.7373750" lon="120.3300920">
    <ele>19.8</ele>
    <time>2026-10-06T06:08:55Z</time>
   </trkpt>
   <trkpt lat="22.7373720" lon="120.3300930">
    <ele>19.8</ele>
    <time>2026-10-06T06:08:56Z</time>
   </trkpt>
   <trkpt lat="22.7373680" lon="120.3300940">
    <ele>19.7</ele>
    <time>2026-10-06T06:08:57Z</time>
   </trkpt>
   <trkpt lat="22.7373650" lon="120.3300920">
    <ele>19.7</ele>
    <time>2026-10-06T06:08:58Z</time>
   </trkpt>
   <trkpt lat="22.7373630" lon="120.3300960">
    <ele>19.7</ele>
    <time>2026-10-06T06:08:59Z</time>
   </trkpt>
   <trkpt lat="22.7373590" lon="120.3300970">
    <ele>19.7</ele>
    <time>2026-10-06T06:09:00Z</time>
   </trkpt>
   <trkpt lat="22.7373530" lon="120.3300960">
    <ele>19.7</ele>
    <time>2026-10-06T06:09:01Z</time>
   </trkpt>
   <trkpt lat="22.7373490" lon="120.3300910">
    <ele>19.7</ele>
    <time>2026-10-06T06:09:02Z</time>
   </trkpt>
   <trkpt lat="22.7373470" lon="120.3300850">
    <ele>19.7</ele>
    <time>2026-10-06T06:09:03Z</time>
   </trkpt>
   <trkpt lat="22.7373440" lon="120.3300820">
    <ele>19.7</ele>
    <time>2026-10-06T06:09:04Z</time>
   </trkpt>
   <trkpt lat="22.7373420" lon="120.3300780">
    <ele>19.7</ele>
    <time>2026-10-06T06:09:05Z</time>
   </trkpt>
   <trkpt lat="22.7373440" lon="120.3300850">
    <ele>19.7</ele>
    <time>2026-10-06T06:09:06Z</time>
   </trkpt>
   <trkpt lat="22.7373450" lon="120.3300890">
    <ele>19.7</ele>
    <time>2026-10-06T06:09:07Z</time>
   </trkpt>
   <trkpt lat="22.7373460" lon="120.3300890">
    <ele>19.7</ele>
    <time>2026-10-06T06:09:08Z</time>
   </trkpt>
   <trkpt lat="22.7373480" lon="120.3300880">
    <ele>19.7</ele>
    <time>2026-10-06T06:09:09Z</time>
   </trkpt>
   <trkpt lat="22.7373490" lon="120.3300860">
    <ele>19.7</ele>
    <time>2026-10-06T06:09:10Z</time>
   </trkpt>
   <trkpt lat="22.7373500" lon="120.3300830">
    <ele>19.7</ele>
    <time>2026-10-06T06:09:11Z</time>
   </trkpt>
   <trkpt lat="22.7373550" lon="120.3300810">
    <ele>19.7</ele>
    <time>2026-10-06T06:09:12Z</time>
   </trkpt>
   <trkpt lat="22.7373580" lon="120.3300800">
    <ele>19.7</ele>
    <time>2026-10-06T06:09:13Z</time>
   </trkpt>
   <trkpt lat="22.7373610" lon="120.3300790">
    <ele>19.7</ele>
    <time>2026-10-06T06:09:14Z</time>
   </trkpt>
   <trkpt lat="22.7373620" lon="120.3300780">
    <ele>19.7</ele>
    <time>2026-10-06T06:09:15Z</time>
   </trkpt>
   <trkpt lat="22.7373610" lon="120.3300770">
    <ele>19.7</ele>
    <time>2026-10-06T06:09:16Z</time>
   </trkpt>
   <trkpt lat="22.7373600" lon="120.3300760">
    <ele>19.7</ele>
    <time>2026-10-06T06:09:17Z</time>
   </trkpt>
   <trkpt lat="22.7373550" lon="120.3300760">
    <ele>19.7</ele>
    <time>2026-10-06T06:09:18Z</time>
   </trkpt>
   <trkpt lat="22.7373500" lon="120.3300710">
    <ele>19.7</ele>
    <time>2026-10-06T06:09:19Z</time>
   </trkpt>
   <trkpt lat="22.7373470" lon="120.3300670">
    <ele>19.7</ele>
    <time>2026-10-06T06:09:20Z</time>
   </trkpt>
   <trkpt lat="22.7373440" lon="120.3300640">
    <ele>19.7</ele>
    <time>2026-10-06T06:09:21Z</time>
   </trkpt>
   <trkpt lat="22.7373400" lon="120.3300620">
    <ele>19.7</ele>
    <time>2026-10-06T06:09:22Z</time>
   </trkpt>
   <trkpt lat="22.7373360" lon="120.3300600">
    <ele>19.7</ele>
    <time>2026-10-06T06:09:23Z</time>
   </trkpt>
   <trkpt lat="22.7373350" lon="120.3300600">
    <ele>19.7</ele>
    <time>2026-10-06T06:09:24Z</time>
   </trkpt>
   <trkpt lat="22.7373330" lon="120.3300590">
    <ele>19.7</ele>
    <time>2026-10-06T06:09:25Z</time>
   </trkpt>
   <trkpt lat="22.7373370" lon="120.3300660">
    <ele>19.7</ele>
    <time>2026-10-06T06:09:26Z</time>
   </trkpt>
   <trkpt lat="22.7373350" lon="120.3300740">
    <ele>19.7</ele>
    <time>2026-10-06T06:09:28Z</time>
   </trkpt>
   <trkpt lat="22.7373340" lon="120.3300750">
    <ele>19.7</ele>
    <time>2026-10-06T06:09:30Z</time>
   </trkpt>
   <trkpt lat="22.7373370" lon="120.3300630">
    <ele>19.7</ele>
    <time>2026-10-06T06:09:31Z</time>
   </trkpt>
   <trkpt lat="22.7373370" lon="120.3300610">
    <ele>19.7</ele>
    <time>2026-10-06T06:09:34Z</time>
   </trkpt>
   <trkpt lat="22.7373390" lon="120.3300580">
    <ele>19.7</ele>
    <time>2026-10-06T06:09:35Z</time>
   </trkpt>
   <trkpt lat="22.7373430" lon="120.3300510">
    <ele>19.7</ele>
    <time>2026-10-06T06:09:36Z</time>
   </trkpt>
   <trkpt lat="22.7373450" lon="120.3300490">
    <ele>19.7</ele>
    <time>2026-10-06T06:09:38Z</time>
   </trkpt>
   <trkpt lat="22.7373500" lon="120.3300520">
    <ele>19.7</ele>
    <time>2026-10-06T06:09:39Z</time>
   </trkpt>
   <trkpt lat="22.7373520" lon="120.3300540">
    <ele>19.7</ele>
    <time>2026-10-06T06:09:40Z</time>
   </trkpt>
   <trkpt lat="22.7373560" lon="120.3300550">
    <ele>19.7</ele>
    <time>2026-10-06T06:09:41Z</time>
   </trkpt>
   <trkpt lat="22.7373580" lon="120.3300570">
    <ele>19.7</ele>
    <time>2026-10-06T06:09:42Z</time>
   </trkpt>
   <trkpt lat="22.7373600" lon="120.3300600">
    <ele>19.7</ele>
    <time>2026-10-06T06:09:44Z</time>
   </trkpt>
   <trkpt lat="22.7373630" lon="120.3300610">
    <ele>19.7</ele>
    <time>2026-10-06T06:09:45Z</time>
   </trkpt>
   <trkpt lat="22.7373640" lon="120.3300620">
    <ele>19.7</ele>
    <time>2026-10-06T06:09:46Z</time>
   </trkpt>
   <trkpt lat="22.7373650" lon="120.3300630">
    <ele>19.7</ele>
    <time>2026-10-06T06:09:47Z</time>
   </trkpt>
   <trkpt lat="22.7373660" lon="120.3300640">
    <ele>19.7</ele>
    <time>2026-10-06T06:09:48Z</time>
   </trkpt>
   <trkpt lat="22.7373660" lon="120.3300680">
    <ele>19.7</ele>
    <time>2026-10-06T06:09:49Z</time>
   </trkpt>
   <trkpt lat="22.7373690" lon="120.3300770">
    <ele>19.7</ele>
    <time>2026-10-06T06:09:50Z</time>
   </trkpt>
   <trkpt lat="22.7373730" lon="120.3300840">
    <ele>19.7</ele>
    <time>2026-10-06T06:09:51Z</time>
   </trkpt>
   <trkpt lat="22.7373780" lon="120.3300910">
    <ele>19.7</ele>
    <time>2026-10-06T06:09:52Z</time>
   </trkpt>
   <trkpt lat="22.7373830" lon="120.3301000">
    <ele>19.7</ele>
    <time>2026-10-06T06:09:53Z</time>
   </trkpt>
   <trkpt lat="22.7373950" lon="120.3301000">
    <ele>19.7</ele>
    <time>2026-10-06T06:09:54Z</time>
   </trkpt>
   <trkpt lat="22.7374070" lon="120.3300960">
    <ele>19.7</ele>
    <time>2026-10-06T06:09:55Z</time>
   </trkpt>
   <trkpt lat="22.7374250" lon="120.3300910">
    <ele>19.7</ele>
    <time>2026-10-06T06:09:56Z</time>
   </trkpt>
   <trkpt lat="22.7374380" lon="120.3300870">
    <ele>19.7</ele>
    <time>2026-10-06T06:09:57Z</time>
   </trkpt>
   <trkpt lat="22.7374620" lon="120.3300720">
    <ele>19.7</ele>
    <time>2026-10-06T06:09:58Z</time>
   </trkpt>
   <trkpt lat="22.7374720" lon="120.3300600">
    <ele>19.7</ele>
    <time>2026-10-06T06:09:59Z</time>
   </trkpt>
   <trkpt lat="22.7374810" lon="120.3300400">
    <ele>19.7</ele>
    <time>2026-10-06T06:10:00Z</time>
   </trkpt>
   <trkpt lat="22.7374890" lon="120.3300240">
    <ele>19.7</ele>
    <time>2026-10-06T06:10:01Z</time>
   </trkpt>
   <trkpt lat="22.7374960" lon="120.3300110">
    <ele>19.7</ele>
    <time>2026-10-06T06:10:02Z</time>
   </trkpt>
   <trkpt lat="22.7375030" lon="120.3300000">
    <ele>19.7</ele>
    <time>2026-10-06T06:10:03Z</time>
   </trkpt>
   <trkpt lat="22.7375130" lon="120.3299930">
    <ele>19.7</ele>
    <time>2026-10-06T06:10:04Z</time>
   </trkpt>
   <trkpt lat="22.7375210" lon="120.3299830">
    <ele>19.7</ele>
    <time>2026-10-06T06:10:05Z</time>
   </trkpt>
   <trkpt lat="22.7375280" lon="120.3299710">
    <ele>19.7</ele>
    <time>2026-10-06T06:10:06Z</time>
   </trkpt>
   <trkpt lat="22.7375360" lon="120.3299580">
    <ele>19.7</ele>
    <time>2026-10-06T06:10:07Z</time>
   </trkpt>
   <trkpt lat="22.7375500" lon="120.3299350">
    <ele>19.7</ele>
    <time>2026-10-06T06:10:09Z</time>
   </trkpt>
   <trkpt lat="22.7375610" lon="120.3299290">
    <ele>19.7</ele>
    <time>2026-10-06T06:10:10Z</time>
   </trkpt>
   <trkpt lat="22.7375810" lon="120.3299240">
    <ele>19.7</ele>
    <time>2026-10-06T06:10:11Z</time>
   </trkpt>
   <trkpt lat="22.7375940" lon="120.3299140">
    <ele>19.7</ele>
    <time>2026-10-06T06:10:12Z</time>
   </trkpt>
   <trkpt lat="22.7376110" lon="120.3299000">
    <ele>19.7</ele>
    <time>2026-10-06T06:10:14Z</time>
   </trkpt>
   <trkpt lat="22.7376230" lon="120.3298890">
    <ele>19.7</ele>
    <time>2026-10-06T06:10:15Z</time>
   </trkpt>
   <trkpt lat="22.7376350" lon="120.3298780">
    <ele>19.7</ele>
    <time>2026-10-06T06:10:16Z</time>
   </trkpt>
   <trkpt lat="22.7376410" lon="120.3298680">
    <ele>19.7</ele>
    <time>2026-10-06T06:10:17Z</time>
   </trkpt>
   <trkpt lat="22.7376480" lon="120.3298560">
    <ele>19.7</ele>
    <time>2026-10-06T06:10:18Z</time>
   </trkpt>
   <trkpt lat="22.7376490" lon="120.3298420">
    <ele>19.7</ele>
    <time>2026-10-06T06:10:19Z</time>
   </trkpt>
   <trkpt lat="22.7376480" lon="120.3298300">
    <ele>19.7</ele>
    <time>2026-10-06T06:10:20Z</time>
   </trkpt>
   <trkpt lat="22.7376420" lon="120.3298130">
    <ele>19.7</ele>
    <time>2026-10-06T06:10:21Z</time>
   </trkpt>
   <trkpt lat="22.7376360" lon="120.3298000">
    <ele>19.7</ele>
    <time>2026-10-06T06:10:22Z</time>
   </trkpt>
   <trkpt lat="22.7376310" lon="120.3297880">
    <ele>19.7</ele>
    <time>2026-10-06T06:10:23Z</time>
   </trkpt>
   <trkpt lat="22.7376250" lon="120.3297770">
    <ele>19.7</ele>
    <time>2026-10-06T06:10:24Z</time>
   </trkpt>
   <trkpt lat="22.7376200" lon="120.3297660">
    <ele>19.7</ele>
    <time>2026-10-06T06:10:25Z</time>
   </trkpt>
   <trkpt lat="22.7376110" lon="120.3297530">
    <ele>19.7</ele>
    <time>2026-10-06T06:10:26Z</time>
   </trkpt>
   <trkpt lat="22.7376050" lon="120.3297440">
    <ele>19.7</ele>
    <time>2026-10-06T06:10:27Z</time>
   </trkpt>
   <trkpt lat="22.7376020" lon="120.3297330">
    <ele>19.7</ele>
    <time>2026-10-06T06:10:28Z</time>
   </trkpt>
   <trkpt lat="22.7376030" lon="120.3297250">
    <ele>19.7</ele>
    <time>2026-10-06T06:10:29Z</time>
   </trkpt>
   <trkpt lat="22.7376060" lon="120.3297290">
    <ele>19.7</ele>
    <time>2026-10-06T06:10:30Z</time>
   </trkpt>
   <trkpt lat="22.7376070" lon="120.3297310">
    <ele>19.7</ele>
    <time>2026-10-06T06:10:31Z</time>
   </trkpt>
   <trkpt lat="22.7376070" lon="120.3297350">
    <ele>19.7</ele>
    <time>2026-10-06T06:10:32Z</time>
   </trkpt>
   <trkpt lat="22.7376060" lon="120.3297410">
    <ele>19.7</ele>
    <time>2026-10-06T06:10:33Z</time>
   </trkpt>
   <trkpt lat="22.7376060" lon="120.3297450">
    <ele>19.7</ele>
    <time>2026-10-06T06:10:34Z</time>
   </trkpt>
   <trkpt lat="22.7376060" lon="120.3297490">
    <ele>19.7</ele>
    <time>2026-10-06T06:10:35Z</time>
   </trkpt>
   <trkpt lat="22.7376050" lon="120.3297540">
    <ele>19.7</ele>
    <time>2026-10-06T06:10:36Z</time>
   </trkpt>
   <trkpt lat="22.7376070" lon="120.3297600">
    <ele>19.7</ele>
    <time>2026-10-06T06:10:37Z</time>
   </trkpt>
   <trkpt lat="22.7376060" lon="120.3297650">
    <ele>19.7</ele>
    <time>2026-10-06T06:10:38Z</time>
   </trkpt>
   <trkpt lat="22.7376040" lon="120.3297700">
    <ele>19.7</ele>
    <time>2026-10-06T06:10:39Z</time>
   </trkpt>
   <trkpt lat="22.7376020" lon="120.3297790">
    <ele>19.7</ele>
    <time>2026-10-06T06:10:41Z</time>
   </trkpt>
   <trkpt lat="22.7376010" lon="120.3297820">
    <ele>19.7</ele>
    <time>2026-10-06T06:10:42Z</time>
   </trkpt>
   <trkpt lat="22.7376010" lon="120.3297830">
    <ele>19.7</ele>
    <time>2026-10-06T06:10:43Z</time>
   </trkpt>
   <trkpt lat="22.7375980" lon="120.3297910">
    <ele>19.7</ele>
    <time>2026-10-06T06:10:44Z</time>
   </trkpt>
   <trkpt lat="22.7375970" lon="120.3297950">
    <ele>19.7</ele>
    <time>2026-10-06T06:10:45Z</time>
   </trkpt>
   <trkpt lat="22.7375980" lon="120.3297970">
    <ele>19.7</ele>
    <time>2026-10-06T06:10:46Z</time>
   </trkpt>
   <trkpt lat="22.7375980" lon="120.3297990">
    <ele>19.7</ele>
    <time>2026-10-06T06:10:47Z</time>
   </trkpt>
   <trkpt lat="22.7375980" lon="120.3297990">
    <ele>19.7</ele>
    <time>2026-10-06T06:10:48Z</time>
   </trkpt>
   <trkpt lat="22.7375980" lon="120.3298000">
    <ele>19.7</ele>
    <time>2026-10-06T06:10:49Z</time>
   </trkpt>
   <trkpt lat="22.7375960" lon="120.3298030">
    <ele>19.7</ele>
    <time>2026-10-06T06:10:50Z</time>
   </trkpt>
   <trkpt lat="22.7375970" lon="120.3298030">
    <ele>19.7</ele>
    <time>2026-10-06T06:10:51Z</time>
   </trkpt>
   <trkpt lat="22.7375980" lon="120.3298030">
    <ele>19.7</ele>
    <time>2026-10-06T06:10:52Z</time>
   </trkpt>
   <trkpt lat="22.7375990" lon="120.3298020">
    <ele>19.7</ele>
    <time>2026-10-06T06:10:53Z</time>
   </trkpt>
   <trkpt lat="22.7375990" lon="120.3298020">
    <ele>19.7</ele>
    <time>2026-10-06T06:10:54Z</time>
   </trkpt>
   <trkpt lat="22.7375990" lon="120.3298020">
    <ele>19.7</ele>
    <time>2026-10-06T06:10:55Z</time>
   </trkpt>
   <trkpt lat="22.7375980" lon="120.3298020">
    <ele>19.7</ele>
    <time>2026-10-06T06:10:56Z</time>
   </trkpt>
   <trkpt lat="22.7375990" lon="120.3298060">
    <ele>19.7</ele>
    <time>2026-10-06T06:10:58Z</time>
   </trkpt>
   <trkpt lat="22.7376000" lon="120.3298060">
    <ele>19.7</ele>
    <time>2026-10-06T06:10:59Z</time>
   </trkpt>
   <trkpt lat="22.7376000" lon="120.3298060">
    <ele>19.7</ele>
    <time>2026-10-06T06:11:00Z</time>
   </trkpt>
   <trkpt lat="22.7376010" lon="120.3298050">
    <ele>19.7</ele>
    <time>2026-10-06T06:11:01Z</time>
   </trkpt>
   <trkpt lat="22.7376020" lon="120.3298050">
    <ele>19.7</ele>
    <time>2026-10-06T06:11:02Z</time>
   </trkpt>
   <trkpt lat="22.7376030" lon="120.3298060">
    <ele>19.7</ele>
    <time>2026-10-06T06:11:03Z</time>
   </trkpt>
   <trkpt lat="22.7376030" lon="120.3298070">
    <ele>19.7</ele>
    <time>2026-10-06T06:11:04Z</time>
   </trkpt>
   <trkpt lat="22.7376030" lon="120.3298060">
    <ele>19.7</ele>
    <time>2026-10-06T06:11:05Z</time>
   </trkpt>
   <trkpt lat="22.7376030" lon="120.3298060">
    <ele>19.7</ele>
    <time>2026-10-06T06:11:06Z</time>
   </trkpt>
   <trkpt lat="22.7376030" lon="120.3298070">
    <ele>19.7</ele>
    <time>2026-10-06T06:11:07Z</time>
   </trkpt>
   <trkpt lat="22.7376030" lon="120.3298070">
    <ele>19.7</ele>
    <time>2026-10-06T06:11:08Z</time>
   </trkpt>
   <trkpt lat="22.7376030" lon="120.3298070">
    <ele>19.7</ele>
    <time>2026-10-06T06:11:09Z</time>
   </trkpt>
   <trkpt lat="22.7376040" lon="120.3298090">
    <ele>19.7</ele>
    <time>2026-10-06T06:11:10Z</time>
   </trkpt>
   <trkpt lat="22.7376040" lon="120.3298100">
    <ele>19.7</ele>
    <time>2026-10-06T06:11:11Z</time>
   </trkpt>
   <trkpt lat="22.7376040" lon="120.3298100">
    <ele>19.7</ele>
    <time>2026-10-06T06:11:12Z</time>
   </trkpt>
   <trkpt lat="22.7376030" lon="120.3298100">
    <ele>19.7</ele>
    <time>2026-10-06T06:11:13Z</time>
   </trkpt>
   <trkpt lat="22.7376040" lon="120.3298100">
    <ele>19.7</ele>
    <time>2026-10-06T06:11:14Z</time>
   </trkpt>
   <trkpt lat="22.7376040" lon="120.3298100">
    <ele>19.7</ele>
    <time>2026-10-06T06:11:15Z</time>
   </trkpt>
   <trkpt lat="22.7376030" lon="120.3298100">
    <ele>19.7</ele>
    <time>2026-10-06T06:11:16Z</time>
   </trkpt>
   <trkpt lat="22.7376030" lon="120.3298100">
    <ele>19.7</ele>
    <time>2026-10-06T06:11:17Z</time>
   </trkpt>
   <trkpt lat="22.7376010" lon="120.3298100">
    <ele>19.7</ele>
    <time>2026-10-06T06:11:18Z</time>
   </trkpt>
   <trkpt lat="22.7376020" lon="120.3298070">
    <ele>19.7</ele>
    <time>2026-10-06T06:11:19Z</time>
   </trkpt>
   <trkpt lat="22.7376030" lon="120.3298060">
    <ele>19.7</ele>
    <time>2026-10-06T06:11:20Z</time>
   </trkpt>
   <trkpt lat="22.7376030" lon="120.3298040">
    <ele>19.7</ele>
    <time>2026-10-06T06:11:21Z</time>
   </trkpt>
   <trkpt lat="22.7376020" lon="120.3298040">
    <ele>19.7</ele>
    <time>2026-10-06T06:11:22Z</time>
   </trkpt>
   <trkpt lat="22.7376020" lon="120.3298180">
    <ele>19.7</ele>
    <time>2026-10-06T06:11:23Z</time>
   </trkpt>
   <trkpt lat="22.7376020" lon="120.3298260">
    <ele>19.7</ele>
    <time>2026-10-06T06:11:24Z</time>
   </trkpt>
   <trkpt lat="22.7376010" lon="120.3298310">
    <ele>19.7</ele>
    <time>2026-10-06T06:11:25Z</time>
   </trkpt>
   <trkpt lat="22.7376020" lon="120.3298350">
    <ele>19.7</ele>
    <time>2026-10-06T06:11:26Z</time>
   </trkpt>
   <trkpt lat="22.7376020" lon="120.3298370">
    <ele>19.7</ele>
    <time>2026-10-06T06:11:27Z</time>
   </trkpt>
   <trkpt lat="22.7376020" lon="120.3298390">
    <ele>19.7</ele>
    <time>2026-10-06T06:11:28Z</time>
   </trkpt>
   <trkpt lat="22.7376010" lon="120.3298400">
    <ele>19.7</ele>
    <time>2026-10-06T06:11:29Z</time>
   </trkpt>
   <trkpt lat="22.7376010" lon="120.3298480">
    <ele>19.7</ele>
    <time>2026-10-06T06:11:30Z</time>
   </trkpt>
   <trkpt lat="22.7376010" lon="120.3298500">
    <ele>19.7</ele>
    <time>2026-10-06T06:11:31Z</time>
   </trkpt>
   <trkpt lat="22.7376030" lon="120.3298530">
    <ele>19.7</ele>
    <time>2026-10-06T06:11:32Z</time>
   </trkpt>
   <trkpt lat="22.7376060" lon="120.3298550">
    <ele>19.7</ele>
    <time>2026-10-06T06:11:34Z</time>
   </trkpt>
   <trkpt lat="22.7376130" lon="120.3298540">
    <ele>19.7</ele>
    <time>2026-10-06T06:11:35Z</time>
   </trkpt>
   <trkpt lat="22.7376140" lon="120.3298520">
    <ele>19.7</ele>
    <time>2026-10-06T06:11:36Z</time>
   </trkpt>
   <trkpt lat="22.7376090" lon="120.3298500">
    <ele>19.7</ele>
    <time>2026-10-06T06:11:38Z</time>
   </trkpt>
   <trkpt lat="22.7376060" lon="120.3298480">
    <ele>19.7</ele>
    <time>2026-10-06T06:11:39Z</time>
   </trkpt>
   <trkpt lat="22.7376080" lon="120.3298440">
    <ele>19.7</ele>
    <time>2026-10-06T06:11:40Z</time>
   </trkpt>
   <trkpt lat="22.7376060" lon="120.3298430">
    <ele>19.7</ele>
    <time>2026-10-06T06:11:41Z</time>
   </trkpt>
   <trkpt lat="22.7376040" lon="120.3298430">
    <ele>19.7</ele>
    <time>2026-10-06T06:11:42Z</time>
   </trkpt>
   <trkpt lat="22.7376020" lon="120.3298450">
    <ele>19.7</ele>
    <time>2026-10-06T06:11:43Z</time>
   </trkpt>
   <trkpt lat="22.7375990" lon="120.3298470">
    <ele>19.7</ele>
    <time>2026-10-06T06:11:44Z</time>
   </trkpt>
   <trkpt lat="22.7375980" lon="120.3298480">
    <ele>19.7</ele>
    <time>2026-10-06T06:11:45Z</time>
   </trkpt>
   <trkpt lat="22.7375950" lon="120.3298530">
    <ele>19.7</ele>
    <time>2026-10-06T06:11:46Z</time>
   </trkpt>
   <trkpt lat="22.7375920" lon="120.3298500">
    <ele>19.7</ele>
    <time>2026-10-06T06:11:47Z</time>
   </trkpt>
   <trkpt lat="22.7375890" lon="120.3298450">
    <ele>19.7</ele>
    <time>2026-10-06T06:11:48Z</time>
   </trkpt>
   <trkpt lat="22.7375870" lon="120.3298370">
    <ele>19.7</ele>
    <time>2026-10-06T06:11:49Z</time>
   </trkpt>
   <trkpt lat="22.7375880" lon="120.3298310">
    <ele>19.7</ele>
    <time>2026-10-06T06:11:50Z</time>
   </trkpt>
   <trkpt lat="22.7375940" lon="120.3298230">
    <ele>19.7</ele>
    <time>2026-10-06T06:11:51Z</time>
   </trkpt>
   <trkpt lat="22.7376060" lon="120.3298290">
    <ele>19.7</ele>
    <time>2026-10-06T06:11:52Z</time>
   </trkpt>
   <trkpt lat="22.7376330" lon="120.3298320">
    <ele>19.7</ele>
    <time>2026-10-06T06:11:53Z</time>
   </trkpt>
   <trkpt lat="22.7376550" lon="120.3298280">
    <ele>19.7</ele>
    <time>2026-10-06T06:11:54Z</time>
   </trkpt>
   <trkpt lat="22.7376690" lon="120.3298230">
    <ele>19.7</ele>
    <time>2026-10-06T06:11:55Z</time>
   </trkpt>
   <trkpt lat="22.7376780" lon="120.3298150">
    <ele>19.7</ele>
    <time>2026-10-06T06:11:56Z</time>
   </trkpt>
   <trkpt lat="22.7376760" lon="120.3298050">
    <ele>19.7</ele>
    <time>2026-10-06T06:11:57Z</time>
   </trkpt>
   <trkpt lat="22.7376710" lon="120.3297950">
    <ele>19.7</ele>
    <time>2026-10-06T06:11:58Z</time>
   </trkpt>
   <trkpt lat="22.7376670" lon="120.3297920">
    <ele>19.7</ele>
    <time>2026-10-06T06:11:59Z</time>
   </trkpt>
   <trkpt lat="22.7376610" lon="120.3297890">
    <ele>19.7</ele>
    <time>2026-10-06T06:12:00Z</time>
   </trkpt>
   <trkpt lat="22.7376540" lon="120.3297840">
    <ele>19.7</ele>
    <time>2026-10-06T06:12:01Z</time>
   </trkpt>
   <trkpt lat="22.7376530" lon="120.3297770">
    <ele>19.7</ele>
    <time>2026-10-06T06:12:02Z</time>
   </trkpt>
   <trkpt lat="22.7376550" lon="120.3297710">
    <ele>19.7</ele>
    <time>2026-10-06T06:12:03Z</time>
   </trkpt>
   <trkpt lat="22.7376570" lon="120.3297690">
    <ele>19.7</ele>
    <time>2026-10-06T06:12:04Z</time>
   </trkpt>
   <trkpt lat="22.7376590" lon="120.3297680">
    <ele>19.7</ele>
    <time>2026-10-06T06:12:05Z</time>
   </trkpt>
   <trkpt lat="22.7376610" lon="120.3297710">
    <ele>19.7</ele>
    <time>2026-10-06T06:12:06Z</time>
   </trkpt>
   <trkpt lat="22.7376630" lon="120.3297700">
    <ele>19.7</ele>
    <time>2026-10-06T06:12:07Z</time>
   </trkpt>
   <trkpt lat="22.7376650" lon="120.3297650">
    <ele>19.7</ele>
    <time>2026-10-06T06:12:09Z</time>
   </trkpt>
   <trkpt lat="22.7376670" lon="120.3297670">
    <ele>19.7</ele>
    <time>2026-10-06T06:12:10Z</time>
   </trkpt>
   <trkpt lat="22.7376710" lon="120.3297720">
    <ele>19.7</ele>
    <time>2026-10-06T06:12:11Z</time>
   </trkpt>
   <trkpt lat="22.7376740" lon="120.3297730">
    <ele>19.7</ele>
    <time>2026-10-06T06:12:12Z</time>
   </trkpt>
   <trkpt lat="22.7376780" lon="120.3297730">
    <ele>19.7</ele>
    <time>2026-10-06T06:12:13Z</time>
   </trkpt>
   <trkpt lat="22.7376840" lon="120.3297740">
    <ele>19.7</ele>
    <time>2026-10-06T06:12:14Z</time>
   </trkpt>
   <trkpt lat="22.7376900" lon="120.3297730">
    <ele>19.7</ele>
    <time>2026-10-06T06:12:15Z</time>
   </trkpt>
   <trkpt lat="22.7376930" lon="120.3297700">
    <ele>19.7</ele>
    <time>2026-10-06T06:12:16Z</time>
   </trkpt>
   <trkpt lat="22.7376980" lon="120.3297620">
    <ele>19.7</ele>
    <time>2026-10-06T06:12:17Z</time>
   </trkpt>
   <trkpt lat="22.7377020" lon="120.3297570">
    <ele>19.7</ele>
    <time>2026-10-06T06:12:18Z</time>
   </trkpt>
   <trkpt lat="22.7376990" lon="120.3297510">
    <ele>19.7</ele>
    <time>2026-10-06T06:12:19Z</time>
   </trkpt>
   <trkpt lat="22.7377030" lon="120.3297420">
    <ele>19.7</ele>
    <time>2026-10-06T06:12:20Z</time>
   </trkpt>
   <trkpt lat="22.7377050" lon="120.3297350">
    <ele>19.7</ele>
    <time>2026-10-06T06:12:21Z</time>
   </trkpt>
   <trkpt lat="22.7377080" lon="120.3297290">
    <ele>19.7</ele>
    <time>2026-10-06T06:12:22Z</time>
   </trkpt>
   <trkpt lat="22.7377100" lon="120.3297250">
    <ele>19.7</ele>
    <time>2026-10-06T06:12:23Z</time>
   </trkpt>
   <trkpt lat="22.7377110" lon="120.3297220">
    <ele>19.7</ele>
    <time>2026-10-06T06:12:24Z</time>
   </trkpt>
   <trkpt lat="22.7377100" lon="120.3297220">
    <ele>19.7</ele>
    <time>2026-10-06T06:12:25Z</time>
   </trkpt>
   <trkpt lat="22.7377110" lon="120.3297200">
    <ele>19.7</ele>
    <time>2026-10-06T06:12:26Z</time>
   </trkpt>
   <trkpt lat="22.7377110" lon="120.3297190">
    <ele>19.7</ele>
    <time>2026-10-06T06:12:27Z</time>
   </trkpt>
   <trkpt lat="22.7377130" lon="120.3297180">
    <ele>19.7</ele>
    <time>2026-10-06T06:12:28Z</time>
   </trkpt>
   <trkpt lat="22.7377130" lon="120.3297160">
    <ele>19.7</ele>
    <time>2026-10-06T06:12:29Z</time>
   </trkpt>
   <trkpt lat="22.7377130" lon="120.3297150">
    <ele>19.7</ele>
    <time>2026-10-06T06:12:30Z</time>
   </trkpt>
   <trkpt lat="22.7377110" lon="120.3297060">
    <ele>19.7</ele>
    <time>2026-10-06T06:12:31Z</time>
   </trkpt>
   <trkpt lat="22.7377100" lon="120.3296990">
    <ele>19.7</ele>
    <time>2026-10-06T06:12:32Z</time>
   </trkpt>
   <trkpt lat="22.7377110" lon="120.3296890">
    <ele>19.7</ele>
    <time>2026-10-06T06:12:33Z</time>
   </trkpt>
   <trkpt lat="22.7377130" lon="120.3296850">
    <ele>19.7</ele>
    <time>2026-10-06T06:12:34Z</time>
   </trkpt>
   <trkpt lat="22.7377150" lon="120.3296840">
    <ele>19.7</ele>
    <time>2026-10-06T06:12:35Z</time>
   </trkpt>
   <trkpt lat="22.7377180" lon="120.3296800">
    <ele>19.7</ele>
    <time>2026-10-06T06:12:36Z</time>
   </trkpt>
   <trkpt lat="22.7377180" lon="120.3296820">
    <ele>19.7</ele>
    <time>2026-10-06T06:12:38Z</time>
   </trkpt>
   <trkpt lat="22.7377300" lon="120.3296770">
    <ele>19.7</ele>
    <time>2026-10-06T06:12:39Z</time>
   </trkpt>
   <trkpt lat="22.7377350" lon="120.3296750">
    <ele>19.7</ele>
    <time>2026-10-06T06:12:40Z</time>
   </trkpt>
   <trkpt lat="22.7377410" lon="120.3296720">
    <ele>19.7</ele>
    <time>2026-10-06T06:12:41Z</time>
   </trkpt>
   <trkpt lat="22.7377480" lon="120.3296800">
    <ele>19.7</ele>
    <time>2026-10-06T06:12:42Z</time>
   </trkpt>
   <trkpt lat="22.7377600" lon="120.3296830">
    <ele>19.7</ele>
    <time>2026-10-06T06:12:43Z</time>
   </trkpt>
   <trkpt lat="22.7377680" lon="120.3296900">
    <ele>19.7</ele>
    <time>2026-10-06T06:12:44Z</time>
   </trkpt>
   <trkpt lat="22.7377820" lon="120.3297130">
    <ele>19.7</ele>
    <time>2026-10-06T06:12:45Z</time>
   </trkpt>
   <trkpt lat="22.7377980" lon="120.3297260">
    <ele>19.7</ele>
    <time>2026-10-06T06:12:46Z</time>
   </trkpt>
   <trkpt lat="22.7378110" lon="120.3297380">
    <ele>19.7</ele>
    <time>2026-10-06T06:12:47Z</time>
   </trkpt>
   <trkpt lat="22.7378220" lon="120.3297440">
    <ele>19.7</ele>
    <time>2026-10-06T06:12:48Z</time>
   </trkpt>
   <trkpt lat="22.7378350" lon="120.3297480">
    <ele>19.7</ele>
    <time>2026-10-06T06:12:49Z</time>
   </trkpt>
   <trkpt lat="22.7378410" lon="120.3297590">
    <ele>19.7</ele>
    <time>2026-10-06T06:12:50Z</time>
   </trkpt>
   <trkpt lat="22.7378500" lon="120.3297650">
    <ele>19.7</ele>
    <time>2026-10-06T06:12:51Z</time>
   </trkpt>
   <trkpt lat="22.7378560" lon="120.3297700">
    <ele>19.7</ele>
    <time>2026-10-06T06:12:52Z</time>
   </trkpt>
   <trkpt lat="22.7378660" lon="120.3297740">
    <ele>19.7</ele>
    <time>2026-10-06T06:12:53Z</time>
   </trkpt>
   <trkpt lat="22.7378740" lon="120.3297780">
    <ele>19.7</ele>
    <time>2026-10-06T06:12:54Z</time>
   </trkpt>
   <trkpt lat="22.7378880" lon="120.3297880">
    <ele>19.7</ele>
    <time>2026-10-06T06:12:55Z</time>
   </trkpt>
   <trkpt lat="22.7379000" lon="120.3297950">
    <ele>19.7</ele>
    <time>2026-10-06T06:12:56Z</time>
   </trkpt>
   <trkpt lat="22.7379090" lon="120.3298160">
    <ele>19.7</ele>
    <time>2026-10-06T06:12:57Z</time>
   </trkpt>
   <trkpt lat="22.7379160" lon="120.3298350">
    <ele>19.7</ele>
    <time>2026-10-06T06:12:58Z</time>
   </trkpt>
   <trkpt lat="22.7379230" lon="120.3298480">
    <ele>19.7</ele>
    <time>2026-10-06T06:12:59Z</time>
   </trkpt>
   <trkpt lat="22.7379210" lon="120.3298710">
    <ele>19.7</ele>
    <time>2026-10-06T06:13:00Z</time>
   </trkpt>
   <trkpt lat="22.7379200" lon="120.3298910">
    <ele>19.7</ele>
    <time>2026-10-06T06:13:01Z</time>
   </trkpt>
   <trkpt lat="22.7379250" lon="120.3299090">
    <ele>19.7</ele>
    <time>2026-10-06T06:13:02Z</time>
   </trkpt>
   <trkpt lat="22.7379290" lon="120.3299200">
    <ele>19.7</ele>
    <time>2026-10-06T06:13:03Z</time>
   </trkpt>
   <trkpt lat="22.7379350" lon="120.3299400">
    <ele>19.7</ele>
    <time>2026-10-06T06:13:04Z</time>
   </trkpt>
   <trkpt lat="22.7379400" lon="120.3299520">
    <ele>19.7</ele>
    <time>2026-10-06T06:13:05Z</time>
   </trkpt>
   <trkpt lat="22.7379420" lon="120.3299680">
    <ele>19.7</ele>
    <time>2026-10-06T06:13:06Z</time>
   </trkpt>
   <trkpt lat="22.7379410" lon="120.3299830">
    <ele>19.7</ele>
    <time>2026-10-06T06:13:07Z</time>
   </trkpt>
   <trkpt lat="22.7379330" lon="120.3300020">
    <ele>19.7</ele>
    <time>2026-10-06T06:13:08Z</time>
   </trkpt>
   <trkpt lat="22.7379280" lon="120.3300150">
    <ele>19.7</ele>
    <time>2026-10-06T06:13:09Z</time>
   </trkpt>
   <trkpt lat="22.7379250" lon="120.3300340">
    <ele>19.7</ele>
    <time>2026-10-06T06:13:10Z</time>
   </trkpt>
   <trkpt lat="22.7379280" lon="120.3300500">
    <ele>19.7</ele>
    <time>2026-10-06T06:13:11Z</time>
   </trkpt>
   <trkpt lat="22.7379400" lon="120.3300600">
    <ele>19.7</ele>
    <time>2026-10-06T06:13:12Z</time>
   </trkpt>
   <trkpt lat="22.7379480" lon="120.3300690">
    <ele>19.7</ele>
    <time>2026-10-06T06:13:13Z</time>
   </trkpt>
   <trkpt lat="22.7379550" lon="120.3300760">
    <ele>19.7</ele>
    <time>2026-10-06T06:13:14Z</time>
   </trkpt>
   <trkpt lat="22.7379610" lon="120.3300880">
    <ele>19.6</ele>
    <time>2026-10-06T06:13:15Z</time>
   </trkpt>
   <trkpt lat="22.7379670" lon="120.3301010">
    <ele>19.6</ele>
    <time>2026-10-06T06:13:16Z</time>
   </trkpt>
   <trkpt lat="22.7379710" lon="120.3301080">
    <ele>19.6</ele>
    <time>2026-10-06T06:13:17Z</time>
   </trkpt>
   <trkpt lat="22.7379750" lon="120.3301170">
    <ele>19.6</ele>
    <time>2026-10-06T06:13:18Z</time>
   </trkpt>
   <trkpt lat="22.7379810" lon="120.3301270">
    <ele>19.6</ele>
    <time>2026-10-06T06:13:19Z</time>
   </trkpt>
   <trkpt lat="22.7379850" lon="120.3301360">
    <ele>19.6</ele>
    <time>2026-10-06T06:13:20Z</time>
   </trkpt>
   <trkpt lat="22.7379950" lon="120.3301460">
    <ele>19.6</ele>
    <time>2026-10-06T06:13:21Z</time>
   </trkpt>
   <trkpt lat="22.7380010" lon="120.3301570">
    <ele>19.6</ele>
    <time>2026-10-06T06:13:22Z</time>
   </trkpt>
   <trkpt lat="22.7380050" lon="120.3301640">
    <ele>19.6</ele>
    <time>2026-10-06T06:13:23Z</time>
   </trkpt>
   <trkpt lat="22.7380060" lon="120.3301680">
    <ele>19.6</ele>
    <time>2026-10-06T06:13:24Z</time>
   </trkpt>
   <trkpt lat="22.7380030" lon="120.3301720">
    <ele>19.6</ele>
    <time>2026-10-06T06:13:25Z</time>
   </trkpt>
   <trkpt lat="22.7379990" lon="120.3301710">
    <ele>19.6</ele>
    <time>2026-10-06T06:13:26Z</time>
   </trkpt>
   <trkpt lat="22.7379920" lon="120.3301710">
    <ele>19.6</ele>
    <time>2026-10-06T06:13:27Z</time>
   </trkpt>
   <trkpt lat="22.7379870" lon="120.3301770">
    <ele>19.6</ele>
    <time>2026-10-06T06:13:28Z</time>
   </trkpt>
   <trkpt lat="22.7379950" lon="120.3301840">
    <ele>19.6</ele>
    <time>2026-10-06T06:13:29Z</time>
   </trkpt>
   <trkpt lat="22.7380060" lon="120.3301900">
    <ele>19.6</ele>
    <time>2026-10-06T06:13:30Z</time>
   </trkpt>
   <trkpt lat="22.7380170" lon="120.3301990">
    <ele>19.6</ele>
    <time>2026-10-06T06:13:31Z</time>
   </trkpt>
   <trkpt lat="22.7380200" lon="120.3302120">
    <ele>19.6</ele>
    <time>2026-10-06T06:13:32Z</time>
   </trkpt>
   <trkpt lat="22.7380130" lon="120.3302210">
    <ele>19.5</ele>
    <time>2026-10-06T06:13:33Z</time>
   </trkpt>
   <trkpt lat="22.7380030" lon="120.3302240">
    <ele>19.5</ele>
    <time>2026-10-06T06:13:34Z</time>
   </trkpt>
   <trkpt lat="22.7379930" lon="120.3302290">
    <ele>19.5</ele>
    <time>2026-10-06T06:13:36Z</time>
   </trkpt>
   <trkpt lat="22.7379940" lon="120.3302320">
    <ele>19.5</ele>
    <time>2026-10-06T06:13:37Z</time>
   </trkpt>
   <trkpt lat="22.7379990" lon="120.3302290">
    <ele>19.5</ele>
    <time>2026-10-06T06:13:39Z</time>
   </trkpt>
   <trkpt lat="22.7380000" lon="120.3302280">
    <ele>19.5</ele>
    <time>2026-10-06T06:13:40Z</time>
   </trkpt>
   <trkpt lat="22.7380010" lon="120.3302250">
    <ele>19.5</ele>
    <time>2026-10-06T06:13:41Z</time>
   </trkpt>
   <trkpt lat="22.7380020" lon="120.3302240">
    <ele>19.5</ele>
    <time>2026-10-06T06:13:42Z</time>
   </trkpt>
   <trkpt lat="22.7380040" lon="120.3302240">
    <ele>19.5</ele>
    <time>2026-10-06T06:13:43Z</time>
   </trkpt>
   <trkpt lat="22.7380070" lon="120.3302250">
    <ele>19.5</ele>
    <time>2026-10-06T06:13:44Z</time>
   </trkpt>
   <trkpt lat="22.7380130" lon="120.3302310">
    <ele>19.5</ele>
    <time>2026-10-06T06:13:45Z</time>
   </trkpt>
   <trkpt lat="22.7380210" lon="120.3302440">
    <ele>19.5</ele>
    <time>2026-10-06T06:13:46Z</time>
   </trkpt>
   <trkpt lat="22.7380200" lon="120.3302570">
    <ele>19.5</ele>
    <time>2026-10-06T06:13:47Z</time>
   </trkpt>
   <trkpt lat="22.7380150" lon="120.3302620">
    <ele>19.5</ele>
    <time>2026-10-06T06:13:48Z</time>
   </trkpt>
   <trkpt lat="22.7380090" lon="120.3302660">
    <ele>19.5</ele>
    <time>2026-10-06T06:13:49Z</time>
   </trkpt>
   <trkpt lat="22.7380030" lon="120.3302720">
    <ele>19.5</ele>
    <time>2026-10-06T06:13:50Z</time>
   </trkpt>
   <trkpt lat="22.7380020" lon="120.3302790">
    <ele>19.5</ele>
    <time>2026-10-06T06:13:51Z</time>
   </trkpt>
   <trkpt lat="22.7380090" lon="120.3302850">
    <ele>19.4</ele>
    <time>2026-10-06T06:13:52Z</time>
   </trkpt>
   <trkpt lat="22.7380160" lon="120.3302920">
    <ele>19.4</ele>
    <time>2026-10-06T06:13:53Z</time>
   </trkpt>
   <trkpt lat="22.7380260" lon="120.3303000">
    <ele>19.4</ele>
    <time>2026-10-06T06:13:54Z</time>
   </trkpt>
   <trkpt lat="22.7380270" lon="120.3303100">
    <ele>19.4</ele>
    <time>2026-10-06T06:13:55Z</time>
   </trkpt>
   <trkpt lat="22.7380240" lon="120.3303180">
    <ele>19.4</ele>
    <time>2026-10-06T06:13:56Z</time>
   </trkpt>
   <trkpt lat="22.7380220" lon="120.3303250">
    <ele>19.4</ele>
    <time>2026-10-06T06:13:57Z</time>
   </trkpt>
   <trkpt lat="22.7380230" lon="120.3303270">
    <ele>19.4</ele>
    <time>2026-10-06T06:13:58Z</time>
   </trkpt>
   <trkpt lat="22.7380260" lon="120.3303280">
    <ele>19.4</ele>
    <time>2026-10-06T06:13:59Z</time>
   </trkpt>
   <trkpt lat="22.7380300" lon="120.3303260">
    <ele>19.4</ele>
    <time>2026-10-06T06:14:00Z</time>
   </trkpt>
   <trkpt lat="22.7380440" lon="120.3303280">
    <ele>19.4</ele>
    <time>2026-10-06T06:14:01Z</time>
   </trkpt>
   <trkpt lat="22.7380560" lon="120.3303330">
    <ele>19.4</ele>
    <time>2026-10-06T06:14:02Z</time>
   </trkpt>
   <trkpt lat="22.7380620" lon="120.3303400">
    <ele>19.4</ele>
    <time>2026-10-06T06:14:03Z</time>
   </trkpt>
   <trkpt lat="22.7380660" lon="120.3303480">
    <ele>19.4</ele>
    <time>2026-10-06T06:14:04Z</time>
   </trkpt>
   <trkpt lat="22.7380620" lon="120.3303540">
    <ele>19.4</ele>
    <time>2026-10-06T06:14:05Z</time>
   </trkpt>
   <trkpt lat="22.7380550" lon="120.3303560">
    <ele>19.4</ele>
    <time>2026-10-06T06:14:06Z</time>
   </trkpt>
   <trkpt lat="22.7380510" lon="120.3303580">
    <ele>19.4</ele>
    <time>2026-10-06T06:14:07Z</time>
   </trkpt>
   <trkpt lat="22.7380480" lon="120.3303590">
    <ele>19.4</ele>
    <time>2026-10-06T06:14:08Z</time>
   </trkpt>
   <trkpt lat="22.7380490" lon="120.3303630">
    <ele>19.4</ele>
    <time>2026-10-06T06:14:09Z</time>
   </trkpt>
   <trkpt lat="22.7380550" lon="120.3303630">
    <ele>19.4</ele>
    <time>2026-10-06T06:14:10Z</time>
   </trkpt>
   <trkpt lat="22.7380600" lon="120.3303660">
    <ele>19.4</ele>
    <time>2026-10-06T06:14:11Z</time>
   </trkpt>
   <trkpt lat="22.7380640" lon="120.3303750">
    <ele>19.4</ele>
    <time>2026-10-06T06:14:12Z</time>
   </trkpt>
   <trkpt lat="22.7380700" lon="120.3303860">
    <ele>19.4</ele>
    <time>2026-10-06T06:14:13Z</time>
   </trkpt>
   <trkpt lat="22.7380700" lon="120.3303930">
    <ele>19.4</ele>
    <time>2026-10-06T06:14:14Z</time>
   </trkpt>
   <trkpt lat="22.7380650" lon="120.3304000">
    <ele>19.4</ele>
    <time>2026-10-06T06:14:15Z</time>
   </trkpt>
   <trkpt lat="22.7380660" lon="120.3304020">
    <ele>19.4</ele>
    <time>2026-10-06T06:14:16Z</time>
   </trkpt>
   <trkpt lat="22.7380760" lon="120.3304010">
    <ele>19.3</ele>
    <time>2026-10-06T06:14:17Z</time>
   </trkpt>
   <trkpt lat="22.7380850" lon="120.3304010">
    <ele>19.3</ele>
    <time>2026-10-06T06:14:18Z</time>
   </trkpt>
   <trkpt lat="22.7380900" lon="120.3304030">
    <ele>19.3</ele>
    <time>2026-10-06T06:14:19Z</time>
   </trkpt>
   <trkpt lat="22.7380960" lon="120.3304070">
    <ele>19.3</ele>
    <time>2026-10-06T06:14:20Z</time>
   </trkpt>
   <trkpt lat="22.7381010" lon="120.3304130">
    <ele>19.3</ele>
    <time>2026-10-06T06:14:21Z</time>
   </trkpt>
   <trkpt lat="22.7380980" lon="120.3304220">
    <ele>19.3</ele>
    <time>2026-10-06T06:14:22Z</time>
   </trkpt>
   <trkpt lat="22.7380960" lon="120.3304260">
    <ele>19.3</ele>
    <time>2026-10-06T06:14:23Z</time>
   </trkpt>
   <trkpt lat="22.7380980" lon="120.3304290">
    <ele>19.3</ele>
    <time>2026-10-06T06:14:24Z</time>
   </trkpt>
   <trkpt lat="22.7381030" lon="120.3304280">
    <ele>19.3</ele>
    <time>2026-10-06T06:14:25Z</time>
   </trkpt>
   <trkpt lat="22.7381100" lon="120.3304280">
    <ele>19.3</ele>
    <time>2026-10-06T06:14:26Z</time>
   </trkpt>
   <trkpt lat="22.7381170" lon="120.3304290">
    <ele>19.3</ele>
    <time>2026-10-06T06:14:27Z</time>
   </trkpt>
   <trkpt lat="22.7381180" lon="120.3304330">
    <ele>19.3</ele>
    <time>2026-10-06T06:14:28Z</time>
   </trkpt>
   <trkpt lat="22.7381160" lon="120.3304420">
    <ele>19.3</ele>
    <time>2026-10-06T06:14:29Z</time>
   </trkpt>
   <trkpt lat="22.7381130" lon="120.3304520">
    <ele>19.3</ele>
    <time>2026-10-06T06:14:31Z</time>
   </trkpt>
   <trkpt lat="22.7381140" lon="120.3304530">
    <ele>19.3</ele>
    <time>2026-10-06T06:14:32Z</time>
   </trkpt>
   <trkpt lat="22.7381150" lon="120.3304520">
    <ele>19.3</ele>
    <time>2026-10-06T06:14:33Z</time>
   </trkpt>
   <trkpt lat="22.7381170" lon="120.3304480">
    <ele>19.3</ele>
    <time>2026-10-06T06:14:34Z</time>
   </trkpt>
   <trkpt lat="22.7381170" lon="120.3304470">
    <ele>19.3</ele>
    <time>2026-10-06T06:14:35Z</time>
   </trkpt>
   <trkpt lat="22.7381210" lon="120.3304470">
    <ele>19.3</ele>
    <time>2026-10-06T06:14:36Z</time>
   </trkpt>
   <trkpt lat="22.7381350" lon="120.3304550">
    <ele>19.3</ele>
    <time>2026-10-06T06:14:38Z</time>
   </trkpt>
   <trkpt lat="22.7381450" lon="120.3304700">
    <ele>19.3</ele>
    <time>2026-10-06T06:14:39Z</time>
   </trkpt>
   <trkpt lat="22.7381490" lon="120.3304790">
    <ele>19.3</ele>
    <time>2026-10-06T06:14:40Z</time>
   </trkpt>
   <trkpt lat="22.7381560" lon="120.3304910">
    <ele>19.3</ele>
    <time>2026-10-06T06:14:41Z</time>
   </trkpt>
   <trkpt lat="22.7381600" lon="120.3305060">
    <ele>19.3</ele>
    <time>2026-10-06T06:14:43Z</time>
   </trkpt>
   <trkpt lat="22.7381550" lon="120.3305230">
    <ele>19.3</ele>
    <time>2026-10-06T06:14:44Z</time>
   </trkpt>
   <trkpt lat="22.7381560" lon="120.3305310">
    <ele>19.3</ele>
    <time>2026-10-06T06:14:45Z</time>
   </trkpt>
   <trkpt lat="22.7381670" lon="120.3305310">
    <ele>19.3</ele>
    <time>2026-10-06T06:14:46Z</time>
   </trkpt>
   <trkpt lat="22.7381760" lon="120.3305310">
    <ele>19.3</ele>
    <time>2026-10-06T06:14:47Z</time>
   </trkpt>
   <trkpt lat="22.7381820" lon="120.3305380">
    <ele>19.2</ele>
    <time>2026-10-06T06:14:48Z</time>
   </trkpt>
   <trkpt lat="22.7381870" lon="120.3305470">
    <ele>19.2</ele>
    <time>2026-10-06T06:14:49Z</time>
   </trkpt>
   <trkpt lat="22.7381830" lon="120.3305580">
    <ele>19.2</ele>
    <time>2026-10-06T06:14:50Z</time>
   </trkpt>
   <trkpt lat="22.7381730" lon="120.3305670">
    <ele>19.2</ele>
    <time>2026-10-06T06:14:51Z</time>
   </trkpt>
   <trkpt lat="22.7381670" lon="120.3305740">
    <ele>19.2</ele>
    <time>2026-10-06T06:14:52Z</time>
   </trkpt>
   <trkpt lat="22.7381670" lon="120.3305740">
    <ele>19.2</ele>
    <time>2026-10-06T06:14:53Z</time>
   </trkpt>
   <trkpt lat="22.7381690" lon="120.3305750">
    <ele>19.2</ele>
    <time>2026-10-06T06:14:54Z</time>
   </trkpt>
   <trkpt lat="22.7381690" lon="120.3305740">
    <ele>19.2</ele>
    <time>2026-10-06T06:14:55Z</time>
   </trkpt>
   <trkpt lat="22.7381710" lon="120.3305760">
    <ele>19.2</ele>
    <time>2026-10-06T06:14:56Z</time>
   </trkpt>
   <trkpt lat="22.7381740" lon="120.3305790">
    <ele>19.2</ele>
    <time>2026-10-06T06:14:57Z</time>
   </trkpt>
   <trkpt lat="22.7381780" lon="120.3305860">
    <ele>19.2</ele>
    <time>2026-10-06T06:14:58Z</time>
   </trkpt>
   <trkpt lat="22.7381810" lon="120.3305950">
    <ele>19.2</ele>
    <time>2026-10-06T06:14:59Z</time>
   </trkpt>
   <trkpt lat="22.7381780" lon="120.3305960">
    <ele>19.2</ele>
    <time>2026-10-06T06:15:00Z</time>
   </trkpt>
   <trkpt lat="22.7381770" lon="120.3305950">
    <ele>19.2</ele>
    <time>2026-10-06T06:15:01Z</time>
   </trkpt>
   <trkpt lat="22.7381760" lon="120.3305900">
    <ele>19.2</ele>
    <time>2026-10-06T06:15:02Z</time>
   </trkpt>
   <trkpt lat="22.7381760" lon="120.3305870">
    <ele>19.2</ele>
    <time>2026-10-06T06:15:03Z</time>
   </trkpt>
   <trkpt lat="22.7381790" lon="120.3305850">
    <ele>19.2</ele>
    <time>2026-10-06T06:15:04Z</time>
   </trkpt>
   <trkpt lat="22.7381840" lon="120.3305880">
    <ele>19.2</ele>
    <time>2026-10-06T06:15:06Z</time>
   </trkpt>
   <trkpt lat="22.7381940" lon="120.3306000">
    <ele>19.2</ele>
    <time>2026-10-06T06:15:07Z</time>
   </trkpt>
   <trkpt lat="22.7381960" lon="120.3306070">
    <ele>19.2</ele>
    <time>2026-10-06T06:15:08Z</time>
   </trkpt>
   <trkpt lat="22.7381940" lon="120.3306160">
    <ele>19.2</ele>
    <time>2026-10-06T06:15:09Z</time>
   </trkpt>
   <trkpt lat="22.7381890" lon="120.3306250">
    <ele>19.2</ele>
    <time>2026-10-06T06:15:10Z</time>
   </trkpt>
   <trkpt lat="22.7381900" lon="120.3306290">
    <ele>19.2</ele>
    <time>2026-10-06T06:15:12Z</time>
   </trkpt>
   <trkpt lat="22.7381920" lon="120.3306200">
    <ele>19.2</ele>
    <time>2026-10-06T06:15:13Z</time>
   </trkpt>
   <trkpt lat="22.7381940" lon="120.3306160">
    <ele>19.2</ele>
    <time>2026-10-06T06:15:15Z</time>
   </trkpt>
   <trkpt lat="22.7381960" lon="120.3306160">
    <ele>19.2</ele>
    <time>2026-10-06T06:15:16Z</time>
   </trkpt>
   <trkpt lat="22.7381970" lon="120.3306160">
    <ele>19.2</ele>
    <time>2026-10-06T06:15:17Z</time>
   </trkpt>
   <trkpt lat="22.7381980" lon="120.3306170">
    <ele>19.2</ele>
    <time>2026-10-06T06:15:18Z</time>
   </trkpt>
   <trkpt lat="22.7382030" lon="120.3306240">
    <ele>19.2</ele>
    <time>2026-10-06T06:15:19Z</time>
   </trkpt>
   <trkpt lat="22.7382040" lon="120.3306290">
    <ele>19.2</ele>
    <time>2026-10-06T06:15:20Z</time>
   </trkpt>
   <trkpt lat="22.7382040" lon="120.3306320">
    <ele>19.2</ele>
    <time>2026-10-06T06:15:21Z</time>
   </trkpt>
   <trkpt lat="22.7382050" lon="120.3306330">
    <ele>19.2</ele>
    <time>2026-10-06T06:15:22Z</time>
   </trkpt>
   <trkpt lat="22.7382050" lon="120.3306320">
    <ele>19.2</ele>
    <time>2026-10-06T06:15:23Z</time>
   </trkpt>
   <trkpt lat="22.7382070" lon="120.3306320">
    <ele>19.2</ele>
    <time>2026-10-06T06:15:24Z</time>
   </trkpt>
   <trkpt lat="22.7382100" lon="120.3306310">
    <ele>19.1</ele>
    <time>2026-10-06T06:15:25Z</time>
   </trkpt>
   <trkpt lat="22.7382140" lon="120.3306350">
    <ele>19.1</ele>
    <time>2026-10-06T06:15:26Z</time>
   </trkpt>
   <trkpt lat="22.7382190" lon="120.3306380">
    <ele>19.1</ele>
    <time>2026-10-06T06:15:27Z</time>
   </trkpt>
   <trkpt lat="22.7382220" lon="120.3306410">
    <ele>19.1</ele>
    <time>2026-10-06T06:15:28Z</time>
   </trkpt>
   <trkpt lat="22.7382290" lon="120.3306510">
    <ele>19.1</ele>
    <time>2026-10-06T06:15:29Z</time>
   </trkpt>
   <trkpt lat="22.7382310" lon="120.3306610">
    <ele>19.1</ele>
    <time>2026-10-06T06:15:30Z</time>
   </trkpt>
   <trkpt lat="22.7382320" lon="120.3306660">
    <ele>19.1</ele>
    <time>2026-10-06T06:15:31Z</time>
   </trkpt>
   <trkpt lat="22.7382370" lon="120.3306660">
    <ele>19.1</ele>
    <time>2026-10-06T06:15:32Z</time>
   </trkpt>
   <trkpt lat="22.7382440" lon="120.3306630">
    <ele>19.1</ele>
    <time>2026-10-06T06:15:33Z</time>
   </trkpt>
   <trkpt lat="22.7382500" lon="120.3306610">
    <ele>19.1</ele>
    <time>2026-10-06T06:15:34Z</time>
   </trkpt>
   <trkpt lat="22.7382600" lon="120.3306600">
    <ele>19.1</ele>
    <time>2026-10-06T06:15:35Z</time>
   </trkpt>
   <trkpt lat="22.7382730" lon="120.3306590">
    <ele>19.1</ele>
    <time>2026-10-06T06:15:36Z</time>
   </trkpt>
   <trkpt lat="22.7382850" lon="120.3306570">
    <ele>19.1</ele>
    <time>2026-10-06T06:15:37Z</time>
   </trkpt>
   <trkpt lat="22.7382970" lon="120.3306520">
    <ele>19.1</ele>
    <time>2026-10-06T06:15:38Z</time>
   </trkpt>
   <trkpt lat="22.7383010" lon="120.3306490">
    <ele>19.1</ele>
    <time>2026-10-06T06:15:39Z</time>
   </trkpt>
   <trkpt lat="22.7383060" lon="120.3306440">
    <ele>19.1</ele>
    <time>2026-10-06T06:15:40Z</time>
   </trkpt>
   <trkpt lat="22.7383040" lon="120.3306380">
    <ele>19.1</ele>
    <time>2026-10-06T06:15:41Z</time>
   </trkpt>
   <trkpt lat="22.7382960" lon="120.3306390">
    <ele>19.1</ele>
    <time>2026-10-06T06:15:42Z</time>
   </trkpt>
   <trkpt lat="22.7382900" lon="120.3306390">
    <ele>19.1</ele>
    <time>2026-10-06T06:15:43Z</time>
   </trkpt>
   <trkpt lat="22.7382830" lon="120.3306340">
    <ele>19.1</ele>
    <time>2026-10-06T06:15:44Z</time>
   </trkpt>
   <trkpt lat="22.7382760" lon="120.3306260">
    <ele>19.1</ele>
    <time>2026-10-06T06:15:45Z</time>
   </trkpt>
   <trkpt lat="22.7382740" lon="120.3306180">
    <ele>19.1</ele>
    <time>2026-10-06T06:15:46Z</time>
   </trkpt>
   <trkpt lat="22.7382790" lon="120.3306140">
    <ele>19.1</ele>
    <time>2026-10-06T06:15:47Z</time>
   </trkpt>
   <trkpt lat="22.7382800" lon="120.3306100">
    <ele>19.1</ele>
    <time>2026-10-06T06:15:48Z</time>
   </trkpt>
   <trkpt lat="22.7382760" lon="120.3306070">
    <ele>19.1</ele>
    <time>2026-10-06T06:15:49Z</time>
   </trkpt>
   <trkpt lat="22.7382710" lon="120.3306080">
    <ele>19.1</ele>
    <time>2026-10-06T06:15:50Z</time>
   </trkpt>
   <trkpt lat="22.7382620" lon="120.3306050">
    <ele>19.1</ele>
    <time>2026-10-06T06:15:51Z</time>
   </trkpt>
   <trkpt lat="22.7382490" lon="120.3306040">
    <ele>19.1</ele>
    <time>2026-10-06T06:15:52Z</time>
   </trkpt>
   <trkpt lat="22.7382420" lon="120.3305970">
    <ele>19.1</ele>
    <time>2026-10-06T06:15:53Z</time>
   </trkpt>
   <trkpt lat="22.7382460" lon="120.3305880">
    <ele>19.1</ele>
    <time>2026-10-06T06:15:54Z</time>
   </trkpt>
   <trkpt lat="22.7382520" lon="120.3305810">
    <ele>19.2</ele>
    <time>2026-10-06T06:15:55Z</time>
   </trkpt>
   <trkpt lat="22.7382530" lon="120.3305760">
    <ele>19.2</ele>
    <time>2026-10-06T06:15:56Z</time>
   </trkpt>
   <trkpt lat="22.7382490" lon="120.3305740">
    <ele>19.2</ele>
    <time>2026-10-06T06:15:57Z</time>
   </trkpt>
   <trkpt lat="22.7382450" lon="120.3305740">
    <ele>19.2</ele>
    <time>2026-10-06T06:15:58Z</time>
   </trkpt>
   <trkpt lat="22.7382330" lon="120.3305740">
    <ele>19.2</ele>
    <time>2026-10-06T06:15:59Z</time>
   </trkpt>
   <trkpt lat="22.7382260" lon="120.3305710">
    <ele>19.2</ele>
    <time>2026-10-06T06:16:00Z</time>
   </trkpt>
   <trkpt lat="22.7382190" lon="120.3305640">
    <ele>19.2</ele>
    <time>2026-10-06T06:16:01Z</time>
   </trkpt>
   <trkpt lat="22.7382170" lon="120.3305560">
    <ele>19.2</ele>
    <time>2026-10-06T06:16:02Z</time>
   </trkpt>
   <trkpt lat="22.7382180" lon="120.3305490">
    <ele>19.2</ele>
    <time>2026-10-06T06:16:03Z</time>
   </trkpt>
   <trkpt lat="22.7382180" lon="120.3305440">
    <ele>19.2</ele>
    <time>2026-10-06T06:16:04Z</time>
   </trkpt>
   <trkpt lat="22.7382100" lon="120.3305430">
    <ele>19.2</ele>
    <time>2026-10-06T06:16:05Z</time>
   </trkpt>
   <trkpt lat="22.7382030" lon="120.3305450">
    <ele>19.2</ele>
    <time>2026-10-06T06:16:06Z</time>
   </trkpt>
   <trkpt lat="22.7381980" lon="120.3305440">
    <ele>19.2</ele>
    <time>2026-10-06T06:16:07Z</time>
   </trkpt>
   <trkpt lat="22.7381920" lon="120.3305380">
    <ele>19.2</ele>
    <time>2026-10-06T06:16:08Z</time>
   </trkpt>
   <trkpt lat="22.7381880" lon="120.3305190">
    <ele>19.2</ele>
    <time>2026-10-06T06:16:10Z</time>
   </trkpt>
   <trkpt lat="22.7381940" lon="120.3305080">
    <ele>19.2</ele>
    <time>2026-10-06T06:16:11Z</time>
   </trkpt>
   <trkpt lat="22.7381940" lon="120.3305010">
    <ele>19.2</ele>
    <time>2026-10-06T06:16:12Z</time>
   </trkpt>
   <trkpt lat="22.7381870" lon="120.3305010">
    <ele>19.2</ele>
    <time>2026-10-06T06:16:13Z</time>
   </trkpt>
   <trkpt lat="22.7381810" lon="120.3304990">
    <ele>19.2</ele>
    <time>2026-10-06T06:16:14Z</time>
   </trkpt>
   <trkpt lat="22.7381750" lon="120.3304910">
    <ele>19.2</ele>
    <time>2026-10-06T06:16:15Z</time>
   </trkpt>
   <trkpt lat="22.7381750" lon="120.3304780">
    <ele>19.2</ele>
    <time>2026-10-06T06:16:16Z</time>
   </trkpt>
   <trkpt lat="22.7381790" lon="120.3304670">
    <ele>19.3</ele>
    <time>2026-10-06T06:16:17Z</time>
   </trkpt>
   <trkpt lat="22.7381860" lon="120.3304610">
    <ele>19.3</ele>
    <time>2026-10-06T06:16:19Z</time>
   </trkpt>
   <trkpt lat="22.7381860" lon="120.3304630">
    <ele>19.3</ele>
    <time>2026-10-06T06:16:20Z</time>
   </trkpt>
   <trkpt lat="22.7381860" lon="120.3304660">
    <ele>19.3</ele>
    <time>2026-10-06T06:16:21Z</time>
   </trkpt>
   <trkpt lat="22.7381880" lon="120.3304670">
    <ele>19.3</ele>
    <time>2026-10-06T06:16:22Z</time>
   </trkpt>
   <trkpt lat="22.7381880" lon="120.3304720">
    <ele>19.3</ele>
    <time>2026-10-06T06:16:23Z</time>
   </trkpt>
   <trkpt lat="22.7381860" lon="120.3304780">
    <ele>19.3</ele>
    <time>2026-10-06T06:16:24Z</time>
   </trkpt>
   <trkpt lat="22.7381800" lon="120.3304790">
    <ele>19.3</ele>
    <time>2026-10-06T06:16:25Z</time>
   </trkpt>
   <trkpt lat="22.7381730" lon="120.3304710">
    <ele>19.3</ele>
    <time>2026-10-06T06:16:26Z</time>
   </trkpt>
   <trkpt lat="22.7381730" lon="120.3304560">
    <ele>19.3</ele>
    <time>2026-10-06T06:16:27Z</time>
   </trkpt>
   <trkpt lat="22.7381750" lon="120.3304450">
    <ele>19.3</ele>
    <time>2026-10-06T06:16:28Z</time>
   </trkpt>
   <trkpt lat="22.7381800" lon="120.3304380">
    <ele>19.3</ele>
    <time>2026-10-06T06:16:30Z</time>
   </trkpt>
   <trkpt lat="22.7381820" lon="120.3304400">
    <ele>19.3</ele>
    <time>2026-10-06T06:16:31Z</time>
   </trkpt>
   <trkpt lat="22.7381830" lon="120.3304410">
    <ele>19.3</ele>
    <time>2026-10-06T06:16:32Z</time>
   </trkpt>
   <trkpt lat="22.7381840" lon="120.3304390">
    <ele>19.3</ele>
    <time>2026-10-06T06:16:33Z</time>
   </trkpt>
   <trkpt lat="22.7381870" lon="120.3304350">
    <ele>19.3</ele>
    <time>2026-10-06T06:16:34Z</time>
   </trkpt>
   <trkpt lat="22.7381890" lon="120.3304330">
    <ele>19.3</ele>
    <time>2026-10-06T06:16:35Z</time>
   </trkpt>
   <trkpt lat="22.7381890" lon="120.3304310">
    <ele>19.3</ele>
    <time>2026-10-06T06:16:36Z</time>
   </trkpt>
   <trkpt lat="22.7381860" lon="120.3304290">
    <ele>19.3</ele>
    <time>2026-10-06T06:16:37Z</time>
   </trkpt>
   <trkpt lat="22.7381810" lon="120.3304210">
    <ele>19.3</ele>
    <time>2026-10-06T06:16:38Z</time>
   </trkpt>
   <trkpt lat="22.7381740" lon="120.3304110">
    <ele>19.3</ele>
    <time>2026-10-06T06:16:39Z</time>
   </trkpt>
   <trkpt lat="22.7381730" lon="120.3304000">
    <ele>19.3</ele>
    <time>2026-10-06T06:16:40Z</time>
   </trkpt>
   <trkpt lat="22.7381770" lon="120.3303930">
    <ele>19.3</ele>
    <time>2026-10-06T06:16:41Z</time>
   </trkpt>
   <trkpt lat="22.7381780" lon="120.3303880">
    <ele>19.3</ele>
    <time>2026-10-06T06:16:42Z</time>
   </trkpt>
   <trkpt lat="22.7381760" lon="120.3303820">
    <ele>19.3</ele>
    <time>2026-10-06T06:16:43Z</time>
   </trkpt>
   <trkpt lat="22.7381650" lon="120.3303810">
    <ele>19.3</ele>
    <time>2026-10-06T06:16:44Z</time>
   </trkpt>
   <trkpt lat="22.7381440" lon="120.3303810">
    <ele>19.3</ele>
    <time>2026-10-06T06:16:45Z</time>
   </trkpt>
   <trkpt lat="22.7381370" lon="120.3303750">
    <ele>19.3</ele>
    <time>2026-10-06T06:16:46Z</time>
   </trkpt>
   <trkpt lat="22.7381320" lon="120.3303660">
    <ele>19.3</ele>
    <time>2026-10-06T06:16:47Z</time>
   </trkpt>
   <trkpt lat="22.7381320" lon="120.3303590">
    <ele>19.3</ele>
    <time>2026-10-06T06:16:48Z</time>
   </trkpt>
   <trkpt lat="22.7381380" lon="120.3303560">
    <ele>19.4</ele>
    <time>2026-10-06T06:16:49Z</time>
   </trkpt>
   <trkpt lat="22.7381390" lon="120.3303560">
    <ele>19.4</ele>
    <time>2026-10-06T06:16:50Z</time>
   </trkpt>
   <trkpt lat="22.7381340" lon="120.3303540">
    <ele>19.4</ele>
    <time>2026-10-06T06:16:51Z</time>
   </trkpt>
   <trkpt lat="22.7381270" lon="120.3303540">
    <ele>19.4</ele>
    <time>2026-10-06T06:16:52Z</time>
   </trkpt>
   <trkpt lat="22.7381210" lon="120.3303520">
    <ele>19.4</ele>
    <time>2026-10-06T06:16:53Z</time>
   </trkpt>
   <trkpt lat="22.7381150" lon="120.3303450">
    <ele>19.4</ele>
    <time>2026-10-06T06:16:54Z</time>
   </trkpt>
   <trkpt lat="22.7381120" lon="120.3303340">
    <ele>19.4</ele>
    <time>2026-10-06T06:16:55Z</time>
   </trkpt>
   <trkpt lat="22.7381090" lon="120.3303280">
    <ele>19.4</ele>
    <time>2026-10-06T06:16:56Z</time>
   </trkpt>
   <trkpt lat="22.7381040" lon="120.3303260">
    <ele>19.4</ele>
    <time>2026-10-06T06:16:57Z</time>
   </trkpt>
   <trkpt lat="22.7380920" lon="120.3303290">
    <ele>19.4</ele>
    <time>2026-10-06T06:16:58Z</time>
   </trkpt>
   <trkpt lat="22.7380810" lon="120.3303310">
    <ele>19.4</ele>
    <time>2026-10-06T06:16:59Z</time>
   </trkpt>
   <trkpt lat="22.7380640" lon="120.3303300">
    <ele>19.4</ele>
    <time>2026-10-06T06:17:00Z</time>
   </trkpt>
   <trkpt lat="22.7380550" lon="120.3303270">
    <ele>19.4</ele>
    <time>2026-10-06T06:17:01Z</time>
   </trkpt>
   <trkpt lat="22.7380500" lon="120.3303190">
    <ele>19.4</ele>
    <time>2026-10-06T06:17:02Z</time>
   </trkpt>
   <trkpt lat="22.7380530" lon="120.3303110">
    <ele>19.4</ele>
    <time>2026-10-06T06:17:03Z</time>
   </trkpt>
   <trkpt lat="22.7380610" lon="120.3303030">
    <ele>19.4</ele>
    <time>2026-10-06T06:17:04Z</time>
   </trkpt>
   <trkpt lat="22.7380600" lon="120.3302980">
    <ele>19.4</ele>
    <time>2026-10-06T06:17:05Z</time>
   </trkpt>
   <trkpt lat="22.7380530" lon="120.3302990">
    <ele>19.4</ele>
    <time>2026-10-06T06:17:06Z</time>
   </trkpt>
   <trkpt lat="22.7380440" lon="120.3302950">
    <ele>19.4</ele>
    <time>2026-10-06T06:17:07Z</time>
   </trkpt>
   <trkpt lat="22.7380410" lon="120.3302920">
    <ele>19.4</ele>
    <time>2026-10-06T06:17:08Z</time>
   </trkpt>
   <trkpt lat="22.7380430" lon="120.3302850">
    <ele>19.4</ele>
    <time>2026-10-06T06:17:09Z</time>
   </trkpt>
   <trkpt lat="22.7380510" lon="120.3302800">
    <ele>19.4</ele>
    <time>2026-10-06T06:17:10Z</time>
   </trkpt>
   <trkpt lat="22.7380580" lon="120.3302740">
    <ele>19.5</ele>
    <time>2026-10-06T06:17:11Z</time>
   </trkpt>
   <trkpt lat="22.7380550" lon="120.3302700">
    <ele>19.5</ele>
    <time>2026-10-06T06:17:12Z</time>
   </trkpt>
   <trkpt lat="22.7380470" lon="120.3302740">
    <ele>19.5</ele>
    <time>2026-10-06T06:17:13Z</time>
   </trkpt>
   <trkpt lat="22.7380370" lon="120.3302810">
    <ele>19.5</ele>
    <time>2026-10-06T06:17:14Z</time>
   </trkpt>
   <trkpt lat="22.7380280" lon="120.3302810">
    <ele>19.5</ele>
    <time>2026-10-06T06:17:15Z</time>
   </trkpt>
   <trkpt lat="22.7380200" lon="120.3302750">
    <ele>19.5</ele>
    <time>2026-10-06T06:17:16Z</time>
   </trkpt>
   <trkpt lat="22.7380170" lon="120.3302650">
    <ele>19.5</ele>
    <time>2026-10-06T06:17:17Z</time>
   </trkpt>
   <trkpt lat="22.7380160" lon="120.3302560">
    <ele>19.5</ele>
    <time>2026-10-06T06:17:18Z</time>
   </trkpt>
   <trkpt lat="22.7380130" lon="120.3302520">
    <ele>19.5</ele>
    <time>2026-10-06T06:17:19Z</time>
   </trkpt>
   <trkpt lat="22.7380090" lon="120.3302470">
    <ele>19.5</ele>
    <time>2026-10-06T06:17:20Z</time>
   </trkpt>
   <trkpt lat="22.7379970" lon="120.3302510">
    <ele>19.5</ele>
    <time>2026-10-06T06:17:21Z</time>
   </trkpt>
   <trkpt lat="22.7379860" lon="120.3302560">
    <ele>19.5</ele>
    <time>2026-10-06T06:17:22Z</time>
   </trkpt>
   <trkpt lat="22.7379740" lon="120.3302600">
    <ele>19.6</ele>
    <time>2026-10-06T06:17:23Z</time>
   </trkpt>
   <trkpt lat="22.7379630" lon="120.3302570">
    <ele>19.6</ele>
    <time>2026-10-06T06:17:24Z</time>
   </trkpt>
   <trkpt lat="22.7379510" lon="120.3302510">
    <ele>19.6</ele>
    <time>2026-10-06T06:17:25Z</time>
   </trkpt>
   <trkpt lat="22.7379430" lon="120.3302430">
    <ele>19.6</ele>
    <time>2026-10-06T06:17:26Z</time>
   </trkpt>
   <trkpt lat="22.7379410" lon="120.3302310">
    <ele>19.6</ele>
    <time>2026-10-06T06:17:27Z</time>
   </trkpt>
   <trkpt lat="22.7379410" lon="120.3302190">
    <ele>19.6</ele>
    <time>2026-10-06T06:17:28Z</time>
   </trkpt>
   <trkpt lat="22.7379510" lon="120.3302050">
    <ele>19.6</ele>
    <time>2026-10-06T06:17:29Z</time>
   </trkpt>
   <trkpt lat="22.7379600" lon="120.3301930">
    <ele>19.6</ele>
    <time>2026-10-06T06:17:30Z</time>
   </trkpt>
   <trkpt lat="22.7379650" lon="120.3301860">
    <ele>19.6</ele>
    <time>2026-10-06T06:17:31Z</time>
   </trkpt>
   <trkpt lat="22.7379670" lon="120.3301840">
    <ele>19.6</ele>
    <time>2026-10-06T06:17:32Z</time>
   </trkpt>
   <trkpt lat="22.7379660" lon="120.3301820">
    <ele>19.6</ele>
    <time>2026-10-06T06:17:33Z</time>
   </trkpt>
   <trkpt lat="22.7379630" lon="120.3301820">
    <ele>19.6</ele>
    <time>2026-10-06T06:17:34Z</time>
   </trkpt>
   <trkpt lat="22.7379540" lon="120.3301760">
    <ele>19.6</ele>
    <time>2026-10-06T06:17:35Z</time>
   </trkpt>
   <trkpt lat="22.7379450" lon="120.3301620">
    <ele>19.6</ele>
    <time>2026-10-06T06:17:36Z</time>
   </trkpt>
   <trkpt lat="22.7379470" lon="120.3301470">
    <ele>19.6</ele>
    <time>2026-10-06T06:17:37Z</time>
   </trkpt>
   <trkpt lat="22.7379550" lon="120.3301370">
    <ele>19.6</ele>
    <time>2026-10-06T06:17:38Z</time>
   </trkpt>
   <trkpt lat="22.7379620" lon="120.3301320">
    <ele>19.7</ele>
    <time>2026-10-06T06:17:39Z</time>
   </trkpt>
   <trkpt lat="22.7379630" lon="120.3301280">
    <ele>19.7</ele>
    <time>2026-10-06T06:17:40Z</time>
   </trkpt>
   <trkpt lat="22.7379640" lon="120.3301240">
    <ele>19.7</ele>
    <time>2026-10-06T06:17:41Z</time>
   </trkpt>
   <trkpt lat="22.7379660" lon="120.3301160">
    <ele>19.7</ele>
    <time>2026-10-06T06:17:42Z</time>
   </trkpt>
   <trkpt lat="22.7379670" lon="120.3301070">
    <ele>19.7</ele>
    <time>2026-10-06T06:17:43Z</time>
   </trkpt>
   <trkpt lat="22.7379730" lon="120.3301030">
    <ele>19.7</ele>
    <time>2026-10-06T06:17:44Z</time>
   </trkpt>
   <trkpt lat="22.7379760" lon="120.3301040">
    <ele>19.7</ele>
    <time>2026-10-06T06:17:45Z</time>
   </trkpt>
   <trkpt lat="22.7379790" lon="120.3301050">
    <ele>19.7</ele>
    <time>2026-10-06T06:17:46Z</time>
   </trkpt>
   <trkpt lat="22.7379810" lon="120.3301050">
    <ele>19.7</ele>
    <time>2026-10-06T06:17:47Z</time>
   </trkpt>
   <trkpt lat="22.7379820" lon="120.3301030">
    <ele>19.7</ele>
    <time>2026-10-06T06:17:48Z</time>
   </trkpt>
   <trkpt lat="22.7379840" lon="120.3300990">
    <ele>19.7</ele>
    <time>2026-10-06T06:17:49Z</time>
   </trkpt>
   <trkpt lat="22.7379820" lon="120.3300960">
    <ele>19.7</ele>
    <time>2026-10-06T06:17:50Z</time>
   </trkpt>
   <trkpt lat="22.7379770" lon="120.3300930">
    <ele>19.7</ele>
    <time>2026-10-06T06:17:51Z</time>
   </trkpt>
   <trkpt lat="22.7379730" lon="120.3300900">
    <ele>19.7</ele>
    <time>2026-10-06T06:17:52Z</time>
   </trkpt>
   <trkpt lat="22.7379700" lon="120.3300830">
    <ele>19.7</ele>
    <time>2026-10-06T06:17:53Z</time>
   </trkpt>
   <trkpt lat="22.7379650" lon="120.3300690">
    <ele>19.7</ele>
    <time>2026-10-06T06:17:54Z</time>
   </trkpt>
   <trkpt lat="22.7379650" lon="120.3300550">
    <ele>19.7</ele>
    <time>2026-10-06T06:17:55Z</time>
   </trkpt>
   <trkpt lat="22.7379650" lon="120.3300460">
    <ele>19.7</ele>
    <time>2026-10-06T06:17:56Z</time>
   </trkpt>
   <trkpt lat="22.7379610" lon="120.3300410">
    <ele>19.7</ele>
    <time>2026-10-06T06:17:57Z</time>
   </trkpt>
   <trkpt lat="22.7379490" lon="120.3300330">
    <ele>19.7</ele>
    <time>2026-10-06T06:17:58Z</time>
   </trkpt>
   <trkpt lat="22.7379440" lon="120.3300250">
    <ele>19.7</ele>
    <time>2026-10-06T06:17:59Z</time>
   </trkpt>
   <trkpt lat="22.7379380" lon="120.3300140">
    <ele>19.7</ele>
    <time>2026-10-06T06:18:00Z</time>
   </trkpt>
   <trkpt lat="22.7379370" lon="120.3299930">
    <ele>19.7</ele>
    <time>2026-10-06T06:18:01Z</time>
   </trkpt>
   <trkpt lat="22.7379340" lon="120.3299760">
    <ele>19.7</ele>
    <time>2026-10-06T06:18:03Z</time>
   </trkpt>
   <trkpt lat="22.7379100" lon="120.3299590">
    <ele>19.7</ele>
    <time>2026-10-06T06:18:04Z</time>
   </trkpt>
   <trkpt lat="22.7379090" lon="120.3299470">
    <ele>19.7</ele>
    <time>2026-10-06T06:18:05Z</time>
   </trkpt>
   <trkpt lat="22.7379080" lon="120.3299330">
    <ele>19.7</ele>
    <time>2026-10-06T06:18:06Z</time>
   </trkpt>
   <trkpt lat="22.7379090" lon="120.3299190">
    <ele>19.7</ele>
    <time>2026-10-06T06:18:07Z</time>
   </trkpt>
   <trkpt lat="22.7379040" lon="120.3299070">
    <ele>19.7</ele>
    <time>2026-10-06T06:18:08Z</time>
   </trkpt>
   <trkpt lat="22.7378990" lon="120.3298960">
    <ele>19.7</ele>
    <time>2026-10-06T06:18:09Z</time>
   </trkpt>
   <trkpt lat="22.7378790" lon="120.3298870">
    <ele>19.7</ele>
    <time>2026-10-06T06:18:10Z</time>
   </trkpt>
   <trkpt lat="22.7378680" lon="120.3298790">
    <ele>19.7</ele>
    <time>2026-10-06T06:18:11Z</time>
   </trkpt>
   <trkpt lat="22.7378610" lon="120.3298700">
    <ele>19.7</ele>
    <time>2026-10-06T06:18:12Z</time>
   </trkpt>
   <trkpt lat="22.7378550" lon="120.3298660">
    <ele>19.7</ele>
    <time>2026-10-06T06:18:13Z</time>
   </trkpt>
   <trkpt lat="22.7378490" lon="120.3298590">
    <ele>19.7</ele>
    <time>2026-10-06T06:18:14Z</time>
   </trkpt>
   <trkpt lat="22.7378440" lon="120.3298520">
    <ele>19.7</ele>
    <time>2026-10-06T06:18:15Z</time>
   </trkpt>
   <trkpt lat="22.7378390" lon="120.3298450">
    <ele>19.7</ele>
    <time>2026-10-06T06:18:16Z</time>
   </trkpt>
   <trkpt lat="22.7378380" lon="120.3298370">
    <ele>19.7</ele>
    <time>2026-10-06T06:18:17Z</time>
   </trkpt>
   <trkpt lat="22.7378370" lon="120.3298270">
    <ele>19.7</ele>
    <time>2026-10-06T06:18:18Z</time>
   </trkpt>
   <trkpt lat="22.7378330" lon="120.3298140">
    <ele>19.7</ele>
    <time>2026-10-06T06:18:19Z</time>
   </trkpt>
   <trkpt lat="22.7378310" lon="120.3297980">
    <ele>19.7</ele>
    <time>2026-10-06T06:18:20Z</time>
   </trkpt>
   <trkpt lat="22.7378290" lon="120.3297830">
    <ele>19.7</ele>
    <time>2026-10-06T06:18:21Z</time>
   </trkpt>
   <trkpt lat="22.7378210" lon="120.3297570">
    <ele>19.7</ele>
    <time>2026-10-06T06:18:23Z</time>
   </trkpt>
   <trkpt lat="22.7378170" lon="120.3297430">
    <ele>19.7</ele>
    <time>2026-10-06T06:18:24Z</time>
   </trkpt>
   <trkpt lat="22.7378170" lon="120.3297260">
    <ele>19.7</ele>
    <time>2026-10-06T06:18:25Z</time>
   </trkpt>
   <trkpt lat="22.7378220" lon="120.3297070">
    <ele>19.7</ele>
    <time>2026-10-06T06:18:26Z</time>
   </trkpt>
   <trkpt lat="22.7378270" lon="120.3296880">
    <ele>19.7</ele>
    <time>2026-10-06T06:18:27Z</time>
   </trkpt>
   <trkpt lat="22.7378270" lon="120.3296720">
    <ele>19.7</ele>
    <time>2026-10-06T06:18:28Z</time>
   </trkpt>
   <trkpt lat="22.7380620" lon="120.3295080">
    <ele>19.5</ele>
    <time>2026-10-06T06:26:27Z</time>
   </trkpt>
   <trkpt lat="22.7380670" lon="120.3295160">
    <ele>19.5</ele>
    <time>2026-10-06T06:26:28Z</time>
   </trkpt>
   <trkpt lat="22.7380750" lon="120.3295210">
    <ele>19.5</ele>
    <time>2026-10-06T06:26:29Z</time>
   </trkpt>
   <trkpt lat="22.7380840" lon="120.3295320">
    <ele>19.4</ele>
    <time>2026-10-06T06:26:30Z</time>
   </trkpt>
   <trkpt lat="22.7381020" lon="120.3295430">
    <ele>19.4</ele>
    <time>2026-10-06T06:26:32Z</time>
   </trkpt>
   <trkpt lat="22.7381150" lon="120.3295460">
    <ele>19.4</ele>
    <time>2026-10-06T06:26:33Z</time>
   </trkpt>
   <trkpt lat="22.7381380" lon="120.3295460">
    <ele>19.4</ele>
    <time>2026-10-06T06:26:35Z</time>
   </trkpt>
   <trkpt lat="22.7381480" lon="120.3295500">
    <ele>19.4</ele>
    <time>2026-10-06T06:26:36Z</time>
   </trkpt>
   <trkpt lat="22.7381570" lon="120.3295560">
    <ele>19.4</ele>
    <time>2026-10-06T06:26:37Z</time>
   </trkpt>
   <trkpt lat="22.7381660" lon="120.3295630">
    <ele>19.4</ele>
    <time>2026-10-06T06:26:38Z</time>
   </trkpt>
   <trkpt lat="22.7381710" lon="120.3295750">
    <ele>19.4</ele>
    <time>2026-10-06T06:26:39Z</time>
   </trkpt>
   <trkpt lat="22.7381750" lon="120.3295860">
    <ele>19.4</ele>
    <time>2026-10-06T06:26:40Z</time>
   </trkpt>
   <trkpt lat="22.7381750" lon="120.3295940">
    <ele>19.4</ele>
    <time>2026-10-06T06:26:41Z</time>
   </trkpt>
   <trkpt lat="22.7381750" lon="120.3296060">
    <ele>19.4</ele>
    <time>2026-10-06T06:26:42Z</time>
   </trkpt>
   <trkpt lat="22.7381790" lon="120.3296180">
    <ele>19.4</ele>
    <time>2026-10-06T06:26:43Z</time>
   </trkpt>
   <trkpt lat="22.7381850" lon="120.3296280">
    <ele>19.4</ele>
    <time>2026-10-06T06:26:44Z</time>
   </trkpt>
   <trkpt lat="22.7381960" lon="120.3296460">
    <ele>19.4</ele>
    <time>2026-10-06T06:26:46Z</time>
   </trkpt>
   <trkpt lat="22.7382060" lon="120.3296540">
    <ele>19.4</ele>
    <time>2026-10-06T06:26:47Z</time>
   </trkpt>
   <trkpt lat="22.7382150" lon="120.3296610">
    <ele>19.4</ele>
    <time>2026-10-06T06:26:48Z</time>
   </trkpt>
   <trkpt lat="22.7382240" lon="120.3296670">
    <ele>19.4</ele>
    <time>2026-10-06T06:26:49Z</time>
   </trkpt>
   <trkpt lat="22.7382320" lon="120.3296740">
    <ele>19.4</ele>
    <time>2026-10-06T06:26:50Z</time>
   </trkpt>
   <trkpt lat="22.7382410" lon="120.3296770">
    <ele>19.3</ele>
    <time>2026-10-06T06:26:51Z</time>
   </trkpt>
   <trkpt lat="22.7382520" lon="120.3296860">
    <ele>19.3</ele>
    <time>2026-10-06T06:26:52Z</time>
   </trkpt>
   <trkpt lat="22.7382650" lon="120.3296930">
    <ele>19.3</ele>
    <time>2026-10-06T06:26:53Z</time>
   </trkpt>
   <trkpt lat="22.7382750" lon="120.3297010">
    <ele>19.3</ele>
    <time>2026-10-06T06:26:54Z</time>
   </trkpt>
   <trkpt lat="22.7382820" lon="120.3297140">
    <ele>19.3</ele>
    <time>2026-10-06T06:26:55Z</time>
   </trkpt>
   <trkpt lat="22.7382890" lon="120.3297320">
    <ele>19.3</ele>
    <time>2026-10-06T06:26:57Z</time>
   </trkpt>
   <trkpt lat="22.7382960" lon="120.3297470">
    <ele>19.3</ele>
    <time>2026-10-06T06:26:58Z</time>
   </trkpt>
   <trkpt lat="22.7383050" lon="120.3297610">
    <ele>19.3</ele>
    <time>2026-10-06T06:26:59Z</time>
   </trkpt>
   <trkpt lat="22.7383100" lon="120.3297710">
    <ele>19.3</ele>
    <time>2026-10-06T06:27:00Z</time>
   </trkpt>
   <trkpt lat="22.7383150" lon="120.3297810">
    <ele>19.3</ele>
    <time>2026-10-06T06:27:01Z</time>
   </trkpt>
   <trkpt lat="22.7383210" lon="120.3297890">
    <ele>19.3</ele>
    <time>2026-10-06T06:27:02Z</time>
   </trkpt>
   <trkpt lat="22.7383260" lon="120.3297970">
    <ele>19.3</ele>
    <time>2026-10-06T06:27:03Z</time>
   </trkpt>
   <trkpt lat="22.7383330" lon="120.3298080">
    <ele>19.3</ele>
    <time>2026-10-06T06:27:04Z</time>
   </trkpt>
   <trkpt lat="22.7383360" lon="120.3298190">
    <ele>19.3</ele>
    <time>2026-10-06T06:27:05Z</time>
   </trkpt>
   <trkpt lat="22.7383350" lon="120.3298300">
    <ele>19.3</ele>
    <time>2026-10-06T06:27:06Z</time>
   </trkpt>
   <trkpt lat="22.7383290" lon="120.3298400">
    <ele>19.3</ele>
    <time>2026-10-06T06:27:08Z</time>
   </trkpt>
   <trkpt lat="22.7383370" lon="120.3298430">
    <ele>19.3</ele>
    <time>2026-10-06T06:27:09Z</time>
   </trkpt>
   <trkpt lat="22.7383450" lon="120.3298460">
    <ele>19.3</ele>
    <time>2026-10-06T06:27:10Z</time>
   </trkpt>
   <trkpt lat="22.7383530" lon="120.3298570">
    <ele>19.3</ele>
    <time>2026-10-06T06:27:11Z</time>
   </trkpt>
   <trkpt lat="22.7383570" lon="120.3298700">
    <ele>19.2</ele>
    <time>2026-10-06T06:27:12Z</time>
   </trkpt>
   <trkpt lat="22.7383560" lon="120.3298790">
    <ele>19.2</ele>
    <time>2026-10-06T06:27:13Z</time>
   </trkpt>
   <trkpt lat="22.7383500" lon="120.3298840">
    <ele>19.2</ele>
    <time>2026-10-06T06:27:14Z</time>
   </trkpt>
   <trkpt lat="22.7383440" lon="120.3298880">
    <ele>19.2</ele>
    <time>2026-10-06T06:27:15Z</time>
   </trkpt>
   <trkpt lat="22.7383430" lon="120.3298900">
    <ele>19.2</ele>
    <time>2026-10-06T06:27:16Z</time>
   </trkpt>
   <trkpt lat="22.7383430" lon="120.3298900">
    <ele>19.2</ele>
    <time>2026-10-06T06:27:17Z</time>
   </trkpt>
   <trkpt lat="22.7383430" lon="120.3298890">
    <ele>19.2</ele>
    <time>2026-10-06T06:27:18Z</time>
   </trkpt>
   <trkpt lat="22.7383430" lon="120.3298890">
    <ele>19.2</ele>
    <time>2026-10-06T06:27:19Z</time>
   </trkpt>
   <trkpt lat="22.7383450" lon="120.3298890">
    <ele>19.2</ele>
    <time>2026-10-06T06:27:20Z</time>
   </trkpt>
   <trkpt lat="22.7383470" lon="120.3298900">
    <ele>19.2</ele>
    <time>2026-10-06T06:27:21Z</time>
   </trkpt>
   <trkpt lat="22.7383490" lon="120.3298930">
    <ele>19.2</ele>
    <time>2026-10-06T06:27:22Z</time>
   </trkpt>
   <trkpt lat="22.7383520" lon="120.3299020">
    <ele>19.2</ele>
    <time>2026-10-06T06:27:23Z</time>
   </trkpt>
   <trkpt lat="22.7383500" lon="120.3299080">
    <ele>19.2</ele>
    <time>2026-10-06T06:27:24Z</time>
   </trkpt>
   <trkpt lat="22.7383500" lon="120.3299130">
    <ele>19.2</ele>
    <time>2026-10-06T06:27:25Z</time>
   </trkpt>
   <trkpt lat="22.7383550" lon="120.3299160">
    <ele>19.2</ele>
    <time>2026-10-06T06:27:27Z</time>
   </trkpt>
   <trkpt lat="22.7383620" lon="120.3299250">
    <ele>19.2</ele>
    <time>2026-10-06T06:27:28Z</time>
   </trkpt>
   <trkpt lat="22.7383660" lon="120.3299370">
    <ele>19.2</ele>
    <time>2026-10-06T06:27:29Z</time>
   </trkpt>
   <trkpt lat="22.7383640" lon="120.3299450">
    <ele>19.2</ele>
    <time>2026-10-06T06:27:30Z</time>
   </trkpt>
   <trkpt lat="22.7383590" lon="120.3299510">
    <ele>19.2</ele>
    <time>2026-10-06T06:27:31Z</time>
   </trkpt>
   <trkpt lat="22.7383580" lon="120.3299580">
    <ele>19.2</ele>
    <time>2026-10-06T06:27:32Z</time>
   </trkpt>
   <trkpt lat="22.7383670" lon="120.3299590">
    <ele>19.2</ele>
    <time>2026-10-06T06:27:33Z</time>
   </trkpt>
   <trkpt lat="22.7383760" lon="120.3299610">
    <ele>19.2</ele>
    <time>2026-10-06T06:27:34Z</time>
   </trkpt>
   <trkpt lat="22.7383820" lon="120.3299690">
    <ele>19.2</ele>
    <time>2026-10-06T06:27:35Z</time>
   </trkpt>
   <trkpt lat="22.7383840" lon="120.3299770">
    <ele>19.2</ele>
    <time>2026-10-06T06:27:36Z</time>
   </trkpt>
   <trkpt lat="22.7383800" lon="120.3299850">
    <ele>19.2</ele>
    <time>2026-10-06T06:27:37Z</time>
   </trkpt>
   <trkpt lat="22.7383790" lon="120.3299860">
    <ele>19.2</ele>
    <time>2026-10-06T06:27:38Z</time>
   </trkpt>
   <trkpt lat="22.7383740" lon="120.3299940">
    <ele>19.2</ele>
    <time>2026-10-06T06:27:39Z</time>
   </trkpt>
   <trkpt lat="22.7383790" lon="120.3299980">
    <ele>19.2</ele>
    <time>2026-10-06T06:27:40Z</time>
   </trkpt>
   <trkpt lat="22.7383840" lon="120.3299950">
    <ele>19.2</ele>
    <time>2026-10-06T06:27:41Z</time>
   </trkpt>
   <trkpt lat="22.7383880" lon="120.3299950">
    <ele>19.2</ele>
    <time>2026-10-06T06:27:42Z</time>
   </trkpt>
   <trkpt lat="22.7383860" lon="120.3300000">
    <ele>19.2</ele>
    <time>2026-10-06T06:27:43Z</time>
   </trkpt>
   <trkpt lat="22.7383880" lon="120.3300100">
    <ele>19.2</ele>
    <time>2026-10-06T06:27:44Z</time>
   </trkpt>
   <trkpt lat="22.7383890" lon="120.3300190">
    <ele>19.2</ele>
    <time>2026-10-06T06:27:45Z</time>
   </trkpt>
   <trkpt lat="22.7383870" lon="120.3300250">
    <ele>19.2</ele>
    <time>2026-10-06T06:27:46Z</time>
   </trkpt>
   <trkpt lat="22.7383850" lon="120.3300280">
    <ele>19.2</ele>
    <time>2026-10-06T06:27:47Z</time>
   </trkpt>
   <trkpt lat="22.7383830" lon="120.3300270">
    <ele>19.2</ele>
    <time>2026-10-06T06:27:48Z</time>
   </trkpt>
   <trkpt lat="22.7383810" lon="120.3300240">
    <ele>19.2</ele>
    <time>2026-10-06T06:27:49Z</time>
   </trkpt>
   <trkpt lat="22.7383800" lon="120.3300230">
    <ele>19.2</ele>
    <time>2026-10-06T06:27:50Z</time>
   </trkpt>
   <trkpt lat="22.7383820" lon="120.3300210">
    <ele>19.2</ele>
    <time>2026-10-06T06:27:51Z</time>
   </trkpt>
   <trkpt lat="22.7383820" lon="120.3300190">
    <ele>19.2</ele>
    <time>2026-10-06T06:27:52Z</time>
   </trkpt>
   <trkpt lat="22.7383810" lon="120.3300190">
    <ele>19.2</ele>
    <time>2026-10-06T06:27:53Z</time>
   </trkpt>
   <trkpt lat="22.7383790" lon="120.3300190">
    <ele>19.2</ele>
    <time>2026-10-06T06:27:54Z</time>
   </trkpt>
   <trkpt lat="22.7383780" lon="120.3300190">
    <ele>19.2</ele>
    <time>2026-10-06T06:27:55Z</time>
   </trkpt>
   <trkpt lat="22.7383770" lon="120.3300200">
    <ele>19.2</ele>
    <time>2026-10-06T06:27:56Z</time>
   </trkpt>
   <trkpt lat="22.7383780" lon="120.3300220">
    <ele>19.2</ele>
    <time>2026-10-06T06:27:57Z</time>
   </trkpt>
   <trkpt lat="22.7383920" lon="120.3300380">
    <ele>19.1</ele>
    <time>2026-10-06T06:27:58Z</time>
   </trkpt>
   <trkpt lat="22.7384000" lon="120.3300490">
    <ele>19.1</ele>
    <time>2026-10-06T06:27:59Z</time>
   </trkpt>
   <trkpt lat="22.7384030" lon="120.3300570">
    <ele>19.1</ele>
    <time>2026-10-06T06:28:00Z</time>
   </trkpt>
   <trkpt lat="22.7384010" lon="120.3300640">
    <ele>19.1</ele>
    <time>2026-10-06T06:28:01Z</time>
   </trkpt>
   <trkpt lat="22.7384000" lon="120.3300690">
    <ele>19.1</ele>
    <time>2026-10-06T06:28:02Z</time>
   </trkpt>
   <trkpt lat="22.7384000" lon="120.3300720">
    <ele>19.1</ele>
    <time>2026-10-06T06:28:03Z</time>
   </trkpt>
   <trkpt lat="22.7384030" lon="120.3300710">
    <ele>19.1</ele>
    <time>2026-10-06T06:28:04Z</time>
   </trkpt>
   <trkpt lat="22.7384070" lon="120.3300700">
    <ele>19.1</ele>
    <time>2026-10-06T06:28:05Z</time>
   </trkpt>
   <trkpt lat="22.7384100" lon="120.3300700">
    <ele>19.1</ele>
    <time>2026-10-06T06:28:06Z</time>
   </trkpt>
   <trkpt lat="22.7384140" lon="120.3300730">
    <ele>19.1</ele>
    <time>2026-10-06T06:28:07Z</time>
   </trkpt>
   <trkpt lat="22.7384290" lon="120.3300870">
    <ele>19.1</ele>
    <time>2026-10-06T06:28:08Z</time>
   </trkpt>
   <trkpt lat="22.7384340" lon="120.3300970">
    <ele>19.1</ele>
    <time>2026-10-06T06:28:09Z</time>
   </trkpt>
   <trkpt lat="22.7384360" lon="120.3301030">
    <ele>19.1</ele>
    <time>2026-10-06T06:28:10Z</time>
   </trkpt>
   <trkpt lat="22.7384370" lon="120.3301060">
    <ele>19.1</ele>
    <time>2026-10-06T06:28:11Z</time>
   </trkpt>
   <trkpt lat="22.7384460" lon="120.3301050">
    <ele>19.1</ele>
    <time>2026-10-06T06:28:12Z</time>
   </trkpt>
   <trkpt lat="22.7384540" lon="120.3301060">
    <ele>19.1</ele>
    <time>2026-10-06T06:28:13Z</time>
   </trkpt>
   <trkpt lat="22.7384620" lon="120.3301140">
    <ele>19.1</ele>
    <time>2026-10-06T06:28:14Z</time>
   </trkpt>
   <trkpt lat="22.7384640" lon="120.3301240">
    <ele>19.1</ele>
    <time>2026-10-06T06:28:15Z</time>
   </trkpt>
   <trkpt lat="22.7384610" lon="120.3301360">
    <ele>19.1</ele>
    <time>2026-10-06T06:28:17Z</time>
   </trkpt>
   <trkpt lat="22.7384600" lon="120.3301430">
    <ele>19.1</ele>
    <time>2026-10-06T06:28:18Z</time>
   </trkpt>
   <trkpt lat="22.7384660" lon="120.3301430">
    <ele>19.1</ele>
    <time>2026-10-06T06:28:19Z</time>
   </trkpt>
   <trkpt lat="22.7384760" lon="120.3301500">
    <ele>19.1</ele>
    <time>2026-10-06T06:28:20Z</time>
   </trkpt>
   <trkpt lat="22.7384800" lon="120.3301620">
    <ele>19.1</ele>
    <time>2026-10-06T06:28:21Z</time>
   </trkpt>
   <trkpt lat="22.7384810" lon="120.3301720">
    <ele>19.1</ele>
    <time>2026-10-06T06:28:22Z</time>
   </trkpt>
   <trkpt lat="22.7384760" lon="120.3301770">
    <ele>19.1</ele>
    <time>2026-10-06T06:28:23Z</time>
   </trkpt>
   <trkpt lat="22.7384700" lon="120.3301790">
    <ele>19.1</ele>
    <time>2026-10-06T06:28:24Z</time>
   </trkpt>
   <trkpt lat="22.7384700" lon="120.3301800">
    <ele>19.1</ele>
    <time>2026-10-06T06:28:25Z</time>
   </trkpt>
   <trkpt lat="22.7384720" lon="120.3301810">
    <ele>19.1</ele>
    <time>2026-10-06T06:28:26Z</time>
   </trkpt>
   <trkpt lat="22.7384780" lon="120.3301830">
    <ele>19.1</ele>
    <time>2026-10-06T06:28:27Z</time>
   </trkpt>
   <trkpt lat="22.7384850" lon="120.3301880">
    <ele>19.1</ele>
    <time>2026-10-06T06:28:28Z</time>
   </trkpt>
   <trkpt lat="22.7384910" lon="120.3301970">
    <ele>19.0</ele>
    <time>2026-10-06T06:28:29Z</time>
   </trkpt>
   <trkpt lat="22.7384930" lon="120.3301990">
    <ele>19.0</ele>
    <time>2026-10-06T06:28:30Z</time>
   </trkpt>
   <trkpt lat="22.7384910" lon="120.3302030">
    <ele>19.0</ele>
    <time>2026-10-06T06:28:31Z</time>
   </trkpt>
   <trkpt lat="22.7384880" lon="120.3302090">
    <ele>19.0</ele>
    <time>2026-10-06T06:28:32Z</time>
   </trkpt>
   <trkpt lat="22.7384920" lon="120.3302130">
    <ele>19.0</ele>
    <time>2026-10-06T06:28:33Z</time>
   </trkpt>
   <trkpt lat="22.7384990" lon="120.3302130">
    <ele>19.0</ele>
    <time>2026-10-06T06:28:34Z</time>
   </trkpt>
   <trkpt lat="22.7385080" lon="120.3302180">
    <ele>19.0</ele>
    <time>2026-10-06T06:28:35Z</time>
   </trkpt>
   <trkpt lat="22.7385170" lon="120.3302270">
    <ele>19.0</ele>
    <time>2026-10-06T06:28:36Z</time>
   </trkpt>
   <trkpt lat="22.7385220" lon="120.3302350">
    <ele>19.0</ele>
    <time>2026-10-06T06:28:37Z</time>
   </trkpt>
   <trkpt lat="22.7385200" lon="120.3302430">
    <ele>19.0</ele>
    <time>2026-10-06T06:28:38Z</time>
   </trkpt>
   <trkpt lat="22.7385150" lon="120.3302470">
    <ele>19.0</ele>
    <time>2026-10-06T06:28:39Z</time>
   </trkpt>
   <trkpt lat="22.7385150" lon="120.3302500">
    <ele>19.0</ele>
    <time>2026-10-06T06:28:40Z</time>
   </trkpt>
   <trkpt lat="22.7385190" lon="120.3302510">
    <ele>19.0</ele>
    <time>2026-10-06T06:28:41Z</time>
   </trkpt>
   <trkpt lat="22.7385250" lon="120.3302550">
    <ele>19.0</ele>
    <time>2026-10-06T06:28:42Z</time>
   </trkpt>
   <trkpt lat="22.7385310" lon="120.3302610">
    <ele>19.0</ele>
    <time>2026-10-06T06:28:43Z</time>
   </trkpt>
   <trkpt lat="22.7385350" lon="120.3302700">
    <ele>19.0</ele>
    <time>2026-10-06T06:28:45Z</time>
   </trkpt>
   <trkpt lat="22.7385290" lon="120.3302850">
    <ele>19.0</ele>
    <time>2026-10-06T06:28:46Z</time>
   </trkpt>
   <trkpt lat="22.7385250" lon="120.3302890">
    <ele>19.0</ele>
    <time>2026-10-06T06:28:47Z</time>
   </trkpt>
   <trkpt lat="22.7385250" lon="120.3302920">
    <ele>19.0</ele>
    <time>2026-10-06T06:28:48Z</time>
   </trkpt>
   <trkpt lat="22.7385290" lon="120.3302920">
    <ele>19.0</ele>
    <time>2026-10-06T06:28:49Z</time>
   </trkpt>
   <trkpt lat="22.7385330" lon="120.3302920">
    <ele>19.0</ele>
    <time>2026-10-06T06:28:50Z</time>
   </trkpt>
   <trkpt lat="22.7385360" lon="120.3302980">
    <ele>19.0</ele>
    <time>2026-10-06T06:28:51Z</time>
   </trkpt>
   <trkpt lat="22.7385400" lon="120.3303050">
    <ele>19.0</ele>
    <time>2026-10-06T06:28:52Z</time>
   </trkpt>
   <trkpt lat="22.7385400" lon="120.3303110">
    <ele>19.0</ele>
    <time>2026-10-06T06:28:53Z</time>
   </trkpt>
   <trkpt lat="22.7385340" lon="120.3303150">
    <ele>19.0</ele>
    <time>2026-10-06T06:28:54Z</time>
   </trkpt>
   <trkpt lat="22.7385280" lon="120.3303170">
    <ele>19.0</ele>
    <time>2026-10-06T06:28:55Z</time>
   </trkpt>
   <trkpt lat="22.7385320" lon="120.3303130">
    <ele>19.0</ele>
    <time>2026-10-06T06:28:57Z</time>
   </trkpt>
   <trkpt lat="22.7385380" lon="120.3303110">
    <ele>19.0</ele>
    <time>2026-10-06T06:28:58Z</time>
   </trkpt>
   <trkpt lat="22.7385440" lon="120.3303140">
    <ele>19.0</ele>
    <time>2026-10-06T06:28:59Z</time>
   </trkpt>
   <trkpt lat="22.7385490" lon="120.3303230">
    <ele>19.0</ele>
    <time>2026-10-06T06:29:00Z</time>
   </trkpt>
   <trkpt lat="22.7385510" lon="120.3303320">
    <ele>19.0</ele>
    <time>2026-10-06T06:29:01Z</time>
   </trkpt>
   <trkpt lat="22.7385490" lon="120.3303400">
    <ele>19.0</ele>
    <time>2026-10-06T06:29:02Z</time>
   </trkpt>
   <trkpt lat="22.7385440" lon="120.3303510">
    <ele>19.0</ele>
    <time>2026-10-06T06:29:03Z</time>
   </trkpt>
   <trkpt lat="22.7385440" lon="120.3303560">
    <ele>18.9</ele>
    <time>2026-10-06T06:29:04Z</time>
   </trkpt>
   <trkpt lat="22.7385450" lon="120.3303560">
    <ele>18.9</ele>
    <time>2026-10-06T06:29:05Z</time>
   </trkpt>
   <trkpt lat="22.7385480" lon="120.3303560">
    <ele>18.9</ele>
    <time>2026-10-06T06:29:06Z</time>
   </trkpt>
   <trkpt lat="22.7385500" lon="120.3303550">
    <ele>18.9</ele>
    <time>2026-10-06T06:29:07Z</time>
   </trkpt>
   <trkpt lat="22.7385560" lon="120.3303520">
    <ele>18.9</ele>
    <time>2026-10-06T06:29:08Z</time>
   </trkpt>
   <trkpt lat="22.7385580" lon="120.3303490">
    <ele>18.9</ele>
    <time>2026-10-06T06:29:09Z</time>
   </trkpt>
   <trkpt lat="22.7385630" lon="120.3303490">
    <ele>18.9</ele>
    <time>2026-10-06T06:29:10Z</time>
   </trkpt>
   <trkpt lat="22.7385690" lon="120.3303560">
    <ele>18.9</ele>
    <time>2026-10-06T06:29:11Z</time>
   </trkpt>
   <trkpt lat="22.7385720" lon="120.3303620">
    <ele>18.9</ele>
    <time>2026-10-06T06:29:12Z</time>
   </trkpt>
   <trkpt lat="22.7385720" lon="120.3303690">
    <ele>18.9</ele>
    <time>2026-10-06T06:29:13Z</time>
   </trkpt>
   <trkpt lat="22.7385700" lon="120.3303750">
    <ele>18.9</ele>
    <time>2026-10-06T06:29:14Z</time>
   </trkpt>
   <trkpt lat="22.7385680" lon="120.3303770">
    <ele>18.9</ele>
    <time>2026-10-06T06:29:15Z</time>
   </trkpt>
   <trkpt lat="22.7385660" lon="120.3303720">
    <ele>18.9</ele>
    <time>2026-10-06T06:29:16Z</time>
   </trkpt>
   <trkpt lat="22.7385690" lon="120.3303720">
    <ele>18.9</ele>
    <time>2026-10-06T06:29:18Z</time>
   </trkpt>
   <trkpt lat="22.7385700" lon="120.3303740">
    <ele>18.9</ele>
    <time>2026-10-06T06:29:19Z</time>
   </trkpt>
   <trkpt lat="22.7385730" lon="120.3303760">
    <ele>18.9</ele>
    <time>2026-10-06T06:29:20Z</time>
   </trkpt>
   <trkpt lat="22.7385770" lon="120.3303770">
    <ele>18.9</ele>
    <time>2026-10-06T06:29:21Z</time>
   </trkpt>
   <trkpt lat="22.7385780" lon="120.3303760">
    <ele>18.9</ele>
    <time>2026-10-06T06:29:22Z</time>
   </trkpt>
   <trkpt lat="22.7385850" lon="120.3303810">
    <ele>18.9</ele>
    <time>2026-10-06T06:29:23Z</time>
   </trkpt>
   <trkpt lat="22.7385990" lon="120.3304000">
    <ele>18.9</ele>
    <time>2026-10-06T06:29:24Z</time>
   </trkpt>
   <trkpt lat="22.7386040" lon="120.3304150">
    <ele>18.9</ele>
    <time>2026-10-06T06:29:25Z</time>
   </trkpt>
   <trkpt lat="22.7385990" lon="120.3304220">
    <ele>18.9</ele>
    <time>2026-10-06T06:29:26Z</time>
   </trkpt>
   <trkpt lat="22.7385970" lon="120.3304260">
    <ele>18.9</ele>
    <time>2026-10-06T06:29:27Z</time>
   </trkpt>
   <trkpt lat="22.7386010" lon="120.3304280">
    <ele>18.9</ele>
    <time>2026-10-06T06:29:28Z</time>
   </trkpt>
   <trkpt lat="22.7386020" lon="120.3304170">
    <ele>18.9</ele>
    <time>2026-10-06T06:29:29Z</time>
   </trkpt>
   <trkpt lat="22.7386070" lon="120.3304140">
    <ele>18.9</ele>
    <time>2026-10-06T06:29:30Z</time>
   </trkpt>
   <trkpt lat="22.7386140" lon="120.3304220">
    <ele>18.9</ele>
    <time>2026-10-06T06:29:31Z</time>
   </trkpt>
   <trkpt lat="22.7386170" lon="120.3304300">
    <ele>18.9</ele>
    <time>2026-10-06T06:29:32Z</time>
   </trkpt>
   <trkpt lat="22.7386160" lon="120.3304410">
    <ele>18.9</ele>
    <time>2026-10-06T06:29:33Z</time>
   </trkpt>
   <trkpt lat="22.7386090" lon="120.3304490">
    <ele>18.9</ele>
    <time>2026-10-06T06:29:34Z</time>
   </trkpt>
   <trkpt lat="22.7386010" lon="120.3304520">
    <ele>18.9</ele>
    <time>2026-10-06T06:29:35Z</time>
   </trkpt>
   <trkpt lat="22.7386000" lon="120.3304550">
    <ele>18.9</ele>
    <time>2026-10-06T06:29:36Z</time>
   </trkpt>
   <trkpt lat="22.7386070" lon="120.3304570">
    <ele>18.9</ele>
    <time>2026-10-06T06:29:37Z</time>
   </trkpt>
   <trkpt lat="22.7386160" lon="120.3304560">
    <ele>18.9</ele>
    <time>2026-10-06T06:29:38Z</time>
   </trkpt>
   <trkpt lat="22.7386260" lon="120.3304540">
    <ele>18.9</ele>
    <time>2026-10-06T06:29:39Z</time>
   </trkpt>
   <trkpt lat="22.7386360" lon="120.3304520">
    <ele>18.8</ele>
    <time>2026-10-06T06:29:40Z</time>
   </trkpt>
   <trkpt lat="22.7386520" lon="120.3304480">
    <ele>18.8</ele>
    <time>2026-10-06T06:29:42Z</time>
   </trkpt>
   <trkpt lat="22.7386590" lon="120.3304350">
    <ele>18.9</ele>
    <time>2026-10-06T06:29:43Z</time>
   </trkpt>
   <trkpt lat="22.7386670" lon="120.3304310">
    <ele>18.9</ele>
    <time>2026-10-06T06:29:44Z</time>
   </trkpt>
   <trkpt lat="22.7386700" lon="120.3304250">
    <ele>18.9</ele>
    <time>2026-10-06T06:29:45Z</time>
   </trkpt>
   <trkpt lat="22.7386670" lon="120.3304180">
    <ele>18.9</ele>
    <time>2026-10-06T06:29:46Z</time>
   </trkpt>
   <trkpt lat="22.7386570" lon="120.3304200">
    <ele>18.9</ele>
    <time>2026-10-06T06:29:47Z</time>
   </trkpt>
   <trkpt lat="22.7386500" lon="120.3304190">
    <ele>18.9</ele>
    <time>2026-10-06T06:29:48Z</time>
   </trkpt>
   <trkpt lat="22.7386340" lon="120.3304080">
    <ele>18.9</ele>
    <time>2026-10-06T06:29:49Z</time>
   </trkpt>
   <trkpt lat="22.7386290" lon="120.3304020">
    <ele>18.9</ele>
    <time>2026-10-06T06:29:50Z</time>
   </trkpt>
   <trkpt lat="22.7386280" lon="120.3303930">
    <ele>18.9</ele>
    <time>2026-10-06T06:29:51Z</time>
   </trkpt>
   <trkpt lat="22.7386310" lon="120.3303850">
    <ele>18.9</ele>
    <time>2026-10-06T06:29:52Z</time>
   </trkpt>
   <trkpt lat="22.7386330" lon="120.3303780">
    <ele>18.9</ele>
    <time>2026-10-06T06:29:53Z</time>
   </trkpt>
   <trkpt lat="22.7386300" lon="120.3303770">
    <ele>18.9</ele>
    <time>2026-10-06T06:29:54Z</time>
   </trkpt>
   <trkpt lat="22.7386150" lon="120.3303720">
    <ele>18.9</ele>
    <time>2026-10-06T06:29:55Z</time>
   </trkpt>
   <trkpt lat="22.7386060" lon="120.3303670">
    <ele>18.9</ele>
    <time>2026-10-06T06:29:56Z</time>
   </trkpt>
   <trkpt lat="22.7386010" lon="120.3303610">
    <ele>18.9</ele>
    <time>2026-10-06T06:29:57Z</time>
   </trkpt>
   <trkpt lat="22.7385980" lon="120.3303550">
    <ele>18.9</ele>
    <time>2026-10-06T06:29:58Z</time>
   </trkpt>
   <trkpt lat="22.7385990" lon="120.3303460">
    <ele>18.9</ele>
    <time>2026-10-06T06:29:59Z</time>
   </trkpt>
   <trkpt lat="22.7386050" lon="120.3303420">
    <ele>18.9</ele>
    <time>2026-10-06T06:30:00Z</time>
   </trkpt>
   <trkpt lat="22.7386020" lon="120.3303390">
    <ele>18.9</ele>
    <time>2026-10-06T06:30:01Z</time>
   </trkpt>
   <trkpt lat="22.7385870" lon="120.3303420">
    <ele>18.9</ele>
    <time>2026-10-06T06:30:02Z</time>
   </trkpt>
   <trkpt lat="22.7385810" lon="120.3303390">
    <ele>18.9</ele>
    <time>2026-10-06T06:30:03Z</time>
   </trkpt>
   <trkpt lat="22.7385780" lon="120.3303330">
    <ele>18.9</ele>
    <time>2026-10-06T06:30:04Z</time>
   </trkpt>
   <trkpt lat="22.7385780" lon="120.3303270">
    <ele>18.9</ele>
    <time>2026-10-06T06:30:05Z</time>
   </trkpt>
   <trkpt lat="22.7385850" lon="120.3303180">
    <ele>18.9</ele>
    <time>2026-10-06T06:30:06Z</time>
   </trkpt>
   <trkpt lat="22.7385930" lon="120.3303110">
    <ele>18.9</ele>
    <time>2026-10-06T06:30:07Z</time>
   </trkpt>
   <trkpt lat="22.7385830" lon="120.3303170">
    <ele>18.9</ele>
    <time>2026-10-06T06:30:09Z</time>
   </trkpt>
   <trkpt lat="22.7385770" lon="120.3303140">
    <ele>18.9</ele>
    <time>2026-10-06T06:30:11Z</time>
   </trkpt>
   <trkpt lat="22.7385760" lon="120.3303040">
    <ele>18.9</ele>
    <time>2026-10-06T06:30:12Z</time>
   </trkpt>
   <trkpt lat="22.7385860" lon="120.3302980">
    <ele>19.0</ele>
    <time>2026-10-06T06:30:13Z</time>
   </trkpt>
   <trkpt lat="22.7385940" lon="120.3302920">
    <ele>19.0</ele>
    <time>2026-10-06T06:30:14Z</time>
   </trkpt>
   <trkpt lat="22.7386010" lon="120.3302890">
    <ele>19.0</ele>
    <time>2026-10-06T06:30:15Z</time>
   </trkpt>
   <trkpt lat="22.7385950" lon="120.3302890">
    <ele>19.0</ele>
    <time>2026-10-06T06:30:16Z</time>
   </trkpt>
   <trkpt lat="22.7385860" lon="120.3302900">
    <ele>19.0</ele>
    <time>2026-10-06T06:30:17Z</time>
   </trkpt>
   <trkpt lat="22.7385850" lon="120.3302860">
    <ele>19.0</ele>
    <time>2026-10-06T06:30:18Z</time>
   </trkpt>
   <trkpt lat="22.7385860" lon="120.3302770">
    <ele>19.0</ele>
    <time>2026-10-06T06:30:19Z</time>
   </trkpt>
   <trkpt lat="22.7385900" lon="120.3302660">
    <ele>19.0</ele>
    <time>2026-10-06T06:30:20Z</time>
   </trkpt>
   <trkpt lat="22.7385960" lon="120.3302560">
    <ele>19.0</ele>
    <time>2026-10-06T06:30:21Z</time>
   </trkpt>
   <trkpt lat="22.7385950" lon="120.3302560">
    <ele>19.0</ele>
    <time>2026-10-06T06:30:22Z</time>
   </trkpt>
   <trkpt lat="22.7385950" lon="120.3302570">
    <ele>19.0</ele>
    <time>2026-10-06T06:30:23Z</time>
   </trkpt>
   <trkpt lat="22.7386010" lon="120.3302550">
    <ele>19.0</ele>
    <time>2026-10-06T06:30:24Z</time>
   </trkpt>
   <trkpt lat="22.7386050" lon="120.3302550">
    <ele>19.0</ele>
    <time>2026-10-06T06:30:25Z</time>
   </trkpt>
   <trkpt lat="22.7386070" lon="120.3302570">
    <ele>19.0</ele>
    <time>2026-10-06T06:30:26Z</time>
   </trkpt>
   <trkpt lat="22.7386070" lon="120.3302580">
    <ele>19.0</ele>
    <time>2026-10-06T06:30:27Z</time>
   </trkpt>
   <trkpt lat="22.7386120" lon="120.3302570">
    <ele>19.0</ele>
    <time>2026-10-06T06:30:28Z</time>
   </trkpt>
   <trkpt lat="22.7386070" lon="120.3302560">
    <ele>19.0</ele>
    <time>2026-10-06T06:30:29Z</time>
   </trkpt>
   <trkpt lat="22.7386050" lon="120.3302550">
    <ele>19.0</ele>
    <time>2026-10-06T06:30:30Z</time>
   </trkpt>
   <trkpt lat="22.7386030" lon="120.3302540">
    <ele>19.0</ele>
    <time>2026-10-06T06:30:31Z</time>
   </trkpt>
   <trkpt lat="22.7386010" lon="120.3302550">
    <ele>19.0</ele>
    <time>2026-10-06T06:30:32Z</time>
   </trkpt>
   <trkpt lat="22.7385990" lon="120.3302510">
    <ele>19.0</ele>
    <time>2026-10-06T06:30:33Z</time>
   </trkpt>
   <trkpt lat="22.7385970" lon="120.3302450">
    <ele>19.0</ele>
    <time>2026-10-06T06:30:34Z</time>
   </trkpt>
   <trkpt lat="22.7385930" lon="120.3302360">
    <ele>19.0</ele>
    <time>2026-10-06T06:30:35Z</time>
   </trkpt>
   <trkpt lat="22.7385900" lon="120.3302260">
    <ele>19.0</ele>
    <time>2026-10-06T06:30:36Z</time>
   </trkpt>
   <trkpt lat="22.7386000" lon="120.3302170">
    <ele>19.0</ele>
    <time>2026-10-06T06:30:37Z</time>
   </trkpt>
   <trkpt lat="22.7386080" lon="120.3302100">
    <ele>19.0</ele>
    <time>2026-10-06T06:30:38Z</time>
   </trkpt>
   <trkpt lat="22.7386070" lon="120.3302010">
    <ele>19.0</ele>
    <time>2026-10-06T06:30:39Z</time>
   </trkpt>
   <trkpt lat="22.7386030" lon="120.3301920">
    <ele>19.0</ele>
    <time>2026-10-06T06:30:40Z</time>
   </trkpt>
   <trkpt lat="22.7386010" lon="120.3301830">
    <ele>19.0</ele>
    <time>2026-10-06T06:30:41Z</time>
   </trkpt>
   <trkpt lat="22.7385930" lon="120.3301760">
    <ele>19.0</ele>
    <time>2026-10-06T06:30:42Z</time>
   </trkpt>
   <trkpt lat="22.7385900" lon="120.3301690">
    <ele>19.0</ele>
    <time>2026-10-06T06:30:43Z</time>
   </trkpt>
   <trkpt lat="22.7385980" lon="120.3301620">
    <ele>19.0</ele>
    <time>2026-10-06T06:30:44Z</time>
   </trkpt>
   <trkpt lat="22.7386050" lon="120.3301560">
    <ele>19.0</ele>
    <time>2026-10-06T06:30:45Z</time>
   </trkpt>
   <trkpt lat="22.7386010" lon="120.3301480">
    <ele>19.0</ele>
    <time>2026-10-06T06:30:46Z</time>
   </trkpt>
   <trkpt lat="22.7385940" lon="120.3301440">
    <ele>19.0</ele>
    <time>2026-10-06T06:30:47Z</time>
   </trkpt>
   <trkpt lat="22.7385900" lon="120.3301350">
    <ele>19.1</ele>
    <time>2026-10-06T06:30:48Z</time>
   </trkpt>
   <trkpt lat="22.7385730" lon="120.3301350">
    <ele>19.1</ele>
    <time>2026-10-06T06:30:49Z</time>
   </trkpt>
   <trkpt lat="22.7385730" lon="120.3301250">
    <ele>19.1</ele>
    <time>2026-10-06T06:30:50Z</time>
   </trkpt>
   <trkpt lat="22.7385830" lon="120.3301190">
    <ele>19.1</ele>
    <time>2026-10-06T06:30:51Z</time>
   </trkpt>
   <trkpt lat="22.7385960" lon="120.3301140">
    <ele>19.1</ele>
    <time>2026-10-06T06:30:52Z</time>
   </trkpt>
   <trkpt lat="22.7385960" lon="120.3301070">
    <ele>19.1</ele>
    <time>2026-10-06T06:30:53Z</time>
   </trkpt>
   <trkpt lat="22.7385900" lon="120.3301050">
    <ele>19.1</ele>
    <time>2026-10-06T06:30:54Z</time>
   </trkpt>
   <trkpt lat="22.7385810" lon="120.3301000">
    <ele>19.1</ele>
    <time>2026-10-06T06:30:55Z</time>
   </trkpt>
   <trkpt lat="22.7385770" lon="120.3300930">
    <ele>19.1</ele>
    <time>2026-10-06T06:30:56Z</time>
   </trkpt>
   <trkpt lat="22.7385750" lon="120.3300860">
    <ele>19.1</ele>
    <time>2026-10-06T06:30:57Z</time>
   </trkpt>
   <trkpt lat="22.7385780" lon="120.3300790">
    <ele>19.1</ele>
    <time>2026-10-06T06:30:58Z</time>
   </trkpt>
   <trkpt lat="22.7385840" lon="120.3300750">
    <ele>19.1</ele>
    <time>2026-10-06T06:30:59Z</time>
   </trkpt>
   <trkpt lat="22.7385840" lon="120.3300750">
    <ele>19.1</ele>
    <time>2026-10-06T06:31:00Z</time>
   </trkpt>
   <trkpt lat="22.7385820" lon="120.3300760">
    <ele>19.1</ele>
    <time>2026-10-06T06:31:01Z</time>
   </trkpt>
   <trkpt lat="22.7385720" lon="120.3300700">
    <ele>19.1</ele>
    <time>2026-10-06T06:31:02Z</time>
   </trkpt>
   <trkpt lat="22.7385660" lon="120.3300640">
    <ele>19.1</ele>
    <time>2026-10-06T06:31:03Z</time>
   </trkpt>
   <trkpt lat="22.7385600" lon="120.3300560">
    <ele>19.1</ele>
    <time>2026-10-06T06:31:04Z</time>
   </trkpt>
   <trkpt lat="22.7385570" lon="120.3300440">
    <ele>19.1</ele>
    <time>2026-10-06T06:31:05Z</time>
   </trkpt>
   <trkpt lat="22.7385600" lon="120.3300350">
    <ele>19.1</ele>
    <time>2026-10-06T06:31:06Z</time>
   </trkpt>
   <trkpt lat="22.7385690" lon="120.3300290">
    <ele>19.1</ele>
    <time>2026-10-06T06:31:07Z</time>
   </trkpt>
   <trkpt lat="22.7385580" lon="120.3300250">
    <ele>19.1</ele>
    <time>2026-10-06T06:31:08Z</time>
   </trkpt>
   <trkpt lat="22.7385490" lon="120.3300280">
    <ele>19.1</ele>
    <time>2026-10-06T06:31:09Z</time>
   </trkpt>
   <trkpt lat="22.7385420" lon="120.3300260">
    <ele>19.1</ele>
    <time>2026-10-06T06:31:10Z</time>
   </trkpt>
   <trkpt lat="22.7385370" lon="120.3300200">
    <ele>19.1</ele>
    <time>2026-10-06T06:31:11Z</time>
   </trkpt>
   <trkpt lat="22.7385350" lon="120.3300140">
    <ele>19.1</ele>
    <time>2026-10-06T06:31:12Z</time>
   </trkpt>
   <trkpt lat="22.7385360" lon="120.3300060">
    <ele>19.1</ele>
    <time>2026-10-06T06:31:13Z</time>
   </trkpt>
   <trkpt lat="22.7385380" lon="120.3300010">
    <ele>19.1</ele>
    <time>2026-10-06T06:31:14Z</time>
   </trkpt>
   <trkpt lat="22.7385290" lon="120.3299970">
    <ele>19.1</ele>
    <time>2026-10-06T06:31:15Z</time>
   </trkpt>
   <trkpt lat="22.7385210" lon="120.3299980">
    <ele>19.1</ele>
    <time>2026-10-06T06:31:16Z</time>
   </trkpt>
   <trkpt lat="22.7385140" lon="120.3299950">
    <ele>19.2</ele>
    <time>2026-10-06T06:31:17Z</time>
   </trkpt>
   <trkpt lat="22.7385060" lon="120.3299860">
    <ele>19.2</ele>
    <time>2026-10-06T06:31:18Z</time>
   </trkpt>
   <trkpt lat="22.7385010" lon="120.3299770">
    <ele>19.2</ele>
    <time>2026-10-06T06:31:19Z</time>
   </trkpt>
   <trkpt lat="22.7385000" lon="120.3299690">
    <ele>19.2</ele>
    <time>2026-10-06T06:31:20Z</time>
   </trkpt>
   <trkpt lat="22.7385030" lon="120.3299650">
    <ele>19.2</ele>
    <time>2026-10-06T06:31:21Z</time>
   </trkpt>
   <trkpt lat="22.7385050" lon="120.3299610">
    <ele>19.2</ele>
    <time>2026-10-06T06:31:22Z</time>
   </trkpt>
   <trkpt lat="22.7384990" lon="120.3299600">
    <ele>19.2</ele>
    <time>2026-10-06T06:31:23Z</time>
   </trkpt>
   <trkpt lat="22.7384930" lon="120.3299680">
    <ele>19.2</ele>
    <time>2026-10-06T06:31:25Z</time>
   </trkpt>
   <trkpt lat="22.7384880" lon="120.3299710">
    <ele>19.2</ele>
    <time>2026-10-06T06:31:26Z</time>
   </trkpt>
   <trkpt lat="22.7384860" lon="120.3299690">
    <ele>19.2</ele>
    <time>2026-10-06T06:31:27Z</time>
   </trkpt>
   <trkpt lat="22.7384800" lon="120.3299630">
    <ele>19.2</ele>
    <time>2026-10-06T06:31:28Z</time>
   </trkpt>
   <trkpt lat="22.7384780" lon="120.3299560">
    <ele>19.2</ele>
    <time>2026-10-06T06:31:29Z</time>
   </trkpt>
   <trkpt lat="22.7384810" lon="120.3299490">
    <ele>19.2</ele>
    <time>2026-10-06T06:31:30Z</time>
   </trkpt>
   <trkpt lat="22.7384870" lon="120.3299460">
    <ele>19.2</ele>
    <time>2026-10-06T06:31:31Z</time>
   </trkpt>
   <trkpt lat="22.7384900" lon="120.3299450">
    <ele>19.2</ele>
    <time>2026-10-06T06:31:32Z</time>
   </trkpt>
   <trkpt lat="22.7384940" lon="120.3299440">
    <ele>19.2</ele>
    <time>2026-10-06T06:31:33Z</time>
   </trkpt>
   <trkpt lat="22.7384950" lon="120.3299570">
    <ele>19.2</ele>
    <time>2026-10-06T06:31:34Z</time>
   </trkpt>
   <trkpt lat="22.7384960" lon="120.3299610">
    <ele>19.2</ele>
    <time>2026-10-06T06:31:35Z</time>
   </trkpt>
   <trkpt lat="22.7384980" lon="120.3299620">
    <ele>19.2</ele>
    <time>2026-10-06T06:31:36Z</time>
   </trkpt>
   <trkpt lat="22.7385000" lon="120.3299620">
    <ele>19.2</ele>
    <time>2026-10-06T06:31:37Z</time>
   </trkpt>
   <trkpt lat="22.7385020" lon="120.3299590">
    <ele>19.2</ele>
    <time>2026-10-06T06:31:38Z</time>
   </trkpt>
   <trkpt lat="22.7385000" lon="120.3299560">
    <ele>19.2</ele>
    <time>2026-10-06T06:31:39Z</time>
   </trkpt>
   <trkpt lat="22.7384970" lon="120.3299550">
    <ele>19.2</ele>
    <time>2026-10-06T06:31:40Z</time>
   </trkpt>
   <trkpt lat="22.7384910" lon="120.3299600">
    <ele>19.2</ele>
    <time>2026-10-06T06:31:41Z</time>
   </trkpt>
   <trkpt lat="22.7384880" lon="120.3299630">
    <ele>19.2</ele>
    <time>2026-10-06T06:31:42Z</time>
   </trkpt>
   <trkpt lat="22.7384860" lon="120.3299630">
    <ele>19.2</ele>
    <time>2026-10-06T06:31:43Z</time>
   </trkpt>
   <trkpt lat="22.7384830" lon="120.3299620">
    <ele>19.2</ele>
    <time>2026-10-06T06:31:44Z</time>
   </trkpt>
   <trkpt lat="22.7384670" lon="120.3299490">
    <ele>19.2</ele>
    <time>2026-10-06T06:31:46Z</time>
   </trkpt>
   <trkpt lat="22.7384630" lon="120.3299400">
    <ele>19.2</ele>
    <time>2026-10-06T06:31:47Z</time>
   </trkpt>
   <trkpt lat="22.7384620" lon="120.3299280">
    <ele>19.2</ele>
    <time>2026-10-06T06:31:48Z</time>
   </trkpt>
   <trkpt lat="22.7384600" lon="120.3299190">
    <ele>19.2</ele>
    <time>2026-10-06T06:31:50Z</time>
   </trkpt>
   <trkpt lat="22.7384510" lon="120.3299180">
    <ele>19.2</ele>
    <time>2026-10-06T06:31:51Z</time>
   </trkpt>
   <trkpt lat="22.7384450" lon="120.3299120">
    <ele>19.2</ele>
    <time>2026-10-06T06:31:52Z</time>
   </trkpt>
   <trkpt lat="22.7384410" lon="120.3299040">
    <ele>19.2</ele>
    <time>2026-10-06T06:31:53Z</time>
   </trkpt>
   <trkpt lat="22.7384390" lon="120.3298990">
    <ele>19.2</ele>
    <time>2026-10-06T06:31:54Z</time>
   </trkpt>
   <trkpt lat="22.7384430" lon="120.3298920">
    <ele>19.2</ele>
    <time>2026-10-06T06:31:55Z</time>
   </trkpt>
   <trkpt lat="22.7384450" lon="120.3298860">
    <ele>19.2</ele>
    <time>2026-10-06T06:31:56Z</time>
   </trkpt>
   <trkpt lat="22.7384380" lon="120.3298830">
    <ele>19.3</ele>
    <time>2026-10-06T06:31:57Z</time>
   </trkpt>
   <trkpt lat="22.7384290" lon="120.3298840">
    <ele>19.3</ele>
    <time>2026-10-06T06:31:58Z</time>
   </trkpt>
   <trkpt lat="22.7384180" lon="120.3298850">
    <ele>19.3</ele>
    <time>2026-10-06T06:31:59Z</time>
   </trkpt>
   <trkpt lat="22.7384000" lon="120.3298920">
    <ele>19.3</ele>
    <time>2026-10-06T06:32:00Z</time>
   </trkpt>
   <trkpt lat="22.7383900" lon="120.3298890">
    <ele>19.3</ele>
    <time>2026-10-06T06:32:01Z</time>
   </trkpt>
   <trkpt lat="22.7383860" lon="120.3298800">
    <ele>19.3</ele>
    <time>2026-10-06T06:32:02Z</time>
   </trkpt>
   <trkpt lat="22.7383860" lon="120.3298670">
    <ele>19.3</ele>
    <time>2026-10-06T06:32:03Z</time>
   </trkpt>
   <trkpt lat="22.7383790" lon="120.3298530">
    <ele>19.3</ele>
    <time>2026-10-06T06:32:05Z</time>
   </trkpt>
   <trkpt lat="22.7383730" lon="120.3298500">
    <ele>19.3</ele>
    <time>2026-10-06T06:32:06Z</time>
   </trkpt>
   <trkpt lat="22.7383710" lon="120.3298530">
    <ele>19.3</ele>
    <time>2026-10-06T06:32:07Z</time>
   </trkpt>
   <trkpt lat="22.7383730" lon="120.3298600">
    <ele>19.3</ele>
    <time>2026-10-06T06:32:08Z</time>
   </trkpt>
   <trkpt lat="22.7383710" lon="120.3298620">
    <ele>19.3</ele>
    <time>2026-10-06T06:32:09Z</time>
   </trkpt>
   <trkpt lat="22.7383690" lon="120.3298630">
    <ele>19.3</ele>
    <time>2026-10-06T06:32:10Z</time>
   </trkpt>
   <trkpt lat="22.7383660" lon="120.3298620">
    <ele>19.3</ele>
    <time>2026-10-06T06:32:11Z</time>
   </trkpt>
   <trkpt lat="22.7383630" lon="120.3298550">
    <ele>19.3</ele>
    <time>2026-10-06T06:32:12Z</time>
   </trkpt>
   <trkpt lat="22.7383640" lon="120.3298470">
    <ele>19.3</ele>
    <time>2026-10-06T06:32:13Z</time>
   </trkpt>
   <trkpt lat="22.7383710" lon="120.3298390">
    <ele>19.3</ele>
    <time>2026-10-06T06:32:14Z</time>
   </trkpt>
   <trkpt lat="22.7383750" lon="120.3298310">
    <ele>19.3</ele>
    <time>2026-10-06T06:32:15Z</time>
   </trkpt>
   <trkpt lat="22.7383730" lon="120.3298250">
    <ele>19.3</ele>
    <time>2026-10-06T06:32:16Z</time>
   </trkpt>
   <trkpt lat="22.7383660" lon="120.3298230">
    <ele>19.3</ele>
    <time>2026-10-06T06:32:17Z</time>
   </trkpt>
   <trkpt lat="22.7383610" lon="120.3298230">
    <ele>19.3</ele>
    <time>2026-10-06T06:32:18Z</time>
   </trkpt>
   <trkpt lat="22.7383540" lon="120.3298170">
    <ele>19.3</ele>
    <time>2026-10-06T06:32:19Z</time>
   </trkpt>
   <trkpt lat="22.7383550" lon="120.3298100">
    <ele>19.3</ele>
    <time>2026-10-06T06:32:20Z</time>
   </trkpt>
   <trkpt lat="22.7383580" lon="120.3298010">
    <ele>19.3</ele>
    <time>2026-10-06T06:32:21Z</time>
   </trkpt>
   <trkpt lat="22.7383640" lon="120.3297900">
    <ele>19.3</ele>
    <time>2026-10-06T06:32:22Z</time>
   </trkpt>
   <trkpt lat="22.7383700" lon="120.3297840">
    <ele>19.3</ele>
    <time>2026-10-06T06:32:23Z</time>
   </trkpt>
   <trkpt lat="22.7383670" lon="120.3297780">
    <ele>19.3</ele>
    <time>2026-10-06T06:32:25Z</time>
   </trkpt>
   <trkpt lat="22.7383540" lon="120.3297710">
    <ele>19.3</ele>
    <time>2026-10-06T06:32:26Z</time>
   </trkpt>
   <trkpt lat="22.7383380" lon="120.3297680">
    <ele>19.4</ele>
    <time>2026-10-06T06:32:27Z</time>
   </trkpt>
   <trkpt lat="22.7383290" lon="120.3297620">
    <ele>19.4</ele>
    <time>2026-10-06T06:32:28Z</time>
   </trkpt>
   <trkpt lat="22.7383290" lon="120.3297540">
    <ele>19.4</ele>
    <time>2026-10-06T06:32:29Z</time>
   </trkpt>
   <trkpt lat="22.7383350" lon="120.3297490">
    <ele>19.4</ele>
    <time>2026-10-06T06:32:30Z</time>
   </trkpt>
   <trkpt lat="22.7383420" lon="120.3297420">
    <ele>19.4</ele>
    <time>2026-10-06T06:32:31Z</time>
   </trkpt>
   <trkpt lat="22.7383420" lon="120.3297350">
    <ele>19.4</ele>
    <time>2026-10-06T06:32:32Z</time>
   </trkpt>
   <trkpt lat="22.7383310" lon="120.3297320">
    <ele>19.4</ele>
    <time>2026-10-06T06:32:33Z</time>
   </trkpt>
   <trkpt lat="22.7383210" lon="120.3297290">
    <ele>19.4</ele>
    <time>2026-10-06T06:32:34Z</time>
   </trkpt>
   <trkpt lat="22.7383150" lon="120.3297220">
    <ele>19.4</ele>
    <time>2026-10-06T06:32:35Z</time>
   </trkpt>
   <trkpt lat="22.7383110" lon="120.3297100">
    <ele>19.4</ele>
    <time>2026-10-06T06:32:36Z</time>
   </trkpt>
   <trkpt lat="22.7383050" lon="120.3296970">
    <ele>19.4</ele>
    <time>2026-10-06T06:32:37Z</time>
   </trkpt>
   <trkpt lat="22.7383060" lon="120.3296790">
    <ele>19.4</ele>
    <time>2026-10-06T06:32:38Z</time>
   </trkpt>
   <trkpt lat="22.7383020" lon="120.3296710">
    <ele>19.4</ele>
    <time>2026-10-06T06:32:39Z</time>
   </trkpt>
   <trkpt lat="22.7382840" lon="120.3296680">
    <ele>19.4</ele>
    <time>2026-10-06T06:32:41Z</time>
   </trkpt>
   <trkpt lat="22.7382770" lon="120.3296630">
    <ele>19.4</ele>
    <time>2026-10-06T06:32:42Z</time>
   </trkpt>
   <trkpt lat="22.7382700" lon="120.3296590">
    <ele>19.4</ele>
    <time>2026-10-06T06:32:43Z</time>
   </trkpt>
   <trkpt lat="22.7382630" lon="120.3296530">
    <ele>19.4</ele>
    <time>2026-10-06T06:32:44Z</time>
   </trkpt>
   <trkpt lat="22.7382560" lon="120.3296490">
    <ele>19.4</ele>
    <time>2026-10-06T06:32:45Z</time>
   </trkpt>
   <trkpt lat="22.7382500" lon="120.3296450">
    <ele>19.4</ele>
    <time>2026-10-06T06:32:46Z</time>
   </trkpt>
   <trkpt lat="22.7382420" lon="120.3296400">
    <ele>19.4</ele>
    <time>2026-10-06T06:32:47Z</time>
   </trkpt>
   <trkpt lat="22.7382350" lon="120.3296350">
    <ele>19.4</ele>
    <time>2026-10-06T06:32:48Z</time>
   </trkpt>
   <trkpt lat="22.7382270" lon="120.3296290">
    <ele>19.4</ele>
    <time>2026-10-06T06:32:49Z</time>
   </trkpt>
   <trkpt lat="22.7382190" lon="120.3296220">
    <ele>19.4</ele>
    <time>2026-10-06T06:32:50Z</time>
   </trkpt>
   <trkpt lat="22.7382110" lon="120.3296160">
    <ele>19.4</ele>
    <time>2026-10-06T06:32:51Z</time>
   </trkpt>
   <trkpt lat="22.7382030" lon="120.3296140">
    <ele>19.4</ele>
    <time>2026-10-06T06:32:52Z</time>
   </trkpt>
   <trkpt lat="22.7381940" lon="120.3296140">
    <ele>19.5</ele>
    <time>2026-10-06T06:32:53Z</time>
   </trkpt>
   <trkpt lat="22.7381890" lon="120.3296110">
    <ele>19.5</ele>
    <time>2026-10-06T06:32:54Z</time>
   </trkpt>
   <trkpt lat="22.7381860" lon="120.3296050">
    <ele>19.5</ele>
    <time>2026-10-06T06:32:55Z</time>
   </trkpt>
   <trkpt lat="22.7381820" lon="120.3296030">
    <ele>19.5</ele>
    <time>2026-10-06T06:32:56Z</time>
   </trkpt>
   <trkpt lat="22.7381760" lon="120.3296000">
    <ele>19.5</ele>
    <time>2026-10-06T06:32:57Z</time>
   </trkpt>
   <trkpt lat="22.7381690" lon="120.3295940">
    <ele>19.5</ele>
    <time>2026-10-06T06:32:58Z</time>
   </trkpt>
   <trkpt lat="22.7381670" lon="120.3295840">
    <ele>19.5</ele>
    <time>2026-10-06T06:32:59Z</time>
   </trkpt>
   <trkpt lat="22.7381710" lon="120.3295750">
    <ele>19.5</ele>
    <time>2026-10-06T06:33:00Z</time>
   </trkpt>
   <trkpt lat="22.7381770" lon="120.3295710">
    <ele>19.5</ele>
    <time>2026-10-06T06:33:01Z</time>
   </trkpt>
   <trkpt lat="22.7381810" lon="120.3295690">
    <ele>19.5</ele>
    <time>2026-10-06T06:33:02Z</time>
   </trkpt>
   <trkpt lat="22.7381840" lon="120.3295680">
    <ele>19.5</ele>
    <time>2026-10-06T06:33:03Z</time>
   </trkpt>
   <trkpt lat="22.7381830" lon="120.3295650">
    <ele>19.5</ele>
    <time>2026-10-06T06:33:04Z</time>
   </trkpt>
   <trkpt lat="22.7381820" lon="120.3295640">
    <ele>19.5</ele>
    <time>2026-10-06T06:33:05Z</time>
   </trkpt>
   <trkpt lat="22.7381830" lon="120.3295620">
    <ele>19.5</ele>
    <time>2026-10-06T06:33:06Z</time>
   </trkpt>
   <trkpt lat="22.7381820" lon="120.3295610">
    <ele>19.5</ele>
    <time>2026-10-06T06:33:07Z</time>
   </trkpt>
   <trkpt lat="22.7381820" lon="120.3295600">
    <ele>19.5</ele>
    <time>2026-10-06T06:33:08Z</time>
   </trkpt>
   <trkpt lat="22.7381820" lon="120.3295600">
    <ele>19.5</ele>
    <time>2026-10-06T06:33:09Z</time>
   </trkpt>
   <trkpt lat="22.7381800" lon="120.3295550">
    <ele>19.5</ele>
    <time>2026-10-06T06:33:10Z</time>
   </trkpt>
   <trkpt lat="22.7381830" lon="120.3295500">
    <ele>19.5</ele>
    <time>2026-10-06T06:33:11Z</time>
   </trkpt>
   <trkpt lat="22.7381830" lon="120.3295460">
    <ele>19.5</ele>
    <time>2026-10-06T06:33:12Z</time>
   </trkpt>
   <trkpt lat="22.7381910" lon="120.3295400">
    <ele>19.5</ele>
    <time>2026-10-06T06:33:13Z</time>
   </trkpt>
   <trkpt lat="22.7382060" lon="120.3295410">
    <ele>19.4</ele>
    <time>2026-10-06T06:33:15Z</time>
   </trkpt>
   <trkpt lat="22.7382100" lon="120.3295410">
    <ele>19.4</ele>
    <time>2026-10-06T06:33:16Z</time>
   </trkpt>
   <trkpt lat="22.7382060" lon="120.3295300">
    <ele>19.4</ele>
    <time>2026-10-06T06:33:17Z</time>
   </trkpt>
   <trkpt lat="22.7382070" lon="120.3295290">
    <ele>19.4</ele>
    <time>2026-10-06T06:33:18Z</time>
   </trkpt>
   <trkpt lat="22.7382070" lon="120.3295280">
    <ele>19.4</ele>
    <time>2026-10-06T06:33:19Z</time>
   </trkpt>
   <trkpt lat="22.7382080" lon="120.3295260">
    <ele>19.4</ele>
    <time>2026-10-06T06:33:20Z</time>
   </trkpt>
   <trkpt lat="22.7382080" lon="120.3295230">
    <ele>19.4</ele>
    <time>2026-10-06T06:33:21Z</time>
   </trkpt>
   <trkpt lat="22.7382090" lon="120.3295210">
    <ele>19.4</ele>
    <time>2026-10-06T06:33:22Z</time>
   </trkpt>
   <trkpt lat="22.7382120" lon="120.3295070">
    <ele>19.4</ele>
    <time>2026-10-06T06:33:23Z</time>
   </trkpt>
   <trkpt lat="22.7382180" lon="120.3295020">
    <ele>19.4</ele>
    <time>2026-10-06T06:33:24Z</time>
   </trkpt>
   <trkpt lat="22.7382250" lon="120.3295070">
    <ele>19.4</ele>
    <time>2026-10-06T06:33:25Z</time>
   </trkpt>
   <trkpt lat="22.7382300" lon="120.3295120">
    <ele>19.4</ele>
    <time>2026-10-06T06:33:26Z</time>
   </trkpt>
   <trkpt lat="22.7382350" lon="120.3295140">
    <ele>19.4</ele>
    <time>2026-10-06T06:33:27Z</time>
   </trkpt>
   <trkpt lat="22.7382380" lon="120.3295150">
    <ele>19.4</ele>
    <time>2026-10-06T06:33:28Z</time>
   </trkpt>
   <trkpt lat="22.7382400" lon="120.3295140">
    <ele>19.4</ele>
    <time>2026-10-06T06:33:29Z</time>
   </trkpt>
   <trkpt lat="22.7382390" lon="120.3295060">
    <ele>19.4</ele>
    <time>2026-10-06T06:33:30Z</time>
   </trkpt>
   <trkpt lat="22.7382410" lon="120.3295010">
    <ele>19.4</ele>
    <time>2026-10-06T06:33:31Z</time>
   </trkpt>
   <trkpt lat="22.7382440" lon="120.3294980">
    <ele>19.4</ele>
    <time>2026-10-06T06:33:32Z</time>
   </trkpt>
   <trkpt lat="22.7382500" lon="120.3294940">
    <ele>19.4</ele>
    <time>2026-10-06T06:33:33Z</time>
   </trkpt>
   <trkpt lat="22.7382550" lon="120.3294940">
    <ele>19.4</ele>
    <time>2026-10-06T06:33:34Z</time>
   </trkpt>
   <trkpt lat="22.7382590" lon="120.3294890">
    <ele>19.4</ele>
    <time>2026-10-06T06:33:35Z</time>
   </trkpt>
   <trkpt lat="22.7382560" lon="120.3294820">
    <ele>19.4</ele>
    <time>2026-10-06T06:33:36Z</time>
   </trkpt>
   <trkpt lat="22.7382540" lon="120.3294780">
    <ele>19.4</ele>
    <time>2026-10-06T06:33:37Z</time>
   </trkpt>
   <trkpt lat="22.7382530" lon="120.3294770">
    <ele>19.4</ele>
    <time>2026-10-06T06:33:38Z</time>
   </trkpt>
   <trkpt lat="22.7382530" lon="120.3294780">
    <ele>19.4</ele>
    <time>2026-10-06T06:33:39Z</time>
   </trkpt>
   <trkpt lat="22.7382560" lon="120.3294780">
    <ele>19.4</ele>
    <time>2026-10-06T06:33:40Z</time>
   </trkpt>
   <trkpt lat="22.7382630" lon="120.3294690">
    <ele>19.4</ele>
    <time>2026-10-06T06:33:42Z</time>
   </trkpt>
   <trkpt lat="22.7382690" lon="120.3294630">
    <ele>19.4</ele>
    <time>2026-10-06T06:33:43Z</time>
   </trkpt>
   <trkpt lat="22.7382730" lon="120.3294520">
    <ele>19.4</ele>
    <time>2026-10-06T06:33:44Z</time>
   </trkpt>
   <trkpt lat="22.7382770" lon="120.3294500">
    <ele>19.4</ele>
    <time>2026-10-06T06:33:45Z</time>
   </trkpt>
   <trkpt lat="22.7382810" lon="120.3294490">
    <ele>19.4</ele>
    <time>2026-10-06T06:33:46Z</time>
   </trkpt>
   <trkpt lat="22.7382830" lon="120.3294470">
    <ele>19.4</ele>
    <time>2026-10-06T06:33:47Z</time>
   </trkpt>
   <trkpt lat="22.7382830" lon="120.3294470">
    <ele>19.4</ele>
    <time>2026-10-06T06:33:48Z</time>
   </trkpt>
   <trkpt lat="22.7382840" lon="120.3294460">
    <ele>19.4</ele>
    <time>2026-10-06T06:33:49Z</time>
   </trkpt>
   <trkpt lat="22.7382770" lon="120.3294420">
    <ele>19.4</ele>
    <time>2026-10-06T06:33:50Z</time>
   </trkpt>
   <trkpt lat="22.7382740" lon="120.3294420">
    <ele>19.4</ele>
    <time>2026-10-06T06:33:51Z</time>
   </trkpt>
   <trkpt lat="22.7382740" lon="120.3294400">
    <ele>19.4</ele>
    <time>2026-10-06T06:33:53Z</time>
   </trkpt>
   <trkpt lat="22.7382740" lon="120.3294360">
    <ele>19.4</ele>
    <time>2026-10-06T06:33:54Z</time>
   </trkpt>
   <trkpt lat="22.7382800" lon="120.3294200">
    <ele>19.4</ele>
    <time>2026-10-06T06:33:55Z</time>
   </trkpt>
   <trkpt lat="22.7382870" lon="120.3294100">
    <ele>19.4</ele>
    <time>2026-10-06T06:33:56Z</time>
   </trkpt>
   <trkpt lat="22.7382920" lon="120.3294100">
    <ele>19.4</ele>
    <time>2026-10-06T06:33:57Z</time>
   </trkpt>
   <trkpt lat="22.7382980" lon="120.3294110">
    <ele>19.4</ele>
    <time>2026-10-06T06:33:58Z</time>
   </trkpt>
   <trkpt lat="22.7383010" lon="120.3294130">
    <ele>19.4</ele>
    <time>2026-10-06T06:33:59Z</time>
   </trkpt>
   <trkpt lat="22.7383040" lon="120.3294130">
    <ele>19.4</ele>
    <time>2026-10-06T06:34:00Z</time>
   </trkpt>
   <trkpt lat="22.7383050" lon="120.3294100">
    <ele>19.4</ele>
    <time>2026-10-06T06:34:01Z</time>
   </trkpt>
   <trkpt lat="22.7383060" lon="120.3294090">
    <ele>19.4</ele>
    <time>2026-10-06T06:34:02Z</time>
   </trkpt>
   <trkpt lat="22.7383040" lon="120.3294060">
    <ele>19.4</ele>
    <time>2026-10-06T06:34:03Z</time>
   </trkpt>
   <trkpt lat="22.7383060" lon="120.3294050">
    <ele>19.4</ele>
    <time>2026-10-06T06:34:04Z</time>
   </trkpt>
   <trkpt lat="22.7383090" lon="120.3294020">
    <ele>19.4</ele>
    <time>2026-10-06T06:34:05Z</time>
   </trkpt>
   <trkpt lat="22.7383120" lon="120.3293990">
    <ele>19.4</ele>
    <time>2026-10-06T06:34:06Z</time>
   </trkpt>
   <trkpt lat="22.7383180" lon="120.3293950">
    <ele>19.4</ele>
    <time>2026-10-06T06:34:07Z</time>
   </trkpt>
   <trkpt lat="22.7383290" lon="120.3293940">
    <ele>19.4</ele>
    <time>2026-10-06T06:34:09Z</time>
   </trkpt>
   <trkpt lat="22.7383360" lon="120.3293940">
    <ele>19.4</ele>
    <time>2026-10-06T06:34:10Z</time>
   </trkpt>
   <trkpt lat="22.7383480" lon="120.3294000">
    <ele>19.4</ele>
    <time>2026-10-06T06:34:11Z</time>
   </trkpt>
   <trkpt lat="22.7383550" lon="120.3294050">
    <ele>19.4</ele>
    <time>2026-10-06T06:34:12Z</time>
   </trkpt>
   <trkpt lat="22.7383540" lon="120.3294090">
    <ele>19.4</ele>
    <time>2026-10-06T06:34:13Z</time>
   </trkpt>
   <trkpt lat="22.7383530" lon="120.3294110">
    <ele>19.4</ele>
    <time>2026-10-06T06:34:14Z</time>
   </trkpt>
   <trkpt lat="22.7383520" lon="120.3294110">
    <ele>19.4</ele>
    <time>2026-10-06T06:34:15Z</time>
   </trkpt>
   <trkpt lat="22.7383430" lon="120.3294010">
    <ele>19.4</ele>
    <time>2026-10-06T06:34:16Z</time>
   </trkpt>
   <trkpt lat="22.7383430" lon="120.3293970">
    <ele>19.4</ele>
    <time>2026-10-06T06:34:17Z</time>
   </trkpt>
   <trkpt lat="22.7383480" lon="120.3293910">
    <ele>19.4</ele>
    <time>2026-10-06T06:34:19Z</time>
   </trkpt>
   <trkpt lat="22.7383580" lon="120.3293850">
    <ele>19.4</ele>
    <time>2026-10-06T06:34:20Z</time>
   </trkpt>
   <trkpt lat="22.7383650" lon="120.3293810">
    <ele>19.4</ele>
    <time>2026-10-06T06:34:21Z</time>
   </trkpt>
   <trkpt lat="22.7383650" lon="120.3293770">
    <ele>19.4</ele>
    <time>2026-10-06T06:34:22Z</time>
   </trkpt>
   <trkpt lat="22.7383650" lon="120.3293740">
    <ele>19.4</ele>
    <time>2026-10-06T06:34:23Z</time>
   </trkpt>
   <trkpt lat="22.7383670" lon="120.3293720">
    <ele>19.4</ele>
    <time>2026-10-06T06:34:24Z</time>
   </trkpt>
   <trkpt lat="22.7383680" lon="120.3293700">
    <ele>19.4</ele>
    <time>2026-10-06T06:34:25Z</time>
   </trkpt>
   <trkpt lat="22.7383670" lon="120.3293670">
    <ele>19.4</ele>
    <time>2026-10-06T06:34:26Z</time>
   </trkpt>
   <trkpt lat="22.7383670" lon="120.3293630">
    <ele>19.3</ele>
    <time>2026-10-06T06:34:27Z</time>
   </trkpt>
   <trkpt lat="22.7383640" lon="120.3293540">
    <ele>19.3</ele>
    <time>2026-10-06T06:34:28Z</time>
   </trkpt>
   <trkpt lat="22.7383650" lon="120.3293480">
    <ele>19.3</ele>
    <time>2026-10-06T06:34:29Z</time>
   </trkpt>
   <trkpt lat="22.7383690" lon="120.3293420">
    <ele>19.3</ele>
    <time>2026-10-06T06:34:30Z</time>
   </trkpt>
   <trkpt lat="22.7383720" lon="120.3293380">
    <ele>19.3</ele>
    <time>2026-10-06T06:34:31Z</time>
   </trkpt>
   <trkpt lat="22.7383740" lon="120.3293330">
    <ele>19.3</ele>
    <time>2026-10-06T06:34:32Z</time>
   </trkpt>
   <trkpt lat="22.7383750" lon="120.3293300">
    <ele>19.3</ele>
    <time>2026-10-06T06:34:33Z</time>
   </trkpt>
   <trkpt lat="22.7383760" lon="120.3293270">
    <ele>19.3</ele>
    <time>2026-10-06T06:34:34Z</time>
   </trkpt>
   <trkpt lat="22.7383790" lon="120.3293260">
    <ele>19.3</ele>
    <time>2026-10-06T06:34:35Z</time>
   </trkpt>
   <trkpt lat="22.7383810" lon="120.3293240">
    <ele>19.3</ele>
    <time>2026-10-06T06:34:36Z</time>
   </trkpt>
   <trkpt lat="22.7383830" lon="120.3293240">
    <ele>19.3</ele>
    <time>2026-10-06T06:34:37Z</time>
   </trkpt>
   <trkpt lat="22.7383850" lon="120.3293200">
    <ele>19.3</ele>
    <time>2026-10-06T06:34:38Z</time>
   </trkpt>
   <trkpt lat="22.7383830" lon="120.3293160">
    <ele>19.3</ele>
    <time>2026-10-06T06:34:40Z</time>
   </trkpt>
   <trkpt lat="22.7383830" lon="120.3293130">
    <ele>19.3</ele>
    <time>2026-10-06T06:34:41Z</time>
   </trkpt>
   <trkpt lat="22.7383870" lon="120.3293010">
    <ele>19.3</ele>
    <time>2026-10-06T06:34:42Z</time>
   </trkpt>
   <trkpt lat="22.7383920" lon="120.3292980">
    <ele>19.3</ele>
    <time>2026-10-06T06:34:43Z</time>
   </trkpt>
   <trkpt lat="22.7383990" lon="120.3292970">
    <ele>19.3</ele>
    <time>2026-10-06T06:34:44Z</time>
   </trkpt>
   <trkpt lat="22.7384070" lon="120.3292960">
    <ele>19.3</ele>
    <time>2026-10-06T06:34:46Z</time>
   </trkpt>
   <trkpt lat="22.7384090" lon="120.3292950">
    <ele>19.3</ele>
    <time>2026-10-06T06:34:47Z</time>
   </trkpt>
   <trkpt lat="22.7384030" lon="120.3292960">
    <ele>19.3</ele>
    <time>2026-10-06T06:34:49Z</time>
   </trkpt>
   <trkpt lat="22.7384120" lon="120.3292970">
    <ele>19.3</ele>
    <time>2026-10-06T06:34:50Z</time>
   </trkpt>
   <trkpt lat="22.7384210" lon="120.3292970">
    <ele>19.3</ele>
    <time>2026-10-06T06:34:51Z</time>
   </trkpt>
   <trkpt lat="22.7384460" lon="120.3292780">
    <ele>19.3</ele>
    <time>2026-10-06T06:34:52Z</time>
   </trkpt>
   <trkpt lat="22.7384600" lon="120.3292620">
    <ele>19.3</ele>
    <time>2026-10-06T06:34:53Z</time>
   </trkpt>
   <trkpt lat="22.7384740" lon="120.3292530">
    <ele>19.3</ele>
    <time>2026-10-06T06:34:54Z</time>
   </trkpt>
   <trkpt lat="22.7384860" lon="120.3292480">
    <ele>19.3</ele>
    <time>2026-10-06T06:34:55Z</time>
   </trkpt>
   <trkpt lat="22.7384940" lon="120.3292480">
    <ele>19.3</ele>
    <time>2026-10-06T06:34:56Z</time>
   </trkpt>
   <trkpt lat="22.7385020" lon="120.3292560">
    <ele>19.3</ele>
    <time>2026-10-06T06:34:57Z</time>
   </trkpt>
   <trkpt lat="22.7385080" lon="120.3292680">
    <ele>19.3</ele>
    <time>2026-10-06T06:34:58Z</time>
   </trkpt>
   <trkpt lat="22.7385120" lon="120.3292780">
    <ele>19.3</ele>
    <time>2026-10-06T06:34:59Z</time>
   </trkpt>
   <trkpt lat="22.7385170" lon="120.3292860">
    <ele>19.2</ele>
    <time>2026-10-06T06:35:00Z</time>
   </trkpt>
   <trkpt lat="22.7385220" lon="120.3292960">
    <ele>19.2</ele>
    <time>2026-10-06T06:35:01Z</time>
   </trkpt>
   <trkpt lat="22.7385240" lon="120.3293070">
    <ele>19.2</ele>
    <time>2026-10-06T06:35:02Z</time>
   </trkpt>
   <trkpt lat="22.7385270" lon="120.3293210">
    <ele>19.2</ele>
    <time>2026-10-06T06:35:03Z</time>
   </trkpt>
   <trkpt lat="22.7385320" lon="120.3293330">
    <ele>19.2</ele>
    <time>2026-10-06T06:35:04Z</time>
   </trkpt>
   <trkpt lat="22.7385360" lon="120.3293410">
    <ele>19.2</ele>
    <time>2026-10-06T06:35:05Z</time>
   </trkpt>
   <trkpt lat="22.7385400" lon="120.3293500">
    <ele>19.2</ele>
    <time>2026-10-06T06:35:06Z</time>
   </trkpt>
   <trkpt lat="22.7385440" lon="120.3293640">
    <ele>19.2</ele>
    <time>2026-10-06T06:35:07Z</time>
   </trkpt>
   <trkpt lat="22.7385490" lon="120.3293750">
    <ele>19.2</ele>
    <time>2026-10-06T06:35:08Z</time>
   </trkpt>
   <trkpt lat="22.7385550" lon="120.3293860">
    <ele>19.2</ele>
    <time>2026-10-06T06:35:09Z</time>
   </trkpt>
   <trkpt lat="22.7385600" lon="120.3293960">
    <ele>19.2</ele>
    <time>2026-10-06T06:35:10Z</time>
   </trkpt>
   <trkpt lat="22.7385640" lon="120.3294080">
    <ele>19.2</ele>
    <time>2026-10-06T06:35:11Z</time>
   </trkpt>
   <trkpt lat="22.7385710" lon="120.3294210">
    <ele>19.2</ele>
    <time>2026-10-06T06:35:12Z</time>
   </trkpt>
   <trkpt lat="22.7385780" lon="120.3294300">
    <ele>19.2</ele>
    <time>2026-10-06T06:35:13Z</time>
   </trkpt>
   <trkpt lat="22.7385830" lon="120.3294400">
    <ele>19.2</ele>
    <time>2026-10-06T06:35:14Z</time>
   </trkpt>
   <trkpt lat="22.7385910" lon="120.3294530">
    <ele>19.2</ele>
    <time>2026-10-06T06:35:15Z</time>
   </trkpt>
   <trkpt lat="22.7385980" lon="120.3294650">
    <ele>19.2</ele>
    <time>2026-10-06T06:35:16Z</time>
   </trkpt>
   <trkpt lat="22.7386030" lon="120.3294760">
    <ele>19.2</ele>
    <time>2026-10-06T06:35:17Z</time>
   </trkpt>
   <trkpt lat="22.7386110" lon="120.3294850">
    <ele>19.2</ele>
    <time>2026-10-06T06:35:18Z</time>
   </trkpt>
   <trkpt lat="22.7386160" lon="120.3294940">
    <ele>19.2</ele>
    <time>2026-10-06T06:35:19Z</time>
   </trkpt>
   <trkpt lat="22.7386290" lon="120.3295070">
    <ele>19.2</ele>
    <time>2026-10-06T06:35:20Z</time>
   </trkpt>
   <trkpt lat="22.7386370" lon="120.3295170">
    <ele>19.2</ele>
    <time>2026-10-06T06:35:21Z</time>
   </trkpt>
   <trkpt lat="22.7386470" lon="120.3295250">
    <ele>19.2</ele>
    <time>2026-10-06T06:35:22Z</time>
   </trkpt>
   <trkpt lat="22.7386530" lon="120.3295310">
    <ele>19.1</ele>
    <time>2026-10-06T06:35:23Z</time>
   </trkpt>
   <trkpt lat="22.7386540" lon="120.3295370">
    <ele>19.1</ele>
    <time>2026-10-06T06:35:24Z</time>
   </trkpt>
   <trkpt lat="22.7386520" lon="120.3295440">
    <ele>19.1</ele>
    <time>2026-10-06T06:35:25Z</time>
   </trkpt>
   <trkpt lat="22.7386530" lon="120.3295510">
    <ele>19.1</ele>
    <time>2026-10-06T06:35:26Z</time>
   </trkpt>
   <trkpt lat="22.7386600" lon="120.3295550">
    <ele>19.1</ele>
    <time>2026-10-06T06:35:27Z</time>
   </trkpt>
   <trkpt lat="22.7386660" lon="120.3295580">
    <ele>19.1</ele>
    <time>2026-10-06T06:35:28Z</time>
   </trkpt>
   <trkpt lat="22.7386700" lon="120.3295640">
    <ele>19.1</ele>
    <time>2026-10-06T06:35:29Z</time>
   </trkpt>
   <trkpt lat="22.7386730" lon="120.3295710">
    <ele>19.1</ele>
    <time>2026-10-06T06:35:30Z</time>
   </trkpt>
   <trkpt lat="22.7386710" lon="120.3295780">
    <ele>19.1</ele>
    <time>2026-10-06T06:35:31Z</time>
   </trkpt>
   <trkpt lat="22.7386630" lon="120.3295790">
    <ele>19.1</ele>
    <time>2026-10-06T06:35:32Z</time>
   </trkpt>
   <trkpt lat="22.7386620" lon="120.3295820">
    <ele>19.1</ele>
    <time>2026-10-06T06:35:33Z</time>
   </trkpt>
   <trkpt lat="22.7386650" lon="120.3295850">
    <ele>19.1</ele>
    <time>2026-10-06T06:35:34Z</time>
   </trkpt>
   <trkpt lat="22.7386720" lon="120.3295870">
    <ele>19.1</ele>
    <time>2026-10-06T06:35:35Z</time>
   </trkpt>
   <trkpt lat="22.7386800" lon="120.3295920">
    <ele>19.1</ele>
    <time>2026-10-06T06:35:36Z</time>
   </trkpt>
   <trkpt lat="22.7386860" lon="120.3296020">
    <ele>19.1</ele>
    <time>2026-10-06T06:35:37Z</time>
   </trkpt>
   <trkpt lat="22.7386880" lon="120.3296110">
    <ele>19.1</ele>
    <time>2026-10-06T06:35:38Z</time>
   </trkpt>
   <trkpt lat="22.7386880" lon="120.3296180">
    <ele>19.1</ele>
    <time>2026-10-06T06:35:39Z</time>
   </trkpt>
   <trkpt lat="22.7386870" lon="120.3296220">
    <ele>19.1</ele>
    <time>2026-10-06T06:35:40Z</time>
   </trkpt>
   <trkpt lat="22.7386880" lon="120.3296240">
    <ele>19.1</ele>
    <time>2026-10-06T06:35:41Z</time>
   </trkpt>
   <trkpt lat="22.7386920" lon="120.3296280">
    <ele>19.1</ele>
    <time>2026-10-06T06:35:42Z</time>
   </trkpt>
   <trkpt lat="22.7386960" lon="120.3296330">
    <ele>19.1</ele>
    <time>2026-10-06T06:35:43Z</time>
   </trkpt>
   <trkpt lat="22.7386990" lon="120.3296400">
    <ele>19.1</ele>
    <time>2026-10-06T06:35:44Z</time>
   </trkpt>
   <trkpt lat="22.7387000" lon="120.3296460">
    <ele>19.1</ele>
    <time>2026-10-06T06:35:45Z</time>
   </trkpt>
   <trkpt lat="22.7386990" lon="120.3296510">
    <ele>19.1</ele>
    <time>2026-10-06T06:35:46Z</time>
   </trkpt>
   <trkpt lat="22.7386970" lon="120.3296530">
    <ele>19.1</ele>
    <time>2026-10-06T06:35:47Z</time>
   </trkpt>
   <trkpt lat="22.7386940" lon="120.3296530">
    <ele>19.1</ele>
    <time>2026-10-06T06:35:48Z</time>
   </trkpt>
   <trkpt lat="22.7386890" lon="120.3296530">
    <ele>19.1</ele>
    <time>2026-10-06T06:35:49Z</time>
   </trkpt>
   <trkpt lat="22.7386860" lon="120.3296520">
    <ele>19.1</ele>
    <time>2026-10-06T06:35:50Z</time>
   </trkpt>
   <trkpt lat="22.7386840" lon="120.3296520">
    <ele>19.1</ele>
    <time>2026-10-06T06:35:51Z</time>
   </trkpt>
   <trkpt lat="22.7386790" lon="120.3296600">
    <ele>19.1</ele>
    <time>2026-10-06T06:35:52Z</time>
   </trkpt>
   <trkpt lat="22.7386830" lon="120.3296700">
    <ele>19.1</ele>
    <time>2026-10-06T06:35:53Z</time>
   </trkpt>
   <trkpt lat="22.7386870" lon="120.3296800">
    <ele>19.1</ele>
    <time>2026-10-06T06:35:54Z</time>
   </trkpt>
   <trkpt lat="22.7386910" lon="120.3296890">
    <ele>19.1</ele>
    <time>2026-10-06T06:35:55Z</time>
   </trkpt>
   <trkpt lat="22.7386900" lon="120.3297020">
    <ele>19.1</ele>
    <time>2026-10-06T06:35:56Z</time>
   </trkpt>
   <trkpt lat="22.7386860" lon="120.3297110">
    <ele>19.1</ele>
    <time>2026-10-06T06:35:57Z</time>
   </trkpt>
   <trkpt lat="22.7386820" lon="120.3297170">
    <ele>19.1</ele>
    <time>2026-10-06T06:35:58Z</time>
   </trkpt>
   <trkpt lat="22.7386860" lon="120.3297190">
    <ele>19.1</ele>
    <time>2026-10-06T06:35:59Z</time>
   </trkpt>
   <trkpt lat="22.7386890" lon="120.3297190">
    <ele>19.1</ele>
    <time>2026-10-06T06:36:01Z</time>
   </trkpt>
   <trkpt lat="22.7386930" lon="120.3297190">
    <ele>19.1</ele>
    <time>2026-10-06T06:36:02Z</time>
   </trkpt>
   <trkpt lat="22.7387000" lon="120.3297240">
    <ele>19.1</ele>
    <time>2026-10-06T06:36:03Z</time>
   </trkpt>
   <trkpt lat="22.7387090" lon="120.3297340">
    <ele>19.1</ele>
    <time>2026-10-06T06:36:04Z</time>
   </trkpt>
   <trkpt lat="22.7387120" lon="120.3297450">
    <ele>19.0</ele>
    <time>2026-10-06T06:36:05Z</time>
   </trkpt>
   <trkpt lat="22.7387100" lon="120.3297480">
    <ele>19.0</ele>
    <time>2026-10-06T06:36:06Z</time>
   </trkpt>
   <trkpt lat="22.7387080" lon="120.3297540">
    <ele>19.0</ele>
    <time>2026-10-06T06:36:07Z</time>
   </trkpt>
   <trkpt lat="22.7387150" lon="120.3297580">
    <ele>19.0</ele>
    <time>2026-10-06T06:36:08Z</time>
   </trkpt>
   <trkpt lat="22.7387280" lon="120.3297560">
    <ele>19.0</ele>
    <time>2026-10-06T06:36:09Z</time>
   </trkpt>
   <trkpt lat="22.7387350" lon="120.3297590">
    <ele>19.0</ele>
    <time>2026-10-06T06:36:10Z</time>
   </trkpt>
   <trkpt lat="22.7387390" lon="120.3297650">
    <ele>19.0</ele>
    <time>2026-10-06T06:36:11Z</time>
   </trkpt>
   <trkpt lat="22.7387420" lon="120.3297720">
    <ele>19.0</ele>
    <time>2026-10-06T06:36:12Z</time>
   </trkpt>
   <trkpt lat="22.7387390" lon="120.3297810">
    <ele>19.0</ele>
    <time>2026-10-06T06:36:14Z</time>
   </trkpt>
   <trkpt lat="22.7387360" lon="120.3297850">
    <ele>19.0</ele>
    <time>2026-10-06T06:36:15Z</time>
   </trkpt>
   <trkpt lat="22.7387380" lon="120.3297920">
    <ele>19.0</ele>
    <time>2026-10-06T06:36:16Z</time>
   </trkpt>
   <trkpt lat="22.7387510" lon="120.3297950">
    <ele>19.0</ele>
    <time>2026-10-06T06:36:17Z</time>
   </trkpt>
   <trkpt lat="22.7387640" lon="120.3298010">
    <ele>19.0</ele>
    <time>2026-10-06T06:36:18Z</time>
   </trkpt>
   <trkpt lat="22.7387710" lon="120.3298030">
    <ele>19.0</ele>
    <time>2026-10-06T06:36:19Z</time>
   </trkpt>
   <trkpt lat="22.7387760" lon="120.3298100">
    <ele>19.0</ele>
    <time>2026-10-06T06:36:20Z</time>
   </trkpt>
   <trkpt lat="22.7387760" lon="120.3298190">
    <ele>19.0</ele>
    <time>2026-10-06T06:36:21Z</time>
   </trkpt>
   <trkpt lat="22.7387740" lon="120.3298230">
    <ele>19.0</ele>
    <time>2026-10-06T06:36:22Z</time>
   </trkpt>
   <trkpt lat="22.7387790" lon="120.3298240">
    <ele>19.0</ele>
    <time>2026-10-06T06:36:23Z</time>
   </trkpt>
   <trkpt lat="22.7387870" lon="120.3298200">
    <ele>19.0</ele>
    <time>2026-10-06T06:36:24Z</time>
   </trkpt>
   <trkpt lat="22.7387910" lon="120.3298160">
    <ele>19.0</ele>
    <time>2026-10-06T06:36:25Z</time>
   </trkpt>
   <trkpt lat="22.7387930" lon="120.3298170">
    <ele>19.0</ele>
    <time>2026-10-06T06:36:26Z</time>
   </trkpt>
   <trkpt lat="22.7387960" lon="120.3298240">
    <ele>19.0</ele>
    <time>2026-10-06T06:36:27Z</time>
   </trkpt>
   <trkpt lat="22.7387970" lon="120.3298300">
    <ele>19.0</ele>
    <time>2026-10-06T06:36:28Z</time>
   </trkpt>
   <trkpt lat="22.7387960" lon="120.3298380">
    <ele>19.0</ele>
    <time>2026-10-06T06:36:29Z</time>
   </trkpt>
   <trkpt lat="22.7388040" lon="120.3298380">
    <ele>19.0</ele>
    <time>2026-10-06T06:36:31Z</time>
   </trkpt>
   <trkpt lat="22.7388130" lon="120.3298310">
    <ele>19.0</ele>
    <time>2026-10-06T06:36:32Z</time>
   </trkpt>
   <trkpt lat="22.7388220" lon="120.3298330">
    <ele>19.0</ele>
    <time>2026-10-06T06:36:33Z</time>
   </trkpt>
   <trkpt lat="22.7388290" lon="120.3298370">
    <ele>19.0</ele>
    <time>2026-10-06T06:36:34Z</time>
   </trkpt>
   <trkpt lat="22.7388330" lon="120.3298480">
    <ele>19.0</ele>
    <time>2026-10-06T06:36:35Z</time>
   </trkpt>
   <trkpt lat="22.7388300" lon="120.3298600">
    <ele>19.0</ele>
    <time>2026-10-06T06:36:36Z</time>
   </trkpt>
   <trkpt lat="22.7388270" lon="120.3298690">
    <ele>19.0</ele>
    <time>2026-10-06T06:36:37Z</time>
   </trkpt>
   <trkpt lat="22.7388300" lon="120.3298730">
    <ele>19.0</ele>
    <time>2026-10-06T06:36:38Z</time>
   </trkpt>
   <trkpt lat="22.7388270" lon="120.3298640">
    <ele>19.0</ele>
    <time>2026-10-06T06:36:39Z</time>
   </trkpt>
   <trkpt lat="22.7388340" lon="120.3298650">
    <ele>19.0</ele>
    <time>2026-10-06T06:36:40Z</time>
   </trkpt>
   <trkpt lat="22.7388390" lon="120.3298700">
    <ele>18.9</ele>
    <time>2026-10-06T06:36:41Z</time>
   </trkpt>
   <trkpt lat="22.7388410" lon="120.3298790">
    <ele>18.9</ele>
    <time>2026-10-06T06:36:42Z</time>
   </trkpt>
   <trkpt lat="22.7388340" lon="120.3298890">
    <ele>18.9</ele>
    <time>2026-10-06T06:36:43Z</time>
   </trkpt>
   <trkpt lat="22.7388240" lon="120.3298940">
    <ele>18.9</ele>
    <time>2026-10-06T06:36:45Z</time>
   </trkpt>
   <trkpt lat="22.7388160" lon="120.3298910">
    <ele>18.9</ele>
    <time>2026-10-06T06:36:46Z</time>
   </trkpt>
   <trkpt lat="22.7388170" lon="120.3298880">
    <ele>18.9</ele>
    <time>2026-10-06T06:36:47Z</time>
   </trkpt>
   <trkpt lat="22.7388190" lon="120.3298840">
    <ele>18.9</ele>
    <time>2026-10-06T06:36:48Z</time>
   </trkpt>
   <trkpt lat="22.7388220" lon="120.3298810">
    <ele>18.9</ele>
    <time>2026-10-06T06:36:49Z</time>
   </trkpt>
   <trkpt lat="22.7388260" lon="120.3298810">
    <ele>18.9</ele>
    <time>2026-10-06T06:36:50Z</time>
   </trkpt>
   <trkpt lat="22.7388330" lon="120.3298850">
    <ele>18.9</ele>
    <time>2026-10-06T06:36:51Z</time>
   </trkpt>
   <trkpt lat="22.7388450" lon="120.3299000">
    <ele>18.9</ele>
    <time>2026-10-06T06:36:52Z</time>
   </trkpt>
   <trkpt lat="22.7388520" lon="120.3299140">
    <ele>18.9</ele>
    <time>2026-10-06T06:36:53Z</time>
   </trkpt>
   <trkpt lat="22.7388560" lon="120.3299260">
    <ele>18.9</ele>
    <time>2026-10-06T06:36:54Z</time>
   </trkpt>
   <trkpt lat="22.7388630" lon="120.3299380">
    <ele>18.9</ele>
    <time>2026-10-06T06:36:55Z</time>
   </trkpt>
   <trkpt lat="22.7388690" lon="120.3299510">
    <ele>18.9</ele>
    <time>2026-10-06T06:36:56Z</time>
   </trkpt>
   <trkpt lat="22.7388700" lon="120.3299610">
    <ele>18.9</ele>
    <time>2026-10-06T06:36:57Z</time>
   </trkpt>
   <trkpt lat="22.7388640" lon="120.3299670">
    <ele>18.9</ele>
    <time>2026-10-06T06:36:58Z</time>
   </trkpt>
   <trkpt lat="22.7388610" lon="120.3299700">
    <ele>18.9</ele>
    <time>2026-10-06T06:36:59Z</time>
   </trkpt>
   <trkpt lat="22.7388680" lon="120.3299750">
    <ele>18.9</ele>
    <time>2026-10-06T06:37:00Z</time>
   </trkpt>
   <trkpt lat="22.7388780" lon="120.3299810">
    <ele>18.9</ele>
    <time>2026-10-06T06:37:01Z</time>
   </trkpt>
   <trkpt lat="22.7388860" lon="120.3299860">
    <ele>18.9</ele>
    <time>2026-10-06T06:37:02Z</time>
   </trkpt>
   <trkpt lat="22.7388910" lon="120.3299930">
    <ele>18.9</ele>
    <time>2026-10-06T06:37:03Z</time>
   </trkpt>
   <trkpt lat="22.7388920" lon="120.3300020">
    <ele>18.9</ele>
    <time>2026-10-06T06:37:04Z</time>
   </trkpt>
   <trkpt lat="22.7388820" lon="120.3300030">
    <ele>18.9</ele>
    <time>2026-10-06T06:37:05Z</time>
   </trkpt>
   <trkpt lat="22.7388850" lon="120.3300120">
    <ele>18.9</ele>
    <time>2026-10-06T06:37:07Z</time>
   </trkpt>
   <trkpt lat="22.7388970" lon="120.3300160">
    <ele>18.9</ele>
    <time>2026-10-06T06:37:08Z</time>
   </trkpt>
   <trkpt lat="22.7389040" lon="120.3300210">
    <ele>18.9</ele>
    <time>2026-10-06T06:37:09Z</time>
   </trkpt>
   <trkpt lat="22.7389080" lon="120.3300300">
    <ele>18.9</ele>
    <time>2026-10-06T06:37:11Z</time>
   </trkpt>
   <trkpt lat="22.7389070" lon="120.3300370">
    <ele>18.9</ele>
    <time>2026-10-06T06:37:12Z</time>
   </trkpt>
   <trkpt lat="22.7389050" lon="120.3300370">
    <ele>18.9</ele>
    <time>2026-10-06T06:37:13Z</time>
   </trkpt>
   <trkpt lat="22.7389040" lon="120.3300360">
    <ele>18.9</ele>
    <time>2026-10-06T06:37:14Z</time>
   </trkpt>
   <trkpt lat="22.7389030" lon="120.3300360">
    <ele>18.9</ele>
    <time>2026-10-06T06:37:15Z</time>
   </trkpt>
   <trkpt lat="22.7389020" lon="120.3300380">
    <ele>18.9</ele>
    <time>2026-10-06T06:37:16Z</time>
   </trkpt>
   <trkpt lat="22.7389020" lon="120.3300400">
    <ele>18.9</ele>
    <time>2026-10-06T06:37:17Z</time>
   </trkpt>
   <trkpt lat="22.7389040" lon="120.3300420">
    <ele>18.8</ele>
    <time>2026-10-06T06:37:18Z</time>
   </trkpt>
   <trkpt lat="22.7389070" lon="120.3300430">
    <ele>18.8</ele>
    <time>2026-10-06T06:37:19Z</time>
   </trkpt>
   <trkpt lat="22.7389120" lon="120.3300460">
    <ele>18.8</ele>
    <time>2026-10-06T06:37:20Z</time>
   </trkpt>
   <trkpt lat="22.7389170" lon="120.3300530">
    <ele>18.8</ele>
    <time>2026-10-06T06:37:22Z</time>
   </trkpt>
   <trkpt lat="22.7389200" lon="120.3300670">
    <ele>18.8</ele>
    <time>2026-10-06T06:37:23Z</time>
   </trkpt>
   <trkpt lat="22.7389160" lon="120.3300790">
    <ele>18.8</ele>
    <time>2026-10-06T06:37:24Z</time>
   </trkpt>
   <trkpt lat="22.7389210" lon="120.3300870">
    <ele>18.8</ele>
    <time>2026-10-06T06:37:25Z</time>
   </trkpt>
   <trkpt lat="22.7389300" lon="120.3300880">
    <ele>18.8</ele>
    <time>2026-10-06T06:37:26Z</time>
   </trkpt>
   <trkpt lat="22.7389390" lon="120.3300920">
    <ele>18.8</ele>
    <time>2026-10-06T06:37:27Z</time>
   </trkpt>
   <trkpt lat="22.7389460" lon="120.3300980">
    <ele>18.8</ele>
    <time>2026-10-06T06:37:28Z</time>
   </trkpt>
   <trkpt lat="22.7389510" lon="120.3301050">
    <ele>18.8</ele>
    <time>2026-10-06T06:37:29Z</time>
   </trkpt>
   <trkpt lat="22.7389530" lon="120.3301140">
    <ele>18.8</ele>
    <time>2026-10-06T06:37:30Z</time>
   </trkpt>
   <trkpt lat="22.7389480" lon="120.3301180">
    <ele>18.8</ele>
    <time>2026-10-06T06:37:31Z</time>
   </trkpt>
   <trkpt lat="22.7389470" lon="120.3301220">
    <ele>18.8</ele>
    <time>2026-10-06T06:37:32Z</time>
   </trkpt>
   <trkpt lat="22.7389460" lon="120.3301260">
    <ele>18.8</ele>
    <time>2026-10-06T06:37:33Z</time>
   </trkpt>
   <trkpt lat="22.7389500" lon="120.3301280">
    <ele>18.8</ele>
    <time>2026-10-06T06:37:34Z</time>
   </trkpt>
   <trkpt lat="22.7389540" lon="120.3301310">
    <ele>18.8</ele>
    <time>2026-10-06T06:37:35Z</time>
   </trkpt>
   <trkpt lat="22.7389590" lon="120.3301360">
    <ele>18.8</ele>
    <time>2026-10-06T06:37:36Z</time>
   </trkpt>
   <trkpt lat="22.7389590" lon="120.3301460">
    <ele>18.8</ele>
    <time>2026-10-06T06:37:37Z</time>
   </trkpt>
   <trkpt lat="22.7389570" lon="120.3301550">
    <ele>18.8</ele>
    <time>2026-10-06T06:37:38Z</time>
   </trkpt>
   <trkpt lat="22.7389600" lon="120.3301620">
    <ele>18.8</ele>
    <time>2026-10-06T06:37:39Z</time>
   </trkpt>
   <trkpt lat="22.7389590" lon="120.3301680">
    <ele>18.8</ele>
    <time>2026-10-06T06:37:40Z</time>
   </trkpt>
   <trkpt lat="22.7389580" lon="120.3301700">
    <ele>18.8</ele>
    <time>2026-10-06T06:37:41Z</time>
   </trkpt>
   <trkpt lat="22.7389600" lon="120.3301690">
    <ele>18.8</ele>
    <time>2026-10-06T06:37:42Z</time>
   </trkpt>
   <trkpt lat="22.7389660" lon="120.3301720">
    <ele>18.8</ele>
    <time>2026-10-06T06:37:43Z</time>
   </trkpt>
   <trkpt lat="22.7389740" lon="120.3301780">
    <ele>18.8</ele>
    <time>2026-10-06T06:37:44Z</time>
   </trkpt>
   <trkpt lat="22.7389800" lon="120.3301850">
    <ele>18.8</ele>
    <time>2026-10-06T06:37:45Z</time>
   </trkpt>
   <trkpt lat="22.7389880" lon="120.3301880">
    <ele>18.8</ele>
    <time>2026-10-06T06:37:46Z</time>
   </trkpt>
   <trkpt lat="22.7389830" lon="120.3301960">
    <ele>18.8</ele>
    <time>2026-10-06T06:37:47Z</time>
   </trkpt>
   <trkpt lat="22.7389790" lon="120.3302050">
    <ele>18.8</ele>
    <time>2026-10-06T06:37:48Z</time>
   </trkpt>
   <trkpt lat="22.7389840" lon="120.3302070">
    <ele>18.8</ele>
    <time>2026-10-06T06:37:49Z</time>
   </trkpt>
   <trkpt lat="22.7389910" lon="120.3302030">
    <ele>18.8</ele>
    <time>2026-10-06T06:37:50Z</time>
   </trkpt>
   <trkpt lat="22.7389970" lon="120.3302090">
    <ele>18.8</ele>
    <time>2026-10-06T06:37:51Z</time>
   </trkpt>
   <trkpt lat="22.7390000" lon="120.3302170">
    <ele>18.8</ele>
    <time>2026-10-06T06:37:52Z</time>
   </trkpt>
   <trkpt lat="22.7390070" lon="120.3302230">
    <ele>18.8</ele>
    <time>2026-10-06T06:37:53Z</time>
   </trkpt>
   <trkpt lat="22.7390050" lon="120.3302330">
    <ele>18.8</ele>
    <time>2026-10-06T06:37:54Z</time>
   </trkpt>
   <trkpt lat="22.7389980" lon="120.3302420">
    <ele>18.7</ele>
    <time>2026-10-06T06:37:55Z</time>
   </trkpt>
   <trkpt lat="22.7389950" lon="120.3302490">
    <ele>18.7</ele>
    <time>2026-10-06T06:37:56Z</time>
   </trkpt>
   <trkpt lat="22.7390020" lon="120.3302500">
    <ele>18.7</ele>
    <time>2026-10-06T06:37:57Z</time>
   </trkpt>
   <trkpt lat="22.7390120" lon="120.3302480">
    <ele>18.7</ele>
    <time>2026-10-06T06:37:58Z</time>
   </trkpt>
   <trkpt lat="22.7390270" lon="120.3302460">
    <ele>18.7</ele>
    <time>2026-10-06T06:37:59Z</time>
   </trkpt>
   <trkpt lat="22.7390400" lon="120.3302430">
    <ele>18.7</ele>
    <time>2026-10-06T06:38:00Z</time>
   </trkpt>
   <trkpt lat="22.7390490" lon="120.3302400">
    <ele>18.7</ele>
    <time>2026-10-06T06:38:01Z</time>
   </trkpt>
   <trkpt lat="22.7390580" lon="120.3302360">
    <ele>18.7</ele>
    <time>2026-10-06T06:38:02Z</time>
   </trkpt>
   <trkpt lat="22.7390650" lon="120.3302290">
    <ele>18.7</ele>
    <time>2026-10-06T06:38:03Z</time>
   </trkpt>
   <trkpt lat="22.7390700" lon="120.3302220">
    <ele>18.7</ele>
    <time>2026-10-06T06:38:04Z</time>
   </trkpt>
   <trkpt lat="22.7390740" lon="120.3302190">
    <ele>18.7</ele>
    <time>2026-10-06T06:38:05Z</time>
   </trkpt>
   <trkpt lat="22.7390670" lon="120.3302230">
    <ele>18.7</ele>
    <time>2026-10-06T06:38:06Z</time>
   </trkpt>
   <trkpt lat="22.7390610" lon="120.3302270">
    <ele>18.7</ele>
    <time>2026-10-06T06:38:07Z</time>
   </trkpt>
   <trkpt lat="22.7390550" lon="120.3302290">
    <ele>18.7</ele>
    <time>2026-10-06T06:38:08Z</time>
   </trkpt>
   <trkpt lat="22.7390500" lon="120.3302300">
    <ele>18.7</ele>
    <time>2026-10-06T06:38:09Z</time>
   </trkpt>
   <trkpt lat="22.7390450" lon="120.3302300">
    <ele>18.7</ele>
    <time>2026-10-06T06:38:10Z</time>
   </trkpt>
   <trkpt lat="22.7390420" lon="120.3302300">
    <ele>18.7</ele>
    <time>2026-10-06T06:38:11Z</time>
   </trkpt>
   <trkpt lat="22.7390420" lon="120.3302290">
    <ele>18.7</ele>
    <time>2026-10-06T06:38:12Z</time>
   </trkpt>
   <trkpt lat="22.7390400" lon="120.3302270">
    <ele>18.7</ele>
    <time>2026-10-06T06:38:13Z</time>
   </trkpt>
   <trkpt lat="22.7390360" lon="120.3302250">
    <ele>18.7</ele>
    <time>2026-10-06T06:38:15Z</time>
   </trkpt>
   <trkpt lat="22.7390300" lon="120.3302230">
    <ele>18.7</ele>
    <time>2026-10-06T06:38:16Z</time>
   </trkpt>
   <trkpt lat="22.7390250" lon="120.3302200">
    <ele>18.7</ele>
    <time>2026-10-06T06:38:17Z</time>
   </trkpt>
   <trkpt lat="22.7390210" lon="120.3302130">
    <ele>18.8</ele>
    <time>2026-10-06T06:38:18Z</time>
   </trkpt>
   <trkpt lat="22.7390150" lon="120.3301970">
    <ele>18.8</ele>
    <time>2026-10-06T06:38:19Z</time>
   </trkpt>
   <trkpt lat="22.7390150" lon="120.3301900">
    <ele>18.8</ele>
    <time>2026-10-06T06:38:20Z</time>
   </trkpt>
   <trkpt lat="22.7390160" lon="120.3301820">
    <ele>18.8</ele>
    <time>2026-10-06T06:38:21Z</time>
   </trkpt>
   <trkpt lat="22.7390170" lon="120.3301780">
    <ele>18.8</ele>
    <time>2026-10-06T06:38:22Z</time>
   </trkpt>
   <trkpt lat="22.7390120" lon="120.3301760">
    <ele>18.8</ele>
    <time>2026-10-06T06:38:23Z</time>
   </trkpt>
   <trkpt lat="22.7390050" lon="120.3301770">
    <ele>18.8</ele>
    <time>2026-10-06T06:38:25Z</time>
   </trkpt>
   <trkpt lat="22.7389980" lon="120.3301820">
    <ele>18.8</ele>
    <time>2026-10-06T06:38:26Z</time>
   </trkpt>
   <trkpt lat="22.7389930" lon="120.3301850">
    <ele>18.8</ele>
    <time>2026-10-06T06:38:27Z</time>
   </trkpt>
   <trkpt lat="22.7389860" lon="120.3301880">
    <ele>18.8</ele>
    <time>2026-10-06T06:38:28Z</time>
   </trkpt>
   <trkpt lat="22.7389790" lon="120.3301900">
    <ele>18.8</ele>
    <time>2026-10-06T06:38:29Z</time>
   </trkpt>
   <trkpt lat="22.7389710" lon="120.3301890">
    <ele>18.8</ele>
    <time>2026-10-06T06:38:30Z</time>
   </trkpt>
   <trkpt lat="22.7389640" lon="120.3301870">
    <ele>18.8</ele>
    <time>2026-10-06T06:38:31Z</time>
   </trkpt>
   <trkpt lat="22.7389540" lon="120.3301830">
    <ele>18.8</ele>
    <time>2026-10-06T06:38:32Z</time>
   </trkpt>
   <trkpt lat="22.7389500" lon="120.3301750">
    <ele>18.8</ele>
    <time>2026-10-06T06:38:33Z</time>
   </trkpt>
   <trkpt lat="22.7389500" lon="120.3301710">
    <ele>18.8</ele>
    <time>2026-10-06T06:38:34Z</time>
   </trkpt>
   <trkpt lat="22.7389500" lon="120.3301680">
    <ele>18.8</ele>
    <time>2026-10-06T06:38:35Z</time>
   </trkpt>
   <trkpt lat="22.7389460" lon="120.3301670">
    <ele>18.8</ele>
    <time>2026-10-06T06:38:36Z</time>
   </trkpt>
   <trkpt lat="22.7389510" lon="120.3301660">
    <ele>18.8</ele>
    <time>2026-10-06T06:38:37Z</time>
   </trkpt>
   <trkpt lat="22.7389500" lon="120.3301640">
    <ele>18.8</ele>
    <time>2026-10-06T06:38:38Z</time>
   </trkpt>
   <trkpt lat="22.7389470" lon="120.3301620">
    <ele>18.8</ele>
    <time>2026-10-06T06:38:39Z</time>
   </trkpt>
   <trkpt lat="22.7389400" lon="120.3301580">
    <ele>18.8</ele>
    <time>2026-10-06T06:38:40Z</time>
   </trkpt>
   <trkpt lat="22.7389370" lon="120.3301490">
    <ele>18.8</ele>
    <time>2026-10-06T06:38:41Z</time>
   </trkpt>
   <trkpt lat="22.7389350" lon="120.3301420">
    <ele>18.8</ele>
    <time>2026-10-06T06:38:42Z</time>
   </trkpt>
   <trkpt lat="22.7389470" lon="120.3301390">
    <ele>18.8</ele>
    <time>2026-10-06T06:38:43Z</time>
   </trkpt>
   <trkpt lat="22.7389460" lon="120.3301290">
    <ele>18.8</ele>
    <time>2026-10-06T06:38:45Z</time>
   </trkpt>
   <trkpt lat="22.7389430" lon="120.3301270">
    <ele>18.8</ele>
    <time>2026-10-06T06:38:46Z</time>
   </trkpt>
   <trkpt lat="22.7389370" lon="120.3301250">
    <ele>18.8</ele>
    <time>2026-10-06T06:38:47Z</time>
   </trkpt>
   <trkpt lat="22.7389420" lon="120.3301200">
    <ele>18.8</ele>
    <time>2026-10-06T06:38:48Z</time>
   </trkpt>
   <trkpt lat="22.7389400" lon="120.3301110">
    <ele>18.8</ele>
    <time>2026-10-06T06:38:49Z</time>
   </trkpt>
   <trkpt lat="22.7389400" lon="120.3301020">
    <ele>18.8</ele>
    <time>2026-10-06T06:38:50Z</time>
   </trkpt>
   <trkpt lat="22.7389390" lon="120.3300940">
    <ele>18.8</ele>
    <time>2026-10-06T06:38:51Z</time>
   </trkpt>
   <trkpt lat="22.7389370" lon="120.3300860">
    <ele>18.8</ele>
    <time>2026-10-06T06:38:52Z</time>
   </trkpt>
   <trkpt lat="22.7389280" lon="120.3300780">
    <ele>18.8</ele>
    <time>2026-10-06T06:38:53Z</time>
   </trkpt>
   <trkpt lat="22.7389190" lon="120.3300760">
    <ele>18.8</ele>
    <time>2026-10-06T06:38:54Z</time>
   </trkpt>
   <trkpt lat="22.7389190" lon="120.3300790">
    <ele>18.8</ele>
    <time>2026-10-06T06:38:55Z</time>
   </trkpt>
   <trkpt lat="22.7389070" lon="120.3300720">
    <ele>18.8</ele>
    <time>2026-10-06T06:38:57Z</time>
   </trkpt>
   <trkpt lat="22.7388980" lon="120.3300640">
    <ele>18.8</ele>
    <time>2026-10-06T06:38:58Z</time>
   </trkpt>
   <trkpt lat="22.7388910" lon="120.3300580">
    <ele>18.8</ele>
    <time>2026-10-06T06:38:59Z</time>
   </trkpt>
   <trkpt lat="22.7388900" lon="120.3300520">
    <ele>18.8</ele>
    <time>2026-10-06T06:39:00Z</time>
   </trkpt>
   <trkpt lat="22.7388940" lon="120.3300520">
    <ele>18.8</ele>
    <time>2026-10-06T06:39:01Z</time>
   </trkpt>
   <trkpt lat="22.7388930" lon="120.3300510">
    <ele>18.8</ele>
    <time>2026-10-06T06:39:02Z</time>
   </trkpt>
   <trkpt lat="22.7388900" lon="120.3300490">
    <ele>18.8</ele>
    <time>2026-10-06T06:39:03Z</time>
   </trkpt>
   <trkpt lat="22.7388860" lon="120.3300490">
    <ele>18.8</ele>
    <time>2026-10-06T06:39:04Z</time>
   </trkpt>
   <trkpt lat="22.7388840" lon="120.3300480">
    <ele>18.8</ele>
    <time>2026-10-06T06:39:05Z</time>
   </trkpt>
   <trkpt lat="22.7388820" lon="120.3300480">
    <ele>18.8</ele>
    <time>2026-10-06T06:39:06Z</time>
   </trkpt>
   <trkpt lat="22.7388800" lon="120.3300480">
    <ele>18.8</ele>
    <time>2026-10-06T06:39:07Z</time>
   </trkpt>
   <trkpt lat="22.7388770" lon="120.3300440">
    <ele>18.8</ele>
    <time>2026-10-06T06:39:08Z</time>
   </trkpt>
   <trkpt lat="22.7388760" lon="120.3300380">
    <ele>18.8</ele>
    <time>2026-10-06T06:39:09Z</time>
   </trkpt>
   <trkpt lat="22.7388760" lon="120.3300300">
    <ele>18.9</ele>
    <time>2026-10-06T06:39:10Z</time>
   </trkpt>
   <trkpt lat="22.7388790" lon="120.3300230">
    <ele>18.9</ele>
    <time>2026-10-06T06:39:11Z</time>
   </trkpt>
   <trkpt lat="22.7388870" lon="120.3300200">
    <ele>18.9</ele>
    <time>2026-10-06T06:39:12Z</time>
   </trkpt>
   <trkpt lat="22.7388900" lon="120.3300150">
    <ele>18.9</ele>
    <time>2026-10-06T06:39:13Z</time>
   </trkpt>
   <trkpt lat="22.7388910" lon="120.3300170">
    <ele>18.9</ele>
    <time>2026-10-06T06:39:14Z</time>
   </trkpt>
   <trkpt lat="22.7388900" lon="120.3300150">
    <ele>18.9</ele>
    <time>2026-10-06T06:39:15Z</time>
   </trkpt>
   <trkpt lat="22.7388900" lon="120.3300130">
    <ele>18.9</ele>
    <time>2026-10-06T06:39:16Z</time>
   </trkpt>
   <trkpt lat="22.7388890" lon="120.3300120">
    <ele>18.9</ele>
    <time>2026-10-06T06:39:17Z</time>
   </trkpt>
   <trkpt lat="22.7388870" lon="120.3300100">
    <ele>18.9</ele>
    <time>2026-10-06T06:39:18Z</time>
   </trkpt>
   <trkpt lat="22.7388840" lon="120.3300080">
    <ele>18.9</ele>
    <time>2026-10-06T06:39:19Z</time>
   </trkpt>
   <trkpt lat="22.7388810" lon="120.3300040">
    <ele>18.9</ele>
    <time>2026-10-06T06:39:20Z</time>
   </trkpt>
   <trkpt lat="22.7388790" lon="120.3299970">
    <ele>18.9</ele>
    <time>2026-10-06T06:39:21Z</time>
   </trkpt>
   <trkpt lat="22.7388790" lon="120.3299880">
    <ele>18.9</ele>
    <time>2026-10-06T06:39:22Z</time>
   </trkpt>
   <trkpt lat="22.7388840" lon="120.3299780">
    <ele>18.9</ele>
    <time>2026-10-06T06:39:24Z</time>
   </trkpt>
   <trkpt lat="22.7388870" lon="120.3299760">
    <ele>18.9</ele>
    <time>2026-10-06T06:39:25Z</time>
   </trkpt>
   <trkpt lat="22.7388870" lon="120.3299750">
    <ele>18.9</ele>
    <time>2026-10-06T06:39:26Z</time>
   </trkpt>
   <trkpt lat="22.7388850" lon="120.3299760">
    <ele>18.9</ele>
    <time>2026-10-06T06:39:27Z</time>
   </trkpt>
   <trkpt lat="22.7388810" lon="120.3299790">
    <ele>18.9</ele>
    <time>2026-10-06T06:39:28Z</time>
   </trkpt>
   <trkpt lat="22.7388780" lon="120.3299800">
    <ele>18.9</ele>
    <time>2026-10-06T06:39:29Z</time>
   </trkpt>
   <trkpt lat="22.7388760" lon="120.3299820">
    <ele>18.9</ele>
    <time>2026-10-06T06:39:30Z</time>
   </trkpt>
   <trkpt lat="22.7388730" lon="120.3299840">
    <ele>18.9</ele>
    <time>2026-10-06T06:39:31Z</time>
   </trkpt>
   <trkpt lat="22.7388700" lon="120.3299860">
    <ele>18.9</ele>
    <time>2026-10-06T06:39:32Z</time>
   </trkpt>
   <trkpt lat="22.7388670" lon="120.3299880">
    <ele>18.9</ele>
    <time>2026-10-06T06:39:33Z</time>
   </trkpt>
   <trkpt lat="22.7388660" lon="120.3299890">
    <ele>18.9</ele>
    <time>2026-10-06T06:39:34Z</time>
   </trkpt>
   <trkpt lat="22.7388650" lon="120.3299890">
    <ele>18.9</ele>
    <time>2026-10-06T06:39:35Z</time>
   </trkpt>
   <trkpt lat="22.7388630" lon="120.3299870">
    <ele>18.9</ele>
    <time>2026-10-06T06:39:36Z</time>
   </trkpt>
   <trkpt lat="22.7388610" lon="120.3299820">
    <ele>18.9</ele>
    <time>2026-10-06T06:39:37Z</time>
   </trkpt>
   <trkpt lat="22.7388600" lon="120.3299750">
    <ele>18.9</ele>
    <time>2026-10-06T06:39:38Z</time>
   </trkpt>
   <trkpt lat="22.7388590" lon="120.3299670">
    <ele>18.9</ele>
    <time>2026-10-06T06:39:39Z</time>
   </trkpt>
   <trkpt lat="22.7388630" lon="120.3299580">
    <ele>18.9</ele>
    <time>2026-10-06T06:39:40Z</time>
   </trkpt>
   <trkpt lat="22.7388690" lon="120.3299540">
    <ele>18.9</ele>
    <time>2026-10-06T06:39:41Z</time>
   </trkpt>
   <trkpt lat="22.7388740" lon="120.3299520">
    <ele>18.9</ele>
    <time>2026-10-06T06:39:42Z</time>
   </trkpt>
   <trkpt lat="22.7388750" lon="120.3299480">
    <ele>18.9</ele>
    <time>2026-10-06T06:39:43Z</time>
   </trkpt>
   <trkpt lat="22.7388730" lon="120.3299460">
    <ele>18.9</ele>
    <time>2026-10-06T06:39:44Z</time>
   </trkpt>
   <trkpt lat="22.7388710" lon="120.3299470">
    <ele>18.9</ele>
    <time>2026-10-06T06:39:45Z</time>
   </trkpt>
   <trkpt lat="22.7388690" lon="120.3299440">
    <ele>18.9</ele>
    <time>2026-10-06T06:39:46Z</time>
   </trkpt>
   <trkpt lat="22.7388650" lon="120.3299360">
    <ele>18.9</ele>
    <time>2026-10-06T06:39:47Z</time>
   </trkpt>
   <trkpt lat="22.7388650" lon="120.3299160">
    <ele>18.9</ele>
    <time>2026-10-06T06:39:49Z</time>
   </trkpt>
   <trkpt lat="22.7388690" lon="120.3299090">
    <ele>18.9</ele>
    <time>2026-10-06T06:39:50Z</time>
   </trkpt>
   <trkpt lat="22.7388730" lon="120.3299050">
    <ele>18.9</ele>
    <time>2026-10-06T06:39:51Z</time>
   </trkpt>
   <trkpt lat="22.7388760" lon="120.3299010">
    <ele>18.9</ele>
    <time>2026-10-06T06:39:52Z</time>
   </trkpt>
   <trkpt lat="22.7388720" lon="120.3298950">
    <ele>18.9</ele>
    <time>2026-10-06T06:39:53Z</time>
   </trkpt>
   <trkpt lat="22.7388660" lon="120.3298930">
    <ele>18.9</ele>
    <time>2026-10-06T06:39:54Z</time>
   </trkpt>
   <trkpt lat="22.7388610" lon="120.3298940">
    <ele>18.9</ele>
    <time>2026-10-06T06:39:55Z</time>
   </trkpt>
   <trkpt lat="22.7388570" lon="120.3298950">
    <ele>18.9</ele>
    <time>2026-10-06T06:39:56Z</time>
   </trkpt>
   <trkpt lat="22.7388540" lon="120.3298920">
    <ele>18.9</ele>
    <time>2026-10-06T06:39:57Z</time>
   </trkpt>
   <trkpt lat="22.7388510" lon="120.3298860">
    <ele>18.9</ele>
    <time>2026-10-06T06:39:58Z</time>
   </trkpt>
   <trkpt lat="22.7388480" lon="120.3298790">
    <ele>18.9</ele>
    <time>2026-10-06T06:39:59Z</time>
   </trkpt>
   <trkpt lat="22.7388450" lon="120.3298710">
    <ele>18.9</ele>
    <time>2026-10-06T06:40:00Z</time>
   </trkpt>
   <trkpt lat="22.7388450" lon="120.3298600">
    <ele>18.9</ele>
    <time>2026-10-06T06:40:01Z</time>
   </trkpt>
   <trkpt lat="22.7388460" lon="120.3298420">
    <ele>18.9</ele>
    <time>2026-10-06T06:40:02Z</time>
   </trkpt>
   <trkpt lat="22.7388490" lon="120.3298310">
    <ele>18.9</ele>
    <time>2026-10-06T06:40:03Z</time>
   </trkpt>
   <trkpt lat="22.7388530" lon="120.3298250">
    <ele>18.9</ele>
    <time>2026-10-06T06:40:04Z</time>
   </trkpt>
   <trkpt lat="22.7388590" lon="120.3298200">
    <ele>18.9</ele>
    <time>2026-10-06T06:40:05Z</time>
   </trkpt>
   <trkpt lat="22.7388560" lon="120.3298180">
    <ele>18.9</ele>
    <time>2026-10-06T06:40:06Z</time>
   </trkpt>
   <trkpt lat="22.7388420" lon="120.3298140">
    <ele>18.9</ele>
    <time>2026-10-06T06:40:07Z</time>
   </trkpt>
   <trkpt lat="22.7388390" lon="120.3298120">
    <ele>18.9</ele>
    <time>2026-10-06T06:40:08Z</time>
   </trkpt>
   <trkpt lat="22.7388370" lon="120.3298080">
    <ele>19.0</ele>
    <time>2026-10-06T06:40:09Z</time>
   </trkpt>
   <trkpt lat="22.7388360" lon="120.3298010">
    <ele>19.0</ele>
    <time>2026-10-06T06:40:10Z</time>
   </trkpt>
   <trkpt lat="22.7388360" lon="120.3297920">
    <ele>19.0</ele>
    <time>2026-10-06T06:40:11Z</time>
   </trkpt>
   <trkpt lat="22.7388380" lon="120.3297840">
    <ele>19.0</ele>
    <time>2026-10-06T06:40:12Z</time>
   </trkpt>
   <trkpt lat="22.7388430" lon="120.3297840">
    <ele>19.0</ele>
    <time>2026-10-06T06:40:14Z</time>
   </trkpt>
   <trkpt lat="22.7388490" lon="120.3297850">
    <ele>19.0</ele>
    <time>2026-10-06T06:40:15Z</time>
   </trkpt>
   <trkpt lat="22.7388530" lon="120.3297760">
    <ele>19.0</ele>
    <time>2026-10-06T06:40:17Z</time>
   </trkpt>
   <trkpt lat="22.7388510" lon="120.3297760">
    <ele>19.0</ele>
    <time>2026-10-06T06:40:18Z</time>
   </trkpt>
   <trkpt lat="22.7388470" lon="120.3297710">
    <ele>19.0</ele>
    <time>2026-10-06T06:40:19Z</time>
   </trkpt>
   <trkpt lat="22.7388390" lon="120.3297650">
    <ele>19.0</ele>
    <time>2026-10-06T06:40:20Z</time>
   </trkpt>
   <trkpt lat="22.7388330" lon="120.3297540">
    <ele>19.0</ele>
    <time>2026-10-06T06:40:21Z</time>
   </trkpt>
   <trkpt lat="22.7388310" lon="120.3297430">
    <ele>19.0</ele>
    <time>2026-10-06T06:40:22Z</time>
   </trkpt>
   <trkpt lat="22.7388330" lon="120.3297380">
    <ele>19.0</ele>
    <time>2026-10-06T06:40:24Z</time>
   </trkpt>
   <trkpt lat="22.7388290" lon="120.3297370">
    <ele>19.0</ele>
    <time>2026-10-06T06:40:25Z</time>
   </trkpt>
   <trkpt lat="22.7388200" lon="120.3297420">
    <ele>19.0</ele>
    <time>2026-10-06T06:40:26Z</time>
   </trkpt>
   <trkpt lat="22.7388130" lon="120.3297450">
    <ele>19.0</ele>
    <time>2026-10-06T06:40:28Z</time>
   </trkpt>
   <trkpt lat="22.7388100" lon="120.3297420">
    <ele>19.0</ele>
    <time>2026-10-06T06:40:29Z</time>
   </trkpt>
   <trkpt lat="22.7388080" lon="120.3297390">
    <ele>19.0</ele>
    <time>2026-10-06T06:40:30Z</time>
   </trkpt>
   <trkpt lat="22.7388060" lon="120.3297310">
    <ele>19.0</ele>
    <time>2026-10-06T06:40:31Z</time>
   </trkpt>
   <trkpt lat="22.7388080" lon="120.3297240">
    <ele>19.0</ele>
    <time>2026-10-06T06:40:32Z</time>
   </trkpt>
   <trkpt lat="22.7388120" lon="120.3297230">
    <ele>19.0</ele>
    <time>2026-10-06T06:40:33Z</time>
   </trkpt>
   <trkpt lat="22.7388150" lon="120.3297210">
    <ele>19.0</ele>
    <time>2026-10-06T06:40:34Z</time>
   </trkpt>
   <trkpt lat="22.7388170" lon="120.3297160">
    <ele>19.0</ele>
    <time>2026-10-06T06:40:35Z</time>
   </trkpt>
   <trkpt lat="22.7388160" lon="120.3297090">
    <ele>19.0</ele>
    <time>2026-10-06T06:40:36Z</time>
   </trkpt>
   <trkpt lat="22.7388130" lon="120.3297040">
    <ele>19.0</ele>
    <time>2026-10-06T06:40:37Z</time>
   </trkpt>
   <trkpt lat="22.7388090" lon="120.3297020">
    <ele>19.0</ele>
    <time>2026-10-06T06:40:39Z</time>
   </trkpt>
   <trkpt lat="22.7388020" lon="120.3297080">
    <ele>19.0</ele>
    <time>2026-10-06T06:40:40Z</time>
   </trkpt>
   <trkpt lat="22.7387980" lon="120.3297040">
    <ele>19.0</ele>
    <time>2026-10-06T06:40:41Z</time>
   </trkpt>
   <trkpt lat="22.7387940" lon="120.3296960">
    <ele>19.0</ele>
    <time>2026-10-06T06:40:42Z</time>
   </trkpt>
   <trkpt lat="22.7387950" lon="120.3296860">
    <ele>19.0</ele>
    <time>2026-10-06T06:40:44Z</time>
   </trkpt>
   <trkpt lat="22.7388020" lon="120.3296810">
    <ele>19.0</ele>
    <time>2026-10-06T06:40:45Z</time>
   </trkpt>
   <trkpt lat="22.7388000" lon="120.3296760">
    <ele>19.0</ele>
    <time>2026-10-06T06:40:46Z</time>
   </trkpt>
   <trkpt lat="22.7387980" lon="120.3296730">
    <ele>19.0</ele>
    <time>2026-10-06T06:40:47Z</time>
   </trkpt>
   <trkpt lat="22.7387960" lon="120.3296740">
    <ele>19.0</ele>
    <time>2026-10-06T06:40:48Z</time>
   </trkpt>
   <trkpt lat="22.7387920" lon="120.3296720">
    <ele>19.0</ele>
    <time>2026-10-06T06:40:50Z</time>
   </trkpt>
   <trkpt lat="22.7387900" lon="120.3296690">
    <ele>19.0</ele>
    <time>2026-10-06T06:40:51Z</time>
   </trkpt>
   <trkpt lat="22.7387760" lon="120.3296550">
    <ele>19.0</ele>
    <time>2026-10-06T06:40:52Z</time>
   </trkpt>
   <trkpt lat="22.7387710" lon="120.3296450">
    <ele>19.0</ele>
    <time>2026-10-06T06:40:54Z</time>
   </trkpt>
   <trkpt lat="22.7387760" lon="120.3296390">
    <ele>19.0</ele>
    <time>2026-10-06T06:40:55Z</time>
   </trkpt>
   <trkpt lat="22.7387750" lon="120.3296330">
    <ele>19.0</ele>
    <time>2026-10-06T06:40:56Z</time>
   </trkpt>
   <trkpt lat="22.7387710" lon="120.3296310">
    <ele>19.0</ele>
    <time>2026-10-06T06:40:57Z</time>
   </trkpt>
   <trkpt lat="22.7387680" lon="120.3296320">
    <ele>19.0</ele>
    <time>2026-10-06T06:40:58Z</time>
   </trkpt>
   <trkpt lat="22.7387660" lon="120.3296320">
    <ele>19.0</ele>
    <time>2026-10-06T06:41:00Z</time>
   </trkpt>
   <trkpt lat="22.7387590" lon="120.3296310">
    <ele>19.0</ele>
    <time>2026-10-06T06:41:01Z</time>
   </trkpt>
   <trkpt lat="22.7387510" lon="120.3296160">
    <ele>19.0</ele>
    <time>2026-10-06T06:41:02Z</time>
   </trkpt>
   <trkpt lat="22.7387440" lon="120.3296090">
    <ele>19.0</ele>
    <time>2026-10-06T06:41:03Z</time>
   </trkpt>
   <trkpt lat="22.7387350" lon="120.3296020">
    <ele>19.0</ele>
    <time>2026-10-06T06:41:04Z</time>
   </trkpt>
   <trkpt lat="22.7387250" lon="120.3295940">
    <ele>19.1</ele>
    <time>2026-10-06T06:41:05Z</time>
   </trkpt>
   <trkpt lat="22.7387170" lon="120.3295810">
    <ele>19.1</ele>
    <time>2026-10-06T06:41:06Z</time>
   </trkpt>
   <trkpt lat="22.7387180" lon="120.3295660">
    <ele>19.1</ele>
    <time>2026-10-06T06:41:07Z</time>
   </trkpt>
   <trkpt lat="22.7387220" lon="120.3295570">
    <ele>19.1</ele>
    <time>2026-10-06T06:41:08Z</time>
   </trkpt>
   <trkpt lat="22.7387230" lon="120.3295380">
    <ele>19.1</ele>
    <time>2026-10-06T06:41:10Z</time>
   </trkpt>
   <trkpt lat="22.7387150" lon="120.3295280">
    <ele>19.1</ele>
    <time>2026-10-06T06:41:11Z</time>
   </trkpt>
   <trkpt lat="22.7387090" lon="120.3295180">
    <ele>19.1</ele>
    <time>2026-10-06T06:41:13Z</time>
   </trkpt>
   <trkpt lat="22.7387000" lon="120.3295030">
    <ele>19.1</ele>
    <time>2026-10-06T06:41:14Z</time>
   </trkpt>
   <trkpt lat="22.7386960" lon="120.3294940">
    <ele>19.1</ele>
    <time>2026-10-06T06:41:15Z</time>
   </trkpt>
   <trkpt lat="22.7386890" lon="120.3294850">
    <ele>19.1</ele>
    <time>2026-10-06T06:41:16Z</time>
   </trkpt>
   <trkpt lat="22.7386810" lon="120.3294740">
    <ele>19.1</ele>
    <time>2026-10-06T06:41:18Z</time>
   </trkpt>
   <trkpt lat="22.7386760" lon="120.3294630">
    <ele>19.1</ele>
    <time>2026-10-06T06:41:19Z</time>
   </trkpt>
   <trkpt lat="22.7386610" lon="120.3294520">
    <ele>19.1</ele>
    <time>2026-10-06T06:41:20Z</time>
   </trkpt>
   <trkpt lat="22.7386520" lon="120.3294420">
    <ele>19.1</ele>
    <time>2026-10-06T06:41:21Z</time>
   </trkpt>
   <trkpt lat="22.7386440" lon="120.3294300">
    <ele>19.1</ele>
    <time>2026-10-06T06:41:22Z</time>
   </trkpt>
   <trkpt lat="22.7386380" lon="120.3294170">
    <ele>19.1</ele>
    <time>2026-10-06T06:41:24Z</time>
   </trkpt>
   <trkpt lat="22.7386210" lon="120.3294040">
    <ele>19.1</ele>
    <time>2026-10-06T06:41:25Z</time>
   </trkpt>
   <trkpt lat="22.7386120" lon="120.3293920">
    <ele>19.1</ele>
    <time>2026-10-06T06:41:27Z</time>
   </trkpt>
   <trkpt lat="22.7386060" lon="120.3293790">
    <ele>19.1</ele>
    <time>2026-10-06T06:41:28Z</time>
   </trkpt>
   <trkpt lat="22.7386010" lon="120.3293640">
    <ele>19.1</ele>
    <time>2026-10-06T06:41:29Z</time>
   </trkpt>
   <trkpt lat="22.7385940" lon="120.3293550">
    <ele>19.1</ele>
    <time>2026-10-06T06:41:30Z</time>
   </trkpt>
   <trkpt lat="22.7385820" lon="120.3293450">
    <ele>19.1</ele>
    <time>2026-10-06T06:41:31Z</time>
   </trkpt>
   <trkpt lat="22.7385730" lon="120.3293370">
    <ele>19.1</ele>
    <time>2026-10-06T06:41:32Z</time>
   </trkpt>
   <trkpt lat="22.7385640" lon="120.3293310">
    <ele>19.1</ele>
    <time>2026-10-06T06:41:33Z</time>
   </trkpt>
   <trkpt lat="22.7385550" lon="120.3293230">
    <ele>19.2</ele>
    <time>2026-10-06T06:41:34Z</time>
   </trkpt>
   <trkpt lat="22.7385470" lon="120.3293150">
    <ele>19.2</ele>
    <time>2026-10-06T06:41:35Z</time>
   </trkpt>
   <trkpt lat="22.7385390" lon="120.3293090">
    <ele>19.2</ele>
    <time>2026-10-06T06:41:36Z</time>
   </trkpt>
   <trkpt lat="22.7385310" lon="120.3293020">
    <ele>19.2</ele>
    <time>2026-10-06T06:41:37Z</time>
   </trkpt>
   <trkpt lat="22.7385230" lon="120.3292920">
    <ele>19.2</ele>
    <time>2026-10-06T06:41:38Z</time>
   </trkpt>
   <trkpt lat="22.7385150" lon="120.3292840">
    <ele>19.2</ele>
    <time>2026-10-06T06:41:40Z</time>
   </trkpt>
   <trkpt lat="22.7384990" lon="120.3292740">
    <ele>19.2</ele>
    <time>2026-10-06T06:41:41Z</time>
   </trkpt>
   <trkpt lat="22.7384850" lon="120.3292710">
    <ele>19.2</ele>
    <time>2026-10-06T06:41:42Z</time>
   </trkpt>
   <trkpt lat="22.7384720" lon="120.3292750">
    <ele>19.2</ele>
    <time>2026-10-06T06:41:43Z</time>
   </trkpt>
   <trkpt lat="22.7384640" lon="120.3292820">
    <ele>19.2</ele>
    <time>2026-10-06T06:41:44Z</time>
   </trkpt>
   <trkpt lat="22.7384550" lon="120.3292930">
    <ele>19.2</ele>
    <time>2026-10-06T06:41:45Z</time>
   </trkpt>
   <trkpt lat="22.7384450" lon="120.3293000">
    <ele>19.2</ele>
    <time>2026-10-06T06:41:46Z</time>
   </trkpt>
   <trkpt lat="22.7384290" lon="120.3293120">
    <ele>19.2</ele>
    <time>2026-10-06T06:41:48Z</time>
   </trkpt>
   <trkpt lat="22.7384230" lon="120.3293170">
    <ele>19.2</ele>
    <time>2026-10-06T06:41:49Z</time>
   </trkpt>
   <trkpt lat="22.7384150" lon="120.3293240">
    <ele>19.2</ele>
    <time>2026-10-06T06:41:50Z</time>
   </trkpt>
   <trkpt lat="22.7384080" lon="120.3293270">
    <ele>19.2</ele>
    <time>2026-10-06T06:41:51Z</time>
   </trkpt>
   <trkpt lat="22.7383980" lon="120.3293310">
    <ele>19.2</ele>
    <time>2026-10-06T06:41:52Z</time>
   </trkpt>
   <trkpt lat="22.7383880" lon="120.3293350">
    <ele>19.2</ele>
    <time>2026-10-06T06:41:53Z</time>
   </trkpt>
  </trkseg>
 </trk>
</gpx>
